sku,unit,forecast_horizon_qty,supplier_id,as_of,horizon_days,forecast_status,assumption
0000352,шт,,IEK,2026-09-23,35,insufficient_history,uniform_within_month;recursive_future_months;not_35day_backtested
010300001_,шт,24.01890311726448,IEK,2026-09-23,35,approximate,uniform_within_month;recursive_future_months;not_35day_backtested
010300002_,шт,202.68617393568036,IEK,2026-09-23,35,approximate,uniform_within_month;recursive_future_months;not_35day_backtested
010300003_,шт,125.74339202958134,IEK,2026-09-23,35,approximate,uniform_within_month;recursive_future_months;not_35day_backtested
010300004_,шт,18.504580121425505,IEK,2026-09-23,35,approximate,uniform_within_month;recursive_future_months;not_35day_backtested
010300005_,шт,80.03530366567897,IEK,2026-09-23,35,approximate,uniform_within_month;recursive_future_months;not_35day_backtested
010300006_,шт,249.87129195729352,IEK,2026-09-23,35,approximate,uniform_within_month;recursive_future_months;not_35day_backtested
010300007_,шт,59.298170872841226,IEK,2026-09-23,35,approximate,uniform_within_month;recursive_future_months;not_35day_backtested
010300008_,шт,29.337236217326662,IEK,2026-09-23,35,approximate,uniform_within_month;recursive_future_months;not_35day_backtested
010300009_,шт,24.408932746885213,IEK,2026-09-23,35,approximate,uniform_within_month;recursive_future_months;not_35day_backtested
010300010_,шт,25.547218144894746,IEK,2026-09-23,35,approximate,uniform_within_month;recursive_future_months;not_35day_backtested
010300011_,шт,26.707066900709272,IEK,2026-09-23,35,approximate,uniform_within_month;recursive_future_months;not_35day_backtested
010300012_,шт,17.729304183744752,IEK,2026-09-23,35,approximate,uniform_within_month;recursive_future_months;not_35day_backtested
010300013_,шт,21.185614173551826,IEK,2026-09-23,35,approximate,uniform_within_month;recursive_future_months;not_35day_backtested
010300014_,шт,85.01921769786937,IEK,2026-09-23,35,approximate,uniform_within_month;recursive_future_months;not_35day_backtested
010300015_,шт,174.69170319025724,IEK,2026-09-23,35,approximate,uniform_within_month;recursive_future_months;not_35day_backtested
010300016_,шт,81.87362803162475,IEK,2026-09-23,35,approximate,uniform_within_month;recursive_future_months;not_35day_backtested
010300017_,шт,157.48564367168,IEK,2026-09-23,35,approximate,uniform_within_month;recursive_future_months;not_35day_backtested
010300018_,шт,29.90049282303481,IEK,2026-09-23,35,approximate,uniform_within_month;recursive_future_months;not_35day_backtested
010300019_,шт,16.354134189925663,IEK,2026-09-23,35,approximate,uniform_within_month;recursive_future_months;not_35day_backtested
010300020_,шт,15.908085332887895,IEK,2026-09-23,35,approximate,uniform_within_month;recursive_future_months;not_35day_backtested
010300021_,шт,27.449266463667012,IEK,2026-09-23,35,approximate,uniform_within_month;recursive_future_months;not_35day_backtested
010300023_,шт,21.130148737887733,IEK,2026-09-23,35,approximate,uniform_within_month;recursive_future_months;not_35day_backtested
010300024_,шт,2.0386398651919584,IEK,2026-09-23,35,approximate,uniform_within_month;recursive_future_months;not_35day_backtested
010300052_,шт,6.674662969882997,IEK,2026-09-23,35,approximate,uniform_within_month;recursive_future_months;not_35day_backtested
010300053_,шт,1174.1429010961745,IEK,2026-09-23,35,approximate,uniform_within_month;recursive_future_months;not_35day_backtested
010300057_,шт,154.2782891124887,IEK,2026-09-23,35,approximate,uniform_within_month;recursive_future_months;not_35day_backtested
010300066_,,,IEK,2026-09-23,35,insufficient_history,uniform_within_month;recursive_future_months;not_35day_backtested
010300068_,шт,2.0845270159952514,IEK,2026-09-23,35,approximate,uniform_within_month;recursive_future_months;not_35day_backtested
010300069_,шт,2.1510733181911075,IEK,2026-09-23,35,approximate,uniform_within_month;recursive_future_months;not_35day_backtested
010300074_,шт,81.41791032117915,IEK,2026-09-23,35,approximate,uniform_within_month;recursive_future_months;not_35day_backtested
010300075_,шт,984.1721085479595,IEK,2026-09-23,35,approximate,uniform_within_month;recursive_future_months;not_35day_backtested
010300094_,шт,17.941539060513726,IEK,2026-09-23,35,approximate,uniform_within_month;recursive_future_months;not_35day_backtested
010300095_,шт,158.41438751857726,IEK,2026-09-23,35,approximate,uniform_within_month;recursive_future_months;not_35day_backtested
010300096_,шт,369.97727251864296,IEK,2026-09-23,35,approximate,uniform_within_month;recursive_future_months;not_35day_backtested
010300103_,шт,3.0870155085626054,IEK,2026-09-23,35,approximate,uniform_within_month;recursive_future_months;not_35day_backtested
010300108_,шт,,IEK,2026-09-23,35,insufficient_history,uniform_within_month;recursive_future_months;not_35day_backtested
010300115_,шт,,IEK,2026-09-23,35,insufficient_history,uniform_within_month;recursive_future_months;not_35day_backtested
010300121_,шт,248.65745436376335,IEK,2026-09-23,35,approximate,uniform_within_month;recursive_future_months;not_35day_backtested
010300122_,шт,3.145150015362685,IEK,2026-09-23,35,approximate,uniform_within_month;recursive_future_months;not_35day_backtested
010300123_,шт,22.315128301876562,IEK,2026-09-23,35,approximate,uniform_within_month;recursive_future_months;not_35day_backtested
010300124_,шт,2.9139887161226956,IEK,2026-09-23,35,approximate,uniform_within_month;recursive_future_months;not_35day_backtested
010300125_,шт,3.946559912554812,IEK,2026-09-23,35,approximate,uniform_within_month;recursive_future_months;not_35day_backtested
010300127_,шт,8.211499531446895,IEK,2026-09-23,35,approximate,uniform_within_month;recursive_future_months;not_35day_backtested
010300130_,шт,,IEK,2026-09-23,35,insufficient_history,uniform_within_month;recursive_future_months;not_35day_backtested
010300131_,шт,2.8924880976145433,IEK,2026-09-23,35,approximate,uniform_within_month;recursive_future_months;not_35day_backtested
010300142_,шт,2.1743673473810947,IEK,2026-09-23,35,approximate,uniform_within_month;recursive_future_months;not_35day_backtested
010300144_,шт,,IEK,2026-09-23,35,insufficient_history,uniform_within_month;recursive_future_months;not_35day_backtested
010300150_,шт,4.0185620087900915,IEK,2026-09-23,35,approximate,uniform_within_month;recursive_future_months;not_35day_backtested
010300153_,шт,,IEK,2026-09-23,35,insufficient_history,uniform_within_month;recursive_future_months;not_35day_backtested
010300156_,шт,,IEK,2026-09-23,35,insufficient_history,uniform_within_month;recursive_future_months;not_35day_backtested
010300157_,шт,,IEK,2026-09-23,35,insufficient_history,uniform_within_month;recursive_future_months;not_35day_backtested
010300159_,шт,,IEK,2026-09-23,35,insufficient_history,uniform_within_month;recursive_future_months;not_35day_backtested
010300160_,шт,,IEK,2026-09-23,35,insufficient_history,uniform_within_month;recursive_future_months;not_35day_backtested
010300161_,шт,,IEK,2026-09-23,35,insufficient_history,uniform_within_month;recursive_future_months;not_35day_backtested
010300162_,шт,,IEK,2026-09-23,35,insufficient_history,uniform_within_month;recursive_future_months;not_35day_backtested
010300163_,шт,,IEK,2026-09-23,35,insufficient_history,uniform_within_month;recursive_future_months;not_35day_backtested
010300164_,,,IEK,2026-09-23,35,insufficient_history,uniform_within_month;recursive_future_months;not_35day_backtested
010300165_,шт,,IEK,2026-09-23,35,insufficient_history,uniform_within_month;recursive_future_months;not_35day_backtested
010300166_,шт,,IEK,2026-09-23,35,insufficient_history,uniform_within_month;recursive_future_months;not_35day_backtested
010300167_,шт,,IEK,2026-09-23,35,insufficient_history,uniform_within_month;recursive_future_months;not_35day_backtested
010300168_,шт,,IEK,2026-09-23,35,insufficient_history,uniform_within_month;recursive_future_months;not_35day_backtested
010300169_,шт,9.20068461744621,IEK,2026-09-23,35,approximate,uniform_within_month;recursive_future_months;not_35day_backtested
010300170_,,,IEK,2026-09-23,35,insufficient_history,uniform_within_month;recursive_future_months;not_35day_backtested
010300171_,шт,,IEK,2026-09-23,35,insufficient_history,uniform_within_month;recursive_future_months;not_35day_backtested
010300184_,шт,,IEK,2026-09-23,35,insufficient_history,uniform_within_month;recursive_future_months;not_35day_backtested
010300185_,шт,,IEK,2026-09-23,35,insufficient_history,uniform_within_month;recursive_future_months;not_35day_backtested
010300188_,шт,3.0852074800122247,IEK,2026-09-23,35,approximate,uniform_within_month;recursive_future_months;not_35day_backtested
010300189_,шт,,IEK,2026-09-23,35,insufficient_history,uniform_within_month;recursive_future_months;not_35day_backtested
010300191_,шт,,IEK,2026-09-23,35,insufficient_history,uniform_within_month;recursive_future_months;not_35day_backtested
010300200_,шт,,IEK,2026-09-23,35,insufficient_history,uniform_within_month;recursive_future_months;not_35day_backtested
010300239_,шт,4.744878347652027,IEK,2026-09-23,35,approximate,uniform_within_month;recursive_future_months;not_35day_backtested
010300242_,шт,6.924253788941087,IEK,2026-09-23,35,approximate,uniform_within_month;recursive_future_months;not_35day_backtested
010300250_,шт,,IEK,2026-09-23,35,insufficient_history,uniform_within_month;recursive_future_months;not_35day_backtested
010300251_,шт,2.21715803919482,IEK,2026-09-23,35,approximate,uniform_within_month;recursive_future_months;not_35day_backtested
010300252_,шт,3.0804096940605232,IEK,2026-09-23,35,approximate,uniform_within_month;recursive_future_months;not_35day_backtested
010400842_,шт,,IEK,2026-09-23,35,insufficient_history,uniform_within_month;recursive_future_months;not_35day_backtested
010400849_,шт,7.310780000382636,IEK,2026-09-23,35,approximate,uniform_within_month;recursive_future_months;not_35day_backtested
010400850_,шт,17.861587844490128,IEK,2026-09-23,35,approximate,uniform_within_month;recursive_future_months;not_35day_backtested
010400854_,шт,17.970471339274788,IEK,2026-09-23,35,approximate,uniform_within_month;recursive_future_months;not_35day_backtested
010400865_,шт,13.362753473876648,IEK,2026-09-23,35,approximate,uniform_within_month;recursive_future_months;not_35day_backtested
010400867_,шт,16.726663878928257,IEK,2026-09-23,35,approximate,uniform_within_month;recursive_future_months;not_35day_backtested
010400925_,шт,9.910096419772032,IEK,2026-09-23,35,approximate,uniform_within_month;recursive_future_months;not_35day_backtested
010400926_,шт,3.2804006587423387,IEK,2026-09-23,35,approximate,uniform_within_month;recursive_future_months;not_35day_backtested
010400927_,шт,10.681910984773983,IEK,2026-09-23,35,approximate,uniform_within_month;recursive_future_months;not_35day_backtested
010400928_,шт,9.244609490865255,IEK,2026-09-23,35,approximate,uniform_within_month;recursive_future_months;not_35day_backtested
010400929_,шт,8.085656363820041,IEK,2026-09-23,35,approximate,uniform_within_month;recursive_future_months;not_35day_backtested
010400930_,шт,2.8802514519695754,IEK,2026-09-23,35,approximate,uniform_within_month;recursive_future_months;not_35day_backtested
010400931_,шт,5.090663405187636,IEK,2026-09-23,35,approximate,uniform_within_month;recursive_future_months;not_35day_backtested
010400932_,шт,3.393019078698755,IEK,2026-09-23,35,approximate,uniform_within_month;recursive_future_months;not_35day_backtested
010400933_,шт,6.83839189140888,IEK,2026-09-23,35,approximate,uniform_within_month;recursive_future_months;not_35day_backtested
010400934_,шт,15.383409267205002,IEK,2026-09-23,35,approximate,uniform_within_month;recursive_future_months;not_35day_backtested
010400939_,шт,,IEK,2026-09-23,35,insufficient_history,uniform_within_month;recursive_future_months;not_35day_backtested
010400940_,шт,,IEK,2026-09-23,35,insufficient_history,uniform_within_month;recursive_future_months;not_35day_backtested
010400941_,шт,,IEK,2026-09-23,35,insufficient_history,uniform_within_month;recursive_future_months;not_35day_backtested
010400942_,шт,,IEK,2026-09-23,35,insufficient_history,uniform_within_month;recursive_future_months;not_35day_backtested
010400943_,шт,,IEK,2026-09-23,35,insufficient_history,uniform_within_month;recursive_future_months;not_35day_backtested
010400944_,шт,,IEK,2026-09-23,35,insufficient_history,uniform_within_month;recursive_future_months;not_35day_backtested
010400945_,шт,,IEK,2026-09-23,35,insufficient_history,uniform_within_month;recursive_future_months;not_35day_backtested
010400946_,шт,,IEK,2026-09-23,35,insufficient_history,uniform_within_month;recursive_future_months;not_35day_backtested
010400947_,шт,,IEK,2026-09-23,35,insufficient_history,uniform_within_month;recursive_future_months;not_35day_backtested
010400948_,шт,,IEK,2026-09-23,35,insufficient_history,uniform_within_month;recursive_future_months;not_35day_backtested
010400949_,шт,,IEK,2026-09-23,35,insufficient_history,uniform_within_month;recursive_future_months;not_35day_backtested
010400950_,шт,,IEK,2026-09-23,35,insufficient_history,uniform_within_month;recursive_future_months;not_35day_backtested
010400951_,шт,,IEK,2026-09-23,35,insufficient_history,uniform_within_month;recursive_future_months;not_35day_backtested
010400952_,шт,,IEK,2026-09-23,35,insufficient_history,uniform_within_month;recursive_future_months;not_35day_backtested
010400953_,шт,,IEK,2026-09-23,35,insufficient_history,uniform_within_month;recursive_future_months;not_35day_backtested
010400954_,шт,,IEK,2026-09-23,35,insufficient_history,uniform_within_month;recursive_future_months;not_35day_backtested
010400955_,шт,,IEK,2026-09-23,35,insufficient_history,uniform_within_month;recursive_future_months;not_35day_backtested
010400956_,шт,,IEK,2026-09-23,35,insufficient_history,uniform_within_month;recursive_future_months;not_35day_backtested
010400957_,шт,,IEK,2026-09-23,35,insufficient_history,uniform_within_month;recursive_future_months;not_35day_backtested
010400958_,шт,,IEK,2026-09-23,35,insufficient_history,uniform_within_month;recursive_future_months;not_35day_backtested
010500001_,шт,35.785142368775226,IEK,2026-09-23,35,approximate,uniform_within_month;recursive_future_months;not_35day_backtested
010500002_,шт,,IEK,2026-09-23,35,insufficient_history,uniform_within_month;recursive_future_months;not_35day_backtested
010500003_,шт,37.844813149997506,IEK,2026-09-23,35,approximate,uniform_within_month;recursive_future_months;not_35day_backtested
010500004_,шт,1722.3118988887222,IEK,2026-09-23,35,approximate,uniform_within_month;recursive_future_months;not_35day_backtested
010500005_,шт,3891.479427821809,IEK,2026-09-23,35,approximate,uniform_within_month;recursive_future_months;not_35day_backtested
010500006_,шт,29690.79954910055,IEK,2026-09-23,35,approximate,uniform_within_month;recursive_future_months;not_35day_backtested
010500007_,шт,882.6748882900106,IEK,2026-09-23,35,approximate,uniform_within_month;recursive_future_months;not_35day_backtested
010500008_,шт,18946.811059559863,IEK,2026-09-23,35,approximate,uniform_within_month;recursive_future_months;not_35day_backtested
010500009_,шт,3827.280306905795,IEK,2026-09-23,35,approximate,uniform_within_month;recursive_future_months;not_35day_backtested
010500010_,шт,871.4234623670695,IEK,2026-09-23,35,approximate,uniform_within_month;recursive_future_months;not_35day_backtested
010500011_,шт,330.5888850995351,IEK,2026-09-23,35,approximate,uniform_within_month;recursive_future_months;not_35day_backtested
010500012_,шт,576.1952860766569,IEK,2026-09-23,35,approximate,uniform_within_month;recursive_future_months;not_35day_backtested
010500014_,,,IEK,2026-09-23,35,insufficient_history,uniform_within_month;recursive_future_months;not_35day_backtested
010500015_,,,IEK,2026-09-23,35,insufficient_history,uniform_within_month;recursive_future_months;not_35day_backtested
010500017_,шт,8.340429922734362,IEK,2026-09-23,35,approximate,uniform_within_month;recursive_future_months;not_35day_backtested
010500018_,шт,304.66232071456307,IEK,2026-09-23,35,approximate,uniform_within_month;recursive_future_months;not_35day_backtested
010500019_,шт,2989.1324278054162,IEK,2026-09-23,35,approximate,uniform_within_month;recursive_future_months;not_35day_backtested
010500020_,шт,65.3679687162513,IEK,2026-09-23,35,approximate,uniform_within_month;recursive_future_months;not_35day_backtested
010500021_,шт,5812.138917371266,IEK,2026-09-23,35,approximate,uniform_within_month;recursive_future_months;not_35day_backtested
010500022_,шт,1443.0396215529427,IEK,2026-09-23,35,approximate,uniform_within_month;recursive_future_months;not_35day_backtested
010500023_,шт,796.376744590284,IEK,2026-09-23,35,approximate,uniform_within_month;recursive_future_months;not_35day_backtested
010500024_,шт,307.039758216868,IEK,2026-09-23,35,approximate,uniform_within_month;recursive_future_months;not_35day_backtested
010500025_,шт,459.3526959168046,IEK,2026-09-23,35,approximate,uniform_within_month;recursive_future_months;not_35day_backtested
010500027_,,,IEK,2026-09-23,35,insufficient_history,uniform_within_month;recursive_future_months;not_35day_backtested
010500028_,,,IEK,2026-09-23,35,insufficient_history,uniform_within_month;recursive_future_months;not_35day_backtested
010500029_,шт,4.337661805215472,IEK,2026-09-23,35,approximate,uniform_within_month;recursive_future_months;not_35day_backtested
010500030_,шт,10.699792064618457,IEK,2026-09-23,35,approximate,uniform_within_month;recursive_future_months;not_35day_backtested
010500031_,шт,36.686823785877195,IEK,2026-09-23,35,approximate,uniform_within_month;recursive_future_months;not_35day_backtested
010500032_,шт,141.2245873431675,IEK,2026-09-23,35,approximate,uniform_within_month;recursive_future_months;not_35day_backtested
010500033_,шт,1022.4386299786659,IEK,2026-09-23,35,approximate,uniform_within_month;recursive_future_months;not_35day_backtested
010500034_,шт,106.79738896204228,IEK,2026-09-23,35,approximate,uniform_within_month;recursive_future_months;not_35day_backtested
010500035_,шт,2069.28735281566,IEK,2026-09-23,35,approximate,uniform_within_month;recursive_future_months;not_35day_backtested
010500036_,шт,1794.8806511707014,IEK,2026-09-23,35,approximate,uniform_within_month;recursive_future_months;not_35day_backtested
010500037_,шт,1023.0253893626423,IEK,2026-09-23,35,approximate,uniform_within_month;recursive_future_months;not_35day_backtested
010500038_,шт,493.11190015172855,IEK,2026-09-23,35,approximate,uniform_within_month;recursive_future_months;not_35day_backtested
010500039_,шт,1572.0961664105364,IEK,2026-09-23,35,approximate,uniform_within_month;recursive_future_months;not_35day_backtested
010500040_,шт,19.289105585123323,IEK,2026-09-23,35,approximate,uniform_within_month;recursive_future_months;not_35day_backtested
010500041_,шт,12.588840569986889,IEK,2026-09-23,35,approximate,uniform_within_month;recursive_future_months;not_35day_backtested
010500042_,шт,28.09816411426315,IEK,2026-09-23,35,approximate,uniform_within_month;recursive_future_months;not_35day_backtested
010500044_,шт,23.142910302396025,IEK,2026-09-23,35,approximate,uniform_within_month;recursive_future_months;not_35day_backtested
010500045_,,,IEK,2026-09-23,35,insufficient_history,uniform_within_month;recursive_future_months;not_35day_backtested
010500046_,шт,10.52643861215953,IEK,2026-09-23,35,approximate,uniform_within_month;recursive_future_months;not_35day_backtested
010500047_,шт,7.805611840453259,IEK,2026-09-23,35,approximate,uniform_within_month;recursive_future_months;not_35day_backtested
010500048_,шт,63.51069140144416,IEK,2026-09-23,35,approximate,uniform_within_month;recursive_future_months;not_35day_backtested
010500050_,шт,3.1456259224463956,IEK,2026-09-23,35,approximate,uniform_within_month;recursive_future_months;not_35day_backtested
010500053_,шт,5.918736309833985,IEK,2026-09-23,35,approximate,uniform_within_month;recursive_future_months;not_35day_backtested
010500054_,шт,17.908836651999334,IEK,2026-09-23,35,approximate,uniform_within_month;recursive_future_months;not_35day_backtested
010500063_,шт,14.164476835262148,IEK,2026-09-23,35,approximate,uniform_within_month;recursive_future_months;not_35day_backtested
010500068_,шт,8.786166472003359,IEK,2026-09-23,35,approximate,uniform_within_month;recursive_future_months;not_35day_backtested
010500082_,шт,2.534642412489566,IEK,2026-09-23,35,approximate,uniform_within_month;recursive_future_months;not_35day_backtested
010500090_,шт,13.326766168124301,IEK,2026-09-23,35,approximate,uniform_within_month;recursive_future_months;not_35day_backtested
010500091_,шт,2.6465370803449124,IEK,2026-09-23,35,approximate,uniform_within_month;recursive_future_months;not_35day_backtested
010500092_,шт,18.006063412141508,IEK,2026-09-23,35,approximate,uniform_within_month;recursive_future_months;not_35day_backtested
010500093_,шт,20.137063863051942,IEK,2026-09-23,35,approximate,uniform_within_month;recursive_future_months;not_35day_backtested
010500094_,шт,19.165523685650946,IEK,2026-09-23,35,approximate,uniform_within_month;recursive_future_months;not_35day_backtested
010500095_,шт,30.180010861837825,IEK,2026-09-23,35,approximate,uniform_within_month;recursive_future_months;not_35day_backtested
010500101_,шт,15.631286753994704,IEK,2026-09-23,35,approximate,uniform_within_month;recursive_future_months;not_35day_backtested
010500102_,шт,27.04208983711205,IEK,2026-09-23,35,approximate,uniform_within_month;recursive_future_months;not_35day_backtested
010500103_,шт,285.62179877990474,IEK,2026-09-23,35,approximate,uniform_within_month;recursive_future_months;not_35day_backtested
010500110_,,,IEK,2026-09-23,35,insufficient_history,uniform_within_month;recursive_future_months;not_35day_backtested
010500111_,шт,16.120683223622983,IEK,2026-09-23,35,approximate,uniform_within_month;recursive_future_months;not_35day_backtested
010500122_,шт,113.16464449606784,IEK,2026-09-23,35,approximate,uniform_within_month;recursive_future_months;not_35day_backtested
010500123_,шт,10.357230808945673,IEK,2026-09-23,35,approximate,uniform_within_month;recursive_future_months;not_35day_backtested
010500124_,шт,38.393055787406595,IEK,2026-09-23,35,approximate,uniform_within_month;recursive_future_months;not_35day_backtested
010500129_,шт,,IEK,2026-09-23,35,insufficient_history,uniform_within_month;recursive_future_months;not_35day_backtested
010500136_,шт,,IEK,2026-09-23,35,insufficient_history,uniform_within_month;recursive_future_months;not_35day_backtested
010500137_,шт,,IEK,2026-09-23,35,insufficient_history,uniform_within_month;recursive_future_months;not_35day_backtested
010500138_,шт,15.996619175740266,IEK,2026-09-23,35,approximate,uniform_within_month;recursive_future_months;not_35day_backtested
010500139_,шт,151.81335615599087,IEK,2026-09-23,35,approximate,uniform_within_month;recursive_future_months;not_35day_backtested
010500140_,,,IEK,2026-09-23,35,insufficient_history,uniform_within_month;recursive_future_months;not_35day_backtested
010500141_,шт,,IEK,2026-09-23,35,insufficient_history,uniform_within_month;recursive_future_months;not_35day_backtested
010500142_,,,IEK,2026-09-23,35,insufficient_history,uniform_within_month;recursive_future_months;not_35day_backtested
010500143_,шт,,IEK,2026-09-23,35,insufficient_history,uniform_within_month;recursive_future_months;not_35day_backtested
010500144_,,,IEK,2026-09-23,35,insufficient_history,uniform_within_month;recursive_future_months;not_35day_backtested
010500145_,шт,27.38272655115203,IEK,2026-09-23,35,approximate,uniform_within_month;recursive_future_months;not_35day_backtested
010500147_,шт,,IEK,2026-09-23,35,insufficient_history,uniform_within_month;recursive_future_months;not_35day_backtested
010500148_,шт,3.3522961678888414,IEK,2026-09-23,35,approximate,uniform_within_month;recursive_future_months;not_35day_backtested
010500149_,шт,,IEK,2026-09-23,35,insufficient_history,uniform_within_month;recursive_future_months;not_35day_backtested
010500150_,шт,,IEK,2026-09-23,35,insufficient_history,uniform_within_month;recursive_future_months;not_35day_backtested
010500151_,шт,,IEK,2026-09-23,35,insufficient_history,uniform_within_month;recursive_future_months;not_35day_backtested
010500152_,шт,,IEK,2026-09-23,35,insufficient_history,uniform_within_month;recursive_future_months;not_35day_backtested
010500153_,шт,,IEK,2026-09-23,35,insufficient_history,uniform_within_month;recursive_future_months;not_35day_backtested
010500154_,,,IEK,2026-09-23,35,insufficient_history,uniform_within_month;recursive_future_months;not_35day_backtested
010500156_,шт,,IEK,2026-09-23,35,insufficient_history,uniform_within_month;recursive_future_months;not_35day_backtested
010500157_,шт,,IEK,2026-09-23,35,insufficient_history,uniform_within_month;recursive_future_months;not_35day_backtested
010500158_,,,IEK,2026-09-23,35,insufficient_history,uniform_within_month;recursive_future_months;not_35day_backtested
010500159_,,,IEK,2026-09-23,35,insufficient_history,uniform_within_month;recursive_future_months;not_35day_backtested
010500160_,шт,,IEK,2026-09-23,35,insufficient_history,uniform_within_month;recursive_future_months;not_35day_backtested
010500161_,,,IEK,2026-09-23,35,insufficient_history,uniform_within_month;recursive_future_months;not_35day_backtested
010500162_,шт,,IEK,2026-09-23,35,insufficient_history,uniform_within_month;recursive_future_months;not_35day_backtested
010500163_,шт,,IEK,2026-09-23,35,insufficient_history,uniform_within_month;recursive_future_months;not_35day_backtested
010500187_,шт,4.273986943992828,IEK,2026-09-23,35,approximate,uniform_within_month;recursive_future_months;not_35day_backtested
010500188_,шт,5.119015136784889,IEK,2026-09-23,35,approximate,uniform_within_month;recursive_future_months;not_35day_backtested
010700001_,шт,69.63191149285788,IEK,2026-09-23,35,approximate,uniform_within_month;recursive_future_months;not_35day_backtested
010700002_,шт,418.4573177515809,IEK,2026-09-23,35,approximate,uniform_within_month;recursive_future_months;not_35day_backtested
010700003_,шт,153.8565387262434,IEK,2026-09-23,35,approximate,uniform_within_month;recursive_future_months;not_35day_backtested
010700016_,шт,,IEK,2026-09-23,35,insufficient_history,uniform_within_month;recursive_future_months;not_35day_backtested
010700021_,шт,4.3412159038102915,IEK,2026-09-23,35,approximate,uniform_within_month;recursive_future_months;not_35day_backtested
010700029_,шт,21.3131874280313,IEK,2026-09-23,35,approximate,uniform_within_month;recursive_future_months;not_35day_backtested
010700030_,шт,29.506737843644032,IEK,2026-09-23,35,approximate,uniform_within_month;recursive_future_months;not_35day_backtested
010700031_,шт,22.54397600101111,IEK,2026-09-23,35,approximate,uniform_within_month;recursive_future_months;not_35day_backtested
010700032_,шт,20.15512382973393,IEK,2026-09-23,35,approximate,uniform_within_month;recursive_future_months;not_35day_backtested
010700036_,шт,,IEK,2026-09-23,35,insufficient_history,uniform_within_month;recursive_future_months;not_35day_backtested
010700037_,шт,,IEK,2026-09-23,35,insufficient_history,uniform_within_month;recursive_future_months;not_35day_backtested
010700041_,шт,4.273986943992828,IEK,2026-09-23,35,approximate,uniform_within_month;recursive_future_months;not_35day_backtested
010700042_,шт,4.072422832337629,IEK,2026-09-23,35,approximate,uniform_within_month;recursive_future_months;not_35day_backtested
010700043_,шт,4.845346507903907,IEK,2026-09-23,35,approximate,uniform_within_month;recursive_future_months;not_35day_backtested
010700044_,шт,4.072422832337629,IEK,2026-09-23,35,approximate,uniform_within_month;recursive_future_months;not_35day_backtested
010700045_,шт,2.7158681832147717,IEK,2026-09-23,35,approximate,uniform_within_month;recursive_future_months;not_35day_backtested
010700046_,шт,1.8456125186502585,IEK,2026-09-23,35,approximate,uniform_within_month;recursive_future_months;not_35day_backtested
010700047_,шт,,IEK,2026-09-23,35,insufficient_history,uniform_within_month;recursive_future_months;not_35day_backtested
010700048_,шт,,IEK,2026-09-23,35,insufficient_history,uniform_within_month;recursive_future_months;not_35day_backtested
010700049_,шт,,IEK,2026-09-23,35,insufficient_history,uniform_within_month;recursive_future_months;not_35day_backtested
010700055_,шт,2.61615708274701,IEK,2026-09-23,35,approximate,uniform_within_month;recursive_future_months;not_35day_backtested
010700057_,,,IEK,2026-09-23,35,insufficient_history,uniform_within_month;recursive_future_months;not_35day_backtested
010700058_,шт,,IEK,2026-09-23,35,insufficient_history,uniform_within_month;recursive_future_months;not_35day_backtested
010700059_,шт,,IEK,2026-09-23,35,insufficient_history,uniform_within_month;recursive_future_months;not_35day_backtested
010700068_,шт,3.119742170605979,IEK,2026-09-23,35,approximate,uniform_within_month;recursive_future_months;not_35day_backtested
010700071_,шт,3.6066899177872225,IEK,2026-09-23,35,approximate,uniform_within_month;recursive_future_months;not_35day_backtested
010700081_,,,IEK,2026-09-23,35,insufficient_history,uniform_within_month;recursive_future_months;not_35day_backtested
010700082_,,,IEK,2026-09-23,35,insufficient_history,uniform_within_month;recursive_future_months;not_35day_backtested
010700084_,шт,3.2527711473384864,IEK,2026-09-23,35,approximate,uniform_within_month;recursive_future_months;not_35day_backtested
010700102_,шт,40.602514156889825,IEK,2026-09-23,35,approximate,uniform_within_month;recursive_future_months;not_35day_backtested
010700103_,шт,7.116188371315985,IEK,2026-09-23,35,approximate,uniform_within_month;recursive_future_months;not_35day_backtested
010700118_,шт,7.321091547158418,IEK,2026-09-23,35,approximate,uniform_within_month;recursive_future_months;not_35day_backtested
010700133_,шт,31.880484179084164,IEK,2026-09-23,35,approximate,uniform_within_month;recursive_future_months;not_35day_backtested
010700134_,шт,66.12124281785393,IEK,2026-09-23,35,approximate,uniform_within_month;recursive_future_months;not_35day_backtested
010700135_,шт,113.84654610429945,IEK,2026-09-23,35,approximate,uniform_within_month;recursive_future_months;not_35day_backtested
010700136_,шт,9.498571206445426,IEK,2026-09-23,35,approximate,uniform_within_month;recursive_future_months;not_35day_backtested
010700137_,шт,51.93140000317238,IEK,2026-09-23,35,approximate,uniform_within_month;recursive_future_months;not_35day_backtested
010700138_,шт,9.480606263003875,IEK,2026-09-23,35,approximate,uniform_within_month;recursive_future_months;not_35day_backtested
010700139_,шт,1.9153144216363982,IEK,2026-09-23,35,approximate,uniform_within_month;recursive_future_months;not_35day_backtested
010700140_,шт,,IEK,2026-09-23,35,insufficient_history,uniform_within_month;recursive_future_months;not_35day_backtested
010700141_,шт,3.0852074800122247,IEK,2026-09-23,35,approximate,uniform_within_month;recursive_future_months;not_35day_backtested
010700142_,шт,,IEK,2026-09-23,35,insufficient_history,uniform_within_month;recursive_future_months;not_35day_backtested
010700143_,шт,2.028284108203245,IEK,2026-09-23,35,approximate,uniform_within_month;recursive_future_months;not_35day_backtested
010700144_,шт,3.5815432101358935,IEK,2026-09-23,35,approximate,uniform_within_month;recursive_future_months;not_35day_backtested
010700145_,шт,,IEK,2026-09-23,35,insufficient_history,uniform_within_month;recursive_future_months;not_35day_backtested
010700146_,шт,5.203376957209867,IEK,2026-09-23,35,approximate,uniform_within_month;recursive_future_months;not_35day_backtested
010700147_,шт,5.17636366777113,IEK,2026-09-23,35,approximate,uniform_within_month;recursive_future_months;not_35day_backtested
010700148_,шт,4.6452398341024885,IEK,2026-09-23,35,approximate,uniform_within_month;recursive_future_months;not_35day_backtested
010700149_,шт,3.0243019072873327,IEK,2026-09-23,35,approximate,uniform_within_month;recursive_future_months;not_35day_backtested
010700150_,шт,2.8119796516496414,IEK,2026-09-23,35,approximate,uniform_within_month;recursive_future_months;not_35day_backtested
010700151_,шт,,IEK,2026-09-23,35,insufficient_history,uniform_within_month;recursive_future_months;not_35day_backtested
010700152_,шт,21.850190374380638,IEK,2026-09-23,35,approximate,uniform_within_month;recursive_future_months;not_35day_backtested
010700153_,шт,13.27187242777022,IEK,2026-09-23,35,approximate,uniform_within_month;recursive_future_months;not_35day_backtested
010700154_,шт,2.359267907796311,IEK,2026-09-23,35,approximate,uniform_within_month;recursive_future_months;not_35day_backtested
010700155_,шт,15.285385167452244,IEK,2026-09-23,35,approximate,uniform_within_month;recursive_future_months;not_35day_backtested
010700156_,шт,8.997328917265499,IEK,2026-09-23,35,approximate,uniform_within_month;recursive_future_months;not_35day_backtested
010700158_,шт,6.02065110307175,IEK,2026-09-23,35,approximate,uniform_within_month;recursive_future_months;not_35day_backtested
010700159_,шт,3.751609463126072,IEK,2026-09-23,35,approximate,uniform_within_month;recursive_future_months;not_35day_backtested
010700160_,шт,10.442705099922717,IEK,2026-09-23,35,approximate,uniform_within_month;recursive_future_months;not_35day_backtested
010700161_,шт,3.7050282626817053,IEK,2026-09-23,35,approximate,uniform_within_month;recursive_future_months;not_35day_backtested
010700162_,шт,2.5319098397784643,IEK,2026-09-23,35,approximate,uniform_within_month;recursive_future_months;not_35day_backtested
010700163_,шт,7.13547797480563,IEK,2026-09-23,35,approximate,uniform_within_month;recursive_future_months;not_35day_backtested
010700164_,шт,2.5536710325142287,IEK,2026-09-23,35,approximate,uniform_within_month;recursive_future_months;not_35day_backtested
010700165_,шт,3.30282299820395,IEK,2026-09-23,35,approximate,uniform_within_month;recursive_future_months;not_35day_backtested
010700166_,шт,4.895629475023195,IEK,2026-09-23,35,approximate,uniform_within_month;recursive_future_months;not_35day_backtested
010700167_,шт,,IEK,2026-09-23,35,insufficient_history,uniform_within_month;recursive_future_months;not_35day_backtested
010700168_,шт,3.5243540764936814,IEK,2026-09-23,35,approximate,uniform_within_month;recursive_future_months;not_35day_backtested
010700169_,шт,4.802099646521328,IEK,2026-09-23,35,approximate,uniform_within_month;recursive_future_months;not_35day_backtested
010700170_,шт,15.612390840500343,IEK,2026-09-23,35,approximate,uniform_within_month;recursive_future_months;not_35day_backtested
010700171_,шт,5.927038549412361,IEK,2026-09-23,35,approximate,uniform_within_month;recursive_future_months;not_35day_backtested
010700172_,шт,3.038784320281046,IEK,2026-09-23,35,approximate,uniform_within_month;recursive_future_months;not_35day_backtested
010700175_,шт,2.6794483361999815,IEK,2026-09-23,35,approximate,uniform_within_month;recursive_future_months;not_35day_backtested
010800001_,шт,42.00354455941783,IEK,2026-09-23,35,approximate,uniform_within_month;recursive_future_months;not_35day_backtested
010800002_,шт,22.357038865019064,IEK,2026-09-23,35,approximate,uniform_within_month;recursive_future_months;not_35day_backtested
010800003_,шт,54.34526709414327,IEK,2026-09-23,35,approximate,uniform_within_month;recursive_future_months;not_35day_backtested
010800004_,шт,68.15840103791915,IEK,2026-09-23,35,approximate,uniform_within_month;recursive_future_months;not_35day_backtested
010800005_,шт,37.56339488831867,IEK,2026-09-23,35,approximate,uniform_within_month;recursive_future_months;not_35day_backtested
010800006_,шт,14.889853150364951,IEK,2026-09-23,35,approximate,uniform_within_month;recursive_future_months;not_35day_backtested
010800009_,шт,5.364634807241688,IEK,2026-09-23,35,approximate,uniform_within_month;recursive_future_months;not_35day_backtested
010800010_,шт,23.022027412695834,IEK,2026-09-23,35,approximate,uniform_within_month;recursive_future_months;not_35day_backtested
010800011_,шт,16.33966136541282,IEK,2026-09-23,35,approximate,uniform_within_month;recursive_future_months;not_35day_backtested
010800012_,шт,44.17048113578134,IEK,2026-09-23,35,approximate,uniform_within_month;recursive_future_months;not_35day_backtested
010800015_,шт,21.284188429112334,IEK,2026-09-23,35,approximate,uniform_within_month;recursive_future_months;not_35day_backtested
010800016_,шт,34.649227397219505,IEK,2026-09-23,35,approximate,uniform_within_month;recursive_future_months;not_35day_backtested
010800017_,шт,19.892778202859983,IEK,2026-09-23,35,approximate,uniform_within_month;recursive_future_months;not_35day_backtested
010800018_,шт,15.664683437086921,IEK,2026-09-23,35,approximate,uniform_within_month;recursive_future_months;not_35day_backtested
010800019_,шт,,IEK,2026-09-23,35,insufficient_history,uniform_within_month;recursive_future_months;not_35day_backtested
010800020_,шт,3.0032975051444497,IEK,2026-09-23,35,approximate,uniform_within_month;recursive_future_months;not_35day_backtested
010800021_,шт,,IEK,2026-09-23,35,insufficient_history,uniform_within_month;recursive_future_months;not_35day_backtested
010800022_,шт,,IEK,2026-09-23,35,insufficient_history,uniform_within_month;recursive_future_months;not_35day_backtested
010800023_,шт,,IEK,2026-09-23,35,insufficient_history,uniform_within_month;recursive_future_months;not_35day_backtested
010800025_,шт,2.9405113290095493,IEK,2026-09-23,35,approximate,uniform_within_month;recursive_future_months;not_35day_backtested
010800027_,шт,36.81902487703607,IEK,2026-09-23,35,approximate,uniform_within_month;recursive_future_months;not_35day_backtested
010800028_,шт,13.776537504885063,IEK,2026-09-23,35,approximate,uniform_within_month;recursive_future_months;not_35day_backtested
010800029_,шт,16.860783881300296,IEK,2026-09-23,35,approximate,uniform_within_month;recursive_future_months;not_35day_backtested
010800030_,шт,9.317984543450907,IEK,2026-09-23,35,approximate,uniform_within_month;recursive_future_months;not_35day_backtested
010800031_,шт,4.322620747736888,IEK,2026-09-23,35,approximate,uniform_within_month;recursive_future_months;not_35day_backtested
010800033_,шт,17.40538630508616,IEK,2026-09-23,35,approximate,uniform_within_month;recursive_future_months;not_35day_backtested
010800034_,шт,23.323679033031382,IEK,2026-09-23,35,approximate,uniform_within_month;recursive_future_months;not_35day_backtested
010800035_,шт,44.81326442382695,IEK,2026-09-23,35,approximate,uniform_within_month;recursive_future_months;not_35day_backtested
010800036_,шт,,IEK,2026-09-23,35,insufficient_history,uniform_within_month;recursive_future_months;not_35day_backtested
010800037_,шт,,IEK,2026-09-23,35,insufficient_history,uniform_within_month;recursive_future_months;not_35day_backtested
010800038_,шт,,IEK,2026-09-23,35,insufficient_history,uniform_within_month;recursive_future_months;not_35day_backtested
010800039_,шт,,IEK,2026-09-23,35,insufficient_history,uniform_within_month;recursive_future_months;not_35day_backtested
010800040_,шт,,IEK,2026-09-23,35,insufficient_history,uniform_within_month;recursive_future_months;not_35day_backtested
010800041_,шт,3.933959431867369,IEK,2026-09-23,35,approximate,uniform_within_month;recursive_future_months;not_35day_backtested
010800042_,шт,,IEK,2026-09-23,35,insufficient_history,uniform_within_month;recursive_future_months;not_35day_backtested
010800044_,,,IEK,2026-09-23,35,insufficient_history,uniform_within_month;recursive_future_months;not_35day_backtested
010800045_,шт,3.203613926642256,IEK,2026-09-23,35,approximate,uniform_within_month;recursive_future_months;not_35day_backtested
010800046_,шт,2.328091603447074,IEK,2026-09-23,35,approximate,uniform_within_month;recursive_future_months;not_35day_backtested
010800048_,шт,,IEK,2026-09-23,35,insufficient_history,uniform_within_month;recursive_future_months;not_35day_backtested
010800049_,шт,,IEK,2026-09-23,35,insufficient_history,uniform_within_month;recursive_future_months;not_35day_backtested
010800050_,шт,,IEK,2026-09-23,35,insufficient_history,uniform_within_month;recursive_future_months;not_35day_backtested
010800051_,шт,7.385735297376238,IEK,2026-09-23,35,approximate,uniform_within_month;recursive_future_months;not_35day_backtested
010800052_,шт,4.30234495048113,IEK,2026-09-23,35,approximate,uniform_within_month;recursive_future_months;not_35day_backtested
010800053_,шт,7.53789804456312,IEK,2026-09-23,35,approximate,uniform_within_month;recursive_future_months;not_35day_backtested
010800054_,шт,,IEK,2026-09-23,35,insufficient_history,uniform_within_month;recursive_future_months;not_35day_backtested
010800055_,шт,15.073148737841947,IEK,2026-09-23,35,approximate,uniform_within_month;recursive_future_months;not_35day_backtested
010800056_,шт,10.859922493794889,IEK,2026-09-23,35,approximate,uniform_within_month;recursive_future_months;not_35day_backtested
010800057_,шт,10.20515632829756,IEK,2026-09-23,35,approximate,uniform_within_month;recursive_future_months;not_35day_backtested
010800058_,шт,,IEK,2026-09-23,35,insufficient_history,uniform_within_month;recursive_future_months;not_35day_backtested
010800060_,шт,3.973472611158127,IEK,2026-09-23,35,approximate,uniform_within_month;recursive_future_months;not_35day_backtested
010800061_,шт,2.085621154433363,IEK,2026-09-23,35,approximate,uniform_within_month;recursive_future_months;not_35day_backtested
010800062_,шт,4.225772449842556,IEK,2026-09-23,35,approximate,uniform_within_month;recursive_future_months;not_35day_backtested
010800070_,шт,13.22894748627271,IEK,2026-09-23,35,approximate,uniform_within_month;recursive_future_months;not_35day_backtested
010800106_,шт,,IEK,2026-09-23,35,insufficient_history,uniform_within_month;recursive_future_months;not_35day_backtested
010800115_,шт,,IEK,2026-09-23,35,insufficient_history,uniform_within_month;recursive_future_months;not_35day_backtested
010800139_,шт,4.048597885411469,IEK,2026-09-23,35,approximate,uniform_within_month;recursive_future_months;not_35day_backtested
010800202_,,,IEK,2026-09-23,35,insufficient_history,uniform_within_month;recursive_future_months;not_35day_backtested
010800203_,шт,,IEK,2026-09-23,35,insufficient_history,uniform_within_month;recursive_future_months;not_35day_backtested
010800204_,,,IEK,2026-09-23,35,insufficient_history,uniform_within_month;recursive_future_months;not_35day_backtested
010800205_,,,IEK,2026-09-23,35,insufficient_history,uniform_within_month;recursive_future_months;not_35day_backtested
010800206_,,,IEK,2026-09-23,35,insufficient_history,uniform_within_month;recursive_future_months;not_35day_backtested
010800207_,,,IEK,2026-09-23,35,insufficient_history,uniform_within_month;recursive_future_months;not_35day_backtested
010800208_,,,IEK,2026-09-23,35,insufficient_history,uniform_within_month;recursive_future_months;not_35day_backtested
010800209_,шт,,IEK,2026-09-23,35,insufficient_history,uniform_within_month;recursive_future_months;not_35day_backtested
010800210_,,,IEK,2026-09-23,35,insufficient_history,uniform_within_month;recursive_future_months;not_35day_backtested
010800211_,,,IEK,2026-09-23,35,insufficient_history,uniform_within_month;recursive_future_months;not_35day_backtested
010800212_,,,IEK,2026-09-23,35,insufficient_history,uniform_within_month;recursive_future_months;not_35day_backtested
010800213_,,,IEK,2026-09-23,35,insufficient_history,uniform_within_month;recursive_future_months;not_35day_backtested
010800257_,,,IEK,2026-09-23,35,insufficient_history,uniform_within_month;recursive_future_months;not_35day_backtested
010800258_,шт,3.000531847552171,IEK,2026-09-23,35,approximate,uniform_within_month;recursive_future_months;not_35day_backtested
011100062_,шт,,IEK,2026-09-23,35,insufficient_history,uniform_within_month;recursive_future_months;not_35day_backtested
011100063_,шт,3.297270667768076,IEK,2026-09-23,35,approximate,uniform_within_month;recursive_future_months;not_35day_backtested
011100064_,шт,2.7575423090547173,IEK,2026-09-23,35,approximate,uniform_within_month;recursive_future_months;not_35day_backtested
011100065_,шт,3.4595294464007527,IEK,2026-09-23,35,approximate,uniform_within_month;recursive_future_months;not_35day_backtested
011100066_,шт,,IEK,2026-09-23,35,insufficient_history,uniform_within_month;recursive_future_months;not_35day_backtested
011100067_,шт,2.6063062349858632,IEK,2026-09-23,35,approximate,uniform_within_month;recursive_future_months;not_35day_backtested
011100068_,шт,4.880025476572557,IEK,2026-09-23,35,approximate,uniform_within_month;recursive_future_months;not_35day_backtested
011100069_,шт,4.112902702849075,IEK,2026-09-23,35,approximate,uniform_within_month;recursive_future_months;not_35day_backtested
011100071_,шт,3.7054075069872985,IEK,2026-09-23,35,approximate,uniform_within_month;recursive_future_months;not_35day_backtested
011100098_,шт,,IEK,2026-09-23,35,insufficient_history,uniform_within_month;recursive_future_months;not_35day_backtested
011100121_,шт,,IEK,2026-09-23,35,insufficient_history,uniform_within_month;recursive_future_months;not_35day_backtested
011100123_,шт,,IEK,2026-09-23,35,insufficient_history,uniform_within_month;recursive_future_months;not_35day_backtested
011100124_,шт,2.307833730739706,IEK,2026-09-23,35,approximate,uniform_within_month;recursive_future_months;not_35day_backtested
011100126_,шт,12.119734043884028,IEK,2026-09-23,35,approximate,uniform_within_month;recursive_future_months;not_35day_backtested
011100210_,шт,,IEK,2026-09-23,35,insufficient_history,uniform_within_month;recursive_future_months;not_35day_backtested
011100245_,шт,4.384164639242014,IEK,2026-09-23,35,approximate,uniform_within_month;recursive_future_months;not_35day_backtested
011100249_,шт,,IEK,2026-09-23,35,insufficient_history,uniform_within_month;recursive_future_months;not_35day_backtested
011100251_,шт,,IEK,2026-09-23,35,insufficient_history,uniform_within_month;recursive_future_months;not_35day_backtested
011100253_,шт,,IEK,2026-09-23,35,insufficient_history,uniform_within_month;recursive_future_months;not_35day_backtested
011100354_,шт,,IEK,2026-09-23,35,insufficient_history,uniform_within_month;recursive_future_months;not_35day_backtested
020100001_,шт,9.185176714009598,IEK,2026-09-23,35,approximate,uniform_within_month;recursive_future_months;not_35day_backtested
020100002_,шт,15.813454105561675,IEK,2026-09-23,35,approximate,uniform_within_month;recursive_future_months;not_35day_backtested
020100003_,шт,14.407434091284617,IEK,2026-09-23,35,approximate,uniform_within_month;recursive_future_months;not_35day_backtested
020100004_,шт,14.791077155864583,IEK,2026-09-23,35,approximate,uniform_within_month;recursive_future_months;not_35day_backtested
020100005_,шт,72.08062246424396,IEK,2026-09-23,35,approximate,uniform_within_month;recursive_future_months;not_35day_backtested
020100006_,шт,39.23557569672175,IEK,2026-09-23,35,approximate,uniform_within_month;recursive_future_months;not_35day_backtested
020100007_,шт,13.760174741090019,IEK,2026-09-23,35,approximate,uniform_within_month;recursive_future_months;not_35day_backtested
020100008_,шт,3.7876351891110307,IEK,2026-09-23,35,approximate,uniform_within_month;recursive_future_months;not_35day_backtested
020100009_,шт,10.95811286314011,IEK,2026-09-23,35,approximate,uniform_within_month;recursive_future_months;not_35day_backtested
020100010_,шт,18.062551892267646,IEK,2026-09-23,35,approximate,uniform_within_month;recursive_future_months;not_35day_backtested
020100011_,шт,7.116360726947957,IEK,2026-09-23,35,approximate,uniform_within_month;recursive_future_months;not_35day_backtested
020100012_,шт,19.14281803057401,IEK,2026-09-23,35,approximate,uniform_within_month;recursive_future_months;not_35day_backtested
020100013_,шт,39.4096951205425,IEK,2026-09-23,35,approximate,uniform_within_month;recursive_future_months;not_35day_backtested
020100015_,шт,7.760446739048048,IEK,2026-09-23,35,approximate,uniform_within_month;recursive_future_months;not_35day_backtested
020100017_,шт,6.0102881362194065,IEK,2026-09-23,35,approximate,uniform_within_month;recursive_future_months;not_35day_backtested
020100018_,шт,4.432357279057811,IEK,2026-09-23,35,approximate,uniform_within_month;recursive_future_months;not_35day_backtested
020100019_,шт,12.307259484926444,IEK,2026-09-23,35,approximate,uniform_within_month;recursive_future_months;not_35day_backtested
020100020_,шт,68.07666141053382,IEK,2026-09-23,35,approximate,uniform_within_month;recursive_future_months;not_35day_backtested
020100021_,шт,43.44311479669392,IEK,2026-09-23,35,approximate,uniform_within_month;recursive_future_months;not_35day_backtested
020100022_,шт,16.339625500235655,IEK,2026-09-23,35,approximate,uniform_within_month;recursive_future_months;not_35day_backtested
020100023_,шт,3.3255223595112255,IEK,2026-09-23,35,approximate,uniform_within_month;recursive_future_months;not_35day_backtested
020100044_,шт,6.105781496577633,IEK,2026-09-23,35,approximate,uniform_within_month;recursive_future_months;not_35day_backtested
020100045_,шт,3.7030509044162345,IEK,2026-09-23,35,approximate,uniform_within_month;recursive_future_months;not_35day_backtested
020300080_,шт,15.079392548246165,IEK,2026-09-23,35,approximate,uniform_within_month;recursive_future_months;not_35day_backtested
020300082_,шт,8.705820326546108,IEK,2026-09-23,35,approximate,uniform_within_month;recursive_future_months;not_35day_backtested
020300085_,,,IEK,2026-09-23,35,insufficient_history,uniform_within_month;recursive_future_months;not_35day_backtested
020300088_,шт,3.2033741265918785,IEK,2026-09-23,35,approximate,uniform_within_month;recursive_future_months;not_35day_backtested
020300150_,шт,3.162309375738332,IEK,2026-09-23,35,approximate,uniform_within_month;recursive_future_months;not_35day_backtested
030200406_,шт,257.4127508039635,IEK,2026-09-23,35,approximate,uniform_within_month;recursive_future_months;not_35day_backtested
030200407_,шт,137.8164818351167,IEK,2026-09-23,35,approximate,uniform_within_month;recursive_future_months;not_35day_backtested
030200408_,шт,24.25323009853272,IEK,2026-09-23,35,approximate,uniform_within_month;recursive_future_months;not_35day_backtested
030200409_,шт,68.20732171220449,IEK,2026-09-23,35,approximate,uniform_within_month;recursive_future_months;not_35day_backtested
030200410_,шт,11.444604106589388,IEK,2026-09-23,35,approximate,uniform_within_month;recursive_future_months;not_35day_backtested
030200411_,шт,12.348888792129124,IEK,2026-09-23,35,approximate,uniform_within_month;recursive_future_months;not_35day_backtested
030200412_,шт,13.925906551972561,IEK,2026-09-23,35,approximate,uniform_within_month;recursive_future_months;not_35day_backtested
030200413_,шт,74.44520175103806,IEK,2026-09-23,35,approximate,uniform_within_month;recursive_future_months;not_35day_backtested
030200414_,шт,80.81052049667677,IEK,2026-09-23,35,approximate,uniform_within_month;recursive_future_months;not_35day_backtested
030200415_,шт,459.2798548189991,IEK,2026-09-23,35,approximate,uniform_within_month;recursive_future_months;not_35day_backtested
030200416_,шт,91.97970654156684,IEK,2026-09-23,35,approximate,uniform_within_month;recursive_future_months;not_35day_backtested
030200417_,шт,66.26353264432458,IEK,2026-09-23,35,approximate,uniform_within_month;recursive_future_months;not_35day_backtested
030200418_,шт,14.75257409416005,IEK,2026-09-23,35,approximate,uniform_within_month;recursive_future_months;not_35day_backtested
030200419_,шт,5.960135189670707,IEK,2026-09-23,35,approximate,uniform_within_month;recursive_future_months;not_35day_backtested
030200420_,шт,31.13567639390758,IEK,2026-09-23,35,approximate,uniform_within_month;recursive_future_months;not_35day_backtested
030200421_,шт,11.548008295943529,IEK,2026-09-23,35,approximate,uniform_within_month;recursive_future_months;not_35day_backtested
030200422_,шт,24.620178185398444,IEK,2026-09-23,35,approximate,uniform_within_month;recursive_future_months;not_35day_backtested
030200423_,шт,8.394290272190316,IEK,2026-09-23,35,approximate,uniform_within_month;recursive_future_months;not_35day_backtested
030200424_,шт,7.032810563993428,IEK,2026-09-23,35,approximate,uniform_within_month;recursive_future_months;not_35day_backtested
030200425_,шт,12.778903632387385,IEK,2026-09-23,35,approximate,uniform_within_month;recursive_future_months;not_35day_backtested
030200426_,шт,20.59865301799677,IEK,2026-09-23,35,approximate,uniform_within_month;recursive_future_months;not_35day_backtested
030200427_,шт,12.11992668984781,IEK,2026-09-23,35,approximate,uniform_within_month;recursive_future_months;not_35day_backtested
030200428_,шт,41.50084820913188,IEK,2026-09-23,35,approximate,uniform_within_month;recursive_future_months;not_35day_backtested
030200429_,шт,120.21910018113645,IEK,2026-09-23,35,approximate,uniform_within_month;recursive_future_months;not_35day_backtested
030200430_,шт,38.204381410015756,IEK,2026-09-23,35,approximate,uniform_within_month;recursive_future_months;not_35day_backtested
030200431_,шт,14.347939548716722,IEK,2026-09-23,35,approximate,uniform_within_month;recursive_future_months;not_35day_backtested
030200432_,шт,13.186133989488503,IEK,2026-09-23,35,approximate,uniform_within_month;recursive_future_months;not_35day_backtested
030200433_,шт,7.221717456358266,IEK,2026-09-23,35,approximate,uniform_within_month;recursive_future_months;not_35day_backtested
030200434_,шт,251.10851191685785,IEK,2026-09-23,35,approximate,uniform_within_month;recursive_future_months;not_35day_backtested
030200435_,шт,137.9916975849361,IEK,2026-09-23,35,approximate,uniform_within_month;recursive_future_months;not_35day_backtested
030200436_,шт,3.683465126108442,IEK,2026-09-23,35,approximate,uniform_within_month;recursive_future_months;not_35day_backtested
030200437_,шт,97.2851105157921,IEK,2026-09-23,35,approximate,uniform_within_month;recursive_future_months;not_35day_backtested
030200438_,шт,3.4931583706198426,IEK,2026-09-23,35,approximate,uniform_within_month;recursive_future_months;not_35day_backtested
030200439_,шт,15.369995213593064,IEK,2026-09-23,35,approximate,uniform_within_month;recursive_future_months;not_35day_backtested
030200440_,шт,22.400291715084574,IEK,2026-09-23,35,approximate,uniform_within_month;recursive_future_months;not_35day_backtested
030200441_,шт,105.81218365527447,IEK,2026-09-23,35,approximate,uniform_within_month;recursive_future_months;not_35day_backtested
030200442_,шт,13.84327180995309,IEK,2026-09-23,35,approximate,uniform_within_month;recursive_future_months;not_35day_backtested
030200443_,шт,374.6573401131372,IEK,2026-09-23,35,approximate,uniform_within_month;recursive_future_months;not_35day_backtested
030200444_,шт,101.87182621104435,IEK,2026-09-23,35,approximate,uniform_within_month;recursive_future_months;not_35day_backtested
030200445_,шт,47.726273256698754,IEK,2026-09-23,35,approximate,uniform_within_month;recursive_future_months;not_35day_backtested
030200446_,шт,13.813868205298377,IEK,2026-09-23,35,approximate,uniform_within_month;recursive_future_months;not_35day_backtested
030200447_,шт,14.75445731116806,IEK,2026-09-23,35,approximate,uniform_within_month;recursive_future_months;not_35day_backtested
030200448_,шт,1070.8603242717109,IEK,2026-09-23,35,approximate,uniform_within_month;recursive_future_months;not_35day_backtested
030200449_,шт,66.96773750280802,IEK,2026-09-23,35,approximate,uniform_within_month;recursive_future_months;not_35day_backtested
030200450_,шт,456.7224046127838,IEK,2026-09-23,35,approximate,uniform_within_month;recursive_future_months;not_35day_backtested
030200451_,шт,40.258222858685585,IEK,2026-09-23,35,approximate,uniform_within_month;recursive_future_months;not_35day_backtested
030200452_,шт,63.19369006707258,IEK,2026-09-23,35,approximate,uniform_within_month;recursive_future_months;not_35day_backtested
030200453_,шт,240.31016523433127,IEK,2026-09-23,35,approximate,uniform_within_month;recursive_future_months;not_35day_backtested
030200454_,шт,120.81684669977761,IEK,2026-09-23,35,approximate,uniform_within_month;recursive_future_months;not_35day_backtested
030200455_,шт,11.2587549917034,IEK,2026-09-23,35,approximate,uniform_within_month;recursive_future_months;not_35day_backtested
030200456_,шт,22.468863565095035,IEK,2026-09-23,35,approximate,uniform_within_month;recursive_future_months;not_35day_backtested
030200457_,шт,339.0471398446653,IEK,2026-09-23,35,approximate,uniform_within_month;recursive_future_months;not_35day_backtested
030200458_,шт,1168.0801537984603,IEK,2026-09-23,35,approximate,uniform_within_month;recursive_future_months;not_35day_backtested
030200459_,шт,175.13005125066627,IEK,2026-09-23,35,approximate,uniform_within_month;recursive_future_months;not_35day_backtested
030200460_,шт,2093.720163592416,IEK,2026-09-23,35,approximate,uniform_within_month;recursive_future_months;not_35day_backtested
030200461_,шт,1346.1569586946928,IEK,2026-09-23,35,approximate,uniform_within_month;recursive_future_months;not_35day_backtested
030200462_,шт,44.04091772000145,IEK,2026-09-23,35,approximate,uniform_within_month;recursive_future_months;not_35day_backtested
030200463_,шт,2158.850139598685,IEK,2026-09-23,35,approximate,uniform_within_month;recursive_future_months;not_35day_backtested
030200464_,шт,862.6073474636178,IEK,2026-09-23,35,approximate,uniform_within_month;recursive_future_months;not_35day_backtested
030200465_,шт,445.36662719138303,IEK,2026-09-23,35,approximate,uniform_within_month;recursive_future_months;not_35day_backtested
030200466_,шт,111.99531528876743,IEK,2026-09-23,35,approximate,uniform_within_month;recursive_future_months;not_35day_backtested
030200467_,шт,108.71985141759927,IEK,2026-09-23,35,approximate,uniform_within_month;recursive_future_months;not_35day_backtested
030200468_,шт,15.501864647793955,IEK,2026-09-23,35,approximate,uniform_within_month;recursive_future_months;not_35day_backtested
030200469_,шт,9.539847520034833,IEK,2026-09-23,35,approximate,uniform_within_month;recursive_future_months;not_35day_backtested
030200470_,шт,76.12493744444907,IEK,2026-09-23,35,approximate,uniform_within_month;recursive_future_months;not_35day_backtested
030200471_,шт,559.7873845163265,IEK,2026-09-23,35,approximate,uniform_within_month;recursive_future_months;not_35day_backtested
030200472_,шт,165.14390840280325,IEK,2026-09-23,35,approximate,uniform_within_month;recursive_future_months;not_35day_backtested
030200473_,шт,8.553377473560467,IEK,2026-09-23,35,approximate,uniform_within_month;recursive_future_months;not_35day_backtested
030200474_,шт,102.29530858177944,IEK,2026-09-23,35,approximate,uniform_within_month;recursive_future_months;not_35day_backtested
030200475_,шт,9.620602309237766,IEK,2026-09-23,35,approximate,uniform_within_month;recursive_future_months;not_35day_backtested
030200476_,шт,24.4553681509833,IEK,2026-09-23,35,approximate,uniform_within_month;recursive_future_months;not_35day_backtested
030200477_,шт,30.67456224376924,IEK,2026-09-23,35,approximate,uniform_within_month;recursive_future_months;not_35day_backtested
030200478_,шт,85.06854092445045,IEK,2026-09-23,35,approximate,uniform_within_month;recursive_future_months;not_35day_backtested
030200479_,шт,45.19180031210227,IEK,2026-09-23,35,approximate,uniform_within_month;recursive_future_months;not_35day_backtested
030200480_,шт,511.2860786883972,IEK,2026-09-23,35,approximate,uniform_within_month;recursive_future_months;not_35day_backtested
030200481_,шт,172.55002300982667,IEK,2026-09-23,35,approximate,uniform_within_month;recursive_future_months;not_35day_backtested
030200482_,шт,88.39179242460024,IEK,2026-09-23,35,approximate,uniform_within_month;recursive_future_months;not_35day_backtested
030200483_,шт,27.474144659290893,IEK,2026-09-23,35,approximate,uniform_within_month;recursive_future_months;not_35day_backtested
030200484_,шт,15.73298153517704,IEK,2026-09-23,35,approximate,uniform_within_month;recursive_future_months;not_35day_backtested
030200485_,шт,2878.317876381238,IEK,2026-09-23,35,approximate,uniform_within_month;recursive_future_months;not_35day_backtested
030200486_,шт,868.3866388551621,IEK,2026-09-23,35,approximate,uniform_within_month;recursive_future_months;not_35day_backtested
030200487_,шт,38.0039738848476,IEK,2026-09-23,35,approximate,uniform_within_month;recursive_future_months;not_35day_backtested
030200488_,шт,512.1302524634073,IEK,2026-09-23,35,approximate,uniform_within_month;recursive_future_months;not_35day_backtested
030200489_,шт,23.21270273427656,IEK,2026-09-23,35,approximate,uniform_within_month;recursive_future_months;not_35day_backtested
030200490_,шт,110.5981511024948,IEK,2026-09-23,35,approximate,uniform_within_month;recursive_future_months;not_35day_backtested
030200491_,шт,109.72751620214065,IEK,2026-09-23,35,approximate,uniform_within_month;recursive_future_months;not_35day_backtested
030200492_,шт,617.7515147615904,IEK,2026-09-23,35,approximate,uniform_within_month;recursive_future_months;not_35day_backtested
030200493_,шт,146.3797153232023,IEK,2026-09-23,35,approximate,uniform_within_month;recursive_future_months;not_35day_backtested
030200494_,шт,2521.750233023441,IEK,2026-09-23,35,approximate,uniform_within_month;recursive_future_months;not_35day_backtested
030200495_,шт,670.0963897915835,IEK,2026-09-23,35,approximate,uniform_within_month;recursive_future_months;not_35day_backtested
030200496_,шт,294.3845773237715,IEK,2026-09-23,35,approximate,uniform_within_month;recursive_future_months;not_35day_backtested
030200497_,шт,75.15535694738395,IEK,2026-09-23,35,approximate,uniform_within_month;recursive_future_months;not_35day_backtested
030200498_,шт,59.31733367406639,IEK,2026-09-23,35,approximate,uniform_within_month;recursive_future_months;not_35day_backtested
030200499_,шт,260.1781786253619,IEK,2026-09-23,35,approximate,uniform_within_month;recursive_future_months;not_35day_backtested
030200500_,шт,175.38547539193334,IEK,2026-09-23,35,approximate,uniform_within_month;recursive_future_months;not_35day_backtested
030200501_,шт,12.989184301407057,IEK,2026-09-23,35,approximate,uniform_within_month;recursive_future_months;not_35day_backtested
030200502_,шт,90.57917807757408,IEK,2026-09-23,35,approximate,uniform_within_month;recursive_future_months;not_35day_backtested
030200503_,шт,7.678831999341426,IEK,2026-09-23,35,approximate,uniform_within_month;recursive_future_months;not_35day_backtested
030200504_,шт,20.609615630903683,IEK,2026-09-23,35,approximate,uniform_within_month;recursive_future_months;not_35day_backtested
030200505_,шт,31.936974063126947,IEK,2026-09-23,35,approximate,uniform_within_month;recursive_future_months;not_35day_backtested
030200506_,шт,93.99568778369107,IEK,2026-09-23,35,approximate,uniform_within_month;recursive_future_months;not_35day_backtested
030200507_,шт,58.645666906030236,IEK,2026-09-23,35,approximate,uniform_within_month;recursive_future_months;not_35day_backtested
030200508_,шт,607.1371434398096,IEK,2026-09-23,35,approximate,uniform_within_month;recursive_future_months;not_35day_backtested
030200509_,шт,113.17585669315427,IEK,2026-09-23,35,approximate,uniform_within_month;recursive_future_months;not_35day_backtested
030200510_,шт,45.40906913968871,IEK,2026-09-23,35,approximate,uniform_within_month;recursive_future_months;not_35day_backtested
030200511_,шт,20.109128741084398,IEK,2026-09-23,35,approximate,uniform_within_month;recursive_future_months;not_35day_backtested
030200512_,шт,17.704912080311047,IEK,2026-09-23,35,approximate,uniform_within_month;recursive_future_months;not_35day_backtested
030200513_,шт,5.820512699342894,IEK,2026-09-23,35,approximate,uniform_within_month;recursive_future_months;not_35day_backtested
030200514_,шт,558.9677020529926,IEK,2026-09-23,35,approximate,uniform_within_month;recursive_future_months;not_35day_backtested
030200515_,шт,253.79464534236564,IEK,2026-09-23,35,approximate,uniform_within_month;recursive_future_months;not_35day_backtested
030200516_,шт,325.826932484262,IEK,2026-09-23,35,approximate,uniform_within_month;recursive_future_months;not_35day_backtested
030200517_,шт,961.0375806471765,IEK,2026-09-23,35,approximate,uniform_within_month;recursive_future_months;not_35day_backtested
030200518_,шт,488.5934345598026,IEK,2026-09-23,35,approximate,uniform_within_month;recursive_future_months;not_35day_backtested
030200519_,шт,32.94880406296731,IEK,2026-09-23,35,approximate,uniform_within_month;recursive_future_months;not_35day_backtested
030200520_,шт,10.804861285498678,IEK,2026-09-23,35,approximate,uniform_within_month;recursive_future_months;not_35day_backtested
030200521_,шт,11.665379615330258,IEK,2026-09-23,35,approximate,uniform_within_month;recursive_future_months;not_35day_backtested
030200522_,шт,140.30860477324612,IEK,2026-09-23,35,approximate,uniform_within_month;recursive_future_months;not_35day_backtested
030200523_,шт,,IEK,2026-09-23,35,insufficient_history,uniform_within_month;recursive_future_months;not_35day_backtested
030200524_,шт,9.833611992982297,IEK,2026-09-23,35,approximate,uniform_within_month;recursive_future_months;not_35day_backtested
030200525_,шт,223.94752570115713,IEK,2026-09-23,35,approximate,uniform_within_month;recursive_future_months;not_35day_backtested
030200527_,шт,13.49174675464855,IEK,2026-09-23,35,approximate,uniform_within_month;recursive_future_months;not_35day_backtested
030200528_,шт,131.45775816990084,IEK,2026-09-23,35,approximate,uniform_within_month;recursive_future_months;not_35day_backtested
030200529_,шт,2.84494743012918,IEK,2026-09-23,35,approximate,uniform_within_month;recursive_future_months;not_35day_backtested
030200530_,шт,63.538839847021286,IEK,2026-09-23,35,approximate,uniform_within_month;recursive_future_months;not_35day_backtested
030200531_,шт,346.07662576602115,IEK,2026-09-23,35,approximate,uniform_within_month;recursive_future_months;not_35day_backtested
030200532_,шт,1.9257463633753074,IEK,2026-09-23,35,approximate,uniform_within_month;recursive_future_months;not_35day_backtested
030200533_,шт,53.88450104124014,IEK,2026-09-23,35,approximate,uniform_within_month;recursive_future_months;not_35day_backtested
030200534_,шт,316.9778838356201,IEK,2026-09-23,35,approximate,uniform_within_month;recursive_future_months;not_35day_backtested
030200535_,шт,7.172070645636331,IEK,2026-09-23,35,approximate,uniform_within_month;recursive_future_months;not_35day_backtested
030200536_,шт,359.10834298044165,IEK,2026-09-23,35,approximate,uniform_within_month;recursive_future_months;not_35day_backtested
030200538_,шт,3.1178775548450353,IEK,2026-09-23,35,approximate,uniform_within_month;recursive_future_months;not_35day_backtested
030200539_,шт,8.89322749318378,IEK,2026-09-23,35,approximate,uniform_within_month;recursive_future_months;not_35day_backtested
030200540_,шт,5.514785263232686,IEK,2026-09-23,35,approximate,uniform_within_month;recursive_future_months;not_35day_backtested
030200541_,шт,11.599835495627243,IEK,2026-09-23,35,approximate,uniform_within_month;recursive_future_months;not_35day_backtested
030200542_,шт,12.80241307651853,IEK,2026-09-23,35,approximate,uniform_within_month;recursive_future_months;not_35day_backtested
030200543_,шт,13.366295607693173,IEK,2026-09-23,35,approximate,uniform_within_month;recursive_future_months;not_35day_backtested
030200550_,шт,39.945268640776455,IEK,2026-09-23,35,approximate,uniform_within_month;recursive_future_months;not_35day_backtested
030200551_,шт,6.327725894246288,IEK,2026-09-23,35,approximate,uniform_within_month;recursive_future_months;not_35day_backtested
030200552_,шт,3.2059881855439816,IEK,2026-09-23,35,approximate,uniform_within_month;recursive_future_months;not_35day_backtested
030200553_,шт,5.736602352362672,IEK,2026-09-23,35,approximate,uniform_within_month;recursive_future_months;not_35day_backtested
030200554_,шт,3.89115240010656,IEK,2026-09-23,35,approximate,uniform_within_month;recursive_future_months;not_35day_backtested
030200555_,шт,5.022399993366251,IEK,2026-09-23,35,approximate,uniform_within_month;recursive_future_months;not_35day_backtested
030200556_,шт,6.800288727094925,IEK,2026-09-23,35,approximate,uniform_within_month;recursive_future_months;not_35day_backtested
030200557_,шт,14.377073214579898,IEK,2026-09-23,35,approximate,uniform_within_month;recursive_future_months;not_35day_backtested
030200558_,шт,3.41845795904652,IEK,2026-09-23,35,approximate,uniform_within_month;recursive_future_months;not_35day_backtested
030200559_,шт,14.376174802813852,IEK,2026-09-23,35,approximate,uniform_within_month;recursive_future_months;not_35day_backtested
030200560_,шт,10.558417268557037,IEK,2026-09-23,35,approximate,uniform_within_month;recursive_future_months;not_35day_backtested
030200561_,шт,7.617342369150232,IEK,2026-09-23,35,approximate,uniform_within_month;recursive_future_months;not_35day_backtested
030200562_,шт,3.7999077108234074,IEK,2026-09-23,35,approximate,uniform_within_month;recursive_future_months;not_35day_backtested
030200563_,шт,10.483111400310117,IEK,2026-09-23,35,approximate,uniform_within_month;recursive_future_months;not_35day_backtested
030200564_,шт,4.938933169923069,IEK,2026-09-23,35,approximate,uniform_within_month;recursive_future_months;not_35day_backtested
030200565_,шт,33.72609383337132,IEK,2026-09-23,35,approximate,uniform_within_month;recursive_future_months;not_35day_backtested
030200566_,шт,9.473857868777795,IEK,2026-09-23,35,approximate,uniform_within_month;recursive_future_months;not_35day_backtested
030200567_,шт,5.512152822043159,IEK,2026-09-23,35,approximate,uniform_within_month;recursive_future_months;not_35day_backtested
030200568_,шт,7.618290519047769,IEK,2026-09-23,35,approximate,uniform_within_month;recursive_future_months;not_35day_backtested
030200739_,шт,6.737196823083028,IEK,2026-09-23,35,approximate,uniform_within_month;recursive_future_months;not_35day_backtested
030200740_,шт,10.314269141877459,IEK,2026-09-23,35,approximate,uniform_within_month;recursive_future_months;not_35day_backtested
030200741_,шт,9.688986743407016,IEK,2026-09-23,35,approximate,uniform_within_month;recursive_future_months;not_35day_backtested
030200742_,шт,4.224723007208566,IEK,2026-09-23,35,approximate,uniform_within_month;recursive_future_months;not_35day_backtested
030200743_,шт,15.183647798776782,IEK,2026-09-23,35,approximate,uniform_within_month;recursive_future_months;not_35day_backtested
030200744_,шт,48.0316445410834,IEK,2026-09-23,35,approximate,uniform_within_month;recursive_future_months;not_35day_backtested
030200745_,шт,6.332892255506739,IEK,2026-09-23,35,approximate,uniform_within_month;recursive_future_months;not_35day_backtested
030200746_,шт,2.9330881172722525,IEK,2026-09-23,35,approximate,uniform_within_month;recursive_future_months;not_35day_backtested
030200747_,шт,2.1940702837333412,IEK,2026-09-23,35,approximate,uniform_within_month;recursive_future_months;not_35day_backtested
030200748_,шт,7.111410602425431,IEK,2026-09-23,35,approximate,uniform_within_month;recursive_future_months;not_35day_backtested
030200751_,шт,5.315643223083415,IEK,2026-09-23,35,approximate,uniform_within_month;recursive_future_months;not_35day_backtested
030200752_,шт,9.879232671659155,IEK,2026-09-23,35,approximate,uniform_within_month;recursive_future_months;not_35day_backtested
030200753_,шт,29.461812900782782,IEK,2026-09-23,35,approximate,uniform_within_month;recursive_future_months;not_35day_backtested
030200754_,шт,,IEK,2026-09-23,35,insufficient_history,uniform_within_month;recursive_future_months;not_35day_backtested
030200755_,шт,4.20294932655764,IEK,2026-09-23,35,approximate,uniform_within_month;recursive_future_months;not_35day_backtested
030200756_,шт,3.8316535223582537,IEK,2026-09-23,35,approximate,uniform_within_month;recursive_future_months;not_35day_backtested
030200757_,шт,5.330022401611426,IEK,2026-09-23,35,approximate,uniform_within_month;recursive_future_months;not_35day_backtested
030200758_,шт,10.994622290403685,IEK,2026-09-23,35,approximate,uniform_within_month;recursive_future_months;not_35day_backtested
030200759_,шт,2.4094028882874006,IEK,2026-09-23,35,approximate,uniform_within_month;recursive_future_months;not_35day_backtested
030200761_,шт,,IEK,2026-09-23,35,insufficient_history,uniform_within_month;recursive_future_months;not_35day_backtested
030200764_,шт,,IEK,2026-09-23,35,insufficient_history,uniform_within_month;recursive_future_months;not_35day_backtested
030200765_,шт,2.819055513262206,IEK,2026-09-23,35,approximate,uniform_within_month;recursive_future_months;not_35day_backtested
030200766_,шт,,IEK,2026-09-23,35,insufficient_history,uniform_within_month;recursive_future_months;not_35day_backtested
030200767_,шт,2.521011137751997,IEK,2026-09-23,35,approximate,uniform_within_month;recursive_future_months;not_35day_backtested
030200768_,шт,2.0387613383235945,IEK,2026-09-23,35,approximate,uniform_within_month;recursive_future_months;not_35day_backtested
030200769_,шт,,IEK,2026-09-23,35,insufficient_history,uniform_within_month;recursive_future_months;not_35day_backtested
030200770_,шт,8.200727648609565,IEK,2026-09-23,35,approximate,uniform_within_month;recursive_future_months;not_35day_backtested
030200771_,шт,4.809556256080968,IEK,2026-09-23,35,approximate,uniform_within_month;recursive_future_months;not_35day_backtested
030200772_,шт,10.163351259261272,IEK,2026-09-23,35,approximate,uniform_within_month;recursive_future_months;not_35day_backtested
030200773_,шт,7.639571123044611,IEK,2026-09-23,35,approximate,uniform_within_month;recursive_future_months;not_35day_backtested
030200774_,шт,17.652788180787653,IEK,2026-09-23,35,approximate,uniform_within_month;recursive_future_months;not_35day_backtested
030200775_,шт,8.589825727524676,IEK,2026-09-23,35,approximate,uniform_within_month;recursive_future_months;not_35day_backtested
030200776_,шт,5.337333987704654,IEK,2026-09-23,35,approximate,uniform_within_month;recursive_future_months;not_35day_backtested
030200777_,шт,12.551031853394441,IEK,2026-09-23,35,approximate,uniform_within_month;recursive_future_months;not_35day_backtested
030200778_,шт,9.171260947462393,IEK,2026-09-23,35,approximate,uniform_within_month;recursive_future_months;not_35day_backtested
030200779_,шт,8.326619808599334,IEK,2026-09-23,35,approximate,uniform_within_month;recursive_future_months;not_35day_backtested
030200780_,шт,18.351079072298134,IEK,2026-09-23,35,approximate,uniform_within_month;recursive_future_months;not_35day_backtested
030200781_,шт,2.8229886330544245,IEK,2026-09-23,35,approximate,uniform_within_month;recursive_future_months;not_35day_backtested
030200782_,шт,21.184374986773186,IEK,2026-09-23,35,approximate,uniform_within_month;recursive_future_months;not_35day_backtested
030200784_,шт,,IEK,2026-09-23,35,insufficient_history,uniform_within_month;recursive_future_months;not_35day_backtested
030200785_,шт,5.202736581718246,IEK,2026-09-23,35,approximate,uniform_within_month;recursive_future_months;not_35day_backtested
030200786_,шт,,IEK,2026-09-23,35,insufficient_history,uniform_within_month;recursive_future_months;not_35day_backtested
030200787_,шт,2.6365184991872495,IEK,2026-09-23,35,approximate,uniform_within_month;recursive_future_months;not_35day_backtested
030200789_,шт,6.316367462522916,IEK,2026-09-23,35,approximate,uniform_within_month;recursive_future_months;not_35day_backtested
030200809_,шт,4.206615962661374,IEK,2026-09-23,35,approximate,uniform_within_month;recursive_future_months;not_35day_backtested
030200810_,шт,74.80303371925753,IEK,2026-09-23,35,approximate,uniform_within_month;recursive_future_months;not_35day_backtested
030200811_,шт,34.12181623348316,IEK,2026-09-23,35,approximate,uniform_within_month;recursive_future_months;not_35day_backtested
030200812_,шт,9.343077416044185,IEK,2026-09-23,35,approximate,uniform_within_month;recursive_future_months;not_35day_backtested
030200813_,шт,15.008650198352932,IEK,2026-09-23,35,approximate,uniform_within_month;recursive_future_months;not_35day_backtested
030200814_,шт,2.836538712182894,IEK,2026-09-23,35,approximate,uniform_within_month;recursive_future_months;not_35day_backtested
030200815_,шт,4.381440299337123,IEK,2026-09-23,35,approximate,uniform_within_month;recursive_future_months;not_35day_backtested
030200816_,шт,8.000055681512007,IEK,2026-09-23,35,approximate,uniform_within_month;recursive_future_months;not_35day_backtested
030200817_,шт,18.426678859054547,IEK,2026-09-23,35,approximate,uniform_within_month;recursive_future_months;not_35day_backtested
030200818_,шт,6.495532063887371,IEK,2026-09-23,35,approximate,uniform_within_month;recursive_future_months;not_35day_backtested
030200819_,шт,73.71245664728453,IEK,2026-09-23,35,approximate,uniform_within_month;recursive_future_months;not_35day_backtested
030200820_,шт,20.05920616215697,IEK,2026-09-23,35,approximate,uniform_within_month;recursive_future_months;not_35day_backtested
030200821_,шт,12.226933184391124,IEK,2026-09-23,35,approximate,uniform_within_month;recursive_future_months;not_35day_backtested
030200822_,шт,10.667292589981107,IEK,2026-09-23,35,approximate,uniform_within_month;recursive_future_months;not_35day_backtested
030200823_,шт,4.749566685432726,IEK,2026-09-23,35,approximate,uniform_within_month;recursive_future_months;not_35day_backtested
030200824_,шт,5.842481479981721,IEK,2026-09-23,35,approximate,uniform_within_month;recursive_future_months;not_35day_backtested
030200825_,шт,6.003237129687616,IEK,2026-09-23,35,approximate,uniform_within_month;recursive_future_months;not_35day_backtested
030200826_,шт,6.103903844413792,IEK,2026-09-23,35,approximate,uniform_within_month;recursive_future_months;not_35day_backtested
030200827_,шт,285.8793189131568,IEK,2026-09-23,35,approximate,uniform_within_month;recursive_future_months;not_35day_backtested
030200828_,шт,108.53831837101062,IEK,2026-09-23,35,approximate,uniform_within_month;recursive_future_months;not_35day_backtested
030200829_,шт,4.841575321869387,IEK,2026-09-23,35,approximate,uniform_within_month;recursive_future_months;not_35day_backtested
030200830_,шт,51.73640070429384,IEK,2026-09-23,35,approximate,uniform_within_month;recursive_future_months;not_35day_backtested
030200831_,шт,5.412437470144354,IEK,2026-09-23,35,approximate,uniform_within_month;recursive_future_months;not_35day_backtested
030200832_,шт,27.073523877497955,IEK,2026-09-23,35,approximate,uniform_within_month;recursive_future_months;not_35day_backtested
030200833_,шт,20.439854561279674,IEK,2026-09-23,35,approximate,uniform_within_month;recursive_future_months;not_35day_backtested
030200834_,шт,35.17991494679305,IEK,2026-09-23,35,approximate,uniform_within_month;recursive_future_months;not_35day_backtested
030200835_,шт,11.304988312313561,IEK,2026-09-23,35,approximate,uniform_within_month;recursive_future_months;not_35day_backtested
030200836_,шт,312.7132519123578,IEK,2026-09-23,35,approximate,uniform_within_month;recursive_future_months;not_35day_backtested
030200837_,шт,70.52112778245956,IEK,2026-09-23,35,approximate,uniform_within_month;recursive_future_months;not_35day_backtested
030200838_,шт,27.911239203086467,IEK,2026-09-23,35,approximate,uniform_within_month;recursive_future_months;not_35day_backtested
030200839_,шт,16.25402104166764,IEK,2026-09-23,35,approximate,uniform_within_month;recursive_future_months;not_35day_backtested
030200840_,шт,12.396445302115097,IEK,2026-09-23,35,approximate,uniform_within_month;recursive_future_months;not_35day_backtested
030200841_,шт,30.423916307890323,IEK,2026-09-23,35,approximate,uniform_within_month;recursive_future_months;not_35day_backtested
030200842_,шт,5.257919993548914,IEK,2026-09-23,35,approximate,uniform_within_month;recursive_future_months;not_35day_backtested
030200843_,шт,15.479861098536839,IEK,2026-09-23,35,approximate,uniform_within_month;recursive_future_months;not_35day_backtested
030200844_,шт,12.871152380748255,IEK,2026-09-23,35,approximate,uniform_within_month;recursive_future_months;not_35day_backtested
030200845_,шт,5.221411340436326,IEK,2026-09-23,35,approximate,uniform_within_month;recursive_future_months;not_35day_backtested
030200846_,шт,18.76685022917605,IEK,2026-09-23,35,approximate,uniform_within_month;recursive_future_months;not_35day_backtested
030200847_,шт,7.001036661935656,IEK,2026-09-23,35,approximate,uniform_within_month;recursive_future_months;not_35day_backtested
030200848_,шт,8.787429088604002,IEK,2026-09-23,35,approximate,uniform_within_month;recursive_future_months;not_35day_backtested
030200849_,шт,5.291055376343616,IEK,2026-09-23,35,approximate,uniform_within_month;recursive_future_months;not_35day_backtested
030200850_,шт,3.4064438964806207,IEK,2026-09-23,35,approximate,uniform_within_month;recursive_future_months;not_35day_backtested
030200851_,шт,4.6213659066802135,IEK,2026-09-23,35,approximate,uniform_within_month;recursive_future_months;not_35day_backtested
030200852_,шт,,IEK,2026-09-23,35,insufficient_history,uniform_within_month;recursive_future_months;not_35day_backtested
030200853_,шт,3.073808245868948,IEK,2026-09-23,35,approximate,uniform_within_month;recursive_future_months;not_35day_backtested
030200854_,шт,,IEK,2026-09-23,35,insufficient_history,uniform_within_month;recursive_future_months;not_35day_backtested
030200855_,шт,7.156512800840446,IEK,2026-09-23,35,approximate,uniform_within_month;recursive_future_months;not_35day_backtested
030200856_,шт,6.0111819722882744,IEK,2026-09-23,35,approximate,uniform_within_month;recursive_future_months;not_35day_backtested
030200857_,шт,10.001934707758135,IEK,2026-09-23,35,approximate,uniform_within_month;recursive_future_months;not_35day_backtested
030200858_,шт,4.883743584121724,IEK,2026-09-23,35,approximate,uniform_within_month;recursive_future_months;not_35day_backtested
030200859_,шт,7.133069435638857,IEK,2026-09-23,35,approximate,uniform_within_month;recursive_future_months;not_35day_backtested
030200860_,шт,2.7911754417124723,IEK,2026-09-23,35,approximate,uniform_within_month;recursive_future_months;not_35day_backtested
030200861_,шт,4.538794382187779,IEK,2026-09-23,35,approximate,uniform_within_month;recursive_future_months;not_35day_backtested
030200862_,шт,3.305441340999394,IEK,2026-09-23,35,approximate,uniform_within_month;recursive_future_months;not_35day_backtested
030200863_,шт,16.56564710403597,IEK,2026-09-23,35,approximate,uniform_within_month;recursive_future_months;not_35day_backtested
030200864_,шт,11.449535051130244,IEK,2026-09-23,35,approximate,uniform_within_month;recursive_future_months;not_35day_backtested
030200865_,шт,10.66983640971526,IEK,2026-09-23,35,approximate,uniform_within_month;recursive_future_months;not_35day_backtested
030200866_,шт,12.679690106541363,IEK,2026-09-23,35,approximate,uniform_within_month;recursive_future_months;not_35day_backtested
030200867_,шт,2.946520734402564,IEK,2026-09-23,35,approximate,uniform_within_month;recursive_future_months;not_35day_backtested
030200868_,шт,6.201612842374667,IEK,2026-09-23,35,approximate,uniform_within_month;recursive_future_months;not_35day_backtested
030200869_,шт,36.22625201612228,IEK,2026-09-23,35,approximate,uniform_within_month;recursive_future_months;not_35day_backtested
030200870_,шт,10.396491022593944,IEK,2026-09-23,35,approximate,uniform_within_month;recursive_future_months;not_35day_backtested
030200871_,шт,4.416911768771117,IEK,2026-09-23,35,approximate,uniform_within_month;recursive_future_months;not_35day_backtested
030200872_,шт,7.064023153295953,IEK,2026-09-23,35,approximate,uniform_within_month;recursive_future_months;not_35day_backtested
030200873_,шт,7.920862630839114,IEK,2026-09-23,35,approximate,uniform_within_month;recursive_future_months;not_35day_backtested
030200874_,шт,6.929879544302132,IEK,2026-09-23,35,approximate,uniform_within_month;recursive_future_months;not_35day_backtested
030200875_,шт,24.852125977165983,IEK,2026-09-23,35,approximate,uniform_within_month;recursive_future_months;not_35day_backtested
030200876_,шт,10.816946991354186,IEK,2026-09-23,35,approximate,uniform_within_month;recursive_future_months;not_35day_backtested
030200877_,шт,29.205881752293266,IEK,2026-09-23,35,approximate,uniform_within_month;recursive_future_months;not_35day_backtested
030200878_,шт,3.7194374989094685,IEK,2026-09-23,35,approximate,uniform_within_month;recursive_future_months;not_35day_backtested
030200879_,шт,16.780520203243096,IEK,2026-09-23,35,approximate,uniform_within_month;recursive_future_months;not_35day_backtested
030200885_,шт,4.52466113125855,IEK,2026-09-23,35,approximate,uniform_within_month;recursive_future_months;not_35day_backtested
030200886_,шт,8.376906650169603,IEK,2026-09-23,35,approximate,uniform_within_month;recursive_future_months;not_35day_backtested
030200889_,шт,4.082027826366818,IEK,2026-09-23,35,approximate,uniform_within_month;recursive_future_months;not_35day_backtested
030200890_,шт,3.9224789374333984,IEK,2026-09-23,35,approximate,uniform_within_month;recursive_future_months;not_35day_backtested
030200891_,шт,2.820641412343793,IEK,2026-09-23,35,approximate,uniform_within_month;recursive_future_months;not_35day_backtested
030200892_,шт,6.074498195064166,IEK,2026-09-23,35,approximate,uniform_within_month;recursive_future_months;not_35day_backtested
030200893_,шт,27.0586493281071,IEK,2026-09-23,35,approximate,uniform_within_month;recursive_future_months;not_35day_backtested
030200894_,шт,10.560073577307579,IEK,2026-09-23,35,approximate,uniform_within_month;recursive_future_months;not_35day_backtested
030200895_,шт,7.238218307498267,IEK,2026-09-23,35,approximate,uniform_within_month;recursive_future_months;not_35day_backtested
030200896_,шт,9.42795870678772,IEK,2026-09-23,35,approximate,uniform_within_month;recursive_future_months;not_35day_backtested
030200897_,шт,6.333626335563179,IEK,2026-09-23,35,approximate,uniform_within_month;recursive_future_months;not_35day_backtested
030200898_,шт,5.393445845338393,IEK,2026-09-23,35,approximate,uniform_within_month;recursive_future_months;not_35day_backtested
030200899_,шт,4.36779685780444,IEK,2026-09-23,35,approximate,uniform_within_month;recursive_future_months;not_35day_backtested
030200900_,шт,2.6791563253213058,IEK,2026-09-23,35,approximate,uniform_within_month;recursive_future_months;not_35day_backtested
030200901_,шт,3.3474115290914908,IEK,2026-09-23,35,approximate,uniform_within_month;recursive_future_months;not_35day_backtested
030200902_,шт,3.509591364434282,IEK,2026-09-23,35,approximate,uniform_within_month;recursive_future_months;not_35day_backtested
030200903_,шт,5.107380411692302,IEK,2026-09-23,35,approximate,uniform_within_month;recursive_future_months;not_35day_backtested
030200904_,шт,2.2833860468749365,IEK,2026-09-23,35,approximate,uniform_within_month;recursive_future_months;not_35day_backtested
030200905_,шт,7.002496397903482,IEK,2026-09-23,35,approximate,uniform_within_month;recursive_future_months;not_35day_backtested
030200908_,шт,2.300013563139817,IEK,2026-09-23,35,approximate,uniform_within_month;recursive_future_months;not_35day_backtested
030200909_,шт,3.76748987638406,IEK,2026-09-23,35,approximate,uniform_within_month;recursive_future_months;not_35day_backtested
030200910_,шт,3.4216027155340556,IEK,2026-09-23,35,approximate,uniform_within_month;recursive_future_months;not_35day_backtested
030200911_,шт,6.638914384830572,IEK,2026-09-23,35,approximate,uniform_within_month;recursive_future_months;not_35day_backtested
030200912_,шт,3.567091216321556,IEK,2026-09-23,35,approximate,uniform_within_month;recursive_future_months;not_35day_backtested
030200915_,шт,,IEK,2026-09-23,35,insufficient_history,uniform_within_month;recursive_future_months;not_35day_backtested
030200916_,шт,,IEK,2026-09-23,35,insufficient_history,uniform_within_month;recursive_future_months;not_35day_backtested
030200917_,шт,2.886668230370393,IEK,2026-09-23,35,approximate,uniform_within_month;recursive_future_months;not_35day_backtested
030200918_,шт,3.992882901805226,IEK,2026-09-23,35,approximate,uniform_within_month;recursive_future_months;not_35day_backtested
030200920_,шт,15.543616710590891,IEK,2026-09-23,35,approximate,uniform_within_month;recursive_future_months;not_35day_backtested
030200923_,шт,5.285352263148572,IEK,2026-09-23,35,approximate,uniform_within_month;recursive_future_months;not_35day_backtested
030200924_,шт,9.821700787109048,IEK,2026-09-23,35,approximate,uniform_within_month;recursive_future_months;not_35day_backtested
030200925_,шт,10.944217651449335,IEK,2026-09-23,35,approximate,uniform_within_month;recursive_future_months;not_35day_backtested
030200926_,шт,38.59399002761407,IEK,2026-09-23,35,approximate,uniform_within_month;recursive_future_months;not_35day_backtested
030200931_,шт,20.244136894493046,IEK,2026-09-23,35,approximate,uniform_within_month;recursive_future_months;not_35day_backtested
030200933_,шт,9.327818555241514,IEK,2026-09-23,35,approximate,uniform_within_month;recursive_future_months;not_35day_backtested
030200935_,шт,9.390627887020917,IEK,2026-09-23,35,approximate,uniform_within_month;recursive_future_months;not_35day_backtested
030200938_,шт,2.039193101727436,IEK,2026-09-23,35,approximate,uniform_within_month;recursive_future_months;not_35day_backtested
030200939_,шт,4.92402827379892,IEK,2026-09-23,35,approximate,uniform_within_month;recursive_future_months;not_35day_backtested
030200940_,шт,3.9452220127684647,IEK,2026-09-23,35,approximate,uniform_within_month;recursive_future_months;not_35day_backtested
030200941_,шт,3.509864986377917,IEK,2026-09-23,35,approximate,uniform_within_month;recursive_future_months;not_35day_backtested
030200943_,шт,5.754127354478594,IEK,2026-09-23,35,approximate,uniform_within_month;recursive_future_months;not_35day_backtested
030200944_,шт,3.532637129558476,IEK,2026-09-23,35,approximate,uniform_within_month;recursive_future_months;not_35day_backtested
030200945_,шт,4.22288323867793,IEK,2026-09-23,35,approximate,uniform_within_month;recursive_future_months;not_35day_backtested
030200946_,шт,1.9735330219397333,IEK,2026-09-23,35,approximate,uniform_within_month;recursive_future_months;not_35day_backtested
030200947_,шт,8.229644062879233,IEK,2026-09-23,35,approximate,uniform_within_month;recursive_future_months;not_35day_backtested
030200948_,шт,4.8097553278442975,IEK,2026-09-23,35,approximate,uniform_within_month;recursive_future_months;not_35day_backtested
030200949_,шт,3.2242460850579095,IEK,2026-09-23,35,approximate,uniform_within_month;recursive_future_months;not_35day_backtested
030200950_,шт,2.5394123774330533,IEK,2026-09-23,35,approximate,uniform_within_month;recursive_future_months;not_35day_backtested
030200951_,шт,12.339939557946247,IEK,2026-09-23,35,approximate,uniform_within_month;recursive_future_months;not_35day_backtested
030200952_,шт,14.057472553741514,IEK,2026-09-23,35,approximate,uniform_within_month;recursive_future_months;not_35day_backtested
030200953_,шт,2.9663602911141123,IEK,2026-09-23,35,approximate,uniform_within_month;recursive_future_months;not_35day_backtested
030200954_,шт,2.9405113290095493,IEK,2026-09-23,35,approximate,uniform_within_month;recursive_future_months;not_35day_backtested
030200955_,шт,,IEK,2026-09-23,35,insufficient_history,uniform_within_month;recursive_future_months;not_35day_backtested
030200956_,шт,7.164777573686296,IEK,2026-09-23,35,approximate,uniform_within_month;recursive_future_months;not_35day_backtested
030200957_,шт,6.4890717562814615,IEK,2026-09-23,35,approximate,uniform_within_month;recursive_future_months;not_35day_backtested
030200958_,шт,3.563038441241099,IEK,2026-09-23,35,approximate,uniform_within_month;recursive_future_months;not_35day_backtested
030200959_,шт,5.822279774743212,IEK,2026-09-23,35,approximate,uniform_within_month;recursive_future_months;not_35day_backtested
030200960_,шт,1.8404387596823435,IEK,2026-09-23,35,approximate,uniform_within_month;recursive_future_months;not_35day_backtested
030200961_,шт,8.221631239218242,IEK,2026-09-23,35,approximate,uniform_within_month;recursive_future_months;not_35day_backtested
030200962_,шт,3.2973928268900985,IEK,2026-09-23,35,approximate,uniform_within_month;recursive_future_months;not_35day_backtested
030200963_,шт,4.233727179837642,IEK,2026-09-23,35,approximate,uniform_within_month;recursive_future_months;not_35day_backtested
030200964_,шт,2.0772908120737643,IEK,2026-09-23,35,approximate,uniform_within_month;recursive_future_months;not_35day_backtested
030200965_,шт,2.6346075615907267,IEK,2026-09-23,35,approximate,uniform_within_month;recursive_future_months;not_35day_backtested
030200966_,шт,2.305020184175728,IEK,2026-09-23,35,approximate,uniform_within_month;recursive_future_months;not_35day_backtested
030200967_,шт,2.25675567703572,IEK,2026-09-23,35,approximate,uniform_within_month;recursive_future_months;not_35day_backtested
030200968_,шт,2.323647670118095,IEK,2026-09-23,35,approximate,uniform_within_month;recursive_future_months;not_35day_backtested
030200969_,шт,,IEK,2026-09-23,35,insufficient_history,uniform_within_month;recursive_future_months;not_35day_backtested
030200970_,шт,55.07050031086594,IEK,2026-09-23,35,approximate,uniform_within_month;recursive_future_months;not_35day_backtested
030200971_,шт,5.991213112506489,IEK,2026-09-23,35,approximate,uniform_within_month;recursive_future_months;not_35day_backtested
030200972_,шт,3.700161085783272,IEK,2026-09-23,35,approximate,uniform_within_month;recursive_future_months;not_35day_backtested
030200973_,шт,2.6763631585222836,IEK,2026-09-23,35,approximate,uniform_within_month;recursive_future_months;not_35day_backtested
030200974_,шт,,IEK,2026-09-23,35,insufficient_history,uniform_within_month;recursive_future_months;not_35day_backtested
030200975_,шт,10.911476658436804,IEK,2026-09-23,35,approximate,uniform_within_month;recursive_future_months;not_35day_backtested
030200976_,шт,,IEK,2026-09-23,35,insufficient_history,uniform_within_month;recursive_future_months;not_35day_backtested
030200977_,шт,3.2300056410659104,IEK,2026-09-23,35,approximate,uniform_within_month;recursive_future_months;not_35day_backtested
030200978_,шт,,IEK,2026-09-23,35,insufficient_history,uniform_within_month;recursive_future_months;not_35day_backtested
030200979_,шт,,IEK,2026-09-23,35,insufficient_history,uniform_within_month;recursive_future_months;not_35day_backtested
030200980_,шт,2.4698185687134417,IEK,2026-09-23,35,approximate,uniform_within_month;recursive_future_months;not_35day_backtested
030200981_,шт,,IEK,2026-09-23,35,insufficient_history,uniform_within_month;recursive_future_months;not_35day_backtested
030200982_,шт,,IEK,2026-09-23,35,insufficient_history,uniform_within_month;recursive_future_months;not_35day_backtested
030200983_,шт,,IEK,2026-09-23,35,insufficient_history,uniform_within_month;recursive_future_months;not_35day_backtested
030200984_,шт,,IEK,2026-09-23,35,insufficient_history,uniform_within_month;recursive_future_months;not_35day_backtested
030200985_,шт,11.116479628114627,IEK,2026-09-23,35,approximate,uniform_within_month;recursive_future_months;not_35day_backtested
030200986_,шт,2.9044364440654293,IEK,2026-09-23,35,approximate,uniform_within_month;recursive_future_months;not_35day_backtested
030200987_,шт,2.0283588763140137,IEK,2026-09-23,35,approximate,uniform_within_month;recursive_future_months;not_35day_backtested
030200988_,шт,14.966717552443294,IEK,2026-09-23,35,approximate,uniform_within_month;recursive_future_months;not_35day_backtested
030200989_,шт,12.418732317185507,IEK,2026-09-23,35,approximate,uniform_within_month;recursive_future_months;not_35day_backtested
030200990_,шт,8.96379236569685,IEK,2026-09-23,35,approximate,uniform_within_month;recursive_future_months;not_35day_backtested
030201012_,шт,2.480647900478761,IEK,2026-09-23,35,approximate,uniform_within_month;recursive_future_months;not_35day_backtested
030201017_,шт,13.254417576626462,IEK,2026-09-23,35,approximate,uniform_within_month;recursive_future_months;not_35day_backtested
030201018_,шт,3.3074342383129363,IEK,2026-09-23,35,approximate,uniform_within_month;recursive_future_months;not_35day_backtested
030201019_,шт,6.661127500534752,IEK,2026-09-23,35,approximate,uniform_within_month;recursive_future_months;not_35day_backtested
030201020_,шт,150.54416497931032,IEK,2026-09-23,35,approximate,uniform_within_month;recursive_future_months;not_35day_backtested
030201021_,шт,,IEK,2026-09-23,35,insufficient_history,uniform_within_month;recursive_future_months;not_35day_backtested
030201022_,шт,29.253944033237623,IEK,2026-09-23,35,approximate,uniform_within_month;recursive_future_months;not_35day_backtested
030201024_,шт,,IEK,2026-09-23,35,insufficient_history,uniform_within_month;recursive_future_months;not_35day_backtested
030201031_,шт,,IEK,2026-09-23,35,insufficient_history,uniform_within_month;recursive_future_months;not_35day_backtested
030201032_,шт,3.4791207939310587,IEK,2026-09-23,35,approximate,uniform_within_month;recursive_future_months;not_35day_backtested
030201034_,шт,2.9925558927867084,IEK,2026-09-23,35,approximate,uniform_within_month;recursive_future_months;not_35day_backtested
030201035_,шт,,IEK,2026-09-23,35,insufficient_history,uniform_within_month;recursive_future_months;not_35day_backtested
030201036_,шт,,IEK,2026-09-23,35,insufficient_history,uniform_within_month;recursive_future_months;not_35day_backtested
030201037_,шт,,IEK,2026-09-23,35,insufficient_history,uniform_within_month;recursive_future_months;not_35day_backtested
030201040_,шт,,IEK,2026-09-23,35,insufficient_history,uniform_within_month;recursive_future_months;not_35day_backtested
030201049_,шт,3.65971895133794,IEK,2026-09-23,35,approximate,uniform_within_month;recursive_future_months;not_35day_backtested
030201052_,шт,5.265632455759263,IEK,2026-09-23,35,approximate,uniform_within_month;recursive_future_months;not_35day_backtested
030201053_,шт,,IEK,2026-09-23,35,insufficient_history,uniform_within_month;recursive_future_months;not_35day_backtested
030201054_,шт,,IEK,2026-09-23,35,insufficient_history,uniform_within_month;recursive_future_months;not_35day_backtested
030201055_,шт,,IEK,2026-09-23,35,insufficient_history,uniform_within_month;recursive_future_months;not_35day_backtested
030201056_,шт,,IEK,2026-09-23,35,insufficient_history,uniform_within_month;recursive_future_months;not_35day_backtested
030201057_,шт,,IEK,2026-09-23,35,insufficient_history,uniform_within_month;recursive_future_months;not_35day_backtested
030201060_,шт,,IEK,2026-09-23,35,insufficient_history,uniform_within_month;recursive_future_months;not_35day_backtested
030201061_,шт,,IEK,2026-09-23,35,insufficient_history,uniform_within_month;recursive_future_months;not_35day_backtested
030201063_,шт,20.127771273716967,IEK,2026-09-23,35,approximate,uniform_within_month;recursive_future_months;not_35day_backtested
030201064_,шт,3.163237349669028,IEK,2026-09-23,35,approximate,uniform_within_month;recursive_future_months;not_35day_backtested
030201065_,шт,6.78660991614679,IEK,2026-09-23,35,approximate,uniform_within_month;recursive_future_months;not_35day_backtested
030201066_,шт,4.050089614188146,IEK,2026-09-23,35,approximate,uniform_within_month;recursive_future_months;not_35day_backtested
030201067_,шт,10.693396366150697,IEK,2026-09-23,35,approximate,uniform_within_month;recursive_future_months;not_35day_backtested
030201068_,шт,12.35212266647835,IEK,2026-09-23,35,approximate,uniform_within_month;recursive_future_months;not_35day_backtested
030201069_,шт,,IEK,2026-09-23,35,insufficient_history,uniform_within_month;recursive_future_months;not_35day_backtested
030201070_,шт,,IEK,2026-09-23,35,insufficient_history,uniform_within_month;recursive_future_months;not_35day_backtested
030201071_,шт,,IEK,2026-09-23,35,insufficient_history,uniform_within_month;recursive_future_months;not_35day_backtested
030201072_,шт,,IEK,2026-09-23,35,insufficient_history,uniform_within_month;recursive_future_months;not_35day_backtested
030201073_,шт,4.8430016374813,IEK,2026-09-23,35,approximate,uniform_within_month;recursive_future_months;not_35day_backtested
030201074_,шт,2.6276083104100665,IEK,2026-09-23,35,approximate,uniform_within_month;recursive_future_months;not_35day_backtested
030201075_,шт,4.82762563592156,IEK,2026-09-23,35,approximate,uniform_within_month;recursive_future_months;not_35day_backtested
030201076_,шт,5.1691876307896125,IEK,2026-09-23,35,approximate,uniform_within_month;recursive_future_months;not_35day_backtested
030201077_,шт,,IEK,2026-09-23,35,insufficient_history,uniform_within_month;recursive_future_months;not_35day_backtested
030201078_,шт,,IEK,2026-09-23,35,insufficient_history,uniform_within_month;recursive_future_months;not_35day_backtested
030201079_,шт,,IEK,2026-09-23,35,insufficient_history,uniform_within_month;recursive_future_months;not_35day_backtested
030201080_,шт,,IEK,2026-09-23,35,insufficient_history,uniform_within_month;recursive_future_months;not_35day_backtested
030201081_,шт,3.266425919246704,IEK,2026-09-23,35,approximate,uniform_within_month;recursive_future_months;not_35day_backtested
030201082_,шт,2.6303382232141335,IEK,2026-09-23,35,approximate,uniform_within_month;recursive_future_months;not_35day_backtested
030201083_,шт,4.745221670110526,IEK,2026-09-23,35,approximate,uniform_within_month;recursive_future_months;not_35day_backtested
030201084_,шт,,IEK,2026-09-23,35,insufficient_history,uniform_within_month;recursive_future_months;not_35day_backtested
030201085_,шт,,IEK,2026-09-23,35,insufficient_history,uniform_within_month;recursive_future_months;not_35day_backtested
030201086_,шт,2.432782087340941,IEK,2026-09-23,35,approximate,uniform_within_month;recursive_future_months;not_35day_backtested
030201087_,шт,10.12994654545729,IEK,2026-09-23,35,approximate,uniform_within_month;recursive_future_months;not_35day_backtested
030201088_,шт,3.377938247472294,IEK,2026-09-23,35,approximate,uniform_within_month;recursive_future_months;not_35day_backtested
030201089_,шт,2.500145662557145,IEK,2026-09-23,35,approximate,uniform_within_month;recursive_future_months;not_35day_backtested
030201090_,шт,9.534973953057076,IEK,2026-09-23,35,approximate,uniform_within_month;recursive_future_months;not_35day_backtested
030201091_,шт,9.488704215032037,IEK,2026-09-23,35,approximate,uniform_within_month;recursive_future_months;not_35day_backtested
030201092_,шт,4.602644703418974,IEK,2026-09-23,35,approximate,uniform_within_month;recursive_future_months;not_35day_backtested
030201093_,шт,20.24515358469792,IEK,2026-09-23,35,approximate,uniform_within_month;recursive_future_months;not_35day_backtested
030201094_,шт,6.209234774869741,IEK,2026-09-23,35,approximate,uniform_within_month;recursive_future_months;not_35day_backtested
030201095_,шт,10.974865421031494,IEK,2026-09-23,35,approximate,uniform_within_month;recursive_future_months;not_35day_backtested
030201096_,шт,4.060828908262157,IEK,2026-09-23,35,approximate,uniform_within_month;recursive_future_months;not_35day_backtested
030201097_,шт,,IEK,2026-09-23,35,insufficient_history,uniform_within_month;recursive_future_months;not_35day_backtested
030201098_,шт,6.234826125466345,IEK,2026-09-23,35,approximate,uniform_within_month;recursive_future_months;not_35day_backtested
030201099_,шт,17.53006836217597,IEK,2026-09-23,35,approximate,uniform_within_month;recursive_future_months;not_35day_backtested
030201100_,шт,15.80563406604081,IEK,2026-09-23,35,approximate,uniform_within_month;recursive_future_months;not_35day_backtested
030201101_,шт,,IEK,2026-09-23,35,insufficient_history,uniform_within_month;recursive_future_months;not_35day_backtested
030201102_,шт,4.851528937020609,IEK,2026-09-23,35,approximate,uniform_within_month;recursive_future_months;not_35day_backtested
030201103_,шт,2.527807370565215,IEK,2026-09-23,35,approximate,uniform_within_month;recursive_future_months;not_35day_backtested
030201104_,шт,,IEK,2026-09-23,35,insufficient_history,uniform_within_month;recursive_future_months;not_35day_backtested
030201105_,шт,11.834386662608258,IEK,2026-09-23,35,approximate,uniform_within_month;recursive_future_months;not_35day_backtested
030201106_,шт,4.933781120269462,IEK,2026-09-23,35,approximate,uniform_within_month;recursive_future_months;not_35day_backtested
030201107_,шт,,IEK,2026-09-23,35,insufficient_history,uniform_within_month;recursive_future_months;not_35day_backtested
030201108_,шт,10.220071787744276,IEK,2026-09-23,35,approximate,uniform_within_month;recursive_future_months;not_35day_backtested
030201109_,шт,5.012191151467922,IEK,2026-09-23,35,approximate,uniform_within_month;recursive_future_months;not_35day_backtested
030201110_,шт,6.790736003808908,IEK,2026-09-23,35,approximate,uniform_within_month;recursive_future_months;not_35day_backtested
030201111_,шт,,IEK,2026-09-23,35,insufficient_history,uniform_within_month;recursive_future_months;not_35day_backtested
030201112_,шт,3.553041258427052,IEK,2026-09-23,35,approximate,uniform_within_month;recursive_future_months;not_35day_backtested
030201113_,шт,,IEK,2026-09-23,35,insufficient_history,uniform_within_month;recursive_future_months;not_35day_backtested
030201114_,шт,3.451896792998787,IEK,2026-09-23,35,approximate,uniform_within_month;recursive_future_months;not_35day_backtested
030201115_,шт,10.706052194782817,IEK,2026-09-23,35,approximate,uniform_within_month;recursive_future_months;not_35day_backtested
030201116_,шт,3.6443160545693223,IEK,2026-09-23,35,approximate,uniform_within_month;recursive_future_months;not_35day_backtested
030201117_,шт,,IEK,2026-09-23,35,insufficient_history,uniform_within_month;recursive_future_months;not_35day_backtested
030201118_,шт,3.1954254116787335,IEK,2026-09-23,35,approximate,uniform_within_month;recursive_future_months;not_35day_backtested
030201119_,шт,5.515056531859093,IEK,2026-09-23,35,approximate,uniform_within_month;recursive_future_months;not_35day_backtested
030201120_,шт,3.2281847544948477,IEK,2026-09-23,35,approximate,uniform_within_month;recursive_future_months;not_35day_backtested
030201121_,шт,,IEK,2026-09-23,35,insufficient_history,uniform_within_month;recursive_future_months;not_35day_backtested
030201122_,шт,4.9448139853240995,IEK,2026-09-23,35,approximate,uniform_within_month;recursive_future_months;not_35day_backtested
030201123_,шт,,IEK,2026-09-23,35,insufficient_history,uniform_within_month;recursive_future_months;not_35day_backtested
030201124_,шт,,IEK,2026-09-23,35,insufficient_history,uniform_within_month;recursive_future_months;not_35day_backtested
030201125_,шт,,IEK,2026-09-23,35,insufficient_history,uniform_within_month;recursive_future_months;not_35day_backtested
030201126_,шт,,IEK,2026-09-23,35,insufficient_history,uniform_within_month;recursive_future_months;not_35day_backtested
030201127_,шт,,IEK,2026-09-23,35,insufficient_history,uniform_within_month;recursive_future_months;not_35day_backtested
030201128_,шт,4.474988720891696,IEK,2026-09-23,35,approximate,uniform_within_month;recursive_future_months;not_35day_backtested
030201129_,шт,2.738642797940339,IEK,2026-09-23,35,approximate,uniform_within_month;recursive_future_months;not_35day_backtested
030201130_,шт,,IEK,2026-09-23,35,insufficient_history,uniform_within_month;recursive_future_months;not_35day_backtested
030201131_,шт,,IEK,2026-09-23,35,insufficient_history,uniform_within_month;recursive_future_months;not_35day_backtested
030201132_,шт,,IEK,2026-09-23,35,insufficient_history,uniform_within_month;recursive_future_months;not_35day_backtested
030201133_,шт,4.0508972183738345,IEK,2026-09-23,35,approximate,uniform_within_month;recursive_future_months;not_35day_backtested
030201134_,шт,3.119413178064212,IEK,2026-09-23,35,approximate,uniform_within_month;recursive_future_months;not_35day_backtested
030201135_,шт,,IEK,2026-09-23,35,insufficient_history,uniform_within_month;recursive_future_months;not_35day_backtested
030201136_,шт,2.506889544142626,IEK,2026-09-23,35,approximate,uniform_within_month;recursive_future_months;not_35day_backtested
030201137_,шт,,IEK,2026-09-23,35,insufficient_history,uniform_within_month;recursive_future_months;not_35day_backtested
030201138_,шт,,IEK,2026-09-23,35,insufficient_history,uniform_within_month;recursive_future_months;not_35day_backtested
030201139_,шт,,IEK,2026-09-23,35,insufficient_history,uniform_within_month;recursive_future_months;not_35day_backtested
030201140_,шт,,IEK,2026-09-23,35,insufficient_history,uniform_within_month;recursive_future_months;not_35day_backtested
030201141_,шт,,IEK,2026-09-23,35,insufficient_history,uniform_within_month;recursive_future_months;not_35day_backtested
030201142_,шт,,IEK,2026-09-23,35,insufficient_history,uniform_within_month;recursive_future_months;not_35day_backtested
030201143_,шт,,IEK,2026-09-23,35,insufficient_history,uniform_within_month;recursive_future_months;not_35day_backtested
030201144_,шт,2.5981263714753315,IEK,2026-09-23,35,approximate,uniform_within_month;recursive_future_months;not_35day_backtested
030201145_,шт,,IEK,2026-09-23,35,insufficient_history,uniform_within_month;recursive_future_months;not_35day_backtested
030201146_,шт,4.895479805952849,IEK,2026-09-23,35,approximate,uniform_within_month;recursive_future_months;not_35day_backtested
030201147_,шт,,IEK,2026-09-23,35,insufficient_history,uniform_within_month;recursive_future_months;not_35day_backtested
030201148_,шт,2.895662742396576,IEK,2026-09-23,35,approximate,uniform_within_month;recursive_future_months;not_35day_backtested
030201149_,шт,,IEK,2026-09-23,35,insufficient_history,uniform_within_month;recursive_future_months;not_35day_backtested
030201150_,шт,,IEK,2026-09-23,35,insufficient_history,uniform_within_month;recursive_future_months;not_35day_backtested
030201152_,,,IEK,2026-09-23,35,insufficient_history,uniform_within_month;recursive_future_months;not_35day_backtested
030201236_,шт,14.253848786010131,IEK,2026-09-23,35,approximate,uniform_within_month;recursive_future_months;not_35day_backtested
030201244_,шт,13.089338633838382,IEK,2026-09-23,35,approximate,uniform_within_month;recursive_future_months;not_35day_backtested
030201245_,шт,9.753903852187898,IEK,2026-09-23,35,approximate,uniform_within_month;recursive_future_months;not_35day_backtested
030201246_,шт,,IEK,2026-09-23,35,insufficient_history,uniform_within_month;recursive_future_months;not_35day_backtested
030201247_,шт,7.92169284833707,IEK,2026-09-23,35,approximate,uniform_within_month;recursive_future_months;not_35day_backtested
030201248_,шт,11.180540292611482,IEK,2026-09-23,35,approximate,uniform_within_month;recursive_future_months;not_35day_backtested
030201249_,шт,,IEK,2026-09-23,35,insufficient_history,uniform_within_month;recursive_future_months;not_35day_backtested
030201250_,шт,3.600563327098541,IEK,2026-09-23,35,approximate,uniform_within_month;recursive_future_months;not_35day_backtested
030201251_,шт,,IEK,2026-09-23,35,insufficient_history,uniform_within_month;recursive_future_months;not_35day_backtested
030201252_,шт,3.1330038872607266,IEK,2026-09-23,35,approximate,uniform_within_month;recursive_future_months;not_35day_backtested
030201460_,шт,27.56177100865886,IEK,2026-09-23,35,approximate,uniform_within_month;recursive_future_months;not_35day_backtested
030201461_,шт,9.26973262339941,IEK,2026-09-23,35,approximate,uniform_within_month;recursive_future_months;not_35day_backtested
030201462_,шт,52.07550201330279,IEK,2026-09-23,35,approximate,uniform_within_month;recursive_future_months;not_35day_backtested
030201463_,шт,24.98225555910616,IEK,2026-09-23,35,approximate,uniform_within_month;recursive_future_months;not_35day_backtested
030201464_,шт,2.934367675440444,IEK,2026-09-23,35,approximate,uniform_within_month;recursive_future_months;not_35day_backtested
030201465_,шт,10.256059812825793,IEK,2026-09-23,35,approximate,uniform_within_month;recursive_future_months;not_35day_backtested
030201466_,шт,,IEK,2026-09-23,35,insufficient_history,uniform_within_month;recursive_future_months;not_35day_backtested
030201467_,шт,11.009624118155994,IEK,2026-09-23,35,approximate,uniform_within_month;recursive_future_months;not_35day_backtested
030201468_,шт,2.5489552142643497,IEK,2026-09-23,35,approximate,uniform_within_month;recursive_future_months;not_35day_backtested
030201469_,шт,19.887299037044087,IEK,2026-09-23,35,approximate,uniform_within_month;recursive_future_months;not_35day_backtested
030201470_,шт,7.7570412887436735,IEK,2026-09-23,35,approximate,uniform_within_month;recursive_future_months;not_35day_backtested
030201471_,шт,37.596626374035054,IEK,2026-09-23,35,approximate,uniform_within_month;recursive_future_months;not_35day_backtested
030201472_,шт,12.516843758677624,IEK,2026-09-23,35,approximate,uniform_within_month;recursive_future_months;not_35day_backtested
030201473_,шт,,IEK,2026-09-23,35,insufficient_history,uniform_within_month;recursive_future_months;not_35day_backtested
030201474_,шт,,IEK,2026-09-23,35,insufficient_history,uniform_within_month;recursive_future_months;not_35day_backtested
030201475_,,,IEK,2026-09-23,35,insufficient_history,uniform_within_month;recursive_future_months;not_35day_backtested
030201476_,шт,,IEK,2026-09-23,35,insufficient_history,uniform_within_month;recursive_future_months;not_35day_backtested
030201477_,шт,,IEK,2026-09-23,35,insufficient_history,uniform_within_month;recursive_future_months;not_35day_backtested
030201478_,шт,17.652404668953643,IEK,2026-09-23,35,approximate,uniform_within_month;recursive_future_months;not_35day_backtested
030201479_,шт,10.60115385328551,IEK,2026-09-23,35,approximate,uniform_within_month;recursive_future_months;not_35day_backtested
030201480_,шт,26.956211503569932,IEK,2026-09-23,35,approximate,uniform_within_month;recursive_future_months;not_35day_backtested
030201481_,шт,15.063280947789764,IEK,2026-09-23,35,approximate,uniform_within_month;recursive_future_months;not_35day_backtested
030201482_,шт,,IEK,2026-09-23,35,insufficient_history,uniform_within_month;recursive_future_months;not_35day_backtested
030201483_,шт,4.536361201447702,IEK,2026-09-23,35,approximate,uniform_within_month;recursive_future_months;not_35day_backtested
030201484_,шт,,IEK,2026-09-23,35,insufficient_history,uniform_within_month;recursive_future_months;not_35day_backtested
030201485_,шт,,IEK,2026-09-23,35,insufficient_history,uniform_within_month;recursive_future_months;not_35day_backtested
030201486_,шт,,IEK,2026-09-23,35,insufficient_history,uniform_within_month;recursive_future_months;not_35day_backtested
030300478_,,,IEK,2026-09-23,35,insufficient_history,uniform_within_month;recursive_future_months;not_35day_backtested
030300479_,,,IEK,2026-09-23,35,insufficient_history,uniform_within_month;recursive_future_months;not_35day_backtested
030300480_,,,IEK,2026-09-23,35,insufficient_history,uniform_within_month;recursive_future_months;not_35day_backtested
030300499_,,,IEK,2026-09-23,35,insufficient_history,uniform_within_month;recursive_future_months;not_35day_backtested
030300522_,,,IEK,2026-09-23,35,insufficient_history,uniform_within_month;recursive_future_months;not_35day_backtested
080400060_,,,IEK,2026-09-23,35,insufficient_history,uniform_within_month;recursive_future_months;not_35day_backtested
080400061_,,,IEK,2026-09-23,35,insufficient_history,uniform_within_month;recursive_future_months;not_35day_backtested
080400062_,,,IEK,2026-09-23,35,insufficient_history,uniform_within_month;recursive_future_months;not_35day_backtested
080400064_,,,IEK,2026-09-23,35,insufficient_history,uniform_within_month;recursive_future_months;not_35day_backtested
080800023_,шт,,IEK,2026-09-23,35,insufficient_history,uniform_within_month;recursive_future_months;not_35day_backtested
080800024_,шт,5.530685179396953,IEK,2026-09-23,35,approximate,uniform_within_month;recursive_future_months;not_35day_backtested
080800030_,шт,24.932617124027605,IEK,2026-09-23,35,approximate,uniform_within_month;recursive_future_months;not_35day_backtested
080800031_,шт,26.776635375980035,IEK,2026-09-23,35,approximate,uniform_within_month;recursive_future_months;not_35day_backtested
080800062_,шт,14.324026107495193,IEK,2026-09-23,35,approximate,uniform_within_month;recursive_future_months;not_35day_backtested
080800063_,шт,,IEK,2026-09-23,35,insufficient_history,uniform_within_month;recursive_future_months;not_35day_backtested
080800070_,шт,50.63219867877761,IEK,2026-09-23,35,approximate,uniform_within_month;recursive_future_months;not_35day_backtested
080800071_,шт,248.3049216766275,IEK,2026-09-23,35,approximate,uniform_within_month;recursive_future_months;not_35day_backtested
080800072_,шт,170.09912806993032,IEK,2026-09-23,35,approximate,uniform_within_month;recursive_future_months;not_35day_backtested
080800128_,шт,3.734245489617151,IEK,2026-09-23,35,approximate,uniform_within_month;recursive_future_months;not_35day_backtested
080800129_,шт,2.5531819235102837,IEK,2026-09-23,35,approximate,uniform_within_month;recursive_future_months;not_35day_backtested
080800130_,шт,3.028788444263741,IEK,2026-09-23,35,approximate,uniform_within_month;recursive_future_months;not_35day_backtested
080800131_,шт,2.1488071110037175,IEK,2026-09-23,35,approximate,uniform_within_month;recursive_future_months;not_35day_backtested
080800132_,шт,2.880653198023247,IEK,2026-09-23,35,approximate,uniform_within_month;recursive_future_months;not_35day_backtested
080800133_,шт,,IEK,2026-09-23,35,insufficient_history,uniform_within_month;recursive_future_months;not_35day_backtested
080800134_,шт,,IEK,2026-09-23,35,insufficient_history,uniform_within_month;recursive_future_months;not_35day_backtested
080800135_,шт,,IEK,2026-09-23,35,insufficient_history,uniform_within_month;recursive_future_months;not_35day_backtested
080800136_,шт,3.6721468555990118,IEK,2026-09-23,35,approximate,uniform_within_month;recursive_future_months;not_35day_backtested
080800137_,шт,2.480981444195379,IEK,2026-09-23,35,approximate,uniform_within_month;recursive_future_months;not_35day_backtested
080800138_,шт,2.1791284932734056,IEK,2026-09-23,35,approximate,uniform_within_month;recursive_future_months;not_35day_backtested
080800139_,шт,2.3532339598245757,IEK,2026-09-23,35,approximate,uniform_within_month;recursive_future_months;not_35day_backtested
080800140_,шт,3.9394059993505133,IEK,2026-09-23,35,approximate,uniform_within_month;recursive_future_months;not_35day_backtested
080800141_,шт,3.4127248438804005,IEK,2026-09-23,35,approximate,uniform_within_month;recursive_future_months;not_35day_backtested
081100276_,,,IEK,2026-09-23,35,insufficient_history,uniform_within_month;recursive_future_months;not_35day_backtested
081100277_,шт,14.493376782754527,IEK,2026-09-23,35,approximate,uniform_within_month;recursive_future_months;not_35day_backtested
081100278_,шт,9.928871344691329,IEK,2026-09-23,35,approximate,uniform_within_month;recursive_future_months;not_35day_backtested
081100279_,,,IEK,2026-09-23,35,insufficient_history,uniform_within_month;recursive_future_months;not_35day_backtested
081100280_,,,IEK,2026-09-23,35,insufficient_history,uniform_within_month;recursive_future_months;not_35day_backtested
081100281_,,,IEK,2026-09-23,35,insufficient_history,uniform_within_month;recursive_future_months;not_35day_backtested
081100282_,,,IEK,2026-09-23,35,insufficient_history,uniform_within_month;recursive_future_months;not_35day_backtested
081100283_,,,IEK,2026-09-23,35,insufficient_history,uniform_within_month;recursive_future_months;not_35day_backtested
081100284_,,,IEK,2026-09-23,35,insufficient_history,uniform_within_month;recursive_future_months;not_35day_backtested
081100285_,,,IEK,2026-09-23,35,insufficient_history,uniform_within_month;recursive_future_months;not_35day_backtested
081100286_,,,IEK,2026-09-23,35,insufficient_history,uniform_within_month;recursive_future_months;not_35day_backtested
081100287_,,,IEK,2026-09-23,35,insufficient_history,uniform_within_month;recursive_future_months;not_35day_backtested
081100288_,,,IEK,2026-09-23,35,insufficient_history,uniform_within_month;recursive_future_months;not_35day_backtested
081100289_,шт,7.041120324720384,IEK,2026-09-23,35,approximate,uniform_within_month;recursive_future_months;not_35day_backtested
081100290_,,,IEK,2026-09-23,35,insufficient_history,uniform_within_month;recursive_future_months;not_35day_backtested
081100302_,шт,,IEK,2026-09-23,35,insufficient_history,uniform_within_month;recursive_future_months;not_35day_backtested
081100306_,,,IEK,2026-09-23,35,insufficient_history,uniform_within_month;recursive_future_months;not_35day_backtested
081100308_,шт,,IEK,2026-09-23,35,insufficient_history,uniform_within_month;recursive_future_months;not_35day_backtested
081100309_,шт,,IEK,2026-09-23,35,insufficient_history,uniform_within_month;recursive_future_months;not_35day_backtested
081100310_,,,IEK,2026-09-23,35,insufficient_history,uniform_within_month;recursive_future_months;not_35day_backtested
081100336_,,,IEK,2026-09-23,35,insufficient_history,uniform_within_month;recursive_future_months;not_35day_backtested
081100338_,,,IEK,2026-09-23,35,insufficient_history,uniform_within_month;recursive_future_months;not_35day_backtested
081100339_,,,IEK,2026-09-23,35,insufficient_history,uniform_within_month;recursive_future_months;not_35day_backtested
081100340_,шт,,IEK,2026-09-23,35,insufficient_history,uniform_within_month;recursive_future_months;not_35day_backtested
081100372_,,,IEK,2026-09-23,35,insufficient_history,uniform_within_month;recursive_future_months;not_35day_backtested
081100373_,шт,,IEK,2026-09-23,35,insufficient_history,uniform_within_month;recursive_future_months;not_35day_backtested
081100374_,шт,,IEK,2026-09-23,35,insufficient_history,uniform_within_month;recursive_future_months;not_35day_backtested
081100375_,шт,,IEK,2026-09-23,35,insufficient_history,uniform_within_month;recursive_future_months;not_35day_backtested
081100391_,шт,35.80838094652433,IEK,2026-09-23,35,approximate,uniform_within_month;recursive_future_months;not_35day_backtested
081100392_,шт,150.59774724145058,IEK,2026-09-23,35,approximate,uniform_within_month;recursive_future_months;not_35day_backtested
081100393_,шт,210.47730269748797,IEK,2026-09-23,35,approximate,uniform_within_month;recursive_future_months;not_35day_backtested
081100598_,шт,,IEK,2026-09-23,35,insufficient_history,uniform_within_month;recursive_future_months;not_35day_backtested
081100604_,шт,,IEK,2026-09-23,35,insufficient_history,uniform_within_month;recursive_future_months;not_35day_backtested
081100635_,шт,76.2490899879786,IEK,2026-09-23,35,approximate,uniform_within_month;recursive_future_months;not_35day_backtested
081100641_,шт,15.17338627167949,IEK,2026-09-23,35,approximate,uniform_within_month;recursive_future_months;not_35day_backtested
081100642_,шт,6.678703738734667,IEK,2026-09-23,35,approximate,uniform_within_month;recursive_future_months;not_35day_backtested
081100643_,шт,7.373530313938138,IEK,2026-09-23,35,approximate,uniform_within_month;recursive_future_months;not_35day_backtested
081100702_,шт,7.694856931312733,IEK,2026-09-23,35,approximate,uniform_within_month;recursive_future_months;not_35day_backtested
081100703_,,,IEK,2026-09-23,35,insufficient_history,uniform_within_month;recursive_future_months;not_35day_backtested
081100704_,шт,20.087764230361557,IEK,2026-09-23,35,approximate,uniform_within_month;recursive_future_months;not_35day_backtested
081100705_,шт,6.595161727326424,IEK,2026-09-23,35,approximate,uniform_within_month;recursive_future_months;not_35day_backtested
081100706_,шт,7.096349452591105,IEK,2026-09-23,35,approximate,uniform_within_month;recursive_future_months;not_35day_backtested
081100707_,шт,26.734496870100987,IEK,2026-09-23,35,approximate,uniform_within_month;recursive_future_months;not_35day_backtested
081100708_,шт,8.181530009646323,IEK,2026-09-23,35,approximate,uniform_within_month;recursive_future_months;not_35day_backtested
081100709_,шт,6.035954902034948,IEK,2026-09-23,35,approximate,uniform_within_month;recursive_future_months;not_35day_backtested
081100710_,шт,82.81517131284447,IEK,2026-09-23,35,approximate,uniform_within_month;recursive_future_months;not_35day_backtested
081100711_,шт,13.089089949912118,IEK,2026-09-23,35,approximate,uniform_within_month;recursive_future_months;not_35day_backtested
081100712_,шт,11.439146202366267,IEK,2026-09-23,35,approximate,uniform_within_month;recursive_future_months;not_35day_backtested
081100713_,шт,16.039715397283253,IEK,2026-09-23,35,approximate,uniform_within_month;recursive_future_months;not_35day_backtested
081100714_,шт,11.526689409800415,IEK,2026-09-23,35,approximate,uniform_within_month;recursive_future_months;not_35day_backtested
081100715_,шт,4.017229539450828,IEK,2026-09-23,35,approximate,uniform_within_month;recursive_future_months;not_35day_backtested
081100716_,шт,11.33631123467262,IEK,2026-09-23,35,approximate,uniform_within_month;recursive_future_months;not_35day_backtested
081100717_,шт,19.61077203732031,IEK,2026-09-23,35,approximate,uniform_within_month;recursive_future_months;not_35day_backtested
081100718_,шт,6.385698826216411,IEK,2026-09-23,35,approximate,uniform_within_month;recursive_future_months;not_35day_backtested
081100719_,шт,3.91826096134731,IEK,2026-09-23,35,approximate,uniform_within_month;recursive_future_months;not_35day_backtested
081100720_,шт,5.078309047831304,IEK,2026-09-23,35,approximate,uniform_within_month;recursive_future_months;not_35day_backtested
081100721_,шт,25.663038623703176,IEK,2026-09-23,35,approximate,uniform_within_month;recursive_future_months;not_35day_backtested
081100722_,шт,6.978193473583265,IEK,2026-09-23,35,approximate,uniform_within_month;recursive_future_months;not_35day_backtested
081100723_,шт,5.211717754560942,IEK,2026-09-23,35,approximate,uniform_within_month;recursive_future_months;not_35day_backtested
081100724_,шт,2.617898642290166,IEK,2026-09-23,35,approximate,uniform_within_month;recursive_future_months;not_35day_backtested
081100743_,шт,6.776108356487695,IEK,2026-09-23,35,approximate,uniform_within_month;recursive_future_months;not_35day_backtested
081100744_,шт,10.86136695521745,IEK,2026-09-23,35,approximate,uniform_within_month;recursive_future_months;not_35day_backtested
081100745_,шт,184.94912894519484,IEK,2026-09-23,35,approximate,uniform_within_month;recursive_future_months;not_35day_backtested
081100746_,шт,37.694675910930336,IEK,2026-09-23,35,approximate,uniform_within_month;recursive_future_months;not_35day_backtested
081100747_,шт,151.63708323776058,IEK,2026-09-23,35,approximate,uniform_within_month;recursive_future_months;not_35day_backtested
081100748_,шт,,IEK,2026-09-23,35,insufficient_history,uniform_within_month;recursive_future_months;not_35day_backtested
081100749_,шт,167.18610518139255,IEK,2026-09-23,35,approximate,uniform_within_month;recursive_future_months;not_35day_backtested
081100750_,шт,13.403910390341338,IEK,2026-09-23,35,approximate,uniform_within_month;recursive_future_months;not_35day_backtested
081100751_,шт,6.58577413453917,IEK,2026-09-23,35,approximate,uniform_within_month;recursive_future_months;not_35day_backtested
081100752_,шт,6.112741606077648,IEK,2026-09-23,35,approximate,uniform_within_month;recursive_future_months;not_35day_backtested
081100753_,шт,,IEK,2026-09-23,35,insufficient_history,uniform_within_month;recursive_future_months;not_35day_backtested
081100754_,шт,,IEK,2026-09-23,35,insufficient_history,uniform_within_month;recursive_future_months;not_35day_backtested
081100755_,шт,,IEK,2026-09-23,35,insufficient_history,uniform_within_month;recursive_future_months;not_35day_backtested
081100756_,,,IEK,2026-09-23,35,insufficient_history,uniform_within_month;recursive_future_months;not_35day_backtested
081100757_,шт,6.393451970639603,IEK,2026-09-23,35,approximate,uniform_within_month;recursive_future_months;not_35day_backtested
081100758_,шт,3.890969174545192,IEK,2026-09-23,35,approximate,uniform_within_month;recursive_future_months;not_35day_backtested
081100759_,шт,3.6528236761201356,IEK,2026-09-23,35,approximate,uniform_within_month;recursive_future_months;not_35day_backtested
081100760_,шт,2.948092419236343,IEK,2026-09-23,35,approximate,uniform_within_month;recursive_future_months;not_35day_backtested
081100761_,шт,3.82320908415345,IEK,2026-09-23,35,approximate,uniform_within_month;recursive_future_months;not_35day_backtested
081100762_,,,IEK,2026-09-23,35,insufficient_history,uniform_within_month;recursive_future_months;not_35day_backtested
081100766_,шт,4.2797047060323115,IEK,2026-09-23,35,approximate,uniform_within_month;recursive_future_months;not_35day_backtested
081100767_,шт,4.245887560574069,IEK,2026-09-23,35,approximate,uniform_within_month;recursive_future_months;not_35day_backtested
081100768_,шт,5.832797154572127,IEK,2026-09-23,35,approximate,uniform_within_month;recursive_future_months;not_35day_backtested
081100769_,шт,19.856838549689144,IEK,2026-09-23,35,approximate,uniform_within_month;recursive_future_months;not_35day_backtested
081100771_,шт,4.99950717412793,IEK,2026-09-23,35,approximate,uniform_within_month;recursive_future_months;not_35day_backtested
081100772_,шт,8.274111060745172,IEK,2026-09-23,35,approximate,uniform_within_month;recursive_future_months;not_35day_backtested
081100774_,шт,17.928118309891435,IEK,2026-09-23,35,approximate,uniform_within_month;recursive_future_months;not_35day_backtested
081100776_,шт,5.840463343085751,IEK,2026-09-23,35,approximate,uniform_within_month;recursive_future_months;not_35day_backtested
081100777_,шт,5.284375812810358,IEK,2026-09-23,35,approximate,uniform_within_month;recursive_future_months;not_35day_backtested
081100778_,шт,4.40704339945264,IEK,2026-09-23,35,approximate,uniform_within_month;recursive_future_months;not_35day_backtested
081100779_,шт,3.589239423864002,IEK,2026-09-23,35,approximate,uniform_within_month;recursive_future_months;not_35day_backtested
081100780_,шт,14.377445603768274,IEK,2026-09-23,35,approximate,uniform_within_month;recursive_future_months;not_35day_backtested
081100781_,шт,11.611839530332979,IEK,2026-09-23,35,approximate,uniform_within_month;recursive_future_months;not_35day_backtested
114001002_,шт,4.022784621311629,IEK,2026-09-23,35,approximate,uniform_within_month;recursive_future_months;not_35day_backtested
114001003_,шт,,IEK,2026-09-23,35,insufficient_history,uniform_within_month;recursive_future_months;not_35day_backtested
114001010_,шт,3.543925350299652,IEK,2026-09-23,35,approximate,uniform_within_month;recursive_future_months;not_35day_backtested
120100001_,шт,90.5756352738762,IEK,2026-09-23,35,approximate,uniform_within_month;recursive_future_months;not_35day_backtested
120100002_,шт,94.35474093284023,IEK,2026-09-23,35,approximate,uniform_within_month;recursive_future_months;not_35day_backtested
120100003_,шт,3.2695234691175763,IEK,2026-09-23,35,approximate,uniform_within_month;recursive_future_months;not_35day_backtested
120100004_,шт,111.92558458918852,IEK,2026-09-23,35,approximate,uniform_within_month;recursive_future_months;not_35day_backtested
120100005_,шт,7.81383795077055,IEK,2026-09-23,35,approximate,uniform_within_month;recursive_future_months;not_35day_backtested
120100006_,шт,193.17202010712938,IEK,2026-09-23,35,approximate,uniform_within_month;recursive_future_months;not_35day_backtested
120100008_,шт,7.512005840213308,IEK,2026-09-23,35,approximate,uniform_within_month;recursive_future_months;not_35day_backtested
120100009_,,,IEK,2026-09-23,35,insufficient_history,uniform_within_month;recursive_future_months;not_35day_backtested
120100010_,шт,3.08912082730386,IEK,2026-09-23,35,approximate,uniform_within_month;recursive_future_months;not_35day_backtested
120100011_,шт,61.012500907669754,IEK,2026-09-23,35,approximate,uniform_within_month;recursive_future_months;not_35day_backtested
120100012_,,,IEK,2026-09-23,35,insufficient_history,uniform_within_month;recursive_future_months;not_35day_backtested
120100013_,шт,29.131145371518972,IEK,2026-09-23,35,approximate,uniform_within_month;recursive_future_months;not_35day_backtested
120100016_,шт,35.62510383770654,IEK,2026-09-23,35,approximate,uniform_within_month;recursive_future_months;not_35day_backtested
120100018_,шт,,IEK,2026-09-23,35,insufficient_history,uniform_within_month;recursive_future_months;not_35day_backtested
120100030_,шт,151.4281189280951,IEK,2026-09-23,35,approximate,uniform_within_month;recursive_future_months;not_35day_backtested
120100031_,шт,,IEK,2026-09-23,35,insufficient_history,uniform_within_month;recursive_future_months;not_35day_backtested
120100032_,шт,8.535749696542668,IEK,2026-09-23,35,approximate,uniform_within_month;recursive_future_months;not_35day_backtested
120100033_,шт,16.191055015843975,IEK,2026-09-23,35,approximate,uniform_within_month;recursive_future_months;not_35day_backtested
120100034_,шт,29.360711428314204,IEK,2026-09-23,35,approximate,uniform_within_month;recursive_future_months;not_35day_backtested
120100035_,шт,47.555519435211885,IEK,2026-09-23,35,approximate,uniform_within_month;recursive_future_months;not_35day_backtested
120100036_,шт,42.284441337515844,IEK,2026-09-23,35,approximate,uniform_within_month;recursive_future_months;not_35day_backtested
120100037_,шт,17.364839206333865,IEK,2026-09-23,35,approximate,uniform_within_month;recursive_future_months;not_35day_backtested
120100038_,шт,5.294172461365932,IEK,2026-09-23,35,approximate,uniform_within_month;recursive_future_months;not_35day_backtested
120100041_,шт,26.20395634551965,IEK,2026-09-23,35,approximate,uniform_within_month;recursive_future_months;not_35day_backtested
120100042_,шт,9.260250123371554,IEK,2026-09-23,35,approximate,uniform_within_month;recursive_future_months;not_35day_backtested
120100043_,шт,11.55605117442012,IEK,2026-09-23,35,approximate,uniform_within_month;recursive_future_months;not_35day_backtested
120100044_,шт,3.7284674886185076,IEK,2026-09-23,35,approximate,uniform_within_month;recursive_future_months;not_35day_backtested
120100045_,шт,3.283451848391551,IEK,2026-09-23,35,approximate,uniform_within_month;recursive_future_months;not_35day_backtested
120100046_,шт,3.0185453037456496,IEK,2026-09-23,35,approximate,uniform_within_month;recursive_future_months;not_35day_backtested
120100047_,шт,4.8914650131170445,IEK,2026-09-23,35,approximate,uniform_within_month;recursive_future_months;not_35day_backtested
120100049_,,,IEK,2026-09-23,35,insufficient_history,uniform_within_month;recursive_future_months;not_35day_backtested
120100050_,шт,4.939776929401428,IEK,2026-09-23,35,approximate,uniform_within_month;recursive_future_months;not_35day_backtested
120100054_,шт,,IEK,2026-09-23,35,insufficient_history,uniform_within_month;recursive_future_months;not_35day_backtested
120100055_,шт,38.467182533438084,IEK,2026-09-23,35,approximate,uniform_within_month;recursive_future_months;not_35day_backtested
120100056_,шт,12.172910156838752,IEK,2026-09-23,35,approximate,uniform_within_month;recursive_future_months;not_35day_backtested
120100057_,шт,12.927703063341129,IEK,2026-09-23,35,approximate,uniform_within_month;recursive_future_months;not_35day_backtested
120100058_,шт,13.983986658857543,IEK,2026-09-23,35,approximate,uniform_within_month;recursive_future_months;not_35day_backtested
120100059_,шт,5.835796208521094,IEK,2026-09-23,35,approximate,uniform_within_month;recursive_future_months;not_35day_backtested
120100060_,шт,3.1330946114601383,IEK,2026-09-23,35,approximate,uniform_within_month;recursive_future_months;not_35day_backtested
120100065_,,,IEK,2026-09-23,35,insufficient_history,uniform_within_month;recursive_future_months;not_35day_backtested
120100066_,шт,2.1488071110037175,IEK,2026-09-23,35,approximate,uniform_within_month;recursive_future_months;not_35day_backtested
120100067_,шт,,IEK,2026-09-23,35,insufficient_history,uniform_within_month;recursive_future_months;not_35day_backtested
120100068_,шт,,IEK,2026-09-23,35,insufficient_history,uniform_within_month;recursive_future_months;not_35day_backtested
120100069_,шт,7.025328477212663,IEK,2026-09-23,35,approximate,uniform_within_month;recursive_future_months;not_35day_backtested
120100070_,шт,14.116045938889386,IEK,2026-09-23,35,approximate,uniform_within_month;recursive_future_months;not_35day_backtested
120100071_,шт,7.083187326522272,IEK,2026-09-23,35,approximate,uniform_within_month;recursive_future_months;not_35day_backtested
120100072_,шт,12.096143918889506,IEK,2026-09-23,35,approximate,uniform_within_month;recursive_future_months;not_35day_backtested
120100073_,шт,4.93149277772909,IEK,2026-09-23,35,approximate,uniform_within_month;recursive_future_months;not_35day_backtested
120100074_,,,IEK,2026-09-23,35,insufficient_history,uniform_within_month;recursive_future_months;not_35day_backtested
120100075_,,,IEK,2026-09-23,35,insufficient_history,uniform_within_month;recursive_future_months;not_35day_backtested
120100076_,,,IEK,2026-09-23,35,insufficient_history,uniform_within_month;recursive_future_months;not_35day_backtested
120100077_,,,IEK,2026-09-23,35,insufficient_history,uniform_within_month;recursive_future_months;not_35day_backtested
120100079_,шт,,IEK,2026-09-23,35,insufficient_history,uniform_within_month;recursive_future_months;not_35day_backtested
120100080_,шт,2.9507989067004337,IEK,2026-09-23,35,approximate,uniform_within_month;recursive_future_months;not_35day_backtested
120100081_,шт,15.25917797969402,IEK,2026-09-23,35,approximate,uniform_within_month;recursive_future_months;not_35day_backtested
120100085_,шт,9.508563816264719,IEK,2026-09-23,35,approximate,uniform_within_month;recursive_future_months;not_35day_backtested
120100086_,шт,4.960254836091202,IEK,2026-09-23,35,approximate,uniform_within_month;recursive_future_months;not_35day_backtested
120100087_,шт,4.89337412814217,IEK,2026-09-23,35,approximate,uniform_within_month;recursive_future_months;not_35day_backtested
120100088_,шт,2.2742073855122835,IEK,2026-09-23,35,approximate,uniform_within_month;recursive_future_months;not_35day_backtested
120100089_,шт,4.475013986102244,IEK,2026-09-23,35,approximate,uniform_within_month;recursive_future_months;not_35day_backtested
120100118_,шт,66.64705919117982,IEK,2026-09-23,35,approximate,uniform_within_month;recursive_future_months;not_35day_backtested
120100119_,шт,24.328770909356642,IEK,2026-09-23,35,approximate,uniform_within_month;recursive_future_months;not_35day_backtested
120100122_,шт,3.5100572700397548,IEK,2026-09-23,35,approximate,uniform_within_month;recursive_future_months;not_35day_backtested
120100178_,,,IEK,2026-09-23,35,insufficient_history,uniform_within_month;recursive_future_months;not_35day_backtested
120100188_,,,IEK,2026-09-23,35,insufficient_history,uniform_within_month;recursive_future_months;not_35day_backtested
120100203_,шт,,IEK,2026-09-23,35,insufficient_history,uniform_within_month;recursive_future_months;not_35day_backtested
120100216_,шт,,IEK,2026-09-23,35,insufficient_history,uniform_within_month;recursive_future_months;not_35day_backtested
120100219_,шт,,IEK,2026-09-23,35,insufficient_history,uniform_within_month;recursive_future_months;not_35day_backtested
120100220_,шт,,IEK,2026-09-23,35,insufficient_history,uniform_within_month;recursive_future_months;not_35day_backtested
120100221_,,,IEK,2026-09-23,35,insufficient_history,uniform_within_month;recursive_future_months;not_35day_backtested
120100231_,,,IEK,2026-09-23,35,insufficient_history,uniform_within_month;recursive_future_months;not_35day_backtested
120100306_,шт,146.67147446094026,IEK,2026-09-23,35,approximate,uniform_within_month;recursive_future_months;not_35day_backtested
120100307_,шт,9.598627067638999,IEK,2026-09-23,35,approximate,uniform_within_month;recursive_future_months;not_35day_backtested
120100308_,шт,13.14768651264087,IEK,2026-09-23,35,approximate,uniform_within_month;recursive_future_months;not_35day_backtested
120100309_,шт,39.27307186782334,IEK,2026-09-23,35,approximate,uniform_within_month;recursive_future_months;not_35day_backtested
120100319_,шт,,IEK,2026-09-23,35,insufficient_history,uniform_within_month;recursive_future_months;not_35day_backtested
120100320_,,,IEK,2026-09-23,35,insufficient_history,uniform_within_month;recursive_future_months;not_35day_backtested
120100322_,,,IEK,2026-09-23,35,insufficient_history,uniform_within_month;recursive_future_months;not_35day_backtested
120100325_,шт,27.138737087875903,IEK,2026-09-23,35,approximate,uniform_within_month;recursive_future_months;not_35day_backtested
120300008_,шт,8.4004633169197,IEK,2026-09-23,35,approximate,uniform_within_month;recursive_future_months;not_35day_backtested
120300023_,шт,2.7209470958584268,IEK,2026-09-23,35,approximate,uniform_within_month;recursive_future_months;not_35day_backtested
130200006_,шт,17.023748971975323,IEK,2026-09-23,35,approximate,uniform_within_month;recursive_future_months;not_35day_backtested
130200007_,шт,21.716146162151595,IEK,2026-09-23,35,approximate,uniform_within_month;recursive_future_months;not_35day_backtested
130200008_,шт,3.2674863203489366,IEK,2026-09-23,35,approximate,uniform_within_month;recursive_future_months;not_35day_backtested
130200012_,м,220.1635457602271,IEK,2026-09-23,35,approximate,uniform_within_month;recursive_future_months;not_35day_backtested
130200013_,м,15.975381655355616,IEK,2026-09-23,35,approximate,uniform_within_month;recursive_future_months;not_35day_backtested
130200015_,м,120.54036485321562,IEK,2026-09-23,35,approximate,uniform_within_month;recursive_future_months;not_35day_backtested
130200016_,шт,285.14649105910064,IEK,2026-09-23,35,approximate,uniform_within_month;recursive_future_months;not_35day_backtested
130200019_,шт,4.333007221251329,IEK,2026-09-23,35,approximate,uniform_within_month;recursive_future_months;not_35day_backtested
130200020_,шт,10.064654071556081,IEK,2026-09-23,35,approximate,uniform_within_month;recursive_future_months;not_35day_backtested
130200021_,шт,17.88208058737417,IEK,2026-09-23,35,approximate,uniform_within_month;recursive_future_months;not_35day_backtested
130200022_,шт,7.03551419219076,IEK,2026-09-23,35,approximate,uniform_within_month;recursive_future_months;not_35day_backtested
130200023_,шт,33.40794230237918,IEK,2026-09-23,35,approximate,uniform_within_month;recursive_future_months;not_35day_backtested
130200028_,,,IEK,2026-09-23,35,insufficient_history,uniform_within_month;recursive_future_months;not_35day_backtested
130200032_,шт,62.774008049956706,IEK,2026-09-23,35,approximate,uniform_within_month;recursive_future_months;not_35day_backtested
130200034_,шт,,IEK,2026-09-23,35,insufficient_history,uniform_within_month;recursive_future_months;not_35day_backtested
130200035_,шт,,IEK,2026-09-23,35,insufficient_history,uniform_within_month;recursive_future_months;not_35day_backtested
130200036_,шт,186.60636539789553,IEK,2026-09-23,35,approximate,uniform_within_month;recursive_future_months;not_35day_backtested
130200063_,шт,15.14245013047617,IEK,2026-09-23,35,approximate,uniform_within_month;recursive_future_months;not_35day_backtested
130200073_,шт,67.41700636032894,IEK,2026-09-23,35,approximate,uniform_within_month;recursive_future_months;not_35day_backtested
130200074_,шт,23.72988938454874,IEK,2026-09-23,35,approximate,uniform_within_month;recursive_future_months;not_35day_backtested
130200075_,шт,24.389851577772653,IEK,2026-09-23,35,approximate,uniform_within_month;recursive_future_months;not_35day_backtested
130200080_,,,IEK,2026-09-23,35,insufficient_history,uniform_within_month;recursive_future_months;not_35day_backtested
130200082_,,,IEK,2026-09-23,35,insufficient_history,uniform_within_month;recursive_future_months;not_35day_backtested
130200085_,шт,6.269296193320172,IEK,2026-09-23,35,approximate,uniform_within_month;recursive_future_months;not_35day_backtested
130200089_,шт,48.929459348944135,IEK,2026-09-23,35,approximate,uniform_within_month;recursive_future_months;not_35day_backtested
130200120_,шт,72.10791157451447,IEK,2026-09-23,35,approximate,uniform_within_month;recursive_future_months;not_35day_backtested
130200121_,шт,155.31902994247451,IEK,2026-09-23,35,approximate,uniform_within_month;recursive_future_months;not_35day_backtested
130200122_,шт,188.6752846869245,IEK,2026-09-23,35,approximate,uniform_within_month;recursive_future_months;not_35day_backtested
130200123_,шт,247.19315813037133,IEK,2026-09-23,35,approximate,uniform_within_month;recursive_future_months;not_35day_backtested
130200124_,шт,236.08586068290796,IEK,2026-09-23,35,approximate,uniform_within_month;recursive_future_months;not_35day_backtested
130200125_,шт,41.53337776934487,IEK,2026-09-23,35,approximate,uniform_within_month;recursive_future_months;not_35day_backtested
130200126_,шт,13.306361773955377,IEK,2026-09-23,35,approximate,uniform_within_month;recursive_future_months;not_35day_backtested
130200127_,шт,10.193668133793569,IEK,2026-09-23,35,approximate,uniform_within_month;recursive_future_months;not_35day_backtested
130200128_,шт,52.1545381139522,IEK,2026-09-23,35,approximate,uniform_within_month;recursive_future_months;not_35day_backtested
130200131_,шт,,IEK,2026-09-23,35,insufficient_history,uniform_within_month;recursive_future_months;not_35day_backtested
130200133_,шт,47.22206633203727,IEK,2026-09-23,35,approximate,uniform_within_month;recursive_future_months;not_35day_backtested
130200134_,шт,78.42064962286229,IEK,2026-09-23,35,approximate,uniform_within_month;recursive_future_months;not_35day_backtested
130200135_,шт,62.52323929394137,IEK,2026-09-23,35,approximate,uniform_within_month;recursive_future_months;not_35day_backtested
130200136_,шт,62.96949287918456,IEK,2026-09-23,35,approximate,uniform_within_month;recursive_future_months;not_35day_backtested
130200154_,шт,24.809878938985676,IEK,2026-09-23,35,approximate,uniform_within_month;recursive_future_months;not_35day_backtested
130200159_,шт,2.4754721554192747,IEK,2026-09-23,35,approximate,uniform_within_month;recursive_future_months;not_35day_backtested
130200160_,,,IEK,2026-09-23,35,insufficient_history,uniform_within_month;recursive_future_months;not_35day_backtested
130200183_,шт,7.921856671753927,IEK,2026-09-23,35,approximate,uniform_within_month;recursive_future_months;not_35day_backtested
130200184_,шт,11.217708704346204,IEK,2026-09-23,35,approximate,uniform_within_month;recursive_future_months;not_35day_backtested
130200185_,шт,6.9375633632397475,IEK,2026-09-23,35,approximate,uniform_within_month;recursive_future_months;not_35day_backtested
130200285_,шт,,IEK,2026-09-23,35,insufficient_history,uniform_within_month;recursive_future_months;not_35day_backtested
130200298_,шт,5.378958394299947,IEK,2026-09-23,35,approximate,uniform_within_month;recursive_future_months;not_35day_backtested
130200299_,шт,,IEK,2026-09-23,35,insufficient_history,uniform_within_month;recursive_future_months;not_35day_backtested
130200300_,шт,8.024817209938268,IEK,2026-09-23,35,approximate,uniform_within_month;recursive_future_months;not_35day_backtested
130200301_,шт,3.2540966949090886,IEK,2026-09-23,35,approximate,uniform_within_month;recursive_future_months;not_35day_backtested
130200302_,шт,2.28625372405184,IEK,2026-09-23,35,approximate,uniform_within_month;recursive_future_months;not_35day_backtested
130200305_,шт,,IEK,2026-09-23,35,insufficient_history,uniform_within_month;recursive_future_months;not_35day_backtested
130200313_,шт,,IEK,2026-09-23,35,insufficient_history,uniform_within_month;recursive_future_months;not_35day_backtested
130200314_,шт,,IEK,2026-09-23,35,insufficient_history,uniform_within_month;recursive_future_months;not_35day_backtested
130200315_,,,IEK,2026-09-23,35,insufficient_history,uniform_within_month;recursive_future_months;not_35day_backtested
130200339_,,,IEK,2026-09-23,35,insufficient_history,uniform_within_month;recursive_future_months;not_35day_backtested
130200340_,шт,3.704586249710562,IEK,2026-09-23,35,approximate,uniform_within_month;recursive_future_months;not_35day_backtested
130200341_,,,IEK,2026-09-23,35,insufficient_history,uniform_within_month;recursive_future_months;not_35day_backtested
130200342_,шт,,IEK,2026-09-23,35,insufficient_history,uniform_within_month;recursive_future_months;not_35day_backtested
130200343_,шт,4.447677897136612,IEK,2026-09-23,35,approximate,uniform_within_month;recursive_future_months;not_35day_backtested
130200378_,шт,49.539345360546506,IEK,2026-09-23,35,approximate,uniform_within_month;recursive_future_months;not_35day_backtested
130200381_,шт,21.933982629152844,IEK,2026-09-23,35,approximate,uniform_within_month;recursive_future_months;not_35day_backtested
130200387_,шт,,IEK,2026-09-23,35,insufficient_history,uniform_within_month;recursive_future_months;not_35day_backtested
130200409_,шт,89.86635273726253,IEK,2026-09-23,35,approximate,uniform_within_month;recursive_future_months;not_35day_backtested
130200413_,шт,1.8875980834043276,IEK,2026-09-23,35,approximate,uniform_within_month;recursive_future_months;not_35day_backtested
130200414_,шт,3.3175874110896886,IEK,2026-09-23,35,approximate,uniform_within_month;recursive_future_months;not_35day_backtested
130200415_,шт,2.226280705147325,IEK,2026-09-23,35,approximate,uniform_within_month;recursive_future_months;not_35day_backtested
130200416_,шт,2.6082493610609006,IEK,2026-09-23,35,approximate,uniform_within_month;recursive_future_months;not_35day_backtested
130200417_,шт,,IEK,2026-09-23,35,insufficient_history,uniform_within_month;recursive_future_months;not_35day_backtested
130200418_,шт,2.0585051705349033,IEK,2026-09-23,35,approximate,uniform_within_month;recursive_future_months;not_35day_backtested
130200419_,шт,2.488801802307774,IEK,2026-09-23,35,approximate,uniform_within_month;recursive_future_months;not_35day_backtested
130200420_,шт,3.497153512076761,IEK,2026-09-23,35,approximate,uniform_within_month;recursive_future_months;not_35day_backtested
130200421_,шт,3.2529716196571767,IEK,2026-09-23,35,approximate,uniform_within_month;recursive_future_months;not_35day_backtested
130200422_,шт,7.683967803102752,IEK,2026-09-23,35,approximate,uniform_within_month;recursive_future_months;not_35day_backtested
130200423_,шт,5.500382533652407,IEK,2026-09-23,35,approximate,uniform_within_month;recursive_future_months;not_35day_backtested
130200424_,шт,2.742206409681888,IEK,2026-09-23,35,approximate,uniform_within_month;recursive_future_months;not_35day_backtested
130200425_,шт,4.3870157667865435,IEK,2026-09-23,35,approximate,uniform_within_month;recursive_future_months;not_35day_backtested
130200426_,шт,3.3966973095630464,IEK,2026-09-23,35,approximate,uniform_within_month;recursive_future_months;not_35day_backtested
130200430_,шт,4.869529338395242,IEK,2026-09-23,35,approximate,uniform_within_month;recursive_future_months;not_35day_backtested
130200431_,шт,4.454884456279616,IEK,2026-09-23,35,approximate,uniform_within_month;recursive_future_months;not_35day_backtested
130200432_,шт,3.1970325941077493,IEK,2026-09-23,35,approximate,uniform_within_month;recursive_future_months;not_35day_backtested
130200433_,шт,3.4980538855364287,IEK,2026-09-23,35,approximate,uniform_within_month;recursive_future_months;not_35day_backtested
130200434_,шт,2.476092626614983,IEK,2026-09-23,35,approximate,uniform_within_month;recursive_future_months;not_35day_backtested
130200435_,шт,8.385708799077465,IEK,2026-09-23,35,approximate,uniform_within_month;recursive_future_months;not_35day_backtested
130200436_,шт,5.129841312959297,IEK,2026-09-23,35,approximate,uniform_within_month;recursive_future_months;not_35day_backtested
130200437_,шт,3.609988353511473,IEK,2026-09-23,35,approximate,uniform_within_month;recursive_future_months;not_35day_backtested
130200438_,шт,3.370338882111402,IEK,2026-09-23,35,approximate,uniform_within_month;recursive_future_months;not_35day_backtested
130200439_,шт,3.1379455501022084,IEK,2026-09-23,35,approximate,uniform_within_month;recursive_future_months;not_35day_backtested
130200440_,шт,2.327884576941992,IEK,2026-09-23,35,approximate,uniform_within_month;recursive_future_months;not_35day_backtested
130200441_,шт,5.284228633061213,IEK,2026-09-23,35,approximate,uniform_within_month;recursive_future_months;not_35day_backtested
130200442_,шт,4.2087785277461025,IEK,2026-09-23,35,approximate,uniform_within_month;recursive_future_months;not_35day_backtested
130200443_,шт,2.6642295015315005,IEK,2026-09-23,35,approximate,uniform_within_month;recursive_future_months;not_35day_backtested
130200444_,шт,3.0741316005954338,IEK,2026-09-23,35,approximate,uniform_within_month;recursive_future_months;not_35day_backtested
130200445_,шт,2.535207623382534,IEK,2026-09-23,35,approximate,uniform_within_month;recursive_future_months;not_35day_backtested
130200490_,шт,,IEK,2026-09-23,35,insufficient_history,uniform_within_month;recursive_future_months;not_35day_backtested
130200491_,шт,2.4958980539395945,IEK,2026-09-23,35,approximate,uniform_within_month;recursive_future_months;not_35day_backtested
130200492_,шт,2.7883631491607836,IEK,2026-09-23,35,approximate,uniform_within_month;recursive_future_months;not_35day_backtested
130200493_,шт,2.3198416119861456,IEK,2026-09-23,35,approximate,uniform_within_month;recursive_future_months;not_35day_backtested
130200494_,шт,,IEK,2026-09-23,35,insufficient_history,uniform_within_month;recursive_future_months;not_35day_backtested
130300003_,шт,7.930866846493435,IEK,2026-09-23,35,approximate,uniform_within_month;recursive_future_months;not_35day_backtested
130300004_,шт,8.706652102655077,IEK,2026-09-23,35,approximate,uniform_within_month;recursive_future_months;not_35day_backtested
130300005_,шт,17.73815066076173,IEK,2026-09-23,35,approximate,uniform_within_month;recursive_future_months;not_35day_backtested
130300006_,шт,17.776638571213333,IEK,2026-09-23,35,approximate,uniform_within_month;recursive_future_months;not_35day_backtested
130300020_,шт,57.161062840562195,IEK,2026-09-23,35,approximate,uniform_within_month;recursive_future_months;not_35day_backtested
130300021_,шт,27.854358538038728,IEK,2026-09-23,35,approximate,uniform_within_month;recursive_future_months;not_35day_backtested
130300022_,шт,32.109229004731084,IEK,2026-09-23,35,approximate,uniform_within_month;recursive_future_months;not_35day_backtested
130300032_,,,IEK,2026-09-23,35,insufficient_history,uniform_within_month;recursive_future_months;not_35day_backtested
130300033_,шт,3.364217088386638,IEK,2026-09-23,35,approximate,uniform_within_month;recursive_future_months;not_35day_backtested
130300035_,шт,,IEK,2026-09-23,35,insufficient_history,uniform_within_month;recursive_future_months;not_35day_backtested
130300036_,,,IEK,2026-09-23,35,insufficient_history,uniform_within_month;recursive_future_months;not_35day_backtested
130300037_,шт,,IEK,2026-09-23,35,insufficient_history,uniform_within_month;recursive_future_months;not_35day_backtested
130300038_,шт,,IEK,2026-09-23,35,insufficient_history,uniform_within_month;recursive_future_months;not_35day_backtested
130300039_,шт,13.415940202496616,IEK,2026-09-23,35,approximate,uniform_within_month;recursive_future_months;not_35day_backtested
130300040_,шт,2.5332167552325906,IEK,2026-09-23,35,approximate,uniform_within_month;recursive_future_months;not_35day_backtested
130300041_,шт,28.071559640139927,IEK,2026-09-23,35,approximate,uniform_within_month;recursive_future_months;not_35day_backtested
130300042_,,,IEK,2026-09-23,35,insufficient_history,uniform_within_month;recursive_future_months;not_35day_backtested
130300080_,шт,54.58213625462987,IEK,2026-09-23,35,approximate,uniform_within_month;recursive_future_months;not_35day_backtested
130300084_,шт,15.39607361165282,IEK,2026-09-23,35,approximate,uniform_within_month;recursive_future_months;not_35day_backtested
130300089_,упак,16.698880985496185,IEK,2026-09-23,35,approximate,uniform_within_month;recursive_future_months;not_35day_backtested
130300090_,упак,2.0959402002900958,IEK,2026-09-23,35,approximate,uniform_within_month;recursive_future_months;not_35day_backtested
130300091_,упак,8.111935418709407,IEK,2026-09-23,35,approximate,uniform_within_month;recursive_future_months;not_35day_backtested
130300101_,шт,10.327504389275976,IEK,2026-09-23,35,approximate,uniform_within_month;recursive_future_months;not_35day_backtested
130300102_,шт,67.83778917011006,IEK,2026-09-23,35,approximate,uniform_within_month;recursive_future_months;not_35day_backtested
130300103_,шт,29.45314331156682,IEK,2026-09-23,35,approximate,uniform_within_month;recursive_future_months;not_35day_backtested
130300105_,шт,5.046688726436729,IEK,2026-09-23,35,approximate,uniform_within_month;recursive_future_months;not_35day_backtested
130300107_,шт,4.363653768171826,IEK,2026-09-23,35,approximate,uniform_within_month;recursive_future_months;not_35day_backtested
130300108_,шт,13.246505953594026,IEK,2026-09-23,35,approximate,uniform_within_month;recursive_future_months;not_35day_backtested
130300142_,шт,9.717815250364549,IEK,2026-09-23,35,approximate,uniform_within_month;recursive_future_months;not_35day_backtested
130300143_,шт,,IEK,2026-09-23,35,insufficient_history,uniform_within_month;recursive_future_months;not_35day_backtested
130300147_,шт,3.7196013275970574,IEK,2026-09-23,35,approximate,uniform_within_month;recursive_future_months;not_35day_backtested
130300152_,шт,96.17649175748292,IEK,2026-09-23,35,approximate,uniform_within_month;recursive_future_months;not_35day_backtested
130300154_,шт,48.17764464876867,IEK,2026-09-23,35,approximate,uniform_within_month;recursive_future_months;not_35day_backtested
130300155_,,,IEK,2026-09-23,35,insufficient_history,uniform_within_month;recursive_future_months;not_35day_backtested
130300166_,шт,,IEK,2026-09-23,35,insufficient_history,uniform_within_month;recursive_future_months;not_35day_backtested
130300169_,шт,,IEK,2026-09-23,35,insufficient_history,uniform_within_month;recursive_future_months;not_35day_backtested
130300172_,шт,,IEK,2026-09-23,35,insufficient_history,uniform_within_month;recursive_future_months;not_35day_backtested
130300178_,шт,,IEK,2026-09-23,35,insufficient_history,uniform_within_month;recursive_future_months;not_35day_backtested
130300193_,шт,,IEK,2026-09-23,35,insufficient_history,uniform_within_month;recursive_future_months;not_35day_backtested
130300204_,шт,9.436555637716909,IEK,2026-09-23,35,approximate,uniform_within_month;recursive_future_months;not_35day_backtested
130300207_,шт,3.690675791679011,IEK,2026-09-23,35,approximate,uniform_within_month;recursive_future_months;not_35day_backtested
130300208_,шт,,IEK,2026-09-23,35,insufficient_history,uniform_within_month;recursive_future_months;not_35day_backtested
130300209_,шт,,IEK,2026-09-23,35,insufficient_history,uniform_within_month;recursive_future_months;not_35day_backtested
130300210_,шт,,IEK,2026-09-23,35,insufficient_history,uniform_within_month;recursive_future_months;not_35day_backtested
130300213_,шт,,IEK,2026-09-23,35,insufficient_history,uniform_within_month;recursive_future_months;not_35day_backtested
130300214_,шт,,IEK,2026-09-23,35,insufficient_history,uniform_within_month;recursive_future_months;not_35day_backtested
130300215_,,,IEK,2026-09-23,35,insufficient_history,uniform_within_month;recursive_future_months;not_35day_backtested
130300220_,шт,112.00078289797386,IEK,2026-09-23,35,approximate,uniform_within_month;recursive_future_months;not_35day_backtested
130300221_,шт,35.19126899257222,IEK,2026-09-23,35,approximate,uniform_within_month;recursive_future_months;not_35day_backtested
130300223_,шт,4.964444907441607,IEK,2026-09-23,35,approximate,uniform_within_month;recursive_future_months;not_35day_backtested
130300226_,шт,,IEK,2026-09-23,35,insufficient_history,uniform_within_month;recursive_future_months;not_35day_backtested
130300227_,шт,,IEK,2026-09-23,35,insufficient_history,uniform_within_month;recursive_future_months;not_35day_backtested
130300231_,шт,,IEK,2026-09-23,35,insufficient_history,uniform_within_month;recursive_future_months;not_35day_backtested
130300233_,шт,,IEK,2026-09-23,35,insufficient_history,uniform_within_month;recursive_future_months;not_35day_backtested
130300247_,шт,,IEK,2026-09-23,35,insufficient_history,uniform_within_month;recursive_future_months;not_35day_backtested
130300271_,упак,2.1907162764138857,IEK,2026-09-23,35,approximate,uniform_within_month;recursive_future_months;not_35day_backtested
130300275_,упак,,IEK,2026-09-23,35,insufficient_history,uniform_within_month;recursive_future_months;not_35day_backtested
130300287_,шт,17.796102802525947,IEK,2026-09-23,35,approximate,uniform_within_month;recursive_future_months;not_35day_backtested
130300288_,шт,4.193143275409894,IEK,2026-09-23,35,approximate,uniform_within_month;recursive_future_months;not_35day_backtested
130300290_,,,IEK,2026-09-23,35,insufficient_history,uniform_within_month;recursive_future_months;not_35day_backtested
130300291_,шт,3.948275217428132,IEK,2026-09-23,35,approximate,uniform_within_month;recursive_future_months;not_35day_backtested
130300292_,шт,2.568714168801605,IEK,2026-09-23,35,approximate,uniform_within_month;recursive_future_months;not_35day_backtested
130300293_,шт,4.292797604624168,IEK,2026-09-23,35,approximate,uniform_within_month;recursive_future_months;not_35day_backtested
130300302_,шт,26.281869361609232,IEK,2026-09-23,35,approximate,uniform_within_month;recursive_future_months;not_35day_backtested
130300325_,,,IEK,2026-09-23,35,insufficient_history,uniform_within_month;recursive_future_months;not_35day_backtested
130300363_,,,IEK,2026-09-23,35,insufficient_history,uniform_within_month;recursive_future_months;not_35day_backtested
130300368_,,,IEK,2026-09-23,35,insufficient_history,uniform_within_month;recursive_future_months;not_35day_backtested
130300418_,шт,,IEK,2026-09-23,35,insufficient_history,uniform_within_month;recursive_future_months;not_35day_backtested
130300449_,упак,2.4387578618422174,IEK,2026-09-23,35,approximate,uniform_within_month;recursive_future_months;not_35day_backtested
130300471_,упак,2.976353297264636,IEK,2026-09-23,35,approximate,uniform_within_month;recursive_future_months;not_35day_backtested
130300518_,шт,9.68717403881842,IEK,2026-09-23,35,approximate,uniform_within_month;recursive_future_months;not_35day_backtested
130300519_,шт,2.6702930765885498,IEK,2026-09-23,35,approximate,uniform_within_month;recursive_future_months;not_35day_backtested
130300520_,шт,6.16002744043806,IEK,2026-09-23,35,approximate,uniform_within_month;recursive_future_months;not_35day_backtested
130300521_,шт,4.549698378656101,IEK,2026-09-23,35,approximate,uniform_within_month;recursive_future_months;not_35day_backtested
130300524_,шт,15.774786905209691,IEK,2026-09-23,35,approximate,uniform_within_month;recursive_future_months;not_35day_backtested
130300526_,шт,554.9601493298937,IEK,2026-09-23,35,approximate,uniform_within_month;recursive_future_months;not_35day_backtested
130300527_,шт,254.7056876841474,IEK,2026-09-23,35,approximate,uniform_within_month;recursive_future_months;not_35day_backtested
130300528_,шт,22.0043575781724,IEK,2026-09-23,35,approximate,uniform_within_month;recursive_future_months;not_35day_backtested
130300529_,шт,117.10249859003686,IEK,2026-09-23,35,approximate,uniform_within_month;recursive_future_months;not_35day_backtested
130300531_,,,IEK,2026-09-23,35,insufficient_history,uniform_within_month;recursive_future_months;not_35day_backtested
130300532_,шт,33.19512983652441,IEK,2026-09-23,35,approximate,uniform_within_month;recursive_future_months;not_35day_backtested
130300533_,шт,10.757344266489401,IEK,2026-09-23,35,approximate,uniform_within_month;recursive_future_months;not_35day_backtested
130300534_,шт,11.847175535198573,IEK,2026-09-23,35,approximate,uniform_within_month;recursive_future_months;not_35day_backtested
130300535_,шт,34.23508785511362,IEK,2026-09-23,35,approximate,uniform_within_month;recursive_future_months;not_35day_backtested
130300536_,шт,12.7599921363908,IEK,2026-09-23,35,approximate,uniform_within_month;recursive_future_months;not_35day_backtested
130300537_,шт,64.71492003071583,IEK,2026-09-23,35,approximate,uniform_within_month;recursive_future_months;not_35day_backtested
130300538_,шт,82.58952621519046,IEK,2026-09-23,35,approximate,uniform_within_month;recursive_future_months;not_35day_backtested
130300544_,шт,3.620238665064475,IEK,2026-09-23,35,approximate,uniform_within_month;recursive_future_months;not_35day_backtested
130300545_,шт,2.7465866170503572,IEK,2026-09-23,35,approximate,uniform_within_month;recursive_future_months;not_35day_backtested
130300546_,шт,3.0123105826951946,IEK,2026-09-23,35,approximate,uniform_within_month;recursive_future_months;not_35day_backtested
130300555_,,,IEK,2026-09-23,35,insufficient_history,uniform_within_month;recursive_future_months;not_35day_backtested
130300596_,шт,2.0420239160241858,IEK,2026-09-23,35,approximate,uniform_within_month;recursive_future_months;not_35day_backtested
130300605_,упак,6.684170925751008,IEK,2026-09-23,35,approximate,uniform_within_month;recursive_future_months;not_35day_backtested
130300606_,шт,45.14513104904569,IEK,2026-09-23,35,approximate,uniform_within_month;recursive_future_months;not_35day_backtested
130300608_,шт,289.9538312063494,IEK,2026-09-23,35,approximate,uniform_within_month;recursive_future_months;not_35day_backtested
130300742_,шт,10.260431099143627,IEK,2026-09-23,35,approximate,uniform_within_month;recursive_future_months;not_35day_backtested
130300764_,шт,16.09004771266399,IEK,2026-09-23,35,approximate,uniform_within_month;recursive_future_months;not_35day_backtested
130300765_,шт,5.485145888207478,IEK,2026-09-23,35,approximate,uniform_within_month;recursive_future_months;not_35day_backtested
130300769=,шт,,IEK,2026-09-23,35,insufficient_history,uniform_within_month;recursive_future_months;not_35day_backtested
130300769_,шт,,IEK,2026-09-23,35,insufficient_history,uniform_within_month;recursive_future_months;not_35day_backtested
130300770_,шт,3.403129016979854,IEK,2026-09-23,35,approximate,uniform_within_month;recursive_future_months;not_35day_backtested
130300771_,м,2945.0562282696847,IEK,2026-09-23,35,approximate,uniform_within_month;recursive_future_months;not_35day_backtested
130300772_,м,2185.279084586231,IEK,2026-09-23,35,approximate,uniform_within_month;recursive_future_months;not_35day_backtested
130300773_,шт,3.253686971319338,IEK,2026-09-23,35,approximate,uniform_within_month;recursive_future_months;not_35day_backtested
130300774_,шт,4.07511946802053,IEK,2026-09-23,35,approximate,uniform_within_month;recursive_future_months;not_35day_backtested
130300775_,шт,6.746042769486634,IEK,2026-09-23,35,approximate,uniform_within_month;recursive_future_months;not_35day_backtested
130300779_,м,5464.598125805209,IEK,2026-09-23,35,approximate,uniform_within_month;recursive_future_months;not_35day_backtested
130300780_,м,11573.010134599946,IEK,2026-09-23,35,approximate,uniform_within_month;recursive_future_months;not_35day_backtested
130300791_,м,5924.039805713633,IEK,2026-09-23,35,approximate,uniform_within_month;recursive_future_months;not_35day_backtested
130300792_,м,7466.720441639965,IEK,2026-09-23,35,approximate,uniform_within_month;recursive_future_months;not_35day_backtested
130300831_,шт,,IEK,2026-09-23,35,insufficient_history,uniform_within_month;recursive_future_months;not_35day_backtested
130300861_,шт,2.1693838567717503,IEK,2026-09-23,35,approximate,uniform_within_month;recursive_future_months;not_35day_backtested
130300883_,шт,11.119848797255537,IEK,2026-09-23,35,approximate,uniform_within_month;recursive_future_months;not_35day_backtested
130300962_,шт,3.868547539346399,IEK,2026-09-23,35,approximate,uniform_within_month;recursive_future_months;not_35day_backtested
130300963_,шт,3.1228468338166318,IEK,2026-09-23,35,approximate,uniform_within_month;recursive_future_months;not_35day_backtested
130300982_,,,IEK,2026-09-23,35,insufficient_history,uniform_within_month;recursive_future_months;not_35day_backtested
130300985_,шт,6.92740557811247,IEK,2026-09-23,35,approximate,uniform_within_month;recursive_future_months;not_35day_backtested
130300986_,шт,3.2693015700362564,IEK,2026-09-23,35,approximate,uniform_within_month;recursive_future_months;not_35day_backtested
130300988_,шт,4.015410247613747,IEK,2026-09-23,35,approximate,uniform_within_month;recursive_future_months;not_35day_backtested
130301000_,шт,7.910466973890363,IEK,2026-09-23,35,approximate,uniform_within_month;recursive_future_months;not_35day_backtested
130301016_,шт,3.824538067186431,IEK,2026-09-23,35,approximate,uniform_within_month;recursive_future_months;not_35day_backtested
130301073_,,,IEK,2026-09-23,35,insufficient_history,uniform_within_month;recursive_future_months;not_35day_backtested
130301079_,шт,84.55117741582042,IEK,2026-09-23,35,approximate,uniform_within_month;recursive_future_months;not_35day_backtested
130301081_,шт,3.3522961678888414,IEK,2026-09-23,35,approximate,uniform_within_month;recursive_future_months;not_35day_backtested
130301087_,шт,,IEK,2026-09-23,35,insufficient_history,uniform_within_month;recursive_future_months;not_35day_backtested
130301096_,шт,5.4901927998484705,IEK,2026-09-23,35,approximate,uniform_within_month;recursive_future_months;not_35day_backtested
130301097_,шт,7.616906440118507,IEK,2026-09-23,35,approximate,uniform_within_month;recursive_future_months;not_35day_backtested
130301098_,шт,2.6801767858015952,IEK,2026-09-23,35,approximate,uniform_within_month;recursive_future_months;not_35day_backtested
130301099_,шт,2.8667051561552923,IEK,2026-09-23,35,approximate,uniform_within_month;recursive_future_months;not_35day_backtested
130301100_,шт,131.74044703733023,IEK,2026-09-23,35,approximate,uniform_within_month;recursive_future_months;not_35day_backtested
130301101_,шт,1014.9492340997592,IEK,2026-09-23,35,approximate,uniform_within_month;recursive_future_months;not_35day_backtested
130301111_,,,IEK,2026-09-23,35,insufficient_history,uniform_within_month;recursive_future_months;not_35day_backtested
130301112_,,,IEK,2026-09-23,35,insufficient_history,uniform_within_month;recursive_future_months;not_35day_backtested
130301113_,,,IEK,2026-09-23,35,insufficient_history,uniform_within_month;recursive_future_months;not_35day_backtested
130301114_,,,IEK,2026-09-23,35,insufficient_history,uniform_within_month;recursive_future_months;not_35day_backtested
130301115_,,,IEK,2026-09-23,35,insufficient_history,uniform_within_month;recursive_future_months;not_35day_backtested
130301116_,,,IEK,2026-09-23,35,insufficient_history,uniform_within_month;recursive_future_months;not_35day_backtested
130301120_,шт,33.604490421619495,IEK,2026-09-23,35,approximate,uniform_within_month;recursive_future_months;not_35day_backtested
130301128_,шт,4.507995252033853,IEK,2026-09-23,35,approximate,uniform_within_month;recursive_future_months;not_35day_backtested
130301133_,,,IEK,2026-09-23,35,insufficient_history,uniform_within_month;recursive_future_months;not_35day_backtested
130301232_,м,397.30093299241383,IEK,2026-09-23,35,approximate,uniform_within_month;recursive_future_months;not_35day_backtested
130301257_,шт,9.340764890707904,IEK,2026-09-23,35,approximate,uniform_within_month;recursive_future_months;not_35day_backtested
130301258_,шт,5.20582590863413,IEK,2026-09-23,35,approximate,uniform_within_month;recursive_future_months;not_35day_backtested
130301261_,шт,,IEK,2026-09-23,35,insufficient_history,uniform_within_month;recursive_future_months;not_35day_backtested
130301263_,шт,2.3793418364994525,IEK,2026-09-23,35,approximate,uniform_within_month;recursive_future_months;not_35day_backtested
130301597_,,,IEK,2026-09-23,35,insufficient_history,uniform_within_month;recursive_future_months;not_35day_backtested
130301598_,,,IEK,2026-09-23,35,insufficient_history,uniform_within_month;recursive_future_months;not_35day_backtested
130301608_,шт,88.27222279527449,IEK,2026-09-23,35,approximate,uniform_within_month;recursive_future_months;not_35day_backtested
130301609_,шт,25.01459397025568,IEK,2026-09-23,35,approximate,uniform_within_month;recursive_future_months;not_35day_backtested
130301610_,шт,62.582973469771815,IEK,2026-09-23,35,approximate,uniform_within_month;recursive_future_months;not_35day_backtested
130301611_,шт,19.928687218677343,IEK,2026-09-23,35,approximate,uniform_within_month;recursive_future_months;not_35day_backtested
130301612_,шт,20.224624346996734,IEK,2026-09-23,35,approximate,uniform_within_month;recursive_future_months;not_35day_backtested
130301613_,шт,20.169320194958445,IEK,2026-09-23,35,approximate,uniform_within_month;recursive_future_months;not_35day_backtested
130301614_,шт,11.837155868070464,IEK,2026-09-23,35,approximate,uniform_within_month;recursive_future_months;not_35day_backtested
130301615_,шт,4.999773731537654,IEK,2026-09-23,35,approximate,uniform_within_month;recursive_future_months;not_35day_backtested
130301616_,шт,15.661779740092689,IEK,2026-09-23,35,approximate,uniform_within_month;recursive_future_months;not_35day_backtested
130301617_,шт,10.325214610833868,IEK,2026-09-23,35,approximate,uniform_within_month;recursive_future_months;not_35day_backtested
130301618_,шт,13.606891084460567,IEK,2026-09-23,35,approximate,uniform_within_month;recursive_future_months;not_35day_backtested
130301619_,шт,64.88800457479424,IEK,2026-09-23,35,approximate,uniform_within_month;recursive_future_months;not_35day_backtested
130301620_,шт,16.17894604759127,IEK,2026-09-23,35,approximate,uniform_within_month;recursive_future_months;not_35day_backtested
130301621_,шт,9.445211265177502,IEK,2026-09-23,35,approximate,uniform_within_month;recursive_future_months;not_35day_backtested
130301622_,шт,7.126970976578041,IEK,2026-09-23,35,approximate,uniform_within_month;recursive_future_months;not_35day_backtested
130301623_,шт,2.1808198302366133,IEK,2026-09-23,35,approximate,uniform_within_month;recursive_future_months;not_35day_backtested
130301624_,шт,,IEK,2026-09-23,35,insufficient_history,uniform_within_month;recursive_future_months;not_35day_backtested
130301625_,шт,6.131755598745006,IEK,2026-09-23,35,approximate,uniform_within_month;recursive_future_months;not_35day_backtested
130301626_,шт,35.35171401086316,IEK,2026-09-23,35,approximate,uniform_within_month;recursive_future_months;not_35day_backtested
130301627_,шт,6.599829418191125,IEK,2026-09-23,35,approximate,uniform_within_month;recursive_future_months;not_35day_backtested
130301628_,шт,8.525951830510717,IEK,2026-09-23,35,approximate,uniform_within_month;recursive_future_months;not_35day_backtested
130301629_,шт,10.58060231797305,IEK,2026-09-23,35,approximate,uniform_within_month;recursive_future_months;not_35day_backtested
130301630_,шт,9.790505622080879,IEK,2026-09-23,35,approximate,uniform_within_month;recursive_future_months;not_35day_backtested
130301631_,шт,16.35789114039477,IEK,2026-09-23,35,approximate,uniform_within_month;recursive_future_months;not_35day_backtested
130301632_,шт,27.092409681561875,IEK,2026-09-23,35,approximate,uniform_within_month;recursive_future_months;not_35day_backtested
130301633_,шт,10.457908799805306,IEK,2026-09-23,35,approximate,uniform_within_month;recursive_future_months;not_35day_backtested
130301634_,шт,65.21438177973178,IEK,2026-09-23,35,approximate,uniform_within_month;recursive_future_months;not_35day_backtested
130301635_,шт,147.97325199995169,IEK,2026-09-23,35,approximate,uniform_within_month;recursive_future_months;not_35day_backtested
130301636_,шт,29.931879985665923,IEK,2026-09-23,35,approximate,uniform_within_month;recursive_future_months;not_35day_backtested
130301637_,шт,,IEK,2026-09-23,35,insufficient_history,uniform_within_month;recursive_future_months;not_35day_backtested
130301638_,шт,21.464427801459966,IEK,2026-09-23,35,approximate,uniform_within_month;recursive_future_months;not_35day_backtested
130301639_,шт,9.519015920427641,IEK,2026-09-23,35,approximate,uniform_within_month;recursive_future_months;not_35day_backtested
130301640_,шт,39.51588291887022,IEK,2026-09-23,35,approximate,uniform_within_month;recursive_future_months;not_35day_backtested
130301641_,шт,19.0441372037875,IEK,2026-09-23,35,approximate,uniform_within_month;recursive_future_months;not_35day_backtested
130301642_,шт,,IEK,2026-09-23,35,insufficient_history,uniform_within_month;recursive_future_months;not_35day_backtested
130301643_,шт,,IEK,2026-09-23,35,insufficient_history,uniform_within_month;recursive_future_months;not_35day_backtested
130301644_,шт,12.376402361666736,IEK,2026-09-23,35,approximate,uniform_within_month;recursive_future_months;not_35day_backtested
130301645_,шт,5.847837135914576,IEK,2026-09-23,35,approximate,uniform_within_month;recursive_future_months;not_35day_backtested
130301646_,шт,10.131984405412329,IEK,2026-09-23,35,approximate,uniform_within_month;recursive_future_months;not_35day_backtested
130301647_,шт,9.770463217412626,IEK,2026-09-23,35,approximate,uniform_within_month;recursive_future_months;not_35day_backtested
130301648_,шт,5.18489144273176,IEK,2026-09-23,35,approximate,uniform_within_month;recursive_future_months;not_35day_backtested
130301649_,шт,2.799710155239417,IEK,2026-09-23,35,approximate,uniform_within_month;recursive_future_months;not_35day_backtested
130301650_,шт,,IEK,2026-09-23,35,insufficient_history,uniform_within_month;recursive_future_months;not_35day_backtested
130301651_,шт,,IEK,2026-09-23,35,insufficient_history,uniform_within_month;recursive_future_months;not_35day_backtested
130301652_,шт,,IEK,2026-09-23,35,insufficient_history,uniform_within_month;recursive_future_months;not_35day_backtested
130301653_,,,IEK,2026-09-23,35,insufficient_history,uniform_within_month;recursive_future_months;not_35day_backtested
130301654_,шт,,IEK,2026-09-23,35,insufficient_history,uniform_within_month;recursive_future_months;not_35day_backtested
130301655_,шт,,IEK,2026-09-23,35,insufficient_history,uniform_within_month;recursive_future_months;not_35day_backtested
130301656_,шт,,IEK,2026-09-23,35,insufficient_history,uniform_within_month;recursive_future_months;not_35day_backtested
130301657_,,,IEK,2026-09-23,35,insufficient_history,uniform_within_month;recursive_future_months;not_35day_backtested
130301658_,шт,,IEK,2026-09-23,35,insufficient_history,uniform_within_month;recursive_future_months;not_35day_backtested
130301659_,шт,,IEK,2026-09-23,35,insufficient_history,uniform_within_month;recursive_future_months;not_35day_backtested
130301660_,шт,,IEK,2026-09-23,35,insufficient_history,uniform_within_month;recursive_future_months;not_35day_backtested
130301661_,шт,,IEK,2026-09-23,35,insufficient_history,uniform_within_month;recursive_future_months;not_35day_backtested
130301662_,шт,,IEK,2026-09-23,35,insufficient_history,uniform_within_month;recursive_future_months;not_35day_backtested
130301663_,шт,,IEK,2026-09-23,35,insufficient_history,uniform_within_month;recursive_future_months;not_35day_backtested
130301664_,шт,,IEK,2026-09-23,35,insufficient_history,uniform_within_month;recursive_future_months;not_35day_backtested
130301665_,шт,,IEK,2026-09-23,35,insufficient_history,uniform_within_month;recursive_future_months;not_35day_backtested
130301666_,шт,,IEK,2026-09-23,35,insufficient_history,uniform_within_month;recursive_future_months;not_35day_backtested
130301667_,шт,,IEK,2026-09-23,35,insufficient_history,uniform_within_month;recursive_future_months;not_35day_backtested
130301668_,шт,,IEK,2026-09-23,35,insufficient_history,uniform_within_month;recursive_future_months;not_35day_backtested
130301669_,шт,,IEK,2026-09-23,35,insufficient_history,uniform_within_month;recursive_future_months;not_35day_backtested
130301670_,шт,,IEK,2026-09-23,35,insufficient_history,uniform_within_month;recursive_future_months;not_35day_backtested
130301671_,шт,,IEK,2026-09-23,35,insufficient_history,uniform_within_month;recursive_future_months;not_35day_backtested
130301672_,,,IEK,2026-09-23,35,insufficient_history,uniform_within_month;recursive_future_months;not_35day_backtested
130301673_,шт,35.49630290004121,IEK,2026-09-23,35,approximate,uniform_within_month;recursive_future_months;not_35day_backtested
130301674_,шт,2.626300843305154,IEK,2026-09-23,35,approximate,uniform_within_month;recursive_future_months;not_35day_backtested
130301675_,шт,32.49525201587158,IEK,2026-09-23,35,approximate,uniform_within_month;recursive_future_months;not_35day_backtested
130301676_,шт,,IEK,2026-09-23,35,insufficient_history,uniform_within_month;recursive_future_months;not_35day_backtested
130301677_,шт,8.661246423939962,IEK,2026-09-23,35,approximate,uniform_within_month;recursive_future_months;not_35day_backtested
130301678_,шт,6.673597521176704,IEK,2026-09-23,35,approximate,uniform_within_month;recursive_future_months;not_35day_backtested
130301679_,шт,4.226637202704882,IEK,2026-09-23,35,approximate,uniform_within_month;recursive_future_months;not_35day_backtested
130301680_,,,IEK,2026-09-23,35,insufficient_history,uniform_within_month;recursive_future_months;not_35day_backtested
130301681_,шт,,IEK,2026-09-23,35,insufficient_history,uniform_within_month;recursive_future_months;not_35day_backtested
130301682_,шт,,IEK,2026-09-23,35,insufficient_history,uniform_within_month;recursive_future_months;not_35day_backtested
130301683_,шт,,IEK,2026-09-23,35,insufficient_history,uniform_within_month;recursive_future_months;not_35day_backtested
130301685_,шт,,IEK,2026-09-23,35,insufficient_history,uniform_within_month;recursive_future_months;not_35day_backtested
130301686_,шт,,IEK,2026-09-23,35,insufficient_history,uniform_within_month;recursive_future_months;not_35day_backtested
130301687_,шт,,IEK,2026-09-23,35,insufficient_history,uniform_within_month;recursive_future_months;not_35day_backtested
130301688_,шт,9.55539694837705,IEK,2026-09-23,35,approximate,uniform_within_month;recursive_future_months;not_35day_backtested
130301689_,шт,21.34698684032164,IEK,2026-09-23,35,approximate,uniform_within_month;recursive_future_months;not_35day_backtested
130301690_,шт,,IEK,2026-09-23,35,insufficient_history,uniform_within_month;recursive_future_months;not_35day_backtested
130301691_,шт,,IEK,2026-09-23,35,insufficient_history,uniform_within_month;recursive_future_months;not_35day_backtested
130301692_,шт,,IEK,2026-09-23,35,insufficient_history,uniform_within_month;recursive_future_months;not_35day_backtested
130301693_,шт,6.303195184337537,IEK,2026-09-23,35,approximate,uniform_within_month;recursive_future_months;not_35day_backtested
130301694_,шт,,IEK,2026-09-23,35,insufficient_history,uniform_within_month;recursive_future_months;not_35day_backtested
130301695_,шт,16.912101842782278,IEK,2026-09-23,35,approximate,uniform_within_month;recursive_future_months;not_35day_backtested
130301696_,шт,,IEK,2026-09-23,35,insufficient_history,uniform_within_month;recursive_future_months;not_35day_backtested
130301697_,шт,5.215945995381624,IEK,2026-09-23,35,approximate,uniform_within_month;recursive_future_months;not_35day_backtested
130301698_,шт,,IEK,2026-09-23,35,insufficient_history,uniform_within_month;recursive_future_months;not_35day_backtested
130301699_,шт,,IEK,2026-09-23,35,insufficient_history,uniform_within_month;recursive_future_months;not_35day_backtested
130301700_,шт,,IEK,2026-09-23,35,insufficient_history,uniform_within_month;recursive_future_months;not_35day_backtested
130301701_,шт,,IEK,2026-09-23,35,insufficient_history,uniform_within_month;recursive_future_months;not_35day_backtested
130301702_,шт,,IEK,2026-09-23,35,insufficient_history,uniform_within_month;recursive_future_months;not_35day_backtested
130301703_,шт,,IEK,2026-09-23,35,insufficient_history,uniform_within_month;recursive_future_months;not_35day_backtested
130301704_,шт,,IEK,2026-09-23,35,insufficient_history,uniform_within_month;recursive_future_months;not_35day_backtested
130301705_,шт,,IEK,2026-09-23,35,insufficient_history,uniform_within_month;recursive_future_months;not_35day_backtested
130301706_,шт,10.20514457128245,IEK,2026-09-23,35,approximate,uniform_within_month;recursive_future_months;not_35day_backtested
130301707_,шт,,IEK,2026-09-23,35,insufficient_history,uniform_within_month;recursive_future_months;not_35day_backtested
130301708_,шт,,IEK,2026-09-23,35,insufficient_history,uniform_within_month;recursive_future_months;not_35day_backtested
130301709_,шт,,IEK,2026-09-23,35,insufficient_history,uniform_within_month;recursive_future_months;not_35day_backtested
130301710_,шт,,IEK,2026-09-23,35,insufficient_history,uniform_within_month;recursive_future_months;not_35day_backtested
130301711_,шт,,IEK,2026-09-23,35,insufficient_history,uniform_within_month;recursive_future_months;not_35day_backtested
130301712_,шт,6.24784873987846,IEK,2026-09-23,35,approximate,uniform_within_month;recursive_future_months;not_35day_backtested
130301713_,шт,,IEK,2026-09-23,35,insufficient_history,uniform_within_month;recursive_future_months;not_35day_backtested
130301714_,шт,,IEK,2026-09-23,35,insufficient_history,uniform_within_month;recursive_future_months;not_35day_backtested
130301715_,шт,9.330303427096752,IEK,2026-09-23,35,approximate,uniform_within_month;recursive_future_months;not_35day_backtested
130301716_,шт,,IEK,2026-09-23,35,insufficient_history,uniform_within_month;recursive_future_months;not_35day_backtested
130301717_,шт,,IEK,2026-09-23,35,insufficient_history,uniform_within_month;recursive_future_months;not_35day_backtested
130301718_,шт,,IEK,2026-09-23,35,insufficient_history,uniform_within_month;recursive_future_months;not_35day_backtested
130301719_,шт,,IEK,2026-09-23,35,insufficient_history,uniform_within_month;recursive_future_months;not_35day_backtested
130301720_,шт,,IEK,2026-09-23,35,insufficient_history,uniform_within_month;recursive_future_months;not_35day_backtested
130301721_,шт,,IEK,2026-09-23,35,insufficient_history,uniform_within_month;recursive_future_months;not_35day_backtested
130301722_,шт,,IEK,2026-09-23,35,insufficient_history,uniform_within_month;recursive_future_months;not_35day_backtested
130301723_,шт,,IEK,2026-09-23,35,insufficient_history,uniform_within_month;recursive_future_months;not_35day_backtested
130301724_,шт,,IEK,2026-09-23,35,insufficient_history,uniform_within_month;recursive_future_months;not_35day_backtested
130301725_,шт,,IEK,2026-09-23,35,insufficient_history,uniform_within_month;recursive_future_months;not_35day_backtested
130301726_,шт,,IEK,2026-09-23,35,insufficient_history,uniform_within_month;recursive_future_months;not_35day_backtested
130301727_,шт,,IEK,2026-09-23,35,insufficient_history,uniform_within_month;recursive_future_months;not_35day_backtested
130301728_,шт,,IEK,2026-09-23,35,insufficient_history,uniform_within_month;recursive_future_months;not_35day_backtested
130301729_,шт,,IEK,2026-09-23,35,insufficient_history,uniform_within_month;recursive_future_months;not_35day_backtested
130301730_,шт,,IEK,2026-09-23,35,insufficient_history,uniform_within_month;recursive_future_months;not_35day_backtested
130301731_,шт,,IEK,2026-09-23,35,insufficient_history,uniform_within_month;recursive_future_months;not_35day_backtested
130301732_,шт,,IEK,2026-09-23,35,insufficient_history,uniform_within_month;recursive_future_months;not_35day_backtested
130301733_,шт,3.806326611004661,IEK,2026-09-23,35,approximate,uniform_within_month;recursive_future_months;not_35day_backtested
130301734_,шт,,IEK,2026-09-23,35,insufficient_history,uniform_within_month;recursive_future_months;not_35day_backtested
130301735_,шт,,IEK,2026-09-23,35,insufficient_history,uniform_within_month;recursive_future_months;not_35day_backtested
130301736_,шт,5.509512098618359,IEK,2026-09-23,35,approximate,uniform_within_month;recursive_future_months;not_35day_backtested
130301737_,шт,9.690012847384804,IEK,2026-09-23,35,approximate,uniform_within_month;recursive_future_months;not_35day_backtested
130301738_,шт,2.0965847598653493,IEK,2026-09-23,35,approximate,uniform_within_month;recursive_future_months;not_35day_backtested
130301739_,шт,,IEK,2026-09-23,35,insufficient_history,uniform_within_month;recursive_future_months;not_35day_backtested
130301927_,м,,IEK,2026-09-23,35,insufficient_history,uniform_within_month;recursive_future_months;not_35day_backtested
130400069_,шт,,IEK,2026-09-23,35,insufficient_history,uniform_within_month;recursive_future_months;not_35day_backtested
130400112_,шт,,IEK,2026-09-23,35,insufficient_history,uniform_within_month;recursive_future_months;not_35day_backtested
130400150_,,,IEK,2026-09-23,35,insufficient_history,uniform_within_month;recursive_future_months;not_35day_backtested
130400151_,,,IEK,2026-09-23,35,insufficient_history,uniform_within_month;recursive_future_months;not_35day_backtested
130400152_,шт,,IEK,2026-09-23,35,insufficient_history,uniform_within_month;recursive_future_months;not_35day_backtested
130400153_,шт,,IEK,2026-09-23,35,insufficient_history,uniform_within_month;recursive_future_months;not_35day_backtested
130400154_,шт,3.871451213713421,IEK,2026-09-23,35,approximate,uniform_within_month;recursive_future_months;not_35day_backtested
130400155_,шт,,IEK,2026-09-23,35,insufficient_history,uniform_within_month;recursive_future_months;not_35day_backtested
130400156_,шт,,IEK,2026-09-23,35,insufficient_history,uniform_within_month;recursive_future_months;not_35day_backtested
130500001_,шт,,IEK,2026-09-23,35,insufficient_history,uniform_within_month;recursive_future_months;not_35day_backtested
130500002_,шт,59.085586492566186,IEK,2026-09-23,35,approximate,uniform_within_month;recursive_future_months;not_35day_backtested
130500003_,шт,6.572885553813734,IEK,2026-09-23,35,approximate,uniform_within_month;recursive_future_months;not_35day_backtested
130500004_,шт,2.3689066866110684,IEK,2026-09-23,35,approximate,uniform_within_month;recursive_future_months;not_35day_backtested
130500005_,шт,8.269666202087501,IEK,2026-09-23,35,approximate,uniform_within_month;recursive_future_months;not_35day_backtested
130500006_,шт,,IEK,2026-09-23,35,insufficient_history,uniform_within_month;recursive_future_months;not_35day_backtested
130500007_,шт,16.02353711131774,IEK,2026-09-23,35,approximate,uniform_within_month;recursive_future_months;not_35day_backtested
130500008_,шт,4.996236795405089,IEK,2026-09-23,35,approximate,uniform_within_month;recursive_future_months;not_35day_backtested
130500009_,шт,26.44720277781609,IEK,2026-09-23,35,approximate,uniform_within_month;recursive_future_months;not_35day_backtested
130500010_,шт,4.388326813014464,IEK,2026-09-23,35,approximate,uniform_within_month;recursive_future_months;not_35day_backtested
130500011_,шт,5.376116382831324,IEK,2026-09-23,35,approximate,uniform_within_month;recursive_future_months;not_35day_backtested
130500012_,шт,,IEK,2026-09-23,35,insufficient_history,uniform_within_month;recursive_future_months;not_35day_backtested
130500013_,шт,3.4579463849403207,IEK,2026-09-23,35,approximate,uniform_within_month;recursive_future_months;not_35day_backtested
130500014_,шт,,IEK,2026-09-23,35,insufficient_history,uniform_within_month;recursive_future_months;not_35day_backtested
130500015_,шт,4.015410247613747,IEK,2026-09-23,35,approximate,uniform_within_month;recursive_future_months;not_35day_backtested
130500027_,шт,5.8900624954201195,IEK,2026-09-23,35,approximate,uniform_within_month;recursive_future_months;not_35day_backtested
130500046_,шт,37.8591050782699,IEK,2026-09-23,35,approximate,uniform_within_month;recursive_future_months;not_35day_backtested
130500051_,,,IEK,2026-09-23,35,insufficient_history,uniform_within_month;recursive_future_months;not_35day_backtested
130500080_,шт,4.074580573467284,IEK,2026-09-23,35,approximate,uniform_within_month;recursive_future_months;not_35day_backtested
130500085_,шт,4.418120503377,IEK,2026-09-23,35,approximate,uniform_within_month;recursive_future_months;not_35day_backtested
130500088_,шт,3.9888536546639997,IEK,2026-09-23,35,approximate,uniform_within_month;recursive_future_months;not_35day_backtested
130500094_,шт,3.4242512526885314,IEK,2026-09-23,35,approximate,uniform_within_month;recursive_future_months;not_35day_backtested
130500098_,,,IEK,2026-09-23,35,insufficient_history,uniform_within_month;recursive_future_months;not_35day_backtested
130500102_,шт,4.926590959900738,IEK,2026-09-23,35,approximate,uniform_within_month;recursive_future_months;not_35day_backtested
130500136_,шт,2.314128277313636,IEK,2026-09-23,35,approximate,uniform_within_month;recursive_future_months;not_35day_backtested
130500137_,,,IEK,2026-09-23,35,insufficient_history,uniform_within_month;recursive_future_months;not_35day_backtested
130600007_,шт,,IEK,2026-09-23,35,insufficient_history,uniform_within_month;recursive_future_months;not_35day_backtested
130600021_,шт,19.81537012844596,IEK,2026-09-23,35,approximate,uniform_within_month;recursive_future_months;not_35day_backtested
130600022_,шт,13.18765942063565,IEK,2026-09-23,35,approximate,uniform_within_month;recursive_future_months;not_35day_backtested
130600023_,шт,48.82767728260208,IEK,2026-09-23,35,approximate,uniform_within_month;recursive_future_months;not_35day_backtested
130600024_,шт,8.441031999910807,IEK,2026-09-23,35,approximate,uniform_within_month;recursive_future_months;not_35day_backtested
130600025_,шт,16.90142022839153,IEK,2026-09-23,35,approximate,uniform_within_month;recursive_future_months;not_35day_backtested
130600027_,шт,23.701350474032832,IEK,2026-09-23,35,approximate,uniform_within_month;recursive_future_months;not_35day_backtested
130600031_,шт,8.464252834102044,IEK,2026-09-23,35,approximate,uniform_within_month;recursive_future_months;not_35day_backtested
130600032_,шт,17.193285854313505,IEK,2026-09-23,35,approximate,uniform_within_month;recursive_future_months;not_35day_backtested
130600051_,шт,6.6786819665632375,IEK,2026-09-23,35,approximate,uniform_within_month;recursive_future_months;not_35day_backtested
130600052_,шт,8.997807040305466,IEK,2026-09-23,35,approximate,uniform_within_month;recursive_future_months;not_35day_backtested
130600053_,шт,37.56984336379718,IEK,2026-09-23,35,approximate,uniform_within_month;recursive_future_months;not_35day_backtested
130600057_,шт,3.4579463849403207,IEK,2026-09-23,35,approximate,uniform_within_month;recursive_future_months;not_35day_backtested
130600060_,шт,42.88836230770595,IEK,2026-09-23,35,approximate,uniform_within_month;recursive_future_months;not_35day_backtested
130600061_,шт,42.61747690417706,IEK,2026-09-23,35,approximate,uniform_within_month;recursive_future_months;not_35day_backtested
130600062_,,,IEK,2026-09-23,35,insufficient_history,uniform_within_month;recursive_future_months;not_35day_backtested
130600063_,шт,112.15322816435996,IEK,2026-09-23,35,approximate,uniform_within_month;recursive_future_months;not_35day_backtested
130600064_,шт,8.940170986381146,IEK,2026-09-23,35,approximate,uniform_within_month;recursive_future_months;not_35day_backtested
130600066_,шт,12.715080840443658,IEK,2026-09-23,35,approximate,uniform_within_month;recursive_future_months;not_35day_backtested
130600067_,шт,6.297327196880131,IEK,2026-09-23,35,approximate,uniform_within_month;recursive_future_months;not_35day_backtested
130600068_,шт,109.12270182457223,IEK,2026-09-23,35,approximate,uniform_within_month;recursive_future_months;not_35day_backtested
130600075_,шт,,IEK,2026-09-23,35,insufficient_history,uniform_within_month;recursive_future_months;not_35day_backtested
130600076_,шт,4.39967771025233,IEK,2026-09-23,35,approximate,uniform_within_month;recursive_future_months;not_35day_backtested
130600077_,шт,3.453539385062154,IEK,2026-09-23,35,approximate,uniform_within_month;recursive_future_months;not_35day_backtested
130600078_,шт,2.913508170575863,IEK,2026-09-23,35,approximate,uniform_within_month;recursive_future_months;not_35day_backtested
130600079_,шт,5.532952374253928,IEK,2026-09-23,35,approximate,uniform_within_month;recursive_future_months;not_35day_backtested
130600080_,шт,4.019953139957229,IEK,2026-09-23,35,approximate,uniform_within_month;recursive_future_months;not_35day_backtested
130600086_,шт,12.306319367773458,IEK,2026-09-23,35,approximate,uniform_within_month;recursive_future_months;not_35day_backtested
130600098_,шт,7.170139152249859,IEK,2026-09-23,35,approximate,uniform_within_month;recursive_future_months;not_35day_backtested
130600121_,шт,,IEK,2026-09-23,35,insufficient_history,uniform_within_month;recursive_future_months;not_35day_backtested
130600122_,шт,,IEK,2026-09-23,35,insufficient_history,uniform_within_month;recursive_future_months;not_35day_backtested
130600123_,шт,,IEK,2026-09-23,35,insufficient_history,uniform_within_month;recursive_future_months;not_35day_backtested
130600124_,шт,3.3699605106956945,IEK,2026-09-23,35,approximate,uniform_within_month;recursive_future_months;not_35day_backtested
130600125_,шт,3.8426857978764626,IEK,2026-09-23,35,approximate,uniform_within_month;recursive_future_months;not_35day_backtested
130600126_,,,IEK,2026-09-23,35,insufficient_history,uniform_within_month;recursive_future_months;not_35day_backtested
130600128_,шт,17.84854805980573,IEK,2026-09-23,35,approximate,uniform_within_month;recursive_future_months;not_35day_backtested
130600129_,шт,,IEK,2026-09-23,35,insufficient_history,uniform_within_month;recursive_future_months;not_35day_backtested
130600130_,шт,3.9394059993505133,IEK,2026-09-23,35,approximate,uniform_within_month;recursive_future_months;not_35day_backtested
130600131_,шт,,IEK,2026-09-23,35,insufficient_history,uniform_within_month;recursive_future_months;not_35day_backtested
130600132_,шт,,IEK,2026-09-23,35,insufficient_history,uniform_within_month;recursive_future_months;not_35day_backtested
130600135_,шт,,IEK,2026-09-23,35,insufficient_history,uniform_within_month;recursive_future_months;not_35day_backtested
130600136_,шт,4.357760847259871,IEK,2026-09-23,35,approximate,uniform_within_month;recursive_future_months;not_35day_backtested
130600137_,шт,21.63638946359899,IEK,2026-09-23,35,approximate,uniform_within_month;recursive_future_months;not_35day_backtested
130600138_,шт,8.1199946228924,IEK,2026-09-23,35,approximate,uniform_within_month;recursive_future_months;not_35day_backtested
130600140_,шт,,IEK,2026-09-23,35,insufficient_history,uniform_within_month;recursive_future_months;not_35day_backtested
130600145_,шт,16.28521388749677,IEK,2026-09-23,35,approximate,uniform_within_month;recursive_future_months;not_35day_backtested
130600147_,,,IEK,2026-09-23,35,insufficient_history,uniform_within_month;recursive_future_months;not_35day_backtested
130600148_,шт,,IEK,2026-09-23,35,insufficient_history,uniform_within_month;recursive_future_months;not_35day_backtested
130600149_,шт,,IEK,2026-09-23,35,insufficient_history,uniform_within_month;recursive_future_months;not_35day_backtested
130600150_,шт,,IEK,2026-09-23,35,insufficient_history,uniform_within_month;recursive_future_months;not_35day_backtested
130600154_,шт,26.883371600521194,IEK,2026-09-23,35,approximate,uniform_within_month;recursive_future_months;not_35day_backtested
130600165_,шт,4.447677897136612,IEK,2026-09-23,35,approximate,uniform_within_month;recursive_future_months;not_35day_backtested
130600166_,шт,,IEK,2026-09-23,35,insufficient_history,uniform_within_month;recursive_future_months;not_35day_backtested
130600200_,шт,,IEK,2026-09-23,35,insufficient_history,uniform_within_month;recursive_future_months;not_35day_backtested
130600201_,шт,,IEK,2026-09-23,35,insufficient_history,uniform_within_month;recursive_future_months;not_35day_backtested
130600202_,шт,,IEK,2026-09-23,35,insufficient_history,uniform_within_month;recursive_future_months;not_35day_backtested
130600203_,шт,,IEK,2026-09-23,35,insufficient_history,uniform_within_month;recursive_future_months;not_35day_backtested
130600204_,шт,9.335794060437557,IEK,2026-09-23,35,approximate,uniform_within_month;recursive_future_months;not_35day_backtested
130600205_,шт,10.235651309346089,IEK,2026-09-23,35,approximate,uniform_within_month;recursive_future_months;not_35day_backtested
130600206_,шт,,IEK,2026-09-23,35,insufficient_history,uniform_within_month;recursive_future_months;not_35day_backtested
130600207_,шт,9.37864031898081,IEK,2026-09-23,35,approximate,uniform_within_month;recursive_future_months;not_35day_backtested
130600208_,шт,2.4240241780240086,IEK,2026-09-23,35,approximate,uniform_within_month;recursive_future_months;not_35day_backtested
130600209_,шт,,IEK,2026-09-23,35,insufficient_history,uniform_within_month;recursive_future_months;not_35day_backtested
130600210_,шт,,IEK,2026-09-23,35,insufficient_history,uniform_within_month;recursive_future_months;not_35day_backtested
130600211_,шт,5.096698596427333,IEK,2026-09-23,35,approximate,uniform_within_month;recursive_future_months;not_35day_backtested
130600212_,шт,3.3497327152475904,IEK,2026-09-23,35,approximate,uniform_within_month;recursive_future_months;not_35day_backtested
130600213_,шт,4.612500271650982,IEK,2026-09-23,35,approximate,uniform_within_month;recursive_future_months;not_35day_backtested
130600214_,шт,6.027782892892535,IEK,2026-09-23,35,approximate,uniform_within_month;recursive_future_months;not_35day_backtested
130600215_,шт,2.4404459628445947,IEK,2026-09-23,35,approximate,uniform_within_month;recursive_future_months;not_35day_backtested
130600216_,шт,,IEK,2026-09-23,35,insufficient_history,uniform_within_month;recursive_future_months;not_35day_backtested
130600217_,шт,3.946559912554812,IEK,2026-09-23,35,approximate,uniform_within_month;recursive_future_months;not_35day_backtested
130600218_,шт,,IEK,2026-09-23,35,insufficient_history,uniform_within_month;recursive_future_months;not_35day_backtested
130600219_,шт,,IEK,2026-09-23,35,insufficient_history,uniform_within_month;recursive_future_months;not_35day_backtested
130600220_,шт,,IEK,2026-09-23,35,insufficient_history,uniform_within_month;recursive_future_months;not_35day_backtested
130600222_,шт,,IEK,2026-09-23,35,insufficient_history,uniform_within_month;recursive_future_months;not_35day_backtested
130600223_,шт,,IEK,2026-09-23,35,insufficient_history,uniform_within_month;recursive_future_months;not_35day_backtested
130600224_,шт,,IEK,2026-09-23,35,insufficient_history,uniform_within_month;recursive_future_months;not_35day_backtested
130600225_,шт,,IEK,2026-09-23,35,insufficient_history,uniform_within_month;recursive_future_months;not_35day_backtested
130600226_,шт,,IEK,2026-09-23,35,insufficient_history,uniform_within_month;recursive_future_months;not_35day_backtested
130600227_,,,IEK,2026-09-23,35,insufficient_history,uniform_within_month;recursive_future_months;not_35day_backtested
130600228_,,,IEK,2026-09-23,35,insufficient_history,uniform_within_month;recursive_future_months;not_35day_backtested
130600229_,шт,,IEK,2026-09-23,35,insufficient_history,uniform_within_month;recursive_future_months;not_35day_backtested
130600230_,шт,,IEK,2026-09-23,35,insufficient_history,uniform_within_month;recursive_future_months;not_35day_backtested
130600232_,шт,,IEK,2026-09-23,35,insufficient_history,uniform_within_month;recursive_future_months;not_35day_backtested
130600234_,шт,,IEK,2026-09-23,35,insufficient_history,uniform_within_month;recursive_future_months;not_35day_backtested
130600235_,шт,,IEK,2026-09-23,35,insufficient_history,uniform_within_month;recursive_future_months;not_35day_backtested
130600236_,шт,,IEK,2026-09-23,35,insufficient_history,uniform_within_month;recursive_future_months;not_35day_backtested
130600237_,шт,,IEK,2026-09-23,35,insufficient_history,uniform_within_month;recursive_future_months;not_35day_backtested
130600238_,шт,,IEK,2026-09-23,35,insufficient_history,uniform_within_month;recursive_future_months;not_35day_backtested
130600239_,шт,,IEK,2026-09-23,35,insufficient_history,uniform_within_month;recursive_future_months;not_35day_backtested
130600240_,шт,,IEK,2026-09-23,35,insufficient_history,uniform_within_month;recursive_future_months;not_35day_backtested
130600241_,шт,,IEK,2026-09-23,35,insufficient_history,uniform_within_month;recursive_future_months;not_35day_backtested
130600242_,шт,,IEK,2026-09-23,35,insufficient_history,uniform_within_month;recursive_future_months;not_35day_backtested
130600243_,шт,,IEK,2026-09-23,35,insufficient_history,uniform_within_month;recursive_future_months;not_35day_backtested
130600244_,шт,,IEK,2026-09-23,35,insufficient_history,uniform_within_month;recursive_future_months;not_35day_backtested
130600245_,шт,,IEK,2026-09-23,35,insufficient_history,uniform_within_month;recursive_future_months;not_35day_backtested
130600246_,шт,,IEK,2026-09-23,35,insufficient_history,uniform_within_month;recursive_future_months;not_35day_backtested
130600247_,,,IEK,2026-09-23,35,insufficient_history,uniform_within_month;recursive_future_months;not_35day_backtested
130600248_,шт,,IEK,2026-09-23,35,insufficient_history,uniform_within_month;recursive_future_months;not_35day_backtested
130600253_,шт,3.4970941851595345,IEK,2026-09-23,35,approximate,uniform_within_month;recursive_future_months;not_35day_backtested
130600254_,шт,2.7919233196350732,IEK,2026-09-23,35,approximate,uniform_within_month;recursive_future_months;not_35day_backtested
130600255_,шт,3.872583375255196,IEK,2026-09-23,35,approximate,uniform_within_month;recursive_future_months;not_35day_backtested
130600256_,шт,4.609296448223474,IEK,2026-09-23,35,approximate,uniform_within_month;recursive_future_months;not_35day_backtested
130600257_,шт,,IEK,2026-09-23,35,insufficient_history,uniform_within_month;recursive_future_months;not_35day_backtested
130600258_,шт,2.6794483361999815,IEK,2026-09-23,35,approximate,uniform_within_month;recursive_future_months;not_35day_backtested
130600259_,шт,,IEK,2026-09-23,35,insufficient_history,uniform_within_month;recursive_future_months;not_35day_backtested
130600260_,шт,,IEK,2026-09-23,35,insufficient_history,uniform_within_month;recursive_future_months;not_35day_backtested
130600261_,шт,4.04660807564198,IEK,2026-09-23,35,approximate,uniform_within_month;recursive_future_months;not_35day_backtested
130600262_,шт,,IEK,2026-09-23,35,insufficient_history,uniform_within_month;recursive_future_months;not_35day_backtested
130600265_,шт,,IEK,2026-09-23,35,insufficient_history,uniform_within_month;recursive_future_months;not_35day_backtested
130600266_,шт,,IEK,2026-09-23,35,insufficient_history,uniform_within_month;recursive_future_months;not_35day_backtested
130600267_,шт,,IEK,2026-09-23,35,insufficient_history,uniform_within_month;recursive_future_months;not_35day_backtested
130600268_,шт,,IEK,2026-09-23,35,insufficient_history,uniform_within_month;recursive_future_months;not_35day_backtested
130600269_,шт,,IEK,2026-09-23,35,insufficient_history,uniform_within_month;recursive_future_months;not_35day_backtested
130600270_,шт,,IEK,2026-09-23,35,insufficient_history,uniform_within_month;recursive_future_months;not_35day_backtested
130600271_,шт,,IEK,2026-09-23,35,insufficient_history,uniform_within_month;recursive_future_months;not_35day_backtested
130600272_,шт,3.3522961678888414,IEK,2026-09-23,35,approximate,uniform_within_month;recursive_future_months;not_35day_backtested
130600273_,шт,,IEK,2026-09-23,35,insufficient_history,uniform_within_month;recursive_future_months;not_35day_backtested
130900001_,шт,13.705283279304707,IEK,2026-09-23,35,approximate,uniform_within_month;recursive_future_months;not_35day_backtested
130900006_,шт,15.347860588706398,IEK,2026-09-23,35,approximate,uniform_within_month;recursive_future_months;not_35day_backtested
130900007_,шт,5.9871389242446185,IEK,2026-09-23,35,approximate,uniform_within_month;recursive_future_months;not_35day_backtested
130900008_,шт,13.12148965607271,IEK,2026-09-23,35,approximate,uniform_within_month;recursive_future_months;not_35day_backtested
130900009_,шт,33.10876176973934,IEK,2026-09-23,35,approximate,uniform_within_month;recursive_future_months;not_35day_backtested
130900010_,шт,7.453819557737243,IEK,2026-09-23,35,approximate,uniform_within_month;recursive_future_months;not_35day_backtested
130900012_,шт,26.729792973948683,IEK,2026-09-23,35,approximate,uniform_within_month;recursive_future_months;not_35day_backtested
130900013_,шт,9.599056282952688,IEK,2026-09-23,35,approximate,uniform_within_month;recursive_future_months;not_35day_backtested
130900014_,шт,6.418515969647631,IEK,2026-09-23,35,approximate,uniform_within_month;recursive_future_months;not_35day_backtested
130900017_,шт,35.146292084264665,IEK,2026-09-23,35,approximate,uniform_within_month;recursive_future_months;not_35day_backtested
130900019_,шт,219.86193180701812,IEK,2026-09-23,35,approximate,uniform_within_month;recursive_future_months;not_35day_backtested
130900020_,шт,263.14625566568645,IEK,2026-09-23,35,approximate,uniform_within_month;recursive_future_months;not_35day_backtested
130900030_,шт,12.846930496587397,IEK,2026-09-23,35,approximate,uniform_within_month;recursive_future_months;not_35day_backtested
130900031_,шт,10.983388928809722,IEK,2026-09-23,35,approximate,uniform_within_month;recursive_future_months;not_35day_backtested
130900033_,,,IEK,2026-09-23,35,insufficient_history,uniform_within_month;recursive_future_months;not_35day_backtested
130900065_,шт,9.163686829361122,IEK,2026-09-23,35,approximate,uniform_within_month;recursive_future_months;not_35day_backtested
150100494_,шт,,IEK,2026-09-23,35,insufficient_history,uniform_within_month;recursive_future_months;not_35day_backtested
150100666_,м,,IEK,2026-09-23,35,insufficient_history,uniform_within_month;recursive_future_months;not_35day_backtested
150100667_,м,10.709187502761418,IEK,2026-09-23,35,approximate,uniform_within_month;recursive_future_months;not_35day_backtested
150100720_,м,6.86175432568482,IEK,2026-09-23,35,approximate,uniform_within_month;recursive_future_months;not_35day_backtested
150100723_,м,5.237910508841296,IEK,2026-09-23,35,approximate,uniform_within_month;recursive_future_months;not_35day_backtested
150100853_,м,,IEK,2026-09-23,35,insufficient_history,uniform_within_month;recursive_future_months;not_35day_backtested
150100854_,м,4.319519811838073,IEK,2026-09-23,35,approximate,uniform_within_month;recursive_future_months;not_35day_backtested
150100855_,м,13.645083096486607,IEK,2026-09-23,35,approximate,uniform_within_month;recursive_future_months;not_35day_backtested
150100863_,м,,IEK,2026-09-23,35,insufficient_history,uniform_within_month;recursive_future_months;not_35day_backtested
150100864_,м,,IEK,2026-09-23,35,insufficient_history,uniform_within_month;recursive_future_months;not_35day_backtested
150100953_,м,16.1713430884124,IEK,2026-09-23,35,approximate,uniform_within_month;recursive_future_months;not_35day_backtested
150100954_,м,13.755507776218405,IEK,2026-09-23,35,approximate,uniform_within_month;recursive_future_months;not_35day_backtested
150100955_,м,8.607257280912297,IEK,2026-09-23,35,approximate,uniform_within_month;recursive_future_months;not_35day_backtested
150100956_,,,IEK,2026-09-23,35,insufficient_history,uniform_within_month;recursive_future_months;not_35day_backtested
150100957_,м,11.522803657175512,IEK,2026-09-23,35,approximate,uniform_within_month;recursive_future_months;not_35day_backtested
150100958_,,,IEK,2026-09-23,35,insufficient_history,uniform_within_month;recursive_future_months;not_35day_backtested
150100959_,м,,IEK,2026-09-23,35,insufficient_history,uniform_within_month;recursive_future_months;not_35day_backtested
150100961_,м,5.478463591182046,IEK,2026-09-23,35,approximate,uniform_within_month;recursive_future_months;not_35day_backtested
150100996_,м,32.906552515878964,IEK,2026-09-23,35,approximate,uniform_within_month;recursive_future_months;not_35day_backtested
150100997_,м,95.92282324084479,IEK,2026-09-23,35,approximate,uniform_within_month;recursive_future_months;not_35day_backtested
150101000_,м,10.879506926760548,IEK,2026-09-23,35,approximate,uniform_within_month;recursive_future_months;not_35day_backtested
150101008_,м,16.1713430884124,IEK,2026-09-23,35,approximate,uniform_within_month;recursive_future_months;not_35day_backtested
150101009_,,,IEK,2026-09-23,35,insufficient_history,uniform_within_month;recursive_future_months;not_35day_backtested
150101010_,м,7.485156429131307,IEK,2026-09-23,35,approximate,uniform_within_month;recursive_future_months;not_35day_backtested
150101102_,,,IEK,2026-09-23,35,insufficient_history,uniform_within_month;recursive_future_months;not_35day_backtested
150101103_,м,14.975251297560003,IEK,2026-09-23,35,approximate,uniform_within_month;recursive_future_months;not_35day_backtested
150101104_,м,24.781083759674313,IEK,2026-09-23,35,approximate,uniform_within_month;recursive_future_months;not_35day_backtested
150101140_,шт,7.841981242429886,IEK,2026-09-23,35,approximate,uniform_within_month;recursive_future_months;not_35day_backtested
150101155_,шт,5.446348321106255,IEK,2026-09-23,35,approximate,uniform_within_month;recursive_future_months;not_35day_backtested
150101158_,шт,5.876681116092157,IEK,2026-09-23,35,approximate,uniform_within_month;recursive_future_months;not_35day_backtested
150101175_,шт,,IEK,2026-09-23,35,insufficient_history,uniform_within_month;recursive_future_months;not_35day_backtested
150101176_,шт,,IEK,2026-09-23,35,insufficient_history,uniform_within_month;recursive_future_months;not_35day_backtested
150101177_,шт,,IEK,2026-09-23,35,insufficient_history,uniform_within_month;recursive_future_months;not_35day_backtested
150101178_,шт,,IEK,2026-09-23,35,insufficient_history,uniform_within_month;recursive_future_months;not_35day_backtested
150101179_,шт,2.3773644697793443,IEK,2026-09-23,35,approximate,uniform_within_month;recursive_future_months;not_35day_backtested
150101180_,шт,20.59258980405658,IEK,2026-09-23,35,approximate,uniform_within_month;recursive_future_months;not_35day_backtested
150101181_,шт,3.2083320670207014,IEK,2026-09-23,35,approximate,uniform_within_month;recursive_future_months;not_35day_backtested
150101182_,шт,10.122357326614495,IEK,2026-09-23,35,approximate,uniform_within_month;recursive_future_months;not_35day_backtested
150101183_,шт,5.390747014901247,IEK,2026-09-23,35,approximate,uniform_within_month;recursive_future_months;not_35day_backtested
150101188_,шт,,IEK,2026-09-23,35,insufficient_history,uniform_within_month;recursive_future_months;not_35day_backtested
150101189_,шт,8.568541992180847,IEK,2026-09-23,35,approximate,uniform_within_month;recursive_future_months;not_35day_backtested
150101190_,шт,10.714743243701744,IEK,2026-09-23,35,approximate,uniform_within_month;recursive_future_months;not_35day_backtested
150101191_,шт,6.035818799415718,IEK,2026-09-23,35,approximate,uniform_within_month;recursive_future_months;not_35day_backtested
150101192_,шт,16.680825430582917,IEK,2026-09-23,35,approximate,uniform_within_month;recursive_future_months;not_35day_backtested
150101193_,шт,15.403385729693028,IEK,2026-09-23,35,approximate,uniform_within_month;recursive_future_months;not_35day_backtested
150101194_,шт,,IEK,2026-09-23,35,insufficient_history,uniform_within_month;recursive_future_months;not_35day_backtested
150101195_,шт,,IEK,2026-09-23,35,insufficient_history,uniform_within_month;recursive_future_months;not_35day_backtested
150101196_,шт,,IEK,2026-09-23,35,insufficient_history,uniform_within_month;recursive_future_months;not_35day_backtested
150101197_,шт,,IEK,2026-09-23,35,insufficient_history,uniform_within_month;recursive_future_months;not_35day_backtested
150101198_,шт,5.9356375818338165,IEK,2026-09-23,35,approximate,uniform_within_month;recursive_future_months;not_35day_backtested
150101199_,шт,7.263728858485133,IEK,2026-09-23,35,approximate,uniform_within_month;recursive_future_months;not_35day_backtested
150101200_,шт,7.572478025795529,IEK,2026-09-23,35,approximate,uniform_within_month;recursive_future_months;not_35day_backtested
150101201_,шт,12.562145070068574,IEK,2026-09-23,35,approximate,uniform_within_month;recursive_future_months;not_35day_backtested
150101202_,шт,12.126227692311243,IEK,2026-09-23,35,approximate,uniform_within_month;recursive_future_months;not_35day_backtested
150101203_,шт,,IEK,2026-09-23,35,insufficient_history,uniform_within_month;recursive_future_months;not_35day_backtested
150101204_,шт,,IEK,2026-09-23,35,insufficient_history,uniform_within_month;recursive_future_months;not_35day_backtested
150101205_,шт,,IEK,2026-09-23,35,insufficient_history,uniform_within_month;recursive_future_months;not_35day_backtested
150101206_,шт,,IEK,2026-09-23,35,insufficient_history,uniform_within_month;recursive_future_months;not_35day_backtested
150101207_,шт,,IEK,2026-09-23,35,insufficient_history,uniform_within_month;recursive_future_months;not_35day_backtested
150101208_,шт,18.980529590565396,IEK,2026-09-23,35,approximate,uniform_within_month;recursive_future_months;not_35day_backtested
150101209_,шт,7.475585155735648,IEK,2026-09-23,35,approximate,uniform_within_month;recursive_future_months;not_35day_backtested
150101210_,шт,,IEK,2026-09-23,35,insufficient_history,uniform_within_month;recursive_future_months;not_35day_backtested
150101211_,шт,,IEK,2026-09-23,35,insufficient_history,uniform_within_month;recursive_future_months;not_35day_backtested
150101212_,шт,,IEK,2026-09-23,35,insufficient_history,uniform_within_month;recursive_future_months;not_35day_backtested
150101213_,шт,70.62769267074485,IEK,2026-09-23,35,approximate,uniform_within_month;recursive_future_months;not_35day_backtested
150300123_,,,IEK,2026-09-23,35,insufficient_history,uniform_within_month;recursive_future_months;not_35day_backtested
150700221_,,,IEK,2026-09-23,35,insufficient_history,uniform_within_month;recursive_future_months;not_35day_backtested
150700222_,,,IEK,2026-09-23,35,insufficient_history,uniform_within_month;recursive_future_months;not_35day_backtested
150700223_,,,IEK,2026-09-23,35,insufficient_history,uniform_within_month;recursive_future_months;not_35day_backtested
151000053_,,,IEK,2026-09-23,35,insufficient_history,uniform_within_month;recursive_future_months;not_35day_backtested
151000056_,,,IEK,2026-09-23,35,insufficient_history,uniform_within_month;recursive_future_months;not_35day_backtested
151000059_,шт,67.51275316171947,IEK,2026-09-23,35,approximate,uniform_within_month;recursive_future_months;not_35day_backtested
151000061_,шт,15.842088319329712,IEK,2026-09-23,35,approximate,uniform_within_month;recursive_future_months;not_35day_backtested
151000069_,,,IEK,2026-09-23,35,insufficient_history,uniform_within_month;recursive_future_months;not_35day_backtested
151000070_,шт,,IEK,2026-09-23,35,insufficient_history,uniform_within_month;recursive_future_months;not_35day_backtested
151000071_,шт,,IEK,2026-09-23,35,insufficient_history,uniform_within_month;recursive_future_months;not_35day_backtested
151000074_,,,IEK,2026-09-23,35,insufficient_history,uniform_within_month;recursive_future_months;not_35day_backtested
151000080_,,,IEK,2026-09-23,35,insufficient_history,uniform_within_month;recursive_future_months;not_35day_backtested
151000081_,,,IEK,2026-09-23,35,insufficient_history,uniform_within_month;recursive_future_months;not_35day_backtested
151000082_,шт,4.9671497127031,IEK,2026-09-23,35,approximate,uniform_within_month;recursive_future_months;not_35day_backtested
151000083_,шт,9.802786246294511,IEK,2026-09-23,35,approximate,uniform_within_month;recursive_future_months;not_35day_backtested
151000084_,шт,,IEK,2026-09-23,35,insufficient_history,uniform_within_month;recursive_future_months;not_35day_backtested
151000119_,,,IEK,2026-09-23,35,insufficient_history,uniform_within_month;recursive_future_months;not_35day_backtested
151000132_,,,IEK,2026-09-23,35,insufficient_history,uniform_within_month;recursive_future_months;not_35day_backtested
151000137_,шт,13.8972504775098,IEK,2026-09-23,35,approximate,uniform_within_month;recursive_future_months;not_35day_backtested
151000175_,шт,16.238422430663164,IEK,2026-09-23,35,approximate,uniform_within_month;recursive_future_months;not_35day_backtested
151000214_,,,IEK,2026-09-23,35,insufficient_history,uniform_within_month;recursive_future_months;not_35day_backtested
151000369_,шт,12.502989112467626,IEK,2026-09-23,35,approximate,uniform_within_month;recursive_future_months;not_35day_backtested
151000552_,,,IEK,2026-09-23,35,insufficient_history,uniform_within_month;recursive_future_months;not_35day_backtested
151000553_,шт,,IEK,2026-09-23,35,insufficient_history,uniform_within_month;recursive_future_months;not_35day_backtested
151000555_,шт,3.776601054592675,IEK,2026-09-23,35,approximate,uniform_within_month;recursive_future_months;not_35day_backtested
151000556_,шт,,IEK,2026-09-23,35,insufficient_history,uniform_within_month;recursive_future_months;not_35day_backtested
151000557_,,,IEK,2026-09-23,35,insufficient_history,uniform_within_month;recursive_future_months;not_35day_backtested
151000558_,шт,3.9330119615977575,IEK,2026-09-23,35,approximate,uniform_within_month;recursive_future_months;not_35day_backtested
151000601_,шт,,IEK,2026-09-23,35,insufficient_history,uniform_within_month;recursive_future_months;not_35day_backtested
151000606_,шт,,IEK,2026-09-23,35,insufficient_history,uniform_within_month;recursive_future_months;not_35day_backtested
151000691_,шт,8.56411633324531,IEK,2026-09-23,35,approximate,uniform_within_month;recursive_future_months;not_35day_backtested
151000692_,шт,4.354390076737266,IEK,2026-09-23,35,approximate,uniform_within_month;recursive_future_months;not_35day_backtested
151000693_,шт,1.912994080290032,IEK,2026-09-23,35,approximate,uniform_within_month;recursive_future_months;not_35day_backtested
151000698_,,,IEK,2026-09-23,35,insufficient_history,uniform_within_month;recursive_future_months;not_35day_backtested
151000732_,шт,,IEK,2026-09-23,35,insufficient_history,uniform_within_month;recursive_future_months;not_35day_backtested
151000733_,шт,2.7158681832147717,IEK,2026-09-23,35,approximate,uniform_within_month;recursive_future_months;not_35day_backtested
151000734_,шт,3.060017694559056,IEK,2026-09-23,35,approximate,uniform_within_month;recursive_future_months;not_35day_backtested
151000735_,,,IEK,2026-09-23,35,insufficient_history,uniform_within_month;recursive_future_months;not_35day_backtested
151000774_,,,IEK,2026-09-23,35,insufficient_history,uniform_within_month;recursive_future_months;not_35day_backtested
151000783_,шт,,IEK,2026-09-23,35,insufficient_history,uniform_within_month;recursive_future_months;not_35day_backtested
151000784_,,,IEK,2026-09-23,35,insufficient_history,uniform_within_month;recursive_future_months;not_35day_backtested
151000785_,,,IEK,2026-09-23,35,insufficient_history,uniform_within_month;recursive_future_months;not_35day_backtested
151300040_,,,IEK,2026-09-23,35,insufficient_history,uniform_within_month;recursive_future_months;not_35day_backtested
151300041_,,,IEK,2026-09-23,35,insufficient_history,uniform_within_month;recursive_future_months;not_35day_backtested
151300042_,шт,,IEK,2026-09-23,35,insufficient_history,uniform_within_month;recursive_future_months;not_35day_backtested
200400001_,шт,36.144116934988574,IEK,2026-09-23,35,approximate,uniform_within_month;recursive_future_months;not_35day_backtested
200400002_,шт,11.176261998735942,IEK,2026-09-23,35,approximate,uniform_within_month;recursive_future_months;not_35day_backtested
200400003_,шт,14.938222975590566,IEK,2026-09-23,35,approximate,uniform_within_month;recursive_future_months;not_35day_backtested
200400004_,шт,4.648460528879134,IEK,2026-09-23,35,approximate,uniform_within_month;recursive_future_months;not_35day_backtested
200400007_,шт,12.837815918764221,IEK,2026-09-23,35,approximate,uniform_within_month;recursive_future_months;not_35day_backtested
200400009_,шт,,IEK,2026-09-23,35,insufficient_history,uniform_within_month;recursive_future_months;not_35day_backtested
200400010_,шт,,IEK,2026-09-23,35,insufficient_history,uniform_within_month;recursive_future_months;not_35day_backtested
200400011_,шт,,IEK,2026-09-23,35,insufficient_history,uniform_within_month;recursive_future_months;not_35day_backtested
200400012_,,,IEK,2026-09-23,35,insufficient_history,uniform_within_month;recursive_future_months;not_35day_backtested
200400014_,шт,,IEK,2026-09-23,35,insufficient_history,uniform_within_month;recursive_future_months;not_35day_backtested
200400015_,шт,2.4298819787300237,IEK,2026-09-23,35,approximate,uniform_within_month;recursive_future_months;not_35day_backtested
200400016_,шт,4.710350330953859,IEK,2026-09-23,35,approximate,uniform_within_month;recursive_future_months;not_35day_backtested
200400017_,шт,5.291895094170643,IEK,2026-09-23,35,approximate,uniform_within_month;recursive_future_months;not_35day_backtested
200400018_,шт,3.7416970989098877,IEK,2026-09-23,35,approximate,uniform_within_month;recursive_future_months;not_35day_backtested
200400019_,шт,229.36942051498178,IEK,2026-09-23,35,approximate,uniform_within_month;recursive_future_months;not_35day_backtested
200400020_,шт,10.309648375028555,IEK,2026-09-23,35,approximate,uniform_within_month;recursive_future_months;not_35day_backtested
200400021_,шт,31.20710074151885,IEK,2026-09-23,35,approximate,uniform_within_month;recursive_future_months;not_35day_backtested
200400022_,шт,6.265732628997614,IEK,2026-09-23,35,approximate,uniform_within_month;recursive_future_months;not_35day_backtested
200400023_,шт,12.17857599363402,IEK,2026-09-23,35,approximate,uniform_within_month;recursive_future_months;not_35day_backtested
200400024_,шт,205.42767625672425,IEK,2026-09-23,35,approximate,uniform_within_month;recursive_future_months;not_35day_backtested
200400025_,шт,26.013422155564417,IEK,2026-09-23,35,approximate,uniform_within_month;recursive_future_months;not_35day_backtested
200400026_,шт,538.2405760721559,IEK,2026-09-23,35,approximate,uniform_within_month;recursive_future_months;not_35day_backtested
200400027_,шт,449.52111299520334,IEK,2026-09-23,35,approximate,uniform_within_month;recursive_future_months;not_35day_backtested
200400028_,шт,291.75917766683784,IEK,2026-09-23,35,approximate,uniform_within_month;recursive_future_months;not_35day_backtested
200400029_,шт,166.9672900607826,IEK,2026-09-23,35,approximate,uniform_within_month;recursive_future_months;not_35day_backtested
200400030_,шт,32.51436225331156,IEK,2026-09-23,35,approximate,uniform_within_month;recursive_future_months;not_35day_backtested
200400032_,шт,,IEK,2026-09-23,35,insufficient_history,uniform_within_month;recursive_future_months;not_35day_backtested
200400034_,шт,15.126541162774682,IEK,2026-09-23,35,approximate,uniform_within_month;recursive_future_months;not_35day_backtested
200400048_,м,66.14055248541348,IEK,2026-09-23,35,approximate,uniform_within_month;recursive_future_months;not_35day_backtested
200400050_,шт,8.347366468659922,IEK,2026-09-23,35,approximate,uniform_within_month;recursive_future_months;not_35day_backtested
200400085_,м,3324.586218130161,IEK,2026-09-23,35,approximate,uniform_within_month;recursive_future_months;not_35day_backtested
200400101_,шт,35.83415236679866,IEK,2026-09-23,35,approximate,uniform_within_month;recursive_future_months;not_35day_backtested
200400104_,м,1748.169205851485,IEK,2026-09-23,35,approximate,uniform_within_month;recursive_future_months;not_35day_backtested
200400105_,,,IEK,2026-09-23,35,insufficient_history,uniform_within_month;recursive_future_months;not_35day_backtested
200400166_,м,2954.2001594971352,IEK,2026-09-23,35,approximate,uniform_within_month;recursive_future_months;not_35day_backtested
200400218_,,,IEK,2026-09-23,35,insufficient_history,uniform_within_month;recursive_future_months;not_35day_backtested
200400249_,шт,6.009139239376324,IEK,2026-09-23,35,approximate,uniform_within_month;recursive_future_months;not_35day_backtested
200400250_,м,2033.4160089077268,IEK,2026-09-23,35,approximate,uniform_within_month;recursive_future_months;not_35day_backtested
200400259_,шт,2.3961785231716197,IEK,2026-09-23,35,approximate,uniform_within_month;recursive_future_months;not_35day_backtested
200400264_,шт,3.2753633114331637,IEK,2026-09-23,35,approximate,uniform_within_month;recursive_future_months;not_35day_backtested
200400329_,м,,IEK,2026-09-23,35,insufficient_history,uniform_within_month;recursive_future_months;not_35day_backtested
200400330_,м,150.6831637300629,IEK,2026-09-23,35,approximate,uniform_within_month;recursive_future_months;not_35day_backtested
201000015_,шт,,IEK,2026-09-23,35,insufficient_history,uniform_within_month;recursive_future_months;not_35day_backtested
201000017_,шт,,IEK,2026-09-23,35,insufficient_history,uniform_within_month;recursive_future_months;not_35day_backtested
201000018_,шт,,IEK,2026-09-23,35,insufficient_history,uniform_within_month;recursive_future_months;not_35day_backtested
201000019_,шт,,IEK,2026-09-23,35,insufficient_history,uniform_within_month;recursive_future_months;not_35day_backtested
201000020_,шт,3.7054075069872985,IEK,2026-09-23,35,approximate,uniform_within_month;recursive_future_months;not_35day_backtested
201000021_,шт,,IEK,2026-09-23,35,insufficient_history,uniform_within_month;recursive_future_months;not_35day_backtested
201000022_,шт,,IEK,2026-09-23,35,insufficient_history,uniform_within_month;recursive_future_months;not_35day_backtested
203000051_,,,IEK,2026-09-23,35,insufficient_history,uniform_within_month;recursive_future_months;not_35day_backtested
203000053_,,,IEK,2026-09-23,35,insufficient_history,uniform_within_month;recursive_future_months;not_35day_backtested
203000056_,,,IEK,2026-09-23,35,insufficient_history,uniform_within_month;recursive_future_months;not_35day_backtested
203000079_,,,IEK,2026-09-23,35,insufficient_history,uniform_within_month;recursive_future_months;not_35day_backtested
220400107_,м,,IEK,2026-09-23,35,insufficient_history,uniform_within_month;recursive_future_months;not_35day_backtested
220400108_,,,IEK,2026-09-23,35,insufficient_history,uniform_within_month;recursive_future_months;not_35day_backtested
220400109_,,,IEK,2026-09-23,35,insufficient_history,uniform_within_month;recursive_future_months;not_35day_backtested
220400110_,,,IEK,2026-09-23,35,insufficient_history,uniform_within_month;recursive_future_months;not_35day_backtested
220400111_,,,IEK,2026-09-23,35,insufficient_history,uniform_within_month;recursive_future_months;not_35day_backtested
220400112_,,,IEK,2026-09-23,35,insufficient_history,uniform_within_month;recursive_future_months;not_35day_backtested
220400113_,,,IEK,2026-09-23,35,insufficient_history,uniform_within_month;recursive_future_months;not_35day_backtested
240100001_,,,IEK,2026-09-23,35,insufficient_history,uniform_within_month;recursive_future_months;not_35day_backtested
240100002_,упак,8.16425462753932,IEK,2026-09-23,35,approximate,uniform_within_month;recursive_future_months;not_35day_backtested
240100003_,упак,6.689871812578718,IEK,2026-09-23,35,approximate,uniform_within_month;recursive_future_months;not_35day_backtested
240100004_,упак,18.040182825268097,IEK,2026-09-23,35,approximate,uniform_within_month;recursive_future_months;not_35day_backtested
240100005_,упак,175.67788162731372,IEK,2026-09-23,35,approximate,uniform_within_month;recursive_future_months;not_35day_backtested
240100006_,упак,153.65093832000719,IEK,2026-09-23,35,approximate,uniform_within_month;recursive_future_months;not_35day_backtested
240100007_,упак,30.364445680863202,IEK,2026-09-23,35,approximate,uniform_within_month;recursive_future_months;not_35day_backtested
240100009_,,,IEK,2026-09-23,35,insufficient_history,uniform_within_month;recursive_future_months;not_35day_backtested
240100010_,,,IEK,2026-09-23,35,insufficient_history,uniform_within_month;recursive_future_months;not_35day_backtested
240100011_,упак,16.78353719459363,IEK,2026-09-23,35,approximate,uniform_within_month;recursive_future_months;not_35day_backtested
240100012_,упак,7.257356194015756,IEK,2026-09-23,35,approximate,uniform_within_month;recursive_future_months;not_35day_backtested
240100013_,упак,9.635577626689862,IEK,2026-09-23,35,approximate,uniform_within_month;recursive_future_months;not_35day_backtested
240100015_,,,IEK,2026-09-23,35,insufficient_history,uniform_within_month;recursive_future_months;not_35day_backtested
240100016_,упак,,IEK,2026-09-23,35,insufficient_history,uniform_within_month;recursive_future_months;not_35day_backtested
240100020_,упак,2.0450473027916587,IEK,2026-09-23,35,approximate,uniform_within_month;recursive_future_months;not_35day_backtested
240100025_,упак,,IEK,2026-09-23,35,insufficient_history,uniform_within_month;recursive_future_months;not_35day_backtested
240100026_,упак,31.66634406057793,IEK,2026-09-23,35,approximate,uniform_within_month;recursive_future_months;not_35day_backtested
240100027_,упак,26.48599523253323,IEK,2026-09-23,35,approximate,uniform_within_month;recursive_future_months;not_35day_backtested
240100028_,упак,30.16199830181965,IEK,2026-09-23,35,approximate,uniform_within_month;recursive_future_months;not_35day_backtested
240100029_,упак,46.9804784229354,IEK,2026-09-23,35,approximate,uniform_within_month;recursive_future_months;not_35day_backtested
240100045_,,,IEK,2026-09-23,35,insufficient_history,uniform_within_month;recursive_future_months;not_35day_backtested
240100052_,упак,142.8437851914984,IEK,2026-09-23,35,approximate,uniform_within_month;recursive_future_months;not_35day_backtested
240100053_,упак,1107.5585342956604,IEK,2026-09-23,35,approximate,uniform_within_month;recursive_future_months;not_35day_backtested
240100054_,упак,805.215602589496,IEK,2026-09-23,35,approximate,uniform_within_month;recursive_future_months;not_35day_backtested
240100089_,,,IEK,2026-09-23,35,insufficient_history,uniform_within_month;recursive_future_months;not_35day_backtested
240100090_,упак,19.176372525266622,IEK,2026-09-23,35,approximate,uniform_within_month;recursive_future_months;not_35day_backtested
240100091_,упак,122.38144901777407,IEK,2026-09-23,35,approximate,uniform_within_month;recursive_future_months;not_35day_backtested
240100092_,упак,2.2572894906478576,IEK,2026-09-23,35,approximate,uniform_within_month;recursive_future_months;not_35day_backtested
240100093_,упак,30.689801631458852,IEK,2026-09-23,35,approximate,uniform_within_month;recursive_future_months;not_35day_backtested
240100094_,упак,412.88617778500225,IEK,2026-09-23,35,approximate,uniform_within_month;recursive_future_months;not_35day_backtested
240100095_,упак,11.582368407458649,IEK,2026-09-23,35,approximate,uniform_within_month;recursive_future_months;not_35day_backtested
240100096_,упак,4.775457694309937,IEK,2026-09-23,35,approximate,uniform_within_month;recursive_future_months;not_35day_backtested
240100097_,упак,3.37592139613176,IEK,2026-09-23,35,approximate,uniform_within_month;recursive_future_months;not_35day_backtested
240100106_,упак,11.019483148318148,IEK,2026-09-23,35,approximate,uniform_within_month;recursive_future_months;not_35day_backtested
240100107_,упак,15.707489520711528,IEK,2026-09-23,35,approximate,uniform_within_month;recursive_future_months;not_35day_backtested
240100109_,,,IEK,2026-09-23,35,insufficient_history,uniform_within_month;recursive_future_months;not_35day_backtested
240100110_,,,IEK,2026-09-23,35,insufficient_history,uniform_within_month;recursive_future_months;not_35day_backtested
240100111_,упак,189.1597908477013,IEK,2026-09-23,35,approximate,uniform_within_month;recursive_future_months;not_35day_backtested
240100112_,упак,585.4919181837332,IEK,2026-09-23,35,approximate,uniform_within_month;recursive_future_months;not_35day_backtested
240100117_,,,IEK,2026-09-23,35,insufficient_history,uniform_within_month;recursive_future_months;not_35day_backtested
240100185_,упак,14.879194792330217,IEK,2026-09-23,35,approximate,uniform_within_month;recursive_future_months;not_35day_backtested
240100189_,,,IEK,2026-09-23,35,insufficient_history,uniform_within_month;recursive_future_months;not_35day_backtested
240100190_,,,IEK,2026-09-23,35,insufficient_history,uniform_within_month;recursive_future_months;not_35day_backtested
240100208_,упак,215.90838992689532,IEK,2026-09-23,35,approximate,uniform_within_month;recursive_future_months;not_35day_backtested
240100209_,упак,2.646651871699434,IEK,2026-09-23,35,approximate,uniform_within_month;recursive_future_months;not_35day_backtested
240200003_,упак,1.983039103997725,IEK,2026-09-23,35,approximate,uniform_within_month;recursive_future_months;not_35day_backtested
240200005_,,,IEK,2026-09-23,35,insufficient_history,uniform_within_month;recursive_future_months;not_35day_backtested
240200006_,,,IEK,2026-09-23,35,insufficient_history,uniform_within_month;recursive_future_months;not_35day_backtested
240200007_,упак,3.947115390901672,IEK,2026-09-23,35,approximate,uniform_within_month;recursive_future_months;not_35day_backtested
240200008_,,,IEK,2026-09-23,35,insufficient_history,uniform_within_month;recursive_future_months;not_35day_backtested
240200009_,,,IEK,2026-09-23,35,insufficient_history,uniform_within_month;recursive_future_months;not_35day_backtested
240200010_,,,IEK,2026-09-23,35,insufficient_history,uniform_within_month;recursive_future_months;not_35day_backtested
240200011_,упак,3.5899783928743463,IEK,2026-09-23,35,approximate,uniform_within_month;recursive_future_months;not_35day_backtested
240200012_,упак,2.4275468969450156,IEK,2026-09-23,35,approximate,uniform_within_month;recursive_future_months;not_35day_backtested
240200014_,упак,,IEK,2026-09-23,35,insufficient_history,uniform_within_month;recursive_future_months;not_35day_backtested
240200015_,,,IEK,2026-09-23,35,insufficient_history,uniform_within_month;recursive_future_months;not_35day_backtested
240200017_,упак,1.823584650305389,IEK,2026-09-23,35,approximate,uniform_within_month;recursive_future_months;not_35day_backtested
240200029_,упак,1.75769759728155,IEK,2026-09-23,35,approximate,uniform_within_month;recursive_future_months;not_35day_backtested
240200031_,упак,1.8114829196000657,IEK,2026-09-23,35,approximate,uniform_within_month;recursive_future_months;not_35day_backtested
240200032_,упак,6.00842503572695,IEK,2026-09-23,35,approximate,uniform_within_month;recursive_future_months;not_35day_backtested
240200033_,,,IEK,2026-09-23,35,insufficient_history,uniform_within_month;recursive_future_months;not_35day_backtested
240200034_,,,IEK,2026-09-23,35,insufficient_history,uniform_within_month;recursive_future_months;not_35day_backtested
240200050_,,,IEK,2026-09-23,35,insufficient_history,uniform_within_month;recursive_future_months;not_35day_backtested
240200065_,,,IEK,2026-09-23,35,insufficient_history,uniform_within_month;recursive_future_months;not_35day_backtested
240300013_,упак,2.0880532998326795,IEK,2026-09-23,35,approximate,uniform_within_month;recursive_future_months;not_35day_backtested
240300014_,упак,2.646543654633886,IEK,2026-09-23,35,approximate,uniform_within_month;recursive_future_months;not_35day_backtested
240300015_,упак,2.2985812122466913,IEK,2026-09-23,35,approximate,uniform_within_month;recursive_future_months;not_35day_backtested
240300016_,упак,1.840187163632443,IEK,2026-09-23,35,approximate,uniform_within_month;recursive_future_months;not_35day_backtested
240300017_,упак,1.7905730812021363,IEK,2026-09-23,35,approximate,uniform_within_month;recursive_future_months;not_35day_backtested
240300018_,упак,2.0951056081939594,IEK,2026-09-23,35,approximate,uniform_within_month;recursive_future_months;not_35day_backtested
240300019_,упак,2.101467599448524,IEK,2026-09-23,35,approximate,uniform_within_month;recursive_future_months;not_35day_backtested
240300020_,упак,2.4752765373092886,IEK,2026-09-23,35,approximate,uniform_within_month;recursive_future_months;not_35day_backtested
240300021_,,,IEK,2026-09-23,35,insufficient_history,uniform_within_month;recursive_future_months;not_35day_backtested
240300022_,,,IEK,2026-09-23,35,insufficient_history,uniform_within_month;recursive_future_months;not_35day_backtested
240300023_,,,IEK,2026-09-23,35,insufficient_history,uniform_within_month;recursive_future_months;not_35day_backtested
240300024_,,,IEK,2026-09-23,35,insufficient_history,uniform_within_month;recursive_future_months;not_35day_backtested
240300025_,,,IEK,2026-09-23,35,insufficient_history,uniform_within_month;recursive_future_months;not_35day_backtested
240300026_,,,IEK,2026-09-23,35,insufficient_history,uniform_within_month;recursive_future_months;not_35day_backtested
240300027_,упак,5.119419810288537,IEK,2026-09-23,35,approximate,uniform_within_month;recursive_future_months;not_35day_backtested
240300033_,упак,4.261155675888189,IEK,2026-09-23,35,approximate,uniform_within_month;recursive_future_months;not_35day_backtested
240300034_,упак,3.8118946030133394,IEK,2026-09-23,35,approximate,uniform_within_month;recursive_future_months;not_35day_backtested
240300035_,упак,3.845237330349816,IEK,2026-09-23,35,approximate,uniform_within_month;recursive_future_months;not_35day_backtested
240300050_,упак,3.927949843338068,IEK,2026-09-23,35,approximate,uniform_within_month;recursive_future_months;not_35day_backtested
240300051_,упак,3.927949843338068,IEK,2026-09-23,35,approximate,uniform_within_month;recursive_future_months;not_35day_backtested
240300052_,упак,3.567764651671979,IEK,2026-09-23,35,approximate,uniform_within_month;recursive_future_months;not_35day_backtested
240300053_,упак,3.895071510808086,IEK,2026-09-23,35,approximate,uniform_within_month;recursive_future_months;not_35day_backtested
240300054_,упак,3.7112628114812223,IEK,2026-09-23,35,approximate,uniform_within_month;recursive_future_months;not_35day_backtested
240300055_,упак,3.6208574813985814,IEK,2026-09-23,35,approximate,uniform_within_month;recursive_future_months;not_35day_backtested
240300056_,,,IEK,2026-09-23,35,insufficient_history,uniform_within_month;recursive_future_months;not_35day_backtested
240300057_,упак,1.8009437356554625,IEK,2026-09-23,35,approximate,uniform_within_month;recursive_future_months;not_35day_backtested
240300058_,,,IEK,2026-09-23,35,insufficient_history,uniform_within_month;recursive_future_months;not_35day_backtested
240300059_,,,IEK,2026-09-23,35,insufficient_history,uniform_within_month;recursive_future_months;not_35day_backtested
250200001_,шт,4.1956657946533635,IEK,2026-09-23,35,approximate,uniform_within_month;recursive_future_months;not_35day_backtested
250200002_,шт,3.1537303454002386,IEK,2026-09-23,35,approximate,uniform_within_month;recursive_future_months;not_35day_backtested
250200003_,шт,5.746093054211897,IEK,2026-09-23,35,approximate,uniform_within_month;recursive_future_months;not_35day_backtested
250200004_,шт,9.12565743176339,IEK,2026-09-23,35,approximate,uniform_within_month;recursive_future_months;not_35day_backtested
250200005_,шт,,IEK,2026-09-23,35,insufficient_history,uniform_within_month;recursive_future_months;not_35day_backtested
250200006_,шт,10.572286840074174,IEK,2026-09-23,35,approximate,uniform_within_month;recursive_future_months;not_35day_backtested
250200007_,шт,12.624539592683865,IEK,2026-09-23,35,approximate,uniform_within_month;recursive_future_months;not_35day_backtested
250200008_,шт,3.18536331204177,IEK,2026-09-23,35,approximate,uniform_within_month;recursive_future_months;not_35day_backtested
250200009_,шт,3.606743547844891,IEK,2026-09-23,35,approximate,uniform_within_month;recursive_future_months;not_35day_backtested
250200010_,шт,5.118598689284029,IEK,2026-09-23,35,approximate,uniform_within_month;recursive_future_months;not_35day_backtested
250200011_,шт,4.976191545847567,IEK,2026-09-23,35,approximate,uniform_within_month;recursive_future_months;not_35day_backtested
250200012_,шт,2.3797591650909182,IEK,2026-09-23,35,approximate,uniform_within_month;recursive_future_months;not_35day_backtested
250200014_,шт,6.570637594893785,IEK,2026-09-23,35,approximate,uniform_within_month;recursive_future_months;not_35day_backtested
250200015_,шт,7.351443406307421,IEK,2026-09-23,35,approximate,uniform_within_month;recursive_future_months;not_35day_backtested
250200016_,шт,13.473653592719979,IEK,2026-09-23,35,approximate,uniform_within_month;recursive_future_months;not_35day_backtested
250200017_,шт,6.570450323098122,IEK,2026-09-23,35,approximate,uniform_within_month;recursive_future_months;not_35day_backtested
250200018_,шт,5.280733452115037,IEK,2026-09-23,35,approximate,uniform_within_month;recursive_future_months;not_35day_backtested
250200019_,шт,3.1063035041321205,IEK,2026-09-23,35,approximate,uniform_within_month;recursive_future_months;not_35day_backtested
250200020_,шт,3.2823770731461,IEK,2026-09-23,35,approximate,uniform_within_month;recursive_future_months;not_35day_backtested
250200021_,,,IEK,2026-09-23,35,insufficient_history,uniform_within_month;recursive_future_months;not_35day_backtested
250200022_,,,IEK,2026-09-23,35,insufficient_history,uniform_within_month;recursive_future_months;not_35day_backtested
250200023_,шт,,IEK,2026-09-23,35,insufficient_history,uniform_within_month;recursive_future_months;not_35day_backtested
250200025_,шт,3.3309262959071497,IEK,2026-09-23,35,approximate,uniform_within_month;recursive_future_months;not_35day_backtested
250200026_,шт,3.2597612418004007,IEK,2026-09-23,35,approximate,uniform_within_month;recursive_future_months;not_35day_backtested
250200027_,шт,5.464960781344046,IEK,2026-09-23,35,approximate,uniform_within_month;recursive_future_months;not_35day_backtested
250200028_,шт,4.826392034244863,IEK,2026-09-23,35,approximate,uniform_within_month;recursive_future_months;not_35day_backtested
250200029_,шт,11.849347537585382,IEK,2026-09-23,35,approximate,uniform_within_month;recursive_future_months;not_35day_backtested
250200031_,шт,3.506274518620555,IEK,2026-09-23,35,approximate,uniform_within_month;recursive_future_months;not_35day_backtested
250200032_,шт,2.2733517566016115,IEK,2026-09-23,35,approximate,uniform_within_month;recursive_future_months;not_35day_backtested
250200037_,шт,3.567789766720365,IEK,2026-09-23,35,approximate,uniform_within_month;recursive_future_months;not_35day_backtested
250200041_,шт,2.6768445245777026,IEK,2026-09-23,35,approximate,uniform_within_month;recursive_future_months;not_35day_backtested
250200042_,шт,6.273786181007923,IEK,2026-09-23,35,approximate,uniform_within_month;recursive_future_months;not_35day_backtested
250200044_,шт,3.5624248920642247,IEK,2026-09-23,35,approximate,uniform_within_month;recursive_future_months;not_35day_backtested
250200047_,шт,2.5337941328904856,IEK,2026-09-23,35,approximate,uniform_within_month;recursive_future_months;not_35day_backtested
250200050_,шт,2.7051277924840584,IEK,2026-09-23,35,approximate,uniform_within_month;recursive_future_months;not_35day_backtested
250200051_,шт,2.389917291315226,IEK,2026-09-23,35,approximate,uniform_within_month;recursive_future_months;not_35day_backtested
250200052_,шт,3.896958040134246,IEK,2026-09-23,35,approximate,uniform_within_month;recursive_future_months;not_35day_backtested
250200054_,шт,2.6530734428123868,IEK,2026-09-23,35,approximate,uniform_within_month;recursive_future_months;not_35day_backtested
250200060_,шт,2.122274484370411,IEK,2026-09-23,35,approximate,uniform_within_month;recursive_future_months;not_35day_backtested
250200061_,шт,4.394293677227465,IEK,2026-09-23,35,approximate,uniform_within_month;recursive_future_months;not_35day_backtested
250200077_,шт,3.460012632132817,IEK,2026-09-23,35,approximate,uniform_within_month;recursive_future_months;not_35day_backtested
250200078_,шт,,IEK,2026-09-23,35,insufficient_history,uniform_within_month;recursive_future_months;not_35day_backtested
250200106_,шт,,IEK,2026-09-23,35,insufficient_history,uniform_within_month;recursive_future_months;not_35day_backtested
250600001_,шт,22.973963998551746,IEK,2026-09-23,35,approximate,uniform_within_month;recursive_future_months;not_35day_backtested
250600002_,шт,17.90545164654668,IEK,2026-09-23,35,approximate,uniform_within_month;recursive_future_months;not_35day_backtested
250600003_,шт,18.990302841225493,IEK,2026-09-23,35,approximate,uniform_within_month;recursive_future_months;not_35day_backtested
250600004_,шт,15.004044039295916,IEK,2026-09-23,35,approximate,uniform_within_month;recursive_future_months;not_35day_backtested
250600005_,шт,8.213236565494594,IEK,2026-09-23,35,approximate,uniform_within_month;recursive_future_months;not_35day_backtested
250600006_,шт,10.500920456765977,IEK,2026-09-23,35,approximate,uniform_within_month;recursive_future_months;not_35day_backtested
250600007,шт,,IEK,2026-09-23,35,insufficient_history,uniform_within_month;recursive_future_months;not_35day_backtested
250600007_,шт,101.18400242375114,IEK,2026-09-23,35,approximate,uniform_within_month;recursive_future_months;not_35day_backtested
250600008_,шт,19.225327367780416,IEK,2026-09-23,35,approximate,uniform_within_month;recursive_future_months;not_35day_backtested
250600009_,шт,20.374781163369054,IEK,2026-09-23,35,approximate,uniform_within_month;recursive_future_months;not_35day_backtested
250600010_,шт,37.86683898662711,IEK,2026-09-23,35,approximate,uniform_within_month;recursive_future_months;not_35day_backtested
250600011_,шт,16.733633317607335,IEK,2026-09-23,35,approximate,uniform_within_month;recursive_future_months;not_35day_backtested
250600012_,шт,7.111989568187385,IEK,2026-09-23,35,approximate,uniform_within_month;recursive_future_months;not_35day_backtested
250600013_,шт,147.55245612719224,IEK,2026-09-23,35,approximate,uniform_within_month;recursive_future_months;not_35day_backtested
250600014_,шт,25.578510631386212,IEK,2026-09-23,35,approximate,uniform_within_month;recursive_future_months;not_35day_backtested
250600015_,шт,6.975782950478374,IEK,2026-09-23,35,approximate,uniform_within_month;recursive_future_months;not_35day_backtested
250600020_,шт,12.255130955556247,IEK,2026-09-23,35,approximate,uniform_within_month;recursive_future_months;not_35day_backtested
250600021_,шт,12.779759062690436,IEK,2026-09-23,35,approximate,uniform_within_month;recursive_future_months;not_35day_backtested
250600030_,шт,75.7922940481096,IEK,2026-09-23,35,approximate,uniform_within_month;recursive_future_months;not_35day_backtested
250600034_,шт,2.687999041805267,IEK,2026-09-23,35,approximate,uniform_within_month;recursive_future_months;not_35day_backtested
250600039_,шт,5.100092774501837,IEK,2026-09-23,35,approximate,uniform_within_month;recursive_future_months;not_35day_backtested
250600040_,,,IEK,2026-09-23,35,insufficient_history,uniform_within_month;recursive_future_months;not_35day_backtested
250600041_,шт,5.596298340963293,IEK,2026-09-23,35,approximate,uniform_within_month;recursive_future_months;not_35day_backtested
250600042_,,,IEK,2026-09-23,35,insufficient_history,uniform_within_month;recursive_future_months;not_35day_backtested
250600043_,,,IEK,2026-09-23,35,insufficient_history,uniform_within_month;recursive_future_months;not_35day_backtested
250600044_,,,IEK,2026-09-23,35,insufficient_history,uniform_within_month;recursive_future_months;not_35day_backtested
250600045_,,,IEK,2026-09-23,35,insufficient_history,uniform_within_month;recursive_future_months;not_35day_backtested
250600047_,,,IEK,2026-09-23,35,insufficient_history,uniform_within_month;recursive_future_months;not_35day_backtested
250600050_,м,,IEK,2026-09-23,35,insufficient_history,uniform_within_month;recursive_future_months;not_35day_backtested
250600051_,м,,IEK,2026-09-23,35,insufficient_history,uniform_within_month;recursive_future_months;not_35day_backtested
250600052_,,,IEK,2026-09-23,35,insufficient_history,uniform_within_month;recursive_future_months;not_35day_backtested
250600053_,шт,,IEK,2026-09-23,35,insufficient_history,uniform_within_month;recursive_future_months;not_35day_backtested
250600054_,шт,4.518124739948118,IEK,2026-09-23,35,approximate,uniform_within_month;recursive_future_months;not_35day_backtested
250600055_,шт,4.380180837725034,IEK,2026-09-23,35,approximate,uniform_within_month;recursive_future_months;not_35day_backtested
250600056_,шт,4.587694410370581,IEK,2026-09-23,35,approximate,uniform_within_month;recursive_future_months;not_35day_backtested
250600057_,шт,3.763532274496617,IEK,2026-09-23,35,approximate,uniform_within_month;recursive_future_months;not_35day_backtested
250600058_,шт,3.8321148913757566,IEK,2026-09-23,35,approximate,uniform_within_month;recursive_future_months;not_35day_backtested
250600059_,шт,,IEK,2026-09-23,35,insufficient_history,uniform_within_month;recursive_future_months;not_35day_backtested
250600061_,,,IEK,2026-09-23,35,insufficient_history,uniform_within_month;recursive_future_months;not_35day_backtested
250600062_,,,IEK,2026-09-23,35,insufficient_history,uniform_within_month;recursive_future_months;not_35day_backtested
250600063_,шт,2.7126618696662814,IEK,2026-09-23,35,approximate,uniform_within_month;recursive_future_months;not_35day_backtested
250600087_,шт,898.2508838153852,IEK,2026-09-23,35,approximate,uniform_within_month;recursive_future_months;not_35day_backtested
250600114_,,,IEK,2026-09-23,35,insufficient_history,uniform_within_month;recursive_future_months;not_35day_backtested
250600115_,шт,2.327884576941992,IEK,2026-09-23,35,approximate,uniform_within_month;recursive_future_months;not_35day_backtested
250600116_,шт,2.8341856820175275,IEK,2026-09-23,35,approximate,uniform_within_month;recursive_future_months;not_35day_backtested
250600117_,шт,,IEK,2026-09-23,35,insufficient_history,uniform_within_month;recursive_future_months;not_35day_backtested
250600118_,,,IEK,2026-09-23,35,insufficient_history,uniform_within_month;recursive_future_months;not_35day_backtested
250600119_,,,IEK,2026-09-23,35,insufficient_history,uniform_within_month;recursive_future_months;not_35day_backtested
250600120_,,,IEK,2026-09-23,35,insufficient_history,uniform_within_month;recursive_future_months;not_35day_backtested
250600121_,,,IEK,2026-09-23,35,insufficient_history,uniform_within_month;recursive_future_months;not_35day_backtested
250600122_,,,IEK,2026-09-23,35,insufficient_history,uniform_within_month;recursive_future_months;not_35day_backtested
250600123_,,,IEK,2026-09-23,35,insufficient_history,uniform_within_month;recursive_future_months;not_35day_backtested
250600124_,,,IEK,2026-09-23,35,insufficient_history,uniform_within_month;recursive_future_months;not_35day_backtested
250600125_,,,IEK,2026-09-23,35,insufficient_history,uniform_within_month;recursive_future_months;not_35day_backtested
250600126_,,,IEK,2026-09-23,35,insufficient_history,uniform_within_month;recursive_future_months;not_35day_backtested
250600127_,,,IEK,2026-09-23,35,insufficient_history,uniform_within_month;recursive_future_months;not_35day_backtested
250600129_,шт,14.25087383335584,IEK,2026-09-23,35,approximate,uniform_within_month;recursive_future_months;not_35day_backtested
250600130_,шт,5.299959938789228,IEK,2026-09-23,35,approximate,uniform_within_month;recursive_future_months;not_35day_backtested
250600131_,шт,11.53163508709643,IEK,2026-09-23,35,approximate,uniform_within_month;recursive_future_months;not_35day_backtested
250600132_,шт,2.614070087590079,IEK,2026-09-23,35,approximate,uniform_within_month;recursive_future_months;not_35day_backtested
250600150_,шт,,IEK,2026-09-23,35,insufficient_history,uniform_within_month;recursive_future_months;not_35day_backtested
250600152_,шт,,IEK,2026-09-23,35,insufficient_history,uniform_within_month;recursive_future_months;not_35day_backtested
250600173_,шт,14.595298642478125,IEK,2026-09-23,35,approximate,uniform_within_month;recursive_future_months;not_35day_backtested
250600174_,шт,2.60363897709841,IEK,2026-09-23,35,approximate,uniform_within_month;recursive_future_months;not_35day_backtested
250600175_,шт,9.923259698709446,IEK,2026-09-23,35,approximate,uniform_within_month;recursive_future_months;not_35day_backtested
250600176_,шт,4.94590307638909,IEK,2026-09-23,35,approximate,uniform_within_month;recursive_future_months;not_35day_backtested
250600177_,шт,4.96170257266527,IEK,2026-09-23,35,approximate,uniform_within_month;recursive_future_months;not_35day_backtested
250600178_,шт,4.908224285588473,IEK,2026-09-23,35,approximate,uniform_within_month;recursive_future_months;not_35day_backtested
250600179_,шт,6.322243631773827,IEK,2026-09-23,35,approximate,uniform_within_month;recursive_future_months;not_35day_backtested
250600180_,шт,4.04597609426494,IEK,2026-09-23,35,approximate,uniform_within_month;recursive_future_months;not_35day_backtested
250600181_,шт,11.429434715872842,IEK,2026-09-23,35,approximate,uniform_within_month;recursive_future_months;not_35day_backtested
250600182_,шт,5.9427128299437895,IEK,2026-09-23,35,approximate,uniform_within_month;recursive_future_months;not_35day_backtested
250600183_,шт,7.5644432890073015,IEK,2026-09-23,35,approximate,uniform_within_month;recursive_future_months;not_35day_backtested
250600184_,шт,24.896916588879723,IEK,2026-09-23,35,approximate,uniform_within_month;recursive_future_months;not_35day_backtested
250600185_,шт,19.424821222878094,IEK,2026-09-23,35,approximate,uniform_within_month;recursive_future_months;not_35day_backtested
250600186_,шт,12.49774979381003,IEK,2026-09-23,35,approximate,uniform_within_month;recursive_future_months;not_35day_backtested
250600187_,,,IEK,2026-09-23,35,insufficient_history,uniform_within_month;recursive_future_months;not_35day_backtested
250600244_,шт,,IEK,2026-09-23,35,insufficient_history,uniform_within_month;recursive_future_months;not_35day_backtested
250600250_,шт,4.135212340947437,IEK,2026-09-23,35,approximate,uniform_within_month;recursive_future_months;not_35day_backtested
250600252_,шт,,IEK,2026-09-23,35,insufficient_history,uniform_within_month;recursive_future_months;not_35day_backtested
250600271_,шт,,IEK,2026-09-23,35,insufficient_history,uniform_within_month;recursive_future_months;not_35day_backtested
250600275_,шт,3.474837197485221,IEK,2026-09-23,35,approximate,uniform_within_month;recursive_future_months;not_35day_backtested
250600276_,шт,1.883858528124856,IEK,2026-09-23,35,approximate,uniform_within_month;recursive_future_months;not_35day_backtested
250600277_,шт,2.8574945094706696,IEK,2026-09-23,35,approximate,uniform_within_month;recursive_future_months;not_35day_backtested
250600278_,шт,3.049726780001434,IEK,2026-09-23,35,approximate,uniform_within_month;recursive_future_months;not_35day_backtested
250600279_,шт,2.6565471043596243,IEK,2026-09-23,35,approximate,uniform_within_month;recursive_future_months;not_35day_backtested
250600287_,шт,3.4885919327311603,IEK,2026-09-23,35,approximate,uniform_within_month;recursive_future_months;not_35day_backtested
250600289_,шт,5.1401794206580425,IEK,2026-09-23,35,approximate,uniform_within_month;recursive_future_months;not_35day_backtested
250600290_,шт,6.844445374143189,IEK,2026-09-23,35,approximate,uniform_within_month;recursive_future_months;not_35day_backtested
250600291_,шт,3.247000088771265,IEK,2026-09-23,35,approximate,uniform_within_month;recursive_future_months;not_35day_backtested
250600292_,шт,4.276992231340881,IEK,2026-09-23,35,approximate,uniform_within_month;recursive_future_months;not_35day_backtested
250600293_,шт,7.161228181767008,IEK,2026-09-23,35,approximate,uniform_within_month;recursive_future_months;not_35day_backtested
250600294_,шт,,IEK,2026-09-23,35,insufficient_history,uniform_within_month;recursive_future_months;not_35day_backtested
250600309_,шт,,IEK,2026-09-23,35,insufficient_history,uniform_within_month;recursive_future_months;not_35day_backtested
250600310_,шт,3.0316039203239327,IEK,2026-09-23,35,approximate,uniform_within_month;recursive_future_months;not_35day_backtested
250600311_,шт,2.93038630652243,IEK,2026-09-23,35,approximate,uniform_within_month;recursive_future_months;not_35day_backtested
250600312_,шт,,IEK,2026-09-23,35,insufficient_history,uniform_within_month;recursive_future_months;not_35day_backtested
250600313_,шт,,IEK,2026-09-23,35,insufficient_history,uniform_within_month;recursive_future_months;not_35day_backtested
250600314_,шт,2.348356950113367,IEK,2026-09-23,35,approximate,uniform_within_month;recursive_future_months;not_35day_backtested
250600315_,шт,3.0081358314044353,IEK,2026-09-23,35,approximate,uniform_within_month;recursive_future_months;not_35day_backtested
250600316_,шт,,IEK,2026-09-23,35,insufficient_history,uniform_within_month;recursive_future_months;not_35day_backtested
250600317_,шт,,IEK,2026-09-23,35,insufficient_history,uniform_within_month;recursive_future_months;not_35day_backtested
250600318_,шт,,IEK,2026-09-23,35,insufficient_history,uniform_within_month;recursive_future_months;not_35day_backtested
251000053_,шт,3.1232001400316194,IEK,2026-09-23,35,approximate,uniform_within_month;recursive_future_months;not_35day_backtested
251400017_,шт,3.089707049101754,IEK,2026-09-23,35,approximate,uniform_within_month;recursive_future_months;not_35day_backtested
251400019_,шт,14.223593246956284,IEK,2026-09-23,35,approximate,uniform_within_month;recursive_future_months;not_35day_backtested
251400020_,шт,40.76003976439149,IEK,2026-09-23,35,approximate,uniform_within_month;recursive_future_months;not_35day_backtested
251400021_,шт,4.714647537622545,IEK,2026-09-23,35,approximate,uniform_within_month;recursive_future_months;not_35day_backtested
251400022_,шт,2.573600414832069,IEK,2026-09-23,35,approximate,uniform_within_month;recursive_future_months;not_35day_backtested
251400023_,шт,3.670782142268395,IEK,2026-09-23,35,approximate,uniform_within_month;recursive_future_months;not_35day_backtested
251400024_,шт,2.7622000518642844,IEK,2026-09-23,35,approximate,uniform_within_month;recursive_future_months;not_35day_backtested
251400025_,шт,2.7606330406209176,IEK,2026-09-23,35,approximate,uniform_within_month;recursive_future_months;not_35day_backtested
251400026_,шт,2.5156767550806727,IEK,2026-09-23,35,approximate,uniform_within_month;recursive_future_months;not_35day_backtested
251400027_,шт,3.8753046005739655,IEK,2026-09-23,35,approximate,uniform_within_month;recursive_future_months;not_35day_backtested
251400028_,шт,3.4612735669595405,IEK,2026-09-23,35,approximate,uniform_within_month;recursive_future_months;not_35day_backtested
251400029_,шт,4.491808238629437,IEK,2026-09-23,35,approximate,uniform_within_month;recursive_future_months;not_35day_backtested
251400030_,шт,17.9343395412006,IEK,2026-09-23,35,approximate,uniform_within_month;recursive_future_months;not_35day_backtested
251400031_,шт,,IEK,2026-09-23,35,insufficient_history,uniform_within_month;recursive_future_months;not_35day_backtested
251400032_,шт,4.739622715745272,IEK,2026-09-23,35,approximate,uniform_within_month;recursive_future_months;not_35day_backtested
251400033_,шт,10.789820546366558,IEK,2026-09-23,35,approximate,uniform_within_month;recursive_future_months;not_35day_backtested
251400034_,шт,,IEK,2026-09-23,35,insufficient_history,uniform_within_month;recursive_future_months;not_35day_backtested
251400035_,шт,2.3773860111022884,IEK,2026-09-23,35,approximate,uniform_within_month;recursive_future_months;not_35day_backtested
251400036_,шт,5.608316094977235,IEK,2026-09-23,35,approximate,uniform_within_month;recursive_future_months;not_35day_backtested
251400037_,шт,7.067709811088482,IEK,2026-09-23,35,approximate,uniform_within_month;recursive_future_months;not_35day_backtested
251400038_,шт,8.450534374368354,IEK,2026-09-23,35,approximate,uniform_within_month;recursive_future_months;not_35day_backtested
251400039_,шт,3.618881109788398,IEK,2026-09-23,35,approximate,uniform_within_month;recursive_future_months;not_35day_backtested
251400040_,шт,5.190435715775097,IEK,2026-09-23,35,approximate,uniform_within_month;recursive_future_months;not_35day_backtested
251400041_,шт,7.963010086365298,IEK,2026-09-23,35,approximate,uniform_within_month;recursive_future_months;not_35day_backtested
251400042_,шт,12.380141235672163,IEK,2026-09-23,35,approximate,uniform_within_month;recursive_future_months;not_35day_backtested
251400043_,шт,7.709429444436015,IEK,2026-09-23,35,approximate,uniform_within_month;recursive_future_months;not_35day_backtested
251400044_,шт,7.264272736019458,IEK,2026-09-23,35,approximate,uniform_within_month;recursive_future_months;not_35day_backtested
251400045_,шт,10.36213456523056,IEK,2026-09-23,35,approximate,uniform_within_month;recursive_future_months;not_35day_backtested
251400046_,шт,8.894523263495216,IEK,2026-09-23,35,approximate,uniform_within_month;recursive_future_months;not_35day_backtested
251400047_,шт,4.3757524217233,IEK,2026-09-23,35,approximate,uniform_within_month;recursive_future_months;not_35day_backtested
251400048_,шт,5.495189695835906,IEK,2026-09-23,35,approximate,uniform_within_month;recursive_future_months;not_35day_backtested
251400049_,шт,3.301503511737025,IEK,2026-09-23,35,approximate,uniform_within_month;recursive_future_months;not_35day_backtested
251400050_,шт,3.6610639784338397,IEK,2026-09-23,35,approximate,uniform_within_month;recursive_future_months;not_35day_backtested
251400051_,шт,13.720984777491829,IEK,2026-09-23,35,approximate,uniform_within_month;recursive_future_months;not_35day_backtested
251400052_,шт,8.534737549295427,IEK,2026-09-23,35,approximate,uniform_within_month;recursive_future_months;not_35day_backtested
251400053_,шт,2.0556975895203884,IEK,2026-09-23,35,approximate,uniform_within_month;recursive_future_months;not_35day_backtested
251400054_,шт,3.027520769592638,IEK,2026-09-23,35,approximate,uniform_within_month;recursive_future_months;not_35day_backtested
251400055_,шт,4.653478613930803,IEK,2026-09-23,35,approximate,uniform_within_month;recursive_future_months;not_35day_backtested
251400056_,шт,3.720388832260764,IEK,2026-09-23,35,approximate,uniform_within_month;recursive_future_months;not_35day_backtested
251400057_,шт,3.065322461250152,IEK,2026-09-23,35,approximate,uniform_within_month;recursive_future_months;not_35day_backtested
251400058_,шт,4.640392174668355,IEK,2026-09-23,35,approximate,uniform_within_month;recursive_future_months;not_35day_backtested
251400059_,шт,3.5011699613234337,IEK,2026-09-23,35,approximate,uniform_within_month;recursive_future_months;not_35day_backtested
251400060_,шт,3.111168155140638,IEK,2026-09-23,35,approximate,uniform_within_month;recursive_future_months;not_35day_backtested
251400061_,шт,2.409085094376628,IEK,2026-09-23,35,approximate,uniform_within_month;recursive_future_months;not_35day_backtested
251400062_,шт,2.7542082621148407,IEK,2026-09-23,35,approximate,uniform_within_month;recursive_future_months;not_35day_backtested
251400063_,шт,3.1220043691622745,IEK,2026-09-23,35,approximate,uniform_within_month;recursive_future_months;not_35day_backtested
251400064_,шт,4.187241371424226,IEK,2026-09-23,35,approximate,uniform_within_month;recursive_future_months;not_35day_backtested
251400065_,шт,6.633533303962583,IEK,2026-09-23,35,approximate,uniform_within_month;recursive_future_months;not_35day_backtested
251400066_,шт,2.5545632113532832,IEK,2026-09-23,35,approximate,uniform_within_month;recursive_future_months;not_35day_backtested
251400067_,шт,2.4701199265623557,IEK,2026-09-23,35,approximate,uniform_within_month;recursive_future_months;not_35day_backtested
251400068_,шт,2.0733651469678787,IEK,2026-09-23,35,approximate,uniform_within_month;recursive_future_months;not_35day_backtested
251400069_,шт,2.3127887197708707,IEK,2026-09-23,35,approximate,uniform_within_month;recursive_future_months;not_35day_backtested
251400070_,шт,3.9702946494067377,IEK,2026-09-23,35,approximate,uniform_within_month;recursive_future_months;not_35day_backtested
251400071_,шт,2.5119488105773415,IEK,2026-09-23,35,approximate,uniform_within_month;recursive_future_months;not_35day_backtested
251400072_,шт,2.5586877050413235,IEK,2026-09-23,35,approximate,uniform_within_month;recursive_future_months;not_35day_backtested
251400073_,шт,1.8752243346223951,IEK,2026-09-23,35,approximate,uniform_within_month;recursive_future_months;not_35day_backtested
251400074_,шт,,IEK,2026-09-23,35,insufficient_history,uniform_within_month;recursive_future_months;not_35day_backtested
251400075_,шт,2.3146832606479144,IEK,2026-09-23,35,approximate,uniform_within_month;recursive_future_months;not_35day_backtested
251400076_,шт,2.3234980810749724,IEK,2026-09-23,35,approximate,uniform_within_month;recursive_future_months;not_35day_backtested
251400077_,шт,1.9719436663201666,IEK,2026-09-23,35,approximate,uniform_within_month;recursive_future_months;not_35day_backtested
251400078_,шт,2.1761472030561184,IEK,2026-09-23,35,approximate,uniform_within_month;recursive_future_months;not_35day_backtested
251400079_,шт,1.8975399903024468,IEK,2026-09-23,35,approximate,uniform_within_month;recursive_future_months;not_35day_backtested
251400080_,шт,2.3453771888401618,IEK,2026-09-23,35,approximate,uniform_within_month;recursive_future_months;not_35day_backtested
251400081_,шт,,IEK,2026-09-23,35,insufficient_history,uniform_within_month;recursive_future_months;not_35day_backtested
251400082_,шт,,IEK,2026-09-23,35,insufficient_history,uniform_within_month;recursive_future_months;not_35day_backtested
251400083_,шт,2.4406474226906867,IEK,2026-09-23,35,approximate,uniform_within_month;recursive_future_months;not_35day_backtested
251400084_,шт,2.220845252111654,IEK,2026-09-23,35,approximate,uniform_within_month;recursive_future_months;not_35day_backtested
251400085_,шт,2.39074449555264,IEK,2026-09-23,35,approximate,uniform_within_month;recursive_future_months;not_35day_backtested
251400086_,шт,2.2053751582057854,IEK,2026-09-23,35,approximate,uniform_within_month;recursive_future_months;not_35day_backtested
251400087_,шт,,IEK,2026-09-23,35,insufficient_history,uniform_within_month;recursive_future_months;not_35day_backtested
251400088_,шт,,IEK,2026-09-23,35,insufficient_history,uniform_within_month;recursive_future_months;not_35day_backtested
251400089_,шт,,IEK,2026-09-23,35,insufficient_history,uniform_within_month;recursive_future_months;not_35day_backtested
251400090_,шт,2.021762274770485,IEK,2026-09-23,35,approximate,uniform_within_month;recursive_future_months;not_35day_backtested
251400091_,шт,2.1046625734057343,IEK,2026-09-23,35,approximate,uniform_within_month;recursive_future_months;not_35day_backtested
251400092_,шт,4.735137771494606,IEK,2026-09-23,35,approximate,uniform_within_month;recursive_future_months;not_35day_backtested
251400093_,шт,3.0120230247749733,IEK,2026-09-23,35,approximate,uniform_within_month;recursive_future_months;not_35day_backtested
251400094_,шт,,IEK,2026-09-23,35,insufficient_history,uniform_within_month;recursive_future_months;not_35day_backtested
251400095_,шт,3.0755025107508156,IEK,2026-09-23,35,approximate,uniform_within_month;recursive_future_months;not_35day_backtested
251400096_,шт,3.697452459396948,IEK,2026-09-23,35,approximate,uniform_within_month;recursive_future_months;not_35day_backtested
251400097_,шт,2.397325757037628,IEK,2026-09-23,35,approximate,uniform_within_month;recursive_future_months;not_35day_backtested
251400098_,шт,4.277442733880148,IEK,2026-09-23,35,approximate,uniform_within_month;recursive_future_months;not_35day_backtested
251400099_,шт,2.1057882658128166,IEK,2026-09-23,35,approximate,uniform_within_month;recursive_future_months;not_35day_backtested
251400100_,шт,2.1462766208256006,IEK,2026-09-23,35,approximate,uniform_within_month;recursive_future_months;not_35day_backtested
251400101_,шт,,IEK,2026-09-23,35,insufficient_history,uniform_within_month;recursive_future_months;not_35day_backtested
251400102_,шт,2.0049749320214776,IEK,2026-09-23,35,approximate,uniform_within_month;recursive_future_months;not_35day_backtested
251400103_,шт,,IEK,2026-09-23,35,insufficient_history,uniform_within_month;recursive_future_months;not_35day_backtested
251400104_,шт,2.0384541449217144,IEK,2026-09-23,35,approximate,uniform_within_month;recursive_future_months;not_35day_backtested
251400105_,шт,1.8139533881946517,IEK,2026-09-23,35,approximate,uniform_within_month;recursive_future_months;not_35day_backtested
251400106_,шт,3.4099530174351713,IEK,2026-09-23,35,approximate,uniform_within_month;recursive_future_months;not_35day_backtested
251400107_,шт,2.1999922906263745,IEK,2026-09-23,35,approximate,uniform_within_month;recursive_future_months;not_35day_backtested
251400108_,шт,2.408160380037664,IEK,2026-09-23,35,approximate,uniform_within_month;recursive_future_months;not_35day_backtested
251400109_,шт,2.11294238297409,IEK,2026-09-23,35,approximate,uniform_within_month;recursive_future_months;not_35day_backtested
251400110_,шт,,IEK,2026-09-23,35,insufficient_history,uniform_within_month;recursive_future_months;not_35day_backtested
251400111_,шт,2.4106334964191403,IEK,2026-09-23,35,approximate,uniform_within_month;recursive_future_months;not_35day_backtested
251400112_,шт,1.9331692731758605,IEK,2026-09-23,35,approximate,uniform_within_month;recursive_future_months;not_35day_backtested
251400113_,шт,,IEK,2026-09-23,35,insufficient_history,uniform_within_month;recursive_future_months;not_35day_backtested
251400114_,шт,2.583907321918586,IEK,2026-09-23,35,approximate,uniform_within_month;recursive_future_months;not_35day_backtested
251400115_,шт,2.4703241179115913,IEK,2026-09-23,35,approximate,uniform_within_month;recursive_future_months;not_35day_backtested
251400116_,шт,2.110846203653913,IEK,2026-09-23,35,approximate,uniform_within_month;recursive_future_months;not_35day_backtested
251400117_,шт,,IEK,2026-09-23,35,insufficient_history,uniform_within_month;recursive_future_months;not_35day_backtested
251400118_,шт,2.8347992404381173,IEK,2026-09-23,35,approximate,uniform_within_month;recursive_future_months;not_35day_backtested
251400119_,шт,2.6942898911514837,IEK,2026-09-23,35,approximate,uniform_within_month;recursive_future_months;not_35day_backtested
251400120_,шт,2.0075256453055608,IEK,2026-09-23,35,approximate,uniform_within_month;recursive_future_months;not_35day_backtested
251400121_,шт,4.021077696885298,IEK,2026-09-23,35,approximate,uniform_within_month;recursive_future_months;not_35day_backtested
251400122_,шт,,IEK,2026-09-23,35,insufficient_history,uniform_within_month;recursive_future_months;not_35day_backtested
251400123_,шт,2.454598997833015,IEK,2026-09-23,35,approximate,uniform_within_month;recursive_future_months;not_35day_backtested
251400124_,шт,2.1672258482681013,IEK,2026-09-23,35,approximate,uniform_within_month;recursive_future_months;not_35day_backtested
251400125_,шт,,IEK,2026-09-23,35,insufficient_history,uniform_within_month;recursive_future_months;not_35day_backtested
251400126_,шт,,IEK,2026-09-23,35,insufficient_history,uniform_within_month;recursive_future_months;not_35day_backtested
251400127_,шт,3.603083263203774,IEK,2026-09-23,35,approximate,uniform_within_month;recursive_future_months;not_35day_backtested
251400128_,шт,2.3146832606479144,IEK,2026-09-23,35,approximate,uniform_within_month;recursive_future_months;not_35day_backtested
251400129_,шт,2.0124331540214055,IEK,2026-09-23,35,approximate,uniform_within_month;recursive_future_months;not_35day_backtested
251400130_,шт,1.8857727892619955,IEK,2026-09-23,35,approximate,uniform_within_month;recursive_future_months;not_35day_backtested
251400131_,шт,2.3595793521353756,IEK,2026-09-23,35,approximate,uniform_within_month;recursive_future_months;not_35day_backtested
251400132_,шт,,IEK,2026-09-23,35,insufficient_history,uniform_within_month;recursive_future_months;not_35day_backtested
251400133_,шт,2.3484806028338188,IEK,2026-09-23,35,approximate,uniform_within_month;recursive_future_months;not_35day_backtested
251400134_,шт,2.34109354457745,IEK,2026-09-23,35,approximate,uniform_within_month;recursive_future_months;not_35day_backtested
251400135_,шт,1.8352686627583679,IEK,2026-09-23,35,approximate,uniform_within_month;recursive_future_months;not_35day_backtested
251400136_,шт,2.5877184945428846,IEK,2026-09-23,35,approximate,uniform_within_month;recursive_future_months;not_35day_backtested
251400137_,шт,2.97012540404787,IEK,2026-09-23,35,approximate,uniform_within_month;recursive_future_months;not_35day_backtested
251400138_,шт,3.933959431867369,IEK,2026-09-23,35,approximate,uniform_within_month;recursive_future_months;not_35day_backtested
251400139_,шт,,IEK,2026-09-23,35,insufficient_history,uniform_within_month;recursive_future_months;not_35day_backtested
251400140_,шт,,IEK,2026-09-23,35,insufficient_history,uniform_within_month;recursive_future_months;not_35day_backtested
251400141_,шт,,IEK,2026-09-23,35,insufficient_history,uniform_within_month;recursive_future_months;not_35day_backtested
251400142_,шт,3.4127248438804005,IEK,2026-09-23,35,approximate,uniform_within_month;recursive_future_months;not_35day_backtested
251400143_,шт,14.293506502117962,IEK,2026-09-23,35,approximate,uniform_within_month;recursive_future_months;not_35day_backtested
251400144_,шт,14.550336638187433,IEK,2026-09-23,35,approximate,uniform_within_month;recursive_future_months;not_35day_backtested
251400145_,шт,4.352548865762822,IEK,2026-09-23,35,approximate,uniform_within_month;recursive_future_months;not_35day_backtested
251400146_,шт,4.748111723624189,IEK,2026-09-23,35,approximate,uniform_within_month;recursive_future_months;not_35day_backtested
251400147_,шт,3.531879650656756,IEK,2026-09-23,35,approximate,uniform_within_month;recursive_future_months;not_35day_backtested
251400148_,шт,4.135118340606053,IEK,2026-09-23,35,approximate,uniform_within_month;recursive_future_months;not_35day_backtested
260100138_,шт,1747.0487270855178,IEK,2026-09-23,35,approximate,uniform_within_month;recursive_future_months;not_35day_backtested
260100140_,шт,1450.48045062975,IEK,2026-09-23,35,approximate,uniform_within_month;recursive_future_months;not_35day_backtested
260100153_,шт,2531.2916568166256,IEK,2026-09-23,35,approximate,uniform_within_month;recursive_future_months;not_35day_backtested
260100154_,шт,523.1492536457858,IEK,2026-09-23,35,approximate,uniform_within_month;recursive_future_months;not_35day_backtested
260100155_,шт,523.9229356937701,IEK,2026-09-23,35,approximate,uniform_within_month;recursive_future_months;not_35day_backtested
260100157_,шт,667.189886625453,IEK,2026-09-23,35,approximate,uniform_within_month;recursive_future_months;not_35day_backtested
260100158_,шт,3053.7096097050735,IEK,2026-09-23,35,approximate,uniform_within_month;recursive_future_months;not_35day_backtested
260100161_,,,IEK,2026-09-23,35,insufficient_history,uniform_within_month;recursive_future_months;not_35day_backtested
260100162_,,,IEK,2026-09-23,35,insufficient_history,uniform_within_month;recursive_future_months;not_35day_backtested
260100165_,шт,5285.684296704002,IEK,2026-09-23,35,approximate,uniform_within_month;recursive_future_months;not_35day_backtested
260100167_,шт,3390.248353935588,IEK,2026-09-23,35,approximate,uniform_within_month;recursive_future_months;not_35day_backtested
260100168_,шт,2509.576417325463,IEK,2026-09-23,35,approximate,uniform_within_month;recursive_future_months;not_35day_backtested
260100169_,шт,1604.6212223428251,IEK,2026-09-23,35,approximate,uniform_within_month;recursive_future_months;not_35day_backtested
260100172_,,,IEK,2026-09-23,35,insufficient_history,uniform_within_month;recursive_future_months;not_35day_backtested
270100211_,,,IEK,2026-09-23,35,insufficient_history,uniform_within_month;recursive_future_months;not_35day_backtested
270100212_,,,IEK,2026-09-23,35,insufficient_history,uniform_within_month;recursive_future_months;not_35day_backtested
270100213_,,,IEK,2026-09-23,35,insufficient_history,uniform_within_month;recursive_future_months;not_35day_backtested
270100214_,,,IEK,2026-09-23,35,insufficient_history,uniform_within_month;recursive_future_months;not_35day_backtested
270100215_,,,IEK,2026-09-23,35,insufficient_history,uniform_within_month;recursive_future_months;not_35day_backtested
270100216_,,,IEK,2026-09-23,35,insufficient_history,uniform_within_month;recursive_future_months;not_35day_backtested
270100217_,шт,,IEK,2026-09-23,35,insufficient_history,uniform_within_month;recursive_future_months;not_35day_backtested
270100218_,,,IEK,2026-09-23,35,insufficient_history,uniform_within_month;recursive_future_months;not_35day_backtested
270100219_,,,IEK,2026-09-23,35,insufficient_history,uniform_within_month;recursive_future_months;not_35day_backtested
270100220_,,,IEK,2026-09-23,35,insufficient_history,uniform_within_month;recursive_future_months;not_35day_backtested
270100221_,,,IEK,2026-09-23,35,insufficient_history,uniform_within_month;recursive_future_months;not_35day_backtested
270100222_,,,IEK,2026-09-23,35,insufficient_history,uniform_within_month;recursive_future_months;not_35day_backtested
270100223_,,,IEK,2026-09-23,35,insufficient_history,uniform_within_month;recursive_future_months;not_35day_backtested
270200027_,шт,,IEK,2026-09-23,35,insufficient_history,uniform_within_month;recursive_future_months;not_35day_backtested
270200048_,шт,,IEK,2026-09-23,35,insufficient_history,uniform_within_month;recursive_future_months;not_35day_backtested
270200056_,шт,,IEK,2026-09-23,35,insufficient_history,uniform_within_month;recursive_future_months;not_35day_backtested
270200057_,шт,6.243683401581206,IEK,2026-09-23,35,approximate,uniform_within_month;recursive_future_months;not_35day_backtested
270200058_,шт,,IEK,2026-09-23,35,insufficient_history,uniform_within_month;recursive_future_months;not_35day_backtested
270200059_,шт,,IEK,2026-09-23,35,insufficient_history,uniform_within_month;recursive_future_months;not_35day_backtested
270200063_,шт,4.972204062061869,IEK,2026-09-23,35,approximate,uniform_within_month;recursive_future_months;not_35day_backtested
270200075_,шт,,IEK,2026-09-23,35,insufficient_history,uniform_within_month;recursive_future_months;not_35day_backtested
270200099_,шт,,IEK,2026-09-23,35,insufficient_history,uniform_within_month;recursive_future_months;not_35day_backtested
270200100_,шт,,IEK,2026-09-23,35,insufficient_history,uniform_within_month;recursive_future_months;not_35day_backtested
270200101_,шт,,IEK,2026-09-23,35,insufficient_history,uniform_within_month;recursive_future_months;not_35day_backtested
270200102_,шт,,IEK,2026-09-23,35,insufficient_history,uniform_within_month;recursive_future_months;not_35day_backtested
270200114_,шт,,IEK,2026-09-23,35,insufficient_history,uniform_within_month;recursive_future_months;not_35day_backtested
270200120_,шт,,IEK,2026-09-23,35,insufficient_history,uniform_within_month;recursive_future_months;not_35day_backtested
270200129_,шт,,IEK,2026-09-23,35,insufficient_history,uniform_within_month;recursive_future_months;not_35day_backtested
270200130_,шт,,IEK,2026-09-23,35,insufficient_history,uniform_within_month;recursive_future_months;not_35day_backtested
270200131_,шт,,IEK,2026-09-23,35,insufficient_history,uniform_within_month;recursive_future_months;not_35day_backtested
270200132_,шт,,IEK,2026-09-23,35,insufficient_history,uniform_within_month;recursive_future_months;not_35day_backtested
270200142_,шт,,IEK,2026-09-23,35,insufficient_history,uniform_within_month;recursive_future_months;not_35day_backtested
270200143_,шт,3.227808326891271,IEK,2026-09-23,35,approximate,uniform_within_month;recursive_future_months;not_35day_backtested
270300001_,шт,10.542692747632962,IEK,2026-09-23,35,approximate,uniform_within_month;recursive_future_months;not_35day_backtested
270300002_,шт,6.373918260120744,IEK,2026-09-23,35,approximate,uniform_within_month;recursive_future_months;not_35day_backtested
270300003_,шт,51.72993625413493,IEK,2026-09-23,35,approximate,uniform_within_month;recursive_future_months;not_35day_backtested
270300004_,шт,2.005686646531927,IEK,2026-09-23,35,approximate,uniform_within_month;recursive_future_months;not_35day_backtested
270300005_,,,IEK,2026-09-23,35,insufficient_history,uniform_within_month;recursive_future_months;not_35day_backtested
270300007_,шт,3.1814028009059676,IEK,2026-09-23,35,approximate,uniform_within_month;recursive_future_months;not_35day_backtested
270300021_,,,IEK,2026-09-23,35,insufficient_history,uniform_within_month;recursive_future_months;not_35day_backtested
270300025_,шт,16.412691308691045,IEK,2026-09-23,35,approximate,uniform_within_month;recursive_future_months;not_35day_backtested
270300030_,шт,,IEK,2026-09-23,35,insufficient_history,uniform_within_month;recursive_future_months;not_35day_backtested
270300035_,,,IEK,2026-09-23,35,insufficient_history,uniform_within_month;recursive_future_months;not_35day_backtested
270300078_,м,58.07870898754766,IEK,2026-09-23,35,approximate,uniform_within_month;recursive_future_months;not_35day_backtested
270300079_,м,196.4746848089695,IEK,2026-09-23,35,approximate,uniform_within_month;recursive_future_months;not_35day_backtested
270300098_,шт,2.88245095866927,IEK,2026-09-23,35,approximate,uniform_within_month;recursive_future_months;not_35day_backtested
270300099_,шт,4.375964955038299,IEK,2026-09-23,35,approximate,uniform_within_month;recursive_future_months;not_35day_backtested
270300100_,шт,11.099169675458604,IEK,2026-09-23,35,approximate,uniform_within_month;recursive_future_months;not_35day_backtested
270300101_,шт,11.775176239622574,IEK,2026-09-23,35,approximate,uniform_within_month;recursive_future_months;not_35day_backtested
270300105_,м,245.0979906992036,IEK,2026-09-23,35,approximate,uniform_within_month;recursive_future_months;not_35day_backtested
270300106_,шт,,IEK,2026-09-23,35,insufficient_history,uniform_within_month;recursive_future_months;not_35day_backtested
270300112_,,,IEK,2026-09-23,35,insufficient_history,uniform_within_month;recursive_future_months;not_35day_backtested
270300113_,шт,7.3513724117772385,IEK,2026-09-23,35,approximate,uniform_within_month;recursive_future_months;not_35day_backtested
270300130_,шт,,IEK,2026-09-23,35,insufficient_history,uniform_within_month;recursive_future_months;not_35day_backtested
270300132_,шт,6.9988979076731415,IEK,2026-09-23,35,approximate,uniform_within_month;recursive_future_months;not_35day_backtested
270300133_,шт,,IEK,2026-09-23,35,insufficient_history,uniform_within_month;recursive_future_months;not_35day_backtested
270300134_,шт,6.897697460494894,IEK,2026-09-23,35,approximate,uniform_within_month;recursive_future_months;not_35day_backtested
270300150_,м,80.7371494015093,IEK,2026-09-23,35,approximate,uniform_within_month;recursive_future_months;not_35day_backtested
270300151_,м,23.9269095734684,IEK,2026-09-23,35,approximate,uniform_within_month;recursive_future_months;not_35day_backtested
270300153_,м,27.26662090454753,IEK,2026-09-23,35,approximate,uniform_within_month;recursive_future_months;not_35day_backtested
270300184_,шт,,IEK,2026-09-23,35,insufficient_history,uniform_within_month;recursive_future_months;not_35day_backtested
270300200_,м,65.51584549874788,IEK,2026-09-23,35,approximate,uniform_within_month;recursive_future_months;not_35day_backtested
270300212_,шт,2.4792816213307547,IEK,2026-09-23,35,approximate,uniform_within_month;recursive_future_months;not_35day_backtested
270300217_,,,IEK,2026-09-23,35,insufficient_history,uniform_within_month;recursive_future_months;not_35day_backtested
270300221_,шт,2.2870782340601825,IEK,2026-09-23,35,approximate,uniform_within_month;recursive_future_months;not_35day_backtested
270300222_,шт,,IEK,2026-09-23,35,insufficient_history,uniform_within_month;recursive_future_months;not_35day_backtested
270300224_,шт,13.457734600637796,IEK,2026-09-23,35,approximate,uniform_within_month;recursive_future_months;not_35day_backtested
270300231_,шт,5.841545139427495,IEK,2026-09-23,35,approximate,uniform_within_month;recursive_future_months;not_35day_backtested
270300234_,,,IEK,2026-09-23,35,insufficient_history,uniform_within_month;recursive_future_months;not_35day_backtested
270300244_,шт,3.1063897133136207,IEK,2026-09-23,35,approximate,uniform_within_month;recursive_future_months;not_35day_backtested
270300251_,шт,2.7158681832147717,IEK,2026-09-23,35,approximate,uniform_within_month;recursive_future_months;not_35day_backtested
270300253_,шт,2.3790932947857537,IEK,2026-09-23,35,approximate,uniform_within_month;recursive_future_months;not_35day_backtested
270300254_,шт,4.0508972183738345,IEK,2026-09-23,35,approximate,uniform_within_month;recursive_future_months;not_35day_backtested
270300259_,шт,,IEK,2026-09-23,35,insufficient_history,uniform_within_month;recursive_future_months;not_35day_backtested
270300260_,шт,2.295092199019634,IEK,2026-09-23,35,approximate,uniform_within_month;recursive_future_months;not_35day_backtested
270300261_,шт,3.7396682610155705,IEK,2026-09-23,35,approximate,uniform_within_month;recursive_future_months;not_35day_backtested
270300262_,шт,5.594770567292298,IEK,2026-09-23,35,approximate,uniform_within_month;recursive_future_months;not_35day_backtested
270300263_,шт,4.761145710545785,IEK,2026-09-23,35,approximate,uniform_within_month;recursive_future_months;not_35day_backtested
270300264_,шт,2.9775669786671175,IEK,2026-09-23,35,approximate,uniform_within_month;recursive_future_months;not_35day_backtested
270300265_,шт,2.0181658198877437,IEK,2026-09-23,35,approximate,uniform_within_month;recursive_future_months;not_35day_backtested
270300266_,шт,3.253822028898626,IEK,2026-09-23,35,approximate,uniform_within_month;recursive_future_months;not_35day_backtested
270300267_,шт,2.117931489295488,IEK,2026-09-23,35,approximate,uniform_within_month;recursive_future_months;not_35day_backtested
270300268_,шт,,IEK,2026-09-23,35,insufficient_history,uniform_within_month;recursive_future_months;not_35day_backtested
270300269_,шт,,IEK,2026-09-23,35,insufficient_history,uniform_within_month;recursive_future_months;not_35day_backtested
270300270_,шт,,IEK,2026-09-23,35,insufficient_history,uniform_within_month;recursive_future_months;not_35day_backtested
270300271_,шт,,IEK,2026-09-23,35,insufficient_history,uniform_within_month;recursive_future_months;not_35day_backtested
270300272_,шт,2.0867918960886755,IEK,2026-09-23,35,approximate,uniform_within_month;recursive_future_months;not_35day_backtested
270300273_,шт,2.0049749320214776,IEK,2026-09-23,35,approximate,uniform_within_month;recursive_future_months;not_35day_backtested
270300274_,шт,,IEK,2026-09-23,35,insufficient_history,uniform_within_month;recursive_future_months;not_35day_backtested
270300275_,шт,,IEK,2026-09-23,35,insufficient_history,uniform_within_month;recursive_future_months;not_35day_backtested
270300276_,шт,2.226280705147325,IEK,2026-09-23,35,approximate,uniform_within_month;recursive_future_months;not_35day_backtested
270300277_,шт,,IEK,2026-09-23,35,insufficient_history,uniform_within_month;recursive_future_months;not_35day_backtested
270300278_,шт,,IEK,2026-09-23,35,insufficient_history,uniform_within_month;recursive_future_months;not_35day_backtested
270300279_,шт,,IEK,2026-09-23,35,insufficient_history,uniform_within_month;recursive_future_months;not_35day_backtested
270300280_,,,IEK,2026-09-23,35,insufficient_history,uniform_within_month;recursive_future_months;not_35day_backtested
270300281_,шт,3.7282243986784858,IEK,2026-09-23,35,approximate,uniform_within_month;recursive_future_months;not_35day_backtested
270300282_,шт,2.6922671450283167,IEK,2026-09-23,35,approximate,uniform_within_month;recursive_future_months;not_35day_backtested
270300283_,шт,2.7158681832147717,IEK,2026-09-23,35,approximate,uniform_within_month;recursive_future_months;not_35day_backtested
270300284_,шт,3.7493763348142224,IEK,2026-09-23,35,approximate,uniform_within_month;recursive_future_months;not_35day_backtested
270300285_,шт,3.6081171479584624,IEK,2026-09-23,35,approximate,uniform_within_month;recursive_future_months;not_35day_backtested
270300286_,шт,5.076108528640546,IEK,2026-09-23,35,approximate,uniform_within_month;recursive_future_months;not_35day_backtested
270300287_,шт,11.705943906263432,IEK,2026-09-23,35,approximate,uniform_within_month;recursive_future_months;not_35day_backtested
270300288_,шт,8.027350384719496,IEK,2026-09-23,35,approximate,uniform_within_month;recursive_future_months;not_35day_backtested
270300289_,шт,4.036785824334386,IEK,2026-09-23,35,approximate,uniform_within_month;recursive_future_months;not_35day_backtested
270300290_,шт,3.371400255223197,IEK,2026-09-23,35,approximate,uniform_within_month;recursive_future_months;not_35day_backtested
270300291_,шт,4.019114274552191,IEK,2026-09-23,35,approximate,uniform_within_month;recursive_future_months;not_35day_backtested
270300292_,шт,4.019662113194061,IEK,2026-09-23,35,approximate,uniform_within_month;recursive_future_months;not_35day_backtested
270300293_,шт,,IEK,2026-09-23,35,insufficient_history,uniform_within_month;recursive_future_months;not_35day_backtested
270300294_,,,IEK,2026-09-23,35,insufficient_history,uniform_within_month;recursive_future_months;not_35day_backtested
270300295_,шт,11.853684197481558,IEK,2026-09-23,35,approximate,uniform_within_month;recursive_future_months;not_35day_backtested
270300296_,шт,6.727716596238119,IEK,2026-09-23,35,approximate,uniform_within_month;recursive_future_months;not_35day_backtested
270300297_,шт,5.211972954104173,IEK,2026-09-23,35,approximate,uniform_within_month;recursive_future_months;not_35day_backtested
270300298_,шт,3.764544650258976,IEK,2026-09-23,35,approximate,uniform_within_month;recursive_future_months;not_35day_backtested
270300299_,шт,7.782859223945756,IEK,2026-09-23,35,approximate,uniform_within_month;recursive_future_months;not_35day_backtested
270300300_,шт,2.8685062222884428,IEK,2026-09-23,35,approximate,uniform_within_month;recursive_future_months;not_35day_backtested
270300301_,шт,,IEK,2026-09-23,35,insufficient_history,uniform_within_month;recursive_future_months;not_35day_backtested
270300302_,шт,,IEK,2026-09-23,35,insufficient_history,uniform_within_month;recursive_future_months;not_35day_backtested
270300303_,шт,,IEK,2026-09-23,35,insufficient_history,uniform_within_month;recursive_future_months;not_35day_backtested
270300304_,шт,3.7842128127889056,IEK,2026-09-23,35,approximate,uniform_within_month;recursive_future_months;not_35day_backtested
270300305_,шт,2.132290877178753,IEK,2026-09-23,35,approximate,uniform_within_month;recursive_future_months;not_35day_backtested
270300306_,,,IEK,2026-09-23,35,insufficient_history,uniform_within_month;recursive_future_months;not_35day_backtested
270300307_,шт,,IEK,2026-09-23,35,insufficient_history,uniform_within_month;recursive_future_months;not_35day_backtested
270300314_,,,IEK,2026-09-23,35,insufficient_history,uniform_within_month;recursive_future_months;not_35day_backtested
270400021_,шт,,IEK,2026-09-23,35,insufficient_history,uniform_within_month;recursive_future_months;not_35day_backtested
270400022_,шт,,IEK,2026-09-23,35,insufficient_history,uniform_within_month;recursive_future_months;not_35day_backtested
270400035_,шт,18.359772487987453,IEK,2026-09-23,35,approximate,uniform_within_month;recursive_future_months;not_35day_backtested
270400043_,шт,8.292392933762578,IEK,2026-09-23,35,approximate,uniform_within_month;recursive_future_months;not_35day_backtested
270400046_,шт,6.903640223470906,IEK,2026-09-23,35,approximate,uniform_within_month;recursive_future_months;not_35day_backtested
270400047_,шт,7.285841714151817,IEK,2026-09-23,35,approximate,uniform_within_month;recursive_future_months;not_35day_backtested
280100001_,м,36.861786840975846,IEK,2026-09-23,35,approximate,uniform_within_month;recursive_future_months;not_35day_backtested
280100002_,м,173.3672984821115,IEK,2026-09-23,35,approximate,uniform_within_month;recursive_future_months;not_35day_backtested
280100003_,м,68.97828827669554,IEK,2026-09-23,35,approximate,uniform_within_month;recursive_future_months;not_35day_backtested
280100004_,м,333.3740151882255,IEK,2026-09-23,35,approximate,uniform_within_month;recursive_future_months;not_35day_backtested
280100005_,м,96.14441624134159,IEK,2026-09-23,35,approximate,uniform_within_month;recursive_future_months;not_35day_backtested
280100006_,м,172.9445575987928,IEK,2026-09-23,35,approximate,uniform_within_month;recursive_future_months;not_35day_backtested
280100007_,м,1336.753935997177,IEK,2026-09-23,35,approximate,uniform_within_month;recursive_future_months;not_35day_backtested
280100009_,м,47.05297438096666,IEK,2026-09-23,35,approximate,uniform_within_month;recursive_future_months;not_35day_backtested
280100010_,м,894.9836130751756,IEK,2026-09-23,35,approximate,uniform_within_month;recursive_future_months;not_35day_backtested
280100011_,м,130.45742179579076,IEK,2026-09-23,35,approximate,uniform_within_month;recursive_future_months;not_35day_backtested
280100012_,м,413.8010564863729,IEK,2026-09-23,35,approximate,uniform_within_month;recursive_future_months;not_35day_backtested
280100013_,м,24.339133842220463,IEK,2026-09-23,35,approximate,uniform_within_month;recursive_future_months;not_35day_backtested
280100014_,м,19.142994607328248,IEK,2026-09-23,35,approximate,uniform_within_month;recursive_future_months;not_35day_backtested
280100015_,м,8.636256084276688,IEK,2026-09-23,35,approximate,uniform_within_month;recursive_future_months;not_35day_backtested
280100016_,м,394.76074905149335,IEK,2026-09-23,35,approximate,uniform_within_month;recursive_future_months;not_35day_backtested
280100020_,м,264.6749870645333,IEK,2026-09-23,35,approximate,uniform_within_month;recursive_future_months;not_35day_backtested
280100103_,м,1339.305185843174,IEK,2026-09-23,35,approximate,uniform_within_month;recursive_future_months;not_35day_backtested
280100116_,шт,25.39053593219867,IEK,2026-09-23,35,approximate,uniform_within_month;recursive_future_months;not_35day_backtested
280100117_,шт,34.86503508726735,IEK,2026-09-23,35,approximate,uniform_within_month;recursive_future_months;not_35day_backtested
280100118_,шт,69.218676924547,IEK,2026-09-23,35,approximate,uniform_within_month;recursive_future_months;not_35day_backtested
280100119_,шт,8.361633629281458,IEK,2026-09-23,35,approximate,uniform_within_month;recursive_future_months;not_35day_backtested
280100120_,шт,13.273438504694756,IEK,2026-09-23,35,approximate,uniform_within_month;recursive_future_months;not_35day_backtested
280100121_,шт,15.676946020043829,IEK,2026-09-23,35,approximate,uniform_within_month;recursive_future_months;not_35day_backtested
280100122_,м,257.3029068581474,IEK,2026-09-23,35,approximate,uniform_within_month;recursive_future_months;not_35day_backtested
280100123_,м,321.44470356445356,IEK,2026-09-23,35,approximate,uniform_within_month;recursive_future_months;not_35day_backtested
280100124_,шт,13.636865916295752,IEK,2026-09-23,35,approximate,uniform_within_month;recursive_future_months;not_35day_backtested
280100125_,шт,17.731454995935636,IEK,2026-09-23,35,approximate,uniform_within_month;recursive_future_months;not_35day_backtested
280100126_,шт,85.7351421849535,IEK,2026-09-23,35,approximate,uniform_within_month;recursive_future_months;not_35day_backtested
280100127_,шт,51.796539053312685,IEK,2026-09-23,35,approximate,uniform_within_month;recursive_future_months;not_35day_backtested
280100128_,шт,225.90064179320476,IEK,2026-09-23,35,approximate,uniform_within_month;recursive_future_months;not_35day_backtested
280100129_,шт,138.03230806592595,IEK,2026-09-23,35,approximate,uniform_within_month;recursive_future_months;not_35day_backtested
280100130_,шт,43.938900496632215,IEK,2026-09-23,35,approximate,uniform_within_month;recursive_future_months;not_35day_backtested
280100131_,шт,610.5435806496531,IEK,2026-09-23,35,approximate,uniform_within_month;recursive_future_months;not_35day_backtested
280100132_,шт,74.81896794903415,IEK,2026-09-23,35,approximate,uniform_within_month;recursive_future_months;not_35day_backtested
280100133_,шт,6.255922283330609,IEK,2026-09-23,35,approximate,uniform_within_month;recursive_future_months;not_35day_backtested
280100134_,шт,101.13449426024621,IEK,2026-09-23,35,approximate,uniform_within_month;recursive_future_months;not_35day_backtested
280100135_,шт,6.8135205884879255,IEK,2026-09-23,35,approximate,uniform_within_month;recursive_future_months;not_35day_backtested
280100136_,шт,11.810728271170444,IEK,2026-09-23,35,approximate,uniform_within_month;recursive_future_months;not_35day_backtested
280100137_,шт,22.20001281960382,IEK,2026-09-23,35,approximate,uniform_within_month;recursive_future_months;not_35day_backtested
280100138_,шт,46.30425659422777,IEK,2026-09-23,35,approximate,uniform_within_month;recursive_future_months;not_35day_backtested
280100139_,шт,72.23275696825422,IEK,2026-09-23,35,approximate,uniform_within_month;recursive_future_months;not_35day_backtested
280100140_,шт,42.65390120209365,IEK,2026-09-23,35,approximate,uniform_within_month;recursive_future_months;not_35day_backtested
280100141_,м,49.03856313362929,IEK,2026-09-23,35,approximate,uniform_within_month;recursive_future_months;not_35day_backtested
280100162_,м,,IEK,2026-09-23,35,insufficient_history,uniform_within_month;recursive_future_months;not_35day_backtested
280100179_,,,IEK,2026-09-23,35,insufficient_history,uniform_within_month;recursive_future_months;not_35day_backtested
280100180_,,,IEK,2026-09-23,35,insufficient_history,uniform_within_month;recursive_future_months;not_35day_backtested
280100240_,м,114.63683745685961,IEK,2026-09-23,35,approximate,uniform_within_month;recursive_future_months;not_35day_backtested
280100293_,шт,,IEK,2026-09-23,35,insufficient_history,uniform_within_month;recursive_future_months;not_35day_backtested
280100294_,шт,,IEK,2026-09-23,35,insufficient_history,uniform_within_month;recursive_future_months;not_35day_backtested
280100295_,шт,,IEK,2026-09-23,35,insufficient_history,uniform_within_month;recursive_future_months;not_35day_backtested
280100296_,шт,,IEK,2026-09-23,35,insufficient_history,uniform_within_month;recursive_future_months;not_35day_backtested
280100297_,шт,,IEK,2026-09-23,35,insufficient_history,uniform_within_month;recursive_future_months;not_35day_backtested
280100298_,шт,,IEK,2026-09-23,35,insufficient_history,uniform_within_month;recursive_future_months;not_35day_backtested
280100299_,шт,,IEK,2026-09-23,35,insufficient_history,uniform_within_month;recursive_future_months;not_35day_backtested
280100300_,шт,,IEK,2026-09-23,35,insufficient_history,uniform_within_month;recursive_future_months;not_35day_backtested
280100301_,шт,,IEK,2026-09-23,35,insufficient_history,uniform_within_month;recursive_future_months;not_35day_backtested
280100302_,шт,,IEK,2026-09-23,35,insufficient_history,uniform_within_month;recursive_future_months;not_35day_backtested
280100303_,шт,,IEK,2026-09-23,35,insufficient_history,uniform_within_month;recursive_future_months;not_35day_backtested
280100304_,шт,,IEK,2026-09-23,35,insufficient_history,uniform_within_month;recursive_future_months;not_35day_backtested
280100305_,шт,,IEK,2026-09-23,35,insufficient_history,uniform_within_month;recursive_future_months;not_35day_backtested
280100306_,шт,,IEK,2026-09-23,35,insufficient_history,uniform_within_month;recursive_future_months;not_35day_backtested
280100307_,шт,,IEK,2026-09-23,35,insufficient_history,uniform_within_month;recursive_future_months;not_35day_backtested
280100308_,шт,,IEK,2026-09-23,35,insufficient_history,uniform_within_month;recursive_future_months;not_35day_backtested
280100309_,шт,,IEK,2026-09-23,35,insufficient_history,uniform_within_month;recursive_future_months;not_35day_backtested
280100310_,шт,,IEK,2026-09-23,35,insufficient_history,uniform_within_month;recursive_future_months;not_35day_backtested
280100311_,шт,,IEK,2026-09-23,35,insufficient_history,uniform_within_month;recursive_future_months;not_35day_backtested
280100312_,шт,,IEK,2026-09-23,35,insufficient_history,uniform_within_month;recursive_future_months;not_35day_backtested
280100313_,шт,,IEK,2026-09-23,35,insufficient_history,uniform_within_month;recursive_future_months;not_35day_backtested
280100314_,шт,,IEK,2026-09-23,35,insufficient_history,uniform_within_month;recursive_future_months;not_35day_backtested
280100336_,м,32.7133294497869,IEK,2026-09-23,35,approximate,uniform_within_month;recursive_future_months;not_35day_backtested
280100337_,м,42.68462369455894,IEK,2026-09-23,35,approximate,uniform_within_month;recursive_future_months;not_35day_backtested
280100338_,м,23.577226249595867,IEK,2026-09-23,35,approximate,uniform_within_month;recursive_future_months;not_35day_backtested
280100339_,м,17.017934311894546,IEK,2026-09-23,35,approximate,uniform_within_month;recursive_future_months;not_35day_backtested
280100340_,м,52.052070552604974,IEK,2026-09-23,35,approximate,uniform_within_month;recursive_future_months;not_35day_backtested
280100341_,м,34.94315833586339,IEK,2026-09-23,35,approximate,uniform_within_month;recursive_future_months;not_35day_backtested
280100342_,м,39.799426790032996,IEK,2026-09-23,35,approximate,uniform_within_month;recursive_future_months;not_35day_backtested
280100343_,м,14.287417276490231,IEK,2026-09-23,35,approximate,uniform_within_month;recursive_future_months;not_35day_backtested
280100344_,м,30.87985497780378,IEK,2026-09-23,35,approximate,uniform_within_month;recursive_future_months;not_35day_backtested
280100345_,шт,,IEK,2026-09-23,35,insufficient_history,uniform_within_month;recursive_future_months;not_35day_backtested
280100346_,шт,,IEK,2026-09-23,35,insufficient_history,uniform_within_month;recursive_future_months;not_35day_backtested
280100347_,шт,,IEK,2026-09-23,35,insufficient_history,uniform_within_month;recursive_future_months;not_35day_backtested
280100348_,шт,,IEK,2026-09-23,35,insufficient_history,uniform_within_month;recursive_future_months;not_35day_backtested
280100349_,шт,,IEK,2026-09-23,35,insufficient_history,uniform_within_month;recursive_future_months;not_35day_backtested
280100350_,шт,,IEK,2026-09-23,35,insufficient_history,uniform_within_month;recursive_future_months;not_35day_backtested
280100351_,шт,,IEK,2026-09-23,35,insufficient_history,uniform_within_month;recursive_future_months;not_35day_backtested
280100352_,шт,,IEK,2026-09-23,35,insufficient_history,uniform_within_month;recursive_future_months;not_35day_backtested
280100353_,шт,,IEK,2026-09-23,35,insufficient_history,uniform_within_month;recursive_future_months;not_35day_backtested
280100354_,шт,,IEK,2026-09-23,35,insufficient_history,uniform_within_month;recursive_future_months;not_35day_backtested
280100355_,шт,,IEK,2026-09-23,35,insufficient_history,uniform_within_month;recursive_future_months;not_35day_backtested
280100356_,шт,8.31027787114357,IEK,2026-09-23,35,approximate,uniform_within_month;recursive_future_months;not_35day_backtested
280100357_,шт,,IEK,2026-09-23,35,insufficient_history,uniform_within_month;recursive_future_months;not_35day_backtested
280100358_,шт,4.896116470035752,IEK,2026-09-23,35,approximate,uniform_within_month;recursive_future_months;not_35day_backtested
280100359_,шт,,IEK,2026-09-23,35,insufficient_history,uniform_within_month;recursive_future_months;not_35day_backtested
280100360_,шт,18.075881069748778,IEK,2026-09-23,35,approximate,uniform_within_month;recursive_future_months;not_35day_backtested
280100361_,шт,,IEK,2026-09-23,35,insufficient_history,uniform_within_month;recursive_future_months;not_35day_backtested
280100362_,шт,,IEK,2026-09-23,35,insufficient_history,uniform_within_month;recursive_future_months;not_35day_backtested
280100363_,шт,,IEK,2026-09-23,35,insufficient_history,uniform_within_month;recursive_future_months;not_35day_backtested
280100364_,шт,,IEK,2026-09-23,35,insufficient_history,uniform_within_month;recursive_future_months;not_35day_backtested
280100365_,шт,,IEK,2026-09-23,35,insufficient_history,uniform_within_month;recursive_future_months;not_35day_backtested
280100366_,шт,,IEK,2026-09-23,35,insufficient_history,uniform_within_month;recursive_future_months;not_35day_backtested
280100367_,шт,,IEK,2026-09-23,35,insufficient_history,uniform_within_month;recursive_future_months;not_35day_backtested
280100368_,шт,,IEK,2026-09-23,35,insufficient_history,uniform_within_month;recursive_future_months;not_35day_backtested
280100369_,шт,,IEK,2026-09-23,35,insufficient_history,uniform_within_month;recursive_future_months;not_35day_backtested
280100370_,шт,,IEK,2026-09-23,35,insufficient_history,uniform_within_month;recursive_future_months;not_35day_backtested
280100371_,шт,,IEK,2026-09-23,35,insufficient_history,uniform_within_month;recursive_future_months;not_35day_backtested
280100372_,шт,,IEK,2026-09-23,35,insufficient_history,uniform_within_month;recursive_future_months;not_35day_backtested
280100373_,м,30.50531666776957,IEK,2026-09-23,35,approximate,uniform_within_month;recursive_future_months;not_35day_backtested
280100374_,м,23.85151206429208,IEK,2026-09-23,35,approximate,uniform_within_month;recursive_future_months;not_35day_backtested
280100375_,м,23.1520804551638,IEK,2026-09-23,35,approximate,uniform_within_month;recursive_future_months;not_35day_backtested
280100376_,м,91.70530558045778,IEK,2026-09-23,35,approximate,uniform_within_month;recursive_future_months;not_35day_backtested
280100377_,м,42.520654778586014,IEK,2026-09-23,35,approximate,uniform_within_month;recursive_future_months;not_35day_backtested
280100378_,м,9.752514697376096,IEK,2026-09-23,35,approximate,uniform_within_month;recursive_future_months;not_35day_backtested
280100379_,м,9.134482390849637,IEK,2026-09-23,35,approximate,uniform_within_month;recursive_future_months;not_35day_backtested
280100380_,шт,,IEK,2026-09-23,35,insufficient_history,uniform_within_month;recursive_future_months;not_35day_backtested
280100381_,шт,,IEK,2026-09-23,35,insufficient_history,uniform_within_month;recursive_future_months;not_35day_backtested
280100382_,шт,,IEK,2026-09-23,35,insufficient_history,uniform_within_month;recursive_future_months;not_35day_backtested
280100383_,шт,,IEK,2026-09-23,35,insufficient_history,uniform_within_month;recursive_future_months;not_35day_backtested
280100384_,шт,,IEK,2026-09-23,35,insufficient_history,uniform_within_month;recursive_future_months;not_35day_backtested
280100385_,шт,,IEK,2026-09-23,35,insufficient_history,uniform_within_month;recursive_future_months;not_35day_backtested
280100386_,шт,,IEK,2026-09-23,35,insufficient_history,uniform_within_month;recursive_future_months;not_35day_backtested
280100387_,шт,,IEK,2026-09-23,35,insufficient_history,uniform_within_month;recursive_future_months;not_35day_backtested
280100388_,шт,,IEK,2026-09-23,35,insufficient_history,uniform_within_month;recursive_future_months;not_35day_backtested
280100389_,шт,,IEK,2026-09-23,35,insufficient_history,uniform_within_month;recursive_future_months;not_35day_backtested
280100390_,шт,,IEK,2026-09-23,35,insufficient_history,uniform_within_month;recursive_future_months;not_35day_backtested
280100391_,шт,,IEK,2026-09-23,35,insufficient_history,uniform_within_month;recursive_future_months;not_35day_backtested
280100392_,шт,,IEK,2026-09-23,35,insufficient_history,uniform_within_month;recursive_future_months;not_35day_backtested
280100393_,шт,,IEK,2026-09-23,35,insufficient_history,uniform_within_month;recursive_future_months;not_35day_backtested
280100394_,шт,,IEK,2026-09-23,35,insufficient_history,uniform_within_month;recursive_future_months;not_35day_backtested
280100395_,шт,,IEK,2026-09-23,35,insufficient_history,uniform_within_month;recursive_future_months;not_35day_backtested
280100396_,шт,,IEK,2026-09-23,35,insufficient_history,uniform_within_month;recursive_future_months;not_35day_backtested
280100397_,шт,,IEK,2026-09-23,35,insufficient_history,uniform_within_month;recursive_future_months;not_35day_backtested
280100398_,шт,,IEK,2026-09-23,35,insufficient_history,uniform_within_month;recursive_future_months;not_35day_backtested
280100399_,шт,,IEK,2026-09-23,35,insufficient_history,uniform_within_month;recursive_future_months;not_35day_backtested
280100400_,шт,,IEK,2026-09-23,35,insufficient_history,uniform_within_month;recursive_future_months;not_35day_backtested
280100401_,м,18.680502250695586,IEK,2026-09-23,35,approximate,uniform_within_month;recursive_future_months;not_35day_backtested
280100402_,м,6.352766287266773,IEK,2026-09-23,35,approximate,uniform_within_month;recursive_future_months;not_35day_backtested
280100403_,м,24.58339737735727,IEK,2026-09-23,35,approximate,uniform_within_month;recursive_future_months;not_35day_backtested
280100404_,м,12.910143144419752,IEK,2026-09-23,35,approximate,uniform_within_month;recursive_future_months;not_35day_backtested
280100405_,м,46.054201675054124,IEK,2026-09-23,35,approximate,uniform_within_month;recursive_future_months;not_35day_backtested
280100406_,м,38.340245822007724,IEK,2026-09-23,35,approximate,uniform_within_month;recursive_future_months;not_35day_backtested
280100407_,м,13.670277107300123,IEK,2026-09-23,35,approximate,uniform_within_month;recursive_future_months;not_35day_backtested
280100408_,м,6.406067143719588,IEK,2026-09-23,35,approximate,uniform_within_month;recursive_future_months;not_35day_backtested
280100409_,м,15.20102558892018,IEK,2026-09-23,35,approximate,uniform_within_month;recursive_future_months;not_35day_backtested
280100410_,м,19.92882391615643,IEK,2026-09-23,35,approximate,uniform_within_month;recursive_future_months;not_35day_backtested
280100411_,м,8.723709779207876,IEK,2026-09-23,35,approximate,uniform_within_month;recursive_future_months;not_35day_backtested
280100412_,м,7.800990746253825,IEK,2026-09-23,35,approximate,uniform_within_month;recursive_future_months;not_35day_backtested
280100413_,м,4.787268503949301,IEK,2026-09-23,35,approximate,uniform_within_month;recursive_future_months;not_35day_backtested
280100414_,м,10.231619680169965,IEK,2026-09-23,35,approximate,uniform_within_month;recursive_future_months;not_35day_backtested
280100415_,м,4.810760086081511,IEK,2026-09-23,35,approximate,uniform_within_month;recursive_future_months;not_35day_backtested
280100416_,м,8.200763795833481,IEK,2026-09-23,35,approximate,uniform_within_month;recursive_future_months;not_35day_backtested
280100417_,м,4.180035520578144,IEK,2026-09-23,35,approximate,uniform_within_month;recursive_future_months;not_35day_backtested
280100418_,м,,IEK,2026-09-23,35,insufficient_history,uniform_within_month;recursive_future_months;not_35day_backtested
280100419_,м,11.351702943779596,IEK,2026-09-23,35,approximate,uniform_within_month;recursive_future_months;not_35day_backtested
280100420_,шт,,IEK,2026-09-23,35,insufficient_history,uniform_within_month;recursive_future_months;not_35day_backtested
280100421_,шт,,IEK,2026-09-23,35,insufficient_history,uniform_within_month;recursive_future_months;not_35day_backtested
280100422_,шт,,IEK,2026-09-23,35,insufficient_history,uniform_within_month;recursive_future_months;not_35day_backtested
280100423_,шт,5.815604486491095,IEK,2026-09-23,35,approximate,uniform_within_month;recursive_future_months;not_35day_backtested
280100424_,шт,2.9405113290095493,IEK,2026-09-23,35,approximate,uniform_within_month;recursive_future_months;not_35day_backtested
280100425_,шт,4.140319703599919,IEK,2026-09-23,35,approximate,uniform_within_month;recursive_future_months;not_35day_backtested
280100426_,шт,,IEK,2026-09-23,35,insufficient_history,uniform_within_month;recursive_future_months;not_35day_backtested
280100427_,,,IEK,2026-09-23,35,insufficient_history,uniform_within_month;recursive_future_months;not_35day_backtested
280100428_,шт,,IEK,2026-09-23,35,insufficient_history,uniform_within_month;recursive_future_months;not_35day_backtested
280100429_,шт,,IEK,2026-09-23,35,insufficient_history,uniform_within_month;recursive_future_months;not_35day_backtested
280100430_,шт,,IEK,2026-09-23,35,insufficient_history,uniform_within_month;recursive_future_months;not_35day_backtested
280100431_,шт,5.082813609065741,IEK,2026-09-23,35,approximate,uniform_within_month;recursive_future_months;not_35day_backtested
280100432_,шт,,IEK,2026-09-23,35,insufficient_history,uniform_within_month;recursive_future_months;not_35day_backtested
280100433_,шт,3.4018247283448586,IEK,2026-09-23,35,approximate,uniform_within_month;recursive_future_months;not_35day_backtested
280100434_,шт,,IEK,2026-09-23,35,insufficient_history,uniform_within_month;recursive_future_months;not_35day_backtested
280100435_,шт,,IEK,2026-09-23,35,insufficient_history,uniform_within_month;recursive_future_months;not_35day_backtested
280100436_,,,IEK,2026-09-23,35,insufficient_history,uniform_within_month;recursive_future_months;not_35day_backtested
280100437_,шт,,IEK,2026-09-23,35,insufficient_history,uniform_within_month;recursive_future_months;not_35day_backtested
280100438_,шт,4.238370785235336,IEK,2026-09-23,35,approximate,uniform_within_month;recursive_future_months;not_35day_backtested
280100439_,шт,4.4585482970763985,IEK,2026-09-23,35,approximate,uniform_within_month;recursive_future_months;not_35day_backtested
280100440_,шт,,IEK,2026-09-23,35,insufficient_history,uniform_within_month;recursive_future_months;not_35day_backtested
280100441_,шт,,IEK,2026-09-23,35,insufficient_history,uniform_within_month;recursive_future_months;not_35day_backtested
280100442_,шт,4.864861449844456,IEK,2026-09-23,35,approximate,uniform_within_month;recursive_future_months;not_35day_backtested
280100443_,шт,,IEK,2026-09-23,35,insufficient_history,uniform_within_month;recursive_future_months;not_35day_backtested
280100444_,шт,5.461291769213553,IEK,2026-09-23,35,approximate,uniform_within_month;recursive_future_months;not_35day_backtested
280100445_,шт,4.4585482970763985,IEK,2026-09-23,35,approximate,uniform_within_month;recursive_future_months;not_35day_backtested
280100446_,шт,,IEK,2026-09-23,35,insufficient_history,uniform_within_month;recursive_future_months;not_35day_backtested
280100447_,шт,3.2515580802723,IEK,2026-09-23,35,approximate,uniform_within_month;recursive_future_months;not_35day_backtested
280100448_,шт,,IEK,2026-09-23,35,insufficient_history,uniform_within_month;recursive_future_months;not_35day_backtested
280100449_,шт,,IEK,2026-09-23,35,insufficient_history,uniform_within_month;recursive_future_months;not_35day_backtested
280100450_,шт,,IEK,2026-09-23,35,insufficient_history,uniform_within_month;recursive_future_months;not_35day_backtested
280100451_,шт,,IEK,2026-09-23,35,insufficient_history,uniform_within_month;recursive_future_months;not_35day_backtested
280100452_,шт,,IEK,2026-09-23,35,insufficient_history,uniform_within_month;recursive_future_months;not_35day_backtested
280100453_,шт,,IEK,2026-09-23,35,insufficient_history,uniform_within_month;recursive_future_months;not_35day_backtested
280100454_,шт,,IEK,2026-09-23,35,insufficient_history,uniform_within_month;recursive_future_months;not_35day_backtested
280100455_,шт,,IEK,2026-09-23,35,insufficient_history,uniform_within_month;recursive_future_months;not_35day_backtested
280100456_,шт,,IEK,2026-09-23,35,insufficient_history,uniform_within_month;recursive_future_months;not_35day_backtested
280100457_,шт,,IEK,2026-09-23,35,insufficient_history,uniform_within_month;recursive_future_months;not_35day_backtested
280100458_,шт,,IEK,2026-09-23,35,insufficient_history,uniform_within_month;recursive_future_months;not_35day_backtested
280100459_,шт,2.766903401426939,IEK,2026-09-23,35,approximate,uniform_within_month;recursive_future_months;not_35day_backtested
280100460_,шт,,IEK,2026-09-23,35,insufficient_history,uniform_within_month;recursive_future_months;not_35day_backtested
280100461_,шт,,IEK,2026-09-23,35,insufficient_history,uniform_within_month;recursive_future_months;not_35day_backtested
280200031_,шт,10.542570341857099,IEK,2026-09-23,35,approximate,uniform_within_month;recursive_future_months;not_35day_backtested
280200032_,шт,56.94789179462032,IEK,2026-09-23,35,approximate,uniform_within_month;recursive_future_months;not_35day_backtested
280200033_,шт,35.706569860313685,IEK,2026-09-23,35,approximate,uniform_within_month;recursive_future_months;not_35day_backtested
280200034_,шт,52.42892564458175,IEK,2026-09-23,35,approximate,uniform_within_month;recursive_future_months;not_35day_backtested
280200035_,шт,18.792738502875352,IEK,2026-09-23,35,approximate,uniform_within_month;recursive_future_months;not_35day_backtested
280200036_,шт,108.37343004606474,IEK,2026-09-23,35,approximate,uniform_within_month;recursive_future_months;not_35day_backtested
280200037_,шт,29.08436773376277,IEK,2026-09-23,35,approximate,uniform_within_month;recursive_future_months;not_35day_backtested
280200038_,шт,44.512242676485165,IEK,2026-09-23,35,approximate,uniform_within_month;recursive_future_months;not_35day_backtested
280200039_,шт,19.9214048006877,IEK,2026-09-23,35,approximate,uniform_within_month;recursive_future_months;not_35day_backtested
280200040_,шт,15.10983827358781,IEK,2026-09-23,35,approximate,uniform_within_month;recursive_future_months;not_35day_backtested
280200041_,шт,181.1067140716765,IEK,2026-09-23,35,approximate,uniform_within_month;recursive_future_months;not_35day_backtested
280200042_,шт,116.70500300105844,IEK,2026-09-23,35,approximate,uniform_within_month;recursive_future_months;not_35day_backtested
280200043_,шт,36.83450127452845,IEK,2026-09-23,35,approximate,uniform_within_month;recursive_future_months;not_35day_backtested
280200044_,шт,36.029406797671186,IEK,2026-09-23,35,approximate,uniform_within_month;recursive_future_months;not_35day_backtested
280200045_,шт,21.42782407925302,IEK,2026-09-23,35,approximate,uniform_within_month;recursive_future_months;not_35day_backtested
280200046_,шт,7.3946972475305826,IEK,2026-09-23,35,approximate,uniform_within_month;recursive_future_months;not_35day_backtested
280200047_,шт,9.511889811230235,IEK,2026-09-23,35,approximate,uniform_within_month;recursive_future_months;not_35day_backtested
280200048_,шт,42.00050236908796,IEK,2026-09-23,35,approximate,uniform_within_month;recursive_future_months;not_35day_backtested
280200049_,шт,95.78627408869369,IEK,2026-09-23,35,approximate,uniform_within_month;recursive_future_months;not_35day_backtested
280200050_,шт,12.167203979167066,IEK,2026-09-23,35,approximate,uniform_within_month;recursive_future_months;not_35day_backtested
280200051_,шт,36.98786929929451,IEK,2026-09-23,35,approximate,uniform_within_month;recursive_future_months;not_35day_backtested
280200052_,шт,29.171217212231713,IEK,2026-09-23,35,approximate,uniform_within_month;recursive_future_months;not_35day_backtested
280200053_,шт,33.58034360031391,IEK,2026-09-23,35,approximate,uniform_within_month;recursive_future_months;not_35day_backtested
280200054_,шт,116.77170251142894,IEK,2026-09-23,35,approximate,uniform_within_month;recursive_future_months;not_35day_backtested
280200055_,шт,5.185176434227053,IEK,2026-09-23,35,approximate,uniform_within_month;recursive_future_months;not_35day_backtested
280200056_,шт,77.15639913309937,IEK,2026-09-23,35,approximate,uniform_within_month;recursive_future_months;not_35day_backtested
280200057_,шт,143.2776467218484,IEK,2026-09-23,35,approximate,uniform_within_month;recursive_future_months;not_35day_backtested
280200058_,шт,17.27624402665394,IEK,2026-09-23,35,approximate,uniform_within_month;recursive_future_months;not_35day_backtested
280200059_,шт,66.79554019053562,IEK,2026-09-23,35,approximate,uniform_within_month;recursive_future_months;not_35day_backtested
280200060_,,,IEK,2026-09-23,35,insufficient_history,uniform_within_month;recursive_future_months;not_35day_backtested
280200061_,шт,37.60916583202499,IEK,2026-09-23,35,approximate,uniform_within_month;recursive_future_months;not_35day_backtested
280200062_,шт,25.289915241895496,IEK,2026-09-23,35,approximate,uniform_within_month;recursive_future_months;not_35day_backtested
280200063_,шт,12.673568372085118,IEK,2026-09-23,35,approximate,uniform_within_month;recursive_future_months;not_35day_backtested
280200064_,шт,165.0931270501622,IEK,2026-09-23,35,approximate,uniform_within_month;recursive_future_months;not_35day_backtested
280200065_,шт,72.93003012896317,IEK,2026-09-23,35,approximate,uniform_within_month;recursive_future_months;not_35day_backtested
280200066_,,,IEK,2026-09-23,35,insufficient_history,uniform_within_month;recursive_future_months;not_35day_backtested
280200067_,шт,18.238169665631148,IEK,2026-09-23,35,approximate,uniform_within_month;recursive_future_months;not_35day_backtested
280200068_,,,IEK,2026-09-23,35,insufficient_history,uniform_within_month;recursive_future_months;not_35day_backtested
280200069_,шт,16.9776731939395,IEK,2026-09-23,35,approximate,uniform_within_month;recursive_future_months;not_35day_backtested
280200070_,шт,3.9811108982703542,IEK,2026-09-23,35,approximate,uniform_within_month;recursive_future_months;not_35day_backtested
280200071_,шт,13.366678583209385,IEK,2026-09-23,35,approximate,uniform_within_month;recursive_future_months;not_35day_backtested
280200072_,шт,32.06848052699537,IEK,2026-09-23,35,approximate,uniform_within_month;recursive_future_months;not_35day_backtested
280200073_,шт,32.38521438700604,IEK,2026-09-23,35,approximate,uniform_within_month;recursive_future_months;not_35day_backtested
280200080_,шт,133.28008056587868,IEK,2026-09-23,35,approximate,uniform_within_month;recursive_future_months;not_35day_backtested
280200081_,шт,90.61801363756837,IEK,2026-09-23,35,approximate,uniform_within_month;recursive_future_months;not_35day_backtested
280200082_,шт,7.306358437024363,IEK,2026-09-23,35,approximate,uniform_within_month;recursive_future_months;not_35day_backtested
280200083_,шт,112.30274452691549,IEK,2026-09-23,35,approximate,uniform_within_month;recursive_future_months;not_35day_backtested
280200084_,шт,58.28548769030658,IEK,2026-09-23,35,approximate,uniform_within_month;recursive_future_months;not_35day_backtested
280200085_,шт,20.070841208459473,IEK,2026-09-23,35,approximate,uniform_within_month;recursive_future_months;not_35day_backtested
280200086_,шт,125.3912861792266,IEK,2026-09-23,35,approximate,uniform_within_month;recursive_future_months;not_35day_backtested
280200087_,шт,82.07036706445476,IEK,2026-09-23,35,approximate,uniform_within_month;recursive_future_months;not_35day_backtested
280200088_,шт,13.532454139843837,IEK,2026-09-23,35,approximate,uniform_within_month;recursive_future_months;not_35day_backtested
280200108_,шт,103.0013670423493,IEK,2026-09-23,35,approximate,uniform_within_month;recursive_future_months;not_35day_backtested
280200109_,шт,16.234194066067523,IEK,2026-09-23,35,approximate,uniform_within_month;recursive_future_months;not_35day_backtested
280200166_,шт,17.226371149654486,IEK,2026-09-23,35,approximate,uniform_within_month;recursive_future_months;not_35day_backtested
280200167_,шт,32.57030417329973,IEK,2026-09-23,35,approximate,uniform_within_month;recursive_future_months;not_35day_backtested
280200168_,,,IEK,2026-09-23,35,insufficient_history,uniform_within_month;recursive_future_months;not_35day_backtested
280200252_,шт,1592.2626298460564,IEK,2026-09-23,35,approximate,uniform_within_month;recursive_future_months;not_35day_backtested
280200257_,шт,,IEK,2026-09-23,35,insufficient_history,uniform_within_month;recursive_future_months;not_35day_backtested
280300001_,,,IEK,2026-09-23,35,insufficient_history,uniform_within_month;recursive_future_months;not_35day_backtested
280300002_,,,IEK,2026-09-23,35,insufficient_history,uniform_within_month;recursive_future_months;not_35day_backtested
280300003_,шт,39.82528921321312,IEK,2026-09-23,35,approximate,uniform_within_month;recursive_future_months;not_35day_backtested
280300004_,шт,40.258763609267355,IEK,2026-09-23,35,approximate,uniform_within_month;recursive_future_months;not_35day_backtested
280300005_,м,222.28424354914688,IEK,2026-09-23,35,approximate,uniform_within_month;recursive_future_months;not_35day_backtested
280300007_,м,107.21723036513993,IEK,2026-09-23,35,approximate,uniform_within_month;recursive_future_months;not_35day_backtested
280300009_,м,18.82645524677189,IEK,2026-09-23,35,approximate,uniform_within_month;recursive_future_months;not_35day_backtested
280300011_,м,84.92819634351073,IEK,2026-09-23,35,approximate,uniform_within_month;recursive_future_months;not_35day_backtested
280300012_,м,381.1035501042333,IEK,2026-09-23,35,approximate,uniform_within_month;recursive_future_months;not_35day_backtested
280300013_,м,283.485327526665,IEK,2026-09-23,35,approximate,uniform_within_month;recursive_future_months;not_35day_backtested
280300017_,шт,69.17410983420416,IEK,2026-09-23,35,approximate,uniform_within_month;recursive_future_months;not_35day_backtested
280300018_,,,IEK,2026-09-23,35,insufficient_history,uniform_within_month;recursive_future_months;not_35day_backtested
280300020_,шт,5.682229315422115,IEK,2026-09-23,35,approximate,uniform_within_month;recursive_future_months;not_35day_backtested
280300021_,шт,12.161194130808468,IEK,2026-09-23,35,approximate,uniform_within_month;recursive_future_months;not_35day_backtested
280300022_,шт,5.166817127694861,IEK,2026-09-23,35,approximate,uniform_within_month;recursive_future_months;not_35day_backtested
280300023_,,,IEK,2026-09-23,35,insufficient_history,uniform_within_month;recursive_future_months;not_35day_backtested
280300024_,шт,,IEK,2026-09-23,35,insufficient_history,uniform_within_month;recursive_future_months;not_35day_backtested
280300028_,м,19.959895018173928,IEK,2026-09-23,35,approximate,uniform_within_month;recursive_future_months;not_35day_backtested
280300030_,м,76.54419031739023,IEK,2026-09-23,35,approximate,uniform_within_month;recursive_future_months;not_35day_backtested
280300031_,м,20.610886190760393,IEK,2026-09-23,35,approximate,uniform_within_month;recursive_future_months;not_35day_backtested
280300032_,,,IEK,2026-09-23,35,insufficient_history,uniform_within_month;recursive_future_months;not_35day_backtested
280300034_,м,83.93228432881827,IEK,2026-09-23,35,approximate,uniform_within_month;recursive_future_months;not_35day_backtested
280300035_,м,56.08775705646775,IEK,2026-09-23,35,approximate,uniform_within_month;recursive_future_months;not_35day_backtested
280300036_,м,35.57542644374421,IEK,2026-09-23,35,approximate,uniform_within_month;recursive_future_months;not_35day_backtested
280300037_,м,56.210066799223455,IEK,2026-09-23,35,approximate,uniform_within_month;recursive_future_months;not_35day_backtested
280300038_,м,6.325505993419782,IEK,2026-09-23,35,approximate,uniform_within_month;recursive_future_months;not_35day_backtested
280300039_,шт,,IEK,2026-09-23,35,insufficient_history,uniform_within_month;recursive_future_months;not_35day_backtested
280300040_,шт,4.992015245367383,IEK,2026-09-23,35,approximate,uniform_within_month;recursive_future_months;not_35day_backtested
280300045_,,,IEK,2026-09-23,35,insufficient_history,uniform_within_month;recursive_future_months;not_35day_backtested
280300048_,шт,25.867757846325887,IEK,2026-09-23,35,approximate,uniform_within_month;recursive_future_months;not_35day_backtested
280300049_,шт,,IEK,2026-09-23,35,insufficient_history,uniform_within_month;recursive_future_months;not_35day_backtested
280300054_,шт,3.946559912554812,IEK,2026-09-23,35,approximate,uniform_within_month;recursive_future_months;not_35day_backtested
280300055_,шт,,IEK,2026-09-23,35,insufficient_history,uniform_within_month;recursive_future_months;not_35day_backtested
280300056_,шт,6.722926049547575,IEK,2026-09-23,35,approximate,uniform_within_month;recursive_future_months;not_35day_backtested
280300057_,шт,4.42889414207323,IEK,2026-09-23,35,approximate,uniform_within_month;recursive_future_months;not_35day_backtested
280300058_,шт,,IEK,2026-09-23,35,insufficient_history,uniform_within_month;recursive_future_months;not_35day_backtested
280300063_,,,IEK,2026-09-23,35,insufficient_history,uniform_within_month;recursive_future_months;not_35day_backtested
280300064_,,,IEK,2026-09-23,35,insufficient_history,uniform_within_month;recursive_future_months;not_35day_backtested
280300065_,,,IEK,2026-09-23,35,insufficient_history,uniform_within_month;recursive_future_months;not_35day_backtested
280300066_,,,IEK,2026-09-23,35,insufficient_history,uniform_within_month;recursive_future_months;not_35day_backtested
280300068_,,,IEK,2026-09-23,35,insufficient_history,uniform_within_month;recursive_future_months;not_35day_backtested
280300069_,,,IEK,2026-09-23,35,insufficient_history,uniform_within_month;recursive_future_months;not_35day_backtested
280300070_,,,IEK,2026-09-23,35,insufficient_history,uniform_within_month;recursive_future_months;not_35day_backtested
280300071_,шт,6.263775333447878,IEK,2026-09-23,35,approximate,uniform_within_month;recursive_future_months;not_35day_backtested
280300072_,шт,13.277243551669901,IEK,2026-09-23,35,approximate,uniform_within_month;recursive_future_months;not_35day_backtested
280300073_,шт,12.81529251674665,IEK,2026-09-23,35,approximate,uniform_within_month;recursive_future_months;not_35day_backtested
280300074_,шт,,IEK,2026-09-23,35,insufficient_history,uniform_within_month;recursive_future_months;not_35day_backtested
280300078_,шт,8.646948877920261,IEK,2026-09-23,35,approximate,uniform_within_month;recursive_future_months;not_35day_backtested
280300080_,шт,,IEK,2026-09-23,35,insufficient_history,uniform_within_month;recursive_future_months;not_35day_backtested
280300081_,шт,,IEK,2026-09-23,35,insufficient_history,uniform_within_month;recursive_future_months;not_35day_backtested
280300082_,шт,17.820732592703752,IEK,2026-09-23,35,approximate,uniform_within_month;recursive_future_months;not_35day_backtested
280300083_,м,61.008330826103,IEK,2026-09-23,35,approximate,uniform_within_month;recursive_future_months;not_35day_backtested
280300084_,м,183.68489094728216,IEK,2026-09-23,35,approximate,uniform_within_month;recursive_future_months;not_35day_backtested
280300085_,м,202.90137898938988,IEK,2026-09-23,35,approximate,uniform_within_month;recursive_future_months;not_35day_backtested
280300086_,м,250.68417474492693,IEK,2026-09-23,35,approximate,uniform_within_month;recursive_future_months;not_35day_backtested
280300088_,м,72.49216313849418,IEK,2026-09-23,35,approximate,uniform_within_month;recursive_future_months;not_35day_backtested
280300092_,шт,32.91382697553811,IEK,2026-09-23,35,approximate,uniform_within_month;recursive_future_months;not_35day_backtested
280300103_,м,212.3476742691089,IEK,2026-09-23,35,approximate,uniform_within_month;recursive_future_months;not_35day_backtested
280300104_,шт,57.44682604158098,IEK,2026-09-23,35,approximate,uniform_within_month;recursive_future_months;not_35day_backtested
280300107_,,,IEK,2026-09-23,35,insufficient_history,uniform_within_month;recursive_future_months;not_35day_backtested
280300111_,,,IEK,2026-09-23,35,insufficient_history,uniform_within_month;recursive_future_months;not_35day_backtested
280300122_,шт,18.210966928172333,IEK,2026-09-23,35,approximate,uniform_within_month;recursive_future_months;not_35day_backtested
280300128_,м,38.58920417918263,IEK,2026-09-23,35,approximate,uniform_within_month;recursive_future_months;not_35day_backtested
280300131_,шт,,IEK,2026-09-23,35,insufficient_history,uniform_within_month;recursive_future_months;not_35day_backtested
280300139_,,,IEK,2026-09-23,35,insufficient_history,uniform_within_month;recursive_future_months;not_35day_backtested
280300145_,шт,11.809245041448317,IEK,2026-09-23,35,approximate,uniform_within_month;recursive_future_months;not_35day_backtested
280300146_,шт,67.61826787161034,IEK,2026-09-23,35,approximate,uniform_within_month;recursive_future_months;not_35day_backtested
280300147_,шт,4.88900908671369,IEK,2026-09-23,35,approximate,uniform_within_month;recursive_future_months;not_35day_backtested
280300175_,,,IEK,2026-09-23,35,insufficient_history,uniform_within_month;recursive_future_months;not_35day_backtested
280300176_,,,IEK,2026-09-23,35,insufficient_history,uniform_within_month;recursive_future_months;not_35day_backtested
280300179_,шт,75.89134371941482,IEK,2026-09-23,35,approximate,uniform_within_month;recursive_future_months;not_35day_backtested
280300180_,шт,13.6579970178412,IEK,2026-09-23,35,approximate,uniform_within_month;recursive_future_months;not_35day_backtested
280300181_,шт,32.106604347035045,IEK,2026-09-23,35,approximate,uniform_within_month;recursive_future_months;not_35day_backtested
280300182_,шт,21.492241387178623,IEK,2026-09-23,35,approximate,uniform_within_month;recursive_future_months;not_35day_backtested
280300229_,шт,15.867306917110499,IEK,2026-09-23,35,approximate,uniform_within_month;recursive_future_months;not_35day_backtested
280300231_,шт,2.7633587127314505,IEK,2026-09-23,35,approximate,uniform_within_month;recursive_future_months;not_35day_backtested
280300232_,шт,6.972404325915113,IEK,2026-09-23,35,approximate,uniform_within_month;recursive_future_months;not_35day_backtested
280300235_,шт,10.036056018070875,IEK,2026-09-23,35,approximate,uniform_within_month;recursive_future_months;not_35day_backtested
280300236_,шт,6.2774288233437465,IEK,2026-09-23,35,approximate,uniform_within_month;recursive_future_months;not_35day_backtested
280300237_,шт,10.51912478110603,IEK,2026-09-23,35,approximate,uniform_within_month;recursive_future_months;not_35day_backtested
280300250_,шт,7.224470233046969,IEK,2026-09-23,35,approximate,uniform_within_month;recursive_future_months;not_35day_backtested
280300260_,шт,,IEK,2026-09-23,35,insufficient_history,uniform_within_month;recursive_future_months;not_35day_backtested
280300269_,,,IEK,2026-09-23,35,insufficient_history,uniform_within_month;recursive_future_months;not_35day_backtested
280300273_,шт,,IEK,2026-09-23,35,insufficient_history,uniform_within_month;recursive_future_months;not_35day_backtested
280300274_,шт,,IEK,2026-09-23,35,insufficient_history,uniform_within_month;recursive_future_months;not_35day_backtested
280300279_,,,IEK,2026-09-23,35,insufficient_history,uniform_within_month;recursive_future_months;not_35day_backtested
280300280_,,,IEK,2026-09-23,35,insufficient_history,uniform_within_month;recursive_future_months;not_35day_backtested
280300289_,м,39.05638468902553,IEK,2026-09-23,35,approximate,uniform_within_month;recursive_future_months;not_35day_backtested
280300295_,шт,190.5755802647872,IEK,2026-09-23,35,approximate,uniform_within_month;recursive_future_months;not_35day_backtested
280300354_,шт,,IEK,2026-09-23,35,insufficient_history,uniform_within_month;recursive_future_months;not_35day_backtested
280300356_,шт,,IEK,2026-09-23,35,insufficient_history,uniform_within_month;recursive_future_months;not_35day_backtested
280300395_,,,IEK,2026-09-23,35,insufficient_history,uniform_within_month;recursive_future_months;not_35day_backtested
280300396_,шт,285.0316508131249,IEK,2026-09-23,35,approximate,uniform_within_month;recursive_future_months;not_35day_backtested
280300397_,шт,7.644368222706449,IEK,2026-09-23,35,approximate,uniform_within_month;recursive_future_months;not_35day_backtested
280300398_,,,IEK,2026-09-23,35,insufficient_history,uniform_within_month;recursive_future_months;not_35day_backtested
280300399_,шт,8.550496496426316,IEK,2026-09-23,35,approximate,uniform_within_month;recursive_future_months;not_35day_backtested
280300400_,шт,4.619493516365381,IEK,2026-09-23,35,approximate,uniform_within_month;recursive_future_months;not_35day_backtested
280300401_,шт,139.60316060302566,IEK,2026-09-23,35,approximate,uniform_within_month;recursive_future_months;not_35day_backtested
280300402_,шт,37.47332487204425,IEK,2026-09-23,35,approximate,uniform_within_month;recursive_future_months;not_35day_backtested
280300403_,шт,125.16477046323833,IEK,2026-09-23,35,approximate,uniform_within_month;recursive_future_months;not_35day_backtested
280300404_,шт,339.0020955283215,IEK,2026-09-23,35,approximate,uniform_within_month;recursive_future_months;not_35day_backtested
280300487_,,,IEK,2026-09-23,35,insufficient_history,uniform_within_month;recursive_future_months;not_35day_backtested
280300588_,,,IEK,2026-09-23,35,insufficient_history,uniform_within_month;recursive_future_months;not_35day_backtested
280300589_,шт,18.210188044348328,IEK,2026-09-23,35,approximate,uniform_within_month;recursive_future_months;not_35day_backtested
280300590_,шт,6.58577413453917,IEK,2026-09-23,35,approximate,uniform_within_month;recursive_future_months;not_35day_backtested
280300591_,шт,9.599708448420339,IEK,2026-09-23,35,approximate,uniform_within_month;recursive_future_months;not_35day_backtested
280300592_,шт,11.550541308888713,IEK,2026-09-23,35,approximate,uniform_within_month;recursive_future_months;not_35day_backtested
280300626_,шт,,IEK,2026-09-23,35,insufficient_history,uniform_within_month;recursive_future_months;not_35day_backtested
280300644_,шт,5.511923539165449,IEK,2026-09-23,35,approximate,uniform_within_month;recursive_future_months;not_35day_backtested
280300645_,шт,83.14204963076257,IEK,2026-09-23,35,approximate,uniform_within_month;recursive_future_months;not_35day_backtested
280300673_,шт,,IEK,2026-09-23,35,insufficient_history,uniform_within_month;recursive_future_months;not_35day_backtested
280300678_,м,,IEK,2026-09-23,35,insufficient_history,uniform_within_month;recursive_future_months;not_35day_backtested
280300685_,шт,5.3807028077298575,IEK,2026-09-23,35,approximate,uniform_within_month;recursive_future_months;not_35day_backtested
280300696_,,,IEK,2026-09-23,35,insufficient_history,uniform_within_month;recursive_future_months;not_35day_backtested
280300733_,шт,,IEK,2026-09-23,35,insufficient_history,uniform_within_month;recursive_future_months;not_35day_backtested
280300734_,шт,,IEK,2026-09-23,35,insufficient_history,uniform_within_month;recursive_future_months;not_35day_backtested
280300735_,шт,,IEK,2026-09-23,35,insufficient_history,uniform_within_month;recursive_future_months;not_35day_backtested
280300736_,шт,,IEK,2026-09-23,35,insufficient_history,uniform_within_month;recursive_future_months;not_35day_backtested
280300737_,шт,,IEK,2026-09-23,35,insufficient_history,uniform_within_month;recursive_future_months;not_35day_backtested
280300738_,шт,168.9641878787965,IEK,2026-09-23,35,approximate,uniform_within_month;recursive_future_months;not_35day_backtested
280300739_,шт,40.784149009919645,IEK,2026-09-23,35,approximate,uniform_within_month;recursive_future_months;not_35day_backtested
280300740_,шт,39.23414208625347,IEK,2026-09-23,35,approximate,uniform_within_month;recursive_future_months;not_35day_backtested
280300741_,шт,31.232032524293405,IEK,2026-09-23,35,approximate,uniform_within_month;recursive_future_months;not_35day_backtested
280300742_,шт,50.43441847813661,IEK,2026-09-23,35,approximate,uniform_within_month;recursive_future_months;not_35day_backtested
280300743_,шт,,IEK,2026-09-23,35,insufficient_history,uniform_within_month;recursive_future_months;not_35day_backtested
280300744_,шт,9.07653258741499,IEK,2026-09-23,35,approximate,uniform_within_month;recursive_future_months;not_35day_backtested
280300745_,шт,8.779986588311225,IEK,2026-09-23,35,approximate,uniform_within_month;recursive_future_months;not_35day_backtested
280300746_,шт,,IEK,2026-09-23,35,insufficient_history,uniform_within_month;recursive_future_months;not_35day_backtested
280300747_,шт,,IEK,2026-09-23,35,insufficient_history,uniform_within_month;recursive_future_months;not_35day_backtested
280300748_,шт,17.329267064515044,IEK,2026-09-23,35,approximate,uniform_within_month;recursive_future_months;not_35day_backtested
280300950_,,,IEK,2026-09-23,35,insufficient_history,uniform_within_month;recursive_future_months;not_35day_backtested
280300951_,,,IEK,2026-09-23,35,insufficient_history,uniform_within_month;recursive_future_months;not_35day_backtested
280301023_,шт,2.2182747264068,IEK,2026-09-23,35,approximate,uniform_within_month;recursive_future_months;not_35day_backtested
280301024_,шт,,IEK,2026-09-23,35,insufficient_history,uniform_within_month;recursive_future_months;not_35day_backtested
290100002_,шт,17.271518557526246,IEK,2026-09-23,35,approximate,uniform_within_month;recursive_future_months;not_35day_backtested
290100003_,шт,3.8728557910746586,IEK,2026-09-23,35,approximate,uniform_within_month;recursive_future_months;not_35day_backtested
290100004_,шт,7.026555439545958,IEK,2026-09-23,35,approximate,uniform_within_month;recursive_future_months;not_35day_backtested
290100005_,шт,8.269719534895106,IEK,2026-09-23,35,approximate,uniform_within_month;recursive_future_months;not_35day_backtested
290100009_,шт,25.431305429639547,IEK,2026-09-23,35,approximate,uniform_within_month;recursive_future_months;not_35day_backtested
290100010_,шт,8.684945824448327,IEK,2026-09-23,35,approximate,uniform_within_month;recursive_future_months;not_35day_backtested
290100011_,шт,11.312623131063523,IEK,2026-09-23,35,approximate,uniform_within_month;recursive_future_months;not_35day_backtested
290100012_,,,IEK,2026-09-23,35,insufficient_history,uniform_within_month;recursive_future_months;not_35day_backtested
290100013_,шт,5.951509835433711,IEK,2026-09-23,35,approximate,uniform_within_month;recursive_future_months;not_35day_backtested
290100014_,шт,7.4109494707571475,IEK,2026-09-23,35,approximate,uniform_within_month;recursive_future_months;not_35day_backtested
290100015_,шт,,IEK,2026-09-23,35,insufficient_history,uniform_within_month;recursive_future_months;not_35day_backtested
290100016_,шт,9.016670925097287,IEK,2026-09-23,35,approximate,uniform_within_month;recursive_future_months;not_35day_backtested
290100017_,шт,7.73775917386342,IEK,2026-09-23,35,approximate,uniform_within_month;recursive_future_months;not_35day_backtested
290100018_,,,IEK,2026-09-23,35,insufficient_history,uniform_within_month;recursive_future_months;not_35day_backtested
290100019_,,,IEK,2026-09-23,35,insufficient_history,uniform_within_month;recursive_future_months;not_35day_backtested
290100020_,,,IEK,2026-09-23,35,insufficient_history,uniform_within_month;recursive_future_months;not_35day_backtested
290100022_,,,IEK,2026-09-23,35,insufficient_history,uniform_within_month;recursive_future_months;not_35day_backtested
290100029_,шт,3.3509358740324036,IEK,2026-09-23,35,approximate,uniform_within_month;recursive_future_months;not_35day_backtested
290100031_,шт,5.859198941157568,IEK,2026-09-23,35,approximate,uniform_within_month;recursive_future_months;not_35day_backtested
290100032_,шт,3.178468173752405,IEK,2026-09-23,35,approximate,uniform_within_month;recursive_future_months;not_35day_backtested
290100033_,шт,5.508862525723034,IEK,2026-09-23,35,approximate,uniform_within_month;recursive_future_months;not_35day_backtested
290100034_,шт,9.918307666832058,IEK,2026-09-23,35,approximate,uniform_within_month;recursive_future_months;not_35day_backtested
290100035_,шт,,IEK,2026-09-23,35,insufficient_history,uniform_within_month;recursive_future_months;not_35day_backtested
290100036_,шт,4.072422832337629,IEK,2026-09-23,35,approximate,uniform_within_month;recursive_future_months;not_35day_backtested
290100041_,,,IEK,2026-09-23,35,insufficient_history,uniform_within_month;recursive_future_months;not_35day_backtested
290100101_,шт,13.832460375096511,IEK,2026-09-23,35,approximate,uniform_within_month;recursive_future_months;not_35day_backtested
290100107_,,,IEK,2026-09-23,35,insufficient_history,uniform_within_month;recursive_future_months;not_35day_backtested
290100110_,шт,3.121181768591639,IEK,2026-09-23,35,approximate,uniform_within_month;recursive_future_months;not_35day_backtested
290100122_,шт,,IEK,2026-09-23,35,insufficient_history,uniform_within_month;recursive_future_months;not_35day_backtested
290100132_,шт,4.875360358907464,IEK,2026-09-23,35,approximate,uniform_within_month;recursive_future_months;not_35day_backtested
290100133_,шт,3.670169875780072,IEK,2026-09-23,35,approximate,uniform_within_month;recursive_future_months;not_35day_backtested
290100134_,шт,4.305580667010914,IEK,2026-09-23,35,approximate,uniform_within_month;recursive_future_months;not_35day_backtested
290100135_,шт,4.571832169668038,IEK,2026-09-23,35,approximate,uniform_within_month;recursive_future_months;not_35day_backtested
290100136_,шт,4.8077347988367025,IEK,2026-09-23,35,approximate,uniform_within_month;recursive_future_months;not_35day_backtested
290100137_,шт,3.3030634440372197,IEK,2026-09-23,35,approximate,uniform_within_month;recursive_future_months;not_35day_backtested
290100138_,шт,3.9498417486809103,IEK,2026-09-23,35,approximate,uniform_within_month;recursive_future_months;not_35day_backtested
290100139_,шт,3.065996466908495,IEK,2026-09-23,35,approximate,uniform_within_month;recursive_future_months;not_35day_backtested
290100140_,шт,3.5596174925516704,IEK,2026-09-23,35,approximate,uniform_within_month;recursive_future_months;not_35day_backtested
290100141_,шт,6.182808919805809,IEK,2026-09-23,35,approximate,uniform_within_month;recursive_future_months;not_35day_backtested
290100142_,шт,6.365542773994537,IEK,2026-09-23,35,approximate,uniform_within_month;recursive_future_months;not_35day_backtested
290100143_,шт,3.870610557168699,IEK,2026-09-23,35,approximate,uniform_within_month;recursive_future_months;not_35day_backtested
290100144_,шт,3.3563606703149835,IEK,2026-09-23,35,approximate,uniform_within_month;recursive_future_months;not_35day_backtested
290100145_,шт,3.536903082303954,IEK,2026-09-23,35,approximate,uniform_within_month;recursive_future_months;not_35day_backtested
290100146_,шт,4.909895370529184,IEK,2026-09-23,35,approximate,uniform_within_month;recursive_future_months;not_35day_backtested
290100147_,шт,6.906202471998768,IEK,2026-09-23,35,approximate,uniform_within_month;recursive_future_months;not_35day_backtested
290100148_,шт,2.7511427036659044,IEK,2026-09-23,35,approximate,uniform_within_month;recursive_future_months;not_35day_backtested
290200005_,шт,3.032587136890913,IEK,2026-09-23,35,approximate,uniform_within_month;recursive_future_months;not_35day_backtested
290200006_,шт,8.963814990272223,IEK,2026-09-23,35,approximate,uniform_within_month;recursive_future_months;not_35day_backtested
290200008_,шт,5.126351943508767,IEK,2026-09-23,35,approximate,uniform_within_month;recursive_future_months;not_35day_backtested
290200009_,шт,3.3314481483319307,IEK,2026-09-23,35,approximate,uniform_within_month;recursive_future_months;not_35day_backtested
290200030_,шт,,IEK,2026-09-23,35,insufficient_history,uniform_within_month;recursive_future_months;not_35day_backtested
290200068_,шт,,IEK,2026-09-23,35,insufficient_history,uniform_within_month;recursive_future_months;not_35day_backtested
290200126_,шт,2.5892262114485405,IEK,2026-09-23,35,approximate,uniform_within_month;recursive_future_months;not_35day_backtested
290200127_,шт,4.795554588945247,IEK,2026-09-23,35,approximate,uniform_within_month;recursive_future_months;not_35day_backtested
290200128_,шт,,IEK,2026-09-23,35,insufficient_history,uniform_within_month;recursive_future_months;not_35day_backtested
290200129_,шт,,IEK,2026-09-23,35,insufficient_history,uniform_within_month;recursive_future_months;not_35day_backtested
290200130_,шт,3.0223826310414936,IEK,2026-09-23,35,approximate,uniform_within_month;recursive_future_months;not_35day_backtested
290200131_,шт,2.8930393025959376,IEK,2026-09-23,35,approximate,uniform_within_month;recursive_future_months;not_35day_backtested
311101034_,,,IEK,2026-09-23,35,insufficient_history,uniform_within_month;recursive_future_months;not_35day_backtested
311101217_,упак,,IEK,2026-09-23,35,insufficient_history,uniform_within_month;recursive_future_months;not_35day_backtested
311101218_,упак,1.9936353947441199,IEK,2026-09-23,35,approximate,uniform_within_month;recursive_future_months;not_35day_backtested
311101219_,упак,,IEK,2026-09-23,35,insufficient_history,uniform_within_month;recursive_future_months;not_35day_backtested
311101220_,,,IEK,2026-09-23,35,insufficient_history,uniform_within_month;recursive_future_months;not_35day_backtested
311101221_,упак,2.6528120504397883,IEK,2026-09-23,35,approximate,uniform_within_month;recursive_future_months;not_35day_backtested
311101222_,упак,2.4789612676683923,IEK,2026-09-23,35,approximate,uniform_within_month;recursive_future_months;not_35day_backtested
311101224_,упак,,IEK,2026-09-23,35,insufficient_history,uniform_within_month;recursive_future_months;not_35day_backtested
311101225_,упак,2.6579796368478994,IEK,2026-09-23,35,approximate,uniform_within_month;recursive_future_months;not_35day_backtested
311101227_,упак,,IEK,2026-09-23,35,insufficient_history,uniform_within_month;recursive_future_months;not_35day_backtested
311101228_,упак,,IEK,2026-09-23,35,insufficient_history,uniform_within_month;recursive_future_months;not_35day_backtested
311101232_,упак,2.0009797705134282,IEK,2026-09-23,35,approximate,uniform_within_month;recursive_future_months;not_35day_backtested
311101233_,,,IEK,2026-09-23,35,insufficient_history,uniform_within_month;recursive_future_months;not_35day_backtested
311101234_,,,IEK,2026-09-23,35,insufficient_history,uniform_within_month;recursive_future_months;not_35day_backtested
311101235_,упак,2.6579796368478994,IEK,2026-09-23,35,approximate,uniform_within_month;recursive_future_months;not_35day_backtested
311101236_,упак,2.0009797705134282,IEK,2026-09-23,35,approximate,uniform_within_month;recursive_future_months;not_35day_backtested
311101237_,упак,6.105523560072115,IEK,2026-09-23,35,approximate,uniform_within_month;recursive_future_months;not_35day_backtested
311101238_,упак,3.291697401158754,IEK,2026-09-23,35,approximate,uniform_within_month;recursive_future_months;not_35day_backtested
5250600034_,шт,,IEK,2026-09-23,35,insufficient_history,uniform_within_month;recursive_future_months;not_35day_backtested
A650-33E055TM,шт,,IEK,2026-09-23,35,insufficient_history,uniform_within_month;recursive_future_months;not_35day_backtested
AR-KMR10-040-20-230,шт,,IEK,2026-09-23,35,insufficient_history,uniform_within_month;recursive_future_months;not_35day_backtested
AR-KMR10-040-40-230,шт,4.447677897136612,IEK,2026-09-23,35,approximate,uniform_within_month;recursive_future_months;not_35day_backtested
AR-KMR10-063-22-230,шт,,IEK,2026-09-23,35,insufficient_history,uniform_within_month;recursive_future_months;not_35day_backtested
AR-KMR10-063-40-230,шт,,IEK,2026-09-23,35,insufficient_history,uniform_within_month;recursive_future_months;not_35day_backtested
AR-M06N-4-C025,шт,,IEK,2026-09-23,35,insufficient_history,uniform_within_month;recursive_future_months;not_35day_backtested
AR-M06N-4-C032,шт,,IEK,2026-09-23,35,insufficient_history,uniform_within_month;recursive_future_months;not_35day_backtested
BBD10-APBB-K51_,шт,,IEK,2026-09-23,35,insufficient_history,uniform_within_month;recursive_future_months;not_35day_backtested
BR-AK20-1-K35,шт,,IEK,2026-09-23,35,insufficient_history,uniform_within_month;recursive_future_months;not_35day_backtested
BR-AK20-1-K35_,шт,,IEK,2026-09-23,35,insufficient_history,uniform_within_month;recursive_future_months;not_35day_backtested
BR-AK20-1-K53,шт,,IEK,2026-09-23,35,insufficient_history,uniform_within_month;recursive_future_months;not_35day_backtested
BR-D20-0600-K37,шт,,IEK,2026-09-23,35,insufficient_history,uniform_within_month;recursive_future_months;not_35day_backtested
BR-H10-K37,шт,,IEK,2026-09-23,35,insufficient_history,uniform_within_month;recursive_future_months;not_35day_backtested
BR-H10-K46,шт,,IEK,2026-09-23,35,insufficient_history,uniform_within_month;recursive_future_months;not_35day_backtested
BR-K20-1-K35,шт,3.4179379509760057,IEK,2026-09-23,35,approximate,uniform_within_month;recursive_future_months;not_35day_backtested
BR-K20-1-K36,шт,,IEK,2026-09-23,35,insufficient_history,uniform_within_month;recursive_future_months;not_35day_backtested
BR-K20-1-K45,шт,4.800605374813137,IEK,2026-09-23,35,approximate,uniform_within_month;recursive_future_months;not_35day_backtested
BR-KT20-O-1-K10,шт,,IEK,2026-09-23,35,insufficient_history,uniform_within_month;recursive_future_months;not_35day_backtested
BR-KT20-O-1-K45,шт,,IEK,2026-09-23,35,insufficient_history,uniform_within_month;recursive_future_months;not_35day_backtested
BR-M12-G-31-K96,шт,,IEK,2026-09-23,35,insufficient_history,uniform_within_month;recursive_future_months;not_35day_backtested
BR-M12-G-41-K06,шт,,IEK,2026-09-23,35,insufficient_history,uniform_within_month;recursive_future_months;not_35day_backtested
BR-M22-G-31-K96,шт,,IEK,2026-09-23,35,insufficient_history,uniform_within_month;recursive_future_months;not_35day_backtested
BR-MS10-N-150-05-K37,,,IEK,2026-09-23,35,insufficient_history,uniform_within_month;recursive_future_months;not_35day_backtested
BR-R16-16-44-K02_,шт,,IEK,2026-09-23,35,insufficient_history,uniform_within_month;recursive_future_months;not_35day_backtested
BR-R16-16-44-K37,шт,5.645341770030132,IEK,2026-09-23,35,approximate,uniform_within_month;recursive_future_months;not_35day_backtested
BR-R16-16-44-K45,,,IEK,2026-09-23,35,insufficient_history,uniform_within_month;recursive_future_months;not_35day_backtested
BR-R16-16-44-K46,шт,,IEK,2026-09-23,35,insufficient_history,uniform_within_month;recursive_future_months;not_35day_backtested
BR-R16-16-K10,,,IEK,2026-09-23,35,insufficient_history,uniform_within_month;recursive_future_months;not_35day_backtested
BR-R16-16-K37,,,IEK,2026-09-23,35,insufficient_history,uniform_within_month;recursive_future_months;not_35day_backtested
BR-R26-16-44-K02-F,шт,,IEK,2026-09-23,35,insufficient_history,uniform_within_month;recursive_future_months;not_35day_backtested
BR-R26-16-44-K37-F,шт,,IEK,2026-09-23,35,insufficient_history,uniform_within_month;recursive_future_months;not_35day_backtested
BR-R26-16-44-K45-F,,,IEK,2026-09-23,35,insufficient_history,uniform_within_month;recursive_future_months;not_35day_backtested
BR-R26-16-44-K46-F,,,IEK,2026-09-23,35,insufficient_history,uniform_within_month;recursive_future_months;not_35day_backtested
BR-RT11-K10,шт,3.97618202943064,IEK,2026-09-23,35,approximate,uniform_within_month;recursive_future_months;not_35day_backtested
BR-U21-D31-K35,шт,,IEK,2026-09-23,35,insufficient_history,uniform_within_month;recursive_future_months;not_35day_backtested
BR-U21-D31-K37,шт,2.299316353823375,IEK,2026-09-23,35,approximate,uniform_within_month;recursive_future_months;not_35day_backtested
BR-U21-D31-K46,шт,,IEK,2026-09-23,35,insufficient_history,uniform_within_month;recursive_future_months;not_35day_backtested
BR-VK10-0-K10,,,IEK,2026-09-23,35,insufficient_history,uniform_within_month;recursive_future_months;not_35day_backtested
BR-VK10-0-K36,,,IEK,2026-09-23,35,insufficient_history,uniform_within_month;recursive_future_months;not_35day_backtested
BR-VK10-0-K37,,,IEK,2026-09-23,35,insufficient_history,uniform_within_month;recursive_future_months;not_35day_backtested
BR-VK10-0-K45,,,IEK,2026-09-23,35,insufficient_history,uniform_within_month;recursive_future_months;not_35day_backtested
CKK10-025-016-1-K01-,м,,IEK,2026-09-23,35,insufficient_history,uniform_within_month;recursive_future_months;not_35day_backtested
CKK10-025-016-1-K24_,,,IEK,2026-09-23,35,insufficient_history,uniform_within_month;recursive_future_months;not_35day_backtested
CKK10-025-016-1-K28_,м,,IEK,2026-09-23,35,insufficient_history,uniform_within_month;recursive_future_months;not_35day_backtested
CKK10-025-016-1-K34_,м,,IEK,2026-09-23,35,insufficient_history,uniform_within_month;recursive_future_months;not_35day_backtested
CKK10-025-025-1-K01-,м,,IEK,2026-09-23,35,insufficient_history,uniform_within_month;recursive_future_months;not_35day_backtested
CKK10-040-025-1-K01-,м,,IEK,2026-09-23,35,insufficient_history,uniform_within_month;recursive_future_months;not_35day_backtested
CKK10-040-025-1-K24_,м,,IEK,2026-09-23,35,insufficient_history,uniform_within_month;recursive_future_months;not_35day_backtested
CKK10-040-025-1-K28_,м,,IEK,2026-09-23,35,insufficient_history,uniform_within_month;recursive_future_months;not_35day_backtested
CKK10-040-025-1-K34_,м,,IEK,2026-09-23,35,insufficient_history,uniform_within_month;recursive_future_months;not_35day_backtested
CKK10-060-040-1-K01-,м,,IEK,2026-09-23,35,insufficient_history,uniform_within_month;recursive_future_months;not_35day_backtested
CKK10-100-060-1-K01,м,,IEK,2026-09-23,35,insufficient_history,uniform_within_month;recursive_future_months;not_35day_backtested
CLM50D-PPP-030-15,шт,,IEK,2026-09-23,35,insufficient_history,uniform_within_month;recursive_future_months;not_35day_backtested
CLM50D-PPP-050-15,шт,,IEK,2026-09-23,35,insufficient_history,uniform_within_month;recursive_future_months;not_35day_backtested
CLM50D-PPP-060-25,шт,,IEK,2026-09-23,35,insufficient_history,uniform_within_month;recursive_future_months;not_35day_backtested
CLM50D-PPP-300-25,шт,,IEK,2026-09-23,35,insufficient_history,uniform_within_month;recursive_future_months;not_35day_backtested
CLM50D-RP-080-30,шт,,IEK,2026-09-23,35,insufficient_history,uniform_within_month;recursive_future_months;not_35day_backtested
CLP10-080-150-3,м,,IEK,2026-09-23,35,insufficient_history,uniform_within_month;recursive_future_months;not_35day_backtested
CLP1CL-300-1,шт,,IEK,2026-09-23,35,insufficient_history,uniform_within_month;recursive_future_months;not_35day_backtested
CLP1M-SHU-6,шт,,IEK,2026-09-23,35,insufficient_history,uniform_within_month;recursive_future_months;not_35day_backtested
CLP1SH-050,шт,,IEK,2026-09-23,35,insufficient_history,uniform_within_month;recursive_future_months;not_35day_backtested
CLP1V-100-200,шт,,IEK,2026-09-23,35,insufficient_history,uniform_within_month;recursive_future_months;not_35day_backtested
CLP1Z-050-200,шт,,IEK,2026-09-23,35,insufficient_history,uniform_within_month;recursive_future_months;not_35day_backtested
CLW10-TM-06-1-R,шт,,IEK,2026-09-23,35,insufficient_history,uniform_within_month;recursive_future_months;not_35day_backtested
CLW10-TM-08-1-R,шт,,IEK,2026-09-23,35,insufficient_history,uniform_within_month;recursive_future_months;not_35day_backtested
CLW10-TM-08-2-R,шт,,IEK,2026-09-23,35,insufficient_history,uniform_within_month;recursive_future_months;not_35day_backtested
CLW10-VR-100,шт,,IEK,2026-09-23,35,insufficient_history,uniform_within_month;recursive_future_months;not_35day_backtested
CMZ11-VT-06-030,шт,,IEK,2026-09-23,35,insufficient_history,uniform_within_month;recursive_future_months;not_35day_backtested
CNT-A310D33V93-110TE,шт,,IEK,2026-09-23,35,insufficient_history,uniform_within_month;recursive_future_months;not_35day_backtested
CO05-07542-R,шт,,IEK,2026-09-23,35,insufficient_history,uniform_within_month;recursive_future_months;not_35day_backtested
CS3-1C6AF-Q,шт,,IEK,2026-09-23,35,insufficient_history,uniform_within_month;recursive_future_months;not_35day_backtested
CTA10D-CF16-K41-100,шт,,IEK,2026-09-23,35,insufficient_history,uniform_within_month;recursive_future_months;not_35day_backtested
CTA10D-CF20-K41-100,шт,,IEK,2026-09-23,35,insufficient_history,uniform_within_month;recursive_future_months;not_35day_backtested
EL-KK10-025-016-1-K0,м,,IEK,2026-09-23,35,insufficient_history,uniform_within_month;recursive_future_months;not_35day_backtested
EL-KK10-025-025-1-K0,м,,IEK,2026-09-23,35,insufficient_history,uniform_within_month;recursive_future_months;not_35day_backtested
EL-KK10-040-025-1-K0,м,,IEK,2026-09-23,35,insufficient_history,uniform_within_month;recursive_future_months;not_35day_backtested
EL-KK10-060-040-1-K0,м,,IEK,2026-09-23,35,insufficient_history,uniform_within_month;recursive_future_months;not_35day_backtested
EL-KK10-100-060-1-K0,м,,IEK,2026-09-23,35,insufficient_history,uniform_within_month;recursive_future_months;not_35day_backtested
EPK10-04-02-K01,шт,12.019286142914527,IEK,2026-09-23,35,approximate,uniform_within_month;recursive_future_months;not_35day_backtested
EPK20-04-02-K01,шт,,IEK,2026-09-23,35,insufficient_history,uniform_within_month;recursive_future_months;not_35day_backtested
EPP14-04-01-K01,шт,115.98800836379982,IEK,2026-09-23,35,approximate,uniform_within_month;recursive_future_months;not_35day_backtested
EPP14-04-01-K02,шт,69.38320961996237,IEK,2026-09-23,35,approximate,uniform_within_month;recursive_future_months;not_35day_backtested
ERO14-K01-16-DC,шт,,IEK,2026-09-23,35,insufficient_history,uniform_within_month;recursive_future_months;not_35day_backtested
FP-K10-2-K03,шт,,IEK,2026-09-23,35,insufficient_history,uniform_within_month;recursive_future_months;not_35day_backtested
FP-K10-2-K10,шт,,IEK,2026-09-23,35,insufficient_history,uniform_within_month;recursive_future_months;not_35day_backtested
FP-R14-16-1-K03,шт,,IEK,2026-09-23,35,insufficient_history,uniform_within_month;recursive_future_months;not_35day_backtested
FP-R14-16-1-K10,шт,,IEK,2026-09-23,35,insufficient_history,uniform_within_month;recursive_future_months;not_35day_backtested
FP-V10-0-10-1-K03,шт,,IEK,2026-09-23,35,insufficient_history,uniform_within_month;recursive_future_months;not_35day_backtested
FP-V10-0-10-1-K10,шт,,IEK,2026-09-23,35,insufficient_history,uniform_within_month;recursive_future_months;not_35day_backtested
FP-V12-0-10-1-K03,шт,,IEK,2026-09-23,35,insufficient_history,uniform_within_month;recursive_future_months;not_35day_backtested
FP-V12-0-10-1-K10,шт,,IEK,2026-09-23,35,insufficient_history,uniform_within_month;recursive_future_months;not_35day_backtested
FP-V13-0-10-1-K03,шт,,IEK,2026-09-23,35,insufficient_history,uniform_within_month;recursive_future_months;not_35day_backtested
FP-V13-0-10-1-K10,шт,,IEK,2026-09-23,35,insufficient_history,uniform_within_month;recursive_future_months;not_35day_backtested
FP-V20-0-10-1-K03,шт,,IEK,2026-09-23,35,insufficient_history,uniform_within_month;recursive_future_months;not_35day_backtested
FP-V20-0-10-1-K10,шт,,IEK,2026-09-23,35,insufficient_history,uniform_within_month;recursive_future_months;not_35day_backtested
IPA10-6-0030-E,шт,,IEK,2026-09-23,35,insufficient_history,uniform_within_month;recursive_future_months;not_35day_backtested
IPA10-6-0075-E,шт,,IEK,2026-09-23,35,insufficient_history,uniform_within_month;recursive_future_months;not_35day_backtested
KKM11-012-024-10,шт,,IEK,2026-09-23,35,insufficient_history,uniform_within_month;recursive_future_months;not_35day_backtested
KKM21-025-110-01,шт,,IEK,2026-09-23,35,insufficient_history,uniform_within_month;recursive_future_months;not_35day_backtested
LBAL001,шт,,IEK,2026-09-23,35,insufficient_history,uniform_within_month;recursive_future_months;not_35day_backtested
LDBO0-4013-18-6500-K,шт,,IEK,2026-09-23,35,insufficient_history,uniform_within_month;recursive_future_months;not_35day_backtested
LLE-A60-12-24-48-40-,шт,,IEK,2026-09-23,35,insufficient_history,uniform_within_month;recursive_future_months;not_35day_backtested
LLE-T80-12-230-40-GX,шт,,IEK,2026-09-23,35,insufficient_history,uniform_within_month;recursive_future_months;not_35day_backtested
LLE-T80-12-230-65-GX,шт,,IEK,2026-09-23,35,insufficient_history,uniform_within_month;recursive_future_months;not_35day_backtested
MAD10-4-016-C-100,шт,,IEK,2026-09-23,35,insufficient_history,uniform_within_month;recursive_future_months;not_35day_backtested
MDV11-2-025-030,шт,,IEK,2026-09-23,35,insufficient_history,uniform_within_month;recursive_future_months;not_35day_backtested
MKK11-20-22,,,IEK,2026-09-23,35,insufficient_history,uniform_within_month;recursive_future_months;not_35day_backtested
MKK11-40-11,,,IEK,2026-09-23,35,insufficient_history,uniform_within_month;recursive_future_months;not_35day_backtested
MKK11-63-20,,,IEK,2026-09-23,35,insufficient_history,uniform_within_month;recursive_future_months;not_35day_backtested
MKK12-20-20,шт,,IEK,2026-09-23,35,insufficient_history,uniform_within_month;recursive_future_months;not_35day_backtested
MKM42-02-31-WW-L,шт,,IEK,2026-09-23,35,insufficient_history,uniform_within_month;recursive_future_months;not_35day_backtested
MKP73-N-12-66,шт,,IEK,2026-09-23,35,insufficient_history,uniform_within_month;recursive_future_months;not_35day_backtested
MNV10-1-040,шт,,IEK,2026-09-23,35,insufficient_history,uniform_within_month;recursive_future_months;not_35day_backtested
MNV10-3-125,шт,2.533653795000707,IEK,2026-09-23,35,approximate,uniform_within_month;recursive_future_months;not_35day_backtested
MPR10-1-050,шт,,IEK,2026-09-23,35,insufficient_history,uniform_within_month;recursive_future_months;not_35day_backtested
MPR10-4-050,шт,,IEK,2026-09-23,35,insufficient_history,uniform_within_month;recursive_future_months;not_35day_backtested
MVA20-1-D05-C,шт,,IEK,2026-09-23,35,insufficient_history,uniform_within_month;recursive_future_months;not_35day_backtested
MVA20-3-013-C,шт,,IEK,2026-09-23,35,insufficient_history,uniform_within_month;recursive_future_months;not_35day_backtested
MVA31-1-006-B,шт,,IEK,2026-09-23,35,insufficient_history,uniform_within_month;recursive_future_months;not_35day_backtested
MVA31-1-006-C,шт,,IEK,2026-09-23,35,insufficient_history,uniform_within_month;recursive_future_months;not_35day_backtested
MVA31-2-050-C,шт,,IEK,2026-09-23,35,insufficient_history,uniform_within_month;recursive_future_months;not_35day_backtested
MVA31-3-025-B,шт,,IEK,2026-09-23,35,insufficient_history,uniform_within_month;recursive_future_months;not_35day_backtested
MVA31-3-025-C,шт,,IEK,2026-09-23,35,insufficient_history,uniform_within_month;recursive_future_months;not_35day_backtested
MVA31-3-063-B,шт,,IEK,2026-09-23,35,insufficient_history,uniform_within_month;recursive_future_months;not_35day_backtested
MVA50-3-100-D,шт,,IEK,2026-09-23,35,insufficient_history,uniform_within_month;recursive_future_months;not_35day_backtested
OPS-DC24-060B,шт,,IEK,2026-09-23,35,insufficient_history,uniform_within_month;recursive_future_months;not_35day_backtested
ORI-01-05,шт,,IEK,2026-09-23,35,insufficient_history,uniform_within_month;recursive_future_months;not_35day_backtested
ORI-01-5,шт,,IEK,2026-09-23,35,insufficient_history,uniform_within_month;recursive_future_months;not_35day_backtested
ORL-02-ACDC24-240V,шт,,IEK,2026-09-23,35,insufficient_history,uniform_within_month;recursive_future_months;not_35day_backtested
ORT-ST-ACDC12-240V,шт,,IEK,2026-09-23,35,insufficient_history,uniform_within_month;recursive_future_months;not_35day_backtested
PLR-S-CPU-1410,шт,,IEK,2026-09-23,35,insufficient_history,uniform_within_month;recursive_future_months;not_35day_backtested
PLR-S-CPU-1410R-AC-B,шт,,IEK,2026-09-23,35,insufficient_history,uniform_within_month;recursive_future_months;not_35day_backtested
PSN12-032-5,,,IEK,2026-09-23,35,insufficient_history,uniform_within_month;recursive_future_months;not_35day_backtested
RRP10-4-10-220A-LED,шт,,IEK,2026-09-23,35,insufficient_history,uniform_within_month;recursive_future_months;not_35day_backtested
SFB-33-75-A-00,шт,,IEK,2026-09-23,35,insufficient_history,uniform_within_month;recursive_future_months;not_35day_backtested
SRP-10-3-160,шт,,IEK,2026-09-23,35,insufficient_history,uniform_within_month;recursive_future_months;not_35day_backtested
SVA10D-ADK-1,шт,,IEK,2026-09-23,35,insufficient_history,uniform_within_month;recursive_future_months;not_35day_backtested
SVA30D-ADK-1,шт,,IEK,2026-09-23,35,insufficient_history,uniform_within_month;recursive_future_months;not_35day_backtested
SVA50D-ADK-1,шт,,IEK,2026-09-23,35,insufficient_history,uniform_within_month;recursive_future_months;not_35day_backtested
UKO10-240-195-090-K4,,,IEK,2026-09-23,35,insufficient_history,uniform_within_month;recursive_future_months;not_35day_backtested
UKO10-240-195-165-K4,,,IEK,2026-09-23,35,insufficient_history,uniform_within_month;recursive_future_months;not_35day_backtested
UNL10-D25-4-4,упак,3.6565038847328606,IEK,2026-09-23,35,approximate,uniform_within_month;recursive_future_months;not_35day_backtested
UNL20-006-6-5,упак,2.4397548498588,IEK,2026-09-23,35,approximate,uniform_within_month;recursive_future_months;not_35day_backtested
UZA-25-D16,шт,,IEK,2026-09-23,35,insufficient_history,uniform_within_month;recursive_future_months;not_35day_backtested
WUP20-02-K02,,,IEK,2026-09-23,35,insufficient_history,uniform_within_month;recursive_future_months;not_35day_backtested
WYP53-16-05-03-ZK,шт,,IEK,2026-09-23,35,insufficient_history,uniform_within_month;recursive_future_months;not_35day_backtested
YIS40-3-370,шт,,IEK,2026-09-23,35,insufficient_history,uniform_within_month;recursive_future_months;not_35day_backtested
YIS42-3-200,шт,,IEK,2026-09-23,35,insufficient_history,uniform_within_month;recursive_future_months;not_35day_backtested
YKM40-PN-530,шт,,IEK,2026-09-23,35,insufficient_history,uniform_within_month;recursive_future_months;not_35day_backtested
YKV10-UV-1750,шт,,IEK,2026-09-23,35,insufficient_history,uniform_within_month;recursive_future_months;not_35day_backtested
YZN20-004-K52,шт,,IEK,2026-09-23,35,insufficient_history,uniform_within_month;recursive_future_months;not_35day_backtested
YZN30-002-K03,,,IEK,2026-09-23,35,insufficient_history,uniform_within_month;recursive_future_months;not_35day_backtested
Р654654528,шт,,IEK,2026-09-23,35,insufficient_history,uniform_within_month;recursive_future_months;not_35day_backtested
ЩУРн-3/18,шт,,IEK,2026-09-23,35,insufficient_history,uniform_within_month;recursive_future_months;not_35day_backtested
нов03200_,шт,3.453039709479428,IEK,2026-09-23,35,approximate,uniform_within_month;recursive_future_months;not_35day_backtested
нов1932,шт,,IEK,2026-09-23,35,insufficient_history,uniform_within_month;recursive_future_months;not_35day_backtested
нов26740,шт,,IEK,2026-09-23,35,insufficient_history,uniform_within_month;recursive_future_months;not_35day_backtested
нов3227,шт,,IEK,2026-09-23,35,insufficient_history,uniform_within_month;recursive_future_months;not_35day_backtested
нов3368,шт,,IEK,2026-09-23,35,insufficient_history,uniform_within_month;recursive_future_months;not_35day_backtested
нов3370_,шт,,IEK,2026-09-23,35,insufficient_history,uniform_within_month;recursive_future_months;not_35day_backtested
нов3392,шт,,IEK,2026-09-23,35,insufficient_history,uniform_within_month;recursive_future_months;not_35day_backtested
нов3393,шт,,IEK,2026-09-23,35,insufficient_history,uniform_within_month;recursive_future_months;not_35day_backtested
нов3394,шт,,IEK,2026-09-23,35,insufficient_history,uniform_within_month;recursive_future_months;not_35day_backtested
нов3396,шт,8.465350242855841,IEK,2026-09-23,35,approximate,uniform_within_month;recursive_future_months;not_35day_backtested
нов99190,шт,,IEK,2026-09-23,35,insufficient_history,uniform_within_month;recursive_future_months;not_35day_backtested
ст-99272_80,м,,IEK,2026-09-23,35,insufficient_history,uniform_within_month;recursive_future_months;not_35day_backtested
ст-9948468,шт,49.60766693477794,IEK,2026-09-23,35,approximate,uniform_within_month;recursive_future_months;not_35day_backtested
ст-9949019,шт,,IEK,2026-09-23,35,insufficient_history,uniform_within_month;recursive_future_months;not_35day_backtested
ст-9949056,шт,,IEK,2026-09-23,35,insufficient_history,uniform_within_month;recursive_future_months;not_35day_backtested
ст-9949156,шт,,IEK,2026-09-23,35,insufficient_history,uniform_within_month;recursive_future_months;not_35day_backtested
ст-9949157,шт,,IEK,2026-09-23,35,insufficient_history,uniform_within_month;recursive_future_months;not_35day_backtested
ст-9949234,шт,,IEK,2026-09-23,35,insufficient_history,uniform_within_month;recursive_future_months;not_35day_backtested
ст-9949327,шт,,IEK,2026-09-23,35,insufficient_history,uniform_within_month;recursive_future_months;not_35day_backtested
ст-9949953,шт,,IEK,2026-09-23,35,insufficient_history,uniform_within_month;recursive_future_months;not_35day_backtested
ст-9950070,м,,IEK,2026-09-23,35,insufficient_history,uniform_within_month;recursive_future_months;not_35day_backtested
ст-9950184,шт,4.447677897136612,IEK,2026-09-23,35,approximate,uniform_within_month;recursive_future_months;not_35day_backtested
ст-9950300,шт,,IEK,2026-09-23,35,insufficient_history,uniform_within_month;recursive_future_months;not_35day_backtested
ст-9950470,упак,,IEK,2026-09-23,35,insufficient_history,uniform_within_month;recursive_future_months;not_35day_backtested
ст-9950702,шт,,IEK,2026-09-23,35,insufficient_history,uniform_within_month;recursive_future_months;not_35day_backtested
ст-9950706,шт,,IEK,2026-09-23,35,insufficient_history,uniform_within_month;recursive_future_months;not_35day_backtested
ст-9950851,шт,,IEK,2026-09-23,35,insufficient_history,uniform_within_month;recursive_future_months;not_35day_backtested
ст-9951101,м,,IEK,2026-09-23,35,insufficient_history,uniform_within_month;recursive_future_months;not_35day_backtested
ст-9951102,шт,,IEK,2026-09-23,35,insufficient_history,uniform_within_month;recursive_future_months;not_35day_backtested
ст-9951103,шт,,IEK,2026-09-23,35,insufficient_history,uniform_within_month;recursive_future_months;not_35day_backtested
ст-9951104,шт,4.273986943992828,IEK,2026-09-23,35,approximate,uniform_within_month;recursive_future_months;not_35day_backtested
ст-9951105,шт,4.238370785235336,IEK,2026-09-23,35,approximate,uniform_within_month;recursive_future_months;not_35day_backtested
ст-9951106,шт,,IEK,2026-09-23,35,insufficient_history,uniform_within_month;recursive_future_months;not_35day_backtested
ст-9951285,шт,,IEK,2026-09-23,35,insufficient_history,uniform_within_month;recursive_future_months;not_35day_backtested
ст-9951311,шт,,IEK,2026-09-23,35,insufficient_history,uniform_within_month;recursive_future_months;not_35day_backtested
ст-9951312,шт,,IEK,2026-09-23,35,insufficient_history,uniform_within_month;recursive_future_months;not_35day_backtested
ст-9951313,шт,,IEK,2026-09-23,35,insufficient_history,uniform_within_month;recursive_future_months;not_35day_backtested
ст-9951436,шт,3.5651360759915094,IEK,2026-09-23,35,approximate,uniform_within_month;recursive_future_months;not_35day_backtested
ст-9951446,шт,,IEK,2026-09-23,35,insufficient_history,uniform_within_month;recursive_future_months;not_35day_backtested
ст-9951480,шт,,IEK,2026-09-23,35,insufficient_history,uniform_within_month;recursive_future_months;not_35day_backtested
ст-9951729,шт,,IEK,2026-09-23,35,insufficient_history,uniform_within_month;recursive_future_months;not_35day_backtested
ст-9951887,шт,,IEK,2026-09-23,35,insufficient_history,uniform_within_month;recursive_future_months;not_35day_backtested
ст-9951895,шт,,IEK,2026-09-23,35,insufficient_history,uniform_within_month;recursive_future_months;not_35day_backtested
ст-9951984,шт,,IEK,2026-09-23,35,insufficient_history,uniform_within_month;recursive_future_months;not_35day_backtested
ст-9951998,шт,13.172214444772608,IEK,2026-09-23,35,approximate,uniform_within_month;recursive_future_months;not_35day_backtested
ст-9952041,шт,,IEK,2026-09-23,35,insufficient_history,uniform_within_month;recursive_future_months;not_35day_backtested
ст-9952106,шт,,IEK,2026-09-23,35,insufficient_history,uniform_within_month;recursive_future_months;not_35day_backtested
ст-9952210,шт,,IEK,2026-09-23,35,insufficient_history,uniform_within_month;recursive_future_months;not_35day_backtested
ст-9952368,шт,,IEK,2026-09-23,35,insufficient_history,uniform_within_month;recursive_future_months;not_35day_backtested
ст-9952399,шт,12.190087632137734,IEK,2026-09-23,35,approximate,uniform_within_month;recursive_future_months;not_35day_backtested
ст-9952430,шт,9.067482124136594,IEK,2026-09-23,35,approximate,uniform_within_month;recursive_future_months;not_35day_backtested
ст-9952431,шт,4.465031944371501,IEK,2026-09-23,35,approximate,uniform_within_month;recursive_future_months;not_35day_backtested
ст-9952440,шт,,IEK,2026-09-23,35,insufficient_history,uniform_within_month;recursive_future_months;not_35day_backtested
ст-9952441,шт,,IEK,2026-09-23,35,insufficient_history,uniform_within_month;recursive_future_months;not_35day_backtested
ст-9952475,м,,IEK,2026-09-23,35,insufficient_history,uniform_within_month;recursive_future_months;not_35day_backtested
ст-9952496,упак,,IEK,2026-09-23,35,insufficient_history,uniform_within_month;recursive_future_months;not_35day_backtested
ст-9952497,упак,8.493500699557421,IEK,2026-09-23,35,approximate,uniform_within_month;recursive_future_months;not_35day_backtested
ст-9952498,упак,,IEK,2026-09-23,35,insufficient_history,uniform_within_month;recursive_future_months;not_35day_backtested
ст-9952644,шт,,IEK,2026-09-23,35,insufficient_history,uniform_within_month;recursive_future_months;not_35day_backtested
ст-9952711,шт,,IEK,2026-09-23,35,insufficient_history,uniform_within_month;recursive_future_months;not_35day_backtested
ст-9953087,шт,,IEK,2026-09-23,35,insufficient_history,uniform_within_month;recursive_future_months;not_35day_backtested
ст-9953090,шт,,IEK,2026-09-23,35,insufficient_history,uniform_within_month;recursive_future_months;not_35day_backtested
ст-9953158,шт,,IEK,2026-09-23,35,insufficient_history,uniform_within_month;recursive_future_months;not_35day_backtested
ст-9953168,шт,,IEK,2026-09-23,35,insufficient_history,uniform_within_month;recursive_future_months;not_35day_backtested
ст-9953235,шт,,IEK,2026-09-23,35,insufficient_history,uniform_within_month;recursive_future_months;not_35day_backtested
ст-9953236,шт,3.858875628666298,IEK,2026-09-23,35,approximate,uniform_within_month;recursive_future_months;not_35day_backtested
ст-9953237,шт,,IEK,2026-09-23,35,insufficient_history,uniform_within_month;recursive_future_months;not_35day_backtested
ст-9953247,шт,,IEK,2026-09-23,35,insufficient_history,uniform_within_month;recursive_future_months;not_35day_backtested
ст-9953304,шт,,IEK,2026-09-23,35,insufficient_history,uniform_within_month;recursive_future_months;not_35day_backtested
ст-9953354,шт,,IEK,2026-09-23,35,insufficient_history,uniform_within_month;recursive_future_months;not_35day_backtested
ст-9953405,шт,,IEK,2026-09-23,35,insufficient_history,uniform_within_month;recursive_future_months;not_35day_backtested
ст-9953508,шт,4.217236796304842,IEK,2026-09-23,35,approximate,uniform_within_month;recursive_future_months;not_35day_backtested
щт-0000139,шт,,IEK,2026-09-23,35,insufficient_history,uniform_within_month;recursive_future_months;not_35day_backtested
щт-0000194,шт,,IEK,2026-09-23,35,insufficient_history,uniform_within_month;recursive_future_months;not_35day_backtested
щт-0000212,м,,IEK,2026-09-23,35,insufficient_history,uniform_within_month;recursive_future_months;not_35day_backtested
щт-0000350,шт,,IEK,2026-09-23,35,insufficient_history,uniform_within_month;recursive_future_months;not_35day_backtested
щт-0000417,шт,,IEK,2026-09-23,35,insufficient_history,uniform_within_month;recursive_future_months;not_35day_backtested
щт-0000418,шт,,IEK,2026-09-23,35,insufficient_history,uniform_within_month;recursive_future_months;not_35day_backtested
щт-0000861,шт,,IEK,2026-09-23,35,insufficient_history,uniform_within_month;recursive_future_months;not_35day_backtested
щт-0001014,шт,2.1220236424620573,IEK,2026-09-23,35,approximate,uniform_within_month;recursive_future_months;not_35day_backtested
щт-0001133,шт,,IEK,2026-09-23,35,insufficient_history,uniform_within_month;recursive_future_months;not_35day_backtested
щт-0001187,шт,,IEK,2026-09-23,35,insufficient_history,uniform_within_month;recursive_future_months;not_35day_backtested
щт-0001387,шт,,IEK,2026-09-23,35,insufficient_history,uniform_within_month;recursive_future_months;not_35day_backtested
щт-0001406,шт,,IEK,2026-09-23,35,insufficient_history,uniform_within_month;recursive_future_months;not_35day_backtested
щт-0001421,шт,,IEK,2026-09-23,35,insufficient_history,uniform_within_month;recursive_future_months;not_35day_backtested
щт-0001636,шт,,IEK,2026-09-23,35,insufficient_history,uniform_within_month;recursive_future_months;not_35day_backtested
щт-0001645,шт,,IEK,2026-09-23,35,insufficient_history,uniform_within_month;recursive_future_months;not_35day_backtested
щт-0001651,шт,,IEK,2026-09-23,35,insufficient_history,uniform_within_month;recursive_future_months;not_35day_backtested
щт-0001653,компл,,IEK,2026-09-23,35,insufficient_history,uniform_within_month;recursive_future_months;not_35day_backtested
щт-0001654,шт,,IEK,2026-09-23,35,insufficient_history,uniform_within_month;recursive_future_months;not_35day_backtested
щт-0001786,шт,,IEK,2026-09-23,35,insufficient_history,uniform_within_month;recursive_future_months;not_35day_backtested
щт-0001802,шт,,IEK,2026-09-23,35,insufficient_history,uniform_within_month;recursive_future_months;not_35day_backtested
щт-0001952,шт,,IEK,2026-09-23,35,insufficient_history,uniform_within_month;recursive_future_months;not_35day_backtested
щт-0002132,м,,IEK,2026-09-23,35,insufficient_history,uniform_within_month;recursive_future_months;not_35day_backtested
щт-0002147,шт,,IEK,2026-09-23,35,insufficient_history,uniform_within_month;recursive_future_months;not_35day_backtested
щт-0002159,шт,,IEK,2026-09-23,35,insufficient_history,uniform_within_month;recursive_future_months;not_35day_backtested
щт-0002161,шт,,IEK,2026-09-23,35,insufficient_history,uniform_within_month;recursive_future_months;not_35day_backtested
щт-0002162,шт,,IEK,2026-09-23,35,insufficient_history,uniform_within_month;recursive_future_months;not_35day_backtested
щт-0022248,шт,,IEK,2026-09-23,35,insufficient_history,uniform_within_month;recursive_future_months;not_35day_backtested
щт00222756,шт,,IEK,2026-09-23,35,insufficient_history,uniform_within_month;recursive_future_months;not_35day_backtested
щт00222819,шт,,IEK,2026-09-23,35,insufficient_history,uniform_within_month;recursive_future_months;not_35day_backtested
щт00222922,упак,,IEK,2026-09-23,35,insufficient_history,uniform_within_month;recursive_future_months;not_35day_backtested
щт00222923,упак,,IEK,2026-09-23,35,insufficient_history,uniform_within_month;recursive_future_months;not_35day_backtested
щт00222924,упак,,IEK,2026-09-23,35,insufficient_history,uniform_within_month;recursive_future_months;not_35day_backtested
щт02229866,шт,,IEK,2026-09-23,35,insufficient_history,uniform_within_month;recursive_future_months;not_35day_backtested
щт02229878,шт,,IEK,2026-09-23,35,insufficient_history,uniform_within_month;recursive_future_months;not_35day_backtested
щт02230193,шт,,IEK,2026-09-23,35,insufficient_history,uniform_within_month;recursive_future_months;not_35day_backtested
щт02230447,шт,,IEK,2026-09-23,35,insufficient_history,uniform_within_month;recursive_future_months;not_35day_backtested
щт23054819,шт,,IEK,2026-09-23,35,insufficient_history,uniform_within_month;recursive_future_months;not_35day_backtested
щт23054820,шт,,IEK,2026-09-23,35,insufficient_history,uniform_within_month;recursive_future_months;not_35day_backtested
щт23055078,шт,,IEK,2026-09-23,35,insufficient_history,uniform_within_month;recursive_future_months;not_35day_backtested
щт23055283,шт,,IEK,2026-09-23,35,insufficient_history,uniform_within_month;recursive_future_months;not_35day_backtested
щщ0001047,шт,,IEK,2026-09-23,35,insufficient_history,uniform_within_month;recursive_future_months;not_35day_backtested
щщ0001050,упак,,IEK,2026-09-23,35,insufficient_history,uniform_within_month;recursive_future_months;not_35day_backtested
щщ11503042,шт,3.4579463849403207,IEK,2026-09-23,35,approximate,uniform_within_month;recursive_future_months;not_35day_backtested
щщщ0115411,шт,,IEK,2026-09-23,35,insufficient_history,uniform_within_month;recursive_future_months;not_35day_backtested
щщщ0115439,шт,,IEK,2026-09-23,35,insufficient_history,uniform_within_month;recursive_future_months;not_35day_backtested
щщщ0115997,шт,,IEK,2026-09-23,35,insufficient_history,uniform_within_month;recursive_future_months;not_35day_backtested
щщщ0116026,шт,,IEK,2026-09-23,35,insufficient_history,uniform_within_month;recursive_future_months;not_35day_backtested
щщщ0116027,шт,,IEK,2026-09-23,35,insufficient_history,uniform_within_month;recursive_future_months;not_35day_backtested
щщщ0116033,шт,,IEK,2026-09-23,35,insufficient_history,uniform_within_month;recursive_future_months;not_35day_backtested
щщщ0116039,шт,,IEK,2026-09-23,35,insufficient_history,uniform_within_month;recursive_future_months;not_35day_backtested
щщщ0116157,шт,4.880770062163404,IEK,2026-09-23,35,approximate,uniform_within_month;recursive_future_months;not_35day_backtested
щщщ0116826,шт,,IEK,2026-09-23,35,insufficient_history,uniform_within_month;recursive_future_months;not_35day_backtested
ярп40100,шт,,IEK,2026-09-23,35,insufficient_history,uniform_within_month;recursive_future_months;not_35day_backtested
ярп40110,шт,,IEK,2026-09-23,35,insufficient_history,uniform_within_month;recursive_future_months;not_35day_backtested
ярп40129,шт,,IEK,2026-09-23,35,insufficient_history,uniform_within_month;recursive_future_months;not_35day_backtested
ярп40132,шт,5.4915981538192264,IEK,2026-09-23,35,approximate,uniform_within_month;recursive_future_months;not_35day_backtested
ярп40134,шт,4.4133112283601434,IEK,2026-09-23,35,approximate,uniform_within_month;recursive_future_months;not_35day_backtested
ярп40135,шт,,IEK,2026-09-23,35,insufficient_history,uniform_within_month;recursive_future_months;not_35day_backtested
ярп40167,шт,,IEK,2026-09-23,35,insufficient_history,uniform_within_month;recursive_future_months;not_35day_backtested
ярп40217,,,IEK,2026-09-23,35,insufficient_history,uniform_within_month;recursive_future_months;not_35day_backtested
ярп40218,,,IEK,2026-09-23,35,insufficient_history,uniform_within_month;recursive_future_months;not_35day_backtested
ярп40219,шт,,IEK,2026-09-23,35,insufficient_history,uniform_within_month;recursive_future_months;not_35day_backtested
ярп40220,,,IEK,2026-09-23,35,insufficient_history,uniform_within_month;recursive_future_months;not_35day_backtested
ярп40221,шт,,IEK,2026-09-23,35,insufficient_history,uniform_within_month;recursive_future_months;not_35day_backtested
ярп40222,шт,3.242606674744725,IEK,2026-09-23,35,approximate,uniform_within_month;recursive_future_months;not_35day_backtested
ярп40223,шт,,IEK,2026-09-23,35,insufficient_history,uniform_within_month;recursive_future_months;not_35day_backtested
ярп40225,шт,,IEK,2026-09-23,35,insufficient_history,uniform_within_month;recursive_future_months;not_35day_backtested
ярп40227,шт,,IEK,2026-09-23,35,insufficient_history,uniform_within_month;recursive_future_months;not_35day_backtested
ярп40228,,,IEK,2026-09-23,35,insufficient_history,uniform_within_month;recursive_future_months;not_35day_backtested
ярп40229,,,IEK,2026-09-23,35,insufficient_history,uniform_within_month;recursive_future_months;not_35day_backtested
ярп40230,,,IEK,2026-09-23,35,insufficient_history,uniform_within_month;recursive_future_months;not_35day_backtested
ярп40231,,,IEK,2026-09-23,35,insufficient_history,uniform_within_month;recursive_future_months;not_35day_backtested
ярп40232,,,IEK,2026-09-23,35,insufficient_history,uniform_within_month;recursive_future_months;not_35day_backtested
ярп40236,,,IEK,2026-09-23,35,insufficient_history,uniform_within_month;recursive_future_months;not_35day_backtested
ярп40237,,,IEK,2026-09-23,35,insufficient_history,uniform_within_month;recursive_future_months;not_35day_backtested
ярп40238,,,IEK,2026-09-23,35,insufficient_history,uniform_within_month;recursive_future_months;not_35day_backtested
ярп40239,шт,,IEK,2026-09-23,35,insufficient_history,uniform_within_month;recursive_future_months;not_35day_backtested
ярп40240,шт,,IEK,2026-09-23,35,insufficient_history,uniform_within_month;recursive_future_months;not_35day_backtested
ярп40241,,,IEK,2026-09-23,35,insufficient_history,uniform_within_month;recursive_future_months;not_35day_backtested
ярп40242,шт,,IEK,2026-09-23,35,insufficient_history,uniform_within_month;recursive_future_months;not_35day_backtested
ярп40243,,,IEK,2026-09-23,35,insufficient_history,uniform_within_month;recursive_future_months;not_35day_backtested
ярп40244,шт,2.172159650438206,IEK,2026-09-23,35,approximate,uniform_within_month;recursive_future_months;not_35day_backtested
ярп40245,шт,,IEK,2026-09-23,35,insufficient_history,uniform_within_month;recursive_future_months;not_35day_backtested
ярп40246,шт,,IEK,2026-09-23,35,insufficient_history,uniform_within_month;recursive_future_months;not_35day_backtested
ярп40247,,,IEK,2026-09-23,35,insufficient_history,uniform_within_month;recursive_future_months;not_35day_backtested
ярп40248,,,IEK,2026-09-23,35,insufficient_history,uniform_within_month;recursive_future_months;not_35day_backtested
ярп40249,,,IEK,2026-09-23,35,insufficient_history,uniform_within_month;recursive_future_months;not_35day_backtested
ярп40255,шт,16.93691811308397,IEK,2026-09-23,35,approximate,uniform_within_month;recursive_future_months;not_35day_backtested
ярп40256,шт,25.117577159354063,IEK,2026-09-23,35,approximate,uniform_within_month;recursive_future_months;not_35day_backtested
ярп40257,шт,54.27147809101745,IEK,2026-09-23,35,approximate,uniform_within_month;recursive_future_months;not_35day_backtested
ярп40260,шт,4.997543316335935,IEK,2026-09-23,35,approximate,uniform_within_month;recursive_future_months;not_35day_backtested
ярп40265,,,IEK,2026-09-23,35,insufficient_history,uniform_within_month;recursive_future_months;not_35day_backtested
ярп40266,шт,,IEK,2026-09-23,35,insufficient_history,uniform_within_month;recursive_future_months;not_35day_backtested
ярп40267,шт,3.720558088383613,IEK,2026-09-23,35,approximate,uniform_within_month;recursive_future_months;not_35day_backtested
ярп40268,,,IEK,2026-09-23,35,insufficient_history,uniform_within_month;recursive_future_months;not_35day_backtested
ярп40269,шт,4.7381144571948175,IEK,2026-09-23,35,approximate,uniform_within_month;recursive_future_months;not_35day_backtested
ярп40270,,,IEK,2026-09-23,35,insufficient_history,uniform_within_month;recursive_future_months;not_35day_backtested
ярп40271,шт,4.009727930879879,IEK,2026-09-23,35,approximate,uniform_within_month;recursive_future_months;not_35day_backtested
ярп40273,,,IEK,2026-09-23,35,insufficient_history,uniform_within_month;recursive_future_months;not_35day_backtested
ярп40274,,,IEK,2026-09-23,35,insufficient_history,uniform_within_month;recursive_future_months;not_35day_backtested
ярп40276,,,IEK,2026-09-23,35,insufficient_history,uniform_within_month;recursive_future_months;not_35day_backtested
ярп40277,упак,9.743672527593962,IEK,2026-09-23,35,approximate,uniform_within_month;recursive_future_months;not_35day_backtested
ярп40280,,,IEK,2026-09-23,35,insufficient_history,uniform_within_month;recursive_future_months;not_35day_backtested
ярп40281,шт,,IEK,2026-09-23,35,insufficient_history,uniform_within_month;recursive_future_months;not_35day_backtested
ярп40282,,,IEK,2026-09-23,35,insufficient_history,uniform_within_month;recursive_future_months;not_35day_backtested
ярп40309,шт,,IEK,2026-09-23,35,insufficient_history,uniform_within_month;recursive_future_months;not_35day_backtested
ярп40395,шт,,IEK,2026-09-23,35,insufficient_history,uniform_within_month;recursive_future_months;not_35day_backtested
ярп40510,шт,,IEK,2026-09-23,35,insufficient_history,uniform_within_month;recursive_future_months;not_35day_backtested
ярп4200,шт,,IEK,2026-09-23,35,insufficient_history,uniform_within_month;recursive_future_months;not_35day_backtested
ярп4211,шт,,IEK,2026-09-23,35,insufficient_history,uniform_within_month;recursive_future_months;not_35day_backtested
ярп4252,шт,,IEK,2026-09-23,35,insufficient_history,uniform_within_month;recursive_future_months;not_35day_backtested
ярп4303,упак,,IEK,2026-09-23,35,insufficient_history,uniform_within_month;recursive_future_months;not_35day_backtested
ярп4385,шт,,IEK,2026-09-23,35,insufficient_history,uniform_within_month;recursive_future_months;not_35day_backtested
ярп4522,шт,,IEK,2026-09-23,35,insufficient_history,uniform_within_month;recursive_future_months;not_35day_backtested
ярп4546,шт,,IEK,2026-09-23,35,insufficient_history,uniform_within_month;recursive_future_months;not_35day_backtested
ярп4571,шт,,IEK,2026-09-23,35,insufficient_history,uniform_within_month;recursive_future_months;not_35day_backtested
ярп4665,шт,2.578238288337338,IEK,2026-09-23,35,approximate,uniform_within_month;recursive_future_months;not_35day_backtested
ярп4673,шт,,IEK,2026-09-23,35,insufficient_history,uniform_within_month;recursive_future_months;not_35day_backtested
ярп4795,шт,,IEK,2026-09-23,35,insufficient_history,uniform_within_month;recursive_future_months;not_35day_backtested
ярп4890,шт,,IEK,2026-09-23,35,insufficient_history,uniform_within_month;recursive_future_months;not_35day_backtested
ярп5549,шт,5.466932052547629,IEK,2026-09-23,35,approximate,uniform_within_month;recursive_future_months;not_35day_backtested
ярп5602,шт,,IEK,2026-09-23,35,insufficient_history,uniform_within_month;recursive_future_months;not_35day_backtested
ярп5605,шт,21.00302838058814,IEK,2026-09-23,35,approximate,uniform_within_month;recursive_future_months;not_35day_backtested
ярп5628,шт,,IEK,2026-09-23,35,insufficient_history,uniform_within_month;recursive_future_months;not_35day_backtested
ярп5852,шт,,IEK,2026-09-23,35,insufficient_history,uniform_within_month;recursive_future_months;not_35day_backtested
ярп5867,шт,,IEK,2026-09-23,35,insufficient_history,uniform_within_month;recursive_future_months;not_35day_backtested
ярп5962,шт,,IEK,2026-09-23,35,insufficient_history,uniform_within_month;recursive_future_months;not_35day_backtested
ярп6058,шт,2.564075763933449,IEK,2026-09-23,35,approximate,uniform_within_month;recursive_future_months;not_35day_backtested
ярп6059,шт,,IEK,2026-09-23,35,insufficient_history,uniform_within_month;recursive_future_months;not_35day_backtested
ярп6060,шт,,IEK,2026-09-23,35,insufficient_history,uniform_within_month;recursive_future_months;not_35day_backtested
ярп6181,шт,,IEK,2026-09-23,35,insufficient_history,uniform_within_month;recursive_future_months;not_35day_backtested
ярп6182,шт,2.636686504169706,IEK,2026-09-23,35,approximate,uniform_within_month;recursive_future_months;not_35day_backtested
ярп6188,шт,,IEK,2026-09-23,35,insufficient_history,uniform_within_month;recursive_future_months;not_35day_backtested
яярп4532,шт,,IEK,2026-09-23,35,insufficient_history,uniform_within_month;recursive_future_months;not_35day_backtested
яярп4533,шт,,IEK,2026-09-23,35,insufficient_history,uniform_within_month;recursive_future_months;not_35day_backtested
яярп4610,шт,,IEK,2026-09-23,35,insufficient_history,uniform_within_month;recursive_future_months;not_35day_backtested
яярп4772,шт,,IEK,2026-09-23,35,insufficient_history,uniform_within_month;recursive_future_months;not_35day_backtested
яярп4773,шт,,IEK,2026-09-23,35,insufficient_history,uniform_within_month;recursive_future_months;not_35day_backtested
яярп4792,шт,,IEK,2026-09-23,35,insufficient_history,uniform_within_month;recursive_future_months;not_35day_backtested
яярп4811,шт,11.176460967315746,IEK,2026-09-23,35,approximate,uniform_within_month;recursive_future_months;not_35day_backtested
яярп4814,шт,,IEK,2026-09-23,35,insufficient_history,uniform_within_month;recursive_future_months;not_35day_backtested
яярп4829,шт,,IEK,2026-09-23,35,insufficient_history,uniform_within_month;recursive_future_months;not_35day_backtested
яярп4849,шт,,IEK,2026-09-23,35,insufficient_history,uniform_within_month;recursive_future_months;not_35day_backtested
яярп4855,шт,,IEK,2026-09-23,35,insufficient_history,uniform_within_month;recursive_future_months;not_35day_backtested
яярп6001,м,,IEK,2026-09-23,35,insufficient_history,uniform_within_month;recursive_future_months;not_35day_backtested
яяярп5300,шт,13.509401577643953,IEK,2026-09-23,35,approximate,uniform_within_month;recursive_future_months;not_35day_backtested
яяярп5540,шт,,IEK,2026-09-23,35,insufficient_history,uniform_within_month;recursive_future_months;not_35day_backtested
яяярп5542,шт,,IEK,2026-09-23,35,insufficient_history,uniform_within_month;recursive_future_months;not_35day_backtested
яяяярп5518,шт,,IEK,2026-09-23,35,insufficient_history,uniform_within_month;recursive_future_months;not_35day_backtested
