sku,unit,target_month,predicted_qty,status,recursive,model,actual_history_months,horizon_overlap_days,horizon_contribution_qty
0000352,шт,2026-09-01,,insufficient_history,False,boosting_squared,0,8,
010300001_,шт,2026-09-01,10.109377101567565,forecast,False,boosting_squared,26,8,2.6958338937513506
010300002_,шт,2026-09-01,194.33742198388092,forecast,False,boosting_squared,32,8,51.82331252903491
010300003_,шт,2026-09-01,124.56678461547993,forecast,False,boosting_squared,32,8,33.21780923079465
010300004_,шт,2026-09-01,17.88343939196118,forecast,False,boosting_squared,32,8,4.768917171189647
010300005_,шт,2026-09-01,58.36628835429996,forecast,False,boosting_squared,32,8,15.564343561146655
010300006_,шт,2026-09-01,175.54115820327613,forecast,False,boosting_squared,32,8,46.81097552087363
010300007_,шт,2026-09-01,46.07366862190641,forecast,False,boosting_squared,32,8,12.286311632508376
010300008_,шт,2026-09-01,21.468734752627547,forecast,False,boosting_squared,31,8,5.724995934034013
010300009_,шт,2026-09-01,17.98995381515817,forecast,False,boosting_squared,32,8,4.797321017375512
010300010_,шт,2026-09-01,21.859491085080144,forecast,False,boosting_squared,32,8,5.829197622688039
010300011_,шт,2026-09-01,24.808513077920043,forecast,False,boosting_squared,31,8,6.615603487445345
010300012_,шт,2026-09-01,13.801179092166755,forecast,False,boosting_squared,28,8,3.6803144245778014
010300013_,шт,2026-09-01,15.12200818008145,forecast,False,boosting_squared,32,8,4.032535514688386
010300014_,шт,2026-09-01,82.81795123938441,forecast,False,boosting_squared,32,8,22.08478699716918
010300015_,шт,2026-09-01,144.23027436924284,forecast,False,boosting_squared,32,8,38.461406498464754
010300016_,шт,2026-09-01,61.1369852379386,forecast,False,boosting_squared,32,8,16.303196063450294
010300017_,шт,2026-09-01,107.0245736302428,forecast,False,boosting_squared,32,8,28.53988630139808
010300018_,шт,2026-09-01,21.46194624902031,forecast,False,boosting_squared,32,8,5.723185666405416
010300019_,шт,2026-09-01,12.821388288924124,forecast,False,boosting_squared,31,8,3.419036877046433
010300020_,шт,2026-09-01,13.356057648825534,forecast,False,boosting_squared,31,8,3.561615373020142
010300021_,шт,2026-09-01,21.31904230171976,forecast,False,boosting_squared,32,8,5.6850779471252695
010300023_,шт,2026-09-01,16.556615172433624,forecast,False,boosting_squared,32,8,4.415097379315633
010300024_,шт,2026-09-01,1.476439806715056,forecast,False,boosting_squared,21,8,0.3937172817906816
010300052_,шт,2026-09-01,6.034681230059043,forecast,False,boosting_squared,24,8,1.6092483280157448
010300053_,шт,2026-09-01,895.8266847252552,forecast,False,boosting_squared,32,8,238.8871159267347
010300057_,шт,2026-09-01,121.91302050730867,forecast,False,boosting_squared,32,8,32.510138801948976
010300066_,,2026-09-01,,insufficient_history,False,boosting_squared,0,8,
010300068_,шт,2026-09-01,1.3483086099365795,forecast,False,boosting_squared,9,8,0.35954896264975456
010300069_,шт,2026-09-01,1.2484135386587325,forecast,False,boosting_squared,6,8,0.332910276975662
010300074_,шт,2026-09-01,76.63675250314758,forecast,False,boosting_squared,30,8,20.436467334172686
010300075_,шт,2026-09-01,850.069989443756,forecast,False,boosting_squared,32,8,226.68533051833492
010300094_,шт,2026-09-01,15.17360981538979,forecast,False,boosting_squared,29,8,4.04629595077061
010300095_,шт,2026-09-01,138.13357964592169,forecast,False,boosting_squared,30,8,36.83562123891245
010300096_,шт,2026-09-01,278.36023615982504,forecast,False,boosting_squared,31,8,74.22939630928667
010300103_,шт,2026-09-01,2.1968234341751915,forecast,False,boosting_squared,4,8,0.5858195824467177
010300108_,шт,2026-09-01,,insufficient_history,False,boosting_squared,1,8,
010300115_,шт,2026-09-01,,insufficient_history,False,boosting_squared,0,8,
010300121_,шт,2026-09-01,189.59533384221,forecast,False,boosting_squared,32,8,50.558755691256
010300122_,шт,2026-09-01,2.4659146338663844,forecast,False,boosting_squared,4,8,0.6575772356977025
010300123_,шт,2026-09-01,17.413223549694095,forecast,False,boosting_squared,25,8,4.643526279918425
010300124_,шт,2026-09-01,2.688727219391241,forecast,False,boosting_squared,16,8,0.7169939251709976
010300125_,шт,2026-09-01,3.1476446181903635,forecast,False,boosting_squared,3,8,0.839371898184097
010300127_,шт,2026-09-01,7.412167421412031,forecast,False,boosting_squared,6,8,1.9765779790432083
010300130_,шт,2026-09-01,,insufficient_history,False,boosting_squared,1,8,
010300131_,шт,2026-09-01,2.5686881640048562,forecast,False,boosting_squared,3,8,0.684983510401295
010300142_,шт,2026-09-01,1.635306783576025,forecast,False,boosting_squared,6,8,0.4360818089536067
010300144_,шт,2026-09-01,,insufficient_history,False,boosting_squared,1,8,
010300150_,шт,2026-09-01,3.778158037344539,forecast,False,boosting_squared,12,8,1.0075088099585436
010300153_,шт,2026-09-01,,insufficient_history,False,boosting_squared,0,8,
010300156_,шт,2026-09-01,,insufficient_history,False,boosting_squared,1,8,
010300157_,шт,2026-09-01,,insufficient_history,False,boosting_squared,1,8,
010300159_,шт,2026-09-01,,insufficient_history,False,boosting_squared,0,8,
010300160_,шт,2026-09-01,,insufficient_history,False,boosting_squared,0,8,
010300161_,шт,2026-09-01,,insufficient_history,False,boosting_squared,0,8,
010300162_,шт,2026-09-01,,insufficient_history,False,boosting_squared,0,8,
010300163_,шт,2026-09-01,,insufficient_history,False,boosting_squared,1,8,
010300164_,,2026-09-01,,insufficient_history,False,boosting_squared,0,8,
010300165_,шт,2026-09-01,,insufficient_history,False,boosting_squared,0,8,
010300166_,шт,2026-09-01,,insufficient_history,False,boosting_squared,2,8,
010300167_,шт,2026-09-01,,insufficient_history,False,boosting_squared,2,8,
010300168_,шт,2026-09-01,,insufficient_history,False,boosting_squared,2,8,
010300169_,шт,2026-09-01,8.305062250195983,forecast,False,boosting_squared,5,8,2.2146832667189287
010300170_,,2026-09-01,,insufficient_history,False,boosting_squared,0,8,
010300171_,шт,2026-09-01,,insufficient_history,False,boosting_squared,2,8,
010300184_,шт,2026-09-01,,insufficient_history,False,boosting_squared,0,8,
010300185_,шт,2026-09-01,,insufficient_history,False,boosting_squared,1,8,
010300188_,шт,2026-09-01,2.455537546884637,forecast,False,boosting_squared,4,8,0.6548100125025699
010300189_,шт,2026-09-01,,insufficient_history,False,boosting_squared,2,8,
010300191_,шт,2026-09-01,,insufficient_history,False,boosting_squared,0,8,
010300200_,шт,2026-09-01,,insufficient_history,False,boosting_squared,1,8,
010300239_,шт,2026-09-01,2.854845836462489,forecast,False,boosting_squared,3,8,0.7612922230566638
010300242_,шт,2026-09-01,5.551952894934717,forecast,False,boosting_squared,4,8,1.4805207719825912
010300250_,шт,2026-09-01,,insufficient_history,False,boosting_squared,0,8,
010300251_,шт,2026-09-01,1.512502116112156,forecast,False,boosting_squared,3,8,0.40333389762990823
010300252_,шт,2026-09-01,1.5290213209757901,forecast,False,boosting_squared,4,8,0.40773901892687736
010400842_,шт,2026-09-01,,insufficient_history,False,boosting_squared,1,8,
010400849_,шт,2026-09-01,5.396613982274147,forecast,False,boosting_squared,10,8,1.4390970619397725
010400850_,шт,2026-09-01,11.930913963995195,forecast,False,boosting_squared,11,8,3.181577057065385
010400854_,шт,2026-09-01,12.665608892805912,forecast,False,boosting_squared,12,8,3.377495704748243
010400865_,шт,2026-09-01,12.201670102020126,forecast,False,boosting_squared,12,8,3.2537786938720337
010400867_,шт,2026-09-01,12.459876439391374,forecast,False,boosting_squared,12,8,3.322633717171033
010400925_,шт,2026-09-01,7.050078368842994,forecast,False,boosting_squared,12,8,1.880020898358132
010400926_,шт,2026-09-01,2.361519689443134,forecast,False,boosting_squared,4,8,0.6297385838515024
010400927_,шт,2026-09-01,8.377323450699906,forecast,False,boosting_squared,12,8,2.2339529201866415
010400928_,шт,2026-09-01,8.12883154540374,forecast,False,boosting_squared,6,8,2.167688412107664
010400929_,шт,2026-09-01,5.754375520496259,forecast,False,boosting_squared,8,8,1.5345001387990025
010400930_,шт,2026-09-01,2.4061430695042523,forecast,False,boosting_squared,5,8,0.6416381518678006
010400931_,шт,2026-09-01,4.076530938216284,forecast,False,boosting_squared,10,8,1.0870749168576759
010400932_,шт,2026-09-01,2.5295916281846895,forecast,False,boosting_squared,8,8,0.6745577675159172
010400933_,шт,2026-09-01,5.455567336879855,forecast,False,boosting_squared,11,8,1.4548179565012946
010400934_,шт,2026-09-01,12.538315361184099,forecast,False,boosting_squared,10,8,3.343550762982426
010400939_,шт,2026-09-01,,insufficient_history,False,boosting_squared,0,8,
010400940_,шт,2026-09-01,,insufficient_history,False,boosting_squared,0,8,
010400941_,шт,2026-09-01,,insufficient_history,False,boosting_squared,0,8,
010400942_,шт,2026-09-01,,insufficient_history,False,boosting_squared,0,8,
010400943_,шт,2026-09-01,,insufficient_history,False,boosting_squared,0,8,
010400944_,шт,2026-09-01,,insufficient_history,False,boosting_squared,0,8,
010400945_,шт,2026-09-01,,insufficient_history,False,boosting_squared,0,8,
010400946_,шт,2026-09-01,,insufficient_history,False,boosting_squared,0,8,
010400947_,шт,2026-09-01,,insufficient_history,False,boosting_squared,2,8,
010400948_,шт,2026-09-01,,insufficient_history,False,boosting_squared,0,8,
010400949_,шт,2026-09-01,,insufficient_history,False,boosting_squared,1,8,
010400950_,шт,2026-09-01,,insufficient_history,False,boosting_squared,1,8,
010400951_,шт,2026-09-01,,insufficient_history,False,boosting_squared,0,8,
010400952_,шт,2026-09-01,,insufficient_history,False,boosting_squared,0,8,
010400953_,шт,2026-09-01,,insufficient_history,False,boosting_squared,1,8,
010400954_,шт,2026-09-01,,insufficient_history,False,boosting_squared,0,8,
010400955_,шт,2026-09-01,,insufficient_history,False,boosting_squared,2,8,
010400956_,шт,2026-09-01,,insufficient_history,False,boosting_squared,0,8,
010400957_,шт,2026-09-01,,insufficient_history,False,boosting_squared,0,8,
010400958_,шт,2026-09-01,,insufficient_history,False,boosting_squared,1,8,
010500001_,шт,2026-09-01,33.29294235497538,forecast,False,boosting_squared,31,8,8.878117961326769
010500002_,шт,2026-09-01,,insufficient_history,False,boosting_squared,1,8,
010500003_,шт,2026-09-01,36.49065038098844,forecast,False,boosting_squared,32,8,9.730840101596918
010500004_,шт,2026-09-01,1299.2977356768909,forecast,False,boosting_squared,32,8,346.47939618050424
010500005_,шт,2026-09-01,3144.818919429421,forecast,False,boosting_squared,32,8,838.6183785145123
010500006_,шт,2026-09-01,23501.709523943264,forecast,False,boosting_squared,32,8,6267.122539718203
010500007_,шт,2026-09-01,719.6161844534666,forecast,False,boosting_squared,32,8,191.8976491875911
010500008_,шт,2026-09-01,15369.620674407337,forecast,False,boosting_squared,32,8,4098.56551317529
010500009_,шт,2026-09-01,3061.3355735073987,forecast,False,boosting_squared,32,8,816.3561529353063
010500010_,шт,2026-09-01,744.5956596840766,forecast,False,boosting_squared,32,8,198.55884258242043
010500011_,шт,2026-09-01,291.14371871939954,forecast,False,boosting_squared,32,8,77.63832499183988
010500012_,шт,2026-09-01,402.93303631007666,forecast,False,boosting_squared,32,8,107.44880968268711
010500014_,,2026-09-01,,insufficient_history,False,boosting_squared,0,8,
010500015_,,2026-09-01,,insufficient_history,False,boosting_squared,0,8,
010500017_,шт,2026-09-01,7.89855435254687,forecast,False,boosting_squared,4,8,2.106281160679165
010500018_,шт,2026-09-01,265.4266712836463,forecast,False,boosting_squared,32,8,70.780445675639
010500019_,шт,2026-09-01,2395.6869386527565,forecast,False,boosting_squared,32,8,638.8498503074018
010500020_,шт,2026-09-01,36.7429006693331,forecast,False,boosting_squared,29,8,9.798106845155495
010500021_,шт,2026-09-01,4497.173625879535,forecast,False,boosting_squared,32,8,1199.2463002345428
010500022_,шт,2026-09-01,1215.104714512293,forecast,False,boosting_squared,32,8,324.0279238699448
010500023_,шт,2026-09-01,629.1923372442675,forecast,False,boosting_squared,32,8,167.784623265138
010500024_,шт,2026-09-01,233.5438132798676,forecast,False,boosting_squared,32,8,62.27835020796469
010500025_,шт,2026-09-01,326.6143542579879,forecast,False,boosting_squared,32,8,87.09716113546344
010500027_,,2026-09-01,,insufficient_history,False,boosting_squared,0,8,
010500028_,,2026-09-01,,insufficient_history,False,boosting_squared,0,8,
010500029_,шт,2026-09-01,3.4778406773304256,forecast,False,boosting_squared,9,8,0.9274241806214468
010500030_,шт,2026-09-01,10.154717720538764,forecast,False,boosting_squared,3,8,2.707924725477004
010500031_,шт,2026-09-01,40.04043749707169,forecast,False,boosting_squared,5,8,10.677449999219117
010500032_,шт,2026-09-01,130.38918223799544,forecast,False,boosting_squared,32,8,34.770448596798786
010500033_,шт,2026-09-01,821.4778302042738,forecast,False,boosting_squared,32,8,219.0607547211397
010500034_,шт,2026-09-01,83.83431357426805,forecast,False,boosting_squared,31,8,22.35581695313815
010500035_,шт,2026-09-01,1662.6108245795638,forecast,False,boosting_squared,32,8,443.36288655455036
010500036_,шт,2026-09-01,1443.9522054648564,forecast,False,boosting_squared,32,8,385.0539214572951
010500037_,шт,2026-09-01,852.4331263995288,forecast,False,boosting_squared,32,8,227.31550037320767
010500038_,шт,2026-09-01,414.6062744913677,forecast,False,boosting_squared,32,8,110.56167319769806
010500039_,шт,2026-09-01,1337.3213400342097,forecast,False,boosting_squared,32,8,356.6190240091226
010500040_,шт,2026-09-01,15.460668528382719,forecast,False,boosting_squared,32,8,4.122844940902058
010500041_,шт,2026-09-01,11.792268364183736,forecast,False,boosting_squared,29,8,3.144604897115663
010500042_,шт,2026-09-01,24.9402825566085,forecast,False,boosting_squared,30,8,6.6507420150956005
010500044_,шт,2026-09-01,23.592013246752835,forecast,False,boosting_squared,31,8,6.2912035324674225
010500045_,,2026-09-01,,insufficient_history,False,boosting_squared,0,8,
010500046_,шт,2026-09-01,8.924170862666328,forecast,False,boosting_squared,27,8,2.379778896711021
010500047_,шт,2026-09-01,5.255595297206961,forecast,False,boosting_squared,24,8,1.4014920792551895
010500048_,шт,2026-09-01,45.41770370618639,forecast,False,boosting_squared,32,8,12.111387654983037
010500050_,шт,2026-09-01,2.4008292692291486,forecast,False,boosting_squared,5,8,0.6402211384611063
010500053_,шт,2026-09-01,6.0710074754042225,forecast,False,boosting_squared,15,8,1.6189353267744593
010500054_,шт,2026-09-01,10.267720548051095,forecast,False,boosting_squared,25,8,2.7380588128136254
010500063_,шт,2026-09-01,9.869938307716431,forecast,False,boosting_squared,32,8,2.631983548724382
010500068_,шт,2026-09-01,8.408904248547522,forecast,False,boosting_squared,32,8,2.242374466279339
010500082_,шт,2026-09-01,2.0998008581337864,forecast,False,boosting_squared,3,8,0.559946895502343
010500090_,шт,2026-09-01,11.291671269249745,forecast,False,boosting_squared,28,8,3.0111123384665985
010500091_,шт,2026-09-01,1.2484135386587325,forecast,False,boosting_squared,6,8,0.332910276975662
010500092_,шт,2026-09-01,9.738361087939003,forecast,False,boosting_squared,32,8,2.5968962901170674
010500093_,шт,2026-09-01,16.122882520858646,forecast,False,boosting_squared,31,8,4.299435338895639
010500094_,шт,2026-09-01,13.954075295081418,forecast,False,boosting_squared,32,8,3.721086745355045
010500095_,шт,2026-09-01,21.021818326745827,forecast,False,boosting_squared,32,8,5.605818220465554
010500101_,шт,2026-09-01,14.08671242031851,forecast,False,boosting_squared,6,8,3.756456645418269
010500102_,шт,2026-09-01,23.40206193492712,forecast,False,boosting_squared,32,8,6.240549849313898
010500103_,шт,2026-09-01,254.91752253748334,forecast,False,boosting_squared,30,8,67.97800600999555
010500110_,,2026-09-01,,insufficient_history,False,boosting_squared,0,8,
010500111_,шт,2026-09-01,12.500067268225129,forecast,False,boosting_squared,16,8,3.333351271526701
010500122_,шт,2026-09-01,88.22370067118506,forecast,False,boosting_squared,32,8,23.526320178982683
010500123_,шт,2026-09-01,10.803435721079042,forecast,False,boosting_squared,5,8,2.8809161922877444
010500124_,шт,2026-09-01,35.6985789058393,forecast,False,boosting_squared,32,8,9.519621041557146
010500129_,шт,2026-09-01,,insufficient_history,False,boosting_squared,2,8,
010500136_,шт,2026-09-01,,insufficient_history,False,boosting_squared,2,8,
010500137_,шт,2026-09-01,,insufficient_history,False,boosting_squared,0,8,
010500138_,шт,2026-09-01,16.85516670827131,forecast,False,boosting_squared,4,8,4.494711122205683
010500139_,шт,2026-09-01,155.5982777619024,forecast,False,boosting_squared,4,8,41.492874069840646
010500140_,,2026-09-01,,insufficient_history,False,boosting_squared,0,8,
010500141_,шт,2026-09-01,,insufficient_history,False,boosting_squared,2,8,
010500142_,,2026-09-01,,insufficient_history,False,boosting_squared,0,8,
010500143_,шт,2026-09-01,,insufficient_history,False,boosting_squared,2,8,
010500144_,,2026-09-01,,insufficient_history,False,boosting_squared,0,8,
010500145_,шт,2026-09-01,28.617962726902668,forecast,False,boosting_squared,3,8,7.6314567271740446
010500147_,шт,2026-09-01,,insufficient_history,False,boosting_squared,2,8,
010500148_,шт,2026-09-01,2.481679640929811,forecast,False,boosting_squared,3,8,0.6617812375812829
010500149_,шт,2026-09-01,,insufficient_history,False,boosting_squared,0,8,
010500150_,шт,2026-09-01,,insufficient_history,False,boosting_squared,0,8,
010500151_,шт,2026-09-01,,insufficient_history,False,boosting_squared,1,8,
010500152_,шт,2026-09-01,,insufficient_history,False,boosting_squared,1,8,
010500153_,шт,2026-09-01,,insufficient_history,False,boosting_squared,1,8,
010500154_,,2026-09-01,,insufficient_history,False,boosting_squared,0,8,
010500156_,шт,2026-09-01,,insufficient_history,False,boosting_squared,0,8,
010500157_,шт,2026-09-01,,insufficient_history,False,boosting_squared,0,8,
010500158_,,2026-09-01,,insufficient_history,False,boosting_squared,0,8,
010500159_,,2026-09-01,,insufficient_history,False,boosting_squared,0,8,
010500160_,шт,2026-09-01,,insufficient_history,False,boosting_squared,1,8,
010500161_,,2026-09-01,,insufficient_history,False,boosting_squared,0,8,
010500162_,шт,2026-09-01,,insufficient_history,False,boosting_squared,0,8,
010500163_,шт,2026-09-01,,insufficient_history,False,boosting_squared,0,8,
010500187_,шт,2026-09-01,3.7118291005794206,forecast,False,boosting_squared,4,8,0.9898210934878455
010500188_,шт,2026-09-01,5.050979097018541,forecast,False,boosting_squared,3,8,1.3469277592049442
010700001_,шт,2026-09-01,54.33743965214205,forecast,False,boosting_squared,32,8,14.48998390723788
010700002_,шт,2026-09-01,355.1026075817098,forecast,False,boosting_squared,32,8,94.69402868845594
010700003_,шт,2026-09-01,128.6299298189773,forecast,False,boosting_squared,32,8,34.301314618393945
010700016_,шт,2026-09-01,,insufficient_history,False,boosting_squared,0,8,
010700021_,шт,2026-09-01,3.462409080009399,forecast,False,boosting_squared,3,8,0.9233090880025064
010700029_,шт,2026-09-01,18.34852741273041,forecast,False,boosting_squared,32,8,4.892940643394776
010700030_,шт,2026-09-01,22.332889425617353,forecast,False,boosting_squared,32,8,5.955437180164627
010700031_,шт,2026-09-01,18.21920276102422,forecast,False,boosting_squared,31,8,4.858454069606458
010700032_,шт,2026-09-01,20.11838974644568,forecast,False,boosting_squared,32,8,5.3649039323855146
010700036_,шт,2026-09-01,,insufficient_history,False,boosting_squared,1,8,
010700037_,шт,2026-09-01,,insufficient_history,False,boosting_squared,1,8,
010700041_,шт,2026-09-01,3.7118291005794206,forecast,False,boosting_squared,4,8,0.9898210934878455
010700042_,шт,2026-09-01,3.2480286870660966,forecast,False,boosting_squared,3,8,0.8661409832176258
010700043_,шт,2026-09-01,4.20803769550747,forecast,False,boosting_squared,5,8,1.1221433854686587
010700044_,шт,2026-09-01,3.2480286870660966,forecast,False,boosting_squared,3,8,0.8661409832176258
010700045_,шт,2026-09-01,0.9334861666093068,forecast,False,boosting_squared,3,8,0.2489296444291485
010700046_,шт,2026-09-01,1.0501719374354703,forecast,False,boosting_squared,4,8,0.2800458499827921
010700047_,шт,2026-09-01,,insufficient_history,False,boosting_squared,1,8,
010700048_,шт,2026-09-01,,insufficient_history,False,boosting_squared,1,8,
010700049_,шт,2026-09-01,,insufficient_history,False,boosting_squared,1,8,
010700055_,шт,2026-09-01,2.009856261016883,forecast,False,boosting_squared,11,8,0.5359616696045021
010700057_,,2026-09-01,,insufficient_history,False,boosting_squared,0,8,
010700058_,шт,2026-09-01,,insufficient_history,False,boosting_squared,1,8,
010700059_,шт,2026-09-01,,insufficient_history,False,boosting_squared,0,8,
010700068_,шт,2026-09-01,2.38107406929501,forecast,False,boosting_squared,5,8,0.634953085145336
010700071_,шт,2026-09-01,3.0685645610672014,forecast,False,boosting_squared,6,8,0.8182838829512538
010700081_,,2026-09-01,,insufficient_history,False,boosting_squared,0,8,
010700082_,,2026-09-01,,insufficient_history,False,boosting_squared,0,8,
010700084_,шт,2026-09-01,1.6601107941982736,forecast,False,boosting_squared,16,8,0.4426962117862063
010700102_,шт,2026-09-01,36.07957940074266,forecast,False,boosting_squared,32,8,9.621221173531376
010700103_,шт,2026-09-01,4.7664533686974195,forecast,False,boosting_squared,31,8,1.2710542316526452
010700118_,шт,2026-09-01,7.207853369202731,forecast,False,boosting_squared,13,8,1.9220942317873948
010700133_,шт,2026-09-01,24.423300436461385,forecast,False,boosting_squared,28,8,6.512880116389703
010700134_,шт,2026-09-01,53.644488601636624,forecast,False,boosting_squared,31,8,14.305196960436433
010700135_,шт,2026-09-01,96.39275473299602,forecast,False,boosting_squared,32,8,25.704734595465606
010700136_,шт,2026-09-01,7.713981539354201,forecast,False,boosting_squared,24,8,2.057061743827787
010700137_,шт,2026-09-01,37.45630177307717,forecast,False,boosting_squared,32,8,9.988347139487246
010700138_,шт,2026-09-01,5.827860304317587,forecast,False,boosting_squared,22,8,1.5540960811513567
010700139_,шт,2026-09-01,1.2940060993705882,forecast,False,boosting_squared,8,8,0.3450682931654902
010700140_,шт,2026-09-01,,insufficient_history,False,boosting_squared,2,8,
010700141_,шт,2026-09-01,2.455537546884637,forecast,False,boosting_squared,4,8,0.6548100125025699
010700142_,шт,2026-09-01,,insufficient_history,False,boosting_squared,1,8,
010700143_,шт,2026-09-01,1.1663834439669365,forecast,False,boosting_squared,3,8,0.31103558505784973
010700144_,шт,2026-09-01,2.5555248281521834,forecast,False,boosting_squared,20,8,0.6814732875072489
010700145_,шт,2026-09-01,,insufficient_history,False,boosting_squared,1,8,
010700146_,шт,2026-09-01,4.699775351226874,forecast,False,boosting_squared,28,8,1.253273426993833
010700147_,шт,2026-09-01,4.325043992516292,forecast,False,boosting_squared,25,8,1.1533450646710113
010700148_,шт,2026-09-01,3.7379110240574804,forecast,False,boosting_squared,16,8,0.9967762730819948
010700149_,шт,2026-09-01,1.9096804917905688,forecast,False,boosting_squared,11,8,0.5092481311441517
010700150_,шт,2026-09-01,1.5754613721624238,forecast,False,boosting_squared,5,8,0.42012303257664635
010700151_,шт,2026-09-01,,insufficient_history,False,boosting_squared,2,8,
010700152_,шт,2026-09-01,18.94663595886654,forecast,False,boosting_squared,6,8,5.052436255697744
010700153_,шт,2026-09-01,11.45839499961549,forecast,False,boosting_squared,22,8,3.055571999897464
010700154_,шт,2026-09-01,1.800658942492842,forecast,False,boosting_squared,6,8,0.4801757179980912
010700155_,шт,2026-09-01,10.665014931393172,forecast,False,boosting_squared,28,8,2.8440039817048457
010700156_,шт,2026-09-01,7.26268286046645,forecast,False,boosting_squared,27,8,1.93671542945772
010700158_,шт,2026-09-01,4.50428669064046,forecast,False,boosting_squared,29,8,1.2011431175041227
010700159_,шт,2026-09-01,2.983139739579011,forecast,False,boosting_squared,21,8,0.7955039305544029
010700160_,шт,2026-09-01,6.935736897820681,forecast,False,boosting_squared,25,8,1.8495298394188484
010700161_,шт,2026-09-01,3.2824906481057026,forecast,False,boosting_squared,15,8,0.875330839494854
010700162_,шт,2026-09-01,1.6939840361255443,forecast,False,boosting_squared,14,8,0.45172907630014514
010700163_,шт,2026-09-01,4.691090266379566,forecast,False,boosting_squared,15,8,1.2509574043678844
010700164_,шт,2026-09-01,1.7944369634776822,forecast,False,boosting_squared,8,8,0.4785165235940486
010700165_,шт,2026-09-01,1.9120381658933745,forecast,False,boosting_squared,13,8,0.5098768442382332
010700166_,шт,2026-09-01,4.336845973569778,forecast,False,boosting_squared,10,8,1.1564922596186074
010700167_,шт,2026-09-01,,insufficient_history,False,boosting_squared,1,8,
010700168_,шт,2026-09-01,3.710686579589537,forecast,False,boosting_squared,11,8,0.9895164212238766
010700169_,шт,2026-09-01,5.86097305857724,forecast,False,boosting_squared,20,8,1.5629261489539308
010700170_,шт,2026-09-01,11.900703028795636,forecast,False,boosting_squared,9,8,3.173520807678836
010700171_,шт,2026-09-01,3.2093391151751303,forecast,False,boosting_squared,11,8,0.8558237640467014
010700172_,шт,2026-09-01,1.2274358590231145,forecast,False,boosting_squared,11,8,0.32731622907283053
010700175_,шт,2026-09-01,0.9491343811038859,forecast,False,boosting_squared,5,8,0.2531025016277029
010800001_,шт,2026-09-01,37.50774302499061,forecast,False,boosting_squared,32,8,10.002064806664162
010800002_,шт,2026-09-01,18.8264749354577,forecast,False,boosting_squared,32,8,5.020393316122053
010800003_,шт,2026-09-01,47.30473690515692,forecast,False,boosting_squared,32,8,12.614596508041846
010800004_,шт,2026-09-01,57.52471859348441,forecast,False,boosting_squared,32,8,15.33992495826251
010800005_,шт,2026-09-01,34.85857445392138,forecast,False,boosting_squared,32,8,9.295619854379034
010800006_,шт,2026-09-01,13.699119045560447,forecast,False,boosting_squared,32,8,3.6530984121494527
010800009_,шт,2026-09-01,3.462490808577213,forecast,False,boosting_squared,21,8,0.9233308822872568
010800010_,шт,2026-09-01,17.22667519369906,forecast,False,boosting_squared,32,8,4.5937800516530825
010800011_,шт,2026-09-01,13.841384344696149,forecast,False,boosting_squared,32,8,3.6910358252523063
010800012_,шт,2026-09-01,36.32282617529459,forecast,False,boosting_squared,32,8,9.686086980078557
010800015_,шт,2026-09-01,13.7285440417242,forecast,False,boosting_squared,32,8,3.6609450777931203
010800016_,шт,2026-09-01,27.717262843685006,forecast,False,boosting_squared,32,8,7.391270091649335
010800017_,шт,2026-09-01,17.787529244493015,forecast,False,boosting_squared,32,8,4.743341131864804
010800018_,шт,2026-09-01,12.31417852744814,forecast,False,boosting_squared,30,8,3.2837809406528375
010800019_,шт,2026-09-01,,insufficient_history,False,boosting_squared,2,8,
010800020_,шт,2026-09-01,2.223318555671068,forecast,False,boosting_squared,3,8,0.5928849481789515
010800021_,шт,2026-09-01,,insufficient_history,False,boosting_squared,2,8,
010800022_,шт,2026-09-01,,insufficient_history,False,boosting_squared,0,8,
010800023_,шт,2026-09-01,,insufficient_history,False,boosting_squared,1,8,
010800025_,шт,2026-09-01,1.5776417198074308,forecast,False,boosting_squared,3,8,0.4207044586153149
010800027_,шт,2026-09-01,31.185625952291584,forecast,False,boosting_squared,32,8,8.316166920611089
010800028_,шт,2026-09-01,14.33075493761869,forecast,False,boosting_squared,32,8,3.8215346500316505
010800029_,шт,2026-09-01,13.5685184005835,forecast,False,boosting_squared,32,8,3.6182715734889332
010800030_,шт,2026-09-01,5.88414612791768,forecast,False,boosting_squared,27,8,1.5691056341113814
010800031_,шт,2026-09-01,3.1587194853012113,forecast,False,boosting_squared,28,8,0.842325196080323
010800033_,шт,2026-09-01,14.752381351325678,forecast,False,boosting_squared,30,8,3.933968360353514
010800034_,шт,2026-09-01,21.411571740607354,forecast,False,boosting_squared,32,8,5.709752464161961
010800035_,шт,2026-09-01,37.40432324081089,forecast,False,boosting_squared,32,8,9.97448619754957
010800036_,шт,2026-09-01,,insufficient_history,False,boosting_squared,1,8,
010800037_,шт,2026-09-01,,insufficient_history,False,boosting_squared,1,8,
010800038_,шт,2026-09-01,,insufficient_history,False,boosting_squared,0,8,
010800039_,шт,2026-09-01,,insufficient_history,False,boosting_squared,1,8,
010800040_,шт,2026-09-01,,insufficient_history,False,boosting_squared,1,8,
010800041_,шт,2026-09-01,3.242574501242607,forecast,False,boosting_squared,6,8,0.8646865336646952
010800042_,шт,2026-09-01,,insufficient_history,False,boosting_squared,2,8,
010800044_,,2026-09-01,,insufficient_history,False,boosting_squared,0,8,
010800045_,шт,2026-09-01,2.0834256879675634,forecast,False,boosting_squared,16,8,0.555580183458017
010800046_,шт,2026-09-01,1.221122783745494,forecast,False,boosting_squared,15,8,0.32563274233213174
010800048_,шт,2026-09-01,,insufficient_history,False,boosting_squared,0,8,
010800049_,шт,2026-09-01,,insufficient_history,False,boosting_squared,1,8,
010800050_,шт,2026-09-01,,insufficient_history,False,boosting_squared,2,8,
010800051_,шт,2026-09-01,6.196968184935516,forecast,False,boosting_squared,11,8,1.6525248493161375
010800052_,шт,2026-09-01,3.316611815224758,forecast,False,boosting_squared,15,8,0.8844298173932688
010800053_,шт,2026-09-01,7.179762522405705,forecast,False,boosting_squared,5,8,1.9146033393081878
010800054_,шт,2026-09-01,,insufficient_history,False,boosting_squared,2,8,
010800055_,шт,2026-09-01,11.967224539474845,forecast,False,boosting_squared,32,8,3.191259877193292
010800056_,шт,2026-09-01,10.72633615293206,forecast,False,boosting_squared,3,8,2.860356307448549
010800057_,шт,2026-09-01,9.211755657702088,forecast,False,boosting_squared,4,8,2.4564681753872235
010800058_,шт,2026-09-01,,insufficient_history,False,boosting_squared,2,8,
010800060_,шт,2026-09-01,3.275143324040665,forecast,False,boosting_squared,4,8,0.8733715530775107
010800061_,шт,2026-09-01,0.8012296489127712,forecast,False,boosting_squared,4,8,0.2136612397100723
010800062_,шт,2026-09-01,3.6699562626878044,forecast,False,boosting_squared,5,8,0.9786550033834145
010800070_,шт,2026-09-01,8.860710293422455,forecast,False,boosting_squared,4,8,2.362856078245988
010800106_,шт,2026-09-01,,insufficient_history,False,boosting_squared,2,8,
010800115_,шт,2026-09-01,,insufficient_history,False,boosting_squared,0,8,
010800139_,шт,2026-09-01,3.7153373111351318,forecast,False,boosting_squared,25,8,0.9907566163027018
010800202_,,2026-09-01,,insufficient_history,False,boosting_squared,0,8,
010800203_,шт,2026-09-01,,insufficient_history,False,boosting_squared,0,8,
010800204_,,2026-09-01,,insufficient_history,False,boosting_squared,0,8,
010800205_,,2026-09-01,,insufficient_history,False,boosting_squared,0,8,
010800206_,,2026-09-01,,insufficient_history,False,boosting_squared,0,8,
010800207_,,2026-09-01,,insufficient_history,False,boosting_squared,0,8,
010800208_,,2026-09-01,,insufficient_history,False,boosting_squared,0,8,
010800209_,шт,2026-09-01,,insufficient_history,False,boosting_squared,0,8,
010800210_,,2026-09-01,,insufficient_history,False,boosting_squared,0,8,
010800211_,,2026-09-01,,insufficient_history,False,boosting_squared,0,8,
010800212_,,2026-09-01,,insufficient_history,False,boosting_squared,0,8,
010800213_,,2026-09-01,,insufficient_history,False,boosting_squared,0,8,
010800257_,,2026-09-01,,insufficient_history,False,boosting_squared,0,8,
010800258_,шт,2026-09-01,2.8725619802021964,forecast,False,boosting_squared,3,8,0.7660165280539191
011100062_,шт,2026-09-01,,insufficient_history,False,boosting_squared,2,8,
011100063_,шт,2026-09-01,2.838955382528526,forecast,False,boosting_squared,5,8,0.7570547686742736
011100064_,шт,2026-09-01,0.9837657456340112,forecast,False,boosting_squared,3,8,0.26233753216906963
011100065_,шт,2026-09-01,3.054190086847603,forecast,False,boosting_squared,4,8,0.8144506898260275
011100066_,шт,2026-09-01,,insufficient_history,False,boosting_squared,0,8,
011100067_,шт,2026-09-01,1.989205470643534,forecast,False,boosting_squared,6,8,0.5304547921716091
011100068_,шт,2026-09-01,3.950029511179007,forecast,False,boosting_squared,11,8,1.0533412029810685
011100069_,шт,2026-09-01,3.7491478318279023,forecast,False,boosting_squared,8,8,0.9997727551541072
011100071_,шт,2026-09-01,3.054190086847603,forecast,False,boosting_squared,4,8,0.8144506898260275
011100098_,шт,2026-09-01,,insufficient_history,False,boosting_squared,2,8,
011100121_,шт,2026-09-01,,insufficient_history,False,boosting_squared,2,8,
011100123_,шт,2026-09-01,,insufficient_history,False,boosting_squared,1,8,
011100124_,шт,2026-09-01,0.8747448528520593,forecast,False,boosting_squared,3,8,0.23326529409388247
011100126_,шт,2026-09-01,13.759776439505865,forecast,False,boosting_squared,4,8,3.669273717201564
011100210_,шт,2026-09-01,,insufficient_history,False,boosting_squared,1,8,
011100245_,шт,2026-09-01,3.837353508450583,forecast,False,boosting_squared,3,8,1.0232942689201556
011100249_,шт,2026-09-01,,insufficient_history,False,boosting_squared,1,8,
011100251_,шт,2026-09-01,,insufficient_history,False,boosting_squared,1,8,
011100253_,шт,2026-09-01,,insufficient_history,False,boosting_squared,0,8,
011100354_,шт,2026-09-01,,insufficient_history,False,boosting_squared,2,8,
020100001_,шт,2026-09-01,4.481129819619149,forecast,False,boosting_squared,24,8,1.1949679518984397
020100002_,шт,2026-09-01,11.387565219165847,forecast,False,boosting_squared,27,8,3.0366840584442256
020100003_,шт,2026-09-01,10.776365974914189,forecast,False,boosting_squared,26,8,2.8736975933104505
020100004_,шт,2026-09-01,13.722454626939815,forecast,False,boosting_squared,28,8,3.6593212338506174
020100005_,шт,2026-09-01,54.09761961192241,forecast,False,boosting_squared,31,8,14.426031896512644
020100006_,шт,2026-09-01,32.13918066332333,forecast,False,boosting_squared,32,8,8.570448176886222
020100007_,шт,2026-09-01,11.635306216390706,forecast,False,boosting_squared,24,8,3.102748324370855
020100008_,шт,2026-09-01,2.8612126939476465,forecast,False,boosting_squared,13,8,0.7629900517193724
020100009_,шт,2026-09-01,7.165004795304677,forecast,False,boosting_squared,17,8,1.9106679454145805
020100010_,шт,2026-09-01,8.644924759726985,forecast,False,boosting_squared,19,8,2.3053132692605294
020100011_,шт,2026-09-01,5.277421637757927,forecast,False,boosting_squared,20,8,1.4073124367354473
020100012_,шт,2026-09-01,13.33426209237885,forecast,False,boosting_squared,30,8,3.55580322463436
020100013_,шт,2026-09-01,19.151539143172833,forecast,False,boosting_squared,32,8,5.107077104846089
020100015_,шт,2026-09-01,6.14776223444205,forecast,False,boosting_squared,24,8,1.63940326251788
020100017_,шт,2026-09-01,4.325042372916943,forecast,False,boosting_squared,21,8,1.1533446327778516
020100018_,шт,2026-09-01,4.325149236302684,forecast,False,boosting_squared,23,8,1.1533731296807157
020100019_,шт,2026-09-01,9.963860808024053,forecast,False,boosting_squared,27,8,2.657029548806414
020100020_,шт,2026-09-01,48.19473853641751,forecast,False,boosting_squared,31,8,12.851930276378003
020100021_,шт,2026-09-01,34.10159762168419,forecast,False,boosting_squared,32,8,9.093759365782452
020100022_,шт,2026-09-01,13.215851638568179,forecast,False,boosting_squared,28,8,3.524227103618181
020100023_,шт,2026-09-01,2.373043398735653,forecast,False,boosting_squared,6,8,0.6328115729961741
020100044_,шт,2026-09-01,3.4473927179772406,forecast,False,boosting_squared,21,8,0.9193047247939308
020100045_,шт,2026-09-01,3.8144193327101283,forecast,False,boosting_squared,22,8,1.017178488722701
020300080_,шт,2026-09-01,10.60828789720707,forecast,False,boosting_squared,9,8,2.828876772588552
020300082_,шт,2026-09-01,7.858369540663114,forecast,False,boosting_squared,5,8,2.095565210843497
020300085_,,2026-09-01,,insufficient_history,False,boosting_squared,0,8,
020300088_,шт,2026-09-01,2.451799255274538,forecast,False,boosting_squared,8,8,0.6538131347398768
020300150_,шт,2026-09-01,3.5425777737552453,forecast,False,boosting_squared,5,8,0.944687406334732
030200406_,шт,2026-09-01,228.14357703940698,forecast,False,boosting_squared,32,8,60.838287210508526
030200407_,шт,2026-09-01,124.53313582707128,forecast,False,boosting_squared,32,8,33.20883622055234
030200408_,шт,2026-09-01,20.059835846088223,forecast,False,boosting_squared,27,8,5.349289558956859
030200409_,шт,2026-09-01,60.93711323818055,forecast,False,boosting_squared,32,8,16.249896863514813
030200410_,шт,2026-09-01,7.05503005821407,forecast,False,boosting_squared,17,8,1.8813413488570854
030200411_,шт,2026-09-01,8.26443462079404,forecast,False,boosting_squared,27,8,2.203849232211744
030200412_,шт,2026-09-01,12.785216161749052,forecast,False,boosting_squared,22,8,3.4093909764664136
030200413_,шт,2026-09-01,69.37926076354645,forecast,False,boosting_squared,31,8,18.501136203612386
030200414_,шт,2026-09-01,66.83089539452747,forecast,False,boosting_squared,32,8,17.821572105207327
030200415_,шт,2026-09-01,298.6883297713773,forecast,False,boosting_squared,32,8,79.65022127236729
030200416_,шт,2026-09-01,78.03165560937768,forecast,False,boosting_squared,32,8,20.80844149583405
030200417_,шт,2026-09-01,53.17626311761657,forecast,False,boosting_squared,31,8,14.18033683136442
030200418_,шт,2026-09-01,12.82103412212523,forecast,False,boosting_squared,29,8,3.418942432566728
030200419_,шт,2026-09-01,5.609839781969816,forecast,False,boosting_squared,18,8,1.495957275191951
030200420_,шт,2026-09-01,28.635025234972108,forecast,False,boosting_squared,32,8,7.636006729325896
030200421_,шт,2026-09-01,6.3928474098680965,forecast,False,boosting_squared,19,8,1.704759309298159
030200422_,шт,2026-09-01,23.101959650465766,forecast,False,boosting_squared,32,8,6.160522573457538
030200423_,шт,2026-09-01,4.744582980566186,forecast,False,boosting_squared,15,8,1.265222128150983
030200424_,шт,2026-09-01,6.237266348510237,forecast,False,boosting_squared,23,8,1.6632710262693964
030200425_,шт,2026-09-01,12.2275792215183,forecast,False,boosting_squared,28,8,3.26068779240488
030200426_,шт,2026-09-01,16.79444034747141,forecast,False,boosting_squared,30,8,4.478517425992377
030200427_,шт,2026-09-01,11.631275161767684,forecast,False,boosting_squared,24,8,3.1016733764713824
030200428_,шт,2026-09-01,38.9822982724207,forecast,False,boosting_squared,31,8,10.395279539312186
030200429_,шт,2026-09-01,105.18503853170601,forecast,False,boosting_squared,32,8,28.049343608454937
030200430_,шт,2026-09-01,32.94040643107226,forecast,False,boosting_squared,32,8,8.78410838161927
030200431_,шт,2026-09-01,14.744138074413586,forecast,False,boosting_squared,32,8,3.931770153176956
030200432_,шт,2026-09-01,9.63272765791856,forecast,False,boosting_squared,24,8,2.5687273754449493
030200433_,шт,2026-09-01,5.483987520440286,forecast,False,boosting_squared,25,8,1.4623966721174098
030200434_,шт,2026-09-01,217.2795231194918,forecast,False,boosting_squared,32,8,57.94120616519782
030200435_,шт,2026-09-01,125.02721574236817,forecast,False,boosting_squared,32,8,33.340590864631515
030200436_,шт,2026-09-01,3.003897876885518,forecast,False,boosting_squared,15,8,0.8010394338361381
030200437_,шт,2026-09-01,73.14057244375616,forecast,False,boosting_squared,32,8,19.50415265166831
030200438_,шт,2026-09-01,2.7304638515719377,forecast,False,boosting_squared,14,8,0.7281236937525167
030200439_,шт,2026-09-01,13.025226947393966,forecast,False,boosting_squared,32,8,3.4733938526383907
030200440_,шт,2026-09-01,18.264498619960644,forecast,False,boosting_squared,31,8,4.870532965322838
030200441_,шт,2026-09-01,93.25423320923416,forecast,False,boosting_squared,32,8,24.86779552246244
030200442_,шт,2026-09-01,8.60426381616707,forecast,False,boosting_squared,19,8,2.294470350977885
030200443_,шт,2026-09-01,336.13686749613186,forecast,False,boosting_squared,32,8,89.6364979989685
030200444_,шт,2026-09-01,89.44991339122859,forecast,False,boosting_squared,32,8,23.853310237660956
030200445_,шт,2026-09-01,43.420409318853125,forecast,False,boosting_squared,32,8,11.578775818360834
030200446_,шт,2026-09-01,13.33129047813964,forecast,False,boosting_squared,32,8,3.555010794170571
030200447_,шт,2026-09-01,12.506005745356575,forecast,False,boosting_squared,28,8,3.33493486542842
030200448_,шт,2026-09-01,879.5844996315866,forecast,False,boosting_squared,32,8,234.55586656842308
030200449_,шт,2026-09-01,55.44260210183745,forecast,False,boosting_squared,32,8,14.78469389382332
030200450_,шт,2026-09-01,403.8582605848794,forecast,False,boosting_squared,32,8,107.69553615596784
030200451_,шт,2026-09-01,34.7494926175377,forecast,False,boosting_squared,32,8,9.26653136467672
030200452_,шт,2026-09-01,52.594899631257576,forecast,False,boosting_squared,32,8,14.025306568335354
030200453_,шт,2026-09-01,169.02166676956077,forecast,False,boosting_squared,32,8,45.07244447188287
030200454_,шт,2026-09-01,100.93718751017619,forecast,False,boosting_squared,32,8,26.916583336046983
030200455_,шт,2026-09-01,11.129063060388912,forecast,False,boosting_squared,19,8,2.9677501494370433
030200456_,шт,2026-09-01,18.419962370728197,forecast,False,boosting_squared,31,8,4.911989965527519
030200457_,шт,2026-09-01,271.5572960978732,forecast,False,boosting_squared,32,8,72.41527895943285
030200458_,шт,2026-09-01,988.5096974861758,forecast,False,boosting_squared,32,8,263.60258599631356
030200459_,шт,2026-09-01,127.09005346205272,forecast,False,boosting_squared,32,8,33.890680923214056
030200460_,шт,2026-09-01,1591.9799701282668,forecast,False,boosting_squared,32,8,424.5279920342045
030200461_,шт,2026-09-01,1091.576822051712,forecast,False,boosting_squared,32,8,291.0871525471232
030200462_,шт,2026-09-01,36.28259523974503,forecast,False,boosting_squared,30,8,9.675358730598674
030200463_,шт,2026-09-01,1764.744469311222,forecast,False,boosting_squared,32,8,470.5985251496592
030200464_,шт,2026-09-01,733.7040407674873,forecast,False,boosting_squared,32,8,195.65441087132996
030200465_,шт,2026-09-01,359.0010598824617,forecast,False,boosting_squared,32,8,95.73361596865645
030200466_,шт,2026-09-01,82.06669322026734,forecast,False,boosting_squared,32,8,21.884451525404625
030200467_,шт,2026-09-01,87.01516671055376,forecast,False,boosting_squared,32,8,23.204044456147667
030200468_,шт,2026-09-01,12.352071938659277,forecast,False,boosting_squared,30,8,3.2938858503091404
030200469_,шт,2026-09-01,4.453335504971122,forecast,False,boosting_squared,23,8,1.1875561346589658
030200470_,шт,2026-09-01,62.184072139856426,forecast,False,boosting_squared,32,8,16.582419237295046
030200471_,шт,2026-09-01,345.9869572130662,forecast,False,boosting_squared,32,8,92.26318859015099
030200472_,шт,2026-09-01,156.88285837241432,forecast,False,boosting_squared,32,8,41.835428899310486
030200473_,шт,2026-09-01,6.1610827906804495,forecast,False,boosting_squared,27,8,1.64295541084812
030200474_,шт,2026-09-01,90.57637224611702,forecast,False,boosting_squared,32,8,24.153699265631204
030200475_,шт,2026-09-01,8.134588654364542,forecast,False,boosting_squared,27,8,2.1692236411638777
030200476_,шт,2026-09-01,22.076784856451503,forecast,False,boosting_squared,32,8,5.887142628387068
030200477_,шт,2026-09-01,25.566275624852548,forecast,False,boosting_squared,32,8,6.817673499960679
030200478_,шт,2026-09-01,76.21010218102248,forecast,False,boosting_squared,32,8,20.32269391493933
030200479_,шт,2026-09-01,45.99863392167281,forecast,False,boosting_squared,31,8,12.26630237911275
030200480_,шт,2026-09-01,451.1849843510483,forecast,False,boosting_squared,32,8,120.3159958269462
030200481_,шт,2026-09-01,149.93264324467748,forecast,False,boosting_squared,32,8,39.98203819858066
030200482_,шт,2026-09-01,71.5267856457081,forecast,False,boosting_squared,32,8,19.07380950552216
030200483_,шт,2026-09-01,23.401617829776146,forecast,False,boosting_squared,31,8,6.240431421273639
030200484_,шт,2026-09-01,14.403982605954823,forecast,False,boosting_squared,30,8,3.8410620282546195
030200485_,шт,2026-09-01,2357.9239272660043,forecast,False,boosting_squared,32,8,628.7797139376012
030200486_,шт,2026-09-01,683.7098550876256,forecast,False,boosting_squared,32,8,182.3226280233668
030200487_,шт,2026-09-01,36.09921666129851,forecast,False,boosting_squared,32,8,9.62645777634627
030200488_,шт,2026-09-01,416.3669501501717,forecast,False,boosting_squared,32,8,111.03118670671246
030200489_,шт,2026-09-01,17.109877761301146,forecast,False,boosting_squared,31,8,4.562634069680305
030200490_,шт,2026-09-01,81.15641761423844,forecast,False,boosting_squared,32,8,21.641711363796915
030200491_,шт,2026-09-01,88.27058916093985,forecast,False,boosting_squared,32,8,23.538823776250627
030200492_,шт,2026-09-01,485.56461867588973,forecast,False,boosting_squared,32,8,129.4838983135706
030200493_,шт,2026-09-01,120.61940185660553,forecast,False,boosting_squared,32,8,32.165173828428145
030200494_,шт,2026-09-01,2048.29783243726,forecast,False,boosting_squared,32,8,546.2127553166026
030200495_,шт,2026-09-01,536.0601358123985,forecast,False,boosting_squared,32,8,142.94936954997291
030200496_,шт,2026-09-01,239.99128757420465,forecast,False,boosting_squared,32,8,63.997676686454575
030200497_,шт,2026-09-01,53.36122911936973,forecast,False,boosting_squared,32,8,14.229661098498594
030200498_,шт,2026-09-01,46.6476024398444,forecast,False,boosting_squared,30,8,12.439360650625172
030200499_,шт,2026-09-01,231.89534993403933,forecast,False,boosting_squared,32,8,61.83875998241049
030200500_,шт,2026-09-01,136.16364391601078,forecast,False,boosting_squared,32,8,36.31030504426954
030200501_,шт,2026-09-01,12.054071623920777,forecast,False,boosting_squared,25,8,3.2144190997122073
030200502_,шт,2026-09-01,81.33494920767203,forecast,False,boosting_squared,32,8,21.68931978871254
030200503_,шт,2026-09-01,5.370900266001317,forecast,False,boosting_squared,24,8,1.4322400709336844
030200504_,шт,2026-09-01,14.441261457475372,forecast,False,boosting_squared,30,8,3.851003055326766
030200505_,шт,2026-09-01,26.393266271271198,forecast,False,boosting_squared,30,8,7.038204339005653
030200506_,шт,2026-09-01,83.408856096326,forecast,False,boosting_squared,32,8,22.242361625686936
030200507_,шт,2026-09-01,50.63024997532908,forecast,False,boosting_squared,31,8,13.501399993421087
030200508_,шт,2026-09-01,467.59203389465733,forecast,False,boosting_squared,32,8,124.6912090385753
030200509_,шт,2026-09-01,82.82384314224595,forecast,False,boosting_squared,32,8,22.086358171265587
030200510_,шт,2026-09-01,41.612380982362886,forecast,False,boosting_squared,31,8,11.096634928630102
030200511_,шт,2026-09-01,17.667678477574654,forecast,False,boosting_squared,30,8,4.711380927353241
030200512_,шт,2026-09-01,13.281860942201344,forecast,False,boosting_squared,25,8,3.5418295845870253
030200513_,шт,2026-09-01,4.219190288926019,forecast,False,boosting_squared,16,8,1.125117410380272
030200514_,шт,2026-09-01,444.30764932347097,forecast,False,boosting_squared,32,8,118.48203981959226
030200515_,шт,2026-09-01,206.17613361516553,forecast,False,boosting_squared,32,8,54.98030229737747
030200516_,шт,2026-09-01,258.95024641512816,forecast,False,boosting_squared,32,8,69.05339904403418
030200517_,шт,2026-09-01,1021.9859293873205,forecast,False,boosting_squared,32,8,272.52958116995217
030200518_,шт,2026-09-01,427.1066329592578,forecast,False,boosting_squared,32,8,113.89510212246874
030200519_,шт,2026-09-01,19.63993309481443,forecast,False,boosting_squared,27,8,5.237315491950515
030200520_,шт,2026-09-01,6.761281222945581,forecast,False,boosting_squared,21,8,1.8030083261188217
030200521_,шт,2026-09-01,11.292138930624581,forecast,False,boosting_squared,15,8,3.011237048166555
030200522_,шт,2026-09-01,120.59741472297279,forecast,False,boosting_squared,26,8,32.15931059279274
030200523_,шт,2026-09-01,,insufficient_history,False,boosting_squared,0,8,
030200524_,шт,2026-09-01,8.250848183681844,forecast,False,boosting_squared,10,8,2.2002261823151583
030200525_,шт,2026-09-01,151.75313034923985,forecast,False,boosting_squared,25,8,40.46750142646396
030200527_,шт,2026-09-01,17.18432600883402,forecast,False,boosting_squared,25,8,4.582486935689072
030200528_,шт,2026-09-01,122.32076695157967,forecast,False,boosting_squared,24,8,32.61887118708791
030200529_,шт,2026-09-01,2.1713430738644277,forecast,False,boosting_squared,4,8,0.5790248196971807
030200530_,шт,2026-09-01,49.81184933286977,forecast,False,boosting_squared,30,8,13.283159822098606
030200531_,шт,2026-09-01,283.2611799220446,forecast,False,boosting_squared,31,8,75.53631464587856
030200532_,шт,2026-09-01,1.1073234446212001,forecast,False,boosting_squared,5,8,0.2952862518989867
030200533_,шт,2026-09-01,37.934044822628735,forecast,False,boosting_squared,31,8,10.115745286034329
030200534_,шт,2026-09-01,274.62623491902417,forecast,False,boosting_squared,25,8,73.23366264507311
030200535_,шт,2026-09-01,6.017693814034638,forecast,False,boosting_squared,9,8,1.6047183504092368
030200536_,шт,2026-09-01,305.5814647142191,forecast,False,boosting_squared,32,8,81.48839059045844
030200538_,шт,2026-09-01,2.6205052658728074,forecast,False,boosting_squared,19,8,0.6988014042327486
030200539_,шт,2026-09-01,4.950209943650765,forecast,False,boosting_squared,26,8,1.3200559849735372
030200540_,шт,2026-09-01,5.420667979167018,forecast,False,boosting_squared,15,8,1.4455114611112048
030200541_,шт,2026-09-01,8.353836620447751,forecast,False,boosting_squared,24,8,2.2276897654527335
030200542_,шт,2026-09-01,16.016643640233415,forecast,False,boosting_squared,21,8,4.271104970728911
030200543_,шт,2026-09-01,10.6104127311418,forecast,False,boosting_squared,30,8,2.8294433949711464
030200550_,шт,2026-09-01,39.46044437916162,forecast,False,boosting_squared,18,8,10.522785167776432
030200551_,шт,2026-09-01,3.702894343470012,forecast,False,boosting_squared,26,8,0.9874384915920033
030200552_,шт,2026-09-01,2.2171462229662016,forecast,False,boosting_squared,10,8,0.5912389927909871
030200553_,шт,2026-09-01,3.117701096085672,forecast,False,boosting_squared,27,8,0.8313869589561792
030200554_,шт,2026-09-01,3.207290713479804,forecast,False,boosting_squared,6,8,0.8552775235946144
030200555_,шт,2026-09-01,5.30705526230597,forecast,False,boosting_squared,16,8,1.4152147366149253
030200556_,шт,2026-09-01,6.149687792845515,forecast,False,boosting_squared,17,8,1.639916744758804
030200557_,шт,2026-09-01,12.634937692308862,forecast,False,boosting_squared,23,8,3.36931671794903
030200558_,шт,2026-09-01,2.943297836495727,forecast,False,boosting_squared,5,8,0.7848794230655273
030200559_,шт,2026-09-01,8.813760784009858,forecast,False,boosting_squared,28,8,2.3503362090692956
030200560_,шт,2026-09-01,8.509464681115858,forecast,False,boosting_squared,24,8,2.2691905816308955
030200561_,шт,2026-09-01,5.990091233867287,forecast,False,boosting_squared,24,8,1.5973576623646097
030200562_,шт,2026-09-01,2.605589570601328,forecast,False,boosting_squared,18,8,0.6948238854936875
030200563_,шт,2026-09-01,8.795807757954,forecast,False,boosting_squared,11,8,2.3455487354544
030200564_,шт,2026-09-01,5.284434325061093,forecast,False,boosting_squared,4,8,1.409182486682958
030200565_,шт,2026-09-01,25.60567331699496,forecast,False,boosting_squared,22,8,6.828179551198656
030200566_,шт,2026-09-01,10.603383273546473,forecast,False,boosting_squared,12,8,2.8275688729457262
030200567_,шт,2026-09-01,3.81750978684389,forecast,False,boosting_squared,21,8,1.0180026098250372
030200568_,шт,2026-09-01,5.432308544184417,forecast,False,boosting_squared,20,8,1.4486156117825113
030200739_,шт,2026-09-01,3.787582345644446,forecast,False,boosting_squared,21,8,1.0100219588385189
030200740_,шт,2026-09-01,8.46801592411747,forecast,False,boosting_squared,18,8,2.2581375797646586
030200741_,шт,2026-09-01,8.251616767587981,forecast,False,boosting_squared,23,8,2.2004311380234616
030200742_,шт,2026-09-01,4.08918831126531,forecast,False,boosting_squared,13,8,1.090450216337416
030200743_,шт,2026-09-01,10.701003533326586,forecast,False,boosting_squared,27,8,2.853600942220423
030200744_,шт,2026-09-01,34.28904651803539,forecast,False,boosting_squared,32,8,9.143745738142771
030200745_,шт,2026-09-01,5.129379619205392,forecast,False,boosting_squared,17,8,1.3678345651214379
030200746_,шт,2026-09-01,2.1713430738644277,forecast,False,boosting_squared,3,8,0.5790248196971807
030200747_,шт,2026-09-01,1.202857468147258,forecast,False,boosting_squared,9,8,0.32076199150593543
030200748_,шт,2026-09-01,5.616262468535506,forecast,False,boosting_squared,24,8,1.4976699916094682
030200751_,шт,2026-09-01,3.6240622481935496,forecast,False,boosting_squared,10,8,0.9664165995182799
030200752_,шт,2026-09-01,7.797249083906582,forecast,False,boosting_squared,29,8,2.0792664223750887
030200753_,шт,2026-09-01,20.809105171420615,forecast,False,boosting_squared,32,8,5.549094712378831
030200754_,шт,2026-09-01,,insufficient_history,False,boosting_squared,2,8,
030200755_,шт,2026-09-01,2.9045787776041383,forecast,False,boosting_squared,13,8,0.7745543406944368
030200756_,шт,2026-09-01,3.360363141455829,forecast,False,boosting_squared,16,8,0.8960968377215544
030200757_,шт,2026-09-01,3.8639614408898706,forecast,False,boosting_squared,23,8,1.0303897175706322
030200758_,шт,2026-09-01,8.966163444491805,forecast,False,boosting_squared,30,8,2.390976918531148
030200759_,шт,2026-09-01,1.8389233552179354,forecast,False,boosting_squared,4,8,0.49037956139144945
030200761_,шт,2026-09-01,,insufficient_history,False,boosting_squared,1,8,
030200764_,шт,2026-09-01,,insufficient_history,False,boosting_squared,0,8,
030200765_,шт,2026-09-01,2.0869255947393173,forecast,False,boosting_squared,3,8,0.5565134919304846
030200766_,шт,2026-09-01,,insufficient_history,False,boosting_squared,0,8,
030200767_,шт,2026-09-01,1.1668577082616336,forecast,False,boosting_squared,3,8,0.3111620555364356
030200768_,шт,2026-09-01,1.1832312898555732,forecast,False,boosting_squared,4,8,0.3155283439614862
030200769_,шт,2026-09-01,,insufficient_history,False,boosting_squared,2,8,
030200770_,шт,2026-09-01,7.402444106111536,forecast,False,boosting_squared,5,8,1.9739850949630762
030200771_,шт,2026-09-01,3.870612624155321,forecast,False,boosting_squared,25,8,1.032163366441419
030200772_,шт,2026-09-01,12.319264725173314,forecast,False,boosting_squared,9,8,3.285137260046217
030200773_,шт,2026-09-01,5.257028474904414,forecast,False,boosting_squared,26,8,1.4018742599745102
030200774_,шт,2026-09-01,15.531431294469227,forecast,False,boosting_squared,22,8,4.1417150118584605
030200775_,шт,2026-09-01,7.49788453507649,forecast,False,boosting_squared,18,8,1.9994358760203972
030200776_,шт,2026-09-01,4.5923296142547905,forecast,False,boosting_squared,23,8,1.224621230467944
030200777_,шт,2026-09-01,9.984035015365517,forecast,False,boosting_squared,14,8,2.6624093374308044
030200778_,шт,2026-09-01,8.508432684490039,forecast,False,boosting_squared,13,8,2.268915382530677
030200779_,шт,2026-09-01,6.591745542448904,forecast,False,boosting_squared,23,8,1.7577988113197078
030200780_,шт,2026-09-01,14.883707924933969,forecast,False,boosting_squared,30,8,3.9689887799823915
030200781_,шт,2026-09-01,1.9284100381886722,forecast,False,boosting_squared,7,8,0.5142426768503126
030200782_,шт,2026-09-01,15.079819031245616,forecast,False,boosting_squared,27,8,4.021285074998831
030200784_,шт,2026-09-01,,insufficient_history,False,boosting_squared,0,8,
030200785_,шт,2026-09-01,4.2764579483523,forecast,False,boosting_squared,10,8,1.1403887862272801
030200786_,шт,2026-09-01,,insufficient_history,False,boosting_squared,1,8,
030200787_,шт,2026-09-01,1.216910962519479,forecast,False,boosting_squared,12,8,0.32450959000519436
030200789_,шт,2026-09-01,5.2400126492030195,forecast,False,boosting_squared,10,8,1.3973367064541384
030200809_,шт,2026-09-01,3.4673122316798115,forecast,False,boosting_squared,5,8,0.9246165951146164
030200810_,шт,2026-09-01,60.50394952375379,forecast,False,boosting_squared,32,8,16.134386539667677
030200811_,шт,2026-09-01,27.793924004011973,forecast,False,boosting_squared,32,8,7.411713067736526
030200812_,шт,2026-09-01,7.813000504585621,forecast,False,boosting_squared,5,8,2.083466801222832
030200813_,шт,2026-09-01,13.309800792874688,forecast,False,boosting_squared,30,8,3.54928021143325
030200814_,шт,2026-09-01,2.6911320473279674,forecast,False,boosting_squared,5,8,0.7176352126207913
030200815_,шт,2026-09-01,3.9682626410051873,forecast,False,boosting_squared,22,8,1.0582033709347167
030200816_,шт,2026-09-01,5.793331060035886,forecast,False,boosting_squared,21,8,1.5448882826762362
030200817_,шт,2026-09-01,14.45230775367014,forecast,False,boosting_squared,27,8,3.8539487343120373
030200818_,шт,2026-09-01,4.77687554060627,forecast,False,boosting_squared,14,8,1.2738334774950055
030200819_,шт,2026-09-01,63.040338297832015,forecast,False,boosting_squared,32,8,16.81075687942187
030200820_,шт,2026-09-01,19.695550539744062,forecast,False,boosting_squared,30,8,5.252146810598417
030200821_,шт,2026-09-01,9.169515671972885,forecast,False,boosting_squared,30,8,2.4452041791927694
030200822_,шт,2026-09-01,8.281913108623089,forecast,False,boosting_squared,22,8,2.2085101622994903
030200823_,шт,2026-09-01,5.34205465066,forecast,False,boosting_squared,16,8,1.4245479068426665
030200824_,шт,2026-09-01,4.684709439335506,forecast,False,boosting_squared,18,8,1.2492558504894684
030200825_,шт,2026-09-01,4.851985667647366,forecast,False,boosting_squared,11,8,1.2938628447059641
030200826_,шт,2026-09-01,5.058863708698928,forecast,False,boosting_squared,3,8,1.349030322319714
030200827_,шт,2026-09-01,208.92275238604688,forecast,False,boosting_squared,32,8,55.7127339696125
030200828_,шт,2026-09-01,70.73555025674264,forecast,False,boosting_squared,32,8,18.86281340179804
030200829_,шт,2026-09-01,3.5294255456828876,forecast,False,boosting_squared,12,8,0.9411801455154367
030200830_,шт,2026-09-01,39.07421693013016,forecast,False,boosting_squared,32,8,10.419791181368044
030200831_,шт,2026-09-01,4.004659091263787,forecast,False,boosting_squared,10,8,1.0679090910036766
030200832_,шт,2026-09-01,19.78387956570621,forecast,False,boosting_squared,28,8,5.275701217521656
030200833_,шт,2026-09-01,17.045444738855554,forecast,False,boosting_squared,27,8,4.545451930361481
030200834_,шт,2026-09-01,26.671132476279922,forecast,False,boosting_squared,30,8,7.112301993674646
030200835_,шт,2026-09-01,8.35914747075923,forecast,False,boosting_squared,20,8,2.2291059922024616
030200836_,шт,2026-09-01,205.93172829004266,forecast,False,boosting_squared,32,8,54.915127544011376
030200837_,шт,2026-09-01,64.830283800349,forecast,False,boosting_squared,31,8,17.288075680093066
030200838_,шт,2026-09-01,22.948811071243746,forecast,False,boosting_squared,32,8,6.119682952331666
030200839_,шт,2026-09-01,11.379435439674797,forecast,False,boosting_squared,31,8,3.0345161172466124
030200840_,шт,2026-09-01,10.318602782718449,forecast,False,boosting_squared,26,8,2.7516274087249197
030200841_,шт,2026-09-01,12.835606226796063,forecast,False,boosting_squared,15,8,3.422828327145617
030200842_,шт,2026-09-01,6.512753735151112,forecast,False,boosting_squared,8,8,1.7367343293736297
030200843_,шт,2026-09-01,10.047400416581915,forecast,False,boosting_squared,14,8,2.6793067777551776
030200844_,шт,2026-09-01,8.474931638961895,forecast,False,boosting_squared,19,8,2.2599817703898384
030200845_,шт,2026-09-01,4.4505635078474235,forecast,False,boosting_squared,3,8,1.1868169354259797
030200846_,шт,2026-09-01,13.123992345259978,forecast,False,boosting_squared,5,8,3.4997312920693275
030200847_,шт,2026-09-01,4.814810868104489,forecast,False,boosting_squared,18,8,1.2839495648278638
030200848_,шт,2026-09-01,5.566919127064594,forecast,False,boosting_squared,8,8,1.484511767217225
030200849_,шт,2026-09-01,3.30494859040928,forecast,False,boosting_squared,10,8,0.8813196241091413
030200850_,шт,2026-09-01,2.6694318434759188,forecast,False,boosting_squared,6,8,0.7118484915935783
030200851_,шт,2026-09-01,3.7317489863244804,forecast,False,boosting_squared,13,8,0.9951330630198615
030200852_,шт,2026-09-01,,insufficient_history,False,boosting_squared,2,8,
030200853_,шт,2026-09-01,1.6900111217318414,forecast,False,boosting_squared,7,8,0.4506696324618244
030200854_,шт,2026-09-01,,insufficient_history,False,boosting_squared,2,8,
030200855_,шт,2026-09-01,6.55583059176256,forecast,False,boosting_squared,18,8,1.7482214911366827
030200856_,шт,2026-09-01,5.079859029546399,forecast,False,boosting_squared,18,8,1.3546290745457064
030200857_,шт,2026-09-01,6.7974905717228795,forecast,False,boosting_squared,14,8,1.8126641524594345
030200858_,шт,2026-09-01,4.043714839392222,forecast,False,boosting_squared,13,8,1.0783239571712593
030200859_,шт,2026-09-01,5.81854238629664,forecast,False,boosting_squared,13,8,1.5516113030124372
030200860_,шт,2026-09-01,1.5652765539066065,forecast,False,boosting_squared,13,8,0.4174070810417617
030200861_,шт,2026-09-01,5.106298999322202,forecast,False,boosting_squared,11,8,1.3616797331525872
030200862_,шт,2026-09-01,2.838955382528526,forecast,False,boosting_squared,7,8,0.7570547686742736
030200863_,шт,2026-09-01,10.294037605457682,forecast,False,boosting_squared,18,8,2.745076694788715
030200864_,шт,2026-09-01,9.10602908345539,forecast,False,boosting_squared,26,8,2.4282744222547707
030200865_,шт,2026-09-01,6.2589836016393745,forecast,False,boosting_squared,20,8,1.6690622937705
030200866_,шт,2026-09-01,7.712219331876278,forecast,False,boosting_squared,14,8,2.056591821833674
030200867_,шт,2026-09-01,2.181287139301132,forecast,False,boosting_squared,3,8,0.5816765704803019
030200868_,шт,2026-09-01,5.376425087496518,forecast,False,boosting_squared,3,8,1.433713356665738
030200869_,шт,2026-09-01,25.9793678503651,forecast,False,boosting_squared,12,8,6.927831426764027
030200870_,шт,2026-09-01,10.844387323140337,forecast,False,boosting_squared,4,8,2.89183661950409
030200871_,шт,2026-09-01,3.8359550117624006,forecast,False,boosting_squared,5,8,1.0229213364699734
030200872_,шт,2026-09-01,7.095464053831989,forecast,False,boosting_squared,12,8,1.8921237476885304
030200873_,шт,2026-09-01,10.35764344205067,forecast,False,boosting_squared,3,8,2.7620382512135118
030200874_,шт,2026-09-01,5.789954437595157,forecast,False,boosting_squared,8,8,1.5439878500253752
030200875_,шт,2026-09-01,19.98879938962656,forecast,False,boosting_squared,24,8,5.330346503900416
030200876_,шт,2026-09-01,9.300607211114984,forecast,False,boosting_squared,10,8,2.4801619229639957
030200877_,шт,2026-09-01,20.37986902180365,forecast,False,boosting_squared,26,8,5.4346317391476395
030200878_,шт,2026-09-01,3.0657543377880034,forecast,False,boosting_squared,4,8,0.8175344900768009
030200879_,шт,2026-09-01,12.433896158479449,forecast,False,boosting_squared,8,8,3.3157056422611864
030200885_,шт,2026-09-01,3.5414484606799568,forecast,False,boosting_squared,25,8,0.9443862561813218
030200886_,шт,2026-09-01,6.476250595130963,forecast,False,boosting_squared,25,8,1.72700015870159
030200889_,шт,2026-09-01,3.5309585772920293,forecast,False,boosting_squared,4,8,0.9415889539445411
030200890_,шт,2026-09-01,3.641481482638452,forecast,False,boosting_squared,7,8,0.9710617287035872
030200891_,шт,2026-09-01,2.5769719108635143,forecast,False,boosting_squared,14,8,0.6871925095636038
030200892_,шт,2026-09-01,4.800171059175563,forecast,False,boosting_squared,23,8,1.28004561578015
030200893_,шт,2026-09-01,13.176938312907007,forecast,False,boosting_squared,14,8,3.513850216775202
030200894_,шт,2026-09-01,8.5484383617544,forecast,False,boosting_squared,21,8,2.2795835631345067
030200895_,шт,2026-09-01,5.13369288072815,forecast,False,boosting_squared,19,8,1.3689847681941734
030200896_,шт,2026-09-01,6.8815494465292115,forecast,False,boosting_squared,7,8,1.8350798524077898
030200897_,шт,2026-09-01,3.8272568998569083,forecast,False,boosting_squared,15,8,1.0206018399618422
030200898_,шт,2026-09-01,3.2986689140314907,forecast,False,boosting_squared,17,8,0.8796450437417308
030200899_,шт,2026-09-01,2.727968958971071,forecast,False,boosting_squared,17,8,0.7274583890589523
030200900_,шт,2026-09-01,1.444221527073268,forecast,False,boosting_squared,7,8,0.38512574055287147
030200901_,шт,2026-09-01,2.7306910526915544,forecast,False,boosting_squared,9,8,0.7281842807177479
030200902_,шт,2026-09-01,3.8404222483403343,forecast,False,boosting_squared,12,8,1.0241125995574225
030200903_,шт,2026-09-01,4.207553392031406,forecast,False,boosting_squared,10,8,1.1220142378750417
030200904_,шт,2026-09-01,1.0771094333322566,forecast,False,boosting_squared,4,8,0.2872291822219351
030200905_,шт,2026-09-01,5.137888385594063,forecast,False,boosting_squared,31,8,1.37010356949175
030200908_,шт,2026-09-01,2.1179643635952536,forecast,False,boosting_squared,13,8,0.5647904969587343
030200909_,шт,2026-09-01,3.252263124482288,forecast,False,boosting_squared,18,8,0.8672701665286102
030200910_,шт,2026-09-01,3.3354397259971837,forecast,False,boosting_squared,21,8,0.889450593599249
030200911_,шт,2026-09-01,10.097806500584449,forecast,False,boosting_squared,31,8,2.692748400155853
030200912_,шт,2026-09-01,2.4668721029305094,forecast,False,boosting_squared,9,8,0.6578325607814691
030200915_,шт,2026-09-01,,insufficient_history,False,boosting_squared,0,8,
030200916_,шт,2026-09-01,,insufficient_history,False,boosting_squared,0,8,
030200917_,шт,2026-09-01,2.203185549996131,forecast,False,boosting_squared,6,8,0.5875161466656349
030200918_,шт,2026-09-01,3.4621787699551243,forecast,False,boosting_squared,12,8,0.9232476719880331
030200920_,шт,2026-09-01,12.151256261424582,forecast,False,boosting_squared,31,8,3.240335003046555
030200923_,шт,2026-09-01,4.870005470179929,forecast,False,boosting_squared,21,8,1.2986681253813144
030200924_,шт,2026-09-01,6.9433548542642445,forecast,False,boosting_squared,24,8,1.8515612944704651
030200925_,шт,2026-09-01,9.046370952936975,forecast,False,boosting_squared,29,8,2.41236558744986
030200926_,шт,2026-09-01,36.05974896550942,forecast,False,boosting_squared,31,8,9.61593305746918
030200931_,шт,2026-09-01,18.30323590836542,forecast,False,boosting_squared,8,8,4.880862908897445
030200933_,шт,2026-09-01,7.826464460785321,forecast,False,boosting_squared,8,8,2.0870571895427523
030200935_,шт,2026-09-01,7.937881205657302,forecast,False,boosting_squared,28,8,2.116768321508614
030200938_,шт,2026-09-01,1.612132902658553,forecast,False,boosting_squared,5,8,0.42990210737561413
030200939_,шт,2026-09-01,3.8731509808493287,forecast,False,boosting_squared,10,8,1.032840261559821
030200940_,шт,2026-09-01,2.4008009393045384,forecast,False,boosting_squared,12,8,0.6402135838145436
030200941_,шт,2026-09-01,3.4682967427011686,forecast,False,boosting_squared,26,8,0.9248791313869783
030200943_,шт,2026-09-01,6.726879178080322,forecast,False,boosting_squared,12,8,1.7938344474880858
030200944_,шт,2026-09-01,2.742457285151867,forecast,False,boosting_squared,6,8,0.7313219427071646
030200945_,шт,2026-09-01,2.568611666713823,forecast,False,boosting_squared,8,8,0.6849631111236861
030200946_,шт,2026-09-01,1.112443203719154,forecast,False,boosting_squared,3,8,0.29665152099177444
030200947_,шт,2026-09-01,6.542395426975431,forecast,False,boosting_squared,18,8,1.7446387805267816
030200948_,шт,2026-09-01,5.348186201482855,forecast,False,boosting_squared,5,8,1.4261829870620948
030200949_,шт,2026-09-01,2.459352974686132,forecast,False,boosting_squared,6,8,0.6558274599163018
030200950_,шт,2026-09-01,1.4566323948948001,forecast,False,boosting_squared,4,8,0.38843530530528003
030200951_,шт,2026-09-01,10.950778648941135,forecast,False,boosting_squared,24,8,2.920207639717636
030200952_,шт,2026-09-01,16.24367472601433,forecast,False,boosting_squared,15,8,4.331646593603821
030200953_,шт,2026-09-01,1.6269430235514133,forecast,False,boosting_squared,4,8,0.43385147294704357
030200954_,шт,2026-09-01,1.5776417198074308,forecast,False,boosting_squared,3,8,0.4207044586153149
030200955_,шт,2026-09-01,,insufficient_history,False,boosting_squared,1,8,
030200956_,шт,2026-09-01,4.713131861488735,forecast,False,boosting_squared,30,8,1.2568351630636627
030200957_,шт,2026-09-01,5.399852158412331,forecast,False,boosting_squared,24,8,1.4399605755766216
030200958_,шт,2026-09-01,2.238332707566406,forecast,False,boosting_squared,13,8,0.5968887220177083
030200959_,шт,2026-09-01,4.440793754385386,forecast,False,boosting_squared,15,8,1.184211667836103
030200960_,шт,2026-09-01,1.1893040999330398,forecast,False,boosting_squared,7,8,0.31714775998214395
030200961_,шт,2026-09-01,7.0936162968435585,forecast,False,boosting_squared,28,8,1.8916310124916156
030200962_,шт,2026-09-01,2.7993434958598473,forecast,False,boosting_squared,17,8,0.7464915988959593
030200963_,шт,2026-09-01,2.259969401638668,forecast,False,boosting_squared,23,8,0.6026585071036448
030200964_,шт,2026-09-01,1.5523294961580048,forecast,False,boosting_squared,4,8,0.41395453230880125
030200965_,шт,2026-09-01,2.258568661628622,forecast,False,boosting_squared,6,8,0.6022849764342992
030200966_,шт,2026-09-01,1.27705155114238,forecast,False,boosting_squared,14,8,0.34054708030463465
030200967_,шт,2026-09-01,1.617481088285604,forecast,False,boosting_squared,7,8,0.4313282902094944
030200968_,шт,2026-09-01,1.99199223630345,forecast,False,boosting_squared,4,8,0.53119792968092
030200969_,шт,2026-09-01,,insufficient_history,False,boosting_squared,1,8,
030200970_,шт,2026-09-01,48.9836061041438,forecast,False,boosting_squared,23,8,13.062294961105014
030200971_,шт,2026-09-01,4.649048696758447,forecast,False,boosting_squared,17,8,1.239746319135586
030200972_,шт,2026-09-01,3.3860422940933157,forecast,False,boosting_squared,9,8,0.9029446117582175
030200973_,шт,2026-09-01,0.937564964812519,forecast,False,boosting_squared,4,8,0.2500173239500051
030200974_,шт,2026-09-01,,insufficient_history,False,boosting_squared,2,8,
030200975_,шт,2026-09-01,9.60467837347778,forecast,False,boosting_squared,6,8,2.5612475662607412
030200976_,шт,2026-09-01,,insufficient_history,False,boosting_squared,2,8,
030200977_,шт,2026-09-01,2.4652302193693036,forecast,False,boosting_squared,4,8,0.6573947251651476
030200978_,шт,2026-09-01,,insufficient_history,False,boosting_squared,1,8,
030200979_,шт,2026-09-01,,insufficient_history,False,boosting_squared,0,8,
030200980_,шт,2026-09-01,1.1650526123785698,forecast,False,boosting_squared,5,8,0.31068069663428527
030200981_,шт,2026-09-01,,insufficient_history,False,boosting_squared,0,8,
030200982_,шт,2026-09-01,,insufficient_history,False,boosting_squared,0,8,
030200983_,шт,2026-09-01,,insufficient_history,False,boosting_squared,0,8,
030200984_,шт,2026-09-01,,insufficient_history,False,boosting_squared,0,8,
030200985_,шт,2026-09-01,6.462391214226727,forecast,False,boosting_squared,16,8,1.723304323793794
030200986_,шт,2026-09-01,1.4008621053810413,forecast,False,boosting_squared,9,8,0.373563228101611
030200987_,шт,2026-09-01,1.5480151223487224,forecast,False,boosting_squared,12,8,0.412804032626326
030200988_,шт,2026-09-01,13.976765774099995,forecast,False,boosting_squared,12,8,3.727137539759999
030200989_,шт,2026-09-01,5.335950860503115,forecast,False,boosting_squared,7,8,1.4229202294674974
030200990_,шт,2026-09-01,9.5473436702199,forecast,False,boosting_squared,26,8,2.54595831205864
030201012_,шт,2026-09-01,2.6307009125988174,forecast,False,boosting_squared,6,8,0.7015202433596847
030201017_,шт,2026-09-01,10.090555416294407,forecast,False,boosting_squared,15,8,2.6908147776785087
030201018_,шт,2026-09-01,1.741201274197209,forecast,False,boosting_squared,16,8,0.4643203397859224
030201019_,шт,2026-09-01,9.206400042837615,forecast,False,boosting_squared,19,8,2.455040011423364
030201020_,шт,2026-09-01,108.63295705816518,forecast,False,boosting_squared,32,8,28.968788548844046
030201021_,шт,2026-09-01,,insufficient_history,False,boosting_squared,0,8,
030201022_,шт,2026-09-01,28.185295656400964,forecast,False,boosting_squared,27,8,7.516078841706924
030201024_,шт,2026-09-01,,insufficient_history,False,boosting_squared,2,8,
030201031_,шт,2026-09-01,,insufficient_history,False,boosting_squared,2,8,
030201032_,шт,2026-09-01,4.201471188438523,forecast,False,boosting_squared,6,8,1.1203923169169394
030201034_,шт,2026-09-01,2.736566337736544,forecast,False,boosting_squared,7,8,0.7297510233964117
030201035_,шт,2026-09-01,,insufficient_history,False,boosting_squared,1,8,
030201036_,шт,2026-09-01,,insufficient_history,False,boosting_squared,2,8,
030201037_,шт,2026-09-01,,insufficient_history,False,boosting_squared,0,8,
030201040_,шт,2026-09-01,,insufficient_history,False,boosting_squared,1,8,
030201049_,шт,2026-09-01,4.377443930193465,forecast,False,boosting_squared,5,8,1.167318381384924
030201052_,шт,2026-09-01,4.933102745972856,forecast,False,boosting_squared,6,8,1.3154940655927616
030201053_,шт,2026-09-01,,insufficient_history,False,boosting_squared,1,8,
030201054_,шт,2026-09-01,,insufficient_history,False,boosting_squared,2,8,
030201055_,шт,2026-09-01,,insufficient_history,False,boosting_squared,2,8,
030201056_,шт,2026-09-01,,insufficient_history,False,boosting_squared,1,8,
030201057_,шт,2026-09-01,,insufficient_history,False,boosting_squared,0,8,
030201060_,шт,2026-09-01,,insufficient_history,False,boosting_squared,0,8,
030201061_,шт,2026-09-01,,insufficient_history,False,boosting_squared,0,8,
030201063_,шт,2026-09-01,14.795175331678866,forecast,False,boosting_squared,6,8,3.9453800884476977
030201064_,шт,2026-09-01,3.184850059122378,forecast,False,boosting_squared,5,8,0.8492933490993008
030201065_,шт,2026-09-01,6.7568539267203835,forecast,False,boosting_squared,10,8,1.8018277137921024
030201066_,шт,2026-09-01,3.4149132123087753,forecast,False,boosting_squared,7,8,0.9106435232823401
030201067_,шт,2026-09-01,7.6881366436390515,forecast,False,boosting_squared,8,8,2.0501697716370804
030201068_,шт,2026-09-01,9.249212137365108,forecast,False,boosting_squared,6,8,2.466456569964029
030201069_,шт,2026-09-01,,insufficient_history,False,boosting_squared,2,8,
030201070_,шт,2026-09-01,,insufficient_history,False,boosting_squared,1,8,
030201071_,шт,2026-09-01,,insufficient_history,False,boosting_squared,1,8,
030201072_,шт,2026-09-01,,insufficient_history,False,boosting_squared,2,8,
030201073_,шт,2026-09-01,4.206321206633921,forecast,False,boosting_squared,7,8,1.1216856551023788
030201074_,шт,2026-09-01,2.719119267613564,forecast,False,boosting_squared,3,8,0.725098471363617
030201075_,шт,2026-09-01,3.8412757059025706,forecast,False,boosting_squared,8,8,1.0243401882406855
030201076_,шт,2026-09-01,3.6726478722101996,forecast,False,boosting_squared,5,8,0.9793727659227199
030201077_,шт,2026-09-01,,insufficient_history,False,boosting_squared,1,8,
030201078_,шт,2026-09-01,,insufficient_history,False,boosting_squared,1,8,
030201079_,шт,2026-09-01,,insufficient_history,False,boosting_squared,2,8,
030201080_,шт,2026-09-01,,insufficient_history,False,boosting_squared,1,8,
030201081_,шт,2026-09-01,2.6201090594777185,forecast,False,boosting_squared,3,8,0.6986957491940583
030201082_,шт,2026-09-01,1.8383881648594895,forecast,False,boosting_squared,3,8,0.49023684396253053
030201083_,шт,2026-09-01,3.463526286520735,forecast,False,boosting_squared,6,8,0.9236070097388627
030201084_,шт,2026-09-01,,insufficient_history,False,boosting_squared,2,8,
030201085_,шт,2026-09-01,,insufficient_history,False,boosting_squared,2,8,
030201086_,шт,2026-09-01,2.631314782578583,forecast,False,boosting_squared,3,8,0.7016839420209554
030201087_,шт,2026-09-01,5.984251816589451,forecast,False,boosting_squared,9,8,1.5958004844238536
030201088_,шт,2026-09-01,2.5006622795948883,forecast,False,boosting_squared,3,8,0.6668432745586369
030201089_,шт,2026-09-01,1.5776417986033469,forecast,False,boosting_squared,3,8,0.42070447962755914
030201090_,шт,2026-09-01,9.386992188957615,forecast,False,boosting_squared,14,8,2.503197917055364
030201091_,шт,2026-09-01,8.579656438942056,forecast,False,boosting_squared,11,8,2.2879083837178817
030201092_,шт,2026-09-01,4.049106623121276,forecast,False,boosting_squared,6,8,1.0797617661656735
030201093_,шт,2026-09-01,10.73233908087497,forecast,False,boosting_squared,10,8,2.8619570882333254
030201094_,шт,2026-09-01,6.941220472673519,forecast,False,boosting_squared,5,8,1.8509921260462718
030201095_,шт,2026-09-01,7.571959660540701,forecast,False,boosting_squared,5,8,2.0191892428108535
030201096_,шт,2026-09-01,4.101569152118413,forecast,False,boosting_squared,4,8,1.0937517738982436
030201097_,шт,2026-09-01,,insufficient_history,False,boosting_squared,2,8,
030201098_,шт,2026-09-01,3.711712298630074,forecast,False,boosting_squared,5,8,0.9897899463013531
030201099_,шт,2026-09-01,17.977826705711756,forecast,False,boosting_squared,9,8,4.794087121523135
030201100_,шт,2026-09-01,12.625733908654341,forecast,False,boosting_squared,5,8,3.3668623756411575
030201101_,шт,2026-09-01,,insufficient_history,False,boosting_squared,1,8,
030201102_,шт,2026-09-01,5.3562157577090295,forecast,False,boosting_squared,7,8,1.4283242020557412
030201103_,шт,2026-09-01,2.6741739791785153,forecast,False,boosting_squared,4,8,0.7131130611142708
030201104_,шт,2026-09-01,,insufficient_history,False,boosting_squared,2,8,
030201105_,шт,2026-09-01,11.152399186729058,forecast,False,boosting_squared,14,8,2.973973116461082
030201106_,шт,2026-09-01,5.972001962450896,forecast,False,boosting_squared,13,8,1.5925338566535723
030201107_,шт,2026-09-01,,insufficient_history,False,boosting_squared,2,8,
030201108_,шт,2026-09-01,6.741876977061402,forecast,False,boosting_squared,8,8,1.7978338605497073
030201109_,шт,2026-09-01,5.3212652377631455,forecast,False,boosting_squared,7,8,1.4190040634035055
030201110_,шт,2026-09-01,4.657558502774121,forecast,False,boosting_squared,4,8,1.2420156007397656
030201111_,шт,2026-09-01,,insufficient_history,False,boosting_squared,1,8,
030201112_,шт,2026-09-01,2.630289721679039,forecast,False,boosting_squared,3,8,0.7014105924477437
030201113_,шт,2026-09-01,,insufficient_history,False,boosting_squared,2,8,
030201114_,шт,2026-09-01,4.163667426753486,forecast,False,boosting_squared,6,8,1.1103113138009297
030201115_,шт,2026-09-01,7.816711089018435,forecast,False,boosting_squared,4,8,2.084456290404916
030201116_,шт,2026-09-01,3.6105532541079057,forecast,False,boosting_squared,4,8,0.9628142010954416
030201117_,шт,2026-09-01,,insufficient_history,False,boosting_squared,2,8,
030201118_,шт,2026-09-01,2.70506226078413,forecast,False,boosting_squared,3,8,0.7213499362091014
030201119_,шт,2026-09-01,4.7672143090552845,forecast,False,boosting_squared,9,8,1.2712571490814093
030201120_,шт,2026-09-01,2.7794722993648704,forecast,False,boosting_squared,5,8,0.7411926131639655
030201121_,шт,2026-09-01,,insufficient_history,False,boosting_squared,2,8,
030201122_,шт,2026-09-01,3.4576291366895124,forecast,False,boosting_squared,8,8,0.9220344364505366
030201123_,шт,2026-09-01,,insufficient_history,False,boosting_squared,2,8,
030201124_,шт,2026-09-01,,insufficient_history,False,boosting_squared,2,8,
030201125_,шт,2026-09-01,,insufficient_history,False,boosting_squared,0,8,
030201126_,шт,2026-09-01,,insufficient_history,False,boosting_squared,2,8,
030201127_,шт,2026-09-01,,insufficient_history,False,boosting_squared,1,8,
030201128_,шт,2026-09-01,3.913094441674985,forecast,False,boosting_squared,6,8,1.0434918511133293
030201129_,шт,2026-09-01,2.3556036897607115,forecast,False,boosting_squared,5,8,0.6281609839361898
030201130_,шт,2026-09-01,,insufficient_history,False,boosting_squared,2,8,
030201131_,шт,2026-09-01,,insufficient_history,False,boosting_squared,0,8,
030201132_,шт,2026-09-01,,insufficient_history,False,boosting_squared,0,8,
030201133_,шт,2026-09-01,3.304575775035603,forecast,False,boosting_squared,9,8,0.8812202066761609
030201134_,шт,2026-09-01,2.149420869875952,forecast,False,boosting_squared,7,8,0.5731788986335872
030201135_,шт,2026-09-01,,insufficient_history,False,boosting_squared,1,8,
030201136_,шт,2026-09-01,1.5488345988746324,forecast,False,boosting_squared,5,8,0.413022559699902
030201137_,шт,2026-09-01,,insufficient_history,False,boosting_squared,1,8,
030201138_,шт,2026-09-01,,insufficient_history,False,boosting_squared,1,8,
030201139_,шт,2026-09-01,,insufficient_history,False,boosting_squared,0,8,
030201140_,шт,2026-09-01,,insufficient_history,False,boosting_squared,2,8,
030201141_,шт,2026-09-01,,insufficient_history,False,boosting_squared,1,8,
030201142_,шт,2026-09-01,,insufficient_history,False,boosting_squared,2,8,
030201143_,шт,2026-09-01,,insufficient_history,False,boosting_squared,1,8,
030201144_,шт,2026-09-01,1.2025507298223033,forecast,False,boosting_squared,3,8,0.3206801946192809
030201145_,шт,2026-09-01,,insufficient_history,False,boosting_squared,0,8,
030201146_,шт,2026-09-01,3.0721640599658224,forecast,False,boosting_squared,3,8,0.8192437493242193
030201147_,шт,2026-09-01,,insufficient_history,False,boosting_squared,0,8,
030201148_,шт,2026-09-01,2.9778333803230104,forecast,False,boosting_squared,3,8,0.7940889014194694
030201149_,шт,2026-09-01,,insufficient_history,False,boosting_squared,1,8,
030201150_,шт,2026-09-01,,insufficient_history,False,boosting_squared,1,8,
030201152_,,2026-09-01,,insufficient_history,False,boosting_squared,0,8,
030201236_,шт,2026-09-01,13.603875618495572,forecast,False,boosting_squared,11,8,3.6277001649321523
030201244_,шт,2026-09-01,14.302834917038197,forecast,False,boosting_squared,12,8,3.814089311210186
030201245_,шт,2026-09-01,9.499011613972026,forecast,False,boosting_squared,7,8,2.533069763725874
030201246_,шт,2026-09-01,,insufficient_history,False,boosting_squared,1,8,
030201247_,шт,2026-09-01,11.409664839442021,forecast,False,boosting_squared,6,8,3.042577290517872
030201248_,шт,2026-09-01,8.930091677023226,forecast,False,boosting_squared,6,8,2.3813577805395267
030201249_,шт,2026-09-01,,insufficient_history,False,boosting_squared,0,8,
030201250_,шт,2026-09-01,1.4900184273316956,forecast,False,boosting_squared,4,8,0.3973382472884522
030201251_,шт,2026-09-01,,insufficient_history,False,boosting_squared,0,8,
030201252_,шт,2026-09-01,1.0635245555319648,forecast,False,boosting_squared,7,8,0.28360654814185726
030201460_,шт,2026-09-01,21.425322683609316,forecast,False,boosting_squared,3,8,5.713419382295817
030201461_,шт,2026-09-01,8.639726235037932,forecast,False,boosting_squared,4,8,2.303926996010115
030201462_,шт,2026-09-01,40.32653633384795,forecast,False,boosting_squared,4,8,10.753743022359453
030201463_,шт,2026-09-01,19.628544311285,forecast,False,boosting_squared,3,8,5.234278483009334
030201464_,шт,2026-09-01,3.206360807666326,forecast,False,boosting_squared,3,8,0.8550295487110202
030201465_,шт,2026-09-01,7.775325387821667,forecast,False,boosting_squared,4,8,2.073420103419111
030201466_,шт,2026-09-01,,insufficient_history,False,boosting_squared,2,8,
030201467_,шт,2026-09-01,9.746465721171718,forecast,False,boosting_squared,4,8,2.5990575256457915
030201468_,шт,2026-09-01,3.095694915727787,forecast,False,boosting_squared,4,8,0.8255186441940765
030201469_,шт,2026-09-01,15.86482370748682,forecast,False,boosting_squared,3,8,4.230619655329819
030201470_,шт,2026-09-01,7.104202362748046,forecast,False,boosting_squared,3,8,1.8944539633994788
030201471_,шт,2026-09-01,30.85800086145637,forecast,False,boosting_squared,3,8,8.228800229721699
030201472_,шт,2026-09-01,12.319833925546915,forecast,False,boosting_squared,3,8,3.2852890468125104
030201473_,шт,2026-09-01,,insufficient_history,False,boosting_squared,1,8,
030201474_,шт,2026-09-01,,insufficient_history,False,boosting_squared,2,8,
030201475_,,2026-09-01,,insufficient_history,False,boosting_squared,0,8,
030201476_,шт,2026-09-01,,insufficient_history,False,boosting_squared,2,8,
030201477_,шт,2026-09-01,,insufficient_history,False,boosting_squared,1,8,
030201478_,шт,2026-09-01,15.686708898117441,forecast,False,boosting_squared,3,8,4.183122372831318
030201479_,шт,2026-09-01,9.862377219450572,forecast,False,boosting_squared,4,8,2.6299672585201526
030201480_,шт,2026-09-01,22.15770232118867,forecast,False,boosting_squared,3,8,5.908720618983645
030201481_,шт,2026-09-01,13.820914468511088,forecast,False,boosting_squared,3,8,3.685577191602957
030201482_,шт,2026-09-01,,insufficient_history,False,boosting_squared,1,8,
030201483_,шт,2026-09-01,4.562620384284134,forecast,False,boosting_squared,3,8,1.2166987691424358
030201484_,шт,2026-09-01,,insufficient_history,False,boosting_squared,1,8,
030201485_,шт,2026-09-01,,insufficient_history,False,boosting_squared,2,8,
030201486_,шт,2026-09-01,,insufficient_history,False,boosting_squared,2,8,
030300478_,,2026-09-01,,insufficient_history,False,boosting_squared,0,8,
030300479_,,2026-09-01,,insufficient_history,False,boosting_squared,0,8,
030300480_,,2026-09-01,,insufficient_history,False,boosting_squared,0,8,
030300499_,,2026-09-01,,insufficient_history,False,boosting_squared,0,8,
030300522_,,2026-09-01,,insufficient_history,False,boosting_squared,0,8,
080400060_,,2026-09-01,,insufficient_history,False,boosting_squared,0,8,
080400061_,,2026-09-01,,insufficient_history,False,boosting_squared,0,8,
080400062_,,2026-09-01,,insufficient_history,False,boosting_squared,0,8,
080400064_,,2026-09-01,,insufficient_history,False,boosting_squared,0,8,
080800023_,шт,2026-09-01,,insufficient_history,False,boosting_squared,2,8,
080800024_,шт,2026-09-01,3.904390540392026,forecast,False,boosting_squared,11,8,1.041170810771207
080800030_,шт,2026-09-01,19.058192614358465,forecast,False,boosting_squared,30,8,5.0821846971622575
080800031_,шт,2026-09-01,17.247949448728903,forecast,False,boosting_squared,32,8,4.5994531863277075
080800062_,шт,2026-09-01,11.296462831166457,forecast,False,boosting_squared,28,8,3.0123900883110553
080800063_,шт,2026-09-01,,insufficient_history,False,boosting_squared,0,8,
080800070_,шт,2026-09-01,52.22423240124544,forecast,False,boosting_squared,32,8,13.92646197366545
080800071_,шт,2026-09-01,214.6796415675116,forecast,False,boosting_squared,32,8,57.247904418003095
080800072_,шт,2026-09-01,162.23532329023968,forecast,False,boosting_squared,32,8,43.26275287739725
080800128_,шт,2026-09-01,2.4157485584065967,forecast,False,boosting_squared,8,8,0.6441996155750924
080800129_,шт,2026-09-01,1.6220555332695317,forecast,False,boosting_squared,3,8,0.43254814220520843
080800130_,шт,2026-09-01,2.311655653459322,forecast,False,boosting_squared,4,8,0.6164415075891525
080800131_,шт,2026-09-01,1.2363186229416208,forecast,False,boosting_squared,3,8,0.32968496611776554
080800132_,шт,2026-09-01,2.62211085929252,forecast,False,boosting_squared,10,8,0.6992295624780053
080800133_,шт,2026-09-01,,insufficient_history,False,boosting_squared,2,8,
080800134_,шт,2026-09-01,,insufficient_history,False,boosting_squared,2,8,
080800135_,шт,2026-09-01,,insufficient_history,False,boosting_squared,1,8,
080800136_,шт,2026-09-01,1.4832657586387497,forecast,False,boosting_squared,8,8,0.3955375356369999
080800137_,шт,2026-09-01,1.0021262680119132,forecast,False,boosting_squared,10,8,0.2672336714698435
080800138_,шт,2026-09-01,1.635306783576025,forecast,False,boosting_squared,5,8,0.4360818089536067
080800139_,шт,2026-09-01,1.635306783576025,forecast,False,boosting_squared,7,8,0.4360818089536067
080800140_,шт,2026-09-01,3.141938895511512,forecast,False,boosting_squared,3,8,0.8378503721364032
080800141_,шт,2026-09-01,2.6046866013367054,forecast,False,boosting_squared,4,8,0.6945830936897881
081100276_,,2026-09-01,,insufficient_history,False,boosting_squared,0,8,
081100277_,шт,2026-09-01,5.763119638696565,forecast,False,boosting_squared,18,8,1.5368319036524172
081100278_,шт,2026-09-01,6.549262698606668,forecast,False,boosting_squared,18,8,1.7464700529617783
081100279_,,2026-09-01,,insufficient_history,False,boosting_squared,0,8,
081100280_,,2026-09-01,,insufficient_history,False,boosting_squared,0,8,
081100281_,,2026-09-01,,insufficient_history,False,boosting_squared,0,8,
081100282_,,2026-09-01,,insufficient_history,False,boosting_squared,0,8,
081100283_,,2026-09-01,,insufficient_history,False,boosting_squared,0,8,
081100284_,,2026-09-01,,insufficient_history,False,boosting_squared,0,8,
081100285_,,2026-09-01,,insufficient_history,False,boosting_squared,0,8,
081100286_,,2026-09-01,,insufficient_history,False,boosting_squared,0,8,
081100287_,,2026-09-01,,insufficient_history,False,boosting_squared,0,8,
081100288_,,2026-09-01,,insufficient_history,False,boosting_squared,0,8,
081100289_,шт,2026-09-01,6.355716453647349,forecast,False,boosting_squared,4,8,1.6948577209726265
081100290_,,2026-09-01,,insufficient_history,False,boosting_squared,0,8,
081100302_,шт,2026-09-01,,insufficient_history,False,boosting_squared,0,8,
081100306_,,2026-09-01,,insufficient_history,False,boosting_squared,0,8,
081100308_,шт,2026-09-01,,insufficient_history,False,boosting_squared,0,8,
081100309_,шт,2026-09-01,,insufficient_history,False,boosting_squared,1,8,
081100310_,,2026-09-01,,insufficient_history,False,boosting_squared,0,8,
081100336_,,2026-09-01,,insufficient_history,False,boosting_squared,0,8,
081100338_,,2026-09-01,,insufficient_history,False,boosting_squared,0,8,
081100339_,,2026-09-01,,insufficient_history,False,boosting_squared,0,8,
081100340_,шт,2026-09-01,,insufficient_history,False,boosting_squared,0,8,
081100372_,,2026-09-01,,insufficient_history,False,boosting_squared,0,8,
081100373_,шт,2026-09-01,,insufficient_history,False,boosting_squared,2,8,
081100374_,шт,2026-09-01,,insufficient_history,False,boosting_squared,1,8,
081100375_,шт,2026-09-01,,insufficient_history,False,boosting_squared,1,8,
081100391_,шт,2026-09-01,35.37376697488867,forecast,False,boosting_squared,16,8,9.433004526636978
081100392_,шт,2026-09-01,63.51087659102302,forecast,False,boosting_squared,12,8,16.93623375760614
081100393_,шт,2026-09-01,196.39260475829295,forecast,False,boosting_squared,17,8,52.37136126887812
081100598_,шт,2026-09-01,,insufficient_history,False,boosting_squared,2,8,
081100604_,шт,2026-09-01,,insufficient_history,False,boosting_squared,1,8,
081100635_,шт,2026-09-01,48.606554737101845,forecast,False,boosting_squared,32,8,12.961747929893825
081100641_,шт,2026-09-01,13.01830913347301,forecast,False,boosting_squared,28,8,3.4715491022594693
081100642_,шт,2026-09-01,4.529461646597699,forecast,False,boosting_squared,22,8,1.2078564390927198
081100643_,шт,2026-09-01,7.154875344251806,forecast,False,boosting_squared,24,8,1.9079667584671482
081100702_,шт,2026-09-01,3.9472317558528913,forecast,False,boosting_squared,21,8,1.0525951348941043
081100703_,,2026-09-01,,insufficient_history,False,boosting_squared,0,8,
081100704_,шт,2026-09-01,16.079684971042113,forecast,False,boosting_squared,30,8,4.287915992277897
081100705_,шт,2026-09-01,5.517475133416141,forecast,False,boosting_squared,14,8,1.4713267022443044
081100706_,шт,2026-09-01,6.561279992318553,forecast,False,boosting_squared,24,8,1.7496746646182808
081100707_,шт,2026-09-01,23.463296421280972,forecast,False,boosting_squared,27,8,6.256879045674926
081100708_,шт,2026-09-01,4.542176209666621,forecast,False,boosting_squared,18,8,1.2112469892444324
081100709_,шт,2026-09-01,3.29650781489417,forecast,False,boosting_squared,9,8,0.8790687506384454
081100710_,шт,2026-09-01,63.2459080733035,forecast,False,boosting_squared,28,8,16.865575486214265
081100711_,шт,2026-09-01,12.705216592210023,forecast,False,boosting_squared,25,8,3.388057757922673
081100712_,шт,2026-09-01,9.213863260624047,forecast,False,boosting_squared,22,8,2.4570302028330793
081100713_,шт,2026-09-01,15.374271612601298,forecast,False,boosting_squared,24,8,4.099805763360346
081100714_,шт,2026-09-01,6.890956907517411,forecast,False,boosting_squared,20,8,1.8375885086713095
081100715_,шт,2026-09-01,3.311210066057693,forecast,False,boosting_squared,5,8,0.8829893509487181
081100716_,шт,2026-09-01,10.333222422131216,forecast,False,boosting_squared,8,8,2.755525979234991
081100717_,шт,2026-09-01,16.089117277291972,forecast,False,boosting_squared,16,8,4.290431273944526
081100718_,шт,2026-09-01,3.3460062283365968,forecast,False,boosting_squared,8,8,0.8922683275564258
081100719_,шт,2026-09-01,2.7885827152278253,forecast,False,boosting_squared,16,8,0.7436220573940867
081100720_,шт,2026-09-01,5.209408951884366,forecast,False,boosting_squared,11,8,1.3891757205024975
081100721_,шт,2026-09-01,27.82669492807482,forecast,False,boosting_squared,28,8,7.420451980819951
081100722_,шт,2026-09-01,5.957133099058699,forecast,False,boosting_squared,12,8,1.588568826415653
081100723_,шт,2026-09-01,5.460586808994564,forecast,False,boosting_squared,13,8,1.4561564823985504
081100724_,шт,2026-09-01,1.4891121578353885,forecast,False,boosting_squared,14,8,0.39709657542277027
081100743_,шт,2026-09-01,4.954781897973214,forecast,False,boosting_squared,18,8,1.321275172792857
081100744_,шт,2026-09-01,9.364636145960077,forecast,False,boosting_squared,20,8,2.497236305589354
081100745_,шт,2026-09-01,150.30602656666997,forecast,False,boosting_squared,32,8,40.081607084445324
081100746_,шт,2026-09-01,33.086688059588866,forecast,False,boosting_squared,29,8,8.823116815890364
081100747_,шт,2026-09-01,128.04850705641343,forecast,False,boosting_squared,31,8,34.146268548376916
081100748_,шт,2026-09-01,,insufficient_history,False,boosting_squared,2,8,
081100749_,шт,2026-09-01,127.63642921688663,forecast,False,boosting_squared,29,8,34.0363811245031
081100750_,шт,2026-09-01,9.594368518621405,forecast,False,boosting_squared,27,8,2.5584982716323745
081100751_,шт,2026-09-01,5.50245237763573,forecast,False,boosting_squared,11,8,1.4673206340361946
081100752_,шт,2026-09-01,5.500070512624475,forecast,False,boosting_squared,7,8,1.4666854700331935
081100753_,шт,2026-09-01,,insufficient_history,False,boosting_squared,2,8,
081100754_,шт,2026-09-01,,insufficient_history,False,boosting_squared,1,8,
081100755_,шт,2026-09-01,,insufficient_history,False,boosting_squared,0,8,
081100756_,,2026-09-01,,insufficient_history,False,boosting_squared,0,8,
081100757_,шт,2026-09-01,5.3039613982246125,forecast,False,boosting_squared,9,8,1.41438970619323
081100758_,шт,2026-09-01,2.606054594828522,forecast,False,boosting_squared,14,8,0.6949478919542725
081100759_,шт,2026-09-01,3.480427767888771,forecast,False,boosting_squared,14,8,0.9281140714370056
081100760_,шт,2026-09-01,1.770477382097839,forecast,False,boosting_squared,5,8,0.4721273018927571
081100761_,шт,2026-09-01,1.4502951745040285,forecast,False,boosting_squared,27,8,0.38674537986774093
081100762_,,2026-09-01,,insufficient_history,False,boosting_squared,0,8,
081100766_,шт,2026-09-01,3.144040699275646,forecast,False,boosting_squared,11,8,0.8384108531401722
081100767_,шт,2026-09-01,4.3379623105329586,forecast,False,boosting_squared,22,8,1.1567899494754557
081100768_,шт,2026-09-01,4.779132834079701,forecast,False,boosting_squared,20,8,1.2744354224212535
081100769_,шт,2026-09-01,17.38768800621558,forecast,False,boosting_squared,25,8,4.636716801657488
081100771_,шт,2026-09-01,3.701632704920946,forecast,False,boosting_squared,8,8,0.9871020546455856
081100772_,шт,2026-09-01,7.222702735906574,forecast,False,boosting_squared,20,8,1.9260540629084197
081100774_,шт,2026-09-01,18.67991498642259,forecast,False,boosting_squared,21,8,4.981310663046025
081100776_,шт,2026-09-01,6.141104598138031,forecast,False,boosting_squared,6,8,1.6376278928368082
081100777_,шт,2026-09-01,5.393842245517262,forecast,False,boosting_squared,6,8,1.4383579321379365
081100778_,шт,2026-09-01,4.477084887551544,forecast,False,boosting_squared,27,8,1.1938893033470783
081100779_,шт,2026-09-01,3.0180878662091644,forecast,False,boosting_squared,17,8,0.8048234309891105
081100780_,шт,2026-09-01,8.12968204531164,forecast,False,boosting_squared,30,8,2.167915212083104
081100781_,шт,2026-09-01,7.983747380737642,forecast,False,boosting_squared,32,8,2.1289993015300377
114001002_,шт,2026-09-01,4.279408084585193,forecast,False,boosting_squared,26,8,1.1411754892227182
114001003_,шт,2026-09-01,,insufficient_history,False,boosting_squared,2,8,
114001010_,шт,2026-09-01,2.5412632503126407,forecast,False,boosting_squared,29,8,0.6776702000833709
120100001_,шт,2026-09-01,74.48797335683312,forecast,False,boosting_squared,32,8,19.863459561822165
120100002_,шт,2026-09-01,77.6524971940982,forecast,False,boosting_squared,32,8,20.707332585092853
120100003_,шт,2026-09-01,2.968059807708232,forecast,False,boosting_squared,22,8,0.7914826153888619
120100004_,шт,2026-09-01,91.75448371283773,forecast,False,boosting_squared,32,8,24.467862323423393
120100005_,шт,2026-09-01,4.537340243191509,forecast,False,boosting_squared,20,8,1.2099573981844025
120100006_,шт,2026-09-01,156.40751605511574,forecast,False,boosting_squared,32,8,41.708670948030864
120100008_,шт,2026-09-01,6.822839290549817,forecast,False,boosting_squared,30,8,1.8194238108132845
120100009_,,2026-09-01,,insufficient_history,False,boosting_squared,0,8,
120100010_,шт,2026-09-01,2.44212592040841,forecast,False,boosting_squared,23,8,0.651233578775576
120100011_,шт,2026-09-01,52.5595951053315,forecast,False,boosting_squared,32,8,14.0158920280884
120100012_,,2026-09-01,,insufficient_history,False,boosting_squared,0,8,
120100013_,шт,2026-09-01,26.364422005921686,forecast,False,boosting_squared,32,8,7.030512534912449
120100016_,шт,2026-09-01,30.482206264514033,forecast,False,boosting_squared,32,8,8.128588337203743
120100018_,шт,2026-09-01,,insufficient_history,False,boosting_squared,0,8,
120100030_,шт,2026-09-01,114.99219712593158,forecast,False,boosting_squared,32,8,30.664585900248422
120100031_,шт,2026-09-01,,insufficient_history,False,boosting_squared,2,8,
120100032_,шт,2026-09-01,7.710961841193207,forecast,False,boosting_squared,31,8,2.0562564909848553
120100033_,шт,2026-09-01,14.905027221331435,forecast,False,boosting_squared,26,8,3.974673925688383
120100034_,шт,2026-09-01,23.385758961835847,forecast,False,boosting_squared,30,8,6.236202389822893
120100035_,шт,2026-09-01,42.27369513033254,forecast,False,boosting_squared,32,8,11.272985368088678
120100036_,шт,2026-09-01,39.3218019115817,forecast,False,boosting_squared,32,8,10.485813843088454
120100037_,шт,2026-09-01,14.14231596339056,forecast,False,boosting_squared,32,8,3.7712842569041496
120100038_,шт,2026-09-01,4.411898031318099,forecast,False,boosting_squared,29,8,1.1765061416848264
120100041_,шт,2026-09-01,21.57461675250592,forecast,False,boosting_squared,32,8,5.753231134001579
120100042_,шт,2026-09-01,9.530400547500655,forecast,False,boosting_squared,28,8,2.5414401460001748
120100043_,шт,2026-09-01,7.81169599455157,forecast,False,boosting_squared,30,8,2.083118931880419
120100044_,шт,2026-09-01,2.7385723597897247,forecast,False,boosting_squared,25,8,0.7302859626105932
120100045_,шт,2026-09-01,3.0739814723928585,forecast,False,boosting_squared,25,8,0.8197283926380956
120100046_,шт,2026-09-01,1.7868619208507943,forecast,False,boosting_squared,11,8,0.4764965122268785
120100047_,шт,2026-09-01,3.1823492012046044,forecast,False,boosting_squared,23,8,0.8486264536545611
120100049_,,2026-09-01,,insufficient_history,False,boosting_squared,0,8,
120100050_,шт,2026-09-01,3.323387721185181,forecast,False,boosting_squared,3,8,0.8862367256493816
120100054_,шт,2026-09-01,,insufficient_history,False,boosting_squared,2,8,
120100055_,шт,2026-09-01,27.82747085667162,forecast,False,boosting_squared,32,8,7.420658895112433
120100056_,шт,2026-09-01,8.820359258984228,forecast,False,boosting_squared,23,8,2.352095802395794
120100057_,шт,2026-09-01,10.184431869780676,forecast,False,boosting_squared,28,8,2.7158484986081803
120100058_,шт,2026-09-01,10.98647046235619,forecast,False,boosting_squared,26,8,2.9297254566283173
120100059_,шт,2026-09-01,3.956816925774593,forecast,False,boosting_squared,28,8,1.055151180206558
120100060_,шт,2026-09-01,1.3780386211455273,forecast,False,boosting_squared,7,8,0.3674769656388073
120100065_,,2026-09-01,,insufficient_history,False,boosting_squared,0,8,
120100066_,шт,2026-09-01,1.2363186229416208,forecast,False,boosting_squared,3,8,0.32968496611776554
120100067_,шт,2026-09-01,,insufficient_history,False,boosting_squared,1,8,
120100068_,шт,2026-09-01,,insufficient_history,False,boosting_squared,1,8,
120100069_,шт,2026-09-01,5.407355929590149,forecast,False,boosting_squared,31,8,1.4419615812240396
120100070_,шт,2026-09-01,7.250200684636993,forecast,False,boosting_squared,26,8,1.9333868492365314
120100071_,шт,2026-09-01,4.222973420564436,forecast,False,boosting_squared,23,8,1.1261262454838497
120100072_,шт,2026-09-01,8.480671694458001,forecast,False,boosting_squared,25,8,2.261512451855467
120100073_,шт,2026-09-01,4.3155118601956675,forecast,False,boosting_squared,23,8,1.1508031627188446
120100074_,,2026-09-01,,insufficient_history,False,boosting_squared,0,8,
120100075_,,2026-09-01,,insufficient_history,False,boosting_squared,0,8,
120100076_,,2026-09-01,,insufficient_history,False,boosting_squared,0,8,
120100077_,,2026-09-01,,insufficient_history,False,boosting_squared,0,8,
120100079_,шт,2026-09-01,,insufficient_history,False,boosting_squared,1,8,
120100080_,шт,2026-09-01,3.0241709584169696,forecast,False,boosting_squared,22,8,0.8064455889111919
120100081_,шт,2026-09-01,14.22975716074298,forecast,False,boosting_squared,31,8,3.794601909531461
120100085_,шт,2026-09-01,7.087591174620243,forecast,False,boosting_squared,28,8,1.8900243132320649
120100086_,шт,2026-09-01,4.107052878375697,forecast,False,boosting_squared,24,8,1.095214100900186
120100087_,шт,2026-09-01,3.951693578568249,forecast,False,boosting_squared,31,8,1.0537849542848663
120100088_,шт,2026-09-01,2.0548664924732227,forecast,False,boosting_squared,16,8,0.5479643979928593
120100089_,шт,2026-09-01,3.2228337302831704,forecast,False,boosting_squared,12,8,0.8594223280755121
120100118_,шт,2026-09-01,49.070224347548475,forecast,False,boosting_squared,32,8,13.08539315934626
120100119_,шт,2026-09-01,21.0853519023928,forecast,False,boosting_squared,32,8,5.622760507304747
120100122_,шт,2026-09-01,2.3048441596782503,forecast,False,boosting_squared,14,8,0.6146251092475334
120100178_,,2026-09-01,,insufficient_history,False,boosting_squared,0,8,
120100188_,,2026-09-01,,insufficient_history,False,boosting_squared,0,8,
120100203_,шт,2026-09-01,,insufficient_history,False,boosting_squared,0,8,
120100216_,шт,2026-09-01,,insufficient_history,False,boosting_squared,2,8,
120100219_,шт,2026-09-01,,insufficient_history,False,boosting_squared,1,8,
120100220_,шт,2026-09-01,,insufficient_history,False,boosting_squared,1,8,
120100221_,,2026-09-01,,insufficient_history,False,boosting_squared,0,8,
120100231_,,2026-09-01,,insufficient_history,False,boosting_squared,0,8,
120100306_,шт,2026-09-01,137.8453794495048,forecast,False,boosting_squared,31,8,36.758767853201284
120100307_,шт,2026-09-01,7.872541062345857,forecast,False,boosting_squared,20,8,2.0993442832922287
120100308_,шт,2026-09-01,9.642631038076626,forecast,False,boosting_squared,20,8,2.571368276820434
120100309_,шт,2026-09-01,26.95876218605389,forecast,False,boosting_squared,16,8,7.1890032496143705
120100319_,шт,2026-09-01,,insufficient_history,False,boosting_squared,2,8,
120100320_,,2026-09-01,,insufficient_history,False,boosting_squared,0,8,
120100322_,,2026-09-01,,insufficient_history,False,boosting_squared,0,8,
120100325_,шт,2026-09-01,17.932887601188128,forecast,False,boosting_squared,20,8,4.782103360316834
120300008_,шт,2026-09-01,7.108050623043349,forecast,False,boosting_squared,32,8,1.895480166144893
120300023_,шт,2026-09-01,2.815233431406953,forecast,False,boosting_squared,17,8,0.7507289150418541
130200006_,шт,2026-09-01,17.52172381637155,forecast,False,boosting_squared,26,8,4.672459684365747
130200007_,шт,2026-09-01,19.766712033633233,forecast,False,boosting_squared,30,8,5.271123208968862
130200008_,шт,2026-09-01,2.4668721029305094,forecast,False,boosting_squared,9,8,0.6578325607814691
130200012_,м,2026-09-01,169.08144839677874,forecast,False,boosting_squared,32,8,45.088386239140995
130200013_,м,2026-09-01,15.536183968567501,forecast,False,boosting_squared,32,8,4.142982391618
130200015_,м,2026-09-01,87.33901125692475,forecast,False,boosting_squared,32,8,23.2904030018466
130200016_,шт,2026-09-01,247.93273166610751,forecast,False,boosting_squared,32,8,66.115395110962
130200019_,шт,2026-09-01,4.82194031188129,forecast,False,boosting_squared,26,8,1.2858507498350107
130200020_,шт,2026-09-01,7.523955149928812,forecast,False,boosting_squared,24,8,2.0063880399810166
130200021_,шт,2026-09-01,15.894113507912339,forecast,False,boosting_squared,24,8,4.238430268776623
130200022_,шт,2026-09-01,5.366753056875861,forecast,False,boosting_squared,25,8,1.4311341485002296
130200023_,шт,2026-09-01,33.25524415940027,forecast,False,boosting_squared,27,8,8.868065109173406
130200028_,,2026-09-01,,insufficient_history,False,boosting_squared,0,8,
130200032_,шт,2026-09-01,51.11702502628117,forecast,False,boosting_squared,30,8,13.631206673674978
130200034_,шт,2026-09-01,,insufficient_history,False,boosting_squared,2,8,
130200035_,шт,2026-09-01,,insufficient_history,False,boosting_squared,0,8,
130200036_,шт,2026-09-01,154.06911204997394,forecast,False,boosting_squared,32,8,41.08509654665972
130200063_,шт,2026-09-01,14.44595205324749,forecast,False,boosting_squared,28,8,3.852253880865997
130200073_,шт,2026-09-01,41.7652415963857,forecast,False,boosting_squared,28,8,11.137397759036187
130200074_,шт,2026-09-01,16.20756163659391,forecast,False,boosting_squared,29,8,4.322016436425042
130200075_,шт,2026-09-01,24.07105338877011,forecast,False,boosting_squared,31,8,6.4189475703386965
130200080_,,2026-09-01,,insufficient_history,False,boosting_squared,0,8,
130200082_,,2026-09-01,,insufficient_history,False,boosting_squared,0,8,
130200085_,шт,2026-09-01,5.437756828622453,forecast,False,boosting_squared,21,8,1.450068487632654
130200089_,шт,2026-09-01,33.560780615498246,forecast,False,boosting_squared,32,8,8.949541497466198
130200120_,шт,2026-09-01,84.82235583901556,forecast,False,boosting_squared,31,8,22.61929489040415
130200121_,шт,2026-09-01,123.14992566771338,forecast,False,boosting_squared,32,8,32.8399801780569
130200122_,шт,2026-09-01,136.88267903526227,forecast,False,boosting_squared,30,8,36.50204774273661
130200123_,шт,2026-09-01,206.67230565510113,forecast,False,boosting_squared,32,8,55.1126148413603
130200124_,шт,2026-09-01,206.67607622158104,forecast,False,boosting_squared,30,8,55.113620325754944
130200125_,шт,2026-09-01,29.878266055432764,forecast,False,boosting_squared,31,8,7.967537614782071
130200126_,шт,2026-09-01,14.965266697947648,forecast,False,boosting_squared,32,8,3.990737786119373
130200127_,шт,2026-09-01,8.893531799890967,forecast,False,boosting_squared,30,8,2.3716084799709245
130200128_,шт,2026-09-01,45.03017080454677,forecast,False,boosting_squared,30,8,12.008045547879139
130200131_,шт,2026-09-01,,insufficient_history,False,boosting_squared,1,8,
130200133_,шт,2026-09-01,38.729651244261156,forecast,False,boosting_squared,32,8,10.327906998469642
130200134_,шт,2026-09-01,65.07900058431387,forecast,False,boosting_squared,32,8,17.354400155817032
130200135_,шт,2026-09-01,51.07514479722853,forecast,False,boosting_squared,32,8,13.620038612594275
130200136_,шт,2026-09-01,45.807229299427824,forecast,False,boosting_squared,31,8,12.215261146514086
130200154_,шт,2026-09-01,24.188960699730657,forecast,False,boosting_squared,32,8,6.4503895199281756
130200159_,шт,2026-09-01,1.4566323948948001,forecast,False,boosting_squared,3,8,0.38843530530528003
130200160_,,2026-09-01,,insufficient_history,False,boosting_squared,0,8,
130200183_,шт,2026-09-01,7.90029322623898,forecast,False,boosting_squared,32,8,2.106744860330395
130200184_,шт,2026-09-01,8.836042477469759,forecast,False,boosting_squared,31,8,2.356277993991936
130200185_,шт,2026-09-01,5.738090005616197,forecast,False,boosting_squared,27,8,1.5301573348309858
130200285_,шт,2026-09-01,,insufficient_history,False,boosting_squared,1,8,
130200298_,шт,2026-09-01,3.2194913420682814,forecast,False,boosting_squared,27,8,0.8585310245515417
130200299_,шт,2026-09-01,,insufficient_history,False,boosting_squared,2,8,
130200300_,шт,2026-09-01,4.879227583210876,forecast,False,boosting_squared,23,8,1.3011273555229004
130200301_,шт,2026-09-01,2.4833545826650707,forecast,False,boosting_squared,8,8,0.6622278887106855
130200302_,шт,2026-09-01,1.4774204870912375,forecast,False,boosting_squared,18,8,0.3939787965576633
130200305_,шт,2026-09-01,,insufficient_history,False,boosting_squared,0,8,
130200313_,шт,2026-09-01,,insufficient_history,False,boosting_squared,0,8,
130200314_,шт,2026-09-01,,insufficient_history,False,boosting_squared,0,8,
130200315_,,2026-09-01,,insufficient_history,False,boosting_squared,0,8,
130200339_,,2026-09-01,,insufficient_history,False,boosting_squared,0,8,
130200340_,шт,2026-09-01,3.057284529743029,forecast,False,boosting_squared,7,8,0.8152758745981411
130200341_,,2026-09-01,,insufficient_history,False,boosting_squared,1,8,
130200342_,шт,2026-09-01,,insufficient_history,False,boosting_squared,1,8,
130200343_,шт,2026-09-01,3.547319616719959,forecast,False,boosting_squared,3,8,0.9459518977919891
130200378_,шт,2026-09-01,45.274590256803194,forecast,False,boosting_squared,28,8,12.073224068480851
130200381_,шт,2026-09-01,18.33398149336539,forecast,False,boosting_squared,29,8,4.889061731564103
130200387_,шт,2026-09-01,,insufficient_history,False,boosting_squared,1,8,
130200409_,шт,2026-09-01,72.80452052676269,forecast,False,boosting_squared,32,8,19.414538807136715
130200413_,шт,2026-09-01,1.306019355393317,forecast,False,boosting_squared,11,8,0.34827182810488455
130200414_,шт,2026-09-01,1.4591846555751418,forecast,False,boosting_squared,7,8,0.38911590815337116
130200415_,шт,2026-09-01,1.0501719374354703,forecast,False,boosting_squared,4,8,0.2800458499827921
130200416_,шт,2026-09-01,1.2303526138851806,forecast,False,boosting_squared,5,8,0.3280940303693815
130200417_,шт,2026-09-01,,insufficient_history,False,boosting_squared,0,8,
130200418_,шт,2026-09-01,1.3585451478710846,forecast,False,boosting_squared,12,8,0.3622787060989559
130200419_,шт,2026-09-01,1.384394201262452,forecast,False,boosting_squared,16,8,0.36917178700332054
130200420_,шт,2026-09-01,2.6496754980127086,forecast,False,boosting_squared,21,8,0.7065801328033889
130200421_,шт,2026-09-01,2.4999680644477644,forecast,False,boosting_squared,13,8,0.6666581505194038
130200422_,шт,2026-09-01,4.441867843363068,forecast,False,boosting_squared,25,8,1.1844980915634846
130200423_,шт,2026-09-01,4.303263584904801,forecast,False,boosting_squared,28,8,1.1475369559746136
130200424_,шт,2026-09-01,1.7263993091638539,forecast,False,boosting_squared,25,8,0.46037314911036104
130200425_,шт,2026-09-01,3.750716290404272,forecast,False,boosting_squared,27,8,1.0001910107744725
130200426_,шт,2026-09-01,3.075299496714248,forecast,False,boosting_squared,26,8,0.8200798657904662
130200430_,шт,2026-09-01,4.147662984511167,forecast,False,boosting_squared,26,8,1.1060434625363114
130200431_,шт,2026-09-01,2.630994428660704,forecast,False,boosting_squared,20,8,0.7015985143095211
130200432_,шт,2026-09-01,2.90736842549899,forecast,False,boosting_squared,22,8,0.7752982467997307
130200433_,шт,2026-09-01,2.589853927638393,forecast,False,boosting_squared,13,8,0.6906277140369048
130200434_,шт,2026-09-01,1.9338719664276978,forecast,False,boosting_squared,22,8,0.515699191047386
130200435_,шт,2026-09-01,5.289031332279834,forecast,False,boosting_squared,31,8,1.4104083552746225
130200436_,шт,2026-09-01,4.082936118301122,forecast,False,boosting_squared,31,8,1.0887829648802991
130200437_,шт,2026-09-01,2.915570604655728,forecast,False,boosting_squared,27,8,0.7774854945748608
130200438_,шт,2026-09-01,2.3322301941928094,forecast,False,boosting_squared,21,8,0.6219280517847492
130200439_,шт,2026-09-01,2.5280744424138026,forecast,False,boosting_squared,28,8,0.6741531846436807
130200440_,шт,2026-09-01,1.0981000961114402,forecast,False,boosting_squared,5,8,0.2928266922963841
130200441_,шт,2026-09-01,4.735387533806081,forecast,False,boosting_squared,19,8,1.262770009014955
130200442_,шт,2026-09-01,2.533262626698603,forecast,False,boosting_squared,19,8,0.6755367004529608
130200443_,шт,2026-09-01,2.033485730578607,forecast,False,boosting_squared,19,8,0.5422628614876286
130200444_,шт,2026-09-01,1.7859043897238482,forecast,False,boosting_squared,20,8,0.4762411705930262
130200445_,шт,2026-09-01,1.478563276497375,forecast,False,boosting_squared,18,8,0.3942835403993
130200490_,шт,2026-09-01,,insufficient_history,False,boosting_squared,0,8,
130200491_,шт,2026-09-01,2.0922943624681807,forecast,False,boosting_squared,5,8,0.5579451633248482
130200492_,шт,2026-09-01,3.2865075455564803,forecast,False,boosting_squared,3,8,0.8764020121483947
130200493_,шт,2026-09-01,2.752109083815098,forecast,False,boosting_squared,4,8,0.7338957556840261
130200494_,шт,2026-09-01,,insufficient_history,False,boosting_squared,1,8,
130300003_,шт,2026-09-01,5.951826479276655,forecast,False,boosting_squared,28,8,1.5871537278071082
130300004_,шт,2026-09-01,6.067099216082031,forecast,False,boosting_squared,20,8,1.6178931242885417
130300005_,шт,2026-09-01,13.440835905072118,forecast,False,boosting_squared,32,8,3.5842229080192314
130300006_,шт,2026-09-01,15.510914916884477,forecast,False,boosting_squared,32,8,4.136243977835861
130300020_,шт,2026-09-01,40.58047277144854,forecast,False,boosting_squared,31,8,10.821459405719612
130300021_,шт,2026-09-01,13.955638759508753,forecast,False,boosting_squared,30,8,3.721503669202334
130300022_,шт,2026-09-01,25.458794936484367,forecast,False,boosting_squared,31,8,6.7890119830624975
130300032_,,2026-09-01,,insufficient_history,False,boosting_squared,0,8,
130300033_,шт,2026-09-01,2.1603056365879767,forecast,False,boosting_squared,16,8,0.5760815030901271
130300035_,шт,2026-09-01,,insufficient_history,False,boosting_squared,0,8,
130300036_,,2026-09-01,,insufficient_history,False,boosting_squared,0,8,
130300037_,шт,2026-09-01,,insufficient_history,False,boosting_squared,1,8,
130300038_,шт,2026-09-01,,insufficient_history,False,boosting_squared,1,8,
130300039_,шт,2026-09-01,10.090879969392049,forecast,False,boosting_squared,4,8,2.690901325171213
130300040_,шт,2026-09-01,1.8753213119239691,forecast,False,boosting_squared,3,8,0.5000856831797251
130300041_,шт,2026-09-01,15.505425082187573,forecast,False,boosting_squared,10,8,4.134780021916686
130300042_,,2026-09-01,,insufficient_history,False,boosting_squared,1,8,
130300080_,шт,2026-09-01,33.552812730787466,forecast,False,boosting_squared,32,8,8.94741672820999
130300084_,шт,2026-09-01,9.760132618779679,forecast,False,boosting_squared,29,8,2.602702031674581
130300089_,упак,2026-09-01,22.450292270474137,forecast,False,boosting_squared,8,8,5.98674460545977
130300090_,упак,2026-09-01,1.426808914040227,forecast,False,boosting_squared,4,8,0.38048237707739385
130300091_,упак,2026-09-01,4.362452680639883,forecast,False,boosting_squared,11,8,1.1633207148373022
130300101_,шт,2026-09-01,7.204460929118355,forecast,False,boosting_squared,18,8,1.921189581098228
130300102_,шт,2026-09-01,49.89138837919544,forecast,False,boosting_squared,32,8,13.304370234452117
130300103_,шт,2026-09-01,31.681755479509373,forecast,False,boosting_squared,32,8,8.448468127869166
130300105_,шт,2026-09-01,4.633447102339197,forecast,False,boosting_squared,5,8,1.2355858939571192
130300107_,шт,2026-09-01,4.876500611478814,forecast,False,boosting_squared,5,8,1.3004001630610171
130300108_,шт,2026-09-01,7.7373174982202215,forecast,False,boosting_squared,15,8,2.063284666192059
130300142_,шт,2026-09-01,6.400544841727366,forecast,False,boosting_squared,5,8,1.7068119577939642
130300143_,шт,2026-09-01,,insufficient_history,False,boosting_squared,1,8,
130300147_,шт,2026-09-01,2.572342615486768,forecast,False,boosting_squared,12,8,0.6859580307964716
130300152_,шт,2026-09-01,76.65027256053071,forecast,False,boosting_squared,31,8,20.44007268280819
130300154_,шт,2026-09-01,55.78237278809157,forecast,False,boosting_squared,32,8,14.875299410157753
130300155_,,2026-09-01,,insufficient_history,False,boosting_squared,0,8,
130300166_,шт,2026-09-01,,insufficient_history,False,boosting_squared,2,8,
130300169_,шт,2026-09-01,,insufficient_history,False,boosting_squared,0,8,
130300172_,шт,2026-09-01,,insufficient_history,False,boosting_squared,1,8,
130300178_,шт,2026-09-01,,insufficient_history,False,boosting_squared,0,8,
130300193_,шт,2026-09-01,,insufficient_history,False,boosting_squared,0,8,
130300204_,шт,2026-09-01,6.784672143003329,forecast,False,boosting_squared,29,8,1.8092459048008878
130300207_,шт,2026-09-01,4.493840701237903,forecast,False,boosting_squared,8,8,1.1983575203301073
130300208_,шт,2026-09-01,,insufficient_history,False,boosting_squared,0,8,
130300209_,шт,2026-09-01,,insufficient_history,False,boosting_squared,0,8,
130300210_,шт,2026-09-01,,insufficient_history,False,boosting_squared,2,8,
130300213_,шт,2026-09-01,,insufficient_history,False,boosting_squared,0,8,
130300214_,шт,2026-09-01,,insufficient_history,False,boosting_squared,1,8,
130300215_,,2026-09-01,,insufficient_history,False,boosting_squared,0,8,
130300220_,шт,2026-09-01,87.76108847066976,forecast,False,boosting_squared,32,8,23.402956925511937
130300221_,шт,2026-09-01,26.315252188261965,forecast,False,boosting_squared,32,8,7.017400583536524
130300223_,шт,2026-09-01,4.181054683845521,forecast,False,boosting_squared,7,8,1.114947915692139
130300226_,шт,2026-09-01,,insufficient_history,False,boosting_squared,0,8,
130300227_,шт,2026-09-01,,insufficient_history,False,boosting_squared,2,8,
130300231_,шт,2026-09-01,,insufficient_history,False,boosting_squared,1,8,
130300233_,шт,2026-09-01,,insufficient_history,False,boosting_squared,0,8,
130300247_,шт,2026-09-01,,insufficient_history,False,boosting_squared,1,8,
130300271_,упак,2026-09-01,1.4512252775720385,forecast,False,boosting_squared,3,8,0.38699340735254356
130300275_,упак,2026-09-01,,insufficient_history,False,boosting_squared,1,8,
130300287_,шт,2026-09-01,13.287389620392474,forecast,False,boosting_squared,26,8,3.5433038987713266
130300288_,шт,2026-09-01,4.455905496936535,forecast,False,boosting_squared,22,8,1.1882414658497427
130300290_,,2026-09-01,,insufficient_history,False,boosting_squared,0,8,
130300291_,шт,2026-09-01,3.0784278716796525,forecast,False,boosting_squared,27,8,0.820914099114574
130300292_,шт,2026-09-01,2.2114230471368534,forecast,False,boosting_squared,23,8,0.5897128125698275
130300293_,шт,2026-09-01,4.102853278510678,forecast,False,boosting_squared,10,8,1.0940942076028475
130300302_,шт,2026-09-01,19.769380138346282,forecast,False,boosting_squared,32,8,5.2718347035590085
130300325_,,2026-09-01,,insufficient_history,False,boosting_squared,0,8,
130300363_,,2026-09-01,,insufficient_history,False,boosting_squared,0,8,
130300368_,,2026-09-01,,insufficient_history,False,boosting_squared,0,8,
130300418_,шт,2026-09-01,,insufficient_history,False,boosting_squared,2,8,
130300449_,упак,2026-09-01,2.0335524172709176,forecast,False,boosting_squared,23,8,0.542280644605578
130300471_,упак,2026-09-01,2.2893301374146624,forecast,False,boosting_squared,19,8,0.6104880366439099
130300518_,шт,2026-09-01,6.102238135395796,forecast,False,boosting_squared,15,8,1.6272635027722122
130300519_,шт,2026-09-01,2.0380420093651455,forecast,False,boosting_squared,4,8,0.5434778691640388
130300520_,шт,2026-09-01,3.745300886144403,forecast,False,boosting_squared,8,8,0.9987469029718408
130300521_,шт,2026-09-01,3.5072927838276393,forecast,False,boosting_squared,8,8,0.9352780756873705
130300524_,шт,2026-09-01,14.87654569614572,forecast,False,boosting_squared,31,8,3.9670788523055256
130300526_,шт,2026-09-01,548.1995953910601,forecast,False,boosting_squared,32,8,146.18655877094938
130300527_,шт,2026-09-01,233.18073184139325,forecast,False,boosting_squared,30,8,62.1815284910382
130300528_,шт,2026-09-01,19.76700732476913,forecast,False,boosting_squared,19,8,5.271201953271768
130300529_,шт,2026-09-01,80.49337987163882,forecast,False,boosting_squared,29,8,21.464901299103687
130300531_,,2026-09-01,,insufficient_history,False,boosting_squared,0,8,
130300532_,шт,2026-09-01,25.803117515062162,forecast,False,boosting_squared,24,8,6.8808313373499095
130300533_,шт,2026-09-01,6.802673595929958,forecast,False,boosting_squared,26,8,1.814046292247989
130300534_,шт,2026-09-01,6.855354733542666,forecast,False,boosting_squared,19,8,1.8280945956113777
130300535_,шт,2026-09-01,31.375640229535286,forecast,False,boosting_squared,31,8,8.366837394542744
130300536_,шт,2026-09-01,12.244006024974993,forecast,False,boosting_squared,21,8,3.2650682733266647
130300537_,шт,2026-09-01,47.19122593352361,forecast,False,boosting_squared,27,8,12.584326915606296
130300538_,шт,2026-09-01,55.31779492190143,forecast,False,boosting_squared,32,8,14.751411979173715
130300544_,шт,2026-09-01,3.250987190189845,forecast,False,boosting_squared,28,8,0.8669299173839586
130300545_,шт,2026-09-01,2.1839571793182495,forecast,False,boosting_squared,19,8,0.5823885811515332
130300546_,шт,2026-09-01,2.5152314276102516,forecast,False,boosting_squared,30,8,0.6707283806960671
130300555_,,2026-09-01,,insufficient_history,False,boosting_squared,0,8,
130300596_,шт,2026-09-01,1.3540874905588562,forecast,False,boosting_squared,12,8,0.36108999748236165
130300605_,упак,2026-09-01,3.9532223929213384,forecast,False,boosting_squared,3,8,1.054192638112357
130300606_,шт,2026-09-01,45.39881412432331,forecast,False,boosting_squared,12,8,12.106350433152882
130300608_,шт,2026-09-01,229.78669676820823,forecast,False,boosting_squared,32,8,61.2764524715222
130300742_,шт,2026-09-01,9.261649815781526,forecast,False,boosting_squared,5,8,2.469773284208407
130300764_,шт,2026-09-01,16.75539754050157,forecast,False,boosting_squared,21,8,4.468106010800418
130300765_,шт,2026-09-01,3.6684145145200358,forecast,False,boosting_squared,16,8,0.9782438705386762
130300769=,шт,2026-09-01,,insufficient_history,False,boosting_squared,0,8,
130300769_,шт,2026-09-01,,insufficient_history,False,boosting_squared,2,8,
130300770_,шт,2026-09-01,2.353481737794774,forecast,False,boosting_squared,9,8,0.6275951300786065
130300771_,м,2026-09-01,2205.0422070428717,forecast,False,boosting_squared,32,8,588.0112552114325
130300772_,м,2026-09-01,1841.1012135652556,forecast,False,boosting_squared,32,8,490.9603236174015
130300773_,шт,2026-09-01,1.8802692239324694,forecast,False,boosting_squared,19,8,0.5014051263819919
130300774_,шт,2026-09-01,2.260018568850927,forecast,False,boosting_squared,20,8,0.6026716183602472
130300775_,шт,2026-09-01,3.6400873240196128,forecast,False,boosting_squared,20,8,0.9706899530718968
130300779_,м,2026-09-01,4186.616290192035,forecast,False,boosting_squared,32,8,1116.431010717876
130300780_,м,2026-09-01,8655.579473679976,forecast,False,boosting_squared,32,8,2308.1545263146604
130300791_,м,2026-09-01,4860.518278137114,forecast,False,boosting_squared,32,8,1296.1382075032304
130300792_,м,2026-09-01,6100.2503961792545,forecast,False,boosting_squared,32,8,1626.7334389811344
130300831_,шт,2026-09-01,,insufficient_history,False,boosting_squared,2,8,
130300861_,шт,2026-09-01,1.2577344358780227,forecast,False,boosting_squared,3,8,0.3353958495674727
130300883_,шт,2026-09-01,7.6161259048203345,forecast,False,boosting_squared,32,8,2.0309669079520893
130300962_,шт,2026-09-01,2.1046178262463586,forecast,False,boosting_squared,15,8,0.5612314203323623
130300963_,шт,2026-09-01,3.474755946937049,forecast,False,boosting_squared,13,8,0.9266015858498797
130300982_,,2026-09-01,,insufficient_history,False,boosting_squared,0,8,
130300985_,шт,2026-09-01,4.645714225359549,forecast,False,boosting_squared,22,8,1.2388571267625463
130300986_,шт,2026-09-01,2.233951364200985,forecast,False,boosting_squared,18,8,0.5957203637869294
130300988_,шт,2026-09-01,3.3097105108580505,forecast,False,boosting_squared,4,8,0.8825894695621468
130301000_,шт,2026-09-01,6.781682722217721,forecast,False,boosting_squared,15,8,1.8084487259247257
130301016_,шт,2026-09-01,4.122499276861316,forecast,False,boosting_squared,26,8,1.099333140496351
130301073_,,2026-09-01,,insufficient_history,False,boosting_squared,0,8,
130301079_,шт,2026-09-01,65.7925375758412,forecast,False,boosting_squared,32,8,17.544676686890984
130301081_,шт,2026-09-01,2.481679640929811,forecast,False,boosting_squared,3,8,0.6617812375812829
130301087_,шт,2026-09-01,,insufficient_history,False,boosting_squared,0,8,
130301096_,шт,2026-09-01,4.336047579040644,forecast,False,boosting_squared,29,8,1.1562793544108383
130301097_,шт,2026-09-01,5.214512039476109,forecast,False,boosting_squared,31,8,1.3905365438602957
130301098_,шт,2026-09-01,1.6482743648236393,forecast,False,boosting_squared,8,8,0.43953983061963714
130301099_,шт,2026-09-01,1.922813679625075,forecast,False,boosting_squared,12,8,0.5127503145666866
130301100_,шт,2026-09-01,84.67794504142512,forecast,False,boosting_squared,28,8,22.580785344380033
130301101_,шт,2026-09-01,770.1437239154399,forecast,False,boosting_squared,32,8,205.37165971078397
130301111_,,2026-09-01,,insufficient_history,False,boosting_squared,0,8,
130301112_,,2026-09-01,,insufficient_history,False,boosting_squared,0,8,
130301113_,,2026-09-01,,insufficient_history,False,boosting_squared,0,8,
130301114_,,2026-09-01,,insufficient_history,False,boosting_squared,0,8,
130301115_,,2026-09-01,,insufficient_history,False,boosting_squared,0,8,
130301116_,,2026-09-01,,insufficient_history,False,boosting_squared,0,8,
130301120_,шт,2026-09-01,30.832077727535687,forecast,False,boosting_squared,28,8,8.221887394009517
130301128_,шт,2026-09-01,4.327386198196931,forecast,False,boosting_squared,20,8,1.1539696528525147
130301133_,,2026-09-01,,insufficient_history,False,boosting_squared,0,8,
130301232_,м,2026-09-01,282.47414184001167,forecast,False,boosting_squared,28,8,75.32643782400311
130301257_,шт,2026-09-01,6.303912274206161,forecast,False,boosting_squared,32,8,1.681043273121643
130301258_,шт,2026-09-01,4.2137415199740795,forecast,False,boosting_squared,13,8,1.1236644053264213
130301261_,шт,2026-09-01,,insufficient_history,False,boosting_squared,1,8,
130301263_,шт,2026-09-01,1.2551917262191445,forecast,False,boosting_squared,11,8,0.33471779365843857
130301597_,,2026-09-01,,insufficient_history,False,boosting_squared,0,8,
130301598_,,2026-09-01,,insufficient_history,False,boosting_squared,0,8,
130301608_,шт,2026-09-01,75.16405185358235,forecast,False,boosting_squared,21,8,20.043747160955295
130301609_,шт,2026-09-01,24.728233513004295,forecast,False,boosting_squared,17,8,6.594195603467812
130301610_,шт,2026-09-01,61.71939229292456,forecast,False,boosting_squared,19,8,16.45850461144655
130301611_,шт,2026-09-01,23.87898050342704,forecast,False,boosting_squared,14,8,6.367728134247211
130301612_,шт,2026-09-01,21.742320784147857,forecast,False,boosting_squared,18,8,5.7979522091060955
130301613_,шт,2026-09-01,19.654863972682985,forecast,False,boosting_squared,13,8,5.24129705938213
130301614_,шт,2026-09-01,12.537792880874782,forecast,False,boosting_squared,16,8,3.343411434899942
130301615_,шт,2026-09-01,5.8571368225609115,forecast,False,boosting_squared,14,8,1.5619031526829097
130301616_,шт,2026-09-01,13.10023923520088,forecast,False,boosting_squared,18,8,3.493397129386901
130301617_,шт,2026-09-01,10.59685457133392,forecast,False,boosting_squared,14,8,2.825827885689045
130301618_,шт,2026-09-01,11.632093846319256,forecast,False,boosting_squared,9,8,3.1018916923518014
130301619_,шт,2026-09-01,52.611321493668505,forecast,False,boosting_squared,10,8,14.029685731644935
130301620_,шт,2026-09-01,11.284061785169852,forecast,False,boosting_squared,10,8,3.0090831427119604
130301621_,шт,2026-09-01,8.310423195579244,forecast,False,boosting_squared,7,8,2.216112852154465
130301622_,шт,2026-09-01,6.2080015852384935,forecast,False,boosting_squared,9,8,1.6554670893969317
130301623_,шт,2026-09-01,1.70363706467815,forecast,False,boosting_squared,3,8,0.45430321724750666
130301624_,шт,2026-09-01,,insufficient_history,False,boosting_squared,0,8,
130301625_,шт,2026-09-01,5.536820354405948,forecast,False,boosting_squared,5,8,1.476485427841586
130301626_,шт,2026-09-01,27.539547358137316,forecast,False,boosting_squared,19,8,7.343879295503284
130301627_,шт,2026-09-01,5.357645930891904,forecast,False,boosting_squared,10,8,1.4287055815711744
130301628_,шт,2026-09-01,7.6009874754820235,forecast,False,boosting_squared,15,8,2.0269299934618727
130301629_,шт,2026-09-01,8.903444943591932,forecast,False,boosting_squared,12,8,2.3742519849578487
130301630_,шт,2026-09-01,9.731487401188481,forecast,False,boosting_squared,6,8,2.595063306983595
130301631_,шт,2026-09-01,17.23582834210648,forecast,False,boosting_squared,4,8,4.596220891228395
130301632_,шт,2026-09-01,19.289156352489034,forecast,False,boosting_squared,3,8,5.143775027330409
130301633_,шт,2026-09-01,10.908451069567752,forecast,False,boosting_squared,4,8,2.908920285218067
130301634_,шт,2026-09-01,44.647327216269765,forecast,False,boosting_squared,4,8,11.905953924338604
130301635_,шт,2026-09-01,102.00393376034951,forecast,False,boosting_squared,14,8,27.20104900275987
130301636_,шт,2026-09-01,25.17517012240336,forecast,False,boosting_squared,8,8,6.7133786993075635
130301637_,шт,2026-09-01,,insufficient_history,False,boosting_squared,0,8,
130301638_,шт,2026-09-01,14.55705199053904,forecast,False,boosting_squared,7,8,3.881880530810411
130301639_,шт,2026-09-01,6.137278493810799,forecast,False,boosting_squared,4,8,1.6366075983495463
130301640_,шт,2026-09-01,28.116651114795363,forecast,False,boosting_squared,4,8,7.497773630612097
130301641_,шт,2026-09-01,16.899520064603617,forecast,False,boosting_squared,11,8,4.506538683894298
130301642_,шт,2026-09-01,,insufficient_history,False,boosting_squared,1,8,
130301643_,шт,2026-09-01,,insufficient_history,False,boosting_squared,0,8,
130301644_,шт,2026-09-01,15.551420679445904,forecast,False,boosting_squared,17,8,4.147045514518908
130301645_,шт,2026-09-01,5.5490884394200295,forecast,False,boosting_squared,6,8,1.4797569171786746
130301646_,шт,2026-09-01,9.028789068695165,forecast,False,boosting_squared,16,8,2.4076770849853775
130301647_,шт,2026-09-01,6.523684811022861,forecast,False,boosting_squared,5,8,1.7396492829394294
130301648_,шт,2026-09-01,4.004540624287651,forecast,False,boosting_squared,4,8,1.0678774998100404
130301649_,шт,2026-09-01,0.7078981455068991,forecast,False,boosting_squared,3,8,0.18877283880183976
130301650_,шт,2026-09-01,,insufficient_history,False,boosting_squared,0,8,
130301651_,шт,2026-09-01,,insufficient_history,False,boosting_squared,0,8,
130301652_,шт,2026-09-01,,insufficient_history,False,boosting_squared,0,8,
130301653_,,2026-09-01,,insufficient_history,False,boosting_squared,0,8,
130301654_,шт,2026-09-01,,insufficient_history,False,boosting_squared,0,8,
130301655_,шт,2026-09-01,,insufficient_history,False,boosting_squared,0,8,
130301656_,шт,2026-09-01,,insufficient_history,False,boosting_squared,0,8,
130301657_,,2026-09-01,,insufficient_history,False,boosting_squared,0,8,
130301658_,шт,2026-09-01,,insufficient_history,False,boosting_squared,0,8,
130301659_,шт,2026-09-01,,insufficient_history,False,boosting_squared,0,8,
130301660_,шт,2026-09-01,,insufficient_history,False,boosting_squared,0,8,
130301661_,шт,2026-09-01,,insufficient_history,False,boosting_squared,1,8,
130301662_,шт,2026-09-01,,insufficient_history,False,boosting_squared,0,8,
130301663_,шт,2026-09-01,,insufficient_history,False,boosting_squared,0,8,
130301664_,шт,2026-09-01,,insufficient_history,False,boosting_squared,0,8,
130301665_,шт,2026-09-01,,insufficient_history,False,boosting_squared,1,8,
130301666_,шт,2026-09-01,,insufficient_history,False,boosting_squared,0,8,
130301667_,шт,2026-09-01,,insufficient_history,False,boosting_squared,0,8,
130301668_,шт,2026-09-01,,insufficient_history,False,boosting_squared,0,8,
130301669_,шт,2026-09-01,,insufficient_history,False,boosting_squared,1,8,
130301670_,шт,2026-09-01,,insufficient_history,False,boosting_squared,0,8,
130301671_,шт,2026-09-01,,insufficient_history,False,boosting_squared,0,8,
130301672_,,2026-09-01,,insufficient_history,False,boosting_squared,0,8,
130301673_,шт,2026-09-01,19.810946852234494,forecast,False,boosting_squared,5,8,5.282919160595865
130301674_,шт,2026-09-01,2.603829008276514,forecast,False,boosting_squared,3,8,0.6943544022070703
130301675_,шт,2026-09-01,26.624772578527153,forecast,False,boosting_squared,3,8,7.099939354273908
130301676_,шт,2026-09-01,,insufficient_history,False,boosting_squared,2,8,
130301677_,шт,2026-09-01,5.211206073616223,forecast,False,boosting_squared,3,8,1.389654952964326
130301678_,шт,2026-09-01,5.732200710132944,forecast,False,boosting_squared,6,8,1.5285868560354519
130301679_,шт,2026-09-01,3.601748479488312,forecast,False,boosting_squared,3,8,0.9604662611968832
130301680_,,2026-09-01,,insufficient_history,False,boosting_squared,0,8,
130301681_,шт,2026-09-01,,insufficient_history,False,boosting_squared,1,8,
130301682_,шт,2026-09-01,,insufficient_history,False,boosting_squared,1,8,
130301683_,шт,2026-09-01,,insufficient_history,False,boosting_squared,0,8,
130301685_,шт,2026-09-01,,insufficient_history,False,boosting_squared,0,8,
130301686_,шт,2026-09-01,,insufficient_history,False,boosting_squared,1,8,
130301687_,шт,2026-09-01,,insufficient_history,False,boosting_squared,0,8,
130301688_,шт,2026-09-01,7.0723794284979835,forecast,False,boosting_squared,3,8,1.8859678475994623
130301689_,шт,2026-09-01,14.966314945162098,forecast,False,boosting_squared,4,8,3.991017318709893
130301690_,шт,2026-09-01,,insufficient_history,False,boosting_squared,0,8,
130301691_,шт,2026-09-01,,insufficient_history,False,boosting_squared,0,8,
130301692_,шт,2026-09-01,,insufficient_history,False,boosting_squared,1,8,
130301693_,шт,2026-09-01,5.937992310197816,forecast,False,boosting_squared,4,8,1.583464616052751
130301694_,шт,2026-09-01,,insufficient_history,False,boosting_squared,1,8,
130301695_,шт,2026-09-01,14.85793500664085,forecast,False,boosting_squared,6,8,3.9621160017708936
130301696_,шт,2026-09-01,,insufficient_history,False,boosting_squared,2,8,
130301697_,шт,2026-09-01,4.604995942472687,forecast,False,boosting_squared,4,8,1.2279989179927167
130301698_,шт,2026-09-01,,insufficient_history,False,boosting_squared,1,8,
130301699_,шт,2026-09-01,,insufficient_history,False,boosting_squared,0,8,
130301700_,шт,2026-09-01,,insufficient_history,False,boosting_squared,2,8,
130301701_,шт,2026-09-01,,insufficient_history,False,boosting_squared,0,8,
130301702_,шт,2026-09-01,,insufficient_history,False,boosting_squared,1,8,
130301703_,шт,2026-09-01,,insufficient_history,False,boosting_squared,1,8,
130301704_,шт,2026-09-01,,insufficient_history,False,boosting_squared,1,8,
130301705_,шт,2026-09-01,,insufficient_history,False,boosting_squared,0,8,
130301706_,шт,2026-09-01,6.802594777896492,forecast,False,boosting_squared,5,8,1.8140252741057312
130301707_,шт,2026-09-01,,insufficient_history,False,boosting_squared,0,8,
130301708_,шт,2026-09-01,,insufficient_history,False,boosting_squared,2,8,
130301709_,шт,2026-09-01,,insufficient_history,False,boosting_squared,0,8,
130301710_,шт,2026-09-01,,insufficient_history,False,boosting_squared,0,8,
130301711_,шт,2026-09-01,,insufficient_history,False,boosting_squared,0,8,
130301712_,шт,2026-09-01,5.29243238496869,forecast,False,boosting_squared,3,8,1.4113153026583172
130301713_,шт,2026-09-01,,insufficient_history,False,boosting_squared,0,8,
130301714_,шт,2026-09-01,,insufficient_history,False,boosting_squared,0,8,
130301715_,шт,2026-09-01,6.424353633553384,forecast,False,boosting_squared,4,8,1.713160968947569
130301716_,шт,2026-09-01,,insufficient_history,False,boosting_squared,1,8,
130301717_,шт,2026-09-01,,insufficient_history,False,boosting_squared,1,8,
130301718_,шт,2026-09-01,,insufficient_history,False,boosting_squared,0,8,
130301719_,шт,2026-09-01,,insufficient_history,False,boosting_squared,1,8,
130301720_,шт,2026-09-01,,insufficient_history,False,boosting_squared,0,8,
130301721_,шт,2026-09-01,,insufficient_history,False,boosting_squared,1,8,
130301722_,шт,2026-09-01,,insufficient_history,False,boosting_squared,0,8,
130301723_,шт,2026-09-01,,insufficient_history,False,boosting_squared,0,8,
130301724_,шт,2026-09-01,,insufficient_history,False,boosting_squared,0,8,
130301725_,шт,2026-09-01,,insufficient_history,False,boosting_squared,2,8,
130301726_,шт,2026-09-01,,insufficient_history,False,boosting_squared,2,8,
130301727_,шт,2026-09-01,,insufficient_history,False,boosting_squared,0,8,
130301728_,шт,2026-09-01,,insufficient_history,False,boosting_squared,1,8,
130301729_,шт,2026-09-01,,insufficient_history,False,boosting_squared,0,8,
130301730_,шт,2026-09-01,,insufficient_history,False,boosting_squared,0,8,
130301731_,шт,2026-09-01,,insufficient_history,False,boosting_squared,1,8,
130301732_,шт,2026-09-01,,insufficient_history,False,boosting_squared,0,8,
130301733_,шт,2026-09-01,3.625784511442098,forecast,False,boosting_squared,3,8,0.9668758697178927
130301734_,шт,2026-09-01,,insufficient_history,False,boosting_squared,1,8,
130301735_,шт,2026-09-01,,insufficient_history,False,boosting_squared,1,8,
130301736_,шт,2026-09-01,4.474790200126154,forecast,False,boosting_squared,3,8,1.193277386700308
130301737_,шт,2026-09-01,9.805915663989461,forecast,False,boosting_squared,5,8,2.614910843730523
130301738_,шт,2026-09-01,1.5237888360101715,forecast,False,boosting_squared,3,8,0.4063436896027124
130301739_,шт,2026-09-01,,insufficient_history,False,boosting_squared,1,8,
130301927_,м,2026-09-01,,insufficient_history,False,boosting_squared,0,8,
130400069_,шт,2026-09-01,,insufficient_history,False,boosting_squared,2,8,
130400112_,шт,2026-09-01,,insufficient_history,False,boosting_squared,0,8,
130400150_,,2026-09-01,,insufficient_history,False,boosting_squared,0,8,
130400151_,,2026-09-01,,insufficient_history,False,boosting_squared,0,8,
130400152_,шт,2026-09-01,,insufficient_history,False,boosting_squared,0,8,
130400153_,шт,2026-09-01,,insufficient_history,False,boosting_squared,0,8,
130400154_,шт,2026-09-01,3.3609855100665333,forecast,False,boosting_squared,4,8,0.8962628026844089
130400155_,шт,2026-09-01,,insufficient_history,False,boosting_squared,0,8,
130400156_,шт,2026-09-01,,insufficient_history,False,boosting_squared,0,8,
130500001_,шт,2026-09-01,,insufficient_history,False,boosting_squared,1,8,
130500002_,шт,2026-09-01,55.13170344844493,forecast,False,boosting_squared,13,8,14.701787586251982
130500003_,шт,2026-09-01,3.7302947391332024,forecast,False,boosting_squared,9,8,0.994745263768854
130500004_,шт,2026-09-01,1.8790824770321055,forecast,False,boosting_squared,5,8,0.5010886605418948
130500005_,шт,2026-09-01,7.474769692412203,forecast,False,boosting_squared,7,8,1.9932719179765876
130500006_,шт,2026-09-01,,insufficient_history,False,boosting_squared,2,8,
130500007_,шт,2026-09-01,15.510854613186645,forecast,False,boosting_squared,8,8,4.136227896849772
130500008_,шт,2026-09-01,4.044094212505922,forecast,False,boosting_squared,9,8,1.0784251233349125
130500009_,шт,2026-09-01,27.640237428969076,forecast,False,boosting_squared,3,8,7.37072998105842
130500010_,шт,2026-09-01,3.4093092201650146,forecast,False,boosting_squared,7,8,0.9091491253773373
130500011_,шт,2026-09-01,4.25879024540449,forecast,False,boosting_squared,3,8,1.1356773987745306
130500012_,шт,2026-09-01,,insufficient_history,False,boosting_squared,1,8,
130500013_,шт,2026-09-01,2.876753785524926,forecast,False,boosting_squared,3,8,0.7671343428066469
130500014_,шт,2026-09-01,,insufficient_history,False,boosting_squared,0,8,
130500015_,шт,2026-09-01,3.3097105108580505,forecast,False,boosting_squared,4,8,0.8825894695621468
130500027_,шт,2026-09-01,5.261172650740266,forecast,False,boosting_squared,11,8,1.4029793735307377
130500046_,шт,2026-09-01,41.31987929587646,forecast,False,boosting_squared,4,8,11.01863447890039
130500051_,,2026-09-01,,insufficient_history,False,boosting_squared,0,8,
130500080_,шт,2026-09-01,3.398194388208921,forecast,False,boosting_squared,7,8,0.9061851701890457
130500085_,шт,2026-09-01,5.03424004491868,forecast,False,boosting_squared,5,8,1.3424640119783147
130500088_,шт,2026-09-01,2.8004517319379296,forecast,False,boosting_squared,5,8,0.7467871285167812
130500094_,шт,2026-09-01,4.538973707966237,forecast,False,boosting_squared,9,8,1.2103929887909965
130500098_,,2026-09-01,,insufficient_history,False,boosting_squared,0,8,
130500102_,шт,2026-09-01,4.6661316844185885,forecast,False,boosting_squared,4,8,1.2443017825116236
130500136_,шт,2026-09-01,1.7331152392673852,forecast,False,boosting_squared,5,8,0.46216406380463604
130500137_,,2026-09-01,,insufficient_history,False,boosting_squared,0,8,
130600007_,шт,2026-09-01,,insufficient_history,False,boosting_squared,2,8,
130600021_,шт,2026-09-01,15.104507432198593,forecast,False,boosting_squared,31,8,4.027868648586291
130600022_,шт,2026-09-01,12.514945098381734,forecast,False,boosting_squared,31,8,3.3373186929017957
130600023_,шт,2026-09-01,36.735517938222856,forecast,False,boosting_squared,32,8,9.796138116859428
130600024_,шт,2026-09-01,10.749865995057517,forecast,False,boosting_squared,30,8,2.866630932015338
130600025_,шт,2026-09-01,14.095999080762383,forecast,False,boosting_squared,32,8,3.758933088203302
130600027_,шт,2026-09-01,18.38155752723515,forecast,False,boosting_squared,28,8,4.901748673929373
130600031_,шт,2026-09-01,6.050746111060056,forecast,False,boosting_squared,31,8,1.6135322962826817
130600032_,шт,2026-09-01,12.40389445435502,forecast,False,boosting_squared,32,8,3.3077051878280055
130600051_,шт,2026-09-01,5.918361063716708,forecast,False,boosting_squared,28,8,1.5782296169911223
130600052_,шт,2026-09-01,10.87144869957853,forecast,False,boosting_squared,31,8,2.8990529865542745
130600053_,шт,2026-09-01,29.56967892674393,forecast,False,boosting_squared,32,8,7.885247713798381
130600057_,шт,2026-09-01,2.876753785524926,forecast,False,boosting_squared,3,8,0.7671343428066469
130600060_,шт,2026-09-01,28.91092083118352,forecast,False,boosting_squared,16,8,7.709578888315606
130600061_,шт,2026-09-01,34.75432152675924,forecast,False,boosting_squared,32,8,9.267819073802464
130600062_,,2026-09-01,,insufficient_history,False,boosting_squared,0,8,
130600063_,шт,2026-09-01,96.6939391112129,forecast,False,boosting_squared,32,8,25.785050429656774
130600064_,шт,2026-09-01,8.756165020277077,forecast,False,boosting_squared,31,8,2.3349773387405537
130600066_,шт,2026-09-01,10.844331094858676,forecast,False,boosting_squared,29,8,2.891821625295647
130600067_,шт,2026-09-01,5.738574600960335,forecast,False,boosting_squared,23,8,1.5302865602560893
130600068_,шт,2026-09-01,89.21524823515797,forecast,False,boosting_squared,32,8,23.790732862708794
130600075_,шт,2026-09-01,,insufficient_history,False,boosting_squared,1,8,
130600076_,шт,2026-09-01,3.690871456247611,forecast,False,boosting_squared,3,8,0.9842323883326962
130600077_,шт,2026-09-01,3.385651724978632,forecast,False,boosting_squared,5,8,0.9028404599943018
130600078_,шт,2026-09-01,2.4269102771990427,forecast,False,boosting_squared,16,8,0.6471760739197447
130600079_,шт,2026-09-01,3.6464200394038278,forecast,False,boosting_squared,22,8,0.9723786771743541
130600080_,шт,2026-09-01,2.7858314313543096,forecast,False,boosting_squared,30,8,0.7428883816944826
130600086_,шт,2026-09-01,9.22108875895544,forecast,False,boosting_squared,29,8,2.4589570023881175
130600098_,шт,2026-09-01,5.563031437365938,forecast,False,boosting_squared,22,8,1.4834750499642502
130600121_,шт,2026-09-01,,insufficient_history,False,boosting_squared,0,8,
130600122_,шт,2026-09-01,,insufficient_history,False,boosting_squared,0,8,
130600123_,шт,2026-09-01,,insufficient_history,False,boosting_squared,1,8,
130600124_,шт,2026-09-01,2.640883027836036,forecast,False,boosting_squared,8,8,0.7042354740896095
130600125_,шт,2026-09-01,3.1673420126162104,forecast,False,boosting_squared,5,8,0.8446245366976561
130600126_,,2026-09-01,,insufficient_history,False,boosting_squared,0,8,
130600128_,шт,2026-09-01,12.936552375207492,forecast,False,boosting_squared,30,8,3.449747300055331
130600129_,шт,2026-09-01,,insufficient_history,False,boosting_squared,1,8,
130600130_,шт,2026-09-01,3.141938895511512,forecast,False,boosting_squared,3,8,0.8378503721364032
130600131_,шт,2026-09-01,,insufficient_history,False,boosting_squared,1,8,
130600132_,шт,2026-09-01,,insufficient_history,False,boosting_squared,2,8,
130600135_,шт,2026-09-01,,insufficient_history,False,boosting_squared,2,8,
130600136_,шт,2026-09-01,3.302197772119578,forecast,False,boosting_squared,19,8,0.8805860725652208
130600137_,шт,2026-09-01,16.674736820851283,forecast,False,boosting_squared,30,8,4.446596485560343
130600138_,шт,2026-09-01,7.966111857099958,forecast,False,boosting_squared,30,8,2.1242964952266554
130600140_,шт,2026-09-01,,insufficient_history,False,boosting_squared,1,8,
130600145_,шт,2026-09-01,23.895242001660456,forecast,False,boosting_squared,28,8,6.372064533776122
130600147_,,2026-09-01,,insufficient_history,False,boosting_squared,1,8,
130600148_,шт,2026-09-01,,insufficient_history,False,boosting_squared,2,8,
130600149_,шт,2026-09-01,,insufficient_history,False,boosting_squared,1,8,
130600150_,шт,2026-09-01,,insufficient_history,False,boosting_squared,2,8,
130600154_,шт,2026-09-01,22.25887096125817,forecast,False,boosting_squared,29,8,5.935698923002179
130600165_,шт,2026-09-01,3.547319616719959,forecast,False,boosting_squared,3,8,0.9459518977919891
130600166_,шт,2026-09-01,,insufficient_history,False,boosting_squared,1,8,
130600200_,шт,2026-09-01,,insufficient_history,False,boosting_squared,0,8,
130600201_,шт,2026-09-01,,insufficient_history,False,boosting_squared,1,8,
130600202_,шт,2026-09-01,,insufficient_history,False,boosting_squared,0,8,
130600203_,шт,2026-09-01,,insufficient_history,False,boosting_squared,2,8,
130600204_,шт,2026-09-01,5.035275226283629,forecast,False,boosting_squared,8,8,1.342740060342301
130600205_,шт,2026-09-01,11.486483978970078,forecast,False,boosting_squared,4,8,3.0630623943920208
130600206_,шт,2026-09-01,,insufficient_history,False,boosting_squared,2,8,
130600207_,шт,2026-09-01,8.477147045506726,forecast,False,boosting_squared,7,8,2.2605725454684604
130600208_,шт,2026-09-01,1.9527515373608926,forecast,False,boosting_squared,5,8,0.520733743296238
130600209_,шт,2026-09-01,,insufficient_history,False,boosting_squared,2,8,
130600210_,шт,2026-09-01,,insufficient_history,False,boosting_squared,2,8,
130600211_,шт,2026-09-01,2.686509921435874,forecast,False,boosting_squared,4,8,0.716402645716233
130600212_,шт,2026-09-01,2.4737186360156818,forecast,False,boosting_squared,9,8,0.6596583029375152
130600213_,шт,2026-09-01,3.5557058010828015,forecast,False,boosting_squared,8,8,0.9481882136220804
130600214_,шт,2026-09-01,5.1873603248642866,forecast,False,boosting_squared,3,8,1.3832960866304764
130600215_,шт,2026-09-01,2.11354107512442,forecast,False,boosting_squared,5,8,0.563610953366512
130600216_,шт,2026-09-01,,insufficient_history,False,boosting_squared,1,8,
130600217_,шт,2026-09-01,3.1476446181903635,forecast,False,boosting_squared,3,8,0.839371898184097
130600218_,шт,2026-09-01,,insufficient_history,False,boosting_squared,2,8,
130600219_,шт,2026-09-01,,insufficient_history,False,boosting_squared,1,8,
130600220_,шт,2026-09-01,,insufficient_history,False,boosting_squared,2,8,
130600222_,шт,2026-09-01,,insufficient_history,False,boosting_squared,1,8,
130600223_,шт,2026-09-01,,insufficient_history,False,boosting_squared,2,8,
130600224_,шт,2026-09-01,,insufficient_history,False,boosting_squared,1,8,
130600225_,шт,2026-09-01,,insufficient_history,False,boosting_squared,2,8,
130600226_,шт,2026-09-01,,insufficient_history,False,boosting_squared,0,8,
130600227_,,2026-09-01,,insufficient_history,False,boosting_squared,1,8,
130600228_,,2026-09-01,,insufficient_history,False,boosting_squared,1,8,
130600229_,шт,2026-09-01,,insufficient_history,False,boosting_squared,2,8,
130600230_,шт,2026-09-01,,insufficient_history,False,boosting_squared,2,8,
130600232_,шт,2026-09-01,,insufficient_history,False,boosting_squared,1,8,
130600234_,шт,2026-09-01,,insufficient_history,False,boosting_squared,1,8,
130600235_,шт,2026-09-01,,insufficient_history,False,boosting_squared,0,8,
130600236_,шт,2026-09-01,,insufficient_history,False,boosting_squared,2,8,
130600237_,шт,2026-09-01,,insufficient_history,False,boosting_squared,0,8,
130600238_,шт,2026-09-01,,insufficient_history,False,boosting_squared,0,8,
130600239_,шт,2026-09-01,,insufficient_history,False,boosting_squared,0,8,
130600240_,шт,2026-09-01,,insufficient_history,False,boosting_squared,0,8,
130600241_,шт,2026-09-01,,insufficient_history,False,boosting_squared,0,8,
130600242_,шт,2026-09-01,,insufficient_history,False,boosting_squared,2,8,
130600243_,шт,2026-09-01,,insufficient_history,False,boosting_squared,0,8,
130600244_,шт,2026-09-01,,insufficient_history,False,boosting_squared,1,8,
130600245_,шт,2026-09-01,,insufficient_history,False,boosting_squared,1,8,
130600246_,шт,2026-09-01,,insufficient_history,False,boosting_squared,0,8,
130600247_,,2026-09-01,,insufficient_history,False,boosting_squared,1,8,
130600248_,шт,2026-09-01,,insufficient_history,False,boosting_squared,2,8,
130600253_,шт,2026-09-01,2.714864582242466,forecast,False,boosting_squared,5,8,0.723963888597991
130600254_,шт,2026-09-01,1.127722943445358,forecast,False,boosting_squared,10,8,0.30072611825209544
130600255_,шт,2026-09-01,3.08870683007429,forecast,False,boosting_squared,12,8,0.8236551546864773
130600256_,шт,2026-09-01,3.5532360226815185,forecast,False,boosting_squared,9,8,0.947529606048405
130600257_,шт,2026-09-01,,insufficient_history,False,boosting_squared,2,8,
130600258_,шт,2026-09-01,0.9491343811038859,forecast,False,boosting_squared,5,8,0.2531025016277029
130600259_,шт,2026-09-01,,insufficient_history,False,boosting_squared,1,8,
130600260_,шт,2026-09-01,,insufficient_history,False,boosting_squared,0,8,
130600261_,шт,2026-09-01,3.15404651329375,forecast,False,boosting_squared,6,8,0.8410790702116666
130600262_,шт,2026-09-01,,insufficient_history,False,boosting_squared,2,8,
130600265_,шт,2026-09-01,,insufficient_history,False,boosting_squared,2,8,
130600266_,шт,2026-09-01,,insufficient_history,False,boosting_squared,0,8,
130600267_,шт,2026-09-01,,insufficient_history,False,boosting_squared,0,8,
130600268_,шт,2026-09-01,,insufficient_history,False,boosting_squared,0,8,
130600269_,шт,2026-09-01,,insufficient_history,False,boosting_squared,0,8,
130600270_,шт,2026-09-01,,insufficient_history,False,boosting_squared,2,8,
130600271_,шт,2026-09-01,,insufficient_history,False,boosting_squared,0,8,
130600272_,шт,2026-09-01,2.481679640929811,forecast,False,boosting_squared,3,8,0.6617812375812829
130600273_,шт,2026-09-01,,insufficient_history,False,boosting_squared,0,8,
130900001_,шт,2026-09-01,9.42823765441051,forecast,False,boosting_squared,28,8,2.5141967078428027
130900006_,шт,2026-09-01,11.789713693547077,forecast,False,boosting_squared,26,8,3.1439236516125537
130900007_,шт,2026-09-01,3.904390540392026,forecast,False,boosting_squared,10,8,1.041170810771207
130900008_,шт,2026-09-01,12.670368134944617,forecast,False,boosting_squared,28,8,3.378764835985231
130900009_,шт,2026-09-01,26.696253269408246,forecast,False,boosting_squared,31,8,7.119000871842199
130900010_,шт,2026-09-01,5.993171245852555,forecast,False,boosting_squared,20,8,1.5981789988940145
130900012_,шт,2026-09-01,22.66060798409078,forecast,False,boosting_squared,31,8,6.042828795757542
130900013_,шт,2026-09-01,8.792962820848745,forecast,False,boosting_squared,27,8,2.3447900855596653
130900014_,шт,2026-09-01,7.919601773704499,forecast,False,boosting_squared,26,8,2.1118938063212
130900017_,шт,2026-09-01,23.54890437478891,forecast,False,boosting_squared,32,8,6.279707833277043
130900019_,шт,2026-09-01,163.71615201651818,forecast,False,boosting_squared,32,8,43.65764053773818
130900020_,шт,2026-09-01,182.48871322959735,forecast,False,boosting_squared,32,8,48.66365686122596
130900030_,шт,2026-09-01,7.215276132509146,forecast,False,boosting_squared,22,8,1.9240736353357724
130900031_,шт,2026-09-01,6.208246720968743,forecast,False,boosting_squared,16,8,1.6555324589249982
130900033_,,2026-09-01,,insufficient_history,False,boosting_squared,0,8,
130900065_,шт,2026-09-01,9.559003291048139,forecast,False,boosting_squared,24,8,2.5490675442795037
150100494_,шт,2026-09-01,,insufficient_history,False,boosting_squared,2,8,
150100666_,м,2026-09-01,,insufficient_history,False,boosting_squared,2,8,
150100667_,м,2026-09-01,8.899783938964747,forecast,False,boosting_squared,5,8,2.373275717057266
150100720_,м,2026-09-01,5.089071190644211,forecast,False,boosting_squared,3,8,1.3570856508384563
150100723_,м,2026-09-01,3.20406746685595,forecast,False,boosting_squared,13,8,0.8544179911615867
150100853_,м,2026-09-01,,insufficient_history,False,boosting_squared,1,8,
150100854_,м,2026-09-01,3.40609080824813,forecast,False,boosting_squared,3,8,0.9082908821995014
150100855_,м,2026-09-01,11.23563713886363,forecast,False,boosting_squared,11,8,2.996169903696968
150100863_,м,2026-09-01,,insufficient_history,False,boosting_squared,1,8,
150100864_,м,2026-09-01,,insufficient_history,False,boosting_squared,2,8,
150100953_,м,2026-09-01,14.927357780643643,forecast,False,boosting_squared,3,8,3.9806287415049715
150100954_,м,2026-09-01,13.191653878820794,forecast,False,boosting_squared,5,8,3.5177743676855453
150100955_,м,2026-09-01,8.848442091743294,forecast,False,boosting_squared,20,8,2.359584557798212
150100956_,,2026-09-01,,insufficient_history,False,boosting_squared,0,8,
150100957_,м,2026-09-01,9.263438046434205,forecast,False,boosting_squared,3,8,2.470250145715788
150100958_,,2026-09-01,,insufficient_history,False,boosting_squared,0,8,
150100959_,м,2026-09-01,,insufficient_history,False,boosting_squared,1,8,
150100961_,м,2026-09-01,5.068911512259074,forecast,False,boosting_squared,4,8,1.3517097366024198
150100996_,м,2026-09-01,35.73407873597223,forecast,False,boosting_squared,6,8,9.529087662925928
150100997_,м,2026-09-01,95.4443146343201,forecast,False,boosting_squared,3,8,25.45181723581869
150101000_,м,2026-09-01,10.780182092299288,forecast,False,boosting_squared,7,8,2.8747152246131433
150101008_,м,2026-09-01,14.927357780643643,forecast,False,boosting_squared,3,8,3.9806287415049715
150101009_,,2026-09-01,,insufficient_history,False,boosting_squared,0,8,
150101010_,м,2026-09-01,6.22047890668122,forecast,False,boosting_squared,4,8,1.658794375114992
150101102_,,2026-09-01,,insufficient_history,False,boosting_squared,0,8,
150101103_,м,2026-09-01,12.33092451346114,forecast,False,boosting_squared,10,8,3.2882465369229705
150101104_,м,2026-09-01,13.920467008408496,forecast,False,boosting_squared,11,8,3.7121245355755987
150101140_,шт,2026-09-01,7.952821442211852,forecast,False,boosting_squared,20,8,2.120752384589827
150101155_,шт,2026-09-01,4.815034656144419,forecast,False,boosting_squared,7,8,1.2840092416385116
150101158_,шт,2026-09-01,5.046584713727985,forecast,False,boosting_squared,7,8,1.345755923660796
150101175_,шт,2026-09-01,,insufficient_history,False,boosting_squared,0,8,
150101176_,шт,2026-09-01,,insufficient_history,False,boosting_squared,0,8,
150101177_,шт,2026-09-01,,insufficient_history,False,boosting_squared,2,8,
150101178_,шт,2026-09-01,,insufficient_history,False,boosting_squared,1,8,
150101179_,шт,2026-09-01,2.0380420093651455,forecast,False,boosting_squared,4,8,0.5434778691640388
150101180_,шт,2026-09-01,13.982265040583574,forecast,False,boosting_squared,9,8,3.7286040108222864
150101181_,шт,2026-09-01,2.767555314981468,forecast,False,boosting_squared,10,8,0.7380147506617247
150101182_,шт,2026-09-01,8.335501360514728,forecast,False,boosting_squared,11,8,2.2228003628039277
150101183_,шт,2026-09-01,5.8587475662217345,forecast,False,boosting_squared,15,8,1.5623326843257959
150101188_,шт,2026-09-01,,insufficient_history,False,boosting_squared,2,8,
150101189_,шт,2026-09-01,5.645200289714098,forecast,False,boosting_squared,17,8,1.5053867439237594
150101190_,шт,2026-09-01,10.282597029588663,forecast,False,boosting_squared,12,8,2.742025874556977
150101191_,шт,2026-09-01,5.430857565646814,forecast,False,boosting_squared,7,8,1.4482286841724838
150101192_,шт,2026-09-01,11.018047681868351,forecast,False,boosting_squared,17,8,2.938146048498227
150101193_,шт,2026-09-01,11.06893230900111,forecast,False,boosting_squared,16,8,2.9517152824002957
150101194_,шт,2026-09-01,,insufficient_history,False,boosting_squared,2,8,
150101195_,шт,2026-09-01,,insufficient_history,False,boosting_squared,1,8,
150101196_,шт,2026-09-01,,insufficient_history,False,boosting_squared,1,8,
150101197_,шт,2026-09-01,,insufficient_history,False,boosting_squared,2,8,
150101198_,шт,2026-09-01,6.510437120827853,forecast,False,boosting_squared,8,8,1.7361165655540942
150101199_,шт,2026-09-01,7.931951543009919,forecast,False,boosting_squared,7,8,2.1151870781359783
150101200_,шт,2026-09-01,6.7436739501089535,forecast,False,boosting_squared,11,8,1.7983130533623877
150101201_,шт,2026-09-01,8.950156704776745,forecast,False,boosting_squared,13,8,2.386708454607132
150101202_,шт,2026-09-01,8.30543983184501,forecast,False,boosting_squared,6,8,2.2147839551586697
150101203_,шт,2026-09-01,,insufficient_history,False,boosting_squared,1,8,
150101204_,шт,2026-09-01,,insufficient_history,False,boosting_squared,2,8,
150101205_,шт,2026-09-01,,insufficient_history,False,boosting_squared,1,8,
150101206_,шт,2026-09-01,,insufficient_history,False,boosting_squared,0,8,
150101207_,шт,2026-09-01,,insufficient_history,False,boosting_squared,2,8,
150101208_,шт,2026-09-01,13.161197048080808,forecast,False,boosting_squared,10,8,3.509652546154882
150101209_,шт,2026-09-01,6.543136731636322,forecast,False,boosting_squared,8,8,1.7448364617696859
150101210_,шт,2026-09-01,,insufficient_history,False,boosting_squared,1,8,
150101211_,шт,2026-09-01,,insufficient_history,False,boosting_squared,0,8,
150101212_,шт,2026-09-01,,insufficient_history,False,boosting_squared,0,8,
150101213_,шт,2026-09-01,51.53844259059657,forecast,False,boosting_squared,7,8,13.74358469082575
150300123_,,2026-09-01,,insufficient_history,False,boosting_squared,0,8,
150700221_,,2026-09-01,,insufficient_history,False,boosting_squared,0,8,
150700222_,,2026-09-01,,insufficient_history,False,boosting_squared,0,8,
150700223_,,2026-09-01,,insufficient_history,False,boosting_squared,0,8,
151000053_,,2026-09-01,,insufficient_history,False,boosting_squared,0,8,
151000056_,,2026-09-01,,insufficient_history,False,boosting_squared,0,8,
151000059_,шт,2026-09-01,58.26959185487384,forecast,False,boosting_squared,29,8,15.538557827966356
151000061_,шт,2026-09-01,20.297591675657703,forecast,False,boosting_squared,26,8,5.41269111350872
151000069_,,2026-09-01,,insufficient_history,False,boosting_squared,0,8,
151000070_,шт,2026-09-01,,insufficient_history,False,boosting_squared,1,8,
151000071_,шт,2026-09-01,,insufficient_history,False,boosting_squared,0,8,
151000074_,,2026-09-01,,insufficient_history,False,boosting_squared,0,8,
151000080_,,2026-09-01,,insufficient_history,False,boosting_squared,0,8,
151000081_,,2026-09-01,,insufficient_history,False,boosting_squared,0,8,
151000082_,шт,2026-09-01,4.174913076131983,forecast,False,boosting_squared,19,8,1.1133101536351953
151000083_,шт,2026-09-01,8.848553492037668,forecast,False,boosting_squared,4,8,2.3596142645433784
151000084_,шт,2026-09-01,,insufficient_history,False,boosting_squared,1,8,
151000119_,,2026-09-01,,insufficient_history,False,boosting_squared,0,8,
151000132_,,2026-09-01,,insufficient_history,False,boosting_squared,0,8,
151000137_,шт,2026-09-01,11.232156530738585,forecast,False,boosting_squared,29,8,2.995241741530289
151000175_,шт,2026-09-01,11.854135283038458,forecast,False,boosting_squared,32,8,3.161102742143589
151000214_,,2026-09-01,,insufficient_history,False,boosting_squared,0,8,
151000369_,шт,2026-09-01,9.147396895692351,forecast,False,boosting_squared,28,8,2.439305838851294
151000552_,,2026-09-01,,insufficient_history,False,boosting_squared,0,8,
151000553_,шт,2026-09-01,,insufficient_history,False,boosting_squared,1,8,
151000555_,шт,2026-09-01,3.1128715211929023,forecast,False,boosting_squared,5,8,0.8300990723181073
151000556_,шт,2026-09-01,,insufficient_history,False,boosting_squared,1,8,
151000557_,,2026-09-01,,insufficient_history,False,boosting_squared,0,8,
151000558_,шт,2026-09-01,3.9982448184679997,forecast,False,boosting_squared,14,8,1.0661986182581333
151000601_,шт,2026-09-01,,insufficient_history,False,boosting_squared,0,8,
151000606_,шт,2026-09-01,,insufficient_history,False,boosting_squared,2,8,
151000691_,шт,2026-09-01,7.046663334411763,forecast,False,boosting_squared,26,8,1.8791102225098035
151000692_,шт,2026-09-01,2.507473826558691,forecast,False,boosting_squared,14,8,0.6686596870823176
151000693_,шт,2026-09-01,1.0846862388866902,forecast,False,boosting_squared,3,8,0.2892496637031174
151000698_,,2026-09-01,,insufficient_history,False,boosting_squared,0,8,
151000732_,шт,2026-09-01,,insufficient_history,False,boosting_squared,2,8,
151000733_,шт,2026-09-01,0.9334861666093068,forecast,False,boosting_squared,3,8,0.2489296444291485
151000734_,шт,2026-09-01,2.3794324503298405,forecast,False,boosting_squared,4,8,0.6345153200879575
151000735_,,2026-09-01,,insufficient_history,False,boosting_squared,0,8,
151000774_,,2026-09-01,,insufficient_history,False,boosting_squared,0,8,
151000783_,шт,2026-09-01,,insufficient_history,False,boosting_squared,1,8,
151000784_,,2026-09-01,,insufficient_history,False,boosting_squared,0,8,
151000785_,,2026-09-01,,insufficient_history,False,boosting_squared,0,8,
151300040_,,2026-09-01,,insufficient_history,False,boosting_squared,0,8,
151300041_,,2026-09-01,,insufficient_history,False,boosting_squared,0,8,
151300042_,шт,2026-09-01,,insufficient_history,False,boosting_squared,1,8,
200400001_,шт,2026-09-01,30.223555173271418,forecast,False,boosting_squared,31,8,8.059614712872378
200400002_,шт,2026-09-01,10.428635625208965,forecast,False,boosting_squared,18,8,2.780969500055724
200400003_,шт,2026-09-01,11.54867839211463,forecast,False,boosting_squared,27,8,3.0796475712305678
200400004_,шт,2026-09-01,4.544342204109257,forecast,False,boosting_squared,20,8,1.2118245877624685
200400007_,шт,2026-09-01,8.193752740899917,forecast,False,boosting_squared,18,8,2.1850007309066446
200400009_,шт,2026-09-01,,insufficient_history,False,boosting_squared,1,8,
200400010_,шт,2026-09-01,,insufficient_history,False,boosting_squared,0,8,
200400011_,шт,2026-09-01,,insufficient_history,False,boosting_squared,1,8,
200400012_,,2026-09-01,,insufficient_history,False,boosting_squared,0,8,
200400014_,шт,2026-09-01,,insufficient_history,False,boosting_squared,1,8,
200400015_,шт,2026-09-01,2.0989282278872023,forecast,False,boosting_squared,6,8,0.559714194103254
200400016_,шт,2026-09-01,3.6250001399781704,forecast,False,boosting_squared,22,8,0.9666667039941788
200400017_,шт,2026-09-01,5.310059016623722,forecast,False,boosting_squared,21,8,1.4160157377663258
200400018_,шт,2026-09-01,2.3771678587467644,forecast,False,boosting_squared,18,8,0.6339114289991372
200400019_,шт,2026-09-01,160.19767988850984,forecast,False,boosting_squared,32,8,42.719381303602624
200400020_,шт,2026-09-01,6.731632147406651,forecast,False,boosting_squared,27,8,1.7951019059751068
200400021_,шт,2026-09-01,24.593038634669806,forecast,False,boosting_squared,32,8,6.558143635911948
200400022_,шт,2026-09-01,4.884953973757705,forecast,False,boosting_squared,21,8,1.3026543930020547
200400023_,шт,2026-09-01,9.766944653120689,forecast,False,boosting_squared,29,8,2.604518574165517
200400024_,шт,2026-09-01,137.73709874384974,forecast,False,boosting_squared,32,8,36.72989299835993
200400025_,шт,2026-09-01,23.730308838495294,forecast,False,boosting_squared,32,8,6.328082356932078
200400026_,шт,2026-09-01,418.0655501372182,forecast,False,boosting_squared,32,8,111.48414670325819
200400027_,шт,2026-09-01,320.35591068869775,forecast,False,boosting_squared,32,8,85.42824285031939
200400028_,шт,2026-09-01,230.50840362313969,forecast,False,boosting_squared,32,8,61.46890763283725
200400029_,шт,2026-09-01,121.88489081756875,forecast,False,boosting_squared,32,8,32.50263755135167
200400030_,шт,2026-09-01,27.643326122860707,forecast,False,boosting_squared,31,8,7.371553632762855
200400032_,шт,2026-09-01,,insufficient_history,False,boosting_squared,2,8,
200400034_,шт,2026-09-01,11.87822925037492,forecast,False,boosting_squared,32,8,3.1675278000999785
200400048_,м,2026-09-01,50.89789751093396,forecast,False,boosting_squared,29,8,13.572772669582388
200400050_,шт,2026-09-01,5.776493319293272,forecast,False,boosting_squared,24,8,1.540398218478206
200400085_,м,2026-09-01,2859.808041220315,forecast,False,boosting_squared,32,8,762.6154776587506
200400101_,шт,2026-09-01,25.51022025859466,forecast,False,boosting_squared,30,8,6.80272540229191
200400104_,м,2026-09-01,1525.440299243209,forecast,False,boosting_squared,31,8,406.78407979818905
200400105_,,2026-09-01,,insufficient_history,False,boosting_squared,0,8,
200400166_,м,2026-09-01,2339.51833192274,forecast,False,boosting_squared,31,8,623.8715551793973
200400218_,,2026-09-01,,insufficient_history,False,boosting_squared,0,8,
200400249_,шт,2026-09-01,4.856755919263262,forecast,False,boosting_squared,12,8,1.2951349118035365
200400250_,м,2026-09-01,1949.4667862485435,forecast,False,boosting_squared,32,8,519.8578096662783
200400259_,шт,2026-09-01,1.2695416258640553,forecast,False,boosting_squared,10,8,0.3385444335637481
200400264_,шт,2026-09-01,2.6035495111099345,forecast,False,boosting_squared,25,8,0.6942798696293159
200400329_,м,2026-09-01,,insufficient_history,False,boosting_squared,2,8,
200400330_,м,2026-09-01,77.12488905143367,forecast,False,boosting_squared,5,8,20.56663708038231
201000015_,шт,2026-09-01,,insufficient_history,False,boosting_squared,1,8,
201000017_,шт,2026-09-01,,insufficient_history,False,boosting_squared,2,8,
201000018_,шт,2026-09-01,,insufficient_history,False,boosting_squared,1,8,
201000019_,шт,2026-09-01,,insufficient_history,False,boosting_squared,0,8,
201000020_,шт,2026-09-01,3.054190086847603,forecast,False,boosting_squared,4,8,0.8144506898260275
201000021_,шт,2026-09-01,,insufficient_history,False,boosting_squared,0,8,
201000022_,шт,2026-09-01,,insufficient_history,False,boosting_squared,0,8,
203000051_,,2026-09-01,,insufficient_history,False,boosting_squared,0,8,
203000053_,,2026-09-01,,insufficient_history,False,boosting_squared,0,8,
203000056_,,2026-09-01,,insufficient_history,False,boosting_squared,0,8,
203000079_,,2026-09-01,,insufficient_history,False,boosting_squared,0,8,
220400107_,м,2026-09-01,,insufficient_history,False,boosting_squared,1,8,
220400108_,,2026-09-01,,insufficient_history,False,boosting_squared,0,8,
220400109_,,2026-09-01,,insufficient_history,False,boosting_squared,0,8,
220400110_,,2026-09-01,,insufficient_history,False,boosting_squared,0,8,
220400111_,,2026-09-01,,insufficient_history,False,boosting_squared,0,8,
220400112_,,2026-09-01,,insufficient_history,False,boosting_squared,0,8,
220400113_,,2026-09-01,,insufficient_history,False,boosting_squared,0,8,
240100001_,,2026-09-01,,insufficient_history,False,boosting_squared,0,8,
240100002_,упак,2026-09-01,12.023245109893235,forecast,False,boosting_squared,27,8,3.2061986959715294
240100003_,упак,2026-09-01,5.847356536528107,forecast,False,boosting_squared,22,8,1.559295076407495
240100004_,упак,2026-09-01,14.748287939809353,forecast,False,boosting_squared,32,8,3.932876783949161
240100005_,упак,2026-09-01,130.39552944131404,forecast,False,boosting_squared,32,8,34.77214118435041
240100006_,упак,2026-09-01,110.30463241073387,forecast,False,boosting_squared,32,8,29.414568642862367
240100007_,упак,2026-09-01,17.747592442272556,forecast,False,boosting_squared,31,8,4.732691317939348
240100009_,,2026-09-01,,insufficient_history,False,boosting_squared,0,8,
240100010_,,2026-09-01,,insufficient_history,False,boosting_squared,0,8,
240100011_,упак,2026-09-01,16.017544570835195,forecast,False,boosting_squared,27,8,4.271345218889385
240100012_,упак,2026-09-01,5.012985433365881,forecast,False,boosting_squared,25,8,1.336796115564235
240100013_,упак,2026-09-01,8.280332750483756,forecast,False,boosting_squared,29,8,2.208088733462335
240100015_,,2026-09-01,,insufficient_history,False,boosting_squared,0,8,
240100016_,упак,2026-09-01,,insufficient_history,False,boosting_squared,1,8,
240100020_,упак,2026-09-01,0.7085331601275885,forecast,False,boosting_squared,4,8,0.1889421760340236
240100025_,упак,2026-09-01,,insufficient_history,False,boosting_squared,2,8,
240100026_,упак,2026-09-01,31.52790501809137,forecast,False,boosting_squared,32,8,8.4074413381577
240100027_,упак,2026-09-01,18.208871728122784,forecast,False,boosting_squared,27,8,4.855699127499409
240100028_,упак,2026-09-01,24.266779971615893,forecast,False,boosting_squared,31,8,6.471141325764238
240100029_,упак,2026-09-01,42.33665200703663,forecast,False,boosting_squared,25,8,11.289773868543103
240100045_,,2026-09-01,,insufficient_history,False,boosting_squared,0,8,
240100052_,упак,2026-09-01,132.18282249842392,forecast,False,boosting_squared,32,8,35.248752666246375
240100053_,упак,2026-09-01,871.316980245072,forecast,False,boosting_squared,32,8,232.35119473201922
240100054_,упак,2026-09-01,656.1121166607818,forecast,False,boosting_squared,32,8,174.96323110954182
240100089_,,2026-09-01,,insufficient_history,False,boosting_squared,0,8,
240100090_,упак,2026-09-01,29.60350387398711,forecast,False,boosting_squared,6,8,7.8942676997298955
240100091_,упак,2026-09-01,107.96805623404857,forecast,False,boosting_squared,32,8,28.791481662412952
240100092_,упак,2026-09-01,1.7763931876670427,forecast,False,boosting_squared,4,8,0.4737048500445447
240100093_,упак,2026-09-01,27.55163239908555,forecast,False,boosting_squared,32,8,7.3471019730894795
240100094_,упак,2026-09-01,358.86215950887436,forecast,False,boosting_squared,32,8,95.69657586903317
240100095_,упак,2026-09-01,8.228034378474232,forecast,False,boosting_squared,31,8,2.194142500926462
240100096_,упак,2026-09-01,2.912130168616577,forecast,False,boosting_squared,27,8,0.7765680449644206
240100097_,упак,2026-09-01,2.560470463931872,forecast,False,boosting_squared,16,8,0.6827921237151658
240100106_,упак,2026-09-01,8.794365431521573,forecast,False,boosting_squared,31,8,2.3451641150724196
240100107_,упак,2026-09-01,13.59844364525217,forecast,False,boosting_squared,28,8,3.626251638733912
240100109_,,2026-09-01,,insufficient_history,False,boosting_squared,0,8,
240100110_,,2026-09-01,,insufficient_history,False,boosting_squared,0,8,
240100111_,упак,2026-09-01,140.14628448079569,forecast,False,boosting_squared,32,8,37.37234252821218
240100112_,упак,2026-09-01,471.01623132568864,forecast,False,boosting_squared,32,8,125.60432835351698
240100117_,,2026-09-01,,insufficient_history,False,boosting_squared,0,8,
240100185_,упак,2026-09-01,15.635271835090757,forecast,False,boosting_squared,32,8,4.169405822690869
240100189_,,2026-09-01,,insufficient_history,False,boosting_squared,0,8,
240100190_,,2026-09-01,,insufficient_history,False,boosting_squared,0,8,
240100208_,упак,2026-09-01,179.0720411625573,forecast,False,boosting_squared,32,8,47.75254431001528
240100209_,упак,2026-09-01,1.6801817285294733,forecast,False,boosting_squared,13,8,0.4480484609411929
240200003_,упак,2026-09-01,1.0861046353152617,forecast,False,boosting_squared,9,8,0.28962790275073647
240200005_,,2026-09-01,,insufficient_history,False,boosting_squared,0,8,
240200006_,,2026-09-01,,insufficient_history,False,boosting_squared,0,8,
240200007_,упак,2026-09-01,2.4076838746640354,forecast,False,boosting_squared,9,8,0.6420490332437427
240200008_,,2026-09-01,,insufficient_history,False,boosting_squared,0,8,
240200009_,,2026-09-01,,insufficient_history,False,boosting_squared,0,8,
240200010_,,2026-09-01,,insufficient_history,False,boosting_squared,0,8,
240200011_,упак,2026-09-01,2.087372330612212,forecast,False,boosting_squared,5,8,0.5566326214965899
240200012_,упак,2026-09-01,1.5885840609832866,forecast,False,boosting_squared,15,8,0.42362241626220976
240200014_,упак,2026-09-01,,insufficient_history,False,boosting_squared,0,8,
240200015_,,2026-09-01,,insufficient_history,False,boosting_squared,0,8,
240200017_,упак,2026-09-01,1.24736361658146,forecast,False,boosting_squared,7,8,0.33263029775505604
240200029_,упак,2026-09-01,1.064882760945313,forecast,False,boosting_squared,5,8,0.28396873625208346
240200031_,упак,2026-09-01,1.3667319098866042,forecast,False,boosting_squared,5,8,0.3644618426364278
240200032_,упак,2026-09-01,6.718124131900012,forecast,False,boosting_squared,8,8,1.79149976850667
240200033_,,2026-09-01,,insufficient_history,False,boosting_squared,0,8,
240200034_,,2026-09-01,,insufficient_history,False,boosting_squared,0,8,
240200050_,,2026-09-01,,insufficient_history,False,boosting_squared,0,8,
240200065_,,2026-09-01,,insufficient_history,False,boosting_squared,0,8,
240300013_,упак,2026-09-01,1.3496145857712198,forecast,False,boosting_squared,12,8,0.3598972228723253
240300014_,упак,2026-09-01,1.9196929702221077,forecast,False,boosting_squared,24,8,0.5119181253925621
240300015_,упак,2026-09-01,1.8396861087609544,forecast,False,boosting_squared,16,8,0.4905829623362545
240300016_,упак,2026-09-01,1.2937911832799838,forecast,False,boosting_squared,18,8,0.3450109822079957
240300017_,упак,2026-09-01,1.2813899260794732,forecast,False,boosting_squared,13,8,0.34170398028785953
240300018_,упак,2026-09-01,1.5029979370412339,forecast,False,boosting_squared,15,8,0.40079944987766236
240300019_,упак,2026-09-01,1.8276734341566874,forecast,False,boosting_squared,8,8,0.4873795824417833
240300020_,упак,2026-09-01,1.8732182302400202,forecast,False,boosting_squared,12,8,0.4995248613973387
240300021_,,2026-09-01,,insufficient_history,False,boosting_squared,0,8,
240300022_,,2026-09-01,,insufficient_history,False,boosting_squared,0,8,
240300023_,,2026-09-01,,insufficient_history,False,boosting_squared,0,8,
240300024_,,2026-09-01,,insufficient_history,False,boosting_squared,0,8,
240300025_,,2026-09-01,,insufficient_history,False,boosting_squared,0,8,
240300026_,,2026-09-01,,insufficient_history,False,boosting_squared,0,8,
240300027_,упак,2026-09-01,3.9255360268828814,forecast,False,boosting_squared,30,8,1.0468096071687685
240300033_,упак,2026-09-01,3.2420692253773806,forecast,False,boosting_squared,30,8,0.8645517934339682
240300034_,упак,2026-09-01,2.8582964864182223,forecast,False,boosting_squared,29,8,0.7622123963781926
240300035_,упак,2026-09-01,2.757017941360772,forecast,False,boosting_squared,28,8,0.7352047843628725
240300050_,упак,2026-09-01,2.7134117240676683,forecast,False,boosting_squared,29,8,0.7235764597513782
240300051_,упак,2026-09-01,2.7134117240676683,forecast,False,boosting_squared,29,8,0.7235764597513782
240300052_,упак,2026-09-01,2.581707586359367,forecast,False,boosting_squared,29,8,0.6884553563624979
240300053_,упак,2026-09-01,2.6756220357125216,forecast,False,boosting_squared,28,8,0.7134992095233391
240300054_,упак,2026-09-01,2.8502011785235326,forecast,False,boosting_squared,29,8,0.7600536476062754
240300055_,упак,2026-09-01,2.68151949408297,forecast,False,boosting_squared,29,8,0.715071865088792
240300056_,,2026-09-01,,insufficient_history,False,boosting_squared,0,8,
240300057_,упак,2026-09-01,1.1775753651441625,forecast,False,boosting_squared,13,8,0.31402009737177666
240300058_,,2026-09-01,,insufficient_history,False,boosting_squared,0,8,
240300059_,,2026-09-01,,insufficient_history,False,boosting_squared,0,8,
250200001_,шт,2026-09-01,2.0449972372846372,forecast,False,boosting_squared,24,8,0.5453325966092366
250200002_,шт,2026-09-01,2.9952268601941583,forecast,False,boosting_squared,26,8,0.7987271627184422
250200003_,шт,2026-09-01,4.597245654561328,forecast,False,boosting_squared,31,8,1.2259321745496874
250200004_,шт,2026-09-01,4.9000323913664925,forecast,False,boosting_squared,30,8,1.306675304364398
250200005_,шт,2026-09-01,,insufficient_history,False,boosting_squared,2,8,
250200006_,шт,2026-09-01,10.104697757596218,forecast,False,boosting_squared,32,8,2.694586068692325
250200007_,шт,2026-09-01,8.71466683303155,forecast,False,boosting_squared,28,8,2.32391115547508
250200008_,шт,2026-09-01,2.387128506369267,forecast,False,boosting_squared,27,8,0.6365676016984713
250200009_,шт,2026-09-01,2.8263644355733564,forecast,False,boosting_squared,20,8,0.7536971828195617
250200010_,шт,2026-09-01,3.6373958043718906,forecast,False,boosting_squared,13,8,0.9699722144991708
250200011_,шт,2026-09-01,4.434416616116447,forecast,False,boosting_squared,21,8,1.1825110976310527
250200012_,шт,2026-09-01,2.1557395798932943,forecast,False,boosting_squared,17,8,0.5748638879715452
250200014_,шт,2026-09-01,7.300723632806464,forecast,False,boosting_squared,29,8,1.946859635415057
250200015_,шт,2026-09-01,5.2142257271860295,forecast,False,boosting_squared,25,8,1.3904601939162746
250200016_,шт,2026-09-01,12.558858989242546,forecast,False,boosting_squared,30,8,3.3490290637980125
250200017_,шт,2026-09-01,6.112500940666355,forecast,False,boosting_squared,31,8,1.6300002508443614
250200018_,шт,2026-09-01,4.641182900825564,forecast,False,boosting_squared,26,8,1.2376487735534838
250200019_,шт,2026-09-01,2.4357007391281256,forecast,False,boosting_squared,22,8,0.6495201971008335
250200020_,шт,2026-09-01,2.3838565464132913,forecast,False,boosting_squared,23,8,0.6356950790435444
250200021_,,2026-09-01,,insufficient_history,False,boosting_squared,0,8,
250200022_,,2026-09-01,,insufficient_history,False,boosting_squared,0,8,
250200023_,шт,2026-09-01,,insufficient_history,False,boosting_squared,1,8,
250200025_,шт,2026-09-01,3.120216436424582,forecast,False,boosting_squared,30,8,0.8320577163798885
250200026_,шт,2026-09-01,3.04706599990899,forecast,False,boosting_squared,29,8,0.812550933309064
250200027_,шт,2026-09-01,3.825466962446989,forecast,False,boosting_squared,28,8,1.0201245233191971
250200028_,шт,2026-09-01,4.085091941817071,forecast,False,boosting_squared,30,8,1.089357851151219
250200029_,шт,2026-09-01,12.485308672793563,forecast,False,boosting_squared,4,8,3.3294156460782833
250200031_,шт,2026-09-01,2.8829094478559565,forecast,False,boosting_squared,19,8,0.7687758527615884
250200032_,шт,2026-09-01,1.6680270645577386,forecast,False,boosting_squared,11,8,0.44480721721539696
250200037_,шт,2026-09-01,1.4159008219277962,forecast,False,boosting_squared,16,8,0.377573552514079
250200041_,шт,2026-09-01,1.392125707241201,forecast,False,boosting_squared,20,8,0.3712335219309869
250200042_,шт,2026-09-01,4.809927195854276,forecast,False,boosting_squared,28,8,1.282647252227807
250200044_,шт,2026-09-01,3.09817155290155,forecast,False,boosting_squared,18,8,0.8261790807737467
250200047_,шт,2026-09-01,1.670122261440872,forecast,False,boosting_squared,17,8,0.4453659363842325
250200050_,шт,2026-09-01,2.0538047901158127,forecast,False,boosting_squared,14,8,0.5476812773642167
250200051_,шт,2026-09-01,1.5263165743380926,forecast,False,boosting_squared,9,8,0.4070177531568247
250200052_,шт,2026-09-01,2.717063489427976,forecast,False,boosting_squared,21,8,0.7245502638474602
250200054_,шт,2026-09-01,1.452852339911455,forecast,False,boosting_squared,14,8,0.38742729064305464
250200060_,шт,2026-09-01,1.5059766408254187,forecast,False,boosting_squared,16,8,0.40159377088677833
250200061_,шт,2026-09-01,4.100631692153329,forecast,False,boosting_squared,29,8,1.0935017845742212
250200077_,шт,2026-09-01,2.3849721221473024,forecast,False,boosting_squared,20,8,0.6359925659059473
250200078_,шт,2026-09-01,,insufficient_history,False,boosting_squared,1,8,
250200106_,шт,2026-09-01,,insufficient_history,False,boosting_squared,1,8,
250600001_,шт,2026-09-01,15.648523947891823,forecast,False,boosting_squared,32,8,4.172939719437819
250600002_,шт,2026-09-01,16.759071342371517,forecast,False,boosting_squared,32,8,4.469085691299071
250600003_,шт,2026-09-01,16.054919532193157,forecast,False,boosting_squared,32,8,4.281311875251508
250600004_,шт,2026-09-01,10.16862661564578,forecast,False,boosting_squared,32,8,2.7116337641722077
250600005_,шт,2026-09-01,7.85237939802609,forecast,False,boosting_squared,26,8,2.093967839473624
250600006_,шт,2026-09-01,8.586354284403344,forecast,False,boosting_squared,31,8,2.2896944758408915
250600007,шт,2026-09-01,,insufficient_history,False,boosting_squared,0,8,
250600007_,шт,2026-09-01,80.21489525431015,forecast,False,boosting_squared,32,8,21.390638734482707
250600008_,шт,2026-09-01,17.42953364629158,forecast,False,boosting_squared,32,8,4.6478756390110885
250600009_,шт,2026-09-01,17.918905808602023,forecast,False,boosting_squared,32,8,4.778374882293873
250600010_,шт,2026-09-01,22.997189385288074,forecast,False,boosting_squared,32,8,6.13258383607682
250600011_,шт,2026-09-01,20.91752017307227,forecast,False,boosting_squared,32,8,5.578005379485939
250600012_,шт,2026-09-01,5.919877159509144,forecast,False,boosting_squared,32,8,1.5786339092024384
250600013_,шт,2026-09-01,91.93610117300646,forecast,False,boosting_squared,30,8,24.516293646135058
250600014_,шт,2026-09-01,19.59987686021872,forecast,False,boosting_squared,28,8,5.226633829391659
250600015_,шт,2026-09-01,5.514833995775991,forecast,False,boosting_squared,26,8,1.4706223988735976
250600020_,шт,2026-09-01,6.6480970280730345,forecast,False,boosting_squared,16,8,1.7728258741528091
250600021_,шт,2026-09-01,13.873052760302478,forecast,False,boosting_squared,32,8,3.6994807360806607
250600030_,шт,2026-09-01,74.88940506239138,forecast,False,boosting_squared,32,8,19.9705080166377
250600034_,шт,2026-09-01,2.3488225934271254,forecast,False,boosting_squared,3,8,0.6263526915805667
250600039_,шт,2026-09-01,4.128158155268915,forecast,False,boosting_squared,9,8,1.1008421747383774
250600040_,,2026-09-01,,insufficient_history,False,boosting_squared,0,8,
250600041_,шт,2026-09-01,4.863278964190116,forecast,False,boosting_squared,30,8,1.2968743904506976
250600042_,,2026-09-01,,insufficient_history,False,boosting_squared,0,8,
250600043_,,2026-09-01,,insufficient_history,False,boosting_squared,0,8,
250600044_,,2026-09-01,,insufficient_history,False,boosting_squared,0,8,
250600045_,,2026-09-01,,insufficient_history,False,boosting_squared,0,8,
250600047_,,2026-09-01,,insufficient_history,False,boosting_squared,0,8,
250600050_,м,2026-09-01,,insufficient_history,False,boosting_squared,0,8,
250600051_,м,2026-09-01,,insufficient_history,False,boosting_squared,0,8,
250600052_,,2026-09-01,,insufficient_history,False,boosting_squared,0,8,
250600053_,шт,2026-09-01,,insufficient_history,False,boosting_squared,2,8,
250600054_,шт,2026-09-01,3.9238554327730286,forecast,False,boosting_squared,4,8,1.0463614487394743
250600055_,шт,2026-09-01,3.4934862123100427,forecast,False,boosting_squared,3,8,0.931596323282678
250600056_,шт,2026-09-01,3.5365833426197244,forecast,False,boosting_squared,8,8,0.9430888913652599
250600057_,шт,2026-09-01,3.102099551162264,forecast,False,boosting_squared,4,8,0.8272265469766038
250600058_,шт,2026-09-01,2.954118666057741,forecast,False,boosting_squared,8,8,0.7877649776153977
250600059_,шт,2026-09-01,,insufficient_history,False,boosting_squared,1,8,
250600061_,,2026-09-01,,insufficient_history,False,boosting_squared,0,8,
250600062_,,2026-09-01,,insufficient_history,False,boosting_squared,0,8,
250600063_,шт,2026-09-01,3.2070138541792748,forecast,False,boosting_squared,4,8,0.8552036944478066
250600087_,шт,2026-09-01,658.0219062425795,forecast,False,boosting_squared,32,8,175.47250833135453
250600114_,,2026-09-01,,insufficient_history,False,boosting_squared,0,8,
250600115_,шт,2026-09-01,1.0981000961114402,forecast,False,boosting_squared,5,8,0.2928266922963841
250600116_,шт,2026-09-01,2.7754926216433087,forecast,False,boosting_squared,4,8,0.740131365771549
250600117_,шт,2026-09-01,,insufficient_history,False,boosting_squared,0,8,
250600118_,,2026-09-01,,insufficient_history,False,boosting_squared,0,8,
250600119_,,2026-09-01,,insufficient_history,False,boosting_squared,0,8,
250600120_,,2026-09-01,,insufficient_history,False,boosting_squared,0,8,
250600121_,,2026-09-01,,insufficient_history,False,boosting_squared,0,8,
250600122_,,2026-09-01,,insufficient_history,False,boosting_squared,0,8,
250600123_,,2026-09-01,,insufficient_history,False,boosting_squared,0,8,
250600124_,,2026-09-01,,insufficient_history,False,boosting_squared,0,8,
250600125_,,2026-09-01,,insufficient_history,False,boosting_squared,0,8,
250600126_,,2026-09-01,,insufficient_history,False,boosting_squared,0,8,
250600127_,,2026-09-01,,insufficient_history,False,boosting_squared,0,8,
250600129_,шт,2026-09-01,13.617983927900704,forecast,False,boosting_squared,31,8,3.631462380773521
250600130_,шт,2026-09-01,3.6105110080170473,forecast,False,boosting_squared,30,8,0.9628029354712127
250600131_,шт,2026-09-01,8.101799194958163,forecast,False,boosting_squared,30,8,2.1604797853221767
250600132_,шт,2026-09-01,1.2016714344445607,forecast,False,boosting_squared,14,8,0.32044571585188286
250600150_,шт,2026-09-01,,insufficient_history,False,boosting_squared,2,8,
250600152_,шт,2026-09-01,,insufficient_history,False,boosting_squared,2,8,
250600173_,шт,2026-09-01,13.040629774282081,forecast,False,boosting_squared,25,8,3.4775012731418884
250600174_,шт,2026-09-01,1.6507637530092145,forecast,False,boosting_squared,25,8,0.44020366746912387
250600175_,шт,2026-09-01,8.389825620027322,forecast,False,boosting_squared,28,8,2.237286832007286
250600176_,шт,2026-09-01,4.214975880645705,forecast,False,boosting_squared,16,8,1.123993568172188
250600177_,шт,2026-09-01,3.767021327478875,forecast,False,boosting_squared,31,8,1.0045390206610334
250600178_,шт,2026-09-01,3.596919277803517,forecast,False,boosting_squared,24,8,0.9591784740809378
250600179_,шт,2026-09-01,5.220477931972369,forecast,False,boosting_squared,20,8,1.3921274485259651
250600180_,шт,2026-09-01,3.118980991251151,forecast,False,boosting_squared,8,8,0.8317282643336402
250600181_,шт,2026-09-01,11.063743227055362,forecast,False,boosting_squared,14,8,2.950331527214763
250600182_,шт,2026-09-01,5.281611729445176,forecast,False,boosting_squared,17,8,1.4084297945187136
250600183_,шт,2026-09-01,6.9575816784089195,forecast,False,boosting_squared,26,8,1.8553551142423785
250600184_,шт,2026-09-01,24.594737391882965,forecast,False,boosting_squared,19,8,6.558596637835458
250600185_,шт,2026-09-01,19.03796078575389,forecast,False,boosting_squared,23,8,5.0767895428677035
250600186_,шт,2026-09-01,12.097876935477005,forecast,False,boosting_squared,15,8,3.2261005161272016
250600187_,,2026-09-01,,insufficient_history,False,boosting_squared,0,8,
250600244_,шт,2026-09-01,,insufficient_history,False,boosting_squared,2,8,
250600250_,шт,2026-09-01,3.412667397922996,forecast,False,boosting_squared,7,8,0.9100446394461322
250600252_,шт,2026-09-01,,insufficient_history,False,boosting_squared,1,8,
250600271_,шт,2026-09-01,,insufficient_history,False,boosting_squared,0,8,
250600275_,шт,2026-09-01,4.694026475992672,forecast,False,boosting_squared,17,8,1.2517403935980458
250600276_,шт,2026-09-01,1.490551828149351,forecast,False,boosting_squared,5,8,0.3974804875064936
250600277_,шт,2026-09-01,2.2266691995289687,forecast,False,boosting_squared,12,8,0.5937784532077249
250600278_,шт,2026-09-01,2.830326898869116,forecast,False,boosting_squared,13,8,0.7547538396984309
250600279_,шт,2026-09-01,1.5420078555884011,forecast,False,boosting_squared,6,8,0.4112020948235736
250600287_,шт,2026-09-01,2.412584819245942,forecast,False,boosting_squared,12,8,0.6433559517989179
250600289_,шт,2026-09-01,4.448686441011395,forecast,False,boosting_squared,16,8,1.1863163842697053
250600290_,шт,2026-09-01,4.4835802049150875,forecast,False,boosting_squared,17,8,1.1956213879773567
250600291_,шт,2026-09-01,2.843636231420816,forecast,False,boosting_squared,5,8,0.7583029950455509
250600292_,шт,2026-09-01,3.4463527022608407,forecast,False,boosting_squared,11,8,0.9190273872695575
250600293_,шт,2026-09-01,4.81089594310738,forecast,False,boosting_squared,15,8,1.2829055848286346
250600294_,шт,2026-09-01,,insufficient_history,False,boosting_squared,0,8,
250600309_,шт,2026-09-01,,insufficient_history,False,boosting_squared,2,8,
250600310_,шт,2026-09-01,1.9950408220323732,forecast,False,boosting_squared,3,8,0.5320108858752995
250600311_,шт,2026-09-01,2.0810592262335583,forecast,False,boosting_squared,3,8,0.5549491269956156
250600312_,шт,2026-09-01,,insufficient_history,False,boosting_squared,0,8,
250600313_,шт,2026-09-01,,insufficient_history,False,boosting_squared,1,8,
250600314_,шт,2026-09-01,2.2815683957138964,forecast,False,boosting_squared,3,8,0.608418238857039
250600315_,шт,2026-09-01,2.9046879127668146,forecast,False,boosting_squared,5,8,0.7745834434044839
250600316_,шт,2026-09-01,,insufficient_history,False,boosting_squared,1,8,
250600317_,шт,2026-09-01,,insufficient_history,False,boosting_squared,0,8,
250600318_,шт,2026-09-01,,insufficient_history,False,boosting_squared,2,8,
251000053_,шт,2026-09-01,2.329737514323497,forecast,False,boosting_squared,21,8,0.6212633371529325
251400017_,шт,2026-09-01,2.970701061532931,forecast,False,boosting_squared,18,8,0.7921869497421149
251400019_,шт,2026-09-01,9.548123365000706,forecast,False,boosting_squared,21,8,2.546166230666855
251400020_,шт,2026-09-01,30.56416618047572,forecast,False,boosting_squared,17,8,8.150444314793525
251400021_,шт,2026-09-01,3.9846983431093825,forecast,False,boosting_squared,17,8,1.0625862248291686
251400022_,шт,2026-09-01,2.4759281748860817,forecast,False,boosting_squared,15,8,0.6602475133029552
251400023_,шт,2026-09-01,2.483203763931757,forecast,False,boosting_squared,16,8,0.6621876703818018
251400024_,шт,2026-09-01,2.630106655358077,forecast,False,boosting_squared,11,8,0.7013617747621539
251400025_,шт,2026-09-01,1.9448992314080424,forecast,False,boosting_squared,12,8,0.5186397950421446
251400026_,шт,2026-09-01,1.8943300580470304,forecast,False,boosting_squared,14,8,0.5051546821458748
251400027_,шт,2026-09-01,4.3331505595984705,forecast,False,boosting_squared,16,8,1.1555068158929254
251400028_,шт,2026-09-01,3.242972830272838,forecast,False,boosting_squared,18,8,0.8647927547394235
251400029_,шт,2026-09-01,3.921621002707429,forecast,False,boosting_squared,17,8,1.045765600721981
251400030_,шт,2026-09-01,15.158987752766894,forecast,False,boosting_squared,17,8,4.042396734071172
251400031_,шт,2026-09-01,,insufficient_history,False,boosting_squared,2,8,
251400032_,шт,2026-09-01,4.885920891192091,forecast,False,boosting_squared,20,8,1.3029122376512243
251400033_,шт,2026-09-01,7.775114418842403,forecast,False,boosting_squared,16,8,2.0733638450246406
251400034_,шт,2026-09-01,,insufficient_history,False,boosting_squared,0,8,
251400035_,шт,2026-09-01,2.173978650463475,forecast,False,boosting_squared,9,8,0.5797276401235933
251400036_,шт,2026-09-01,3.9351900851673074,forecast,False,boosting_squared,20,8,1.049384022711282
251400037_,шт,2026-09-01,7.474536415261515,forecast,False,boosting_squared,20,8,1.993209710736404
251400038_,шт,2026-09-01,6.367594960988308,forecast,False,boosting_squared,19,8,1.6980253229302156
251400039_,шт,2026-09-01,2.771225168826407,forecast,False,boosting_squared,8,8,0.7389933783537085
251400040_,шт,2026-09-01,5.671295234277277,forecast,False,boosting_squared,18,8,1.512345395807274
251400041_,шт,2026-09-01,8.593370770283135,forecast,False,boosting_squared,20,8,2.2915655387421694
251400042_,шт,2026-09-01,8.81559681917921,forecast,False,boosting_squared,21,8,2.350825818447789
251400043_,шт,2026-09-01,6.362000227505601,forecast,False,boosting_squared,20,8,1.6965333940014937
251400044_,шт,2026-09-01,6.319439377020993,forecast,False,boosting_squared,15,8,1.685183833872265
251400045_,шт,2026-09-01,10.853075634556573,forecast,False,boosting_squared,18,8,2.8941535025484195
251400046_,шт,2026-09-01,7.390283361228297,forecast,False,boosting_squared,20,8,1.9707422296608792
251400047_,шт,2026-09-01,3.4163733485183743,forecast,False,boosting_squared,15,8,0.9110328929382331
251400048_,шт,2026-09-01,3.4117653683050957,forecast,False,boosting_squared,7,8,0.9098040982146922
251400049_,шт,2026-09-01,2.9808768262394505,forecast,False,boosting_squared,13,8,0.7949004869971869
251400050_,шт,2026-09-01,2.9770592118372363,forecast,False,boosting_squared,12,8,0.7938824564899297
251400051_,шт,2026-09-01,13.176336400316057,forecast,False,boosting_squared,19,8,3.5136897067509483
251400052_,шт,2026-09-01,5.554613159109881,forecast,False,boosting_squared,19,8,1.481230175762635
251400053_,шт,2026-09-01,1.5869876239874303,forecast,False,boosting_squared,6,8,0.4231966997299814
251400054_,шт,2026-09-01,2.346420252344522,forecast,False,boosting_squared,4,8,0.6257120672918725
251400055_,шт,2026-09-01,4.068372672994219,forecast,False,boosting_squared,10,8,1.084899379465125
251400056_,шт,2026-09-01,3.4696199046130936,forecast,False,boosting_squared,20,8,0.9252319745634916
251400057_,шт,2026-09-01,2.345253722314776,forecast,False,boosting_squared,5,8,0.6254009926172736
251400058_,шт,2026-09-01,3.6814405774838495,forecast,False,boosting_squared,11,8,0.9817174873290265
251400059_,шт,2026-09-01,2.471769497570126,forecast,False,boosting_squared,9,8,0.6591385326853669
251400060_,шт,2026-09-01,2.296946571623574,forecast,False,boosting_squared,9,8,0.6125190857662864
251400061_,шт,2026-09-01,2.4044087277715818,forecast,False,boosting_squared,6,8,0.6411756607390885
251400062_,шт,2026-09-01,2.3610986923059403,forecast,False,boosting_squared,6,8,0.6296263179482507
251400063_,шт,2026-09-01,3.1555367449173435,forecast,False,boosting_squared,9,8,0.8414764653112916
251400064_,шт,2026-09-01,4.2303584484366725,forecast,False,boosting_squared,8,8,1.1280955862497792
251400065_,шт,2026-09-01,5.588629106771373,forecast,False,boosting_squared,15,8,1.4903010951390327
251400066_,шт,2026-09-01,1.7416631480352904,forecast,False,boosting_squared,9,8,0.4644435061427441
251400067_,шт,2026-09-01,1.4884347348442701,forecast,False,boosting_squared,10,8,0.39691592929180536
251400068_,шт,2026-09-01,1.3332679982079123,forecast,False,boosting_squared,7,8,0.3555381328554433
251400069_,шт,2026-09-01,0.9491343811038859,forecast,False,boosting_squared,5,8,0.2531025016277029
251400070_,шт,2026-09-01,3.413916145325265,forecast,False,boosting_squared,18,8,0.910377638753404
251400071_,шт,2026-09-01,1.7299004805904519,forecast,False,boosting_squared,8,8,0.4613067948241205
251400072_,шт,2026-09-01,1.1253954681419358,forecast,False,boosting_squared,7,8,0.3001054581711829
251400073_,шт,2026-09-01,1.0632704259502883,forecast,False,boosting_squared,3,8,0.2835387802534102
251400074_,шт,2026-09-01,,insufficient_history,False,boosting_squared,1,8,
251400075_,шт,2026-09-01,2.0134667155477293,forecast,False,boosting_squared,3,8,0.5369244574793944
251400076_,шт,2026-09-01,0.9334861666093068,forecast,False,boosting_squared,3,8,0.2489296444291485
251400077_,шт,2026-09-01,1.1649918405392055,forecast,False,boosting_squared,4,8,0.3106644908104548
251400078_,шт,2026-09-01,1.2952801583248974,forecast,False,boosting_squared,7,8,0.3454080422199726
251400079_,шт,2026-09-01,1.2700953163238848,forecast,False,boosting_squared,9,8,0.33869208435303594
251400080_,шт,2026-09-01,1.8909857780824175,forecast,False,boosting_squared,6,8,0.5042628741553113
251400081_,шт,2026-09-01,,insufficient_history,False,boosting_squared,2,8,
251400082_,шт,2026-09-01,,insufficient_history,False,boosting_squared,2,8,
251400083_,шт,2026-09-01,2.0029869708970924,forecast,False,boosting_squared,10,8,0.5341298589058913
251400084_,шт,2026-09-01,1.2792262428915222,forecast,False,boosting_squared,10,8,0.34112699810440594
251400085_,шт,2026-09-01,1.6883471924444777,forecast,False,boosting_squared,4,8,0.45022591798519407
251400086_,шт,2026-09-01,1.279928574280769,forecast,False,boosting_squared,6,8,0.3413142864748717
251400087_,шт,2026-09-01,,insufficient_history,False,boosting_squared,2,8,
251400088_,шт,2026-09-01,,insufficient_history,False,boosting_squared,2,8,
251400089_,шт,2026-09-01,,insufficient_history,False,boosting_squared,1,8,
251400090_,шт,2026-09-01,1.160226975546022,forecast,False,boosting_squared,3,8,0.3093938601456058
251400091_,шт,2026-09-01,1.8273825599253717,forecast,False,boosting_squared,4,8,0.4873020159800991
251400092_,шт,2026-09-01,4.194402653724214,forecast,False,boosting_squared,16,8,1.1185073743264569
251400093_,шт,2026-09-01,3.3154973508918992,forecast,False,boosting_squared,17,8,0.8841326269045064
251400094_,шт,2026-09-01,,insufficient_history,False,boosting_squared,1,8,
251400095_,шт,2026-09-01,2.0881912441262402,forecast,False,boosting_squared,5,8,0.556850998433664
251400096_,шт,2026-09-01,3.8631129121291026,forecast,False,boosting_squared,12,8,1.0301634432344273
251400097_,шт,2026-09-01,1.1308566027236706,forecast,False,boosting_squared,4,8,0.3015617607263122
251400098_,шт,2026-09-01,2.882884588031705,forecast,False,boosting_squared,13,8,0.7687692234751213
251400099_,шт,2026-09-01,1.1832312898555732,forecast,False,boosting_squared,3,8,0.3155283439614862
251400100_,шт,2026-09-01,1.2363186229416208,forecast,False,boosting_squared,3,8,0.32968496611776554
251400101_,шт,2026-09-01,,insufficient_history,False,boosting_squared,2,8,
251400102_,шт,2026-09-01,1.3870063295236472,forecast,False,boosting_squared,3,8,0.36986835453963923
251400103_,шт,2026-09-01,,insufficient_history,False,boosting_squared,2,8,
251400104_,шт,2026-09-01,1.1725671098435664,forecast,False,boosting_squared,4,8,0.31268456262495103
251400105_,шт,2026-09-01,1.2153020355694217,forecast,False,boosting_squared,6,8,0.32408054281851245
251400106_,шт,2026-09-01,3.897861038464445,forecast,False,boosting_squared,17,8,1.0394296102571854
251400107_,шт,2026-09-01,1.4262340885451166,forecast,False,boosting_squared,5,8,0.38032909027869777
251400108_,шт,2026-09-01,1.9397565053315378,forecast,False,boosting_squared,5,8,0.5172684014217434
251400109_,шт,2026-09-01,1.4627075161893175,forecast,False,boosting_squared,6,8,0.39005533765048467
251400110_,шт,2026-09-01,,insufficient_history,False,boosting_squared,1,8,
251400111_,шт,2026-09-01,1.7830429506957843,forecast,False,boosting_squared,9,8,0.4754781201855425
251400112_,шт,2026-09-01,1.5710941209225888,forecast,False,boosting_squared,9,8,0.4189584322460237
251400113_,шт,2026-09-01,,insufficient_history,False,boosting_squared,0,8,
251400114_,шт,2026-09-01,1.6738247110137079,forecast,False,boosting_squared,3,8,0.44635325627032213
251400115_,шт,2026-09-01,2.027213862437953,forecast,False,boosting_squared,7,8,0.5405903633167876
251400116_,шт,2026-09-01,1.5857172408933837,forecast,False,boosting_squared,5,8,0.4228579309049023
251400117_,шт,2026-09-01,,insufficient_history,False,boosting_squared,1,8,
251400118_,шт,2026-09-01,3.1995768251772816,forecast,False,boosting_squared,11,8,0.8532204867139418
251400119_,шт,2026-09-01,1.7488024593643732,forecast,False,boosting_squared,10,8,0.4663473224971662
251400120_,шт,2026-09-01,1.1372924889211729,forecast,False,boosting_squared,5,8,0.3032779970456461
251400121_,шт,2026-09-01,2.5791945870460244,forecast,False,boosting_squared,12,8,0.6877852232122732
251400122_,шт,2026-09-01,,insufficient_history,False,boosting_squared,0,8,
251400123_,шт,2026-09-01,1.5452927536871521,forecast,False,boosting_squared,5,8,0.41207806764990723
251400124_,шт,2026-09-01,1.255734391106895,forecast,False,boosting_squared,3,8,0.334862504295172
251400125_,шт,2026-09-01,,insufficient_history,False,boosting_squared,1,8,
251400126_,шт,2026-09-01,,insufficient_history,False,boosting_squared,1,8,
251400127_,шт,2026-09-01,2.8655220753660835,forecast,False,boosting_squared,15,8,0.7641392200976223
251400128_,шт,2026-09-01,2.0134667155477293,forecast,False,boosting_squared,3,8,0.5369244574793944
251400129_,шт,2026-09-01,1.5018573464776848,forecast,False,boosting_squared,10,8,0.4004952923940493
251400130_,шт,2026-09-01,1.0688277763444098,forecast,False,boosting_squared,4,8,0.2850207403585093
251400131_,шт,2026-09-01,1.4757522321623902,forecast,False,boosting_squared,8,8,0.3935339285766374
251400132_,шт,2026-09-01,,insufficient_history,False,boosting_squared,1,8,
251400133_,шт,2026-09-01,1.9437348497497773,forecast,False,boosting_squared,8,8,0.5183292932666073
251400134_,шт,2026-09-01,1.541566268142797,forecast,False,boosting_squared,7,8,0.41108433817141254
251400135_,шт,2026-09-01,1.0749969964679056,forecast,False,boosting_squared,4,8,0.2866658657247748
251400136_,шт,2026-09-01,2.2552928204804616,forecast,False,boosting_squared,6,8,0.6014114187947898
251400137_,шт,2026-09-01,2.6046866013367054,forecast,False,boosting_squared,4,8,0.6945830936897881
251400138_,шт,2026-09-01,3.242574501242607,forecast,False,boosting_squared,6,8,0.8646865336646952
251400139_,шт,2026-09-01,,insufficient_history,False,boosting_squared,1,8,
251400140_,шт,2026-09-01,,insufficient_history,False,boosting_squared,2,8,
251400141_,шт,2026-09-01,,insufficient_history,False,boosting_squared,2,8,
251400142_,шт,2026-09-01,2.6046866013367054,forecast,False,boosting_squared,4,8,0.6945830936897881
251400143_,шт,2026-09-01,13.177094856275513,forecast,False,boosting_squared,19,8,3.5138919616734703
251400144_,шт,2026-09-01,12.435752993394926,forecast,False,boosting_squared,19,8,3.316200798238647
251400145_,шт,2026-09-01,3.1819928649059888,forecast,False,boosting_squared,14,8,0.848531430641597
251400146_,шт,2026-09-01,4.480253921897962,forecast,False,boosting_squared,15,8,1.1947343791727898
251400147_,шт,2026-09-01,2.316162885736606,forecast,False,boosting_squared,11,8,0.6176434361964283
251400148_,шт,2026-09-01,3.5133327929575238,forecast,False,boosting_squared,10,8,0.936888744788673
260100138_,шт,2026-09-01,1316.7850751274857,forecast,False,boosting_squared,32,8,351.14268670066286
260100140_,шт,2026-09-01,1123.2622433249392,forecast,False,boosting_squared,32,8,299.5365982199838
260100153_,шт,2026-09-01,2074.119537483818,forecast,False,boosting_squared,32,8,553.0985433290182
260100154_,шт,2026-09-01,402.45687397203676,forecast,False,boosting_squared,31,8,107.32183305920981
260100155_,шт,2026-09-01,427.17386759711377,forecast,False,boosting_squared,31,8,113.91303135923035
260100157_,шт,2026-09-01,583.4655411603304,forecast,False,boosting_squared,32,8,155.5908109760881
260100158_,шт,2026-09-01,2432.7633807501534,forecast,False,boosting_squared,32,8,648.7369015333742
260100161_,,2026-09-01,,insufficient_history,False,boosting_squared,0,8,
260100162_,,2026-09-01,,insufficient_history,False,boosting_squared,0,8,
260100165_,шт,2026-09-01,3937.7150775613723,forecast,False,boosting_squared,32,8,1050.057354016366
260100167_,шт,2026-09-01,2786.8995184086075,forecast,False,boosting_squared,32,8,743.173204908962
260100168_,шт,2026-09-01,2114.7864054630913,forecast,False,boosting_squared,32,8,563.9430414568244
260100169_,шт,2026-09-01,1313.2594306622339,forecast,False,boosting_squared,31,8,350.20251484326235
260100172_,,2026-09-01,,insufficient_history,False,boosting_squared,0,8,
270100211_,,2026-09-01,,insufficient_history,False,boosting_squared,0,8,
270100212_,,2026-09-01,,insufficient_history,False,boosting_squared,0,8,
270100213_,,2026-09-01,,insufficient_history,False,boosting_squared,0,8,
270100214_,,2026-09-01,,insufficient_history,False,boosting_squared,0,8,
270100215_,,2026-09-01,,insufficient_history,False,boosting_squared,0,8,
270100216_,,2026-09-01,,insufficient_history,False,boosting_squared,0,8,
270100217_,шт,2026-09-01,,insufficient_history,False,boosting_squared,1,8,
270100218_,,2026-09-01,,insufficient_history,False,boosting_squared,0,8,
270100219_,,2026-09-01,,insufficient_history,False,boosting_squared,0,8,
270100220_,,2026-09-01,,insufficient_history,False,boosting_squared,0,8,
270100221_,,2026-09-01,,insufficient_history,False,boosting_squared,0,8,
270100222_,,2026-09-01,,insufficient_history,False,boosting_squared,0,8,
270100223_,,2026-09-01,,insufficient_history,False,boosting_squared,0,8,
270200027_,шт,2026-09-01,,insufficient_history,False,boosting_squared,0,8,
270200048_,шт,2026-09-01,,insufficient_history,False,boosting_squared,0,8,
270200056_,шт,2026-09-01,,insufficient_history,False,boosting_squared,0,8,
270200057_,шт,2026-09-01,5.412897730293168,forecast,False,boosting_squared,3,8,1.443439394744845
270200058_,шт,2026-09-01,,insufficient_history,False,boosting_squared,1,8,
270200059_,шт,2026-09-01,,insufficient_history,False,boosting_squared,1,8,
270200063_,шт,2026-09-01,3.921408953023297,forecast,False,boosting_squared,9,8,1.045709054139546
270200075_,шт,2026-09-01,,insufficient_history,False,boosting_squared,0,8,
270200099_,шт,2026-09-01,,insufficient_history,False,boosting_squared,0,8,
270200100_,шт,2026-09-01,,insufficient_history,False,boosting_squared,0,8,
270200101_,шт,2026-09-01,,insufficient_history,False,boosting_squared,1,8,
270200102_,шт,2026-09-01,,insufficient_history,False,boosting_squared,0,8,
270200114_,шт,2026-09-01,,insufficient_history,False,boosting_squared,0,8,
270200120_,шт,2026-09-01,,insufficient_history,False,boosting_squared,0,8,
270200129_,шт,2026-09-01,,insufficient_history,False,boosting_squared,2,8,
270200130_,шт,2026-09-01,,insufficient_history,False,boosting_squared,1,8,
270200131_,шт,2026-09-01,,insufficient_history,False,boosting_squared,0,8,
270200132_,шт,2026-09-01,,insufficient_history,False,boosting_squared,0,8,
270200142_,шт,2026-09-01,,insufficient_history,False,boosting_squared,2,8,
270200143_,шт,2026-09-01,2.779148194588835,forecast,False,boosting_squared,4,8,0.7411061852236893
270300001_,шт,2026-09-01,6.001399427305784,forecast,False,boosting_squared,30,8,1.6003731806148758
270300002_,шт,2026-09-01,4.371408586018047,forecast,False,boosting_squared,21,8,1.1657089562714793
270300003_,шт,2026-09-01,43.38749667070723,forecast,False,boosting_squared,31,8,11.569999112188594
270300004_,шт,2026-09-01,1.2539027659398005,forecast,False,boosting_squared,12,8,0.33437407091728016
270300005_,,2026-09-01,,insufficient_history,False,boosting_squared,0,8,
270300007_,шт,2026-09-01,3.2070138541792748,forecast,False,boosting_squared,4,8,0.8552036944478066
270300021_,,2026-09-01,,insufficient_history,False,boosting_squared,0,8,
270300025_,шт,2026-09-01,17.7688817751427,forecast,False,boosting_squared,27,8,4.738368473371386
270300030_,шт,2026-09-01,,insufficient_history,False,boosting_squared,1,8,
270300035_,,2026-09-01,,insufficient_history,False,boosting_squared,0,8,
270300078_,м,2026-09-01,53.03669567399962,forecast,False,boosting_squared,31,8,14.143118846399897
270300079_,м,2026-09-01,168.6595180188667,forecast,False,boosting_squared,29,8,44.975871471697786
270300098_,шт,2026-09-01,2.199966810837066,forecast,False,boosting_squared,5,8,0.5866578162232176
270300099_,шт,2026-09-01,2.9702645822515064,forecast,False,boosting_squared,24,8,0.7920705552670684
270300100_,шт,2026-09-01,8.096767135260253,forecast,False,boosting_squared,23,8,2.1591379027360675
270300101_,шт,2026-09-01,9.598990626560303,forecast,False,boosting_squared,26,8,2.559730833749414
270300105_,м,2026-09-01,195.30401085762782,forecast,False,boosting_squared,30,8,52.08106956203408
270300106_,шт,2026-09-01,,insufficient_history,False,boosting_squared,0,8,
270300112_,,2026-09-01,,insufficient_history,False,boosting_squared,0,8,
270300113_,шт,2026-09-01,6.1681361593855035,forecast,False,boosting_squared,9,8,1.6448363091694675
270300130_,шт,2026-09-01,,insufficient_history,False,boosting_squared,1,8,
270300132_,шт,2026-09-01,4.203552101993961,forecast,False,boosting_squared,24,8,1.1209472271983896
270300133_,шт,2026-09-01,,insufficient_history,False,boosting_squared,2,8,
270300134_,шт,2026-09-01,6.008291167450208,forecast,False,boosting_squared,16,8,1.6022109779867222
270300150_,м,2026-09-01,69.83591581761023,forecast,False,boosting_squared,30,8,18.62291088469606
270300151_,м,2026-09-01,24.972226802761917,forecast,False,boosting_squared,23,8,6.659260480736511
270300153_,м,2026-09-01,20.970275476056354,forecast,False,boosting_squared,31,8,5.592073460281695
270300184_,шт,2026-09-01,,insufficient_history,False,boosting_squared,0,8,
270300200_,м,2026-09-01,49.93703707892253,forecast,False,boosting_squared,30,8,13.316543221046008
270300212_,шт,2026-09-01,1.395876880524134,forecast,False,boosting_squared,12,8,0.37223383480643574
270300217_,,2026-09-01,,insufficient_history,False,boosting_squared,0,8,
270300221_,шт,2026-09-01,0.9491343811038859,forecast,False,boosting_squared,5,8,0.2531025016277029
270300222_,шт,2026-09-01,,insufficient_history,False,boosting_squared,2,8,
270300224_,шт,2026-09-01,11.92053578580426,forecast,False,boosting_squared,26,8,3.178809542881136
270300231_,шт,2026-09-01,4.4688323306097875,forecast,False,boosting_squared,19,8,1.1916886214959432
270300234_,,2026-09-01,,insufficient_history,False,boosting_squared,0,8,
270300244_,шт,2026-09-01,2.1482674986108026,forecast,False,boosting_squared,13,8,0.5728713329628807
270300251_,шт,2026-09-01,0.9334861666093068,forecast,False,boosting_squared,3,8,0.2489296444291485
270300253_,шт,2026-09-01,1.372198802514951,forecast,False,boosting_squared,6,8,0.3659196806706536
270300254_,шт,2026-09-01,3.304575775035603,forecast,False,boosting_squared,12,8,0.8812202066761609
270300259_,шт,2026-09-01,,insufficient_history,False,boosting_squared,2,8,
270300260_,шт,2026-09-01,1.2467975330437677,forecast,False,boosting_squared,7,8,0.33247934214500474
270300261_,шт,2026-09-01,3.1916746195286168,forecast,False,boosting_squared,15,8,0.8511132318742978
270300262_,шт,2026-09-01,3.206440140595173,forecast,False,boosting_squared,15,8,0.8550507041587128
270300263_,шт,2026-09-01,3.71893085701932,forecast,False,boosting_squared,11,8,0.991714895205152
270300264_,шт,2026-09-01,1.2027087470035112,forecast,False,boosting_squared,8,8,0.3207223325342696
270300265_,шт,2026-09-01,1.1511512969071644,forecast,False,boosting_squared,4,8,0.3069736791752439
270300266_,шт,2026-09-01,2.48340754954327,forecast,False,boosting_squared,5,8,0.6622420132115387
270300267_,шт,2026-09-01,1.1831193464097192,forecast,False,boosting_squared,6,8,0.3154984923759251
270300268_,шт,2026-09-01,,insufficient_history,False,boosting_squared,2,8,
270300269_,шт,2026-09-01,,insufficient_history,False,boosting_squared,2,8,
270300270_,шт,2026-09-01,,insufficient_history,False,boosting_squared,0,8,
270300271_,шт,2026-09-01,,insufficient_history,False,boosting_squared,0,8,
270300272_,шт,2026-09-01,1.1832312898555732,forecast,False,boosting_squared,3,8,0.3155283439614862
270300273_,шт,2026-09-01,1.3870063295236472,forecast,False,boosting_squared,3,8,0.36986835453963923
270300274_,шт,2026-09-01,,insufficient_history,False,boosting_squared,0,8,
270300275_,шт,2026-09-01,,insufficient_history,False,boosting_squared,1,8,
270300276_,шт,2026-09-01,1.0501719374354703,forecast,False,boosting_squared,4,8,0.2800458499827921
270300277_,шт,2026-09-01,,insufficient_history,False,boosting_squared,1,8,
270300278_,шт,2026-09-01,,insufficient_history,False,boosting_squared,1,8,
270300279_,шт,2026-09-01,,insufficient_history,False,boosting_squared,0,8,
270300280_,,2026-09-01,,insufficient_history,False,boosting_squared,0,8,
270300281_,шт,2026-09-01,3.296488393815137,forecast,False,boosting_squared,11,8,0.8790635716840366
270300282_,шт,2026-09-01,1.8402686468958884,forecast,False,boosting_squared,10,8,0.4907383058389036
270300283_,шт,2026-09-01,0.9334861666093068,forecast,False,boosting_squared,3,8,0.2489296444291485
270300284_,шт,2026-09-01,3.1821018032545036,forecast,False,boosting_squared,17,8,0.8485604808678676
270300285_,шт,2026-09-01,2.517186867034062,forecast,False,boosting_squared,14,8,0.6712498312090832
270300286_,шт,2026-09-01,4.107128970842681,forecast,False,boosting_squared,19,8,1.095234392224715
270300287_,шт,2026-09-01,7.721759094104667,forecast,False,boosting_squared,22,8,2.059135758427911
270300288_,шт,2026-09-01,5.117212190001777,forecast,False,boosting_squared,25,8,1.3645899173338072
270300289_,шт,2026-09-01,2.8677027539704296,forecast,False,boosting_squared,16,8,0.7647207343921145
270300290_,шт,2026-09-01,2.1417429343233167,forecast,False,boosting_squared,13,8,0.5711314491528845
270300291_,шт,2026-09-01,3.2055773905294873,forecast,False,boosting_squared,8,8,0.85482063747453
270300292_,шт,2026-09-01,3.5486942281606577,forecast,False,boosting_squared,6,8,0.9463184608428421
270300293_,шт,2026-09-01,,insufficient_history,False,boosting_squared,2,8,
270300294_,,2026-09-01,,insufficient_history,False,boosting_squared,0,8,
270300295_,шт,2026-09-01,8.619609928748323,forecast,False,boosting_squared,27,8,2.2985626476662193
270300296_,шт,2026-09-01,4.843558958940021,forecast,False,boosting_squared,14,8,1.2916157223840057
270300297_,шт,2026-09-01,3.9280651333255054,forecast,False,boosting_squared,14,8,1.047484035553468
270300298_,шт,2026-09-01,3.0025369751034194,forecast,False,boosting_squared,8,8,0.8006765266942452
270300299_,шт,2026-09-01,6.984375377019603,forecast,False,boosting_squared,26,8,1.8625001005385609
270300300_,шт,2026-09-01,1.923785675706756,forecast,False,boosting_squared,14,8,0.5130095135218016
270300301_,шт,2026-09-01,,insufficient_history,False,boosting_squared,1,8,
270300302_,шт,2026-09-01,,insufficient_history,False,boosting_squared,2,8,
270300303_,шт,2026-09-01,,insufficient_history,False,boosting_squared,1,8,
270300304_,шт,2026-09-01,3.2501594265933296,forecast,False,boosting_squared,7,8,0.8667091804248879
270300305_,шт,2026-09-01,1.6291660003699895,forecast,False,boosting_squared,4,8,0.43444426676533054
270300306_,,2026-09-01,,insufficient_history,False,boosting_squared,0,8,
270300307_,шт,2026-09-01,,insufficient_history,False,boosting_squared,0,8,
270300314_,,2026-09-01,,insufficient_history,False,boosting_squared,0,8,
270400021_,шт,2026-09-01,,insufficient_history,False,boosting_squared,1,8,
270400022_,шт,2026-09-01,,insufficient_history,False,boosting_squared,0,8,
270400035_,шт,2026-09-01,17.861038788283082,forecast,False,boosting_squared,18,8,4.762943676875489
270400043_,шт,2026-09-01,8.445509611246294,forecast,False,boosting_squared,8,8,2.2521358963323452
270400046_,шт,2026-09-01,6.319469878523085,forecast,False,boosting_squared,5,8,1.685191967606156
270400047_,шт,2026-09-01,5.883869413154061,forecast,False,boosting_squared,14,8,1.5690318435077495
280100001_,м,2026-09-01,28.51425022966557,forecast,False,boosting_squared,31,8,7.6038000612441525
280100002_,м,2026-09-01,129.4858755392483,forecast,False,boosting_squared,32,8,34.529566810466214
280100003_,м,2026-09-01,49.243559277580495,forecast,False,boosting_squared,28,8,13.131615807354798
280100004_,м,2026-09-01,324.4056744694831,forecast,False,boosting_squared,32,8,86.50817985852882
280100005_,м,2026-09-01,95.50749033906308,forecast,False,boosting_squared,31,8,25.468664090416823
280100006_,м,2026-09-01,147.0431413665255,forecast,False,boosting_squared,31,8,39.2115043644068
280100007_,м,2026-09-01,1040.7137629331955,forecast,False,boosting_squared,32,8,277.5236701155188
280100009_,м,2026-09-01,41.68859236183099,forecast,False,boosting_squared,25,8,11.116957963154931
280100010_,м,2026-09-01,700.1189345224867,forecast,False,boosting_squared,32,8,186.6983825393298
280100011_,м,2026-09-01,99.45682182863813,forecast,False,boosting_squared,32,8,26.5218191543035
280100012_,м,2026-09-01,289.74475420721143,forecast,False,boosting_squared,32,8,77.26526778858971
280100013_,м,2026-09-01,12.972311104828233,forecast,False,boosting_squared,22,8,3.4592829612875287
280100014_,м,2026-09-01,16.716462326742445,forecast,False,boosting_squared,25,8,4.457723287131318
280100015_,м,2026-09-01,6.195856309972308,forecast,False,boosting_squared,15,8,1.6522283493259489
280100016_,м,2026-09-01,328.54733869797667,forecast,False,boosting_squared,32,8,87.61262365279377
280100020_,м,2026-09-01,231.39979125835836,forecast,False,boosting_squared,32,8,61.7066110022289
280100103_,м,2026-09-01,1080.2273390813823,forecast,False,boosting_squared,32,8,288.0606237550353
280100116_,шт,2026-09-01,16.467915273019074,forecast,False,boosting_squared,29,8,4.391444072805086
280100117_,шт,2026-09-01,25.60592535055945,forecast,False,boosting_squared,32,8,6.828246760149186
280100118_,шт,2026-09-01,55.15735862817439,forecast,False,boosting_squared,31,8,14.708628967513171
280100119_,шт,2026-09-01,6.673990214008832,forecast,False,boosting_squared,24,8,1.7797307237356885
280100120_,шт,2026-09-01,13.339380796456663,forecast,False,boosting_squared,29,8,3.557168212388443
280100121_,шт,2026-09-01,16.235813112365733,forecast,False,boosting_squared,5,8,4.329550163297529
280100122_,м,2026-09-01,239.91708329037596,forecast,False,boosting_squared,32,8,63.977888877433585
280100123_,м,2026-09-01,258.9520174001879,forecast,False,boosting_squared,32,8,69.05387130671677
280100124_,шт,2026-09-01,11.324297634850732,forecast,False,boosting_squared,29,8,3.019812702626862
280100125_,шт,2026-09-01,15.466561800081816,forecast,False,boosting_squared,27,8,4.124416480021818
280100126_,шт,2026-09-01,66.05953158847463,forecast,False,boosting_squared,30,8,17.6158750902599
280100127_,шт,2026-09-01,45.125694853505806,forecast,False,boosting_squared,31,8,12.033518627601548
280100128_,шт,2026-09-01,182.69767810008673,forecast,False,boosting_squared,32,8,48.71938082668979
280100129_,шт,2026-09-01,109.90532757604012,forecast,False,boosting_squared,32,8,29.3080873536107
280100130_,шт,2026-09-01,31.017749391015887,forecast,False,boosting_squared,32,8,8.271399837604237
280100131_,шт,2026-09-01,491.34382763196606,forecast,False,boosting_squared,32,8,131.0250207018576
280100132_,шт,2026-09-01,77.70737600428711,forecast,False,boosting_squared,32,8,20.721966934476562
280100133_,шт,2026-09-01,3.8403269050364193,forecast,False,boosting_squared,7,8,1.0240871746763784
280100134_,шт,2026-09-01,83.75086735832907,forecast,False,boosting_squared,29,8,22.333564628887753
280100135_,шт,2026-09-01,6.130384482254399,forecast,False,boosting_squared,26,8,1.6347691952678398
280100136_,шт,2026-09-01,8.461919679217555,forecast,False,boosting_squared,20,8,2.256511914458015
280100137_,шт,2026-09-01,21.788720706719136,forecast,False,boosting_squared,25,8,5.8103255217917695
280100138_,шт,2026-09-01,37.83688843083066,forecast,False,boosting_squared,22,8,10.089836914888176
280100139_,шт,2026-09-01,53.55049800653199,forecast,False,boosting_squared,30,8,14.280132801741864
280100140_,шт,2026-09-01,40.15934440547819,forecast,False,boosting_squared,31,8,10.709158508127517
280100141_,м,2026-09-01,45.20328635416275,forecast,False,boosting_squared,14,8,12.054209694443399
280100162_,м,2026-09-01,,insufficient_history,False,boosting_squared,2,8,
280100179_,,2026-09-01,,insufficient_history,False,boosting_squared,0,8,
280100180_,,2026-09-01,,insufficient_history,False,boosting_squared,0,8,
280100240_,м,2026-09-01,91.58357052160608,forecast,False,boosting_squared,28,8,24.42228547242829
280100293_,шт,2026-09-01,,insufficient_history,False,boosting_squared,0,8,
280100294_,шт,2026-09-01,,insufficient_history,False,boosting_squared,0,8,
280100295_,шт,2026-09-01,,insufficient_history,False,boosting_squared,0,8,
280100296_,шт,2026-09-01,,insufficient_history,False,boosting_squared,0,8,
280100297_,шт,2026-09-01,,insufficient_history,False,boosting_squared,0,8,
280100298_,шт,2026-09-01,,insufficient_history,False,boosting_squared,0,8,
280100299_,шт,2026-09-01,,insufficient_history,False,boosting_squared,0,8,
280100300_,шт,2026-09-01,,insufficient_history,False,boosting_squared,0,8,
280100301_,шт,2026-09-01,,insufficient_history,False,boosting_squared,0,8,
280100302_,шт,2026-09-01,,insufficient_history,False,boosting_squared,1,8,
280100303_,шт,2026-09-01,,insufficient_history,False,boosting_squared,0,8,
280100304_,шт,2026-09-01,,insufficient_history,False,boosting_squared,0,8,
280100305_,шт,2026-09-01,,insufficient_history,False,boosting_squared,0,8,
280100306_,шт,2026-09-01,,insufficient_history,False,boosting_squared,0,8,
280100307_,шт,2026-09-01,,insufficient_history,False,boosting_squared,0,8,
280100308_,шт,2026-09-01,,insufficient_history,False,boosting_squared,0,8,
280100309_,шт,2026-09-01,,insufficient_history,False,boosting_squared,0,8,
280100310_,шт,2026-09-01,,insufficient_history,False,boosting_squared,0,8,
280100311_,шт,2026-09-01,,insufficient_history,False,boosting_squared,0,8,
280100312_,шт,2026-09-01,,insufficient_history,False,boosting_squared,0,8,
280100313_,шт,2026-09-01,,insufficient_history,False,boosting_squared,0,8,
280100314_,шт,2026-09-01,,insufficient_history,False,boosting_squared,0,8,
280100336_,м,2026-09-01,31.51409136683416,forecast,False,boosting_squared,26,8,8.403757697822442
280100337_,м,2026-09-01,37.41992869868395,forecast,False,boosting_squared,31,8,9.978647652982385
280100338_,м,2026-09-01,22.52341522048024,forecast,False,boosting_squared,26,8,6.006244058794731
280100339_,м,2026-09-01,11.807685676604203,forecast,False,boosting_squared,17,8,3.1487161804277877
280100340_,м,2026-09-01,27.40469439124202,forecast,False,boosting_squared,14,8,7.307918504331206
280100341_,м,2026-09-01,33.483708948911335,forecast,False,boosting_squared,28,8,8.928989053043022
280100342_,м,2026-09-01,27.184671943846713,forecast,False,boosting_squared,21,8,7.249245851692456
280100343_,м,2026-09-01,12.039179988198233,forecast,False,boosting_squared,11,8,3.2104479968528623
280100344_,м,2026-09-01,25.888926567757053,forecast,False,boosting_squared,27,8,6.903713751401881
280100345_,шт,2026-09-01,,insufficient_history,False,boosting_squared,0,8,
280100346_,шт,2026-09-01,,insufficient_history,False,boosting_squared,0,8,
280100347_,шт,2026-09-01,,insufficient_history,False,boosting_squared,0,8,
280100348_,шт,2026-09-01,,insufficient_history,False,boosting_squared,1,8,
280100349_,шт,2026-09-01,,insufficient_history,False,boosting_squared,0,8,
280100350_,шт,2026-09-01,,insufficient_history,False,boosting_squared,0,8,
280100351_,шт,2026-09-01,,insufficient_history,False,boosting_squared,2,8,
280100352_,шт,2026-09-01,,insufficient_history,False,boosting_squared,1,8,
280100353_,шт,2026-09-01,,insufficient_history,False,boosting_squared,0,8,
280100354_,шт,2026-09-01,,insufficient_history,False,boosting_squared,1,8,
280100355_,шт,2026-09-01,,insufficient_history,False,boosting_squared,0,8,
280100356_,шт,2026-09-01,6.5881496531471635,forecast,False,boosting_squared,3,8,1.7568399075059102
280100357_,шт,2026-09-01,,insufficient_history,False,boosting_squared,0,8,
280100358_,шт,2026-09-01,4.081112173737036,forecast,False,boosting_squared,3,8,1.0882965796632098
280100359_,шт,2026-09-01,,insufficient_history,False,boosting_squared,0,8,
280100360_,шт,2026-09-01,10.086970168728882,forecast,False,boosting_squared,7,8,2.6898587116610355
280100361_,шт,2026-09-01,,insufficient_history,False,boosting_squared,0,8,
280100362_,шт,2026-09-01,,insufficient_history,False,boosting_squared,1,8,
280100363_,шт,2026-09-01,,insufficient_history,False,boosting_squared,0,8,
280100364_,шт,2026-09-01,,insufficient_history,False,boosting_squared,2,8,
280100365_,шт,2026-09-01,,insufficient_history,False,boosting_squared,0,8,
280100366_,шт,2026-09-01,,insufficient_history,False,boosting_squared,0,8,
280100367_,шт,2026-09-01,,insufficient_history,False,boosting_squared,0,8,
280100368_,шт,2026-09-01,,insufficient_history,False,boosting_squared,0,8,
280100369_,шт,2026-09-01,,insufficient_history,False,boosting_squared,0,8,
280100370_,шт,2026-09-01,,insufficient_history,False,boosting_squared,0,8,
280100371_,шт,2026-09-01,,insufficient_history,False,boosting_squared,0,8,
280100372_,шт,2026-09-01,,insufficient_history,False,boosting_squared,1,8,
280100373_,м,2026-09-01,21.635331902601514,forecast,False,boosting_squared,7,8,5.769421840693737
280100374_,м,2026-09-01,21.407817422545588,forecast,False,boosting_squared,9,8,5.708751312678824
280100375_,м,2026-09-01,21.223446780316554,forecast,False,boosting_squared,24,8,5.659585808084414
280100376_,м,2026-09-01,72.84433465890368,forecast,False,boosting_squared,11,8,19.42515590904098
280100377_,м,2026-09-01,50.06439419104303,forecast,False,boosting_squared,21,8,13.350505117611474
280100378_,м,2026-09-01,8.841593820921691,forecast,False,boosting_squared,7,8,2.357758352245784
280100379_,м,2026-09-01,8.306392452774192,forecast,False,boosting_squared,22,8,2.2150379874064514
280100380_,шт,2026-09-01,,insufficient_history,False,boosting_squared,1,8,
280100381_,шт,2026-09-01,,insufficient_history,False,boosting_squared,2,8,
280100382_,шт,2026-09-01,,insufficient_history,False,boosting_squared,0,8,
280100383_,шт,2026-09-01,,insufficient_history,False,boosting_squared,0,8,
280100384_,шт,2026-09-01,,insufficient_history,False,boosting_squared,1,8,
280100385_,шт,2026-09-01,,insufficient_history,False,boosting_squared,2,8,
280100386_,шт,2026-09-01,,insufficient_history,False,boosting_squared,0,8,
280100387_,шт,2026-09-01,,insufficient_history,False,boosting_squared,0,8,
280100388_,шт,2026-09-01,,insufficient_history,False,boosting_squared,0,8,
280100389_,шт,2026-09-01,,insufficient_history,False,boosting_squared,0,8,
280100390_,шт,2026-09-01,,insufficient_history,False,boosting_squared,1,8,
280100391_,шт,2026-09-01,,insufficient_history,False,boosting_squared,0,8,
280100392_,шт,2026-09-01,,insufficient_history,False,boosting_squared,0,8,
280100393_,шт,2026-09-01,,insufficient_history,False,boosting_squared,1,8,
280100394_,шт,2026-09-01,,insufficient_history,False,boosting_squared,1,8,
280100395_,шт,2026-09-01,,insufficient_history,False,boosting_squared,0,8,
280100396_,шт,2026-09-01,,insufficient_history,False,boosting_squared,1,8,
280100397_,шт,2026-09-01,,insufficient_history,False,boosting_squared,0,8,
280100398_,шт,2026-09-01,,insufficient_history,False,boosting_squared,1,8,
280100399_,шт,2026-09-01,,insufficient_history,False,boosting_squared,0,8,
280100400_,шт,2026-09-01,,insufficient_history,False,boosting_squared,0,8,
280100401_,м,2026-09-01,12.45668082868429,forecast,False,boosting_squared,13,8,3.3217815543158107
280100402_,м,2026-09-01,4.3931297782533845,forecast,False,boosting_squared,9,8,1.1715012742009026
280100403_,м,2026-09-01,22.78266341474571,forecast,False,boosting_squared,21,8,6.075376910598856
280100404_,м,2026-09-01,6.564126429350426,forecast,False,boosting_squared,13,8,1.750433714493447
280100405_,м,2026-09-01,35.62403165420267,forecast,False,boosting_squared,30,8,9.499741774454044
280100406_,м,2026-09-01,49.4013203964948,forecast,False,boosting_squared,13,8,13.173685439065281
280100407_,м,2026-09-01,11.098247143510935,forecast,False,boosting_squared,16,8,2.959532571602916
280100408_,м,2026-09-01,4.429988930487366,forecast,False,boosting_squared,9,8,1.1813303814632976
280100409_,м,2026-09-01,21.118990373410654,forecast,False,boosting_squared,21,8,5.631730766242841
280100410_,м,2026-09-01,19.311102202982994,forecast,False,boosting_squared,23,8,5.149627254128799
280100411_,м,2026-09-01,6.344459750545177,forecast,False,boosting_squared,18,8,1.6918559334787138
280100412_,м,2026-09-01,3.4291007669603975,forecast,False,boosting_squared,8,8,0.9144268711894393
280100413_,м,2026-09-01,3.135738375266442,forecast,False,boosting_squared,14,8,0.8361969000710512
280100414_,м,2026-09-01,12.674677947969414,forecast,False,boosting_squared,20,8,3.3799141194585105
280100415_,м,2026-09-01,4.004387430468318,forecast,False,boosting_squared,3,8,1.0678366481248849
280100416_,м,2026-09-01,5.942317191812544,forecast,False,boosting_squared,9,8,1.5846179178166784
280100417_,м,2026-09-01,3.084951035018962,forecast,False,boosting_squared,4,8,0.8226536093383899
280100418_,м,2026-09-01,,insufficient_history,False,boosting_squared,2,8,
280100419_,м,2026-09-01,9.31260931985112,forecast,False,boosting_squared,14,8,2.483362485293632
280100420_,шт,2026-09-01,,insufficient_history,False,boosting_squared,0,8,
280100421_,шт,2026-09-01,,insufficient_history,False,boosting_squared,0,8,
280100422_,шт,2026-09-01,,insufficient_history,False,boosting_squared,0,8,
280100423_,шт,2026-09-01,5.199915314096572,forecast,False,boosting_squared,3,8,1.3866440837590859
280100424_,шт,2026-09-01,1.5776417198074308,forecast,False,boosting_squared,3,8,0.4207044586153149
280100425_,шт,2026-09-01,3.412667397922996,forecast,False,boosting_squared,5,8,0.9100446394461322
280100426_,шт,2026-09-01,,insufficient_history,False,boosting_squared,1,8,
280100427_,,2026-09-01,,insufficient_history,False,boosting_squared,0,8,
280100428_,шт,2026-09-01,,insufficient_history,False,boosting_squared,0,8,
280100429_,шт,2026-09-01,,insufficient_history,False,boosting_squared,1,8,
280100430_,шт,2026-09-01,,insufficient_history,False,boosting_squared,1,8,
280100431_,шт,2026-09-01,4.4877013502866,forecast,False,boosting_squared,4,8,1.1967203600764267
280100432_,шт,2026-09-01,,insufficient_history,False,boosting_squared,0,8,
280100433_,шт,2026-09-01,2.5963673297319763,forecast,False,boosting_squared,5,8,0.6923646212618604
280100434_,шт,2026-09-01,,insufficient_history,False,boosting_squared,1,8,
280100435_,шт,2026-09-01,,insufficient_history,False,boosting_squared,1,8,
280100436_,,2026-09-01,,insufficient_history,False,boosting_squared,0,8,
280100437_,шт,2026-09-01,,insufficient_history,False,boosting_squared,2,8,
280100438_,шт,2026-09-01,3.4934862123100427,forecast,False,boosting_squared,4,8,0.931596323282678
280100439_,шт,2026-09-01,3.740257748342411,forecast,False,boosting_squared,3,8,0.9974020662246429
280100440_,шт,2026-09-01,,insufficient_history,False,boosting_squared,2,8,
280100441_,шт,2026-09-01,,insufficient_history,False,boosting_squared,2,8,
280100442_,шт,2026-09-01,4.081112173737036,forecast,False,boosting_squared,3,8,1.0882965796632098
280100443_,шт,2026-09-01,,insufficient_history,False,boosting_squared,0,8,
280100444_,шт,2026-09-01,4.821866063177089,forecast,False,boosting_squared,5,8,1.2858309501805572
280100445_,шт,2026-09-01,3.740257748342411,forecast,False,boosting_squared,3,8,0.9974020662246429
280100446_,шт,2026-09-01,,insufficient_history,False,boosting_squared,2,8,
280100447_,шт,2026-09-01,2.481679640929811,forecast,False,boosting_squared,4,8,0.6617812375812829
280100448_,шт,2026-09-01,,insufficient_history,False,boosting_squared,1,8,
280100449_,шт,2026-09-01,,insufficient_history,False,boosting_squared,0,8,
280100450_,шт,2026-09-01,,insufficient_history,False,boosting_squared,2,8,
280100451_,шт,2026-09-01,,insufficient_history,False,boosting_squared,1,8,
280100452_,шт,2026-09-01,,insufficient_history,False,boosting_squared,0,8,
280100453_,шт,2026-09-01,,insufficient_history,False,boosting_squared,0,8,
280100454_,шт,2026-09-01,,insufficient_history,False,boosting_squared,1,8,
280100455_,шт,2026-09-01,,insufficient_history,False,boosting_squared,1,8,
280100456_,шт,2026-09-01,,insufficient_history,False,boosting_squared,0,8,
280100457_,шт,2026-09-01,,insufficient_history,False,boosting_squared,0,8,
280100458_,шт,2026-09-01,,insufficient_history,False,boosting_squared,0,8,
280100459_,шт,2026-09-01,2.347825245694897,forecast,False,boosting_squared,4,8,0.6260867321853059
280100460_,шт,2026-09-01,,insufficient_history,False,boosting_squared,0,8,
280100461_,шт,2026-09-01,,insufficient_history,False,boosting_squared,1,8,
280200031_,шт,2026-09-01,11.00920797989359,forecast,False,boosting_squared,25,8,2.935788794638291
280200032_,шт,2026-09-01,37.545494375241596,forecast,False,boosting_squared,31,8,10.012131833397758
280200033_,шт,2026-09-01,28.341785273490963,forecast,False,boosting_squared,30,8,7.557809406264257
280200034_,шт,2026-09-01,46.68958684082571,forecast,False,boosting_squared,24,8,12.450556490886857
280200035_,шт,2026-09-01,21.181411424210868,forecast,False,boosting_squared,23,8,5.648376379789565
280200036_,шт,2026-09-01,75.21569295810131,forecast,False,boosting_squared,30,8,20.05751812216035
280200037_,шт,2026-09-01,24.54808748206778,forecast,False,boosting_squared,30,8,6.546156661884741
280200038_,шт,2026-09-01,33.0916850389325,forecast,False,boosting_squared,25,8,8.824449343715335
280200039_,шт,2026-09-01,16.14565781606203,forecast,False,boosting_squared,24,8,4.305508750949874
280200040_,шт,2026-09-01,10.760373709236251,forecast,False,boosting_squared,20,8,2.8694329891296673
280200041_,шт,2026-09-01,142.01459182775528,forecast,False,boosting_squared,32,8,37.87055782073474
280200042_,шт,2026-09-01,76.33956110013699,forecast,False,boosting_squared,32,8,20.357216293369863
280200043_,шт,2026-09-01,27.01620694373589,forecast,False,boosting_squared,31,8,7.204321851662905
280200044_,шт,2026-09-01,27.290510651842197,forecast,False,boosting_squared,29,8,7.277469507157919
280200045_,шт,2026-09-01,20.44994887501178,forecast,False,boosting_squared,24,8,5.453319700003141
280200046_,шт,2026-09-01,9.404470647379412,forecast,False,boosting_squared,20,8,2.5078588393011767
280200047_,шт,2026-09-01,9.703052040426433,forecast,False,boosting_squared,20,8,2.5874805441137156
280200048_,шт,2026-09-01,34.35877621916032,forecast,False,boosting_squared,23,8,9.162340325109419
280200049_,шт,2026-09-01,72.1387139444068,forecast,False,boosting_squared,32,8,19.236990385175147
280200050_,шт,2026-09-01,9.783052690226322,forecast,False,boosting_squared,24,8,2.608814050727019
280200051_,шт,2026-09-01,30.161392378251954,forecast,False,boosting_squared,28,8,8.043037967533854
280200052_,шт,2026-09-01,22.24289954277729,forecast,False,boosting_squared,30,8,5.931439878073944
280200053_,шт,2026-09-01,28.37926548024048,forecast,False,boosting_squared,27,8,7.567804128064128
280200054_,шт,2026-09-01,105.10443283632858,forecast,False,boosting_squared,27,8,28.027848756354288
280200055_,шт,2026-09-01,6.743064629015994,forecast,False,boosting_squared,22,8,1.7981505677375984
280200056_,шт,2026-09-01,68.085334793426,forecast,False,boosting_squared,31,8,18.156089278246935
280200057_,шт,2026-09-01,107.95086614804595,forecast,False,boosting_squared,30,8,28.78689763947892
280200058_,шт,2026-09-01,13.266428023334297,forecast,False,boosting_squared,18,8,3.5377141395558125
280200059_,шт,2026-09-01,45.990620859503814,forecast,False,boosting_squared,28,8,12.26416556253435
280200060_,,2026-09-01,,insufficient_history,False,boosting_squared,0,8,
280200061_,шт,2026-09-01,35.976431872756116,forecast,False,boosting_squared,17,8,9.593715166068298
280200062_,шт,2026-09-01,18.06416080282165,forecast,False,boosting_squared,15,8,4.817109547419107
280200063_,шт,2026-09-01,13.197044427596595,forecast,False,boosting_squared,15,8,3.519211847359092
280200064_,шт,2026-09-01,136.54008778096832,forecast,False,boosting_squared,26,8,36.41069007492489
280200065_,шт,2026-09-01,52.802979791319224,forecast,False,boosting_squared,25,8,14.08079461101846
280200066_,,2026-09-01,,insufficient_history,False,boosting_squared,0,8,
280200067_,шт,2026-09-01,12.909649569896409,forecast,False,boosting_squared,29,8,3.4425732186390423
280200068_,,2026-09-01,,insufficient_history,False,boosting_squared,0,8,
280200069_,шт,2026-09-01,17.924507077112104,forecast,False,boosting_squared,19,8,4.779868553896561
280200070_,шт,2026-09-01,3.780081440844349,forecast,False,boosting_squared,14,8,1.0080217175584931
280200071_,шт,2026-09-01,13.708094357371843,forecast,False,boosting_squared,14,8,3.6554918286324916
280200072_,шт,2026-09-01,35.746845249295404,forecast,False,boosting_squared,28,8,9.532492066478774
280200073_,шт,2026-09-01,24.229308463376384,forecast,False,boosting_squared,31,8,6.461148923567036
280200080_,шт,2026-09-01,57.421056809301646,forecast,False,boosting_squared,30,8,15.312281815813773
280200081_,шт,2026-09-01,70.43111402194599,forecast,False,boosting_squared,31,8,18.781630405852262
280200082_,шт,2026-09-01,8.803476002205267,forecast,False,boosting_squared,21,8,2.347593600588071
280200083_,шт,2026-09-01,73.12756064912058,forecast,False,boosting_squared,30,8,19.50068283976549
280200084_,шт,2026-09-01,43.107205021180434,forecast,False,boosting_squared,30,8,11.495254672314783
280200085_,шт,2026-09-01,13.747897529410722,forecast,False,boosting_squared,30,8,3.666106007842859
280200086_,шт,2026-09-01,100.55286769072372,forecast,False,boosting_squared,32,8,26.81409805085966
280200087_,шт,2026-09-01,65.83539379211989,forecast,False,boosting_squared,30,8,17.55610501123197
280200088_,шт,2026-09-01,8.293352796328895,forecast,False,boosting_squared,19,8,2.2115607456877053
280200108_,шт,2026-09-01,76.14595861707205,forecast,False,boosting_squared,30,8,20.30558896455255
280200109_,шт,2026-09-01,13.967973197914842,forecast,False,boosting_squared,16,8,3.7247928527772913
280200166_,шт,2026-09-01,13.333050408512495,forecast,False,boosting_squared,31,8,3.555480108936665
280200167_,шт,2026-09-01,24.25819242571745,forecast,False,boosting_squared,32,8,6.468851313524653
280200168_,,2026-09-01,,insufficient_history,False,boosting_squared,0,8,
280200252_,шт,2026-09-01,1330.297014724006,forecast,False,boosting_squared,32,8,354.7458705930683
280200257_,шт,2026-09-01,,insufficient_history,False,boosting_squared,0,8,
280300001_,,2026-09-01,,insufficient_history,False,boosting_squared,0,8,
280300002_,,2026-09-01,,insufficient_history,False,boosting_squared,0,8,
280300003_,шт,2026-09-01,36.069340610315535,forecast,False,boosting_squared,30,8,9.618490829417476
280300004_,шт,2026-09-01,33.94518462492473,forecast,False,boosting_squared,27,8,9.05204923331326
280300005_,м,2026-09-01,213.61627042571487,forecast,False,boosting_squared,32,8,56.96433878019063
280300007_,м,2026-09-01,103.14311399175538,forecast,False,boosting_squared,32,8,27.504830397801435
280300009_,м,2026-09-01,16.494795061320744,forecast,False,boosting_squared,22,8,4.398612016352199
280300011_,м,2026-09-01,82.8490063334723,forecast,False,boosting_squared,32,8,22.093068355592614
280300012_,м,2026-09-01,333.30973783191234,forecast,False,boosting_squared,30,8,88.88259675517662
280300013_,м,2026-09-01,261.25988102233947,forecast,False,boosting_squared,32,8,69.66930160595719
280300017_,шт,2026-09-01,66.69333278640222,forecast,False,boosting_squared,24,8,17.784888743040593
280300018_,,2026-09-01,,insufficient_history,False,boosting_squared,0,8,
280300020_,шт,2026-09-01,4.034743437642917,forecast,False,boosting_squared,21,8,1.0759315833714447
280300021_,шт,2026-09-01,7.629099304676451,forecast,False,boosting_squared,26,8,2.0344264812470536
280300022_,шт,2026-09-01,4.808698330032035,forecast,False,boosting_squared,26,8,1.2823195546752093
280300023_,,2026-09-01,,insufficient_history,False,boosting_squared,0,8,
280300024_,шт,2026-09-01,,insufficient_history,False,boosting_squared,2,8,
280300028_,м,2026-09-01,11.960094497580075,forecast,False,boosting_squared,14,8,3.18935853268802
280300030_,м,2026-09-01,78.48797160969622,forecast,False,boosting_squared,30,8,20.930125762585657
280300031_,м,2026-09-01,22.253117141733867,forecast,False,boosting_squared,25,8,5.934164571129031
280300032_,,2026-09-01,,insufficient_history,False,boosting_squared,0,8,
280300034_,м,2026-09-01,84.23817002097555,forecast,False,boosting_squared,30,8,22.46351200559348
280300035_,м,2026-09-01,37.340771455425575,forecast,False,boosting_squared,25,8,9.957539054780153
280300036_,м,2026-09-01,19.858599328182322,forecast,False,boosting_squared,22,8,5.295626487515286
280300037_,м,2026-09-01,36.866093683000486,forecast,False,boosting_squared,30,8,9.830958315466797
280300038_,м,2026-09-01,4.37427846163826,forecast,False,boosting_squared,12,8,1.1664742564368695
280300039_,шт,2026-09-01,,insufficient_history,False,boosting_squared,1,8,
280300040_,шт,2026-09-01,3.763073697055668,forecast,False,boosting_squared,14,8,1.0034863192148449
280300045_,,2026-09-01,,insufficient_history,False,boosting_squared,0,8,
280300048_,шт,2026-09-01,22.969719496237154,forecast,False,boosting_squared,23,8,6.125258532329908
280300049_,шт,2026-09-01,,insufficient_history,False,boosting_squared,2,8,
280300054_,шт,2026-09-01,3.1476446181903635,forecast,False,boosting_squared,3,8,0.839371898184097
280300055_,шт,2026-09-01,,insufficient_history,False,boosting_squared,1,8,
280300056_,шт,2026-09-01,3.8218425295305245,forecast,False,boosting_squared,19,8,1.0191580078748066
280300057_,шт,2026-09-01,2.1384968785526084,forecast,False,boosting_squared,20,8,0.5702658342806955
280300058_,шт,2026-09-01,,insufficient_history,False,boosting_squared,1,8,
280300063_,,2026-09-01,,insufficient_history,False,boosting_squared,0,8,
280300064_,,2026-09-01,,insufficient_history,False,boosting_squared,0,8,
280300065_,,2026-09-01,,insufficient_history,False,boosting_squared,0,8,
280300066_,,2026-09-01,,insufficient_history,False,boosting_squared,0,8,
280300068_,,2026-09-01,,insufficient_history,False,boosting_squared,0,8,
280300069_,,2026-09-01,,insufficient_history,False,boosting_squared,0,8,
280300070_,,2026-09-01,,insufficient_history,False,boosting_squared,0,8,
280300071_,шт,2026-09-01,3.415914565250055,forecast,False,boosting_squared,27,8,0.910910550733348
280300072_,шт,2026-09-01,9.410091584210054,forecast,False,boosting_squared,31,8,2.5093577557893476
280300073_,шт,2026-09-01,8.075571644639314,forecast,False,boosting_squared,31,8,2.153485771903817
280300074_,шт,2026-09-01,,insufficient_history,False,boosting_squared,1,8,
280300078_,шт,2026-09-01,7.805228816257696,forecast,False,boosting_squared,4,8,2.0813943510020523
280300080_,шт,2026-09-01,,insufficient_history,False,boosting_squared,2,8,
280300081_,шт,2026-09-01,,insufficient_history,False,boosting_squared,1,8,
280300082_,шт,2026-09-01,13.67219155564387,forecast,False,boosting_squared,18,8,3.6459177481716987
280300083_,м,2026-09-01,37.321629156810566,forecast,False,boosting_squared,28,8,9.95243444181615
280300084_,м,2026-09-01,148.69512999208717,forecast,False,boosting_squared,27,8,39.65203466455658
280300085_,м,2026-09-01,135.8756968996286,forecast,False,boosting_squared,31,8,36.23351917323429
280300086_,м,2026-09-01,194.75155916046612,forecast,False,boosting_squared,32,8,51.93374910945763
280300088_,м,2026-09-01,49.36794743780085,forecast,False,boosting_squared,25,8,13.16478598341356
280300092_,шт,2026-09-01,21.484162710878234,forecast,False,boosting_squared,27,8,5.7291100562341954
280300103_,м,2026-09-01,183.272276251234,forecast,False,boosting_squared,32,8,48.87260700032906
280300104_,шт,2026-09-01,41.1162818527347,forecast,False,boosting_squared,10,8,10.96434182739592
280300107_,,2026-09-01,,insufficient_history,False,boosting_squared,0,8,
280300111_,,2026-09-01,,insufficient_history,False,boosting_squared,0,8,
280300122_,шт,2026-09-01,11.587386224500158,forecast,False,boosting_squared,17,8,3.089969659866709
280300128_,м,2026-09-01,43.002788931231066,forecast,False,boosting_squared,26,8,11.467410381661617
280300131_,шт,2026-09-01,,insufficient_history,False,boosting_squared,0,8,
280300139_,,2026-09-01,,insufficient_history,False,boosting_squared,0,8,
280300145_,шт,2026-09-01,16.62914543506893,forecast,False,boosting_squared,26,8,4.434438782685048
280300146_,шт,2026-09-01,48.09101385465575,forecast,False,boosting_squared,29,8,12.824270361241533
280300147_,шт,2026-09-01,4.883101974392125,forecast,False,boosting_squared,14,8,1.3021605265045666
280300175_,,2026-09-01,,insufficient_history,False,boosting_squared,0,8,
280300176_,,2026-09-01,,insufficient_history,False,boosting_squared,0,8,
280300179_,шт,2026-09-01,47.062338719696086,forecast,False,boosting_squared,24,8,12.549956991918956
280300180_,шт,2026-09-01,12.74960081681381,forecast,False,boosting_squared,23,8,3.3998935511503494
280300181_,шт,2026-09-01,27.1970459325406,forecast,False,boosting_squared,30,8,7.252545582010827
280300182_,шт,2026-09-01,17.6530537582927,forecast,False,boosting_squared,29,8,4.707481002211386
280300229_,шт,2026-09-01,13.445225591330415,forecast,False,boosting_squared,29,8,3.585393491021444
280300231_,шт,2026-09-01,2.3194632587887596,forecast,False,boosting_squared,18,8,0.6185235356770026
280300232_,шт,2026-09-01,6.814755011364709,forecast,False,boosting_squared,22,8,1.817268003030589
280300235_,шт,2026-09-01,8.760753720521596,forecast,False,boosting_squared,18,8,2.336200992139092
280300236_,шт,2026-09-01,5.674557258446198,forecast,False,boosting_squared,19,8,1.5132152689189862
280300237_,шт,2026-09-01,9.525658071533279,forecast,False,boosting_squared,20,8,2.540175485742208
280300250_,шт,2026-09-01,8.599779477329779,forecast,False,boosting_squared,6,8,2.293274527287941
280300260_,шт,2026-09-01,,insufficient_history,False,boosting_squared,1,8,
280300269_,,2026-09-01,,insufficient_history,False,boosting_squared,0,8,
280300273_,шт,2026-09-01,,insufficient_history,False,boosting_squared,1,8,
280300274_,шт,2026-09-01,,insufficient_history,False,boosting_squared,0,8,
280300279_,,2026-09-01,,insufficient_history,False,boosting_squared,0,8,
280300280_,,2026-09-01,,insufficient_history,False,boosting_squared,0,8,
280300289_,м,2026-09-01,36.16492188434257,forecast,False,boosting_squared,29,8,9.643979169158019
280300295_,шт,2026-09-01,154.29231717445248,forecast,False,boosting_squared,32,8,41.144617913187325
280300354_,шт,2026-09-01,,insufficient_history,False,boosting_squared,1,8,
280300356_,шт,2026-09-01,,insufficient_history,False,boosting_squared,1,8,
280300395_,,2026-09-01,,insufficient_history,False,boosting_squared,0,8,
280300396_,шт,2026-09-01,232.55080531455388,forecast,False,boosting_squared,27,8,62.013548083881034
280300397_,шт,2026-09-01,7.935721345291517,forecast,False,boosting_squared,17,8,2.1161923587444047
280300398_,,2026-09-01,,insufficient_history,False,boosting_squared,0,8,
280300399_,шт,2026-09-01,8.137222825817508,forecast,False,boosting_squared,14,8,2.169926086884669
280300400_,шт,2026-09-01,4.759232899976131,forecast,False,boosting_squared,17,8,1.2691287733269683
280300401_,шт,2026-09-01,107.79869696623228,forecast,False,boosting_squared,32,8,28.746319190995276
280300402_,шт,2026-09-01,32.26819971433708,forecast,False,boosting_squared,29,8,8.604853257156554
280300403_,шт,2026-09-01,88.19302475031644,forecast,False,boosting_squared,31,8,23.518139933417718
280300404_,шт,2026-09-01,407.13850494807446,forecast,False,boosting_squared,32,8,108.57026798615318
280300487_,,2026-09-01,,insufficient_history,False,boosting_squared,0,8,
280300588_,,2026-09-01,,insufficient_history,False,boosting_squared,0,8,
280300589_,шт,2026-09-01,19.217843918020673,forecast,False,boosting_squared,7,8,5.124758378138846
280300590_,шт,2026-09-01,5.50245237763573,forecast,False,boosting_squared,10,8,1.4673206340361946
280300591_,шт,2026-09-01,8.466313350166127,forecast,False,boosting_squared,11,8,2.2576835600443004
280300592_,шт,2026-09-01,11.18097494336853,forecast,False,boosting_squared,10,8,2.9815933182316083
280300626_,шт,2026-09-01,,insufficient_history,False,boosting_squared,0,8,
280300644_,шт,2026-09-01,5.952028346374217,forecast,False,boosting_squared,24,8,1.5872075590331245
280300645_,шт,2026-09-01,58.9314327272648,forecast,False,boosting_squared,32,8,15.715048727270613
280300673_,шт,2026-09-01,,insufficient_history,False,boosting_squared,0,8,
280300678_,м,2026-09-01,,insufficient_history,False,boosting_squared,1,8,
280300685_,шт,2026-09-01,3.9552636436673985,forecast,False,boosting_squared,9,8,1.0547369716446395
280300696_,,2026-09-01,,insufficient_history,False,boosting_squared,0,8,
280300733_,шт,2026-09-01,,insufficient_history,False,boosting_squared,0,8,
280300734_,шт,2026-09-01,,insufficient_history,False,boosting_squared,2,8,
280300735_,шт,2026-09-01,,insufficient_history,False,boosting_squared,0,8,
280300736_,шт,2026-09-01,,insufficient_history,False,boosting_squared,1,8,
280300737_,шт,2026-09-01,,insufficient_history,False,boosting_squared,1,8,
280300738_,шт,2026-09-01,87.18199993087757,forecast,False,boosting_squared,8,8,23.248533314900683
280300739_,шт,2026-09-01,40.43157513263179,forecast,False,boosting_squared,7,8,10.78175336870181
280300740_,шт,2026-09-01,29.752650209918006,forecast,False,boosting_squared,4,8,7.9340400559781346
280300741_,шт,2026-09-01,20.030441117040365,forecast,False,boosting_squared,10,8,5.341450964544097
280300742_,шт,2026-09-01,39.65118972774961,forecast,False,boosting_squared,5,8,10.573650594066562
280300743_,шт,2026-09-01,,insufficient_history,False,boosting_squared,2,8,
280300744_,шт,2026-09-01,11.935501740023858,forecast,False,boosting_squared,6,8,3.182800464006362
280300745_,шт,2026-09-01,6.96829959883238,forecast,False,boosting_squared,5,8,1.8582132263553013
280300746_,шт,2026-09-01,,insufficient_history,False,boosting_squared,0,8,
280300747_,шт,2026-09-01,,insufficient_history,False,boosting_squared,2,8,
280300748_,шт,2026-09-01,17.51039552189282,forecast,False,boosting_squared,3,8,4.669438805838086
280300950_,,2026-09-01,,insufficient_history,False,boosting_squared,0,8,
280300951_,,2026-09-01,,insufficient_history,False,boosting_squared,0,8,
280301023_,шт,2026-09-01,1.551382571059731,forecast,False,boosting_squared,3,8,0.4137020189492616
280301024_,шт,2026-09-01,,insufficient_history,False,boosting_squared,2,8,
290100002_,шт,2026-09-01,18.227233406782492,forecast,False,boosting_squared,7,8,4.860595575141998
290100003_,шт,2026-09-01,3.192209694233531,forecast,False,boosting_squared,5,8,0.851255918462275
290100004_,шт,2026-09-01,6.025192857007338,forecast,False,boosting_squared,26,8,1.6067180952019566
290100005_,шт,2026-09-01,6.938671207765885,forecast,False,boosting_squared,14,8,1.8503123220709026
290100009_,шт,2026-09-01,27.439911161297555,forecast,False,boosting_squared,7,8,7.317309643012681
290100010_,шт,2026-09-01,7.839527025505579,forecast,False,boosting_squared,6,8,2.090540540134821
290100011_,шт,2026-09-01,9.66660081246816,forecast,False,boosting_squared,10,8,2.577760216658176
290100012_,,2026-09-01,,insufficient_history,False,boosting_squared,0,8,
290100013_,шт,2026-09-01,5.316059176136494,forecast,False,boosting_squared,9,8,1.4176157803030651
290100014_,шт,2026-09-01,6.6895453161157015,forecast,False,boosting_squared,4,8,1.7838787509641871
290100015_,шт,2026-09-01,,insufficient_history,False,boosting_squared,2,8,
290100016_,шт,2026-09-01,8.138961005192064,forecast,False,boosting_squared,5,8,2.1703896013845503
290100017_,шт,2026-09-01,6.984542377869029,forecast,False,boosting_squared,6,8,1.8625446340984078
290100018_,,2026-09-01,,insufficient_history,False,boosting_squared,0,8,
290100019_,,2026-09-01,,insufficient_history,False,boosting_squared,0,8,
290100020_,,2026-09-01,,insufficient_history,False,boosting_squared,0,8,
290100022_,,2026-09-01,,insufficient_history,False,boosting_squared,0,8,
290100029_,шт,2026-09-01,2.582144946848386,forecast,False,boosting_squared,19,8,0.6885719858262362
290100031_,шт,2026-09-01,7.257031006537151,forecast,False,boosting_squared,12,8,1.9352082684099068
290100032_,шт,2026-09-01,2.699420013032555,forecast,False,boosting_squared,17,8,0.7198453368086813
290100033_,шт,2026-09-01,5.161659231336927,forecast,False,boosting_squared,21,8,1.3764424616898472
290100034_,шт,2026-09-01,6.036595137147191,forecast,False,boosting_squared,13,8,1.6097587032392509
290100035_,шт,2026-09-01,,insufficient_history,False,boosting_squared,2,8,
290100036_,шт,2026-09-01,3.2480286870660966,forecast,False,boosting_squared,3,8,0.8661409832176258
290100041_,,2026-09-01,,insufficient_history,False,boosting_squared,0,8,
290100101_,шт,2026-09-01,16.682177189876285,forecast,False,boosting_squared,28,8,4.44858058396701
290100107_,,2026-09-01,,insufficient_history,False,boosting_squared,0,8,
290100110_,шт,2026-09-01,1.716057567662411,forecast,False,boosting_squared,7,8,0.45761535137664294
290100122_,шт,2026-09-01,,insufficient_history,False,boosting_squared,0,8,
290100132_,шт,2026-09-01,5.39637386091313,forecast,False,boosting_squared,26,8,1.4390330295768345
290100133_,шт,2026-09-01,2.9587745085343764,forecast,False,boosting_squared,24,8,0.789006535609167
290100134_,шт,2026-09-01,3.4672820406509377,forecast,False,boosting_squared,25,8,0.9246085441735834
290100135_,шт,2026-09-01,4.136643555344524,forecast,False,boosting_squared,23,8,1.103104948091873
290100136_,шт,2026-09-01,3.625521731698717,forecast,False,boosting_squared,15,8,0.9668057951196579
290100137_,шт,2026-09-01,2.0658704634666796,forecast,False,boosting_squared,10,8,0.5508987902577812
290100138_,шт,2026-09-01,3.400055523453711,forecast,False,boosting_squared,21,8,0.9066814729209897
290100139_,шт,2026-09-01,2.1344012734757247,forecast,False,boosting_squared,16,8,0.5691736729268599
290100140_,шт,2026-09-01,2.8072473914254505,forecast,False,boosting_squared,18,8,0.7485993043801201
290100141_,шт,2026-09-01,4.997120656178561,forecast,False,boosting_squared,11,8,1.3325655083142829
290100142_,шт,2026-09-01,5.789885051236543,forecast,False,boosting_squared,20,8,1.5439693469964115
290100143_,шт,2026-09-01,3.1649255805844274,forecast,False,boosting_squared,21,8,0.843980154822514
290100144_,шт,2026-09-01,1.7807732743782936,forecast,False,boosting_squared,11,8,0.47487287316754495
290100145_,шт,2026-09-01,1.623125344782184,forecast,False,boosting_squared,8,8,0.4328334252752491
290100146_,шт,2026-09-01,5.394937255200881,forecast,False,boosting_squared,8,8,1.438649934720235
290100147_,шт,2026-09-01,4.910464593362752,forecast,False,boosting_squared,10,8,1.3094572248967338
290100148_,шт,2026-09-01,2.413943534220722,forecast,False,boosting_squared,4,8,0.6437182757921925
290200005_,шт,2026-09-01,1.6758123206793214,forecast,False,boosting_squared,20,8,0.4468832855144857
290200006_,шт,2026-09-01,5.309410288886548,forecast,False,boosting_squared,31,8,1.4158427437030796
290200008_,шт,2026-09-01,3.377448030039387,forecast,False,boosting_squared,26,8,0.9006528080105033
290200009_,шт,2026-09-01,2.0902487284370337,forecast,False,boosting_squared,9,8,0.5573996609165424
290200030_,шт,2026-09-01,,insufficient_history,False,boosting_squared,0,8,
290200068_,шт,2026-09-01,,insufficient_history,False,boosting_squared,1,8,
290200126_,шт,2026-09-01,1.7566668636779756,forecast,False,boosting_squared,9,8,0.4684444969807935
290200127_,шт,2026-09-01,3.087880065862091,forecast,False,boosting_squared,8,8,0.823434684229891
290200128_,шт,2026-09-01,,insufficient_history,False,boosting_squared,2,8,
290200129_,шт,2026-09-01,,insufficient_history,False,boosting_squared,1,8,
290200130_,шт,2026-09-01,2.922531549888258,forecast,False,boosting_squared,5,8,0.7793417466368687
290200131_,шт,2026-09-01,3.0908096091783106,forecast,False,boosting_squared,10,8,0.8242158957808828
311101034_,,2026-09-01,,insufficient_history,False,boosting_squared,0,8,
311101217_,упак,2026-09-01,,insufficient_history,False,boosting_squared,1,8,
311101218_,упак,2026-09-01,0.77400848363015,forecast,False,boosting_squared,4,8,0.20640226230137332
311101219_,упак,2026-09-01,,insufficient_history,False,boosting_squared,1,8,
311101220_,,2026-09-01,,insufficient_history,False,boosting_squared,0,8,
311101221_,упак,2026-09-01,3.008054169761776,forecast,False,boosting_squared,7,8,0.8021477786031403
311101222_,упак,2026-09-01,2.3689892236178838,forecast,False,boosting_squared,9,8,0.6317304596314357
311101224_,упак,2026-09-01,,insufficient_history,False,boosting_squared,2,8,
311101225_,упак,2026-09-01,2.5400659535963164,forecast,False,boosting_squared,8,8,0.6773509209590177
311101227_,упак,2026-09-01,,insufficient_history,False,boosting_squared,0,8,
311101228_,упак,2026-09-01,,insufficient_history,False,boosting_squared,0,8,
311101232_,упак,2026-09-01,1.5090432525798372,forecast,False,boosting_squared,7,8,0.40241153402128993
311101233_,,2026-09-01,,insufficient_history,False,boosting_squared,0,8,
311101234_,,2026-09-01,,insufficient_history,False,boosting_squared,0,8,
311101235_,упак,2026-09-01,2.5400659535963164,forecast,False,boosting_squared,8,8,0.6773509209590177
311101236_,упак,2026-09-01,1.5090432525798372,forecast,False,boosting_squared,7,8,0.40241153402128993
311101237_,упак,2026-09-01,6.79482953949666,forecast,False,boosting_squared,8,8,1.811954543865776
311101238_,упак,2026-09-01,3.402659812289432,forecast,False,boosting_squared,8,8,0.9073759499438485
5250600034_,шт,2026-09-01,,insufficient_history,False,boosting_squared,0,8,
A650-33E055TM,шт,2026-09-01,,insufficient_history,False,boosting_squared,1,8,
AR-KMR10-040-20-230,шт,2026-09-01,,insufficient_history,False,boosting_squared,1,8,
AR-KMR10-040-40-230,шт,2026-09-01,3.547319616719959,forecast,False,boosting_squared,3,8,0.9459518977919891
AR-KMR10-063-22-230,шт,2026-09-01,,insufficient_history,False,boosting_squared,1,8,
AR-KMR10-063-40-230,шт,2026-09-01,,insufficient_history,False,boosting_squared,1,8,
AR-M06N-4-C025,шт,2026-09-01,,insufficient_history,False,boosting_squared,1,8,
AR-M06N-4-C032,шт,2026-09-01,,insufficient_history,False,boosting_squared,1,8,
BBD10-APBB-K51_,шт,2026-09-01,,insufficient_history,False,boosting_squared,0,8,
BR-AK20-1-K35,шт,2026-09-01,,insufficient_history,False,boosting_squared,1,8,
BR-AK20-1-K35_,шт,2026-09-01,,insufficient_history,False,boosting_squared,0,8,
BR-AK20-1-K53,шт,2026-09-01,,insufficient_history,False,boosting_squared,0,8,
BR-D20-0600-K37,шт,2026-09-01,,insufficient_history,False,boosting_squared,1,8,
BR-H10-K37,шт,2026-09-01,,insufficient_history,False,boosting_squared,1,8,
BR-H10-K46,шт,2026-09-01,,insufficient_history,False,boosting_squared,0,8,
BR-K20-1-K35,шт,2026-09-01,2.8434697489762355,forecast,False,boosting_squared,3,8,0.7582585997269962
BR-K20-1-K36,шт,2026-09-01,,insufficient_history,False,boosting_squared,0,8,
BR-K20-1-K45,шт,2026-09-01,4.027208017832399,forecast,False,boosting_squared,3,8,1.0739221380886397
BR-KT20-O-1-K10,шт,2026-09-01,,insufficient_history,False,boosting_squared,1,8,
BR-KT20-O-1-K45,шт,2026-09-01,,insufficient_history,False,boosting_squared,0,8,
BR-M12-G-31-K96,шт,2026-09-01,,insufficient_history,False,boosting_squared,1,8,
BR-M12-G-41-K06,шт,2026-09-01,,insufficient_history,False,boosting_squared,1,8,
BR-M22-G-31-K96,шт,2026-09-01,,insufficient_history,False,boosting_squared,1,8,
BR-MS10-N-150-05-K37,,2026-09-01,,insufficient_history,False,boosting_squared,0,8,
BR-R16-16-44-K02_,шт,2026-09-01,,insufficient_history,False,boosting_squared,2,8,
BR-R16-16-44-K37,шт,2026-09-01,6.151035985715957,forecast,False,boosting_squared,5,8,1.6402762628575887
BR-R16-16-44-K45,,2026-09-01,,insufficient_history,False,boosting_squared,0,8,
BR-R16-16-44-K46,шт,2026-09-01,,insufficient_history,False,boosting_squared,2,8,
BR-R16-16-K10,,2026-09-01,,insufficient_history,False,boosting_squared,0,8,
BR-R16-16-K37,,2026-09-01,,insufficient_history,False,boosting_squared,0,8,
BR-R26-16-44-K02-F,шт,2026-09-01,,insufficient_history,False,boosting_squared,0,8,
BR-R26-16-44-K37-F,шт,2026-09-01,,insufficient_history,False,boosting_squared,0,8,
BR-R26-16-44-K45-F,,2026-09-01,,insufficient_history,False,boosting_squared,0,8,
BR-R26-16-44-K46-F,,2026-09-01,,insufficient_history,False,boosting_squared,0,8,
BR-RT11-K10,шт,2026-09-01,3.3174732565951697,forecast,False,boosting_squared,4,8,0.8846595350920452
BR-U21-D31-K35,шт,2026-09-01,,insufficient_history,False,boosting_squared,2,8,
BR-U21-D31-K37,шт,2026-09-01,1.8653332145793566,forecast,False,boosting_squared,3,8,0.4974221905544951
BR-U21-D31-K46,шт,2026-09-01,,insufficient_history,False,boosting_squared,0,8,
BR-VK10-0-K10,,2026-09-01,,insufficient_history,False,boosting_squared,0,8,
BR-VK10-0-K36,,2026-09-01,,insufficient_history,False,boosting_squared,0,8,
BR-VK10-0-K37,,2026-09-01,,insufficient_history,False,boosting_squared,0,8,
BR-VK10-0-K45,,2026-09-01,,insufficient_history,False,boosting_squared,0,8,
CKK10-025-016-1-K01-,м,2026-09-01,,insufficient_history,False,boosting_squared,0,8,
CKK10-025-016-1-K24_,,2026-09-01,,insufficient_history,False,boosting_squared,0,8,
CKK10-025-016-1-K28_,м,2026-09-01,,insufficient_history,False,boosting_squared,1,8,
CKK10-025-016-1-K34_,м,2026-09-01,,insufficient_history,False,boosting_squared,2,8,
CKK10-025-025-1-K01-,м,2026-09-01,,insufficient_history,False,boosting_squared,1,8,
CKK10-040-025-1-K01-,м,2026-09-01,,insufficient_history,False,boosting_squared,0,8,
CKK10-040-025-1-K24_,м,2026-09-01,,insufficient_history,False,boosting_squared,0,8,
CKK10-040-025-1-K28_,м,2026-09-01,,insufficient_history,False,boosting_squared,0,8,
CKK10-040-025-1-K34_,м,2026-09-01,,insufficient_history,False,boosting_squared,0,8,
CKK10-060-040-1-K01-,м,2026-09-01,,insufficient_history,False,boosting_squared,1,8,
CKK10-100-060-1-K01,м,2026-09-01,,insufficient_history,False,boosting_squared,0,8,
CLM50D-PPP-030-15,шт,2026-09-01,,insufficient_history,False,boosting_squared,1,8,
CLM50D-PPP-050-15,шт,2026-09-01,,insufficient_history,False,boosting_squared,1,8,
CLM50D-PPP-060-25,шт,2026-09-01,,insufficient_history,False,boosting_squared,1,8,
CLM50D-PPP-300-25,шт,2026-09-01,,insufficient_history,False,boosting_squared,1,8,
CLM50D-RP-080-30,шт,2026-09-01,,insufficient_history,False,boosting_squared,1,8,
CLP10-080-150-3,м,2026-09-01,,insufficient_history,False,boosting_squared,1,8,
CLP1CL-300-1,шт,2026-09-01,,insufficient_history,False,boosting_squared,1,8,
CLP1M-SHU-6,шт,2026-09-01,,insufficient_history,False,boosting_squared,1,8,
CLP1SH-050,шт,2026-09-01,,insufficient_history,False,boosting_squared,0,8,
CLP1V-100-200,шт,2026-09-01,,insufficient_history,False,boosting_squared,1,8,
CLP1Z-050-200,шт,2026-09-01,,insufficient_history,False,boosting_squared,0,8,
CLW10-TM-06-1-R,шт,2026-09-01,,insufficient_history,False,boosting_squared,1,8,
CLW10-TM-08-1-R,шт,2026-09-01,,insufficient_history,False,boosting_squared,1,8,
CLW10-TM-08-2-R,шт,2026-09-01,,insufficient_history,False,boosting_squared,1,8,
CLW10-VR-100,шт,2026-09-01,,insufficient_history,False,boosting_squared,1,8,
CMZ11-VT-06-030,шт,2026-09-01,,insufficient_history,False,boosting_squared,1,8,
CNT-A310D33V93-110TE,шт,2026-09-01,,insufficient_history,False,boosting_squared,0,8,
CO05-07542-R,шт,2026-09-01,,insufficient_history,False,boosting_squared,1,8,
CS3-1C6AF-Q,шт,2026-09-01,,insufficient_history,False,boosting_squared,0,8,
CTA10D-CF16-K41-100,шт,2026-09-01,,insufficient_history,False,boosting_squared,1,8,
CTA10D-CF20-K41-100,шт,2026-09-01,,insufficient_history,False,boosting_squared,1,8,
EL-KK10-025-016-1-K0,м,2026-09-01,,insufficient_history,False,boosting_squared,0,8,
EL-KK10-025-025-1-K0,м,2026-09-01,,insufficient_history,False,boosting_squared,0,8,
EL-KK10-040-025-1-K0,м,2026-09-01,,insufficient_history,False,boosting_squared,1,8,
EL-KK10-060-040-1-K0,м,2026-09-01,,insufficient_history,False,boosting_squared,0,8,
EL-KK10-100-060-1-K0,м,2026-09-01,,insufficient_history,False,boosting_squared,0,8,
EPK10-04-02-K01,шт,2026-09-01,8.729028544990832,forecast,False,boosting_squared,8,8,2.3277409453308886
EPK20-04-02-K01,шт,2026-09-01,,insufficient_history,False,boosting_squared,0,8,
EPP14-04-01-K01,шт,2026-09-01,94.72470424556944,forecast,False,boosting_squared,12,8,25.259921132151852
EPP14-04-01-K02,шт,2026-09-01,35.48842642337976,forecast,False,boosting_squared,11,8,9.463580379567935
ERO14-K01-16-DC,шт,2026-09-01,,insufficient_history,False,boosting_squared,0,8,
FP-K10-2-K03,шт,2026-09-01,,insufficient_history,False,boosting_squared,1,8,
FP-K10-2-K10,шт,2026-09-01,,insufficient_history,False,boosting_squared,0,8,
FP-R14-16-1-K03,шт,2026-09-01,,insufficient_history,False,boosting_squared,1,8,
FP-R14-16-1-K10,шт,2026-09-01,,insufficient_history,False,boosting_squared,0,8,
FP-V10-0-10-1-K03,шт,2026-09-01,,insufficient_history,False,boosting_squared,1,8,
FP-V10-0-10-1-K10,шт,2026-09-01,,insufficient_history,False,boosting_squared,0,8,
FP-V12-0-10-1-K03,шт,2026-09-01,,insufficient_history,False,boosting_squared,1,8,
FP-V12-0-10-1-K10,шт,2026-09-01,,insufficient_history,False,boosting_squared,0,8,
FP-V13-0-10-1-K03,шт,2026-09-01,,insufficient_history,False,boosting_squared,1,8,
FP-V13-0-10-1-K10,шт,2026-09-01,,insufficient_history,False,boosting_squared,0,8,
FP-V20-0-10-1-K03,шт,2026-09-01,,insufficient_history,False,boosting_squared,1,8,
FP-V20-0-10-1-K10,шт,2026-09-01,,insufficient_history,False,boosting_squared,0,8,
IPA10-6-0030-E,шт,2026-09-01,,insufficient_history,False,boosting_squared,1,8,
IPA10-6-0075-E,шт,2026-09-01,,insufficient_history,False,boosting_squared,1,8,
KKM11-012-024-10,шт,2026-09-01,,insufficient_history,False,boosting_squared,0,8,
KKM21-025-110-01,шт,2026-09-01,,insufficient_history,False,boosting_squared,0,8,
LBAL001,шт,2026-09-01,,insufficient_history,False,boosting_squared,2,8,
LDBO0-4013-18-6500-K,шт,2026-09-01,,insufficient_history,False,boosting_squared,0,8,
LLE-A60-12-24-48-40-,шт,2026-09-01,,insufficient_history,False,boosting_squared,1,8,
LLE-T80-12-230-40-GX,шт,2026-09-01,,insufficient_history,False,boosting_squared,1,8,
LLE-T80-12-230-65-GX,шт,2026-09-01,,insufficient_history,False,boosting_squared,1,8,
MAD10-4-016-C-100,шт,2026-09-01,,insufficient_history,False,boosting_squared,0,8,
MDV11-2-025-030,шт,2026-09-01,,insufficient_history,False,boosting_squared,1,8,
MKK11-20-22,,2026-09-01,,insufficient_history,False,boosting_squared,0,8,
MKK11-40-11,,2026-09-01,,insufficient_history,False,boosting_squared,0,8,
MKK11-63-20,,2026-09-01,,insufficient_history,False,boosting_squared,0,8,
MKK12-20-20,шт,2026-09-01,,insufficient_history,False,boosting_squared,2,8,
MKM42-02-31-WW-L,шт,2026-09-01,,insufficient_history,False,boosting_squared,0,8,
MKP73-N-12-66,шт,2026-09-01,,insufficient_history,False,boosting_squared,0,8,
MNV10-1-040,шт,2026-09-01,,insufficient_history,False,boosting_squared,1,8,
MNV10-3-125,шт,2026-09-01,1.4566323948948001,forecast,False,boosting_squared,3,8,0.38843530530528003
MPR10-1-050,шт,2026-09-01,,insufficient_history,False,boosting_squared,1,8,
MPR10-4-050,шт,2026-09-01,,insufficient_history,False,boosting_squared,2,8,
MVA20-1-D05-C,шт,2026-09-01,,insufficient_history,False,boosting_squared,1,8,
MVA20-3-013-C,шт,2026-09-01,,insufficient_history,False,boosting_squared,1,8,
MVA31-1-006-B,шт,2026-09-01,,insufficient_history,False,boosting_squared,0,8,
MVA31-1-006-C,шт,2026-09-01,,insufficient_history,False,boosting_squared,1,8,
MVA31-2-050-C,шт,2026-09-01,,insufficient_history,False,boosting_squared,0,8,
MVA31-3-025-B,шт,2026-09-01,,insufficient_history,False,boosting_squared,2,8,
MVA31-3-025-C,шт,2026-09-01,,insufficient_history,False,boosting_squared,0,8,
MVA31-3-063-B,шт,2026-09-01,,insufficient_history,False,boosting_squared,2,8,
MVA50-3-100-D,шт,2026-09-01,,insufficient_history,False,boosting_squared,0,8,
OPS-DC24-060B,шт,2026-09-01,,insufficient_history,False,boosting_squared,2,8,
ORI-01-05,шт,2026-09-01,,insufficient_history,False,boosting_squared,1,8,
ORI-01-5,шт,2026-09-01,,insufficient_history,False,boosting_squared,1,8,
ORL-02-ACDC24-240V,шт,2026-09-01,,insufficient_history,False,boosting_squared,1,8,
ORT-ST-ACDC12-240V,шт,2026-09-01,,insufficient_history,False,boosting_squared,1,8,
PLR-S-CPU-1410,шт,2026-09-01,,insufficient_history,False,boosting_squared,1,8,
PLR-S-CPU-1410R-AC-B,шт,2026-09-01,,insufficient_history,False,boosting_squared,2,8,
PSN12-032-5,,2026-09-01,,insufficient_history,False,boosting_squared,0,8,
RRP10-4-10-220A-LED,шт,2026-09-01,,insufficient_history,False,boosting_squared,1,8,
SFB-33-75-A-00,шт,2026-09-01,,insufficient_history,False,boosting_squared,1,8,
SRP-10-3-160,шт,2026-09-01,,insufficient_history,False,boosting_squared,0,8,
SVA10D-ADK-1,шт,2026-09-01,,insufficient_history,False,boosting_squared,0,8,
SVA30D-ADK-1,шт,2026-09-01,,insufficient_history,False,boosting_squared,0,8,
SVA50D-ADK-1,шт,2026-09-01,,insufficient_history,False,boosting_squared,0,8,
UKO10-240-195-090-K4,,2026-09-01,,insufficient_history,False,boosting_squared,0,8,
UKO10-240-195-165-K4,,2026-09-01,,insufficient_history,False,boosting_squared,0,8,
UNL10-D25-4-4,упак,2026-09-01,2.4048787796397306,forecast,False,boosting_squared,5,8,0.6413010079039282
UNL20-006-6-5,упак,2026-09-01,2.169050812084622,forecast,False,boosting_squared,4,8,0.5784135498892325
UZA-25-D16,шт,2026-09-01,,insufficient_history,False,boosting_squared,1,8,
WUP20-02-K02,,2026-09-01,,insufficient_history,False,boosting_squared,0,8,
WYP53-16-05-03-ZK,шт,2026-09-01,,insufficient_history,False,boosting_squared,1,8,
YIS40-3-370,шт,2026-09-01,,insufficient_history,False,boosting_squared,0,8,
YIS42-3-200,шт,2026-09-01,,insufficient_history,False,boosting_squared,0,8,
YKM40-PN-530,шт,2026-09-01,,insufficient_history,False,boosting_squared,0,8,
YKV10-UV-1750,шт,2026-09-01,,insufficient_history,False,boosting_squared,0,8,
YZN20-004-K52,шт,2026-09-01,,insufficient_history,False,boosting_squared,1,8,
YZN30-002-K03,,2026-09-01,,insufficient_history,False,boosting_squared,0,8,
Р654654528,шт,2026-09-01,,insufficient_history,False,boosting_squared,1,8,
ЩУРн-3/18,шт,2026-09-01,,insufficient_history,False,boosting_squared,1,8,
нов03200_,шт,2026-09-01,2.6806642063358828,forecast,False,boosting_squared,4,8,0.7148437883562354
нов1932,шт,2026-09-01,,insufficient_history,False,boosting_squared,0,8,
нов26740,шт,2026-09-01,,insufficient_history,False,boosting_squared,1,8,
нов3227,шт,2026-09-01,,insufficient_history,False,boosting_squared,0,8,
нов3368,шт,2026-09-01,,insufficient_history,False,boosting_squared,0,8,
нов3370_,шт,2026-09-01,,insufficient_history,False,boosting_squared,1,8,
нов3392,шт,2026-09-01,,insufficient_history,False,boosting_squared,0,8,
нов3393,шт,2026-09-01,,insufficient_history,False,boosting_squared,1,8,
нов3394,шт,2026-09-01,,insufficient_history,False,boosting_squared,0,8,
нов3396,шт,2026-09-01,8.566227826426468,forecast,False,boosting_squared,23,8,2.2843274203803916
нов99190,шт,2026-09-01,,insufficient_history,False,boosting_squared,0,8,
ст-99272_80,м,2026-09-01,,insufficient_history,False,boosting_squared,0,8,
ст-9948468,шт,2026-09-01,43.90920101757868,forecast,False,boosting_squared,30,8,11.709120271354315
ст-9949019,шт,2026-09-01,,insufficient_history,False,boosting_squared,0,8,
ст-9949056,шт,2026-09-01,,insufficient_history,False,boosting_squared,2,8,
ст-9949156,шт,2026-09-01,,insufficient_history,False,boosting_squared,0,8,
ст-9949157,шт,2026-09-01,,insufficient_history,False,boosting_squared,0,8,
ст-9949234,шт,2026-09-01,,insufficient_history,False,boosting_squared,1,8,
ст-9949327,шт,2026-09-01,,insufficient_history,False,boosting_squared,0,8,
ст-9949953,шт,2026-09-01,,insufficient_history,False,boosting_squared,0,8,
ст-9950070,м,2026-09-01,,insufficient_history,False,boosting_squared,1,8,
ст-9950184,шт,2026-09-01,3.547319616719959,forecast,False,boosting_squared,3,8,0.9459518977919891
ст-9950300,шт,2026-09-01,,insufficient_history,False,boosting_squared,0,8,
ст-9950470,упак,2026-09-01,,insufficient_history,False,boosting_squared,0,8,
ст-9950702,шт,2026-09-01,,insufficient_history,False,boosting_squared,1,8,
ст-9950706,шт,2026-09-01,,insufficient_history,False,boosting_squared,1,8,
ст-9950851,шт,2026-09-01,,insufficient_history,False,boosting_squared,0,8,
ст-9951101,м,2026-09-01,,insufficient_history,False,boosting_squared,1,8,
ст-9951102,шт,2026-09-01,,insufficient_history,False,boosting_squared,2,8,
ст-9951103,шт,2026-09-01,,insufficient_history,False,boosting_squared,0,8,
ст-9951104,шт,2026-09-01,3.7118291005794206,forecast,False,boosting_squared,4,8,0.9898210934878455
ст-9951105,шт,2026-09-01,3.4934862123100427,forecast,False,boosting_squared,4,8,0.931596323282678
ст-9951106,шт,2026-09-01,,insufficient_history,False,boosting_squared,1,8,
ст-9951285,шт,2026-09-01,,insufficient_history,False,boosting_squared,0,8,
ст-9951311,шт,2026-09-01,,insufficient_history,False,boosting_squared,0,8,
ст-9951312,шт,2026-09-01,,insufficient_history,False,boosting_squared,1,8,
ст-9951313,шт,2026-09-01,,insufficient_history,False,boosting_squared,0,8,
ст-9951436,шт,2026-09-01,2.9785265067652733,forecast,False,boosting_squared,4,8,0.7942737351374062
ст-9951446,шт,2026-09-01,,insufficient_history,False,boosting_squared,0,8,
ст-9951480,шт,2026-09-01,,insufficient_history,False,boosting_squared,1,8,
ст-9951729,шт,2026-09-01,,insufficient_history,False,boosting_squared,1,8,
ст-9951887,шт,2026-09-01,,insufficient_history,False,boosting_squared,0,8,
ст-9951895,шт,2026-09-01,,insufficient_history,False,boosting_squared,1,8,
ст-9951984,шт,2026-09-01,,insufficient_history,False,boosting_squared,0,8,
ст-9951998,шт,2026-09-01,13.87917458961871,forecast,False,boosting_squared,4,8,3.701113223898323
ст-9952041,шт,2026-09-01,,insufficient_history,False,boosting_squared,1,8,
ст-9952106,шт,2026-09-01,,insufficient_history,False,boosting_squared,0,8,
ст-9952210,шт,2026-09-01,,insufficient_history,False,boosting_squared,0,8,
ст-9952368,шт,2026-09-01,,insufficient_history,False,boosting_squared,0,8,
ст-9952399,шт,2026-09-01,14.122191654426512,forecast,False,boosting_squared,5,8,3.7659177745137367
ст-9952430,шт,2026-09-01,7.996924632914532,forecast,False,boosting_squared,13,8,2.1325132354438754
ст-9952431,шт,2026-09-01,3.7651184962081263,forecast,False,boosting_squared,10,8,1.0040315989888338
ст-9952440,шт,2026-09-01,,insufficient_history,False,boosting_squared,0,8,
ст-9952441,шт,2026-09-01,,insufficient_history,False,boosting_squared,0,8,
ст-9952475,м,2026-09-01,,insufficient_history,False,boosting_squared,1,8,
ст-9952496,упак,2026-09-01,,insufficient_history,False,boosting_squared,1,8,
ст-9952497,упак,2026-09-01,4.833009989570975,forecast,False,boosting_squared,3,8,1.2888026638855934
ст-9952498,упак,2026-09-01,,insufficient_history,False,boosting_squared,1,8,
ст-9952644,шт,2026-09-01,,insufficient_history,False,boosting_squared,2,8,
ст-9952711,шт,2026-09-01,,insufficient_history,False,boosting_squared,2,8,
ст-9953087,шт,2026-09-01,,insufficient_history,False,boosting_squared,1,8,
ст-9953090,шт,2026-09-01,,insufficient_history,False,boosting_squared,0,8,
ст-9953158,шт,2026-09-01,,insufficient_history,False,boosting_squared,0,8,
ст-9953168,шт,2026-09-01,,insufficient_history,False,boosting_squared,1,8,
ст-9953235,шт,2026-09-01,,insufficient_history,False,boosting_squared,0,8,
ст-9953236,шт,2026-09-01,3.406746459034231,forecast,False,boosting_squared,5,8,0.9084657224091283
ст-9953237,шт,2026-09-01,,insufficient_history,False,boosting_squared,0,8,
ст-9953247,шт,2026-09-01,,insufficient_history,False,boosting_squared,2,8,
ст-9953304,шт,2026-09-01,,insufficient_history,False,boosting_squared,0,8,
ст-9953354,шт,2026-09-01,,insufficient_history,False,boosting_squared,2,8,
ст-9953405,шт,2026-09-01,,insufficient_history,False,boosting_squared,1,8,
ст-9953508,шт,2026-09-01,3.3635274770046824,forecast,False,boosting_squared,3,8,0.896940660534582
щт-0000139,шт,2026-09-01,,insufficient_history,False,boosting_squared,1,8,
щт-0000194,шт,2026-09-01,,insufficient_history,False,boosting_squared,0,8,
щт-0000212,м,2026-09-01,,insufficient_history,False,boosting_squared,0,8,
щт-0000350,шт,2026-09-01,,insufficient_history,False,boosting_squared,1,8,
щт-0000417,шт,2026-09-01,,insufficient_history,False,boosting_squared,1,8,
щт-0000418,шт,2026-09-01,,insufficient_history,False,boosting_squared,0,8,
щт-0000861,шт,2026-09-01,,insufficient_history,False,boosting_squared,1,8,
щт-0001014,шт,2026-09-01,1.6730768833757317,forecast,False,boosting_squared,5,8,0.4461538355668618
щт-0001133,шт,2026-09-01,,insufficient_history,False,boosting_squared,0,8,
щт-0001187,шт,2026-09-01,,insufficient_history,False,boosting_squared,0,8,
щт-0001387,шт,2026-09-01,,insufficient_history,False,boosting_squared,1,8,
щт-0001406,шт,2026-09-01,,insufficient_history,False,boosting_squared,1,8,
щт-0001421,шт,2026-09-01,,insufficient_history,False,boosting_squared,0,8,
щт-0001636,шт,2026-09-01,,insufficient_history,False,boosting_squared,2,8,
щт-0001645,шт,2026-09-01,,insufficient_history,False,boosting_squared,0,8,
щт-0001651,шт,2026-09-01,,insufficient_history,False,boosting_squared,0,8,
щт-0001653,компл,2026-09-01,,insufficient_history,False,boosting_squared,1,8,
щт-0001654,шт,2026-09-01,,insufficient_history,False,boosting_squared,2,8,
щт-0001786,шт,2026-09-01,,insufficient_history,False,boosting_squared,1,8,
щт-0001802,шт,2026-09-01,,insufficient_history,False,boosting_squared,1,8,
щт-0001952,шт,2026-09-01,,insufficient_history,False,boosting_squared,1,8,
щт-0002132,м,2026-09-01,,insufficient_history,False,boosting_squared,0,8,
щт-0002147,шт,2026-09-01,,insufficient_history,False,boosting_squared,2,8,
щт-0002159,шт,2026-09-01,,insufficient_history,False,boosting_squared,0,8,
щт-0002161,шт,2026-09-01,,insufficient_history,False,boosting_squared,0,8,
щт-0002162,шт,2026-09-01,,insufficient_history,False,boosting_squared,0,8,
щт-0022248,шт,2026-09-01,,insufficient_history,False,boosting_squared,0,8,
щт00222756,шт,2026-09-01,,insufficient_history,False,boosting_squared,1,8,
щт00222819,шт,2026-09-01,,insufficient_history,False,boosting_squared,0,8,
щт00222922,упак,2026-09-01,,insufficient_history,False,boosting_squared,0,8,
щт00222923,упак,2026-09-01,,insufficient_history,False,boosting_squared,0,8,
щт00222924,упак,2026-09-01,,insufficient_history,False,boosting_squared,0,8,
щт02229866,шт,2026-09-01,,insufficient_history,False,boosting_squared,1,8,
щт02229878,шт,2026-09-01,,insufficient_history,False,boosting_squared,0,8,
щт02230193,шт,2026-09-01,,insufficient_history,False,boosting_squared,1,8,
щт02230447,шт,2026-09-01,,insufficient_history,False,boosting_squared,0,8,
щт23054819,шт,2026-09-01,,insufficient_history,False,boosting_squared,0,8,
щт23054820,шт,2026-09-01,,insufficient_history,False,boosting_squared,0,8,
щт23055078,шт,2026-09-01,,insufficient_history,False,boosting_squared,0,8,
щт23055283,шт,2026-09-01,,insufficient_history,False,boosting_squared,0,8,
щщ0001047,шт,2026-09-01,,insufficient_history,False,boosting_squared,1,8,
щщ0001050,упак,2026-09-01,,insufficient_history,False,boosting_squared,1,8,
щщ11503042,шт,2026-09-01,2.876753785524926,forecast,False,boosting_squared,3,8,0.7671343428066469
щщщ0115411,шт,2026-09-01,,insufficient_history,False,boosting_squared,0,8,
щщщ0115439,шт,2026-09-01,,insufficient_history,False,boosting_squared,2,8,
щщщ0115997,шт,2026-09-01,,insufficient_history,False,boosting_squared,2,8,
щщщ0116026,шт,2026-09-01,,insufficient_history,False,boosting_squared,0,8,
щщщ0116027,шт,2026-09-01,,insufficient_history,False,boosting_squared,0,8,
щщщ0116033,шт,2026-09-01,,insufficient_history,False,boosting_squared,0,8,
щщщ0116039,шт,2026-09-01,,insufficient_history,False,boosting_squared,0,8,
щщщ0116157,шт,2026-09-01,4.094457842893595,forecast,False,boosting_squared,3,8,1.0918554247716254
щщщ0116826,шт,2026-09-01,,insufficient_history,False,boosting_squared,1,8,
ярп40100,шт,2026-09-01,,insufficient_history,False,boosting_squared,1,8,
ярп40110,шт,2026-09-01,,insufficient_history,False,boosting_squared,0,8,
ярп40129,шт,2026-09-01,,insufficient_history,False,boosting_squared,0,8,
ярп40132,шт,2026-09-01,3.996905937483479,forecast,False,boosting_squared,5,8,1.0658415833289279
ярп40134,шт,2026-09-01,3.832828050718673,forecast,False,boosting_squared,4,8,1.0220874801916462
ярп40135,шт,2026-09-01,,insufficient_history,False,boosting_squared,0,8,
ярп40167,шт,2026-09-01,,insufficient_history,False,boosting_squared,1,8,
ярп40217,,2026-09-01,,insufficient_history,False,boosting_squared,0,8,
ярп40218,,2026-09-01,,insufficient_history,False,boosting_squared,0,8,
ярп40219,шт,2026-09-01,,insufficient_history,False,boosting_squared,2,8,
ярп40220,,2026-09-01,,insufficient_history,False,boosting_squared,0,8,
ярп40221,шт,2026-09-01,,insufficient_history,False,boosting_squared,0,8,
ярп40222,шт,2026-09-01,2.7918895960460377,forecast,False,boosting_squared,4,8,0.7445038922789434
ярп40223,шт,2026-09-01,,insufficient_history,False,boosting_squared,1,8,
ярп40225,шт,2026-09-01,,insufficient_history,False,boosting_squared,0,8,
ярп40227,шт,2026-09-01,,insufficient_history,False,boosting_squared,1,8,
ярп40228,,2026-09-01,,insufficient_history,False,boosting_squared,0,8,
ярп40229,,2026-09-01,,insufficient_history,False,boosting_squared,0,8,
ярп40230,,2026-09-01,,insufficient_history,False,boosting_squared,0,8,
ярп40231,,2026-09-01,,insufficient_history,False,boosting_squared,0,8,
ярп40232,,2026-09-01,,insufficient_history,False,boosting_squared,0,8,
ярп40236,,2026-09-01,,insufficient_history,False,boosting_squared,0,8,
ярп40237,,2026-09-01,,insufficient_history,False,boosting_squared,0,8,
ярп40238,,2026-09-01,,insufficient_history,False,boosting_squared,0,8,
ярп40239,шт,2026-09-01,,insufficient_history,False,boosting_squared,0,8,
ярп40240,шт,2026-09-01,,insufficient_history,False,boosting_squared,1,8,
ярп40241,,2026-09-01,,insufficient_history,False,boosting_squared,1,8,
ярп40242,шт,2026-09-01,,insufficient_history,False,boosting_squared,2,8,
ярп40243,,2026-09-01,,insufficient_history,False,boosting_squared,0,8,
ярп40244,шт,2026-09-01,1.1574264063362,forecast,False,boosting_squared,7,8,0.30864704168965335
ярп40245,шт,2026-09-01,,insufficient_history,False,boosting_squared,0,8,
ярп40246,шт,2026-09-01,,insufficient_history,False,boosting_squared,1,8,
ярп40247,,2026-09-01,,insufficient_history,False,boosting_squared,0,8,
ярп40248,,2026-09-01,,insufficient_history,False,boosting_squared,0,8,
ярп40249,,2026-09-01,,insufficient_history,False,boosting_squared,0,8,
ярп40255,шт,2026-09-01,19.157424411835265,forecast,False,boosting_squared,27,8,5.108646509822737
ярп40256,шт,2026-09-01,14.171361697412937,forecast,False,boosting_squared,27,8,3.779029785976783
ярп40257,шт,2026-09-01,51.05689932234486,forecast,False,boosting_squared,30,8,13.615173152625296
ярп40260,шт,2026-09-01,6.243631411157687,forecast,False,boosting_squared,30,8,1.6649683763087166
ярп40265,,2026-09-01,,insufficient_history,False,boosting_squared,0,8,
ярп40266,шт,2026-09-01,,insufficient_history,False,boosting_squared,0,8,
ярп40267,шт,2026-09-01,3.0666779860660682,forecast,False,boosting_squared,5,8,0.8177807962842849
ярп40268,,2026-09-01,,insufficient_history,False,boosting_squared,0,8,
ярп40269,шт,2026-09-01,3.974784645189735,forecast,False,boosting_squared,3,8,1.059942572050596
ярп40270,,2026-09-01,,insufficient_history,False,boosting_squared,0,8,
ярп40271,шт,2026-09-01,3.3050268490998813,forecast,False,boosting_squared,4,8,0.8813404930933016
ярп40273,,2026-09-01,,insufficient_history,False,boosting_squared,0,8,
ярп40274,,2026-09-01,,insufficient_history,False,boosting_squared,0,8,
ярп40276,,2026-09-01,,insufficient_history,False,boosting_squared,0,8,
ярп40277,упак,2026-09-01,7.795273557913094,forecast,False,boosting_squared,7,8,2.078739615443492
ярп40280,,2026-09-01,,insufficient_history,False,boosting_squared,0,8,
ярп40281,шт,2026-09-01,,insufficient_history,False,boosting_squared,0,8,
ярп40282,,2026-09-01,,insufficient_history,False,boosting_squared,0,8,
ярп40309,шт,2026-09-01,,insufficient_history,False,boosting_squared,1,8,
ярп40395,шт,2026-09-01,,insufficient_history,False,boosting_squared,1,8,
ярп40510,шт,2026-09-01,,insufficient_history,False,boosting_squared,0,8,
ярп4200,шт,2026-09-01,,insufficient_history,False,boosting_squared,0,8,
ярп4211,шт,2026-09-01,,insufficient_history,False,boosting_squared,0,8,
ярп4252,шт,2026-09-01,,insufficient_history,False,boosting_squared,0,8,
ярп4303,упак,2026-09-01,,insufficient_history,False,boosting_squared,1,8,
ярп4385,шт,2026-09-01,,insufficient_history,False,boosting_squared,1,8,
ярп4522,шт,2026-09-01,,insufficient_history,False,boosting_squared,1,8,
ярп4546,шт,2026-09-01,,insufficient_history,False,boosting_squared,0,8,
ярп4571,шт,2026-09-01,,insufficient_history,False,boosting_squared,0,8,
ярп4665,шт,2026-09-01,1.1933454697722388,forecast,False,boosting_squared,3,8,0.3182254586059303
ярп4673,шт,2026-09-01,,insufficient_history,False,boosting_squared,1,8,
ярп4795,шт,2026-09-01,,insufficient_history,False,boosting_squared,1,8,
ярп4890,шт,2026-09-01,,insufficient_history,False,boosting_squared,0,8,
ярп5549,шт,2026-09-01,3.985585338040446,forecast,False,boosting_squared,3,8,1.0628227568107855
ярп5602,шт,2026-09-01,,insufficient_history,False,boosting_squared,0,8,
ярп5605,шт,2026-09-01,14.43929169359002,forecast,False,boosting_squared,6,8,3.850477784957339
ярп5628,шт,2026-09-01,,insufficient_history,False,boosting_squared,1,8,
ярп5852,шт,2026-09-01,,insufficient_history,False,boosting_squared,2,8,
ярп5867,шт,2026-09-01,,insufficient_history,False,boosting_squared,1,8,
ярп5962,шт,2026-09-01,,insufficient_history,False,boosting_squared,2,8,
ярп6058,шт,2026-09-01,1.789334049559401,forecast,False,boosting_squared,3,8,0.4771557465491736
ярп6059,шт,2026-09-01,,insufficient_history,False,boosting_squared,0,8,
ярп6060,шт,2026-09-01,,insufficient_history,False,boosting_squared,1,8,
ярп6181,шт,2026-09-01,,insufficient_history,False,boosting_squared,2,8,
ярп6182,шт,2026-09-01,2.0123925377843417,forecast,False,boosting_squared,4,8,0.5366380100758245
ярп6188,шт,2026-09-01,,insufficient_history,False,boosting_squared,2,8,
яярп4532,шт,2026-09-01,,insufficient_history,False,boosting_squared,1,8,
яярп4533,шт,2026-09-01,,insufficient_history,False,boosting_squared,2,8,
яярп4610,шт,2026-09-01,,insufficient_history,False,boosting_squared,1,8,
яярп4772,шт,2026-09-01,,insufficient_history,False,boosting_squared,1,8,
яярп4773,шт,2026-09-01,,insufficient_history,False,boosting_squared,1,8,
яярп4792,шт,2026-09-01,,insufficient_history,False,boosting_squared,1,8,
яярп4811,шт,2026-09-01,11.323536803720785,forecast,False,boosting_squared,10,8,3.0196098143255425
яярп4814,шт,2026-09-01,,insufficient_history,False,boosting_squared,1,8,
яярп4829,шт,2026-09-01,,insufficient_history,False,boosting_squared,1,8,
яярп4849,шт,2026-09-01,,insufficient_history,False,boosting_squared,1,8,
яярп4855,шт,2026-09-01,,insufficient_history,False,boosting_squared,0,8,
яярп6001,м,2026-09-01,,insufficient_history,False,boosting_squared,1,8,
яяярп5300,шт,2026-09-01,13.650604148920962,forecast,False,boosting_squared,3,8,3.6401611063789234
яяярп5540,шт,2026-09-01,,insufficient_history,False,boosting_squared,0,8,
яяярп5542,шт,2026-09-01,,insufficient_history,False,boosting_squared,1,8,
яяяярп5518,шт,2026-09-01,,insufficient_history,False,boosting_squared,1,8,
0000352,шт,2026-10-01,,insufficient_history,True,boosting_squared,0,27,
010300001_,шт,2026-10-01,24.48204244181137,forecast,True,boosting_squared,26,27,21.32306922351313
010300002_,шт,2026-10-01,173.2129149483707,forecast,True,boosting_squared,32,27,150.86286140664544
010300003_,шт,2026-10-01,106.2330765467551,forecast,True,boosting_squared,32,27,92.5255827987867
010300004_,шт,2026-10-01,15.770575979900432,forecast,True,boosting_squared,32,27,13.73566295023586
010300005_,шт,2026-10-01,74.02221345335191,forecast,True,boosting_squared,32,27,64.47096010453231
010300006_,шт,2026-10-01,233.14332627885247,forecast,True,boosting_squared,32,27,203.0603164364199
010300007_,шт,2026-10-01,53.97657912778958,forecast,True,boosting_squared,32,27,47.01185924033285
010300008_,шт,2026-10-01,27.11034995489156,forecast,True,boosting_squared,31,27,23.61224028329265
010300009_,шт,2026-10-01,22.517035689437062,forecast,True,boosting_squared,32,27,19.6116117295097
010300010_,шт,2026-10-01,22.63920874771881,forecast,True,boosting_squared,32,27,19.718020522206707
010300011_,шт,2026-10-01,23.06797651152525,forecast,True,boosting_squared,31,27,20.091463413263927
010300012_,шт,2026-10-01,16.13032157533983,forecast,True,boosting_squared,28,27,14.04898975916695
010300013_,шт,2026-10-01,19.694275497213578,forecast,True,boosting_squared,32,27,17.15307865886344
010300014_,шт,2026-10-01,72.25805006376689,forecast,True,boosting_squared,32,27,62.93443070070019
010300015_,шт,2026-10-01,156.41256286835434,forecast,True,boosting_squared,32,27,136.2302966917925
010300016_,шт,2026-10-01,75.28457003753364,forecast,True,boosting_squared,32,27,65.57043196817446
010300017_,шт,2026-10-01,148.04883253624962,forecast,True,boosting_squared,32,27,128.94575737028194
010300018_,шт,2026-10-01,27.759130439093006,forecast,True,boosting_squared,32,27,24.177307156629393
010300019_,шт,2026-10-01,14.851408025898374,forecast,True,boosting_squared,31,27,12.935097312879229
010300020_,шт,2026-10-01,14.1755766205889,forecast,True,boosting_squared,31,27,12.346469959867752
010300021_,шт,2026-10-01,24.988512741214596,forecast,True,boosting_squared,32,27,21.764188516541743
010300023_,шт,2026-10-01,19.19135526354575,forecast,True,boosting_squared,32,27,16.7150513585721
010300024_,шт,2026-10-01,1.8886148179792437,forecast,True,boosting_squared,21,27,1.6449225834012766
010300052_,шт,2026-10-01,5.8158464406624,forecast,True,boosting_squared,24,27,5.065414641867252
010300053_,шт,2026-10-01,1073.8121977871344,forecast,True,boosting_squared,32,27,935.2557851694397
010300057_,шт,2026-10-01,139.80787628247154,forecast,True,boosting_squared,32,27,121.76815031053972
010300066_,,2026-10-01,,insufficient_history,True,boosting_squared,0,27,
010300068_,шт,2026-10-01,1.9805303575448296,forecast,True,boosting_squared,9,27,1.7249780533454968
010300069_,шт,2026-10-01,2.087520528802919,forecast,True,boosting_squared,6,27,1.8181630412154453
010300074_,шт,2026-10-01,70.01573083693336,forecast,True,boosting_squared,30,27,60.98144298700647
010300075_,шт,2026-10-01,869.7070414414208,forecast,True,boosting_squared,32,27,757.4867780296246
010300094_,шт,2026-10-01,15.953797644519874,forecast,True,boosting_squared,29,27,13.895243109743115
010300095_,шт,2026-10-01,139.59043535813365,forecast,True,boosting_squared,30,27,121.57876627966479
010300096_,шт,2026-10-01,339.5623763885202,forecast,True,boosting_squared,31,27,295.74787620935626
010300103_,шт,2026-10-01,2.8717434707256486,forecast,True,boosting_squared,4,27,2.5011959261158876
010300108_,шт,2026-10-01,,insufficient_history,True,boosting_squared,1,27,
010300115_,шт,2026-10-01,,insufficient_history,True,boosting_squared,0,27,
010300121_,шт,2026-10-01,227.44665403139732,forecast,True,boosting_squared,32,27,198.09869867250734
010300122_,шт,2026-10-01,2.8561020803560906,forecast,True,boosting_squared,4,27,2.4875727796649825
010300123_,шт,2026-10-01,20.289617136322303,forecast,True,boosting_squared,25,27,17.671602021958137
010300124_,шт,2026-10-01,2.52247550072232,forecast,True,boosting_squared,16,27,2.196994790951698
010300125_,шт,2026-10-01,3.5675121646478574,forecast,True,boosting_squared,3,27,3.1071880143707147
010300127_,шт,2026-10-01,7.15861363424127,forecast,True,boosting_squared,6,27,6.234921552403686
010300130_,шт,2026-10-01,,insufficient_history,True,boosting_squared,1,27,
010300131_,шт,2026-10-01,2.534542303837433,forecast,True,boosting_squared,3,27,2.2075045872132484
010300142_,шт,2026-10-01,1.9958093218982267,forecast,True,boosting_squared,6,27,1.7382855384274878
010300144_,шт,2026-10-01,,insufficient_history,True,boosting_squared,1,27,
010300150_,шт,2026-10-01,3.457135154213999,forecast,True,boosting_squared,12,27,3.0110531988315477
010300153_,шт,2026-10-01,,insufficient_history,True,boosting_squared,0,27,
010300156_,шт,2026-10-01,,insufficient_history,True,boosting_squared,1,27,
010300157_,шт,2026-10-01,,insufficient_history,True,boosting_squared,1,27,
010300159_,шт,2026-10-01,,insufficient_history,True,boosting_squared,0,27,
010300160_,шт,2026-10-01,,insufficient_history,True,boosting_squared,0,27,
010300161_,шт,2026-10-01,,insufficient_history,True,boosting_squared,0,27,
010300162_,шт,2026-10-01,,insufficient_history,True,boosting_squared,0,27,
010300163_,шт,2026-10-01,,insufficient_history,True,boosting_squared,1,27,
010300164_,,2026-10-01,,insufficient_history,True,boosting_squared,0,27,
010300165_,шт,2026-10-01,,insufficient_history,True,boosting_squared,0,27,
010300166_,шт,2026-10-01,,insufficient_history,True,boosting_squared,2,27,
010300167_,шт,2026-10-01,,insufficient_history,True,boosting_squared,2,27,
010300168_,шт,2026-10-01,,insufficient_history,True,boosting_squared,2,27,
010300169_,шт,2026-10-01,8.02096451379799,forecast,True,boosting_squared,5,27,6.986001350727282
010300170_,,2026-10-01,,insufficient_history,True,boosting_squared,0,27,
010300171_,шт,2026-10-01,,insufficient_history,True,boosting_squared,2,27,
010300184_,шт,2026-10-01,,insufficient_history,True,boosting_squared,0,27,
010300185_,шт,2026-10-01,,insufficient_history,True,boosting_squared,1,27,
010300188_,шт,2026-10-01,2.790456351585159,forecast,True,boosting_squared,4,27,2.4303974675096547
010300189_,шт,2026-10-01,,insufficient_history,True,boosting_squared,2,27,
010300191_,шт,2026-10-01,,insufficient_history,True,boosting_squared,0,27,
010300200_,шт,2026-10-01,,insufficient_history,True,boosting_squared,1,27,
010300239_,шт,2026-10-01,4.573747031942824,forecast,True,boosting_squared,3,27,3.983586124595363
010300242_,шт,2026-10-01,6.250211982433829,forecast,True,boosting_squared,4,27,5.443733016958496
010300250_,шт,2026-10-01,,insufficient_history,True,boosting_squared,0,27,
010300251_,шт,2026-10-01,2.082538829204158,forecast,True,boosting_squared,3,27,1.8138241415649117
010300252_,шт,2026-10-01,3.0686218862645567,forecast,True,boosting_squared,4,27,2.672670675133646
010400842_,шт,2026-10-01,,insufficient_history,True,boosting_squared,1,27,
010400849_,шт,2026-10-01,6.741561892286251,forecast,True,boosting_squared,10,27,5.871682938442864
010400850_,шт,2026-10-01,16.854827200376555,forecast,True,boosting_squared,11,27,14.680010787424742
010400854_,шт,2026-10-01,16.7548979507527,forecast,True,boosting_squared,12,27,14.592975634526546
010400865_,шт,2026-10-01,11.606600673338631,forecast,True,boosting_squared,12,27,10.108974780004614
010400867_,шт,2026-10-01,15.38981240794348,forecast,True,boosting_squared,12,27,13.404030161757225
010400925_,шт,2026-10-01,9.219716339401142,forecast,True,boosting_squared,12,27,8.030075521413899
010400926_,шт,2026-10-01,3.0433527526524418,forecast,True,boosting_squared,4,27,2.6506620748908363
010400927_,шт,2026-10-01,9.69950740748917,forecast,True,boosting_squared,12,27,8.447958064587342
010400928_,шт,2026-10-01,8.125353831166123,forecast,True,boosting_squared,6,27,7.07692107875759
010400929_,шт,2026-10-01,7.521697887987118,forecast,True,boosting_squared,8,27,6.551156225021038
010400930_,шт,2026-10-01,2.5702597149316673,forecast,True,boosting_squared,5,27,2.238613300101775
010400931_,шт,2026-10-01,4.596712708823287,forecast,True,boosting_squared,10,27,4.00358848832996
010400932_,шт,2026-10-01,3.1211963202469617,forecast,True,boosting_squared,8,27,2.7184613111828377
010400933_,шт,2026-10-01,6.181140443782783,forecast,True,boosting_squared,11,27,5.383573934907585
010400934_,шт,2026-10-01,13.823541245588883,forecast,True,boosting_squared,10,27,12.039858504222575
010400939_,шт,2026-10-01,,insufficient_history,True,boosting_squared,0,27,
010400940_,шт,2026-10-01,,insufficient_history,True,boosting_squared,0,27,
010400941_,шт,2026-10-01,,insufficient_history,True,boosting_squared,0,27,
010400942_,шт,2026-10-01,,insufficient_history,True,boosting_squared,0,27,
010400943_,шт,2026-10-01,,insufficient_history,True,boosting_squared,0,27,
010400944_,шт,2026-10-01,,insufficient_history,True,boosting_squared,0,27,
010400945_,шт,2026-10-01,,insufficient_history,True,boosting_squared,0,27,
010400946_,шт,2026-10-01,,insufficient_history,True,boosting_squared,0,27,
010400947_,шт,2026-10-01,,insufficient_history,True,boosting_squared,2,27,
010400948_,шт,2026-10-01,,insufficient_history,True,boosting_squared,0,27,
010400949_,шт,2026-10-01,,insufficient_history,True,boosting_squared,1,27,
010400950_,шт,2026-10-01,,insufficient_history,True,boosting_squared,1,27,
010400951_,шт,2026-10-01,,insufficient_history,True,boosting_squared,0,27,
010400952_,шт,2026-10-01,,insufficient_history,True,boosting_squared,0,27,
010400953_,шт,2026-10-01,,insufficient_history,True,boosting_squared,1,27,
010400954_,шт,2026-10-01,,insufficient_history,True,boosting_squared,0,27,
010400955_,шт,2026-10-01,,insufficient_history,True,boosting_squared,2,27,
010400956_,шт,2026-10-01,,insufficient_history,True,boosting_squared,0,27,
010400957_,шт,2026-10-01,,insufficient_history,True,boosting_squared,0,27,
010400958_,шт,2026-10-01,,insufficient_history,True,boosting_squared,1,27,
010500001_,шт,2026-10-01,30.893250245588963,forecast,True,boosting_squared,31,27,26.907024407448453
010500002_,шт,2026-10-01,,insufficient_history,True,boosting_squared,1,27,
010500003_,шт,2026-10-01,32.279006092608086,forecast,True,boosting_squared,32,27,28.113973048400588
010500004_,шт,2026-10-01,1579.6595401464726,forecast,True,boosting_squared,32,27,1375.832502708218
010500005_,шт,2026-10-01,3505.1367603157855,forecast,True,boosting_squared,32,27,3052.861049307297
010500006_,шт,2026-10-01,26893.851381142693,forecast,True,boosting_squared,32,27,23423.677009382347
010500007_,шт,2026-10-01,793.1146078583334,forecast,True,boosting_squared,32,27,690.7772391024195
010500008_,шт,2026-10-01,17047.985627330436,forecast,True,boosting_squared,32,27,14848.245546384574
010500009_,шт,2026-10-01,3456.9869915957465,forecast,True,boosting_squared,32,27,3010.9241539704885
010500010_,шт,2026-10-01,772.5482671601526,forecast,True,boosting_squared,32,27,672.8646197846491
010500011_,шт,2026-10-01,290.4247171606871,forecast,True,boosting_squared,32,27,252.95056010769522
010500012_,шт,2026-10-01,538.190398822706,forecast,True,boosting_squared,32,27,468.7464763939698
010500014_,,2026-10-01,,insufficient_history,True,boosting_squared,0,27,
010500015_,,2026-10-01,,insufficient_history,True,boosting_squared,0,27,
010500017_,шт,2026-10-01,7.157726356433745,forecast,True,boosting_squared,4,27,6.234148762055197
010500018_,шт,2026-10-01,268.53104171135726,forecast,True,boosting_squared,32,27,233.88187503892405
010500019_,шт,2026-10-01,2698.472588979202,forecast,True,boosting_squared,32,27,2350.2825774980147
010500020_,шт,2026-10-01,63.80243400014704,forecast,True,boosting_squared,29,27,55.5698618710958
010500021_,шт,2026-10-01,5296.284115971793,forecast,True,boosting_squared,32,27,4612.892617136723
010500022_,шт,2026-10-01,1284.7912084508496,forecast,True,boosting_squared,32,27,1119.011697682998
010500023_,шт,2026-10-01,721.7168800399826,forecast,True,boosting_squared,32,27,628.5921213251461
010500024_,шт,2026-10-01,281.02235734355565,forecast,True,boosting_squared,32,27,244.76140800890332
010500025_,шт,2026-10-01,427.4045028970954,forecast,True,boosting_squared,32,27,372.25553478134117
010500027_,,2026-10-01,,insufficient_history,True,boosting_squared,0,27,
010500028_,,2026-10-01,,insufficient_history,True,boosting_squared,0,27,
010500029_,шт,2026-10-01,3.9154580134227697,forecast,True,boosting_squared,9,27,3.4102376245940254
010500030_,шт,2026-10-01,9.175847685680926,forecast,True,boosting_squared,3,27,7.991867339141453
010500031_,шт,2026-10-01,29.86261434764446,forecast,True,boosting_squared,5,27,26.009373786658077
010500032_,шт,2026-10-01,122.22512226434928,forecast,True,boosting_squared,32,27,106.45413874636873
010500033_,шт,2026-10-01,922.3968197401226,forecast,True,boosting_squared,32,27,803.3778752575262
010500034_,шт,2026-10-01,96.95143452874179,forecast,True,boosting_squared,31,27,84.44157200890413
010500035_,шт,2026-10-01,1866.8021649664595,forecast,True,boosting_squared,32,27,1625.92446626111
010500036_,шт,2026-10-01,1618.6899489302073,forecast,True,boosting_squared,32,27,1409.8267297134064
010500037_,шт,2026-10-01,913.5928355063879,forecast,True,boosting_squared,32,27,795.7098889894346
010500038_,шт,2026-10-01,439.22433465092394,forecast,True,boosting_squared,32,27,382.5502269540305
010500039_,шт,2026-10-01,1395.5478301645865,forecast,True,boosting_squared,32,27,1215.4771424014139
010500040_,шт,2026-10-01,17.413114072994787,forecast,True,boosting_squared,32,27,15.166260644221266
010500041_,шт,2026-10-01,10.843381698481778,forecast,True,boosting_squared,29,27,9.444235672871226
010500042_,шт,2026-10-01,24.624817965710893,forecast,True,boosting_squared,30,27,21.44742209916755
010500044_,шт,2026-10-01,19.34825592102914,forecast,True,boosting_squared,31,27,16.851706769928605
010500045_,,2026-10-01,,insufficient_history,True,boosting_squared,0,27,
010500046_,шт,2026-10-01,9.353572265885326,forecast,True,boosting_squared,27,27,8.146659715448509
010500047_,шт,2026-10-01,7.352878244338524,forecast,True,boosting_squared,24,27,6.40411976119807
010500048_,шт,2026-10-01,59.01401541260352,forecast,True,boosting_squared,32,27,51.39930374646113
010500050_,шт,2026-10-01,2.8765758630942218,forecast,True,boosting_squared,5,27,2.5054047839852895
010500053_,шт,2026-10-01,4.9368085361053815,forecast,True,boosting_squared,15,27,4.299800983059526
010500054_,шт,2026-10-01,17.418300482028037,forecast,True,boosting_squared,25,27,15.170777839185709
010500063_,шт,2026-10-01,13.241010810469287,forecast,True,boosting_squared,32,27,11.532493286537767
010500068_,шт,2026-10-01,7.51324267323869,forecast,True,boosting_squared,32,27,6.54379200572402
010500082_,шт,2026-10-01,2.2672430009853297,forecast,True,boosting_squared,3,27,1.9746955169872227
010500090_,шт,2026-10-01,11.843898841458845,forecast,True,boosting_squared,28,27,10.315653829657704
010500091_,шт,2026-10-01,2.6563863297943247,forecast,True,boosting_squared,6,27,2.3136268033692504
010500092_,шт,2026-10-01,17.69200669565769,forecast,True,boosting_squared,32,27,15.409167122024439
010500093_,шт,2026-10-01,18.18394386106835,forecast,True,boosting_squared,31,27,15.837628524156305
010500094_,шт,2026-10-01,17.732501672191592,forecast,True,boosting_squared,32,27,15.444436940295903
010500095_,шт,2026-10-01,28.21481377342742,forecast,True,boosting_squared,32,27,24.57419264137227
010500101_,шт,2026-10-01,13.634064198735908,forecast,True,boosting_squared,6,27,11.874830108576436
010500102_,шт,2026-10-01,23.883249615620105,forecast,True,boosting_squared,32,27,20.801539987798154
010500103_,шт,2026-10-01,249.88731762471053,forecast,True,boosting_squared,30,27,217.64379276990917
010500110_,,2026-10-01,,insufficient_history,True,boosting_squared,0,27,
010500111_,шт,2026-10-01,14.68175150055499,forecast,True,boosting_squared,16,27,12.787331952096281
010500122_,шт,2026-10-01,102.91807606776443,forecast,True,boosting_squared,32,27,89.63832431708515
010500123_,шт,2026-10-01,8.583916782088732,forecast,True,boosting_squared,5,27,7.476314616657928
010500124_,шт,2026-10-01,33.15098063412344,forecast,True,boosting_squared,32,27,28.873434745849448
010500129_,шт,2026-10-01,,insufficient_history,True,boosting_squared,2,27,
010500136_,шт,2026-10-01,,insufficient_history,True,boosting_squared,2,27,
010500137_,шт,2026-10-01,,insufficient_history,True,boosting_squared,0,27,
010500138_,шт,2026-10-01,13.205894431836002,forecast,True,boosting_squared,4,27,11.501908053534583
010500139_,шт,2026-10-01,126.66425721002435,forecast,True,boosting_squared,4,27,110.32048208615024
010500140_,,2026-10-01,,insufficient_history,True,boosting_squared,0,27,
010500141_,шт,2026-10-01,,insufficient_history,True,boosting_squared,2,27,
010500142_,,2026-10-01,,insufficient_history,True,boosting_squared,0,27,
010500143_,шт,2026-10-01,,insufficient_history,True,boosting_squared,2,27,
010500144_,,2026-10-01,,insufficient_history,True,boosting_squared,0,27,
010500145_,шт,2026-10-01,22.677383871974722,forecast,True,boosting_squared,3,27,19.751269823977985
010500147_,шт,2026-10-01,,insufficient_history,True,boosting_squared,2,27,
010500148_,шт,2026-10-01,3.0891097347975673,forecast,True,boosting_squared,3,27,2.6905149303075584
010500149_,шт,2026-10-01,,insufficient_history,True,boosting_squared,0,27,
010500150_,шт,2026-10-01,,insufficient_history,True,boosting_squared,0,27,
010500151_,шт,2026-10-01,,insufficient_history,True,boosting_squared,1,27,
010500152_,шт,2026-10-01,,insufficient_history,True,boosting_squared,1,27,
010500153_,шт,2026-10-01,,insufficient_history,True,boosting_squared,1,27,
010500154_,,2026-10-01,,insufficient_history,True,boosting_squared,0,27,
010500156_,шт,2026-10-01,,insufficient_history,True,boosting_squared,0,27,
010500157_,шт,2026-10-01,,insufficient_history,True,boosting_squared,0,27,
010500158_,,2026-10-01,,insufficient_history,True,boosting_squared,0,27,
010500159_,,2026-10-01,,insufficient_history,True,boosting_squared,0,27,
010500160_,шт,2026-10-01,,insufficient_history,True,boosting_squared,1,27,
010500161_,,2026-10-01,,insufficient_history,True,boosting_squared,0,27,
010500162_,шт,2026-10-01,,insufficient_history,True,boosting_squared,0,27,
010500163_,шт,2026-10-01,,insufficient_history,True,boosting_squared,0,27,
010500187_,шт,2026-10-01,3.7707089394686837,forecast,True,boosting_squared,4,27,3.284165850504982
010500188_,шт,2026-10-01,4.330915137221418,forecast,True,boosting_squared,3,27,3.772087377579945
010700001_,шт,2026-10-01,63.31110204274889,forecast,True,boosting_squared,32,27,55.14192758562
010700002_,шт,2026-10-01,371.7282207761805,forecast,True,boosting_squared,32,27,323.76328906312494
010700003_,шт,2026-10-01,137.26710916086418,forecast,True,boosting_squared,32,27,119.55522410784944
010700016_,шт,2026-10-01,,insufficient_history,True,boosting_squared,0,27,
010700021_,шт,2026-10-01,3.9242633811126426,forecast,True,boosting_squared,3,27,3.417906815807785
010700029_,шт,2026-10-01,18.852875937916007,forecast,True,boosting_squared,32,27,16.42024678463652
010700030_,шт,2026-10-01,27.040382243254133,forecast,True,boosting_squared,32,27,23.551300663479406
010700031_,шт,2026-10-01,20.30559925457571,forecast,True,boosting_squared,31,27,17.68552193140465
010700032_,шт,2026-10-01,16.981363585844477,forecast,True,boosting_squared,32,27,14.790219897348416
010700036_,шт,2026-10-01,,insufficient_history,True,boosting_squared,1,27,
010700037_,шт,2026-10-01,,insufficient_history,True,boosting_squared,1,27,
010700041_,шт,2026-10-01,3.7707089394686837,forecast,True,boosting_squared,4,27,3.284165850504982
010700042_,шт,2026-10-01,3.681286567508151,forecast,True,boosting_squared,3,27,3.2062818491200025
010700043_,шт,2026-10-01,4.274788770203433,forecast,True,boosting_squared,5,27,3.723203122435248
010700044_,шт,2026-10-01,3.681286567508151,forecast,True,boosting_squared,3,27,3.2062818491200025
010700045_,шт,2026-10-01,2.8324109149020114,forecast,True,boosting_squared,3,27,2.466938538785623
010700046_,шт,2026-10-01,1.7975024714330172,forecast,True,boosting_squared,4,27,1.5655666686674665
010700047_,шт,2026-10-01,,insufficient_history,True,boosting_squared,1,27,
010700048_,шт,2026-10-01,,insufficient_history,True,boosting_squared,1,27,
010700049_,шт,2026-10-01,,insufficient_history,True,boosting_squared,1,27,
010700055_,шт,2026-10-01,2.3883725113858425,forecast,True,boosting_squared,11,27,2.080195413142508
010700057_,,2026-10-01,,insufficient_history,True,boosting_squared,0,27,
010700058_,шт,2026-10-01,,insufficient_history,True,boosting_squared,1,27,
010700059_,шт,2026-10-01,,insufficient_history,True,boosting_squared,0,27,
010700068_,шт,2026-10-01,2.852905987010368,forecast,True,boosting_squared,5,27,2.484789085460643
010700071_,шт,2026-10-01,3.2015032251820377,forecast,True,boosting_squared,6,27,2.7884060348359685
010700081_,,2026-10-01,,insufficient_history,True,boosting_squared,0,27,
010700082_,,2026-10-01,,insufficient_history,True,boosting_squared,0,27,
010700084_,шт,2026-10-01,3.2263823334118773,forecast,True,boosting_squared,16,27,2.8100749355522803
010700102_,шт,2026-10-01,35.57111416607822,forecast,True,boosting_squared,32,27,30.981292983358447
010700103_,шт,2026-10-01,6.7110799381319834,forecast,True,boosting_squared,31,27,5.84513413966334
010700118_,шт,2026-10-01,6.198848769500064,forecast,True,boosting_squared,13,27,5.398997315371023
010700133_,шт,2026-10-01,29.125767627538085,forecast,True,boosting_squared,28,27,25.36760406269446
010700134_,шт,2026-10-01,59.492497095553425,forecast,True,boosting_squared,31,27,51.8160458574175
010700135_,шт,2026-10-01,101.1998576582907,forecast,True,boosting_squared,32,27,88.14181150883384
010700136_,шт,2026-10-01,8.543955308931364,forecast,True,boosting_squared,24,27,7.44150946261764
010700137_,шт,2026-10-01,48.15683847311997,forecast,True,boosting_squared,32,27,41.94305286368513
010700138_,шт,2026-10-01,9.100807986571409,forecast,True,boosting_squared,22,27,7.926510181852517
010700139_,шт,2026-10-01,1.802875184540672,forecast,True,boosting_squared,8,27,1.570246128470908
010700140_,шт,2026-10-01,,insufficient_history,True,boosting_squared,2,27,
010700141_,шт,2026-10-01,2.790456351585159,forecast,True,boosting_squared,4,27,2.4303974675096547
010700142_,шт,2026-10-01,,insufficient_history,True,boosting_squared,1,27,
010700143_,шт,2026-10-01,1.9716557117595277,forecast,True,boosting_squared,3,27,1.7172485231453951
010700144_,шт,2026-10-01,3.329709911166222,forecast,True,boosting_squared,20,27,2.900069922628645
010700145_,шт,2026-10-01,,insufficient_history,True,boosting_squared,1,27,
010700146_,шт,2026-10-01,4.535304053211002,forecast,True,boosting_squared,28,27,3.950103530216034
010700147_,шт,2026-10-01,4.619021359114951,forecast,True,boosting_squared,25,27,4.023018603100119
010700148_,шт,2026-10-01,4.188976681171678,forecast,True,boosting_squared,16,27,3.648463561020494
010700149_,шт,2026-10-01,2.8876543355718005,forecast,True,boosting_squared,11,27,2.515053776143181
010700150_,шт,2026-10-01,2.7462057478245496,forecast,True,boosting_squared,5,27,2.391856619072995
010700151_,шт,2026-10-01,,insufficient_history,True,boosting_squared,2,27,
010700152_,шт,2026-10-01,19.286310284413695,forecast,True,boosting_squared,6,27,16.797754118682896
010700153_,шт,2026-10-01,11.729826417187239,forecast,True,boosting_squared,22,27,10.216300427872756
010700154_,шт,2026-10-01,2.157476217916474,forecast,True,boosting_squared,6,27,1.8790921897982196
010700155_,шт,2026-10-01,14.284548768821086,forecast,True,boosting_squared,28,27,12.441381185747398
010700156_,шт,2026-10-01,8.106630300816338,forecast,True,boosting_squared,27,27,7.060613487807778
010700158_,шт,2026-10-01,5.533509168614683,forecast,True,boosting_squared,29,27,4.819507985567627
010700159_,шт,2026-10-01,3.394047092952657,forecast,True,boosting_squared,21,27,2.956105532571669
010700160_,шт,2026-10-01,9.866238262059998,forecast,True,boosting_squared,25,27,8.59317526050387
010700161_,шт,2026-10-01,3.2489118562515698,forecast,True,boosting_squared,15,27,2.8296974231868512
010700162_,шт,2026-10-01,2.388355691401033,forecast,True,boosting_squared,14,27,2.080180763478319
010700163_,шт,2026-10-01,6.756301395687781,forecast,True,boosting_squared,15,27,5.884520570437745
010700164_,шт,2026-10-01,2.382584806537985,forecast,True,boosting_squared,8,27,2.07515450892018
010700165_,шт,2026-10-01,3.20671595455323,forecast,True,boosting_squared,13,27,2.7929461539657168
010700166_,шт,2026-10-01,4.2930834695386,forecast,True,boosting_squared,10,27,3.739137215404587
010700167_,шт,2026-10-01,,insufficient_history,True,boosting_squared,1,27,
010700168_,шт,2026-10-01,2.91036915975422,forecast,True,boosting_squared,11,27,2.5348376552698046
010700169_,шт,2026-10-01,3.719051052762567,forecast,True,boosting_squared,20,27,3.239173497567397
010700170_,шт,2026-10-01,14.281665593239508,forecast,True,boosting_squared,9,27,12.438870032821507
010700171_,шт,2026-10-01,5.822505864679091,forecast,True,boosting_squared,11,27,5.07121478536566
010700172_,шт,2026-10-01,3.113167067683506,forecast,True,boosting_squared,11,27,2.711468091208215
010700175_,шт,2026-10-01,2.7858044767311347,forecast,True,boosting_squared,5,27,2.4263458345722784
010800001_,шт,2026-10-01,36.74243971612458,forecast,True,boosting_squared,32,27,32.00147975275367
010800002_,шт,2026-10-01,19.905037482066938,forecast,True,boosting_squared,32,27,17.33664554889701
010800003_,шт,2026-10-01,47.912992154412734,forecast,True,boosting_squared,32,27,41.73067058610142
010800004_,шт,2026-10-01,60.64343549886503,forecast,True,boosting_squared,32,27,52.81847607965664
010800005_,шт,2026-10-01,32.455593557486246,forecast,True,boosting_squared,32,27,28.267775033939635
010800006_,шт,2026-10-01,12.901459143877055,forecast,True,boosting_squared,32,27,11.236754738215499
010800009_,шт,2026-10-01,5.099274876799533,forecast,True,boosting_squared,21,27,4.441303924954432
010800010_,шт,2026-10-01,21.158358081197235,forecast,True,boosting_squared,32,27,18.428247361042754
010800011_,шт,2026-10-01,14.522495990554662,forecast,True,boosting_squared,32,27,12.648625540160513
010800012_,шт,2026-10-01,39.59319328988097,forecast,True,boosting_squared,32,27,34.48439415570278
010800015_,шт,2026-10-01,20.234094218181323,forecast,True,boosting_squared,32,27,17.623243351319214
010800016_,шт,2026-10-01,31.296173202691676,forecast,True,boosting_squared,32,27,27.25795730557017
010800017_,шт,2026-10-01,17.39379811855002,forecast,True,boosting_squared,32,27,15.149437070995178
010800018_,шт,2026-10-01,14.215110273683578,forecast,True,boosting_squared,30,27,12.380902496434084
010800019_,шт,2026-10-01,,insufficient_history,True,boosting_squared,2,27,
010800020_,шт,2026-10-01,2.7675107135529795,forecast,True,boosting_squared,3,27,2.410412556965498
010800021_,шт,2026-10-01,,insufficient_history,True,boosting_squared,2,27,
010800022_,шт,2026-10-01,,insufficient_history,True,boosting_squared,0,27,
010800023_,шт,2026-10-01,,insufficient_history,True,boosting_squared,1,27,
010800025_,шт,2026-10-01,2.893111591934121,forecast,True,boosting_squared,3,27,2.5198068703942345
010800027_,шт,2026-10-01,32.72550357959905,forecast,True,boosting_squared,32,27,28.50285795642498
010800028_,шт,2026-10-01,11.429818092609473,forecast,True,boosting_squared,32,27,9.955002854853413
010800029_,шт,2026-10-01,15.204365983042674,forecast,True,boosting_squared,32,27,13.242512307811362
010800030_,шт,2026-10-01,8.896860969982418,forecast,True,boosting_squared,27,27,7.748878909339526
010800031_,шт,2026-10-01,3.9958948926427227,forecast,True,boosting_squared,28,27,3.480295551656565
010800033_,шт,2026-10-01,15.467183566174521,forecast,True,boosting_squared,30,27,13.471417944732647
010800034_,шт,2026-10-01,20.223397171664892,forecast,True,boosting_squared,32,27,17.61392656886942
010800035_,шт,2026-10-01,40.00007870424441,forecast,True,boosting_squared,32,27,34.838778226277384
010800036_,шт,2026-10-01,,insufficient_history,True,boosting_squared,1,27,
010800037_,шт,2026-10-01,,insufficient_history,True,boosting_squared,1,27,
010800038_,шт,2026-10-01,,insufficient_history,True,boosting_squared,0,27,
010800039_,шт,2026-10-01,,insufficient_history,True,boosting_squared,1,27,
010800040_,шт,2026-10-01,,insufficient_history,True,boosting_squared,1,27,
010800041_,шт,2026-10-01,3.5239799942327004,forecast,True,boosting_squared,6,27,3.0692728982026742
010800042_,шт,2026-10-01,,insufficient_history,True,boosting_squared,2,27,
010800044_,,2026-10-01,,insufficient_history,True,boosting_squared,0,27,
010800045_,шт,2026-10-01,3.0403350384707934,forecast,True,boosting_squared,16,27,2.6480337431842393
010800046_,шт,2026-10-01,2.299119433131971,forecast,True,boosting_squared,15,27,2.0024588611149423
010800048_,шт,2026-10-01,,insufficient_history,True,boosting_squared,0,27,
010800049_,шт,2026-10-01,,insufficient_history,True,boosting_squared,1,27,
010800050_,шт,2026-10-01,,insufficient_history,True,boosting_squared,2,27,
010800051_,шт,2026-10-01,6.582574958883819,forecast,True,boosting_squared,11,27,5.733210448060101
010800052_,шт,2026-10-01,3.9242729305823594,forecast,True,boosting_squared,15,27,3.4179151330878614
010800053_,шт,2026-10-01,6.456375402329738,forecast,True,boosting_squared,5,27,5.623294705254932
010800054_,шт,2026-10-01,,insufficient_history,True,boosting_squared,2,27,
010800055_,шт,2026-10-01,13.642168691855863,forecast,True,boosting_squared,32,27,11.881888860648655
010800056_,шт,2026-10-01,9.184687102842094,forecast,True,boosting_squared,3,27,7.99956618634634
010800057_,шт,2026-10-01,8.896641953341497,forecast,True,boosting_squared,4,27,7.748688152910336
010800058_,шт,2026-10-01,,insufficient_history,True,boosting_squared,2,27,
010800060_,шт,2026-10-01,3.5593752889073746,forecast,True,boosting_squared,4,27,3.1001010580806163
010800061_,шт,2026-10-01,2.1492873094971117,forecast,True,boosting_squared,4,27,1.8719599147232908
010800062_,шт,2026-10-01,3.7281718829716066,forecast,True,boosting_squared,5,27,3.2471174464591415
010800070_,шт,2026-10-01,12.475882727734387,forecast,True,boosting_squared,4,27,10.866091408026723
010800106_,шт,2026-10-01,,insufficient_history,True,boosting_squared,2,27,
010800115_,шт,2026-10-01,,insufficient_history,True,boosting_squared,0,27,
010800139_,шт,2026-10-01,3.510854790458214,forecast,True,boosting_squared,25,27,3.057841269108767
010800202_,,2026-10-01,,insufficient_history,True,boosting_squared,0,27,
010800203_,шт,2026-10-01,,insufficient_history,True,boosting_squared,0,27,
010800204_,,2026-10-01,,insufficient_history,True,boosting_squared,0,27,
010800205_,,2026-10-01,,insufficient_history,True,boosting_squared,0,27,
010800206_,,2026-10-01,,insufficient_history,True,boosting_squared,0,27,
010800207_,,2026-10-01,,insufficient_history,True,boosting_squared,0,27,
010800208_,,2026-10-01,,insufficient_history,True,boosting_squared,0,27,
010800209_,шт,2026-10-01,,insufficient_history,True,boosting_squared,0,27,
010800210_,,2026-10-01,,insufficient_history,True,boosting_squared,0,27,
010800211_,,2026-10-01,,insufficient_history,True,boosting_squared,0,27,
010800212_,,2026-10-01,,insufficient_history,True,boosting_squared,0,27,
010800213_,,2026-10-01,,insufficient_history,True,boosting_squared,0,27,
010800257_,,2026-10-01,,insufficient_history,True,boosting_squared,0,27,
010800258_,шт,2026-10-01,2.5655546260905853,forecast,True,boosting_squared,3,27,2.234515319498252
011100062_,шт,2026-10-01,,insufficient_history,True,boosting_squared,2,27,
011100063_,шт,2026-10-01,2.916544180441032,forecast,True,boosting_squared,5,27,2.5402158990938024
011100064_,шт,2026-10-01,2.8648647438316694,forecast,True,boosting_squared,3,27,2.4952047768856476
011100065_,шт,2026-10-01,3.0369422760672777,forecast,True,boosting_squared,4,27,2.6450787565747254
011100066_,шт,2026-10-01,,insufficient_history,True,boosting_squared,0,27,
011100067_,шт,2026-10-01,2.3833849898978476,forecast,True,boosting_squared,6,27,2.0758514428142543
011100068_,шт,2026-10-01,4.393600462271709,forecast,True,boosting_squared,11,27,3.8266842735914883
011100069_,шт,2026-10-01,3.5743343843905184,forecast,True,boosting_squared,8,27,3.1131299476949676
011100071_,шт,2026-10-01,3.3192467159999777,forecast,True,boosting_squared,4,27,2.8909568171612707
011100098_,шт,2026-10-01,,insufficient_history,True,boosting_squared,2,27,
011100121_,шт,2026-10-01,,insufficient_history,True,boosting_squared,2,27,
011100123_,шт,2026-10-01,,insufficient_history,True,boosting_squared,1,27,
011100124_,шт,2026-10-01,2.3819119087415013,forecast,True,boosting_squared,3,27,2.0745684366458237
011100126_,шт,2026-10-01,9.702380375079866,forecast,True,boosting_squared,4,27,8.450460326682464
011100210_,шт,2026-10-01,,insufficient_history,True,boosting_squared,1,27,
011100245_,шт,2026-10-01,3.8587770918510222,forecast,True,boosting_squared,3,27,3.3608703703218583
011100249_,шт,2026-10-01,,insufficient_history,True,boosting_squared,1,27,
011100251_,шт,2026-10-01,,insufficient_history,True,boosting_squared,1,27,
011100253_,шт,2026-10-01,,insufficient_history,True,boosting_squared,0,27,
011100354_,шт,2026-10-01,,insufficient_history,True,boosting_squared,2,27,
020100001_,шт,2026-10-01,9.173943393535033,forecast,True,boosting_squared,24,27,7.990208762111158
020100002_,шт,2026-10-01,14.669624868912628,forecast,True,boosting_squared,27,27,12.77677004711745
020100003_,шт,2026-10-01,13.242438201377746,forecast,True,boosting_squared,26,27,11.533736497974166
020100004_,шт,2026-10-01,12.780904947497516,forecast,True,boosting_squared,28,27,11.131755922013966
020100005_,шт,2026-10-01,66.1960113925804,forecast,True,boosting_squared,31,27,57.65459056773132
020100006_,шт,2026-10-01,35.20810937462598,forecast,True,boosting_squared,32,27,30.66512751983553
020100007_,шт,2026-10-01,12.236304404381261,forecast,True,boosting_squared,24,27,10.657426416719163
020100008_,шт,2026-10-01,3.4727407133015333,forecast,True,boosting_squared,13,27,3.024645137391658
020100009_,шт,2026-10-01,10.387807127758942,forecast,True,boosting_squared,17,27,9.04744491772553
020100010_,шт,2026-10-01,18.091644344934096,forecast,True,boosting_squared,19,27,15.757238623007117
020100011_,шт,2026-10-01,6.554833222095845,forecast,True,boosting_squared,20,27,5.70904829021251
020100012_,шт,2026-10-01,17.896202184597374,forecast,True,boosting_squared,30,27,15.58701480593965
020100013_,шт,2026-10-01,39.38448735135513,forecast,True,boosting_squared,32,27,34.30261801569641
020100015_,шт,2026-10-01,7.027864732312415,forecast,True,boosting_squared,24,27,6.121043476530168
020100017_,шт,2026-10-01,5.5764906891366,forecast,True,boosting_squared,21,27,4.8569435034415545
020100018_,шт,2026-10-01,3.7647595789144437,forecast,True,boosting_squared,23,27,3.278984149377096
020100019_,шт,2026-10-01,11.079893630360035,forecast,True,boosting_squared,27,27,9.650229936120029
020100020_,шт,2026-10-01,63.40617278366038,forecast,True,boosting_squared,31,27,55.22473113415581
020100021_,шт,2026-10-01,39.43814882808354,forecast,True,boosting_squared,32,27,34.349355430911466
020100022_,шт,2026-10-01,14.713975936857102,forecast,True,boosting_squared,28,27,12.815398396617475
020100023_,шт,2026-10-01,3.0916309030358002,forecast,True,boosting_squared,6,27,2.6927107865150517
020100044_,шт,2026-10-01,5.954843700936843,forecast,True,boosting_squared,21,27,5.186476771783702
020100045_,шт,2026-10-01,3.0837794402407237,forecast,True,boosting_squared,22,27,2.6858724156935336
020300080_,шт,2026-10-01,14.065407001680963,forecast,True,boosting_squared,9,27,12.250515775657613
020300082_,шт,2026-10-01,7.589552169880776,forecast,True,boosting_squared,5,27,6.6102551157026115
020300085_,,2026-10-01,,insufficient_history,True,boosting_squared,0,27,
020300088_,шт,2026-10-01,2.9272737313856316,forecast,True,boosting_squared,8,27,2.549560991852002
020300150_,шт,2026-10-01,2.5461585574633925,forecast,True,boosting_squared,5,27,2.2176219694036
030200406_,шт,2026-10-01,225.69660634804086,forecast,True,boosting_squared,32,27,196.57446359345494
030200407_,шт,2026-10-01,120.1050745944998,forecast,True,boosting_squared,32,27,104.60764561456433
030200408_,шт,2026-10-01,21.704524323216727,forecast,True,boosting_squared,27,27,18.90394053957586
030200409_,шт,2026-10-01,59.65482112256963,forecast,True,boosting_squared,32,27,51.957424848689676
030200410_,шт,2026-10-01,10.980042425544495,forecast,True,boosting_squared,17,27,9.563262757732302
030200411_,шт,2026-10-01,11.648008383608843,forecast,True,boosting_squared,27,27,10.14503955991738
030200412_,шт,2026-10-01,12.07451788298854,forecast,True,boosting_squared,22,27,10.516515575506148
030200413_,шт,2026-10-01,64.2320752581554,forecast,True,boosting_squared,31,27,55.94406554742567
030200414_,шт,2026-10-01,72.32064444946492,forecast,True,boosting_squared,32,27,62.98894839146945
030200415_,шт,2026-10-01,435.8710607387254,forecast,True,boosting_squared,32,27,379.62963354663185
030200416_,шт,2026-10-01,81.71515616361913,forecast,True,boosting_squared,32,27,71.1712650457328
030200417_,шт,2026-10-01,59.799224822287606,forecast,True,boosting_squared,31,27,52.08319581296017
030200418_,шт,2026-10-01,13.012688204051592,forecast,True,boosting_squared,29,27,11.333631661593321
030200419_,шт,2026-10-01,5.125537605512646,forecast,True,boosting_squared,18,27,4.464177914478756
030200420_,шт,2026-10-01,26.981102207482675,forecast,True,boosting_squared,32,27,23.499669664581685
030200421_,шт,2026-10-01,11.301508095778015,forecast,True,boosting_squared,19,27,9.843248986645369
030200422_,шт,2026-10-01,21.194419406302522,forecast,True,boosting_squared,32,27,18.459655611940907
030200423_,шт,2026-10-01,8.185226387600716,forecast,True,boosting_squared,15,27,7.1290681440393335
030200424_,шт,2026-10-01,6.165026876646111,forecast,True,boosting_squared,23,27,5.369539537724032
030200425_,шт,2026-10-01,10.928321890350281,forecast,True,boosting_squared,28,27,9.518215839982505
030200426_,шт,2026-10-01,18.5083038278569,forecast,True,boosting_squared,30,27,16.120135592004395
030200427_,шт,2026-10-01,10.354290841284048,forecast,True,boosting_squared,24,27,9.018253313376428
030200428_,шт,2026-10-01,35.713801065348534,forecast,True,boosting_squared,31,27,31.105568669819693
030200429_,шт,2026-10-01,105.8245353241899,forecast,True,boosting_squared,32,27,92.16975657268152
030200430_,шт,2026-10-01,33.778831995566335,forecast,True,boosting_squared,32,27,29.420273028396487
030200431_,шт,2026-10-01,11.959305602286397,forecast,True,boosting_squared,32,27,10.416169395539766
030200432_,шт,2026-10-01,12.190355742050007,forecast,True,boosting_squared,24,27,10.617406614043555
030200433_,шт,2026-10-01,6.61255349301728,forecast,True,boosting_squared,25,27,5.759320784240856
030200434_,шт,2026-10-01,221.78468438153558,forecast,True,boosting_squared,32,27,193.16730575166002
030200435_,шт,2026-10-01,120.15497438257195,forecast,True,boosting_squared,32,27,104.6511067203046
030200436_,шт,2026-10-01,3.3094517207570897,forecast,True,boosting_squared,15,27,2.882425692272304
030200437_,шт,2026-10-01,89.30406273288288,forecast,True,boosting_squared,32,27,77.78095786412379
030200438_,шт,2026-10-01,3.174669443810633,forecast,True,boosting_squared,14,27,2.7650346768673257
030200439_,шт,2026-10-01,13.65906082183685,forecast,True,boosting_squared,32,27,11.896601360954675
030200440_,шт,2026-10-01,20.126760046022735,forecast,True,boosting_squared,31,27,17.529758749761736
030200441_,шт,2026-10-01,92.93614933767306,forecast,True,boosting_squared,32,27,80.94438813281202
030200442_,шт,2026-10-01,13.259735008453012,forecast,True,boosting_squared,19,27,11.548801458975204
030200443_,шт,2026-10-01,327.24615205700854,forecast,True,boosting_squared,32,27,285.0208421141687
030200444_,шт,2026-10-01,89.57681463610686,forecast,True,boosting_squared,32,27,78.01851597338339
030200445_,шт,2026-10-01,41.50268224401761,forecast,True,boosting_squared,32,27,36.14749743833792
030200446_,шт,2026-10-01,11.778688138702297,forecast,True,boosting_squared,32,27,10.258857411127806
030200447_,шт,2026-10-01,13.11130354881218,forecast,True,boosting_squared,28,27,11.41952244573964
030200448_,шт,2026-10-01,960.201414400071,forecast,True,boosting_squared,32,27,836.3044577032877
030200449_,шт,2026-10-01,59.91386488438984,forecast,True,boosting_squared,32,27,52.1830436089847
030200450_,шт,2026-10-01,400.7345526726405,forecast,True,boosting_squared,32,27,349.026868456816
030200451_,шт,2026-10-01,35.583053196825,forecast,True,boosting_squared,32,27,30.99169149400887
030200452_,шт,2026-10-01,56.45258846151311,forecast,True,boosting_squared,32,27,49.16838349873723
030200453_,шт,2026-10-01,224.16182754207037,forecast,True,boosting_squared,32,27,195.2377207624484
030200454_,шт,2026-10-01,107.81141349169073,forecast,True,boosting_squared,32,27,93.90026336373063
030200455_,шт,2026-10-01,9.519301855935447,forecast,True,boosting_squared,19,27,8.291004842266357
030200456_,шт,2026-10-01,20.157891910614552,forecast,True,boosting_squared,31,27,17.556873599567513
030200457_,шт,2026-10-01,306.13287731267434,forecast,True,boosting_squared,32,27,266.63186088523247
030200458_,шт,2026-10-01,1038.474244513576,forecast,True,boosting_squared,32,27,904.4775678021468
030200459_,шт,2026-10-01,162.16372148707478,forecast,True,boosting_squared,32,27,141.2393703274522
030200460_,шт,2026-10-01,1916.4799006779465,forecast,True,boosting_squared,32,27,1669.1921715582116
030200461_,шт,2026-10-01,1211.3764440953578,forecast,True,boosting_squared,32,27,1055.0698061475696
030200462_,шт,2026-10-01,39.45675291375874,forecast,True,boosting_squared,30,27,34.36555898940278
030200463_,шт,2026-10-01,1938.3629647377702,forecast,True,boosting_squared,32,27,1688.2516144490257
030200464_,шт,2026-10-01,765.7607790504045,forecast,True,boosting_squared,32,27,666.9529365922878
030200465_,шт,2026-10-01,401.43049436683424,forecast,True,boosting_squared,32,27,349.63301122272657
030200466_,шт,2026-10-01,103.46062135793507,forecast,True,boosting_squared,32,27,90.1108637633628
030200467_,шт,2026-10-01,98.18481540018517,forecast,True,boosting_squared,32,27,85.5158069614516
030200468_,шт,2026-10-01,14.016568248964047,forecast,True,boosting_squared,30,27,12.207978797484815
030200469_,шт,2026-10-01,9.589667886913034,forecast,True,boosting_squared,23,27,8.352291385375867
030200470_,шт,2026-10-01,68.36363201562129,forecast,True,boosting_squared,32,27,59.542518207154025
030200471_,шт,2026-10-01,536.7870397670904,forecast,True,boosting_squared,32,27,467.5241959261755
030200472_,шт,2026-10-01,141.5764023928991,forecast,True,boosting_squared,32,27,123.30847950349276
030200473_,шт,2026-10-01,7.9341882942252875,forecast,True,boosting_squared,27,27,6.910422062712347
030200474_,шт,2026-10-01,89.71814402965167,forecast,True,boosting_squared,32,27,78.14160931614823
030200475_,шт,2026-10-01,8.555286618899649,forecast,True,boosting_squared,27,27,7.451378668073888
030200476_,шт,2026-10-01,21.319073748166044,forecast,True,boosting_squared,32,27,18.568225522596233
030200477_,шт,2026-10-01,27.3912426317802,forecast,True,boosting_squared,32,27,23.85688874380856
030200478_,шт,2026-10-01,74.3378243442535,forecast,True,boosting_squared,32,27,64.74584700951111
030200479_,шт,2026-10-01,37.8033494786176,forecast,True,boosting_squared,31,27,32.92549793298952
030200480_,шт,2026-10-01,448.89157661870297,forecast,True,boosting_squared,32,27,390.970082861451
030200481_,шт,2026-10-01,152.20768626476396,forecast,True,boosting_squared,32,27,132.56798481124602
030200482_,шт,2026-10-01,79.58731372190447,forecast,True,boosting_squared,32,27,69.31798291907808
030200483_,шт,2026-10-01,24.37944853253833,forecast,True,boosting_squared,31,27,21.233713238017256
030200484_,шт,2026-10-01,13.653685359799816,forecast,True,boosting_squared,30,27,11.89191950692242
030200485_,шт,2026-10-01,2582.8030753982493,forecast,True,boosting_squared,32,27,2249.538162443637
030200486_,шт,2026-10-01,787.7031235476168,forecast,True,boosting_squared,32,27,686.0640108317953
030200487_,шт,2026-10-01,32.581592569020046,forecast,True,boosting_squared,32,27,28.377516108501332
030200488_,шт,2026-10-01,460.52114957250143,forecast,True,boosting_squared,32,27,401.09906575669476
030200489_,шт,2026-10-01,21.413041800092003,forecast,True,boosting_squared,31,27,18.650068664596258
030200490_,шт,2026-10-01,102.13517155183831,forecast,True,boosting_squared,32,27,88.95643973869788
030200491_,шт,2026-10-01,98.95738760009594,forecast,True,boosting_squared,32,27,86.18869242589003
030200492_,шт,2026-10-01,560.6035596255043,forecast,True,boosting_squared,32,27,488.2676164480199
030200493_,шт,2026-10-01,131.13521430881477,forecast,True,boosting_squared,32,27,114.21454149477415
030200494_,шт,2026-10-01,2268.2096966263703,forecast,True,boosting_squared,32,27,1975.5374777068384
030200495_,шт,2026-10-01,605.2428750922196,forecast,True,boosting_squared,32,27,527.1470202416106
030200496_,шт,2026-10-01,264.51829332432686,forecast,True,boosting_squared,32,27,230.38690063731696
030200497_,шт,2026-10-01,69.95172486353503,forecast,True,boosting_squared,32,27,60.925695848885354
030200498_,шт,2026-10-01,53.822857915802885,forecast,True,boosting_squared,30,27,46.87797302344122
030200499_,шт,2026-10-01,227.72303621968499,forecast,True,boosting_squared,32,27,198.33941864295144
030200500_,шт,2026-10-01,159.67889928805843,forecast,True,boosting_squared,32,27,139.0751703476638
030200501_,шт,2026-10-01,11.222878564908902,forecast,True,boosting_squared,25,27,9.77476520169485
030200502_,шт,2026-10-01,79.09576322054474,forecast,True,boosting_squared,32,27,68.88985828886155
030200503_,шт,2026-10-01,7.172012954838519,forecast,True,boosting_squared,24,27,6.246591928407742
030200504_,шт,2026-10-01,19.241369994180904,forecast,True,boosting_squared,30,27,16.758612575576915
030200505_,шт,2026-10-01,28.587476349917043,forecast,True,boosting_squared,30,27,24.898769724121294
030200506_,шт,2026-10-01,82.38344855178251,forecast,True,boosting_squared,32,27,71.75332615800413
030200507_,шт,2026-10-01,51.83230645521791,forecast,True,boosting_squared,31,27,45.14426691260915
030200508_,шт,2026-10-01,553.9194061643801,forecast,True,boosting_squared,32,27,482.4459344012343
030200509_,шт,2026-10-01,104.58423904364997,forecast,True,boosting_squared,32,27,91.08949852188869
030200510_,шт,2026-10-01,39.395757797882105,forecast,True,boosting_squared,31,27,34.31243421105861
030200511_,шт,2026-10-01,17.678895637987626,forecast,True,boosting_squared,30,27,15.397747813731158
030200512_,шт,2026-10-01,16.26131693953499,forecast,True,boosting_squared,25,27,14.163082495724023
030200513_,шт,2026-10-01,5.391009405845973,forecast,True,boosting_squared,16,27,4.695395288962622
030200514_,шт,2026-10-01,505.74279737908927,forecast,True,boosting_squared,32,27,440.4856622334004
030200515_,шт,2026-10-01,228.2683197923938,forecast,True,boosting_squared,32,27,198.81434304498816
030200516_,шт,2026-10-01,294.81405691285414,forecast,True,boosting_squared,32,27,256.7735334402278
030200517_,шт,2026-10-01,790.5091845849612,forecast,True,boosting_squared,32,27,688.5079994772243
030200518_,шт,2026-10-01,430.209196502124,forecast,True,boosting_squared,32,27,374.6983324373338
030200519_,шт,2026-10-01,31.816894285241503,forecast,True,boosting_squared,27,27,27.711488571016794
030200520_,шт,2026-10-01,10.33546080521391,forecast,True,boosting_squared,21,27,9.001852959379857
030200521_,шт,2026-10-01,9.936237762299067,forecast,True,boosting_squared,15,27,8.654142567163703
030200522_,шт,2026-10-01,124.17141183681682,forecast,True,boosting_squared,26,27,108.14929418045337
030200523_,шт,2026-10-01,,insufficient_history,True,boosting_squared,0,27,
030200524_,шт,2026-10-01,8.764257782617825,forecast,True,boosting_squared,10,27,7.633385810667138
030200525_,шт,2026-10-01,210.66225009316622,forecast,True,boosting_squared,25,27,183.48002427469316
030200527_,шт,2026-10-01,10.22915016250903,forecast,True,boosting_squared,25,27,8.909259818959478
030200528_,шт,2026-10-01,113.48168505434077,forecast,True,boosting_squared,24,27,98.83888698281292
030200529_,шт,2026-10-01,2.601614849014518,forecast,True,boosting_squared,4,27,2.2659226104319994
030200530_,шт,2026-10-01,57.70096595454086,forecast,True,boosting_squared,30,27,50.25568002492268
030200531_,шт,2026-10-01,310.62035721201556,forecast,True,boosting_squared,31,27,270.5403111201426
030200532_,шт,2026-10-01,1.872009757620961,forecast,True,boosting_squared,5,27,1.6304601114763206
030200533_,шт,2026-10-01,50.25301586708815,forecast,True,boosting_squared,31,27,43.76875575520581
030200534_,шт,2026-10-01,279.85447618173913,forecast,True,boosting_squared,25,27,243.744221190547
030200535_,шт,2026-10-01,6.39214522785333,forecast,True,boosting_squared,9,27,5.567352295227094
030200536_,шт,2026-10-01,318.7488342255363,forecast,True,boosting_squared,32,27,277.6199523899832
030200538_,шт,2026-10-01,2.7774578025548475,forecast,True,boosting_squared,19,27,2.4190761506122866
030200539_,шт,2026-10-01,8.695122842759908,forecast,True,boosting_squared,26,27,7.573171508210242
030200540_,шт,2026-10-01,4.6721291802135525,forecast,True,boosting_squared,15,27,4.069273802121481
030200541_,шт,2026-10-01,10.760611764274437,forecast,True,boosting_squared,24,27,9.372145730174509
030200542_,шт,2026-10-01,9.795205602943636,forecast,True,boosting_squared,21,27,8.531308105789618
030200543_,шт,2026-10-01,12.097867355347512,forecast,True,boosting_squared,30,27,10.536852212722026
030200550_,шт,2026-10-01,33.78136991344447,forecast,True,boosting_squared,18,27,29.422483473000025
030200551_,шт,2026-10-01,6.1314410919363995,forecast,True,boosting_squared,26,27,5.340287402654284
030200552_,шт,2026-10-01,3.002119443531216,forecast,True,boosting_squared,10,27,2.6147491927529947
030200553_,шт,2026-10-01,5.631913970207455,forecast,True,boosting_squared,27,27,4.905215393406492
030200554_,шт,2026-10-01,3.4856341174766783,forecast,True,boosting_squared,6,27,3.0358748765119454
030200555_,шт,2026-10-01,4.141583072566337,forecast,True,boosting_squared,16,27,3.6071852567513254
030200556_,шт,2026-10-01,5.9248715352748045,forecast,True,boosting_squared,17,27,5.1603719823361205
030200557_,шт,2026-10-01,12.63853523687248,forecast,True,boosting_squared,23,27,11.007756496630869
030200558_,шт,2026-10-01,3.023738319089288,forecast,True,boosting_squared,5,27,2.633578535980993
030200559_,шт,2026-10-01,13.807444311336344,forecast,True,boosting_squared,28,27,12.025838593744556
030200560_,шт,2026-10-01,9.517260270174459,forecast,True,boosting_squared,24,27,8.289226686926142
030200561_,шт,2026-10-01,6.911834292976084,forecast,True,boosting_squared,24,27,6.019984706785622
030200562_,шт,2026-10-01,3.565096243897086,forecast,True,boosting_squared,18,27,3.10508382532972
030200563_,шт,2026-10-01,9.343127504093601,forecast,True,boosting_squared,11,27,8.137562664855716
030200564_,шт,2026-10-01,4.052676710386794,forecast,True,boosting_squared,4,27,3.5297506832401107
030200565_,шт,2026-10-01,30.882790472124167,forecast,True,boosting_squared,22,27,26.897914282172664
030200566_,шт,2026-10-01,7.630924402622006,forecast,True,boosting_squared,12,27,6.6462889958320694
030200567_,шт,2026-10-01,5.159950243657844,forecast,True,boosting_squared,21,27,4.4941502122181225
030200568_,шт,2026-10-01,7.083700819452703,forecast,True,boosting_squared,20,27,6.169674907265258
030200739_,шт,2026-10-01,6.575645214502956,forecast,True,boosting_squared,21,27,5.7271748642445095
030200740_,шт,2026-10-01,9.249632534277659,forecast,True,boosting_squared,18,27,8.0561315621128
030200741_,шт,2026-10-01,8.597971250625562,forecast,True,boosting_squared,23,27,7.488555605383555
030200742_,шт,2026-10-01,3.5986095006298395,forecast,True,boosting_squared,13,27,3.1342727908711505
030200743_,шт,2026-10-01,14.15672046493508,forecast,True,boosting_squared,27,27,12.33004685655636
030200744_,шт,2026-10-01,44.64906899596888,forecast,True,boosting_squared,32,27,38.88789880294063
030200745_,шт,2026-10-01,5.700621792664605,forecast,True,boosting_squared,17,27,4.965057690385301
030200746_,шт,2026-10-01,2.7028134157343415,forecast,True,boosting_squared,3,27,2.3540632975750717
030200747_,шт,2026-10-01,2.150835446631466,forecast,True,boosting_squared,9,27,1.8733082922274058
030200748_,шт,2026-10-01,6.445405886492401,forecast,True,boosting_squared,24,27,5.613740610815962
030200751_,шт,2026-10-01,4.9935564937229335,forecast,True,boosting_squared,10,27,4.349226623565135
030200752_,шт,2026-10-01,8.955516804733557,forecast,True,boosting_squared,29,27,7.799966249284066
030200753_,шт,2026-10-01,27.455343105204538,forecast,True,boosting_squared,32,27,23.91271818840395
030200754_,шт,2026-10-01,,insufficient_history,True,boosting_squared,2,27,
030200755_,шт,2026-10-01,3.936305354139233,forecast,True,boosting_squared,13,27,3.428394985863203
030200756_,шт,2026-10-01,3.370453971249544,forecast,True,boosting_squared,16,27,2.9355566846366994
030200757_,шт,2026-10-01,4.93661530389869,forecast,True,boosting_squared,23,27,4.299632684040795
030200758_,шт,2026-10-01,9.878259501038839,forecast,True,boosting_squared,30,27,8.603645371872537
030200759_,шт,2026-10-01,2.2033230790286846,forecast,True,boosting_squared,4,27,1.9190233268959511
030200761_,шт,2026-10-01,,insufficient_history,True,boosting_squared,1,27,
030200764_,шт,2026-10-01,,insufficient_history,True,boosting_squared,0,27,
030200765_,шт,2026-10-01,2.5977334318993837,forecast,True,boosting_squared,3,27,2.2625420213317216
030200766_,шт,2026-10-01,,insufficient_history,True,boosting_squared,0,27,
030200767_,шт,2026-10-01,2.537234131432682,forecast,True,boosting_squared,3,27,2.209849082215561
030200768_,шт,2026-10-01,1.978526771304643,forecast,True,boosting_squared,4,27,1.7232329943621083
030200769_,шт,2026-10-01,,insufficient_history,True,boosting_squared,2,27,
030200770_,шт,2026-10-01,7.149222931964487,forecast,True,boosting_squared,5,27,6.226742553646488
030200771_,шт,2026-10-01,4.337006651067631,forecast,True,boosting_squared,25,27,3.777392889639549
030200772_,шт,2026-10-01,7.897208665765435,forecast,True,boosting_squared,9,27,6.878213999215056
030200773_,шт,2026-10-01,7.161800102043448,forecast,True,boosting_squared,26,27,6.2376968630701
030200774_,шт,2026-10-01,15.512713638400184,forecast,True,boosting_squared,22,27,13.511073168929194
030200775_,шт,2026-10-01,7.5667439035789865,forecast,True,boosting_squared,18,27,6.590389851504279
030200776_,шт,2026-10-01,4.722003536086593,forecast,True,boosting_squared,23,27,4.11271275723671
030200777_,шт,2026-10-01,11.35360362943973,forecast,True,boosting_squared,14,27,9.888622515963636
030200778_,шт,2026-10-01,7.924915278254933,forecast,True,boosting_squared,13,27,6.902345564931716
030200779_,шт,2026-10-01,7.541979663543274,forecast,True,boosting_squared,23,27,6.568820997279626
030200780_,шт,2026-10-01,16.512770335621777,forecast,True,boosting_squared,30,27,14.382090292315741
030200781_,шт,2026-10-01,2.650782394160277,forecast,True,boosting_squared,7,27,2.308745956204112
030200782_,шт,2026-10-01,19.705769898703885,forecast,True,boosting_squared,27,27,17.163089911774353
030200784_,шт,2026-10-01,,insufficient_history,True,boosting_squared,0,27,
030200785_,шт,2026-10-01,4.664177098526664,forecast,True,boosting_squared,10,27,4.0623477954909655
030200786_,шт,2026-10-01,,insufficient_history,True,boosting_squared,1,27,
030200787_,шт,2026-10-01,2.6545287475793966,forecast,True,boosting_squared,12,27,2.312008909182055
030200789_,шт,2026-10-01,5.647776053264152,forecast,True,boosting_squared,10,27,4.919030756068777
030200809_,шт,2026-10-01,3.7682214960722034,forecast,True,boosting_squared,5,27,3.281999367546758
030200810_,шт,2026-10-01,67.36029861360316,forecast,True,boosting_squared,32,27,58.668647179589854
030200811_,шт,2026-10-01,30.667155486597984,forecast,True,boosting_squared,32,27,26.71010316574663
030200812_,шт,2026-10-01,8.335108483683776,forecast,True,boosting_squared,5,27,7.259610614821353
030200813_,шт,2026-10-01,13.157054429426303,forecast,True,boosting_squared,30,27,11.459369986919683
030200814_,шт,2026-10-01,2.4328151291268587,forecast,True,boosting_squared,5,27,2.1189034995621028
030200815_,шт,2026-10-01,3.815568325202762,forecast,True,boosting_squared,22,27,3.3232369284024057
030200816_,шт,2026-10-01,7.411488494959589,forecast,True,boosting_squared,21,27,6.455167398835772
030200817_,шт,2026-10-01,16.731653106185846,forecast,True,boosting_squared,27,27,14.572730124742511
030200818_,шт,2026-10-01,5.995283562154197,forecast,True,boosting_squared,14,27,5.221698586392365
030200819_,шт,2026-10-01,65.33158121495342,forecast,True,boosting_squared,32,27,56.90169976786265
030200820_,шт,2026-10-01,17.00069777401167,forecast,True,boosting_squared,30,27,14.807059351558552
030200821_,шт,2026-10-01,11.230874043005517,forecast,True,boosting_squared,30,27,9.781729005198354
030200822_,шт,2026-10-01,9.711935379930745,forecast,True,boosting_squared,22,27,8.458782427681617
030200823_,шт,2026-10-01,3.817614153195995,forecast,True,boosting_squared,16,27,3.32501877859006
030200824_,шт,2026-10-01,5.273703500528142,forecast,True,boosting_squared,18,27,4.593225629492252
030200825_,шт,2026-10-01,5.407059364238192,forecast,True,boosting_squared,11,27,4.709374284981651
030200826_,шт,2026-10-01,5.459299229070979,forecast,True,boosting_squared,3,27,4.754873522094078
030200827_,шт,2026-10-01,264.26533826851386,forecast,True,boosting_squared,32,27,230.1665849435443
030200828_,шт,2026-10-01,102.96076496465149,forecast,True,boosting_squared,32,27,89.67550496921258
030200829_,шт,2026-10-01,4.478231498776758,forecast,True,boosting_squared,12,27,3.9003951763539506
030200830_,шт,2026-10-01,47.4375887115074,forecast,True,boosting_squared,32,27,41.3166095229258
030200831_,шт,2026-10-01,4.988162213087445,forecast,True,boosting_squared,10,27,4.3445283791406775
030200832_,шт,2026-10-01,25.02712972071353,forecast,True,boosting_squared,28,27,21.797822659976298
030200833_,шт,2026-10-01,18.249128946609776,forecast,True,boosting_squared,27,27,15.894402630918192
030200834_,шт,2026-10-01,32.22577783506187,forecast,True,boosting_squared,30,27,28.067612953118402
030200835_,шт,2026-10-01,10.420457478646078,forecast,True,boosting_squared,20,27,9.0758823201111
030200836_,шт,2026-10-01,295.9904390895829,forecast,True,boosting_squared,32,27,257.7981243683464
030200837_,шт,2026-10-01,61.119430191605964,forecast,True,boosting_squared,31,27,53.233052102366486
030200838_,шт,2026-10-01,25.019934954570328,forecast,True,boosting_squared,32,27,21.7915562507548
030200839_,шт,2026-10-01,15.177950098409328,forecast,True,boosting_squared,31,27,13.219504924421027
030200840_,шт,2026-10-01,11.073679803522056,forecast,True,boosting_squared,26,27,9.644817893390178
030200841_,шт,2026-10-01,31.001249163077254,forecast,True,boosting_squared,15,27,27.001087980744707
030200842_,шт,2026-10-01,4.0428427996086596,forecast,True,boosting_squared,8,27,3.521185664175284
030200843_,шт,2026-10-01,14.69693273867524,forecast,True,boosting_squared,14,27,12.80055432078166
030200844_,шт,2026-10-01,12.18319588596707,forecast,True,boosting_squared,19,27,10.611170610358416
030200845_,шт,2026-10-01,4.632312094641509,forecast,True,boosting_squared,3,27,4.034594405010346
030200846_,шт,2026-10-01,17.52891433519661,forecast,True,boosting_squared,5,27,15.267118937106725
030200847_,шт,2026-10-01,6.564062963345982,forecast,True,boosting_squared,18,27,5.717087097107791
030200848_,шт,2026-10-01,8.384830998629262,forecast,True,boosting_squared,8,27,7.302917321386777
030200849_,шт,2026-10-01,5.063029937750692,forecast,True,boosting_squared,10,27,4.409735752234474
030200850_,шт,2026-10-01,3.0937947241295674,forecast,True,boosting_squared,6,27,2.6945954048870426
030200851_,шт,2026-10-01,4.163452524202627,forecast,True,boosting_squared,13,27,3.626232843660352
030200852_,шт,2026-10-01,,insufficient_history,True,boosting_squared,2,27,
030200853_,шт,2026-10-01,3.0117517413192902,forecast,True,boosting_squared,7,27,2.6231386134071237
030200854_,шт,2026-10-01,,insufficient_history,True,boosting_squared,2,27,
030200855_,шт,2026-10-01,6.209519651882099,forecast,True,boosting_squared,18,27,5.408291309703763
030200856_,шт,2026-10-01,5.346412586297022,forecast,True,boosting_squared,18,27,4.656552897742568
030200857_,шт,2026-10-01,9.402495822750359,forecast,True,boosting_squared,14,27,8.1892705552987
030200858_,шт,2026-10-01,4.369185497609792,forecast,True,boosting_squared,13,27,3.8054196269504645
030200859_,шт,2026-10-01,6.408340818941446,forecast,True,boosting_squared,13,27,5.5814581326264205
030200860_,шт,2026-10-01,2.725437747436742,forecast,True,boosting_squared,13,27,2.3737683606707107
030200861_,шт,2026-10-01,3.6477983007441104,forecast,True,boosting_squared,11,27,3.1771146490351927
030200862_,шт,2026-10-01,2.925925323780694,forecast,True,boosting_squared,7,27,2.5483865723251204
030200863_,шт,2026-10-01,15.868062321728331,forecast,True,boosting_squared,18,27,13.820570409247257
030200864_,шт,2026-10-01,10.357743685005172,forecast,True,boosting_squared,26,27,9.021260628875472
030200865_,шт,2026-10-01,10.334222133121761,forecast,True,boosting_squared,20,27,9.00077411594476
030200866_,шт,2026-10-01,12.196890623182902,forecast,True,boosting_squared,14,27,10.62309828470769
030200867_,шт,2026-10-01,2.7151914474663013,forecast,True,boosting_squared,3,27,2.364844163922262
030200868_,шт,2026-10-01,5.474254965073214,forecast,True,boosting_squared,3,27,4.767899485708929
030200869_,шт,2026-10-01,33.63892734333726,forecast,True,boosting_squared,12,27,29.298420589358255
030200870_,шт,2026-10-01,8.616455055399461,forecast,True,boosting_squared,4,27,7.504654403089853
030200871_,шт,2026-10-01,3.8968038296790914,forecast,True,boosting_squared,5,27,3.393990432301144
030200872_,шт,2026-10-01,5.93810672495667,forecast,True,boosting_squared,12,27,5.171899405607423
030200873_,шт,2026-10-01,5.9230946580886545,forecast,True,boosting_squared,3,27,5.158824379625602
030200874_,шт,2026-10-01,6.183801574910351,forecast,True,boosting_squared,8,27,5.385891694276757
030200875_,шт,2026-10-01,22.413894950786393,forecast,True,boosting_squared,24,27,19.521779473265568
030200876_,шт,2026-10-01,9.57186433778133,forecast,True,boosting_squared,10,27,8.33678506839019
030200877_,шт,2026-10-01,27.29291668175979,forecast,True,boosting_squared,26,27,23.771250013145625
030200878_,шт,2026-10-01,3.3318145656967664,forecast,True,boosting_squared,4,27,2.9019030088326674
030200879_,шт,2026-10-01,15.4596019033496,forecast,True,boosting_squared,8,27,13.46481456098191
030200885_,шт,2026-10-01,4.110685967681262,forecast,True,boosting_squared,25,27,3.580274875077228
030200886_,шт,2026-10-01,7.635077823537348,forecast,True,boosting_squared,25,27,6.6499064914680135
030200889_,шт,2026-10-01,3.6056890757440954,forecast,True,boosting_squared,4,27,3.1404388724222767
030200890_,шт,2026-10-01,3.3886642026157094,forecast,True,boosting_squared,7,27,2.9514172087298114
030200891_,шт,2026-10-01,2.449515406895773,forecast,True,boosting_squared,14,27,2.1334489027801893
030200892_,шт,2026-10-01,5.504741850289055,forecast,True,boosting_squared,23,27,4.794452579284016
030200893_,шт,2026-10-01,27.032917498195882,forecast,True,boosting_squared,14,27,23.544799111331898
030200894_,шт,2026-10-01,9.507229275532044,forecast,True,boosting_squared,21,27,8.280490014173072
030200895_,шт,2026-10-01,6.738749619200996,forecast,True,boosting_squared,19,27,5.869233539304093
030200896_,шт,2026-10-01,8.71774979576955,forecast,True,boosting_squared,7,27,7.59287885437993
030200897_,шт,2026-10-01,6.100139235690423,forecast,True,boosting_squared,15,27,5.313024495601336
030200898_,шт,2026-10-01,5.182512031462834,forecast,True,boosting_squared,17,27,4.513800801596662
030200899_,шт,2026-10-01,4.179647871522597,forecast,True,boosting_squared,17,27,3.6403384687454876
030200900_,шт,2026-10-01,2.6338869676970913,forecast,True,boosting_squared,7,27,2.2940305847684344
030200901_,шт,2026-10-01,3.0072609147994824,forecast,True,boosting_squared,9,27,2.619227248373743
030200902_,шт,2026-10-01,2.853697841154913,forecast,True,boosting_squared,12,27,2.4854787648768597
030200903_,шт,2026-10-01,4.575790792160558,forecast,True,boosting_squared,10,27,3.98536617381726
030200904_,шт,2026-10-01,2.291883807564557,forecast,True,boosting_squared,4,27,1.9961568646530012
030200905_,шт,2026-10-01,6.466821395583842,forecast,True,boosting_squared,31,27,5.632392828411732
030200908_,шт,2026-10-01,1.9922931500597614,forecast,True,boosting_squared,13,27,1.7352230661810826
030200909_,шт,2026-10-01,3.3298818890932944,forecast,True,boosting_squared,18,27,2.90021970985545
030200910_,шт,2026-10-01,2.9072857696288525,forecast,True,boosting_squared,21,27,2.5321521219348067
030200911_,шт,2026-10-01,4.530783167589492,forecast,True,boosting_squared,31,27,3.946165984674719
030200912_,шт,2026-10-01,3.3402599378423217,forecast,True,boosting_squared,9,27,2.9092586555400866
030200915_,шт,2026-10-01,,insufficient_history,True,boosting_squared,0,27,
030200916_,шт,2026-10-01,,insufficient_history,True,boosting_squared,0,27,
030200917_,шт,2026-10-01,2.639767207216574,forecast,True,boosting_squared,6,27,2.299152083704758
030200918_,шт,2026-10-01,3.5243960046049247,forecast,True,boosting_squared,12,27,3.0696352298171927
030200920_,шт,2026-10-01,14.125990108662016,forecast,True,boosting_squared,31,27,12.303281707544336
030200923_,шт,2026-10-01,4.577304010029073,forecast,True,boosting_squared,21,27,3.9866841377672575
030200924_,шт,2026-10-01,9.15090089895541,forecast,True,boosting_squared,24,27,7.970139492638583
030200925_,шт,2026-10-01,9.795830147554954,forecast,True,boosting_squared,29,27,8.531852063999475
030200926_,шт,2026-10-01,33.2711024472034,forecast,True,boosting_squared,31,27,28.97805697014489
030200931_,шт,2026-10-01,17.63931457605421,forecast,True,boosting_squared,8,27,15.363273985595603
030200933_,шт,2026-10-01,8.313466753209688,forecast,True,boosting_squared,8,27,7.240761365698761
030200935_,шт,2026-10-01,8.351468390032645,forecast,True,boosting_squared,28,27,7.2738595655123035
030200938_,шт,2026-10-01,1.847704474996536,forecast,True,boosting_squared,5,27,1.6092909943518217
030200939_,шт,2026-10-01,4.467660310348596,forecast,True,boosting_squared,10,27,3.8911880122390996
030200940_,шт,2026-10-01,3.794639307317465,forecast,True,boosting_squared,12,27,3.305008428953921
030200941_,шт,2026-10-01,2.9679467223970035,forecast,True,boosting_squared,26,27,2.5849858549909386
030200943_,шт,2026-10-01,4.5470029672853975,forecast,True,boosting_squared,12,27,3.9602929069905075
030200944_,шт,2026-10-01,3.216324844162617,forecast,True,boosting_squared,6,27,2.8013151868513115
030200945_,шт,2026-10-01,4.0620564427474655,forecast,True,boosting_squared,8,27,3.5379201275542442
030200946_,шт,2026-10-01,1.9253083899772863,forecast,True,boosting_squared,3,27,1.676881500947959
030200947_,шт,2026-10-01,7.445746805663925,forecast,True,boosting_squared,18,27,6.485005282352451
030200948_,шт,2026-10-01,3.884842317194381,forecast,True,boosting_squared,5,27,3.383572340782203
030200949_,шт,2026-10-01,2.9489250881255495,forecast,True,boosting_squared,6,27,2.5684186251416077
030200950_,шт,2026-10-01,2.4696403420726285,forecast,True,boosting_squared,4,27,2.1509770721277732
030200951_,шт,2026-10-01,10.815247757966183,forecast,True,boosting_squared,24,27,9.41973191822861
030200952_,шт,2026-10-01,11.166689065343277,forecast,True,boosting_squared,15,27,9.725825960137692
030200953_,шт,2026-10-01,2.907695309747375,forecast,True,boosting_squared,4,27,2.5325088181670687
030200954_,шт,2026-10-01,2.893111591934121,forecast,True,boosting_squared,3,27,2.5198068703942345
030200955_,шт,2026-10-01,,insufficient_history,True,boosting_squared,1,27,
030200956_,шт,2026-10-01,6.783193138122282,forecast,True,boosting_squared,30,27,5.907942410622633
030200957_,шт,2026-10-01,5.797127651920372,forecast,True,boosting_squared,24,27,5.049111180704839
030200958_,шт,2026-10-01,3.4055793072564855,forecast,True,boosting_squared,13,27,2.9661497192233908
030200959_,шт,2026-10-01,5.325189307930384,forecast,True,boosting_squared,15,27,4.638068106907109
030200960_,шт,2026-10-01,1.7489637403965255,forecast,True,boosting_squared,7,27,1.5232909997001995
030200961_,шт,2026-10-01,7.267778038093533,forecast,True,boosting_squared,28,27,6.330000226726626
030200962_,шт,2026-10-01,2.9288125210303075,forecast,True,boosting_squared,17,27,2.550901227994139
030200963_,шт,2026-10-01,4.169004772398292,forecast,True,boosting_squared,23,27,3.6310686727339965
030200964_,шт,2026-10-01,1.9097564693597722,forecast,True,boosting_squared,4,27,1.663336279764963
030200965_,шт,2026-10-01,2.3334074125870097,forecast,True,boosting_squared,6,27,2.0323225851564275
030200966_,шт,2026-10-01,2.2555061562964402,forecast,True,boosting_squared,14,27,1.9644731038710932
030200967_,шт,2026-10-01,2.095861073763444,forecast,True,boosting_squared,7,27,1.8254273868262254
030200968_,шт,2026-10-01,2.057997850131571,forecast,True,boosting_squared,4,27,1.792449740437175
030200969_,шт,2026-10-01,,insufficient_history,True,boosting_squared,1,27,
030200970_,шт,2026-10-01,48.231643179355146,forecast,True,boosting_squared,23,27,42.00820534976093
030200971_,шт,2026-10-01,5.455387799796222,forecast,True,boosting_squared,17,27,4.751466793370903
030200972_,шт,2026-10-01,3.211618914621359,forecast,True,boosting_squared,9,27,2.7972164740250545
030200973_,шт,2026-10-01,2.7858044767311347,forecast,True,boosting_squared,4,27,2.4263458345722784
030200974_,шт,2026-10-01,,insufficient_history,True,boosting_squared,2,27,
030200975_,шт,2026-10-01,9.58730006879474,forecast,True,boosting_squared,6,27,8.350229092176063
030200976_,шт,2026-10-01,,insufficient_history,True,boosting_squared,2,27,
030200977_,шт,2026-10-01,2.9537384589971722,forecast,True,boosting_squared,4,27,2.572610915900763
030200978_,шт,2026-10-01,,insufficient_history,True,boosting_squared,1,27,
030200979_,шт,2026-10-01,,insufficient_history,True,boosting_squared,0,27,
030200980_,шт,2026-10-01,2.4790101494242163,forecast,True,boosting_squared,5,27,2.1591378720791563
030200981_,шт,2026-10-01,,insufficient_history,True,boosting_squared,0,27,
030200982_,шт,2026-10-01,,insufficient_history,True,boosting_squared,0,27,
030200983_,шт,2026-10-01,,insufficient_history,True,boosting_squared,0,27,
030200984_,шт,2026-10-01,,insufficient_history,True,boosting_squared,0,27,
030200985_,шт,2026-10-01,10.784756830886883,forecast,True,boosting_squared,16,27,9.393175304320833
030200986_,шт,2026-10-01,2.905817396106606,forecast,True,boosting_squared,9,27,2.530873215963818
030200987_,шт,2026-10-01,1.8548963020117895,forecast,True,boosting_squared,12,27,1.6155548436876876
030200988_,шт,2026-10-01,12.904702977525265,forecast,True,boosting_squared,12,27,11.239580012683295
030200989_,шт,2026-10-01,12.624821285898454,forecast,True,boosting_squared,7,27,10.99581208771801
030200990_,шт,2026-10-01,7.368624283806834,forecast,True,boosting_squared,26,27,6.41783405363821
030201012_,шт,2026-10-01,2.0427021248404214,forecast,True,boosting_squared,6,27,1.7791276571190766
030201017_,шт,2026-10-01,12.12858099138469,forecast,True,boosting_squared,15,27,10.563602798947954
030201018_,шт,2026-10-01,3.264315957568053,forecast,True,boosting_squared,16,27,2.843113898527014
030201019_,шт,2026-10-01,4.829211561572334,forecast,True,boosting_squared,19,27,4.206087489111388
030201020_,шт,2026-10-01,139.5865433090539,forecast,True,boosting_squared,32,27,121.57537643046629
030201021_,шт,2026-10-01,,insufficient_history,True,boosting_squared,0,27,
030201022_,шт,2026-10-01,24.958289664350062,forecast,True,boosting_squared,27,27,21.737865191530698
030201024_,шт,2026-10-01,,insufficient_history,True,boosting_squared,2,27,
030201031_,шт,2026-10-01,,insufficient_history,True,boosting_squared,2,27,
030201032_,шт,2026-10-01,2.708169732868063,forecast,True,boosting_squared,6,27,2.3587284770141195
030201034_,шт,2026-10-01,2.5980352204110813,forecast,True,boosting_squared,7,27,2.2628048693902967
030201035_,шт,2026-10-01,,insufficient_history,True,boosting_squared,1,27,
030201036_,шт,2026-10-01,,insufficient_history,True,boosting_squared,2,27,
030201037_,шт,2026-10-01,,insufficient_history,True,boosting_squared,0,27,
030201040_,шт,2026-10-01,,insufficient_history,True,boosting_squared,1,27,
030201049_,шт,2026-10-01,2.861645098834944,forecast,True,boosting_squared,5,27,2.492400569953016
030201052_,шт,2026-10-01,4.535344077598577,forecast,True,boosting_squared,6,27,3.950138390166502
030201053_,шт,2026-10-01,,insufficient_history,True,boosting_squared,1,27,
030201054_,шт,2026-10-01,,insufficient_history,True,boosting_squared,2,27,
030201055_,шт,2026-10-01,,insufficient_history,True,boosting_squared,2,27,
030201056_,шт,2026-10-01,,insufficient_history,True,boosting_squared,1,27,
030201057_,шт,2026-10-01,,insufficient_history,True,boosting_squared,0,27,
030201060_,шт,2026-10-01,,insufficient_history,True,boosting_squared,0,27,
030201061_,шт,2026-10-01,,insufficient_history,True,boosting_squared,0,27,
030201063_,шт,2026-10-01,18.579782471975825,forecast,True,boosting_squared,6,27,16.182391185269267
030201064_,шт,2026-10-01,2.6567505191726495,forecast,True,boosting_squared,5,27,2.313944000569727
030201065_,шт,2026-10-01,5.723268454555382,forecast,True,boosting_squared,10,27,4.984782202354688
030201066_,шт,2026-10-01,3.6045492154844445,forecast,True,boosting_squared,7,27,3.1394460909058064
030201067_,шт,2026-10-01,9.923704608515635,forecast,True,boosting_squared,8,27,8.643226594513617
030201068_,шт,2026-10-01,11.350209221923848,forecast,True,boosting_squared,6,27,9.88566609651432
030201069_,шт,2026-10-01,,insufficient_history,True,boosting_squared,2,27,
030201070_,шт,2026-10-01,,insufficient_history,True,boosting_squared,1,27,
030201071_,шт,2026-10-01,,insufficient_history,True,boosting_squared,1,27,
030201072_,шт,2026-10-01,,insufficient_history,True,boosting_squared,2,27,
030201073_,шт,2026-10-01,4.272622053842465,forecast,True,boosting_squared,7,27,3.721315982378921
030201074_,шт,2026-10-01,2.1843631485348123,forecast,True,boosting_squared,3,27,1.9025098390464494
030201075_,шт,2026-10-01,4.366735143633597,forecast,True,boosting_squared,8,27,3.803285447680875
030201076_,шт,2026-10-01,4.8105281781805065,forecast,True,boosting_squared,5,27,4.189814864866893
030201077_,шт,2026-10-01,,insufficient_history,True,boosting_squared,1,27,
030201078_,шт,2026-10-01,,insufficient_history,True,boosting_squared,1,27,
030201079_,шт,2026-10-01,,insufficient_history,True,boosting_squared,2,27,
030201080_,шт,2026-10-01,,insufficient_history,True,boosting_squared,1,27,
030201081_,шт,2026-10-01,2.9481346396900747,forecast,True,boosting_squared,3,27,2.567730170052646
030201082_,шт,2026-10-01,2.4571534354370255,forecast,True,boosting_squared,3,27,2.140101379251603
030201083_,шт,2026-10-01,4.387779795241539,forecast,True,boosting_squared,6,27,3.8216146603716634
030201084_,шт,2026-10-01,,insufficient_history,True,boosting_squared,2,27,
030201085_,шт,2026-10-01,,insufficient_history,True,boosting_squared,2,27,
030201086_,шт,2026-10-01,1.9875571298118357,forecast,True,boosting_squared,3,27,1.7310981453199858
030201087_,шт,2026-10-01,9.798463996001354,forecast,True,boosting_squared,9,27,8.534146061033438
030201088_,шт,2026-10-01,3.1127386726045696,forecast,True,boosting_squared,3,27,2.7110949729136573
030201089_,шт,2026-10-01,2.3875065433635987,forecast,True,boosting_squared,3,27,2.079441182929586
030201090_,шт,2026-10-01,8.07352063392789,forecast,True,boosting_squared,14,27,7.031776036001711
030201091_,шт,2026-10-01,8.267580398916252,forecast,True,boosting_squared,11,27,7.200795831314155
030201092_,шт,2026-10-01,4.044791520550086,forecast,True,boosting_squared,6,27,3.5228829372533004
030201093_,шт,2026-10-01,19.958484866311203,forecast,True,boosting_squared,10,27,17.383196496464596
030201094_,шт,2026-10-01,5.003908226426946,forecast,True,boosting_squared,5,27,4.358242648823469
030201095_,шт,2026-10-01,10.282443019438514,forecast,True,boosting_squared,5,27,8.95567617822064
030201096_,шт,2026-10-01,3.4066441172326414,forecast,True,boosting_squared,4,27,2.9670771343639135
030201097_,шт,2026-10-01,,insufficient_history,True,boosting_squared,2,27,
030201098_,шт,2026-10-01,6.022078576078324,forecast,True,boosting_squared,5,27,5.245036179164992
030201099_,шт,2026-10-01,14.622793276305107,forecast,True,boosting_squared,9,27,12.735981240652835
030201100_,шт,2026-10-01,14.28155268156997,forecast,True,boosting_squared,5,27,12.438771690399651
030201101_,шт,2026-10-01,,insufficient_history,True,boosting_squared,1,27,
030201102_,шт,2026-10-01,3.9303461771818853,forecast,True,boosting_squared,7,27,3.4232047349648678
030201103_,шт,2026-10-01,2.0835379108510845,forecast,True,boosting_squared,4,27,1.8146943094509445
030201104_,шт,2026-10-01,,insufficient_history,True,boosting_squared,2,27,
030201105_,шт,2026-10-01,10.173067404835647,forecast,True,boosting_squared,14,27,8.860413546147177
030201106_,шт,2026-10-01,3.8362468582256506,forecast,True,boosting_squared,13,27,3.341247263615889
030201107_,шт,2026-10-01,,insufficient_history,True,boosting_squared,2,27,
030201108_,шт,2026-10-01,9.669976879371543,forecast,True,boosting_squared,8,27,8.422237927194569
030201109_,шт,2026-10-01,4.125511101110997,forecast,True,boosting_squared,7,27,3.593187088064417
030201110_,шт,2026-10-01,6.3707530553756815,forecast,True,boosting_squared,4,27,5.548720403069142
030201111_,шт,2026-10-01,,insufficient_history,True,boosting_squared,1,27,
030201112_,шт,2026-10-01,3.274094468346613,forecast,True,boosting_squared,3,27,2.8516306659793083
030201113_,шт,2026-10-01,,insufficient_history,True,boosting_squared,2,27,
030201114_,шт,2026-10-01,2.6884870316716136,forecast,True,boosting_squared,6,27,2.341585479197857
030201115_,шт,2026-10-01,9.898869371693147,forecast,True,boosting_squared,4,27,8.621595904377902
030201116_,шт,2026-10-01,3.078761387321863,forecast,True,boosting_squared,4,27,2.681501853473881
030201117_,шт,2026-10-01,,insufficient_history,True,boosting_squared,2,27,
030201118_,шт,2026-10-01,2.840605175539207,forecast,True,boosting_squared,3,27,2.474075475469632
030201119_,шт,2026-10-01,4.8725104024484525,forecast,True,boosting_squared,9,27,4.243799382777684
030201120_,шт,2026-10-01,2.8554354215280493,forecast,True,boosting_squared,5,27,2.486992141330882
030201121_,шт,2026-10-01,,insufficient_history,True,boosting_squared,2,27,
030201122_,шт,2026-10-01,4.618746889447424,forecast,True,boosting_squared,8,27,4.0227795488735625
030201123_,шт,2026-10-01,,insufficient_history,True,boosting_squared,2,27,
030201124_,шт,2026-10-01,,insufficient_history,True,boosting_squared,2,27,
030201125_,шт,2026-10-01,,insufficient_history,True,boosting_squared,0,27,
030201126_,шт,2026-10-01,,insufficient_history,True,boosting_squared,2,27,
030201127_,шт,2026-10-01,,insufficient_history,True,boosting_squared,1,27,
030201128_,шт,2026-10-01,3.9398667764121993,forecast,True,boosting_squared,6,27,3.431496869778367
030201129_,шт,2026-10-01,2.4231457864492087,forecast,True,boosting_squared,5,27,2.1104818140041495
030201130_,шт,2026-10-01,,insufficient_history,True,boosting_squared,2,27,
030201131_,шт,2026-10-01,,insufficient_history,True,boosting_squared,0,27,
030201132_,шт,2026-10-01,,insufficient_history,True,boosting_squared,0,27,
030201133_,шт,2026-10-01,3.639258791208441,forecast,True,boosting_squared,9,27,3.169677011697674
030201134_,шт,2026-10-01,2.9234541726796066,forecast,True,boosting_squared,7,27,2.546234279430625
030201135_,шт,2026-10-01,,insufficient_history,True,boosting_squared,1,27,
030201136_,шт,2026-10-01,2.4040695006564614,forecast,True,boosting_squared,5,27,2.0938669844427245
030201137_,шт,2026-10-01,,insufficient_history,True,boosting_squared,1,27,
030201138_,шт,2026-10-01,,insufficient_history,True,boosting_squared,1,27,
030201139_,шт,2026-10-01,,insufficient_history,True,boosting_squared,0,27,
030201140_,шт,2026-10-01,,insufficient_history,True,boosting_squared,2,27,
030201141_,шт,2026-10-01,,insufficient_history,True,boosting_squared,1,27,
030201142_,шт,2026-10-01,,insufficient_history,True,boosting_squared,2,27,
030201143_,шт,2026-10-01,,insufficient_history,True,boosting_squared,1,27,
030201144_,шт,2026-10-01,2.6148456104643545,forecast,True,boosting_squared,3,27,2.2774461768560506
030201145_,шт,2026-10-01,,insufficient_history,True,boosting_squared,0,27,
030201146_,шт,2026-10-01,4.680122879832872,forecast,True,boosting_squared,3,27,4.07623605662863
030201147_,шт,2026-10-01,,insufficient_history,True,boosting_squared,0,27,
030201148_,шт,2026-10-01,2.412918113714456,forecast,True,boosting_squared,3,27,2.1015738409771068
030201149_,шт,2026-10-01,,insufficient_history,True,boosting_squared,1,27,
030201150_,шт,2026-10-01,,insufficient_history,True,boosting_squared,1,27,
030201152_,,2026-10-01,,insufficient_history,True,boosting_squared,0,27,
030201236_,шт,2026-10-01,12.200392861237681,forecast,True,boosting_squared,11,27,10.626148621077979
030201244_,шт,2026-10-01,10.649360333387929,forecast,True,boosting_squared,12,27,9.275249322628197
030201245_,шт,2026-10-01,8.290587286752695,forecast,True,boosting_squared,7,27,7.220834088462024
030201246_,шт,2026-10-01,,insufficient_history,True,boosting_squared,1,27,
030201247_,шт,2026-10-01,5.601947492310931,forecast,True,boosting_squared,6,27,4.879115557819198
030201248_,шт,2026-10-01,10.102765106452983,forecast,True,boosting_squared,6,27,8.799182512071955
030201249_,шт,2026-10-01,,insufficient_history,True,boosting_squared,0,27,
030201250_,шт,2026-10-01,3.6777769434856573,forecast,True,boosting_squared,4,27,3.2032250798100885
030201251_,шт,2026-10-01,,insufficient_history,True,boosting_squared,0,27,
030201252_,шт,2026-10-01,3.2715302782475906,forecast,True,boosting_squared,7,27,2.849397339118869
030201460_,шт,2026-10-01,25.085144459898306,forecast,True,boosting_squared,3,27,21.84835162636304
030201461_,шт,2026-10-01,7.997776831446966,forecast,True,boosting_squared,4,27,6.965805627389294
030201462_,шт,2026-10-01,47.44350106367568,forecast,True,boosting_squared,4,27,41.32175899094334
030201463_,шт,2026-10-01,22.673603309592654,forecast,True,boosting_squared,3,27,19.747977076096827
030201464_,шт,2026-10-01,2.387388219578227,forecast,True,boosting_squared,3,27,2.0793381267294238
030201465_,шт,2026-10-01,9.394882629318783,forecast,True,boosting_squared,4,27,8.182639709406681
030201466_,шт,2026-10-01,,insufficient_history,True,boosting_squared,2,27,
030201467_,шт,2026-10-01,9.65657645806727,forecast,True,boosting_squared,4,27,8.410566592510202
030201468_,шт,2026-10-01,1.9787605063769802,forecast,True,boosting_squared,4,27,1.723436570070273
030201469_,шт,2026-10-01,17.97618743826453,forecast,True,boosting_squared,3,27,15.656679381714268
030201470_,шт,2026-10-01,6.731118780950742,forecast,True,boosting_squared,3,27,5.862587325344195
030201471_,шт,2026-10-01,33.718615202730156,forecast,True,boosting_squared,3,27,29.36782614431336
030201472_,шт,2026-10-01,10.599192446956241,forecast,True,boosting_squared,3,27,9.231554711865114
030201473_,шт,2026-10-01,,insufficient_history,True,boosting_squared,1,27,
030201474_,шт,2026-10-01,,insufficient_history,True,boosting_squared,2,27,
030201475_,,2026-10-01,,insufficient_history,True,boosting_squared,0,27,
030201476_,шт,2026-10-01,,insufficient_history,True,boosting_squared,2,27,
030201477_,шт,2026-10-01,,insufficient_history,True,boosting_squared,1,27,
030201478_,шт,2026-10-01,15.464731525177486,forecast,True,boosting_squared,3,27,13.469282296122326
030201479_,шт,2026-10-01,9.152103127323189,forecast,True,boosting_squared,4,27,7.971186594765358
030201480_,шт,2026-10-01,24.165637682302773,forecast,True,boosting_squared,3,27,21.047490884586285
030201481_,шт,2026-10-01,13.063289497844112,forecast,True,boosting_squared,3,27,11.377703756186808
030201482_,шт,2026-10-01,,insufficient_history,True,boosting_squared,1,27,
030201483_,шт,2026-10-01,3.811464274128269,forecast,True,boosting_squared,3,27,3.3196624323052664
030201484_,шт,2026-10-01,,insufficient_history,True,boosting_squared,1,27,
030201485_,шт,2026-10-01,,insufficient_history,True,boosting_squared,2,27,
030201486_,шт,2026-10-01,,insufficient_history,True,boosting_squared,2,27,
030300478_,,2026-10-01,,insufficient_history,True,boosting_squared,0,27,
030300479_,,2026-10-01,,insufficient_history,True,boosting_squared,0,27,
030300480_,,2026-10-01,,insufficient_history,True,boosting_squared,0,27,
030300499_,,2026-10-01,,insufficient_history,True,boosting_squared,0,27,
030300522_,,2026-10-01,,insufficient_history,True,boosting_squared,0,27,
080400060_,,2026-10-01,,insufficient_history,True,boosting_squared,0,27,
080400061_,,2026-10-01,,insufficient_history,True,boosting_squared,0,27,
080400062_,,2026-10-01,,insufficient_history,True,boosting_squared,0,27,
080400064_,,2026-10-01,,insufficient_history,True,boosting_squared,0,27,
080800023_,шт,2026-10-01,,insufficient_history,True,boosting_squared,2,27,
080800024_,шт,2026-10-01,5.154627608422153,forecast,True,boosting_squared,11,27,4.489514368625747
080800030_,шт,2026-10-01,22.791237230845397,forecast,True,boosting_squared,30,27,19.850432426865346
080800031_,шт,2026-10-01,25.462690662193413,forecast,True,boosting_squared,32,27,22.177182189652328
080800062_,шт,2026-10-01,12.987433947952155,forecast,True,boosting_squared,28,27,11.311636019184137
080800063_,шт,2026-10-01,,insufficient_history,True,boosting_squared,0,27,
080800070_,шт,2026-10-01,42.14362362438804,forecast,True,boosting_squared,32,27,36.705736705112166
080800071_,шт,2026-10-01,219.3617605561984,forecast,True,boosting_squared,32,27,191.0570172586244
080800072_,шт,2026-10-01,145.62694929513057,forecast,True,boosting_squared,32,27,126.83637519253308
080800128_,шт,2026-10-01,3.5478304479742153,forecast,True,boosting_squared,8,27,3.0900458740420587
080800129_,шт,2026-10-01,2.4348017489058273,forecast,True,boosting_squared,3,27,2.1206337813050755
080800130_,шт,2026-10-01,2.7697316680337862,forecast,True,boosting_squared,4,27,2.4123469366745884
080800131_,шт,2026-10-01,2.088621721906093,forecast,True,boosting_squared,3,27,1.819122144885952
080800132_,шт,2026-10-01,2.50459750747787,forecast,True,boosting_squared,10,27,2.1814236355452414
080800133_,шт,2026-10-01,,insufficient_history,True,boosting_squared,2,27,
080800134_,шт,2026-10-01,,insufficient_history,True,boosting_squared,2,27,
080800135_,шт,2026-10-01,,insufficient_history,True,boosting_squared,1,27,
080800136_,шт,2026-10-01,3.7620329229193477,forecast,True,boosting_squared,8,27,3.276609319962012
080800137_,шт,2026-10-01,2.5417104057219113,forecast,True,boosting_squared,10,27,2.2137477727255357
080800138_,шт,2026-10-01,2.0012758227375467,forecast,True,boosting_squared,5,27,1.7430466843197987
080800139_,шт,2026-10-01,2.2011746917407424,forecast,True,boosting_squared,7,27,1.9171521508709692
080800140_,шт,2026-10-01,3.561045349764349,forecast,True,boosting_squared,3,27,3.1015556272141103
080800141_,шт,2026-10-01,3.120829416885518,forecast,True,boosting_squared,4,27,2.7181417501906124
081100276_,,2026-10-01,,insufficient_history,True,boosting_squared,0,27,
081100277_,шт,2026-10-01,14.876033009339459,forecast,True,boosting_squared,18,27,12.95654487910211
081100278_,шт,2026-10-01,9.3946088905043,forecast,True,boosting_squared,18,27,8.182401291729551
081100279_,,2026-10-01,,insufficient_history,True,boosting_squared,0,27,
081100280_,,2026-10-01,,insufficient_history,True,boosting_squared,0,27,
081100281_,,2026-10-01,,insufficient_history,True,boosting_squared,0,27,
081100282_,,2026-10-01,,insufficient_history,True,boosting_squared,0,27,
081100283_,,2026-10-01,,insufficient_history,True,boosting_squared,0,27,
081100284_,,2026-10-01,,insufficient_history,True,boosting_squared,0,27,
081100285_,,2026-10-01,,insufficient_history,True,boosting_squared,0,27,
081100286_,,2026-10-01,,insufficient_history,True,boosting_squared,0,27,
081100287_,,2026-10-01,,insufficient_history,True,boosting_squared,0,27,
081100288_,,2026-10-01,,insufficient_history,True,boosting_squared,0,27,
081100289_,шт,2026-10-01,6.138301508006685,forecast,True,boosting_squared,4,27,5.346262603747758
081100290_,,2026-10-01,,insufficient_history,True,boosting_squared,0,27,
081100302_,шт,2026-10-01,,insufficient_history,True,boosting_squared,0,27,
081100306_,,2026-10-01,,insufficient_history,True,boosting_squared,0,27,
081100308_,шт,2026-10-01,,insufficient_history,True,boosting_squared,0,27,
081100309_,шт,2026-10-01,,insufficient_history,True,boosting_squared,1,27,
081100310_,,2026-10-01,,insufficient_history,True,boosting_squared,0,27,
081100336_,,2026-10-01,,insufficient_history,True,boosting_squared,0,27,
081100338_,,2026-10-01,,insufficient_history,True,boosting_squared,0,27,
081100339_,,2026-10-01,,insufficient_history,True,boosting_squared,0,27,
081100340_,шт,2026-10-01,,insufficient_history,True,boosting_squared,0,27,
081100372_,,2026-10-01,,insufficient_history,True,boosting_squared,0,27,
081100373_,шт,2026-10-01,,insufficient_history,True,boosting_squared,2,27,
081100374_,шт,2026-10-01,,insufficient_history,True,boosting_squared,1,27,
081100375_,шт,2026-10-01,,insufficient_history,True,boosting_squared,1,27,
081100391_,шт,2026-10-01,30.282839593203995,forecast,True,boosting_squared,16,27,26.375376419887353
081100392_,шт,2026-10-01,153.4632191851547,forecast,True,boosting_squared,12,27,133.66151348384443
081100393_,шт,2026-10-01,181.52904386247795,forecast,True,boosting_squared,17,27,158.10594142860984
081100598_,шт,2026-10-01,,insufficient_history,True,boosting_squared,2,27,
081100604_,шт,2026-10-01,,insufficient_history,True,boosting_squared,1,27,
081100635_,шт,2026-10-01,72.66324458520845,forecast,True,boosting_squared,32,27,63.287342058084775
081100641_,шт,2026-10-01,13.435442676000765,forecast,True,boosting_squared,28,27,11.70183716942002
081100642_,шт,2026-10-01,6.281343195885198,forecast,True,boosting_squared,22,27,5.470847299641947
081100643_,шт,2026-10-01,6.2752766748000255,forecast,True,boosting_squared,24,27,5.4655635554709905
081100702_,шт,2026-10-01,7.626300581073241,forecast,True,boosting_squared,21,27,6.642261796418629
081100703_,,2026-10-01,,insufficient_history,True,boosting_squared,0,27,
081100704_,шт,2026-10-01,18.140566495577534,forecast,True,boosting_squared,30,27,15.799848238083658
081100705_,шт,2026-10-01,5.882921695464657,forecast,True,boosting_squared,14,27,5.12383502508212
081100706_,шт,2026-10-01,6.13877475656139,forecast,True,boosting_squared,24,27,5.346674787972824
081100707_,шт,2026-10-01,23.511338983600293,forecast,True,boosting_squared,27,27,20.477617824426062
081100708_,шт,2026-10-01,8.002917541942912,forecast,True,boosting_squared,18,27,6.970283020401891
081100709_,шт,2026-10-01,5.920869284936726,forecast,True,boosting_squared,9,27,5.156886151396503
081100710_,шт,2026-10-01,75.7199063194643,forecast,True,boosting_squared,28,27,65.9495958266302
081100711_,шт,2026-10-01,11.138222146358252,forecast,True,boosting_squared,25,27,9.701032191989446
081100712_,шт,2026-10-01,10.312799851315882,forecast,True,boosting_squared,22,27,8.982115999533187
081100713_,шт,2026-10-01,13.708785135244817,forecast,True,boosting_squared,24,27,11.939909633922905
081100714_,шт,2026-10-01,11.124523256851935,forecast,True,boosting_squared,20,27,9.689100901129105
081100715_,шт,2026-10-01,3.5985720682802014,forecast,True,boosting_squared,5,27,3.1342401885021105
081100716_,шт,2026-10-01,9.852012700687649,forecast,True,boosting_squared,8,27,8.580785255437629
081100717_,шт,2026-10-01,17.59002087646849,forecast,True,boosting_squared,16,27,15.320340763375782
081100718_,шт,2026-10-01,6.30727205401702,forecast,True,boosting_squared,8,27,5.493430498659985
081100719_,шт,2026-10-01,3.64495577861296,forecast,True,boosting_squared,16,27,3.1746389039532232
081100720_,шт,2026-10-01,4.235671598044186,forecast,True,boosting_squared,11,27,3.6891333273288067
081100721_,шт,2026-10-01,20.945192071458518,forecast,True,boosting_squared,28,27,18.242586642883225
081100722_,шт,2026-10-01,6.18808755785911,forecast,True,boosting_squared,12,27,5.389624647167612
081100723_,шт,2026-10-01,4.311940719890154,forecast,True,boosting_squared,13,27,3.755561272162392
081100724_,шт,2026-10-01,2.5498097804773803,forecast,True,boosting_squared,14,27,2.2208020668673956
081100743_,шт,2026-10-01,6.262956618316296,forecast,True,boosting_squared,18,27,5.454833183694838
081100744_,шт,2026-10-01,9.603261116239665,forecast,True,boosting_squared,20,27,8.364130649628096
081100745_,шт,2026-10-01,166.32937695123093,forecast,True,boosting_squared,32,27,144.86752186074952
081100746_,шт,2026-10-01,33.14882710911997,forecast,True,boosting_squared,29,27,28.871559095039974
081100747_,шт,2026-10-01,134.8968613100331,forecast,True,boosting_squared,31,27,117.49081468938367
081100748_,шт,2026-10-01,,insufficient_history,True,boosting_squared,2,27,
081100749_,шт,2026-10-01,152.87560910235456,forecast,True,boosting_squared,29,27,133.14972405688945
081100750_,шт,2026-10-01,12.452139839999179,forecast,True,boosting_squared,27,27,10.845412118708962
081100751_,шт,2026-10-01,5.876742907984898,forecast,True,boosting_squared,11,27,5.118453500502976
081100752_,шт,2026-10-01,5.334360748791782,forecast,True,boosting_squared,7,27,4.6460561360444546
081100753_,шт,2026-10-01,,insufficient_history,True,boosting_squared,2,27,
081100754_,шт,2026-10-01,,insufficient_history,True,boosting_squared,1,27,
081100755_,шт,2026-10-01,,insufficient_history,True,boosting_squared,0,27,
081100756_,,2026-10-01,,insufficient_history,True,boosting_squared,0,27,
081100757_,шт,2026-10-01,5.716701118438428,forecast,True,boosting_squared,9,27,4.979062264446373
081100758_,шт,2026-10-01,3.6695059170488338,forecast,True,boosting_squared,14,27,3.1960212825909196
081100759_,шт,2026-10-01,3.128370286858409,forecast,True,boosting_squared,14,27,2.72470960468313
081100760_,шт,2026-10-01,2.84277476435745,forecast,True,boosting_squared,5,27,2.475965117343586
081100761_,шт,2026-10-01,3.9455694382539614,forecast,True,boosting_squared,27,27,3.4364637042857087
081100762_,,2026-10-01,,insufficient_history,True,boosting_squared,0,27,
081100766_,шт,2026-10-01,3.951115164431715,forecast,True,boosting_squared,11,27,3.441293852892139
081100767_,шт,2026-10-01,3.5467417016317415,forecast,True,boosting_squared,22,27,3.0890976110986132
081100768_,шт,2026-10-01,5.23367458135841,forecast,True,boosting_squared,20,27,4.558361732150873
081100769_,шт,2026-10-01,17.4749545995919,forecast,True,boosting_squared,25,27,15.220121748031655
081100771_,шт,2026-10-01,4.606835507553803,forecast,True,boosting_squared,8,27,4.012405119482344
081100772_,шт,2026-10-01,7.288509886405159,forecast,True,boosting_squared,20,27,6.348056997836752
081100774_,шт,2026-10-01,14.864853224155842,forecast,True,boosting_squared,21,27,12.94680764684541
081100776_,шт,2026-10-01,4.825477739174711,forecast,True,boosting_squared,6,27,4.2028354502489425
081100777_,шт,2026-10-01,4.415798307438706,forecast,True,boosting_squared,6,27,3.8460178806724215
081100778_,шт,2026-10-01,3.689176925158238,forecast,True,boosting_squared,27,27,3.2131540961055616
081100779_,шт,2026-10-01,3.196922065893394,forecast,True,boosting_squared,17,27,2.7844159928748917
081100780_,шт,2026-10-01,14.018349708971863,forecast,True,boosting_squared,30,27,12.20953039168517
081100781_,шт,2026-10-01,10.887705447884857,forecast,True,boosting_squared,32,27,9.48284022880294
114001002_,шт,2026-10-01,3.3085141886946756,forecast,True,boosting_squared,26,27,2.881609132088911
114001003_,шт,2026-10-01,,insufficient_history,True,boosting_squared,2,27,
114001010_,шт,2026-10-01,3.290885542840916,forecast,True,boosting_squared,29,27,2.8662551502162814
120100001_,шт,2026-10-01,81.1880535953213,forecast,True,boosting_squared,32,27,70.71217571205403
120100002_,шт,2026-10-01,84.55813551037662,forecast,True,boosting_squared,32,27,73.64740834774737
120100003_,шт,2026-10-01,2.8451580172440796,forecast,True,boosting_squared,22,27,2.4780408537287144
120100004_,шт,2026-10-01,100.4144218606933,forecast,True,boosting_squared,32,27,87.45772226576513
120100005_,шт,2026-10-01,7.582233227043354,forecast,True,boosting_squared,20,27,6.603880552586147
120100006_,шт,2026-10-01,173.90236384933536,forecast,True,boosting_squared,32,27,151.46334915909853
120100008_,шт,2026-10-01,6.535927515237064,forecast,True,boosting_squared,30,27,5.692582029400024
120100009_,,2026-10-01,,insufficient_history,True,boosting_squared,0,27,
120100010_,шт,2026-10-01,2.7990557297917333,forecast,True,boosting_squared,23,27,2.437887248528284
120100011_,шт,2026-10-01,53.95906945433414,forecast,True,boosting_squared,32,27,46.99660887958135
120100012_,,2026-10-01,,insufficient_history,True,boosting_squared,0,27,
120100013_,шт,2026-10-01,25.374800664251932,forecast,True,boosting_squared,32,27,22.100632836606522
120100016_,шт,2026-10-01,31.570073352429134,forecast,True,boosting_squared,32,27,27.496515500502795
120100018_,шт,2026-10-01,,insufficient_history,True,boosting_squared,0,27,
120100030_,шт,2026-10-01,138.6544268097499,forecast,True,boosting_squared,32,27,120.76353302784669
120100031_,шт,2026-10-01,,insufficient_history,True,boosting_squared,2,27,
120100032_,шт,2026-10-01,7.439418124899712,forecast,True,boosting_squared,31,27,6.479493205557813
120100033_,шт,2026-10-01,14.026215325734197,forecast,True,boosting_squared,26,27,12.216381090155592
120100034_,шт,2026-10-01,26.550362229378912,forecast,True,boosting_squared,30,27,23.12450903849131
120100035_,шт,2026-10-01,41.65772429928961,forecast,True,boosting_squared,32,27,36.28253406712321
120100036_,шт,2026-10-01,36.5095352713796,forecast,True,boosting_squared,32,27,31.79862749442739
120100037_,шт,2026-10-01,15.607414941937822,forecast,True,boosting_squared,32,27,13.593554949429715
120100038_,шт,2026-10-01,4.727690959633862,forecast,True,boosting_squared,29,27,4.117666319681105
120100041_,шт,2026-10-01,23.480462279891118,forecast,True,boosting_squared,32,27,20.45072521151807
120100042_,шт,2026-10-01,7.71418923327825,forecast,True,boosting_squared,28,27,6.71880997737138
120100043_,шт,2026-10-01,10.876329611804842,forecast,True,boosting_squared,30,27,9.4729322425397
120100044_,шт,2026-10-01,3.442356566897976,forecast,True,boosting_squared,25,27,2.9981815260079143
120100045_,шт,2026-10-01,2.8287195232724858,forecast,True,boosting_squared,25,27,2.4637234557534553
120100046_,шт,2026-10-01,2.9186486124845152,forecast,True,boosting_squared,11,27,2.5420487915187713
120100047_,шт,2026-10-01,4.641777605308777,forecast,True,boosting_squared,23,27,4.042838559462483
120100049_,,2026-10-01,,insufficient_history,True,boosting_squared,0,27,
120100050_,шт,2026-10-01,4.654064678381979,forecast,True,boosting_squared,3,27,4.053540203752046
120100054_,шт,2026-10-01,,insufficient_history,True,boosting_squared,2,27,
120100055_,шт,2026-10-01,35.6460086217813,forecast,True,boosting_squared,32,27,31.04652363832565
120100056_,шт,2026-10-01,11.275749814360433,forecast,True,boosting_squared,23,27,9.820814354442957
120100057_,шт,2026-10-01,11.724721907656349,forecast,True,boosting_squared,28,27,10.211854564732949
120100058_,шт,2026-10-01,12.691929528485408,forecast,True,boosting_squared,26,27,11.054261202229226
120100059_,шт,2026-10-01,5.488888736212987,forecast,True,boosting_squared,28,27,4.780645028314536
120100060_,шт,2026-10-01,3.175338778535602,forecast,True,boosting_squared,7,27,2.7656176458213313
120100065_,,2026-10-01,,insufficient_history,True,boosting_squared,0,27,
120100066_,шт,2026-10-01,2.088621721906093,forecast,True,boosting_squared,3,27,1.819122144885952
120100067_,шт,2026-10-01,,insufficient_history,True,boosting_squared,1,27,
120100068_,шт,2026-10-01,,insufficient_history,True,boosting_squared,1,27,
120100069_,шт,2026-10-01,6.410532362061012,forecast,True,boosting_squared,31,27,5.583366895988624
120100070_,шт,2026-10-01,13.987497473305128,forecast,True,boosting_squared,26,27,12.182659089652853
120100071_,шт,2026-10-01,6.83958864859967,forecast,True,boosting_squared,23,27,5.957061081038423
120100072_,шт,2026-10-01,11.291613906594637,forecast,True,boosting_squared,25,27,9.83463146703404
120100073_,шт,2026-10-01,4.340791780196947,forecast,True,boosting_squared,23,27,3.7806896150102447
120100074_,,2026-10-01,,insufficient_history,True,boosting_squared,0,27,
120100075_,,2026-10-01,,insufficient_history,True,boosting_squared,0,27,
120100076_,,2026-10-01,,insufficient_history,True,boosting_squared,0,27,
120100077_,,2026-10-01,,insufficient_history,True,boosting_squared,0,27,
120100079_,шт,2026-10-01,,insufficient_history,True,boosting_squared,1,27,
120100080_,шт,2026-10-01,2.4620352907950553,forecast,True,boosting_squared,22,27,2.1443533177892418
120100081_,шт,2026-10-01,13.163031784260717,forecast,True,boosting_squared,31,27,11.46457607016256
120100085_,шт,2026-10-01,8.747212022000454,forecast,True,boosting_squared,28,27,7.618539503032654
120100086_,шт,2026-10-01,4.437639362626723,forecast,True,boosting_squared,24,27,3.865040735191017
120100087_,шт,2026-10-01,4.408417199613941,forecast,True,boosting_squared,31,27,3.839589173857304
120100088_,шт,2026-10-01,1.9819826893741537,forecast,True,boosting_squared,16,27,1.7262429875194243
120100089_,шт,2026-10-01,4.151234866623285,forecast,True,boosting_squared,12,27,3.615591658026732
120100118_,шт,2026-10-01,61.496727666179275,forecast,True,boosting_squared,32,27,53.56166603183356
120100119_,шт,2026-10-01,21.47727120235588,forecast,True,boosting_squared,32,27,18.706010402051895
120100122_,шт,2026-10-01,3.32438507350218,forecast,True,boosting_squared,14,27,2.8954321607922213
120100178_,,2026-10-01,,insufficient_history,True,boosting_squared,0,27,
120100188_,,2026-10-01,,insufficient_history,True,boosting_squared,0,27,
120100203_,шт,2026-10-01,,insufficient_history,True,boosting_squared,0,27,
120100216_,шт,2026-10-01,,insufficient_history,True,boosting_squared,2,27,
120100219_,шт,2026-10-01,,insufficient_history,True,boosting_squared,1,27,
120100220_,шт,2026-10-01,,insufficient_history,True,boosting_squared,1,27,
120100221_,,2026-10-01,,insufficient_history,True,boosting_squared,0,27,
120100231_,,2026-10-01,,insufficient_history,True,boosting_squared,0,27,
120100306_,шт,2026-10-01,126.19607054962624,forecast,True,boosting_squared,31,27,109.91270660773898
120100307_,шт,2026-10-01,8.610287641287032,forecast,True,boosting_squared,20,27,7.49928278434677
120100308_,шт,2026-10-01,12.143180196682723,forecast,True,boosting_squared,20,27,10.576318235820436
120100309_,шт,2026-10-01,36.83726396905474,forecast,True,boosting_squared,16,27,32.08406861820897
120100319_,шт,2026-10-01,,insufficient_history,True,boosting_squared,2,27,
120100320_,,2026-10-01,,insufficient_history,True,boosting_squared,0,27,
120100322_,,2026-10-01,,insufficient_history,True,boosting_squared,0,27,
120100325_,шт,2026-10-01,25.668727613123377,forecast,True,boosting_squared,20,27,22.356633727559068
120300008_,шт,2026-10-01,7.468684358296999,forecast,True,boosting_squared,32,27,6.504983150774806
120300023_,шт,2026-10-01,2.2621023557523614,forecast,True,boosting_squared,17,27,1.9702181808165729
130200006_,шт,2026-10-01,14.181109922810995,forecast,True,boosting_squared,26,27,12.351289287609577
130200007_,шт,2026-10-01,18.881322649950544,forecast,True,boosting_squared,30,27,16.445022953182733
130200008_,шт,2026-10-01,2.9962691313552403,forecast,True,boosting_squared,9,27,2.6096537595674674
130200012_,м,2026-10-01,201.01222019087663,forecast,True,boosting_squared,32,27,175.0751595210861
130200013_,м,2026-10-01,13.585347302809854,forecast,True,boosting_squared,32,27,11.832399263737615
130200015_,м,2026-10-01,111.65736360712741,forecast,True,boosting_squared,32,27,97.24996185136902
130200016_,шт,2026-10-01,251.4801471997147,forecast,True,boosting_squared,32,27,219.0310959481386
130200019_,шт,2026-10-01,3.498587059774291,forecast,True,boosting_squared,26,27,3.0471564714163177
130200020_,шт,2026-10-01,9.252083221438037,forecast,True,boosting_squared,24,27,8.058266031575064
130200021_,шт,2026-10-01,15.664931847278666,forecast,True,boosting_squared,24,27,13.643650318597548
130200022_,шт,2026-10-01,6.434658568681721,forecast,True,boosting_squared,25,27,5.604380043690531
130200023_,шт,2026-10-01,28.175414555162185,forecast,True,boosting_squared,27,27,24.539877193205776
130200028_,,2026-10-01,,insufficient_history,True,boosting_squared,0,27,
130200032_,шт,2026-10-01,56.42321639499013,forecast,True,boosting_squared,30,27,49.142801376281724
130200034_,шт,2026-10-01,,insufficient_history,True,boosting_squared,2,27,
130200035_,шт,2026-10-01,,insufficient_history,True,boosting_squared,0,27,
130200036_,шт,2026-10-01,167.07997534771522,forecast,True,boosting_squared,32,27,145.52126885123582
130200063_,шт,2026-10-01,12.962817916219088,forecast,True,boosting_squared,28,27,11.290196249610172
130200073_,шт,2026-10-01,64.61732839407686,forecast,True,boosting_squared,28,27,56.27960860129275
130200074_,шт,2026-10-01,22.283113384882768,forecast,True,boosting_squared,29,27,19.4078729481237
130200075_,шт,2026-10-01,20.63326015668343,forecast,True,boosting_squared,31,27,17.97090400743396
130200080_,,2026-10-01,,insufficient_history,True,boosting_squared,0,27,
130200082_,,2026-10-01,,insufficient_history,True,boosting_squared,0,27,
130200085_,шт,2026-10-01,5.533187365789372,forecast,True,boosting_squared,21,27,4.819227705687518
130200089_,шт,2026-10-01,45.902868644289484,forecast,True,boosting_squared,32,27,39.979917851477936
130200120_,шт,2026-10-01,56.82026360027481,forecast,True,boosting_squared,31,27,49.48861668411032
130200121_,шт,2026-10-01,140.62409417396097,forecast,True,boosting_squared,32,27,122.47904976441762
130200122_,шт,2026-10-01,174.71742019517868,forecast,True,boosting_squared,30,27,152.1732369441879
130200123_,шт,2026-10-01,220.53692007256825,forecast,True,boosting_squared,32,27,192.08054328901105
130200124_,шт,2026-10-01,207.7829426322868,forecast,True,boosting_squared,30,27,180.97224035715303
130200125_,шт,2026-10-01,38.538557214498034,forecast,True,boosting_squared,31,27,33.5658401545628
130200126_,шт,2026-10-01,10.695716430478376,forecast,True,boosting_squared,32,27,9.315623987836004
130200127_,шт,2026-10-01,8.980883306240814,forecast,True,boosting_squared,30,27,7.822059653822644
130200128_,шт,2026-10-01,46.09412109438018,forecast,True,boosting_squared,30,27,40.14649256607306
130200131_,шт,2026-10-01,,insufficient_history,True,boosting_squared,1,27,
130200133_,шт,2026-10-01,42.35996071631839,forecast,True,boosting_squared,32,27,36.89415933356763
130200134_,шт,2026-10-01,70.11310123994085,forecast,True,boosting_squared,32,27,61.06624946704525
130200135_,шт,2026-10-01,56.14811930080594,forecast,True,boosting_squared,32,27,48.9032006813471
130200136_,шт,2026-10-01,58.273377174547576,forecast,True,boosting_squared,31,27,50.75423173267047
130200154_,шт,2026-10-01,21.07941377743639,forecast,True,boosting_squared,32,27,18.3594894190575
130200159_,шт,2026-10-01,2.3962274945753275,forecast,True,boosting_squared,3,27,2.0870368501139946
130200160_,,2026-10-01,,insufficient_history,True,boosting_squared,0,27,
130200183_,шт,2026-10-01,6.676609857560352,forecast,True,boosting_squared,32,27,5.815111811423532
130200184_,шт,2026-10-01,10.174235260036381,forecast,True,boosting_squared,31,27,8.861430710354268
130200185_,шт,2026-10-01,6.208503217802653,forecast,True,boosting_squared,27,27,5.4074060284087615
130200285_,шт,2026-10-01,,insufficient_history,True,boosting_squared,1,27,
130200298_,шт,2026-10-01,5.190120313414837,forecast,True,boosting_squared,27,27,4.520427369748406
130200299_,шт,2026-10-01,,insufficient_history,True,boosting_squared,2,27,
130200300_,шт,2026-10-01,7.719792055069496,forecast,True,boosting_squared,23,27,6.723689854415367
130200301_,шт,2026-10-01,2.9758493700796476,forecast,True,boosting_squared,8,27,2.591868806198403
130200302_,шт,2026-10-01,2.1726119537896107,forecast,True,boosting_squared,18,27,1.892274927494177
130200305_,шт,2026-10-01,,insufficient_history,True,boosting_squared,0,27,
130200313_,шт,2026-10-01,,insufficient_history,True,boosting_squared,0,27,
130200314_,шт,2026-10-01,,insufficient_history,True,boosting_squared,0,27,
130200315_,,2026-10-01,,insufficient_history,True,boosting_squared,0,27,
130200339_,,2026-10-01,,insufficient_history,True,boosting_squared,0,27,
130200340_,шт,2026-10-01,3.3173563566105573,forecast,True,boosting_squared,7,27,2.8893103751124207
130200341_,,2026-10-01,,insufficient_history,True,boosting_squared,1,27,
130200342_,шт,2026-10-01,,insufficient_history,True,boosting_squared,1,27,
130200343_,шт,2026-10-01,4.020500221469752,forecast,True,boosting_squared,3,27,3.501725999344623
130200378_,шт,2026-10-01,43.01665777977908,forecast,True,boosting_squared,28,27,37.46612129206565
130200381_,шт,2026-10-01,19.570094363898185,forecast,True,boosting_squared,29,27,17.044920897588742
130200387_,шт,2026-10-01,,insufficient_history,True,boosting_squared,1,27,
130200409_,шт,2026-10-01,80.88911969755188,forecast,True,boosting_squared,32,27,70.45181393012582
130200413_,шт,2026-10-01,1.767374589417879,forecast,True,boosting_squared,11,27,1.539326255299443
130200414_,шт,2026-10-01,3.362319133000957,forecast,True,boosting_squared,7,27,2.9284715029363175
130200415_,шт,2026-10-01,2.2345659448185375,forecast,True,boosting_squared,4,27,1.9462348551645328
130200416_,шт,2026-10-01,2.6179561204235964,forecast,True,boosting_squared,5,27,2.280155330691519
130200417_,шт,2026-10-01,,insufficient_history,True,boosting_squared,0,27,
130200418_,шт,2026-10-01,1.9475192739820137,forecast,True,boosting_squared,12,27,1.6962264644359475
130200419_,шт,2026-10-01,2.4336492768310394,forecast,True,boosting_squared,16,27,2.1196300153044536
130200420_,шт,2026-10-01,3.203991657684242,forecast,True,boosting_squared,21,27,2.790573379273372
130200421_,шт,2026-10-01,2.969471020121147,forecast,True,boosting_squared,13,27,2.586313469137773
130200422_,шт,2026-10-01,7.462354113248789,forecast,True,boosting_squared,25,27,6.499469711539268
130200423_,шт,2026-10-01,4.997711589185615,forecast,True,boosting_squared,28,27,4.352845577677793
130200424_,шт,2026-10-01,2.619882632508049,forecast,True,boosting_squared,25,27,2.281833260571527
130200425_,шт,2026-10-01,3.8885765717175635,forecast,True,boosting_squared,27,27,3.3868247560120714
130200426_,шт,2026-10-01,2.9583385465537035,forecast,True,boosting_squared,26,27,2.57661744377258
130200430_,шт,2026-10-01,4.3210393389491415,forecast,True,boosting_squared,26,27,3.76348587585893
130200431_,шт,2026-10-01,4.309328303743442,forecast,True,boosting_squared,20,27,3.7532859419700944
130200432_,шт,2026-10-01,2.780509806168466,forecast,True,boosting_squared,22,27,2.4217343473080186
130200433_,шт,2026-10-01,3.2233411598698236,forecast,True,boosting_squared,13,27,2.807426171499524
130200434_,шт,2026-10-01,2.2508220926887224,forecast,True,boosting_squared,22,27,1.960393435567597
130200435_,шт,2026-10-01,8.00867828732919,forecast,True,boosting_squared,31,27,6.975300443802842
130200436_,шт,2026-10-01,4.639733658905516,forecast,True,boosting_squared,31,27,4.041058348078997
130200437_,шт,2026-10-01,3.2521329121124065,forecast,True,boosting_squared,27,27,2.832502858936612
130200438_,шт,2026-10-01,3.155582805189861,forecast,True,boosting_squared,21,27,2.748410830326653
130200439_,шт,2026-10-01,2.828798641822754,forecast,True,boosting_squared,28,27,2.4637923654585276
130200440_,шт,2026-10-01,2.3365479416301427,forecast,True,boosting_squared,5,27,2.035057884645608
130200441_,шт,2026-10-01,4.617230272053112,forecast,True,boosting_squared,19,27,4.021458624046258
130200442_,шт,2026-10-01,4.0566850609662,forecast,True,boosting_squared,19,27,3.533241827293142
130200443_,шт,2026-10-01,2.4363320681985194,forecast,True,boosting_squared,19,27,2.1219666400438717
130200444_,шт,2026-10-01,2.98276308629906,forecast,True,boosting_squared,20,27,2.5978904300024075
130200445_,шт,2026-10-01,2.458098021202972,forecast,True,boosting_squared,18,27,2.1409240829832337
130200490_,шт,2026-10-01,,insufficient_history,True,boosting_squared,0,27,
130200491_,шт,2026-10-01,2.225057022557672,forecast,True,boosting_squared,5,27,1.9379528906147463
130200492_,шт,2026-10-01,2.195214638792002,forecast,True,boosting_squared,3,27,1.9119611370123888
130200493_,шт,2026-10-01,1.8209007979765075,forecast,True,boosting_squared,4,27,1.5859458563021194
130200494_,шт,2026-10-01,,insufficient_history,True,boosting_squared,1,27,
130300003_,шт,2026-10-01,7.283522469602819,forecast,True,boosting_squared,28,27,6.343713118686327
130300004_,шт,2026-10-01,8.138945493680096,forecast,True,boosting_squared,20,27,7.088758978366535
130300005_,шт,2026-10-01,16.25080593833398,forecast,True,boosting_squared,32,27,14.153927752742499
130300006_,шт,2026-10-01,15.66119379239636,forecast,True,boosting_squared,32,27,13.640394593377474
130300020_,шт,2026-10-01,53.204729869634086,forecast,True,boosting_squared,31,27,46.33960343484259
130300021_,шт,2026-10-01,27.708092627182527,forecast,True,boosting_squared,30,27,24.132854868836393
130300022_,шт,2026-10-01,29.07136028413801,forecast,True,boosting_squared,31,27,25.320217021668586
130300032_,,2026-10-01,,insufficient_history,True,boosting_squared,0,27,
130300033_,шт,2026-10-01,3.201192709044142,forecast,True,boosting_squared,16,27,2.788135585296511
130300035_,шт,2026-10-01,,insufficient_history,True,boosting_squared,0,27,
130300036_,,2026-10-01,,insufficient_history,True,boosting_squared,0,27,
130300037_,шт,2026-10-01,,insufficient_history,True,boosting_squared,1,27,
130300038_,шт,2026-10-01,,insufficient_history,True,boosting_squared,1,27,
130300039_,шт,2026-10-01,12.313933525818054,forecast,True,boosting_squared,4,27,10.725038877325403
130300040_,шт,2026-10-01,2.3343356753199567,forecast,True,boosting_squared,3,27,2.0331310720528655
130300041_,шт,2026-10-01,27.48296919129335,forecast,True,boosting_squared,10,27,23.93677961822324
130300042_,,2026-10-01,,insufficient_history,True,boosting_squared,1,27,
130300080_,шт,2026-10-01,52.39541871551913,forecast,True,boosting_squared,32,27,45.634719526419886
130300084_,шт,2026-10-01,14.688685888123164,forecast,True,boosting_squared,29,27,12.793371579978238
130300089_,упак,2026-10-01,12.299119547449216,forecast,True,boosting_squared,8,27,10.712136380036414
130300090_,упак,2026-10-01,1.9695997229479167,forecast,True,boosting_squared,4,27,1.7154578232127018
130300091_,упак,2026-10-01,7.97803910444575,forecast,True,boosting_squared,11,27,6.948614703872105
130300101_,шт,2026-10-01,9.651694779759637,forecast,True,boosting_squared,18,27,8.406314808177749
130300102_,шт,2026-10-01,62.61244396316282,forecast,True,boosting_squared,32,27,54.533418935657934
130300103_,шт,2026-10-01,24.116478914615826,forecast,True,boosting_squared,32,27,21.004675183697653
130300105_,шт,2026-10-01,4.375710659513627,forecast,True,boosting_squared,5,27,3.81110283247961
130300107_,шт,2026-10-01,3.5170689540161137,forecast,True,boosting_squared,5,27,3.0632536051108086
130300108_,шт,2026-10-01,12.839994811461517,forecast,True,boosting_squared,15,27,11.183221287401967
130300142_,шт,2026-10-01,9.197818595173633,forecast,True,boosting_squared,5,27,8.011003292570583
130300143_,шт,2026-10-01,,insufficient_history,True,boosting_squared,1,27,
130300147_,шт,2026-10-01,3.4830719333636355,forecast,True,boosting_squared,12,27,3.033643296800586
130300152_,шт,2026-10-01,86.95662930795987,forecast,True,boosting_squared,31,27,75.73641907467473
130300154_,шт,2026-10-01,38.23602601470142,forecast,True,boosting_squared,32,27,33.30234523861092
130300155_,,2026-10-01,,insufficient_history,True,boosting_squared,0,27,
130300166_,шт,2026-10-01,,insufficient_history,True,boosting_squared,2,27,
130300169_,шт,2026-10-01,,insufficient_history,True,boosting_squared,0,27,
130300172_,шт,2026-10-01,,insufficient_history,True,boosting_squared,1,27,
130300178_,шт,2026-10-01,,insufficient_history,True,boosting_squared,0,27,
130300193_,шт,2026-10-01,,insufficient_history,True,boosting_squared,0,27,
130300204_,шт,2026-10-01,8.757281545199877,forecast,True,boosting_squared,29,27,7.6273097329160215
130300207_,шт,2026-10-01,2.8615506078450372,forecast,True,boosting_squared,8,27,2.4923182713489034
130300208_,шт,2026-10-01,,insufficient_history,True,boosting_squared,0,27,
130300209_,шт,2026-10-01,,insufficient_history,True,boosting_squared,0,27,
130300210_,шт,2026-10-01,,insufficient_history,True,boosting_squared,2,27,
130300213_,шт,2026-10-01,,insufficient_history,True,boosting_squared,0,27,
130300214_,шт,2026-10-01,,insufficient_history,True,boosting_squared,1,27,
130300215_,,2026-10-01,,insufficient_history,True,boosting_squared,0,27,
130300220_,шт,2026-10-01,101.72342982023407,forecast,True,boosting_squared,32,27,88.59782597246193
130300221_,шт,2026-10-01,32.34777484000395,forecast,True,boosting_squared,32,27,28.1738684090357
130300223_,шт,2026-10-01,4.419792842379018,forecast,True,boosting_squared,7,27,3.8494969917494672
130300226_,шт,2026-10-01,,insufficient_history,True,boosting_squared,0,27,
130300227_,шт,2026-10-01,,insufficient_history,True,boosting_squared,2,27,
130300231_,шт,2026-10-01,,insufficient_history,True,boosting_squared,1,27,
130300233_,шт,2026-10-01,,insufficient_history,True,boosting_squared,0,27,
130300247_,шт,2026-10-01,,insufficient_history,True,boosting_squared,1,27,
130300271_,упак,2026-10-01,2.070941071885245,forecast,True,boosting_squared,3,27,1.803722869061342
130300275_,упак,2026-10-01,,insufficient_history,True,boosting_squared,1,27,
130300287_,шт,2026-10-01,16.364324667273824,forecast,True,boosting_squared,26,27,14.252798903754622
130300288_,шт,2026-10-01,3.4500724480135068,forecast,True,boosting_squared,22,27,3.004901809560151
130300290_,,2026-10-01,,insufficient_history,True,boosting_squared,0,27,
130300291_,шт,2026-10-01,3.5906738765822332,forecast,True,boosting_squared,27,27,3.127361118313558
130300292_,шт,2026-10-01,2.272186742340189,forecast,True,boosting_squared,23,27,1.9790013562317774
130300293_,шт,2026-10-01,3.6725853817652196,forecast,True,boosting_squared,10,27,3.1987033970213203
130300302_,шт,2026-10-01,24.122632385168775,forecast,True,boosting_squared,32,27,21.010034658050223
130300325_,,2026-10-01,,insufficient_history,True,boosting_squared,0,27,
130300363_,,2026-10-01,,insufficient_history,True,boosting_squared,0,27,
130300368_,,2026-10-01,,insufficient_history,True,boosting_squared,0,27,
130300418_,шт,2026-10-01,,insufficient_history,True,boosting_squared,2,27,
130300449_,упак,2026-10-01,2.177436804975401,forecast,True,boosting_squared,23,27,1.8964772172366395
130300471_,упак,2026-10-01,2.716363817749723,forecast,True,boosting_squared,19,27,2.365865260620726
130300518_,шт,2026-10-01,9.2539713562012,forecast,True,boosting_squared,15,27,8.059910536046207
130300519_,шт,2026-10-01,2.441898941857772,forecast,True,boosting_squared,4,27,2.126815207424511
130300520_,шт,2026-10-01,5.925914691164918,forecast,True,boosting_squared,8,27,5.161280537466219
130300521_,шт,2026-10-01,4.149889977482617,forecast,True,boosting_squared,8,27,3.6144203029687305
130300524_,шт,2026-10-01,13.556998134815892,forecast,True,boosting_squared,31,27,11.807708052904164
130300526_,шт,2026-10-01,469.33264101212126,forecast,True,boosting_squared,32,27,408.77359055894436
130300527_,шт,2026-10-01,221.0462568513476,forecast,True,boosting_squared,30,27,192.5241591931092
130300528_,шт,2026-10-01,19.21214164340443,forecast,True,boosting_squared,19,27,16.733155624900633
130300529_,шт,2026-10-01,109.80613022292327,forecast,True,boosting_squared,29,27,95.63759729093317
130300531_,,2026-10-01,,insufficient_history,True,boosting_squared,0,27,
130300532_,шт,2026-10-01,30.212713091644797,forecast,True,boosting_squared,24,27,26.3142984991745
130300533_,шт,2026-10-01,10.268231007462362,forecast,True,boosting_squared,26,27,8.943297974241412
130300534_,шт,2026-10-01,11.503389226933448,forecast,True,boosting_squared,19,27,10.019080939587196
130300535_,шт,2026-10-01,29.70058386213693,forecast,True,boosting_squared,31,27,25.868250460570874
130300536_,шт,2026-10-01,10.901579250184747,forecast,True,boosting_squared,21,27,9.494923863064134
130300537_,шт,2026-10-01,59.85364394697761,forecast,True,boosting_squared,27,27,52.130593115109534
130300538_,шт,2026-10-01,77.88820523394516,forecast,True,boosting_squared,32,27,67.83811423601675
130300544_,шт,2026-10-01,3.1612063399294814,forecast,True,boosting_squared,28,27,2.7533087476805163
130300545_,шт,2026-10-01,2.484819967143095,forecast,True,boosting_squared,19,27,2.164198035898824
130300546_,шт,2026-10-01,2.688483268961961,forecast,True,boosting_squared,30,27,2.3415822019991275
130300555_,,2026-10-01,,insufficient_history,True,boosting_squared,0,27,
130300596_,шт,2026-10-01,1.9299611657332052,forecast,True,boosting_squared,12,27,1.680933918541824
130300605_,упак,2026-10-01,6.464049145066599,forecast,True,boosting_squared,3,27,5.629978287638651
130300606_,шт,2026-10-01,37.93341478121025,forecast,True,boosting_squared,12,27,33.038780615892804
130300608_,шт,2026-10-01,262.55550891776454,forecast,True,boosting_squared,32,27,228.6773787348272
130300742_,шт,2026-10-01,8.94482934307377,forecast,True,boosting_squared,5,27,7.79065781493522
130300764_,шт,2026-10-01,13.343710842880396,forecast,True,boosting_squared,21,27,11.621941701863571
130300765_,шт,2026-10-01,5.174591205471587,forecast,True,boosting_squared,16,27,4.506902017668802
130300769=,шт,2026-10-01,,insufficient_history,True,boosting_squared,0,27,
130300769_,шт,2026-10-01,,insufficient_history,True,boosting_squared,2,27,
130300770_,шт,2026-10-01,3.186724092368099,forecast,True,boosting_squared,9,27,2.7755338869012474
130300771_,м,2026-10-01,2706.2368209187343,forecast,True,boosting_squared,32,27,2357.0449730582523
130300772_,м,2026-10-01,1945.3289477790263,forecast,True,boosting_squared,32,27,1694.3187609688293
130300773_,шт,2026-10-01,3.160027303446583,forecast,True,boosting_squared,19,27,2.7522818449373463
130300774_,шт,2026-10-01,3.986884568128473,forecast,True,boosting_squared,20,27,3.472447849660283
130300775_,шт,2026-10-01,6.630960641068771,forecast,True,boosting_squared,20,27,5.7753528164147365
130300779_,м,2026-10-01,4992.340021026197,forecast,True,boosting_squared,32,27,4348.167115087333
130300780_,м,2026-10-01,10637.426809512737,forecast,True,boosting_squared,32,27,9264.855608285287
130300791_,м,2026-10-01,5313.516649797129,forecast,True,boosting_squared,32,27,4627.901598210402
130300792_,м,2026-10-01,6705.170262311992,forecast,True,boosting_squared,32,27,5839.987002658831
130300831_,шт,2026-10-01,,insufficient_history,True,boosting_squared,2,27,
130300861_,шт,2026-10-01,2.105689934197504,forecast,True,boosting_squared,3,27,1.8339880072042778
130300883_,шт,2026-10-01,10.435382909940996,forecast,True,boosting_squared,32,27,9.088881889303448
130300962_,шт,2026-10-01,3.7972888773864866,forecast,True,boosting_squared,15,27,3.3073161190140365
130300963_,шт,2026-10-01,2.5216149143321966,forecast,True,boosting_squared,13,27,2.1962452479667522
130300982_,,2026-10-01,,insufficient_history,True,boosting_squared,0,27,
130300985_,шт,2026-10-01,6.53129637006843,forecast,True,boosting_squared,22,27,5.688548451349924
130300986_,шт,2026-10-01,3.069667310878857,forecast,True,boosting_squared,18,27,2.673581206249327
130300988_,шт,2026-10-01,3.5969423747999856,forecast,True,boosting_squared,4,27,3.1328207780516
130301000_,шт,2026-10-01,7.006020951367953,forecast,True,boosting_squared,15,27,6.102018247965637
130301016_,шт,2026-10-01,3.1289389899034252,forecast,True,boosting_squared,26,27,2.72520492669008
130301073_,,2026-10-01,,insufficient_history,True,boosting_squared,0,27,
130301079_,шт,2026-10-01,76.93338972580787,forecast,True,boosting_squared,32,27,67.00650072892944
130301081_,шт,2026-10-01,3.0891097347975673,forecast,True,boosting_squared,3,27,2.6905149303075584
130301087_,шт,2026-10-01,,insufficient_history,True,boosting_squared,0,27,
130301096_,шт,2026-10-01,4.975974696613577,forecast,True,boosting_squared,29,27,4.3339134454376325
130301097_,шт,2026-10-01,7.148795066074243,forecast,True,boosting_squared,31,27,6.226369896258212
130301098_,шт,2026-10-01,2.572583170764471,forecast,True,boosting_squared,8,27,2.2406369551819583
130301099_,шт,2026-10-01,2.7026888921943253,forecast,True,boosting_squared,12,27,2.353954841588606
130301100_,шт,2026-10-01,125.33146342523911,forecast,True,boosting_squared,28,27,109.15966169295018
130301101_,шт,2026-10-01,929.5149928169716,forecast,True,boosting_squared,32,27,809.5775743889752
130301111_,,2026-10-01,,insufficient_history,True,boosting_squared,0,27,
130301112_,,2026-10-01,,insufficient_history,True,boosting_squared,0,27,
130301113_,,2026-10-01,,insufficient_history,True,boosting_squared,0,27,
130301114_,,2026-10-01,,insufficient_history,True,boosting_squared,0,27,
130301115_,,2026-10-01,,insufficient_history,True,boosting_squared,0,27,
130301116_,,2026-10-01,,insufficient_history,True,boosting_squared,0,27,
130301120_,шт,2026-10-01,29.142988661329973,forecast,True,boosting_squared,28,27,25.382603027609978
130301128_,шт,2026-10-01,3.8509182805415367,forecast,True,boosting_squared,20,27,3.3540255991813384
130301133_,,2026-10-01,,insufficient_history,True,boosting_squared,0,27,
130301232_,м,2026-10-01,369.6744203785456,forecast,True,boosting_squared,28,27,321.9744951684107
130301257_,шт,2026-10-01,8.794495190562003,forecast,True,boosting_squared,32,27,7.659721617586261
130301258_,шт,2026-10-01,4.686926170464406,forecast,True,boosting_squared,13,27,4.0821615033077085
130301261_,шт,2026-10-01,,insufficient_history,True,boosting_squared,1,27,
130301263_,шт,2026-10-01,2.3475313084470906,forecast,True,boosting_squared,11,27,2.044624042841014
130301597_,,2026-10-01,,insufficient_history,True,boosting_squared,0,27,
130301598_,,2026-10-01,,insufficient_history,True,boosting_squared,0,27,
130301608_,шт,2026-10-01,78.33639795051462,forecast,True,boosting_squared,21,27,68.2284756343192
130301609_,шт,2026-10-01,21.149346272978665,forecast,True,boosting_squared,17,27,18.420398366787868
130301610_,шт,2026-10-01,52.95772350400308,forecast,True,boosting_squared,19,27,46.124468858325265
130301611_,шт,2026-10-01,15.569990059901263,forecast,True,boosting_squared,14,27,13.560959084430133
130301612_,шт,2026-10-01,16.563956899059622,forecast,True,boosting_squared,18,27,14.42667213789064
130301613_,шт,2026-10-01,17.139582118624656,forecast,True,boosting_squared,13,27,14.928023135576314
130301614_,шт,2026-10-01,9.752076941788378,forecast,True,boosting_squared,16,27,8.493744433170523
130301615_,шт,2026-10-01,3.947184738685077,forecast,True,boosting_squared,14,27,3.4378705788547443
130301616_,шт,2026-10-01,13.971105960439978,forecast,True,boosting_squared,18,27,12.168382610705788
130301617_,шт,2026-10-01,8.610406980721832,forecast,True,boosting_squared,14,27,7.499386725144822
130301618_,шт,2026-10-01,12.061295598347103,forecast,True,boosting_squared,9,27,10.504999392108767
130301619_,шт,2026-10-01,58.39288459768993,forecast,True,boosting_squared,10,27,50.8583188431493
130301620_,шт,2026-10-01,15.12095370560217,forecast,True,boosting_squared,10,27,13.16986290487931
130301621_,шт,2026-10-01,8.300075955693115,forecast,True,boosting_squared,7,27,7.229098413023036
130301622_,шт,2026-10-01,6.282097055652384,forecast,True,boosting_squared,9,27,5.471503887181109
130301623_,шт,2026-10-01,1.9822968519504558,forecast,True,boosting_squared,3,27,1.7265166129891067
130301624_,шт,2026-10-01,,insufficient_history,True,boosting_squared,0,27,
130301625_,шт,2026-10-01,5.344939825852074,forecast,True,boosting_squared,5,27,4.655270170903419
130301626_,шт,2026-10-01,32.15714356207986,forecast,True,boosting_squared,19,27,28.007834715359877
130301627_,шт,2026-10-01,5.937216256859943,forecast,True,boosting_squared,10,27,5.171123836619951
130301628_,шт,2026-10-01,7.4618398869820055,forecast,True,boosting_squared,15,27,6.4990218370488435
130301629_,шт,2026-10-01,9.422105937906343,forecast,True,boosting_squared,12,27,8.206350333015202
130301630_,шт,2026-10-01,8.26143376918577,forecast,True,boosting_squared,6,27,7.195442315097283
130301631_,шт,2026-10-01,13.504139915709539,forecast,True,boosting_squared,4,27,11.761670249166373
130301632_,шт,2026-10-01,25.20028423263613,forecast,True,boosting_squared,3,27,21.948634654231466
130301633_,шт,2026-10-01,8.667357183414978,forecast,True,boosting_squared,4,27,7.548988514587239
130301634_,шт,2026-10-01,61.205972722858824,forecast,True,boosting_squared,4,27,53.30842785539317
130301635_,шт,2026-10-01,138.66438121899802,forecast,True,boosting_squared,14,27,120.77220299719183
130301636_,шт,2026-10-01,26.658279254707743,forecast,True,boosting_squared,8,27,23.218501286358357
130301637_,шт,2026-10-01,,insufficient_history,True,boosting_squared,0,27,
130301638_,шт,2026-10-01,20.187369088523564,forecast,True,boosting_squared,7,27,17.582547270649556
130301639_,шт,2026-10-01,9.050172517941515,forecast,True,boosting_squared,4,27,7.882408322078095
130301640_,шт,2026-10-01,36.76153288651859,forecast,True,boosting_squared,4,27,32.018109288258124
130301641_,шт,2026-10-01,16.691316819136638,forecast,True,boosting_squared,11,27,14.537598519893201
130301642_,шт,2026-10-01,,insufficient_history,True,boosting_squared,1,27,
130301643_,шт,2026-10-01,,insufficient_history,True,boosting_squared,0,27,
130301644_,шт,2026-10-01,9.448520824503062,forecast,True,boosting_squared,17,27,8.229356847147828
130301645_,шт,2026-10-01,5.015203214104183,forecast,True,boosting_squared,6,27,4.368080218735901
130301646_,шт,2026-10-01,8.868649145675388,forecast,True,boosting_squared,16,27,7.724307320426951
130301647_,шт,2026-10-01,9.220564146987744,forecast,True,boosting_squared,5,27,8.030813934473196
130301648_,шт,2026-10-01,4.726941934465677,forecast,True,boosting_squared,4,27,4.117013942921719
130301649_,шт,2026-10-01,2.9977428447987,forecast,True,boosting_squared,3,27,2.6109373164375773
130301650_,шт,2026-10-01,,insufficient_history,True,boosting_squared,0,27,
130301651_,шт,2026-10-01,,insufficient_history,True,boosting_squared,0,27,
130301652_,шт,2026-10-01,,insufficient_history,True,boosting_squared,0,27,
130301653_,,2026-10-01,,insufficient_history,True,boosting_squared,0,27,
130301654_,шт,2026-10-01,,insufficient_history,True,boosting_squared,0,27,
130301655_,шт,2026-10-01,,insufficient_history,True,boosting_squared,0,27,
130301656_,шт,2026-10-01,,insufficient_history,True,boosting_squared,0,27,
130301657_,,2026-10-01,,insufficient_history,True,boosting_squared,0,27,
130301658_,шт,2026-10-01,,insufficient_history,True,boosting_squared,0,27,
130301659_,шт,2026-10-01,,insufficient_history,True,boosting_squared,0,27,
130301660_,шт,2026-10-01,,insufficient_history,True,boosting_squared,0,27,
130301661_,шт,2026-10-01,,insufficient_history,True,boosting_squared,1,27,
130301662_,шт,2026-10-01,,insufficient_history,True,boosting_squared,0,27,
130301663_,шт,2026-10-01,,insufficient_history,True,boosting_squared,0,27,
130301664_,шт,2026-10-01,,insufficient_history,True,boosting_squared,0,27,
130301665_,шт,2026-10-01,,insufficient_history,True,boosting_squared,1,27,
130301666_,шт,2026-10-01,,insufficient_history,True,boosting_squared,0,27,
130301667_,шт,2026-10-01,,insufficient_history,True,boosting_squared,0,27,
130301668_,шт,2026-10-01,,insufficient_history,True,boosting_squared,0,27,
130301669_,шт,2026-10-01,,insufficient_history,True,boosting_squared,1,27,
130301670_,шт,2026-10-01,,insufficient_history,True,boosting_squared,0,27,
130301671_,шт,2026-10-01,,insufficient_history,True,boosting_squared,0,27,
130301672_,,2026-10-01,,insufficient_history,True,boosting_squared,0,27,
130301673_,шт,2026-10-01,34.68944058973354,forecast,True,boosting_squared,5,27,30.213383739445344
130301674_,шт,2026-10-01,2.21816072866817,forecast,True,boosting_squared,3,27,1.9319464410980836
130301675_,шт,2026-10-01,29.157581204056584,forecast,True,boosting_squared,3,27,25.39531266159767
130301676_,шт,2026-10-01,,insufficient_history,True,boosting_squared,2,27,
130301677_,шт,2026-10-01,8.348864281490545,forecast,True,boosting_squared,3,27,7.271591470975636
130301678_,шт,2026-10-01,5.9072344673843995,forecast,True,boosting_squared,6,27,5.1450106651412515
130301679_,шт,2026-10-01,3.7500481180277028,forecast,True,boosting_squared,3,27,3.266170941507999
130301680_,,2026-10-01,,insufficient_history,True,boosting_squared,0,27,
130301681_,шт,2026-10-01,,insufficient_history,True,boosting_squared,1,27,
130301682_,шт,2026-10-01,,insufficient_history,True,boosting_squared,1,27,
130301683_,шт,2026-10-01,,insufficient_history,True,boosting_squared,0,27,
130301685_,шт,2026-10-01,,insufficient_history,True,boosting_squared,0,27,
130301686_,шт,2026-10-01,,insufficient_history,True,boosting_squared,1,27,
130301687_,шт,2026-10-01,,insufficient_history,True,boosting_squared,0,27,
130301688_,шт,2026-10-01,8.805640819411304,forecast,True,boosting_squared,3,27,7.669429100777587
130301689_,шт,2026-10-01,19.927224265554226,forecast,True,boosting_squared,4,27,17.355969521611748
130301690_,шт,2026-10-01,,insufficient_history,True,boosting_squared,0,27,
130301691_,шт,2026-10-01,,insufficient_history,True,boosting_squared,0,27,
130301692_,шт,2026-10-01,,insufficient_history,True,boosting_squared,1,27,
130301693_,шт,2026-10-01,5.4189499117343845,forecast,True,boosting_squared,4,27,4.719730568284786
130301694_,шт,2026-10-01,,insufficient_history,True,boosting_squared,1,27,
130301695_,шт,2026-10-01,14.868502261901961,forecast,True,boosting_squared,6,27,12.949985841011385
130301696_,шт,2026-10-01,,insufficient_history,True,boosting_squared,2,27,
130301697_,шт,2026-10-01,4.578754051816894,forecast,True,boosting_squared,4,27,3.9879470773889074
130301698_,шт,2026-10-01,,insufficient_history,True,boosting_squared,1,27,
130301699_,шт,2026-10-01,,insufficient_history,True,boosting_squared,0,27,
130301700_,шт,2026-10-01,,insufficient_history,True,boosting_squared,2,27,
130301701_,шт,2026-10-01,,insufficient_history,True,boosting_squared,0,27,
130301702_,шт,2026-10-01,,insufficient_history,True,boosting_squared,1,27,
130301703_,шт,2026-10-01,,insufficient_history,True,boosting_squared,1,27,
130301704_,шт,2026-10-01,,insufficient_history,True,boosting_squared,1,27,
130301705_,шт,2026-10-01,,insufficient_history,True,boosting_squared,0,27,
130301706_,шт,2026-10-01,9.634248081943639,forecast,True,boosting_squared,5,27,8.391119297176719
130301707_,шт,2026-10-01,,insufficient_history,True,boosting_squared,0,27,
130301708_,шт,2026-10-01,,insufficient_history,True,boosting_squared,2,27,
130301709_,шт,2026-10-01,,insufficient_history,True,boosting_squared,0,27,
130301710_,шт,2026-10-01,,insufficient_history,True,boosting_squared,0,27,
130301711_,шт,2026-10-01,,insufficient_history,True,boosting_squared,0,27,
130301712_,шт,2026-10-01,5.553056909400905,forecast,True,boosting_squared,3,27,4.836533437220143
130301713_,шт,2026-10-01,,insufficient_history,True,boosting_squared,0,27,
130301714_,шт,2026-10-01,,insufficient_history,True,boosting_squared,0,27,
130301715_,шт,2026-10-01,8.745608007504616,forecast,True,boosting_squared,4,27,7.617142458149182
130301716_,шт,2026-10-01,,insufficient_history,True,boosting_squared,1,27,
130301717_,шт,2026-10-01,,insufficient_history,True,boosting_squared,1,27,
130301718_,шт,2026-10-01,,insufficient_history,True,boosting_squared,0,27,
130301719_,шт,2026-10-01,,insufficient_history,True,boosting_squared,1,27,
130301720_,шт,2026-10-01,,insufficient_history,True,boosting_squared,0,27,
130301721_,шт,2026-10-01,,insufficient_history,True,boosting_squared,1,27,
130301722_,шт,2026-10-01,,insufficient_history,True,boosting_squared,0,27,
130301723_,шт,2026-10-01,,insufficient_history,True,boosting_squared,0,27,
130301724_,шт,2026-10-01,,insufficient_history,True,boosting_squared,0,27,
130301725_,шт,2026-10-01,,insufficient_history,True,boosting_squared,2,27,
130301726_,шт,2026-10-01,,insufficient_history,True,boosting_squared,2,27,
130301727_,шт,2026-10-01,,insufficient_history,True,boosting_squared,0,27,
130301728_,шт,2026-10-01,,insufficient_history,True,boosting_squared,1,27,
130301729_,шт,2026-10-01,,insufficient_history,True,boosting_squared,0,27,
130301730_,шт,2026-10-01,,insufficient_history,True,boosting_squared,0,27,
130301731_,шт,2026-10-01,,insufficient_history,True,boosting_squared,1,27,
130301732_,шт,2026-10-01,,insufficient_history,True,boosting_squared,0,27,
130301733_,шт,2026-10-01,3.2601101103662895,forecast,True,boosting_squared,3,27,2.839450741286768
130301734_,шт,2026-10-01,,insufficient_history,True,boosting_squared,1,27,
130301735_,шт,2026-10-01,,insufficient_history,True,boosting_squared,1,27,
130301736_,шт,2026-10-01,4.955676891461465,forecast,True,boosting_squared,3,27,4.31623471191805
130301737_,шт,2026-10-01,8.123265263454915,forecast,True,boosting_squared,5,27,7.075102003654281
130301738_,шт,2026-10-01,1.9406471547459907,forecast,True,boosting_squared,3,27,1.6902410702626371
130301739_,шт,2026-10-01,,insufficient_history,True,boosting_squared,1,27,
130301927_,м,2026-10-01,,insufficient_history,True,boosting_squared,0,27,
130400069_,шт,2026-10-01,,insufficient_history,True,boosting_squared,2,27,
130400112_,шт,2026-10-01,,insufficient_history,True,boosting_squared,0,27,
130400150_,,2026-10-01,,insufficient_history,True,boosting_squared,0,27,
130400151_,,2026-10-01,,insufficient_history,True,boosting_squared,0,27,
130400152_,шт,2026-10-01,,insufficient_history,True,boosting_squared,0,27,
130400153_,шт,2026-10-01,,insufficient_history,True,boosting_squared,0,27,
130400154_,шт,2026-10-01,3.4159570645147923,forecast,True,boosting_squared,4,27,2.9751884110290123
130400155_,шт,2026-10-01,,insufficient_history,True,boosting_squared,0,27,
130400156_,шт,2026-10-01,,insufficient_history,True,boosting_squared,0,27,
130500001_,шт,2026-10-01,,insufficient_history,True,boosting_squared,1,27,
130500002_,шт,2026-10-01,50.95917652206445,forecast,True,boosting_squared,13,27,44.383798906314205
130500003_,шт,2026-10-01,6.404531444125603,forecast,True,boosting_squared,9,27,5.57814029004488
130500004_,шт,2026-10-01,2.144531807709051,forecast,True,boosting_squared,5,27,1.8678180260691735
130500005_,шт,2026-10-01,7.206230474349567,forecast,True,boosting_squared,7,27,6.276394284110913
130500006_,шт,2026-10-01,,insufficient_history,True,boosting_squared,2,27,
130500007_,шт,2026-10-01,13.648392061055814,forecast,True,boosting_squared,8,27,11.887309214467967
130500008_,шт,2026-10-01,4.498228216080573,forecast,True,boosting_squared,9,27,3.9178116720701763
130500009_,шт,2026-10-01,21.902616914795843,forecast,True,boosting_squared,3,27,19.07647279675767
130500010_,шт,2026-10-01,3.994611419138923,forecast,True,boosting_squared,7,27,3.4791776876371268
130500011_,шт,2026-10-01,4.868652166880022,forecast,True,boosting_squared,3,27,4.2404389840567935
130500012_,шт,2026-10-01,,insufficient_history,True,boosting_squared,1,27,
130500013_,шт,2026-10-01,3.089450863190514,forecast,True,boosting_squared,3,27,2.6908120421336736
130500014_,шт,2026-10-01,,insufficient_history,True,boosting_squared,0,27,
130500015_,шт,2026-10-01,3.5969423747999856,forecast,True,boosting_squared,4,27,3.1328207780516
130500027_,шт,2026-10-01,5.151836176984105,forecast,True,boosting_squared,11,27,4.487083121889382
130500046_,шт,2026-10-01,30.816836614090914,forecast,True,boosting_squared,4,27,26.840470599369507
130500051_,,2026-10-01,,insufficient_history,True,boosting_squared,0,27,
130500080_,шт,2026-10-01,3.6377873148750153,forecast,True,boosting_squared,7,27,3.168395403278239
130500085_,шт,2026-10-01,3.5313093049392306,forecast,True,boosting_squared,5,27,3.075656491398685
130500088_,шт,2026-10-01,3.722372678169029,forecast,True,boosting_squared,5,27,3.2420665261472186
130500094_,шт,2026-10-01,2.541837265956429,forecast,True,boosting_squared,9,27,2.213858263897535
130500098_,,2026-10-01,,insufficient_history,True,boosting_squared,0,27,
130500102_,шт,2026-10-01,4.227813499965279,forecast,True,boosting_squared,4,27,3.682289177389114
130500136_,шт,2026-10-01,2.1263292821769997,forecast,True,boosting_squared,5,27,1.8519642135089998
130500137_,,2026-10-01,,insufficient_history,True,boosting_squared,0,27,
130600007_,шт,2026-10-01,,insufficient_history,True,boosting_squared,2,27,
130600021_,шт,2026-10-01,18.12639058798703,forecast,True,boosting_squared,31,27,15.78750147985967
130600022_,шт,2026-10-01,11.309650465175908,forecast,True,boosting_squared,31,27,9.850340727733855
130600023_,шт,2026-10-01,44.81398941251934,forecast,True,boosting_squared,32,27,39.03153916574266
130600024_,шт,2026-10-01,6.400238263139242,forecast,True,boosting_squared,30,27,5.574401067895469
130600025_,шт,2026-10-01,15.089522272067963,forecast,True,boosting_squared,32,27,13.142487140188226
130600027_,шт,2026-10-01,21.58472799271138,forecast,True,boosting_squared,28,27,18.79960180010346
130600031_,шт,2026-10-01,7.865642098977787,forecast,True,boosting_squared,31,27,6.850720537819363
130600032_,шт,2026-10-01,15.942703728187054,forecast,True,boosting_squared,32,27,13.885580666485499
130600051_,шт,2026-10-01,5.856074919879095,forecast,True,boosting_squared,28,27,5.100452349572115
130600052_,шт,2026-10-01,7.002273172825443,forecast,True,boosting_squared,31,27,6.0987540537511915
130600053_,шт,2026-10-01,34.0823135240727,forecast,True,boosting_squared,32,27,29.684595649998805
130600057_,шт,2026-10-01,3.089450863190514,forecast,True,boosting_squared,3,27,2.6908120421336736
130600060_,шт,2026-10-01,40.3904550370778,forecast,True,boosting_squared,16,27,35.17878341939034
130600061_,шт,2026-10-01,38.29034787931898,forecast,True,boosting_squared,32,27,33.349657830374596
130600062_,,2026-10-01,,insufficient_history,True,boosting_squared,0,27,
130600063_,шт,2026-10-01,99.16346332502957,forecast,True,boosting_squared,32,27,86.36817773470318
130600064_,шт,2026-10-01,7.5837408546984575,forecast,True,boosting_squared,31,27,6.605193647640592
130600066_,шт,2026-10-01,11.27855687665142,forecast,True,boosting_squared,29,27,9.823259215148012
130600067_,шт,2026-10-01,5.473268879086863,forecast,True,boosting_squared,23,27,4.767040636624042
130600068_,шт,2026-10-01,97.97374214139876,forecast,True,boosting_squared,32,27,85.33196896186344
130600075_,шт,2026-10-01,,insufficient_history,True,boosting_squared,1,27,
130600076_,шт,2026-10-01,3.921437221463283,forecast,True,boosting_squared,3,27,3.4154453219196337
130600077_,шт,2026-10-01,2.928580247300127,forecast,True,boosting_squared,5,27,2.5506989250678522
130600078_,шт,2026-10-01,2.602084999864432,forecast,True,boosting_squared,16,27,2.2663320966561185
130600079_,шт,2026-10-01,5.236214244795066,forecast,True,boosting_squared,22,27,4.560573697079574
130600080_,шт,2026-10-01,3.762555833560931,forecast,True,boosting_squared,30,27,3.2770647582627466
130600086_,шт,2026-10-01,11.306230863960947,forecast,True,boosting_squared,29,27,9.84736236538534
130600098_,шт,2026-10-01,6.529132858179772,forecast,True,boosting_squared,22,27,5.686664102285609
130600121_,шт,2026-10-01,,insufficient_history,True,boosting_squared,0,27,
130600122_,шт,2026-10-01,,insufficient_history,True,boosting_squared,0,27,
130600123_,шт,2026-10-01,,insufficient_history,True,boosting_squared,1,27,
130600124_,шт,2026-10-01,3.0606472642514304,forecast,True,boosting_squared,8,27,2.665725036606085
130600125_,шт,2026-10-01,3.4422184850571482,forecast,True,boosting_squared,5,27,2.9980612611788064
130600126_,,2026-10-01,,insufficient_history,True,boosting_squared,0,27,
130600128_,шт,2026-10-01,16.53195642786157,forecast,True,boosting_squared,30,27,14.398800759750399
130600129_,шт,2026-10-01,,insufficient_history,True,boosting_squared,1,27,
130600130_,шт,2026-10-01,3.561045349764349,forecast,True,boosting_squared,3,27,3.1015556272141103
130600131_,шт,2026-10-01,,insufficient_history,True,boosting_squared,1,27,
130600132_,шт,2026-10-01,,insufficient_history,True,boosting_squared,2,27,
130600135_,шт,2026-10-01,,insufficient_history,True,boosting_squared,2,27,
130600136_,шт,2026-10-01,3.9923117783531175,forecast,True,boosting_squared,19,27,3.4771747746946504
130600137_,шт,2026-10-01,19.736428974785117,forecast,True,boosting_squared,30,27,17.18979297803865
130600138_,шт,2026-10-01,6.883949702134743,forecast,True,boosting_squared,30,27,5.995698127665744
130600140_,шт,2026-10-01,,insufficient_history,True,boosting_squared,1,27,
130600145_,шт,2026-10-01,11.381764072790373,forecast,True,boosting_squared,28,27,9.913149353720648
130600147_,,2026-10-01,,insufficient_history,True,boosting_squared,1,27,
130600148_,шт,2026-10-01,,insufficient_history,True,boosting_squared,2,27,
130600149_,шт,2026-10-01,,insufficient_history,True,boosting_squared,1,27,
130600150_,шт,2026-10-01,,insufficient_history,True,boosting_squared,2,27,
130600154_,шт,2026-10-01,24.05103159270702,forecast,True,boosting_squared,29,27,20.947672677519016
130600165_,шт,2026-10-01,4.020500221469752,forecast,True,boosting_squared,3,27,3.501725999344623
130600166_,шт,2026-10-01,,insufficient_history,True,boosting_squared,1,27,
130600200_,шт,2026-10-01,,insufficient_history,True,boosting_squared,0,27,
130600201_,шт,2026-10-01,,insufficient_history,True,boosting_squared,1,27,
130600202_,шт,2026-10-01,,insufficient_history,True,boosting_squared,0,27,
130600203_,шт,2026-10-01,,insufficient_history,True,boosting_squared,2,27,
130600204_,шт,2026-10-01,9.177210148257517,forecast,True,boosting_squared,8,27,7.993054000095257
130600205_,шт,2026-10-01,8.23519468013245,forecast,True,boosting_squared,4,27,7.172588914954069
130600206_,шт,2026-10-01,,insufficient_history,True,boosting_squared,2,27,
130600207_,шт,2026-10-01,8.172596332551217,forecast,True,boosting_squared,7,27,7.11806777351235
130600208_,шт,2026-10-01,2.1852593880207736,forecast,True,boosting_squared,5,27,1.9032904347277706
130600209_,шт,2026-10-01,,insufficient_history,True,boosting_squared,2,27,
130600210_,шт,2026-10-01,,insufficient_history,True,boosting_squared,2,27,
130600211_,шт,2026-10-01,5.029228684149783,forecast,True,boosting_squared,4,27,4.3802959507111
130600212_,шт,2026-10-01,3.088603954874531,forecast,True,boosting_squared,9,27,2.6900744123100755
130600213_,шт,2026-10-01,4.2071731036628135,forecast,True,boosting_squared,8,27,3.664312058028902
130600214_,шт,2026-10-01,5.332558925708289,forecast,True,boosting_squared,3,27,4.644486806262059
130600215_,шт,2026-10-01,2.1548846405118725,forecast,True,boosting_squared,5,27,1.8768350094780826
130600216_,шт,2026-10-01,,insufficient_history,True,boosting_squared,1,27,
130600217_,шт,2026-10-01,3.5675121646478574,forecast,True,boosting_squared,3,27,3.1071880143707147
130600218_,шт,2026-10-01,,insufficient_history,True,boosting_squared,2,27,
130600219_,шт,2026-10-01,,insufficient_history,True,boosting_squared,1,27,
130600220_,шт,2026-10-01,,insufficient_history,True,boosting_squared,2,27,
130600222_,шт,2026-10-01,,insufficient_history,True,boosting_squared,1,27,
130600223_,шт,2026-10-01,,insufficient_history,True,boosting_squared,2,27,
130600224_,шт,2026-10-01,,insufficient_history,True,boosting_squared,1,27,
130600225_,шт,2026-10-01,,insufficient_history,True,boosting_squared,2,27,
130600226_,шт,2026-10-01,,insufficient_history,True,boosting_squared,0,27,
130600227_,,2026-10-01,,insufficient_history,True,boosting_squared,1,27,
130600228_,,2026-10-01,,insufficient_history,True,boosting_squared,1,27,
130600229_,шт,2026-10-01,,insufficient_history,True,boosting_squared,2,27,
130600230_,шт,2026-10-01,,insufficient_history,True,boosting_squared,2,27,
130600232_,шт,2026-10-01,,insufficient_history,True,boosting_squared,1,27,
130600234_,шт,2026-10-01,,insufficient_history,True,boosting_squared,1,27,
130600235_,шт,2026-10-01,,insufficient_history,True,boosting_squared,0,27,
130600236_,шт,2026-10-01,,insufficient_history,True,boosting_squared,2,27,
130600237_,шт,2026-10-01,,insufficient_history,True,boosting_squared,0,27,
130600238_,шт,2026-10-01,,insufficient_history,True,boosting_squared,0,27,
130600239_,шт,2026-10-01,,insufficient_history,True,boosting_squared,0,27,
130600240_,шт,2026-10-01,,insufficient_history,True,boosting_squared,0,27,
130600241_,шт,2026-10-01,,insufficient_history,True,boosting_squared,0,27,
130600242_,шт,2026-10-01,,insufficient_history,True,boosting_squared,2,27,
130600243_,шт,2026-10-01,,insufficient_history,True,boosting_squared,0,27,
130600244_,шт,2026-10-01,,insufficient_history,True,boosting_squared,1,27,
130600245_,шт,2026-10-01,,insufficient_history,True,boosting_squared,1,27,
130600246_,шт,2026-10-01,,insufficient_history,True,boosting_squared,0,27,
130600247_,,2026-10-01,,insufficient_history,True,boosting_squared,1,27,
130600248_,шт,2026-10-01,,insufficient_history,True,boosting_squared,2,27,
130600253_,шт,2026-10-01,3.183964414570661,forecast,True,boosting_squared,5,27,2.7731302965615434
130600254_,шт,2026-10-01,2.8602634534397158,forecast,True,boosting_squared,10,27,2.491197201382978
130600255_,шт,2026-10-01,3.500621290282603,forecast,True,boosting_squared,12,27,3.0489282205687185
130600256_,шт,2026-10-01,4.204250818793597,forecast,True,boosting_squared,9,27,3.661766842175069
130600257_,шт,2026-10-01,,insufficient_history,True,boosting_squared,2,27,
130600258_,шт,2026-10-01,2.7858044767311347,forecast,True,boosting_squared,5,27,2.4263458345722784
130600259_,шт,2026-10-01,,insufficient_history,True,boosting_squared,1,27,
130600260_,шт,2026-10-01,,insufficient_history,True,boosting_squared,0,27,
130600261_,шт,2026-10-01,3.6804221914199897,forecast,True,boosting_squared,6,27,3.2055290054303134
130600262_,шт,2026-10-01,,insufficient_history,True,boosting_squared,2,27,
130600265_,шт,2026-10-01,,insufficient_history,True,boosting_squared,2,27,
130600266_,шт,2026-10-01,,insufficient_history,True,boosting_squared,0,27,
130600267_,шт,2026-10-01,,insufficient_history,True,boosting_squared,0,27,
130600268_,шт,2026-10-01,,insufficient_history,True,boosting_squared,0,27,
130600269_,шт,2026-10-01,,insufficient_history,True,boosting_squared,0,27,
130600270_,шт,2026-10-01,,insufficient_history,True,boosting_squared,2,27,
130600271_,шт,2026-10-01,,insufficient_history,True,boosting_squared,0,27,
130600272_,шт,2026-10-01,3.0891097347975673,forecast,True,boosting_squared,3,27,2.6905149303075584
130600273_,шт,2026-10-01,,insufficient_history,True,boosting_squared,0,27,
130900001_,шт,2026-10-01,12.849025322789595,forecast,True,boosting_squared,28,27,11.191086571461904
130900006_,шт,2026-10-01,14.011927594441081,forecast,True,boosting_squared,26,27,12.203936937093845
130900007_,шт,2026-10-01,5.678704130284287,forecast,True,boosting_squared,10,27,4.945968113473412
130900008_,шт,2026-10-01,11.186091460100439,forecast,True,boosting_squared,28,27,9.742724820087478
130900009_,шт,2026-10-01,29.840095845733757,forecast,True,boosting_squared,31,27,25.989760897897142
130900010_,шт,2026-10-01,6.723142863857041,forecast,True,boosting_squared,20,27,5.855640558843229
130900012_,шт,2026-10-01,23.751699611997235,forecast,True,boosting_squared,31,27,20.68696417819114
130900013_,шт,2026-10-01,8.328972300710507,forecast,True,boosting_squared,27,27,7.254266197393023
130900014_,шт,2026-10-01,4.944640261597013,forecast,True,boosting_squared,26,27,4.3066221633264306
130900017_,шт,2026-10-01,33.143115251133935,forecast,True,boosting_squared,32,27,28.86658425098762
130900019_,шт,2026-10-01,202.30863071658067,forecast,True,boosting_squared,32,27,176.20429126927993
130900020_,шт,2026-10-01,246.2577986273435,forecast,True,boosting_squared,32,27,214.48259880446048
130900030_,шт,2026-10-01,12.541057877733348,forecast,True,boosting_squared,22,27,10.922856861251624
130900031_,шт,2026-10-01,10.709761132089866,forecast,True,boosting_squared,16,27,9.327856469884724
130900033_,,2026-10-01,,insufficient_history,True,boosting_squared,0,27,
130900065_,шт,2026-10-01,7.594562882871488,forecast,True,boosting_squared,24,27,6.614619285081619
150100494_,шт,2026-10-01,,insufficient_history,True,boosting_squared,2,27,
150100666_,м,2026-10-01,,insufficient_history,True,boosting_squared,2,27,
150100667_,м,2026-10-01,9.570861679882546,forecast,True,boosting_squared,5,27,8.335911785704152
150100720_,м,2026-10-01,6.320175145193973,forecast,True,boosting_squared,3,27,5.504668674846363
150100723_,м,2026-10-01,5.032898816595222,forecast,True,boosting_squared,13,27,4.383492517679709
150100853_,м,2026-10-01,,insufficient_history,True,boosting_squared,1,27,
150100854_,м,2026-10-01,3.9165961784739154,forecast,True,boosting_squared,3,27,3.4112289296385714
150100855_,м,2026-10-01,12.226529962091808,forecast,True,boosting_squared,11,27,10.648913192789639
150100863_,м,2026-10-01,,insufficient_history,True,boosting_squared,1,27,
150100864_,м,2026-10-01,,insufficient_history,True,boosting_squared,2,27,
150100953_,м,2026-10-01,13.996746102004826,forecast,True,boosting_squared,3,27,12.190714346907429
150100954_,м,2026-10-01,11.754434654241432,forecast,True,boosting_squared,5,27,10.23773340853286
150100955_,м,2026-10-01,7.173253867279135,forecast,True,boosting_squared,20,27,6.247672723114085
150100956_,,2026-10-01,,insufficient_history,True,boosting_squared,0,27,
150100957_,м,2026-10-01,10.393672550194497,forecast,True,boosting_squared,3,27,9.052553511459724
150100958_,,2026-10-01,,insufficient_history,True,boosting_squared,0,27,
150100959_,м,2026-10-01,,insufficient_history,True,boosting_squared,1,27,
150100961_,м,2026-10-01,4.73812479599883,forecast,True,boosting_squared,4,27,4.1267538545796265
150100996_,м,2026-10-01,26.84079297931645,forecast,True,boosting_squared,6,27,23.377464852953036
150100997_,м,2026-10-01,80.91115504280775,forecast,True,boosting_squared,3,27,70.4710060050261
150101000_,м,2026-10-01,9.190686769132206,forecast,True,boosting_squared,7,27,8.004791702147406
150101008_,м,2026-10-01,13.996746102004826,forecast,True,boosting_squared,3,27,12.190714346907429
150101009_,,2026-10-01,,insufficient_history,True,boosting_squared,0,27,
150101010_,м,2026-10-01,6.689526802759473,forecast,True,boosting_squared,4,27,5.8263620540163155
150101102_,,2026-10-01,,insufficient_history,True,boosting_squared,0,27,
150101103_,м,2026-10-01,13.418412873324,forecast,True,boosting_squared,10,27,11.687004760637032
150101104_,м,2026-10-01,24.190286516557784,forecast,True,boosting_squared,11,27,21.068959224098716
150101140_,шт,2026-10-01,6.568818318260808,forecast,True,boosting_squared,20,27,5.7212288578400585
150101155_,шт,2026-10-01,4.778981906055556,forecast,True,boosting_squared,7,27,4.162339079467743
150101158_,шт,2026-10-01,5.202173369087858,forecast,True,boosting_squared,7,27,4.5309251924313605
150101175_,шт,2026-10-01,,insufficient_history,True,boosting_squared,0,27,
150101176_,шт,2026-10-01,,insufficient_history,True,boosting_squared,0,27,
150101177_,шт,2026-10-01,,insufficient_history,True,boosting_squared,2,27,
150101178_,шт,2026-10-01,,insufficient_history,True,boosting_squared,1,27,
150101179_,шт,2026-10-01,2.1055735044101653,forecast,True,boosting_squared,4,27,1.8338866006153054
150101180_,шт,2026-10-01,19.36235405889863,forecast,True,boosting_squared,9,27,16.863985793234292
150101181_,шт,2026-10-01,2.836290252115862,forecast,True,boosting_squared,10,27,2.4703173163589764
150101182_,шт,2026-10-01,9.06986169918991,forecast,True,boosting_squared,11,27,7.899556963810568
150101183_,шт,2026-10-01,4.395586823994035,forecast,True,boosting_squared,15,27,3.8284143305754506
150101188_,шт,2026-10-01,,insufficient_history,True,boosting_squared,2,27,
150101189_,шт,2026-10-01,8.10954861836925,forecast,True,boosting_squared,17,27,7.063155248257088
150101190_,шт,2026-10-01,9.153860683092141,forecast,True,boosting_squared,12,27,7.9727173691447675
150101191_,шт,2026-10-01,5.267233095279269,forecast,True,boosting_squared,7,27,4.587590115243235
150101192_,шт,2026-10-01,15.778631883134274,forecast,True,boosting_squared,17,27,13.74267938208469
150101193_,шт,2026-10-01,14.296362365410175,forecast,True,boosting_squared,16,27,12.451670447292733
150101194_,шт,2026-10-01,,insufficient_history,True,boosting_squared,2,27,
150101195_,шт,2026-10-01,,insufficient_history,True,boosting_squared,1,27,
150101196_,шт,2026-10-01,,insufficient_history,True,boosting_squared,1,27,
150101197_,шт,2026-10-01,,insufficient_history,True,boosting_squared,2,27,
150101198_,шт,2026-10-01,4.821672277950792,forecast,True,boosting_squared,8,27,4.199521016279722
150101199_,шт,2026-10-01,5.911288710771252,forecast,True,boosting_squared,7,27,5.148541780349155
150101200_,шт,2026-10-01,6.629596820201014,forecast,True,boosting_squared,11,27,5.774164972433141
150101201_,шт,2026-10-01,11.682908706640918,forecast,True,boosting_squared,13,27,10.175436615461443
150101202_,шт,2026-10-01,11.37980577228629,forecast,True,boosting_squared,6,27,9.911443737152574
150101203_,шт,2026-10-01,,insufficient_history,True,boosting_squared,1,27,
150101204_,шт,2026-10-01,,insufficient_history,True,boosting_squared,2,27,
150101205_,шт,2026-10-01,,insufficient_history,True,boosting_squared,1,27,
150101206_,шт,2026-10-01,,insufficient_history,True,boosting_squared,0,27,
150101207_,шт,2026-10-01,,insufficient_history,True,boosting_squared,2,27,
150101208_,шт,2026-10-01,17.762858828767627,forecast,True,boosting_squared,10,27,15.470877044410512
150101209_,шт,2026-10-01,6.579748500479439,forecast,True,boosting_squared,8,27,5.730748693965962
150101210_,шт,2026-10-01,,insufficient_history,True,boosting_squared,1,27,
150101211_,шт,2026-10-01,,insufficient_history,True,boosting_squared,0,27,
150101212_,шт,2026-10-01,,insufficient_history,True,boosting_squared,0,27,
150101213_,шт,2026-10-01,65.31138323620341,forecast,True,boosting_squared,7,27,56.8841079799191
150300123_,,2026-10-01,,insufficient_history,True,boosting_squared,0,27,
150700221_,,2026-10-01,,insufficient_history,True,boosting_squared,0,27,
150700222_,,2026-10-01,,insufficient_history,True,boosting_squared,0,27,
150700223_,,2026-10-01,,insufficient_history,True,boosting_squared,0,27,
151000053_,,2026-10-01,,insufficient_history,True,boosting_squared,0,27,
151000056_,,2026-10-01,,insufficient_history,True,boosting_squared,0,27,
151000059_,шт,2026-10-01,59.67407612393876,forecast,True,boosting_squared,29,27,51.974195333753116
151000061_,шт,2026-10-01,11.974493088164843,forecast,True,boosting_squared,26,27,10.429397205820992
151000069_,,2026-10-01,,insufficient_history,True,boosting_squared,0,27,
151000070_,шт,2026-10-01,,insufficient_history,True,boosting_squared,1,27,
151000071_,шт,2026-10-01,,insufficient_history,True,boosting_squared,0,27,
151000074_,,2026-10-01,,insufficient_history,True,boosting_squared,0,27,
151000080_,,2026-10-01,,insufficient_history,True,boosting_squared,0,27,
151000081_,,2026-10-01,,insufficient_history,True,boosting_squared,0,27,
151000082_,шт,2026-10-01,4.424778753003891,forecast,True,boosting_squared,19,27,3.853839559067905
151000083_,шт,2026-10-01,8.545864127195745,forecast,True,boosting_squared,4,27,7.443171981751133
151000084_,шт,2026-10-01,,insufficient_history,True,boosting_squared,1,27,
151000119_,,2026-10-01,,insufficient_history,True,boosting_squared,0,27,
151000132_,,2026-10-01,,insufficient_history,True,boosting_squared,0,27,
151000137_,шт,2026-10-01,12.51712114130981,forecast,True,boosting_squared,29,27,10.90200873597951
151000175_,шт,2026-10-01,15.014700383115064,forecast,True,boosting_squared,32,27,13.077319688519573
151000214_,,2026-10-01,,insufficient_history,True,boosting_squared,0,27,
151000369_,шт,2026-10-01,11.554599314152085,forecast,True,boosting_squared,28,27,10.063683273616332
151000552_,,2026-10-01,,insufficient_history,True,boosting_squared,0,27,
151000553_,шт,2026-10-01,,insufficient_history,True,boosting_squared,1,27,
151000555_,шт,2026-10-01,3.3830207944633925,forecast,True,boosting_squared,5,27,2.946501982274568
151000556_,шт,2026-10-01,,insufficient_history,True,boosting_squared,1,27,
151000557_,,2026-10-01,,insufficient_history,True,boosting_squared,0,27,
151000558_,шт,2026-10-01,3.2915264312417905,forecast,True,boosting_squared,14,27,2.866813343339624
151000601_,шт,2026-10-01,,insufficient_history,True,boosting_squared,0,27,
151000606_,шт,2026-10-01,,insufficient_history,True,boosting_squared,2,27,
151000691_,шт,2026-10-01,7.675377386400027,forecast,True,boosting_squared,26,27,6.685006110735507
151000692_,шт,2026-10-01,4.231764521455681,forecast,True,boosting_squared,14,27,3.6857303896549483
151000693_,шт,2026-10-01,1.8642991449701611,forecast,True,boosting_squared,3,27,1.6237444165869146
151000698_,,2026-10-01,,insufficient_history,True,boosting_squared,0,27,
151000732_,шт,2026-10-01,,insufficient_history,True,boosting_squared,2,27,
151000733_,шт,2026-10-01,2.8324109149020114,forecast,True,boosting_squared,3,27,2.466938538785623
151000734_,шт,2026-10-01,2.784836059577928,forecast,True,boosting_squared,4,27,2.4255023744710984
151000735_,,2026-10-01,,insufficient_history,True,boosting_squared,0,27,
151000774_,,2026-10-01,,insufficient_history,True,boosting_squared,0,27,
151000783_,шт,2026-10-01,,insufficient_history,True,boosting_squared,1,27,
151000784_,,2026-10-01,,insufficient_history,True,boosting_squared,0,27,
151000785_,,2026-10-01,,insufficient_history,True,boosting_squared,0,27,
151300040_,,2026-10-01,,insufficient_history,True,boosting_squared,0,27,
151300041_,,2026-10-01,,insufficient_history,True,boosting_squared,0,27,
151300042_,шт,2026-10-01,,insufficient_history,True,boosting_squared,1,27,
200400001_,шт,2026-10-01,32.245169217985264,forecast,True,boosting_squared,31,27,28.084502222116196
200400002_,шт,2026-10-01,9.639039535521734,forecast,True,boosting_squared,18,27,8.395292498680218
200400003_,шт,2026-10-01,13.615401390191108,forecast,True,boosting_squared,27,27,11.858575404359998
200400004_,шт,2026-10-01,3.9457671916524677,forecast,True,boosting_squared,20,27,3.4366359411166654
200400007_,шт,2026-10-01,12.231010030503144,forecast,True,boosting_squared,18,27,10.652815187857577
200400009_,шт,2026-10-01,,insufficient_history,True,boosting_squared,1,27,
200400010_,шт,2026-10-01,,insufficient_history,True,boosting_squared,0,27,
200400011_,шт,2026-10-01,,insufficient_history,True,boosting_squared,1,27,
200400012_,,2026-10-01,,insufficient_history,True,boosting_squared,0,27,
200400014_,шт,2026-10-01,,insufficient_history,True,boosting_squared,1,27,
200400015_,шт,2026-10-01,2.1472296786455503,forecast,True,boosting_squared,6,27,1.8701677846267697
200400016_,шт,2026-10-01,4.298303423546299,forecast,True,boosting_squared,22,27,3.74368362695968
200400017_,шт,2026-10-01,4.450083705501253,forecast,True,boosting_squared,21,27,3.875879356404317
200400018_,шт,2026-10-01,3.5681983617493804,forecast,True,boosting_squared,18,27,3.1077856699107507
200400019_,шт,2026-10-01,214.3018968723242,forecast,True,boosting_squared,32,27,186.65003921137915
200400020_,шт,2026-10-01,9.775960760765068,forecast,True,boosting_squared,27,27,8.514546469053448
200400021_,шт,2026-10-01,28.3006544545857,forecast,True,boosting_squared,32,27,24.6489571056069
200400022_,шт,2026-10-01,5.698349085772679,forecast,True,boosting_squared,21,27,4.963078235995559
200400023_,шт,2026-10-01,10.9924362964268,forecast,True,boosting_squared,29,27,9.574057419468502
200400024_,шт,2026-10-01,193.69004744478866,forecast,True,boosting_squared,32,27,168.69778325836432
200400025_,шт,2026-10-01,22.60168643546676,forecast,True,boosting_squared,32,27,19.685339798632338
200400026_,шт,2026-10-01,489.97960409021596,forecast,True,boosting_squared,32,27,426.7564293688978
200400027_,шт,2026-10-01,418.03255461079266,forecast,True,boosting_squared,32,27,364.09287014488393
200400028_,шт,2026-10-01,264.4073470760747,forecast,True,boosting_squared,32,27,230.29027003400057
200400029_,шт,2026-10-01,154.38534177008734,forecast,True,boosting_squared,32,27,134.46465250943092
200400030_,шт,2026-10-01,28.86766915692629,forecast,True,boosting_squared,31,27,25.142808620548706
200400032_,шт,2026-10-01,,insufficient_history,True,boosting_squared,2,27,
200400034_,шт,2026-10-01,13.73071904603392,forecast,True,boosting_squared,32,27,11.959013362674703
200400048_,м,2026-10-01,60.35559904780607,forecast,True,boosting_squared,29,27,52.567779815831095
200400050_,шт,2026-10-01,7.815407990949378,forecast,True,boosting_squared,24,27,6.806968250181717
200400085_,м,2026-10-01,2941.5219612819897,forecast,True,boosting_squared,32,27,2561.9707404714104
200400101_,шт,2026-10-01,33.33237910739664,forecast,True,boosting_squared,30,27,29.03142696450675
200400104_,м,2026-10-01,1540.1088484315621,forecast,True,boosting_squared,31,27,1341.385126053296
200400105_,,2026-10-01,,insufficient_history,True,boosting_squared,0,27,
200400166_,м,2026-10-01,2675.5624716240695,forecast,True,boosting_squared,31,27,2330.3286043177377
200400218_,,2026-10-01,,insufficient_history,True,boosting_squared,0,27,
200400249_,шт,2026-10-01,5.412375339065052,forecast,True,boosting_squared,12,27,4.714004327572788
200400250_,м,2026-10-01,1737.7890435735148,forecast,True,boosting_squared,32,27,1513.5581992414486
200400259_,шт,2026-10-01,2.3624687695497784,forecast,True,boosting_squared,10,27,2.0576340896078715
200400264_,шт,2026-10-01,2.9634661739229364,forecast,True,boosting_squared,25,27,2.5810834418038477
200400329_,м,2026-10-01,,insufficient_history,True,boosting_squared,2,27,
200400330_,м,2026-10-01,149.3930491162999,forecast,True,boosting_squared,5,27,130.11652664968057
201000015_,шт,2026-10-01,,insufficient_history,True,boosting_squared,1,27,
201000017_,шт,2026-10-01,,insufficient_history,True,boosting_squared,2,27,
201000018_,шт,2026-10-01,,insufficient_history,True,boosting_squared,1,27,
201000019_,шт,2026-10-01,,insufficient_history,True,boosting_squared,0,27,
201000020_,шт,2026-10-01,3.3192467159999777,forecast,True,boosting_squared,4,27,2.8909568171612707
201000021_,шт,2026-10-01,,insufficient_history,True,boosting_squared,0,27,
201000022_,шт,2026-10-01,,insufficient_history,True,boosting_squared,0,27,
203000051_,,2026-10-01,,insufficient_history,True,boosting_squared,0,27,
203000053_,,2026-10-01,,insufficient_history,True,boosting_squared,0,27,
203000056_,,2026-10-01,,insufficient_history,True,boosting_squared,0,27,
203000079_,,2026-10-01,,insufficient_history,True,boosting_squared,0,27,
220400107_,м,2026-10-01,,insufficient_history,True,boosting_squared,1,27,
220400108_,,2026-10-01,,insufficient_history,True,boosting_squared,0,27,
220400109_,,2026-10-01,,insufficient_history,True,boosting_squared,0,27,
220400110_,,2026-10-01,,insufficient_history,True,boosting_squared,0,27,
220400111_,,2026-10-01,,insufficient_history,True,boosting_squared,0,27,
220400112_,,2026-10-01,,insufficient_history,True,boosting_squared,0,27,
220400113_,,2026-10-01,,insufficient_history,True,boosting_squared,0,27,
240100001_,,2026-10-01,,insufficient_history,True,boosting_squared,0,27,
240100002_,упак,2026-10-01,5.692582736244501,forecast,True,boosting_squared,27,27,4.958055931567791
240100003_,упак,2026-10-01,5.890662178566959,forecast,True,boosting_squared,22,27,5.130576736171223
240100004_,упак,2026-10-01,16.19727730669952,forecast,True,boosting_squared,32,27,14.107306041318937
240100005_,упак,2026-10-01,161.78066495303196,forecast,True,boosting_squared,32,27,140.90574044296332
240100006_,упак,2026-10-01,142.64175777746257,forecast,True,boosting_squared,32,27,124.23636967714482
240100007_,упак,2026-10-01,29.42905130557924,forecast,True,boosting_squared,31,27,25.631754362923854
240100009_,,2026-10-01,,insufficient_history,True,boosting_squared,0,27,
240100010_,,2026-10-01,,insufficient_history,True,boosting_squared,0,27,
240100011_,упак,2026-10-01,14.365850046178949,forecast,True,boosting_squared,27,27,12.512191975704246
240100012_,упак,2026-10-01,6.7976800900739685,forecast,True,boosting_squared,25,27,5.920560078451521
240100013_,упак,2026-10-01,8.527857618150124,forecast,True,boosting_squared,29,27,7.427488893227527
240100015_,,2026-10-01,,insufficient_history,True,boosting_squared,0,27,
240100016_,упак,2026-10-01,,insufficient_history,True,boosting_squared,1,27,
240100020_,упак,2026-10-01,2.1310836640550623,forecast,True,boosting_squared,4,27,1.856105126757635
240100025_,упак,2026-10-01,,insufficient_history,True,boosting_squared,2,27,
240100026_,упак,2026-10-01,26.70466608870471,forecast,True,boosting_squared,32,27,23.25890272242023
240100027_,упак,2026-10-01,24.834784416890685,forecast,True,boosting_squared,27,27,21.63029610503382
240100028_,упак,2026-10-01,27.20061356510066,forecast,True,boosting_squared,31,27,23.690856976055414
240100029_,упак,2026-10-01,40.978216340228194,forecast,True,boosting_squared,25,27,35.6907045543923
240100045_,,2026-10-01,,insufficient_history,True,boosting_squared,0,27,
240100052_,упак,2026-10-01,123.53503734380786,forecast,True,boosting_squared,32,27,107.59503252525201
240100053_,упак,2026-10-01,1004.8676861656622,forecast,True,boosting_squared,32,27,875.2073395636412
240100054_,упак,2026-10-01,723.6230931806882,forecast,True,boosting_squared,32,27,630.2523714799543
240100089_,,2026-10-01,,insufficient_history,True,boosting_squared,0,27,
240100090_,упак,2026-10-01,12.953527762653279,forecast,True,boosting_squared,6,27,11.282104825536727
240100091_,упак,2026-10-01,107.4551477043035,forecast,True,boosting_squared,32,27,93.58996735536113
240100092_,упак,2026-10-01,2.0478194021741736,forecast,True,boosting_squared,4,27,1.7835846406033127
240100093_,упак,2026-10-01,26.800877385535205,forecast,True,boosting_squared,32,27,23.342699658369373
240100094_,упак,2026-10-01,364.1806540516682,forecast,True,boosting_squared,32,27,317.1896019159691
240100095_,упак,2026-10-01,10.7790741889814,forecast,True,boosting_squared,31,27,9.388225906532186
240100096_,упак,2026-10-01,4.591317745544852,forecast,True,boosting_squared,27,27,3.998889649345516
240100097_,упак,2026-10-01,3.092111386848682,forecast,True,boosting_squared,16,27,2.693129272416594
240100106_,упак,2026-10-01,9.959403334467316,forecast,True,boosting_squared,31,27,8.674319033245729
240100107_,упак,2026-10-01,13.871050901529856,forecast,True,boosting_squared,28,27,12.081237881977616
240100109_,,2026-10-01,,insufficient_history,True,boosting_squared,0,27,
240100110_,,2026-10-01,,insufficient_history,True,boosting_squared,0,27,
240100111_,упак,2026-10-01,174.27447770015414,forecast,True,boosting_squared,32,27,151.7874483194891
240100112_,упак,2026-10-01,528.0190846198778,forecast,True,boosting_squared,32,27,459.8875898302162
240100117_,,2026-10-01,,insufficient_history,True,boosting_squared,0,27,
240100185_,упак,2026-10-01,12.296424372548882,forecast,True,boosting_squared,32,27,10.70978896963935
240100189_,,2026-10-01,,insufficient_history,True,boosting_squared,0,27,
240100190_,,2026-10-01,,insufficient_history,True,boosting_squared,0,27,
240100208_,упак,2026-10-01,193.0678227453067,forecast,True,boosting_squared,32,27,168.15584561688004
240100209_,упак,2026-10-01,2.5243224345742767,forecast,True,boosting_squared,13,27,2.198603410758241
240200003_,упак,2026-10-01,1.944286934765061,forecast,True,boosting_squared,9,27,1.6934112012469886
240200005_,,2026-10-01,,insufficient_history,True,boosting_squared,0,27,
240200006_,,2026-10-01,,insufficient_history,True,boosting_squared,0,27,
240200007_,упак,2026-10-01,3.794705818051696,forecast,True,boosting_squared,9,27,3.305066357657929
240200008_,,2026-10-01,,insufficient_history,True,boosting_squared,0,27,
240200009_,,2026-10-01,,insufficient_history,True,boosting_squared,0,27,
240200010_,,2026-10-01,,insufficient_history,True,boosting_squared,0,27,
240200011_,упак,2026-10-01,3.482730330100387,forecast,True,boosting_squared,5,27,3.0333457713777565
240200012_,упак,2026-10-01,2.3008021815247033,forecast,True,boosting_squared,15,27,2.003924480682806
240200014_,упак,2026-10-01,,insufficient_history,True,boosting_squared,0,27,
240200015_,,2026-10-01,,insufficient_history,True,boosting_squared,0,27,
240200017_,упак,2026-10-01,1.7118364788540859,forecast,True,boosting_squared,7,27,1.4909543525503328
240200029_,упак,2026-10-01,1.6920590626634617,forecast,True,boosting_squared,5,27,1.4737288610294665
240200031_,упак,2026-10-01,1.6613945698471397,forecast,True,boosting_squared,5,27,1.4470210769636378
240200032_,упак,2026-10-01,4.8416549364381,forecast,True,boosting_squared,8,27,4.21692526722028
240200033_,,2026-10-01,,insufficient_history,True,boosting_squared,0,27,
240200034_,,2026-10-01,,insufficient_history,True,boosting_squared,0,27,
240200050_,,2026-10-01,,insufficient_history,True,boosting_squared,0,27,
240200065_,,2026-10-01,,insufficient_history,True,boosting_squared,0,27,
240300013_,упак,2026-10-01,1.9841791994729991,forecast,True,boosting_squared,12,27,1.7281560769603541
240300014_,упак,2026-10-01,2.4508663483881867,forecast,True,boosting_squared,24,27,2.134625529241324
240300015_,упак,2026-10-01,2.075849842489761,forecast,True,boosting_squared,16,27,1.807998249910437
240300016_,упак,2026-10-01,1.7166837638576988,forecast,True,boosting_squared,18,27,1.4951761814244473
240300017_,упак,2026-10-01,1.663516375123799,forecast,True,boosting_squared,13,27,1.4488691009142767
240300018_,упак,2026-10-01,1.9453144780668594,forecast,True,boosting_squared,15,27,1.6943061583162968
240300019_,упак,2026-10-01,1.8532121676744058,forecast,True,boosting_squared,8,27,1.6140880170067406
240300020_,упак,2026-10-01,2.268455627898905,forecast,True,boosting_squared,12,27,1.9757516759119498
240300021_,,2026-10-01,,insufficient_history,True,boosting_squared,0,27,
240300022_,,2026-10-01,,insufficient_history,True,boosting_squared,0,27,
240300023_,,2026-10-01,,insufficient_history,True,boosting_squared,0,27,
240300024_,,2026-10-01,,insufficient_history,True,boosting_squared,0,27,
240300025_,,2026-10-01,,insufficient_history,True,boosting_squared,0,27,
240300026_,,2026-10-01,,insufficient_history,True,boosting_squared,0,27,
240300027_,упак,2026-10-01,4.675959862841216,forecast,True,boosting_squared,30,27,4.072610203119769
240300033_,упак,2026-10-01,3.899804457632625,forecast,True,boosting_squared,30,27,3.3966038824542215
240300034_,упак,2026-10-01,3.501486977988502,forecast,True,boosting_squared,29,27,3.0496822066351466
240300035_,упак,2026-10-01,3.57077810835538,forecast,True,boosting_squared,28,27,3.1100325459869436
240300050_,упак,2026-10-01,3.679095366340274,forecast,True,boosting_squared,29,27,3.20437338358669
240300051_,упак,2026-10-01,3.679095366340274,forecast,True,boosting_squared,29,27,3.20437338358669
240300052_,упак,2026-10-01,3.3058736353553297,forecast,True,boosting_squared,29,27,2.879309295309481
240300053_,упак,2026-10-01,3.652916345919524,forecast,True,boosting_squared,28,27,3.1815723012847466
240300054_,упак,2026-10-01,3.3884253363008647,forecast,True,boosting_squared,29,27,2.951209163874947
240300055_,упак,2026-10-01,3.33627237428161,forecast,True,boosting_squared,29,27,2.9057856163097893
240300056_,,2026-10-01,,insufficient_history,True,boosting_squared,0,27,
240300057_,упак,2026-10-01,1.7072086217331208,forecast,True,boosting_squared,13,27,1.486923638283686
240300058_,,2026-10-01,,insufficient_history,True,boosting_squared,0,27,
240300059_,,2026-10-01,,insufficient_history,True,boosting_squared,0,27,
250200001_,шт,2026-10-01,4.191123301458072,forecast,True,boosting_squared,24,27,3.650333198044127
250200002_,шт,2026-10-01,2.703892543079099,forecast,True,boosting_squared,26,27,2.3550031826817963
250200003_,шт,2026-10-01,5.18981434331587,forecast,True,boosting_squared,31,27,4.5201608796622095
250200004_,шт,2026-10-01,8.97734984997662,forecast,True,boosting_squared,30,27,7.818982127398992
250200005_,шт,2026-10-01,,insufficient_history,True,boosting_squared,2,27,
250200006_,шт,2026-10-01,9.04476755232731,forecast,True,boosting_squared,32,27,7.87770077138185
250200007_,шт,2026-10-01,11.82664746494342,forecast,True,boosting_squared,28,27,10.300628437208784
250200008_,шт,2026-10-01,2.926395074838602,forecast,True,boosting_squared,27,27,2.5487957103432985
250200009_,шт,2026-10-01,3.275719900584637,forecast,True,boosting_squared,20,27,2.8530463650253295
250200010_,шт,2026-10-01,4.763237804382615,forecast,True,boosting_squared,13,27,4.148626474784859
250200011_,шт,2026-10-01,4.355707181285627,forecast,True,boosting_squared,21,27,3.7936804482165143
250200012_,шт,2026-10-01,2.072287170025947,forecast,True,boosting_squared,17,27,1.804895277119373
250200014_,шт,2026-10-01,5.308782101623725,forecast,True,boosting_squared,29,27,4.623777959478729
250200015_,шт,2026-10-01,6.844091836449095,forecast,True,boosting_squared,25,27,5.960983212391147
250200016_,шт,2026-10-01,11.624568903577073,forecast,True,boosting_squared,30,27,10.124624528921967
250200017_,шт,2026-10-01,5.67236860147654,forecast,True,boosting_squared,31,27,4.9404500722537605
250200018_,шт,2026-10-01,4.6420601864965985,forecast,True,boosting_squared,26,27,4.043084678561553
250200019_,шт,2026-10-01,2.8207512043692553,forecast,True,boosting_squared,22,27,2.456783307031287
250200020_,шт,2026-10-01,3.038783030265898,forecast,True,boosting_squared,23,27,2.646681994102556
250200021_,,2026-10-01,,insufficient_history,True,boosting_squared,0,27,
250200022_,,2026-10-01,,insufficient_history,True,boosting_squared,0,27,
250200023_,шт,2026-10-01,,insufficient_history,True,boosting_squared,1,27,
250200025_,шт,2026-10-01,2.8690713320498187,forecast,True,boosting_squared,30,27,2.498868579527261
250200026_,шт,2026-10-01,2.8097599838233864,forecast,True,boosting_squared,29,27,2.4472103084913366
250200027_,шт,2026-10-01,5.1033305184729745,forecast,True,boosting_squared,28,27,4.444836258024849
250200028_,шт,2026-10-01,4.290668876885296,forecast,True,boosting_squared,30,27,3.7370341830936447
250200029_,шт,2026-10-01,9.782144023582225,forecast,True,boosting_squared,4,27,8.519931891507099
250200031_,шт,2026-10-01,3.1430540237639986,forecast,True,boosting_squared,19,27,2.7374986658589666
250200032_,шт,2026-10-01,2.099440026702691,forecast,True,boosting_squared,11,27,1.8285445393862148
250200037_,шт,2026-10-01,3.662840838533143,forecast,True,boosting_squared,16,27,3.190216214206286
250200041_,шт,2026-10-01,2.6471830030388217,forecast,True,boosting_squared,20,27,2.3056110026467156
250200042_,шт,2026-10-01,5.730566918229022,forecast,True,boosting_squared,28,27,4.991138928780116
250200044_,шт,2026-10-01,3.1416155611112897,forecast,True,boosting_squared,18,27,2.736245811290478
250200047_,шт,2026-10-01,2.397824966359031,forecast,True,boosting_squared,17,27,2.088428196506253
250200050_,шт,2026-10-01,2.4770682210635218,forecast,True,boosting_squared,14,27,2.1574465151198416
250200051_,шт,2026-10-01,2.2766624327003866,forecast,True,boosting_squared,9,27,1.9828995381584011
250200052_,шт,2026-10-01,3.6423941135144573,forecast,True,boosting_squared,21,27,3.1724077762867857
250200054_,шт,2026-10-01,2.6012974339721957,forecast,True,boosting_squared,14,27,2.265646152169332
250200060_,шт,2026-10-01,1.9755963747404668,forecast,True,boosting_squared,16,27,1.7206807134836324
250200061_,шт,2026-10-01,3.789798098972243,forecast,True,boosting_squared,29,27,3.3007918926532436
250200077_,шт,2026-10-01,3.242393409371591,forecast,True,boosting_squared,20,27,2.8240200662268697
250200078_,шт,2026-10-01,,insufficient_history,True,boosting_squared,1,27,
250200106_,шт,2026-10-01,,insufficient_history,True,boosting_squared,1,27,
250600001_,шт,2026-10-01,21.58636120935303,forecast,True,boosting_squared,32,27,18.80102427911393
250600002_,шт,2026-10-01,15.426938689358364,forecast,True,boosting_squared,32,27,13.436365955247608
250600003_,шт,2026-10-01,16.888100738710868,forecast,True,boosting_squared,32,27,14.708990965973983
250600004_,шт,2026-10-01,14.113508093660556,forecast,True,boosting_squared,32,27,12.292410275123709
250600005_,шт,2026-10-01,7.025827055801855,forecast,True,boosting_squared,26,27,6.11926872602097
250600006_,шт,2026-10-01,9.4277039040251,forecast,True,boosting_squared,31,27,8.211225980925086
250600007,шт,2026-10-01,,insufficient_history,True,boosting_squared,0,27,
250600007_,шт,2026-10-01,91.61460275434524,forecast,True,boosting_squared,32,27,79.79336368926843
250600008_,шт,2026-10-01,16.737074207105522,forecast,True,boosting_squared,32,27,14.577451728769326
250600009_,шт,2026-10-01,17.906984989382615,forecast,True,boosting_squared,32,27,15.596406281075181
250600010_,шт,2026-10-01,36.43562628396514,forecast,True,boosting_squared,32,27,31.734255150550286
250600011_,шт,2026-10-01,12.808313558583826,forecast,True,boosting_squared,32,27,11.155627938121397
250600012_,шт,2026-10-01,6.353112052908641,forecast,True,boosting_squared,32,27,5.533355658984946
250600013_,шт,2026-10-01,141.2637421078805,forecast,True,boosting_squared,30,27,123.03616248105719
250600014_,шт,2026-10-01,23.3669696615493,forecast,True,boosting_squared,28,27,20.351876801994553
250600015_,шт,2026-10-01,6.320739892583261,forecast,True,boosting_squared,26,27,5.505160551604776
250600020_,шт,2026-10-01,12.03523916753728,forecast,True,boosting_squared,16,27,10.482305081403437
250600021_,шт,2026-10-01,10.425504745366778,forecast,True,boosting_squared,32,27,9.080278326609776
250600030_,шт,2026-10-01,64.09168025835662,forecast,True,boosting_squared,32,27,55.821786031471895
250600034_,шт,2026-10-01,2.367075439146878,forecast,True,boosting_squared,3,27,2.0616463502247
250600039_,шт,2026-10-01,4.591732170098787,forecast,True,boosting_squared,9,27,3.9992505997634593
250600040_,,2026-10-01,,insufficient_history,True,boosting_squared,0,27,
250600041_,шт,2026-10-01,4.936375646884832,forecast,True,boosting_squared,30,27,4.299423950512596
250600042_,,2026-10-01,,insufficient_history,True,boosting_squared,0,27,
250600043_,,2026-10-01,,insufficient_history,True,boosting_squared,0,27,
250600044_,,2026-10-01,,insufficient_history,True,boosting_squared,0,27,
250600045_,,2026-10-01,,insufficient_history,True,boosting_squared,0,27,
250600047_,,2026-10-01,,insufficient_history,True,boosting_squared,0,27,
250600050_,м,2026-10-01,,insufficient_history,True,boosting_squared,0,27,
250600051_,м,2026-10-01,,insufficient_history,True,boosting_squared,0,27,
250600052_,,2026-10-01,,insufficient_history,True,boosting_squared,0,27,
250600053_,шт,2026-10-01,,insufficient_history,True,boosting_squared,2,27,
250600054_,шт,2026-10-01,3.9860985936099245,forecast,True,boosting_squared,4,27,3.471763291208644
250600055_,шт,2026-10-01,3.959485923989372,forecast,True,boosting_squared,3,27,3.4485845144423566
250600056_,шт,2026-10-01,4.18454707737648,forecast,True,boosting_squared,8,27,3.6446055190053213
250600057_,шт,2026-10-01,3.3713139834489048,forecast,True,boosting_squared,4,27,2.9363057275200135
250600058_,шт,2026-10-01,3.4953647157989307,forecast,True,boosting_squared,8,27,3.044349913760359
250600059_,шт,2026-10-01,,insufficient_history,True,boosting_squared,1,27,
250600061_,,2026-10-01,,insufficient_history,True,boosting_squared,0,27,
250600062_,,2026-10-01,,insufficient_history,True,boosting_squared,0,27,
250600063_,шт,2026-10-01,2.13263716413973,forecast,True,boosting_squared,4,27,1.8574581752184747
250600087_,шт,2026-10-01,829.8566533335166,forecast,True,boosting_squared,32,27,722.7783754840307
250600114_,,2026-10-01,,insufficient_history,True,boosting_squared,0,27,
250600115_,шт,2026-10-01,2.3365479416301427,forecast,True,boosting_squared,5,27,2.035057884645608
250600116_,шт,2026-10-01,2.404284585319457,forecast,True,boosting_squared,4,27,2.0940543162459786
250600117_,шт,2026-10-01,,insufficient_history,True,boosting_squared,0,27,
250600118_,,2026-10-01,,insufficient_history,True,boosting_squared,0,27,
250600119_,,2026-10-01,,insufficient_history,True,boosting_squared,0,27,
250600120_,,2026-10-01,,insufficient_history,True,boosting_squared,0,27,
250600121_,,2026-10-01,,insufficient_history,True,boosting_squared,0,27,
250600122_,,2026-10-01,,insufficient_history,True,boosting_squared,0,27,
250600123_,,2026-10-01,,insufficient_history,True,boosting_squared,0,27,
250600124_,,2026-10-01,,insufficient_history,True,boosting_squared,0,27,
250600125_,,2026-10-01,,insufficient_history,True,boosting_squared,0,27,
250600126_,,2026-10-01,,insufficient_history,True,boosting_squared,0,27,
250600127_,,2026-10-01,,insufficient_history,True,boosting_squared,0,27,
250600129_,шт,2026-10-01,12.192657593705626,forecast,True,boosting_squared,31,27,10.61941145258232
250600130_,шт,2026-10-01,4.97969878158735,forecast,True,boosting_squared,30,27,4.337157003318016
250600131_,шт,2026-10-01,10.75947460574081,forecast,True,boosting_squared,30,27,9.371155301774253
250600132_,шт,2026-10-01,2.63342057495867,forecast,True,boosting_squared,14,27,2.293624371738196
250600150_,шт,2026-10-01,,insufficient_history,True,boosting_squared,2,27,
250600152_,шт,2026-10-01,,insufficient_history,True,boosting_squared,2,27,
250600173_,шт,2026-10-01,12.764878461089754,forecast,True,boosting_squared,25,27,11.117797369336238
250600174_,шт,2026-10-01,2.48394424438918,forecast,True,boosting_squared,25,27,2.163435309629286
250600175_,шт,2026-10-01,8.824635513620999,forecast,True,boosting_squared,28,27,7.68597286670216
250600176_,шт,2026-10-01,4.388118324249035,forecast,True,boosting_squared,16,27,3.8219095082169017
250600177_,шт,2026-10-01,4.543410004153012,forecast,True,boosting_squared,31,27,3.957163552004236
250600178_,шт,2026-10-01,4.534089635434577,forecast,True,boosting_squared,24,27,3.9490458115075344
250600179_,шт,2026-10-01,5.660503765951249,forecast,True,boosting_squared,20,27,4.930116183247862
250600180_,шт,2026-10-01,3.690432693624826,forecast,True,boosting_squared,8,27,3.2142478299313
250600181_,шт,2026-10-01,9.735266624014832,forecast,True,boosting_squared,14,27,8.47910318865808
250600182_,шт,2026-10-01,5.2060286703028655,forecast,True,boosting_squared,17,27,4.534283035425076
250600183_,шт,2026-10-01,6.554879015470837,forecast,True,boosting_squared,26,27,5.709088174764923
250600184_,шт,2026-10-01,21.055108091939715,forecast,True,boosting_squared,19,27,18.338319951044266
250600185_,шт,2026-10-01,16.473666002974895,forecast,True,boosting_squared,23,27,14.348031680010392
250600186_,шт,2026-10-01,10.645226948450654,forecast,True,boosting_squared,15,27,9.271649277682828
250600187_,,2026-10-01,,insufficient_history,True,boosting_squared,0,27,
250600244_,шт,2026-10-01,,insufficient_history,True,boosting_squared,2,27,
250600250_,шт,2026-10-01,3.7029703239459417,forecast,True,boosting_squared,7,27,3.225167701501304
250600252_,шт,2026-10-01,,insufficient_history,True,boosting_squared,1,27,
250600271_,шт,2026-10-01,,insufficient_history,True,boosting_squared,0,27,
250600275_,шт,2026-10-01,2.552444478537127,forecast,True,boosting_squared,17,27,2.2230968038871755
250600276_,шт,2026-10-01,1.7065821947840458,forecast,True,boosting_squared,5,27,1.4863780406183624
250600277_,шт,2026-10-01,2.5990813979315286,forecast,True,boosting_squared,12,27,2.2637160562629446
250600278_,шт,2026-10-01,2.634968931459004,forecast,True,boosting_squared,13,27,2.294972940303003
250600279_,шт,2026-10-01,2.5779887146525025,forecast,True,boosting_squared,6,27,2.2453450095360505
250600287_,шт,2026-10-01,3.266752422551834,forecast,True,boosting_squared,12,27,2.8452359809322423
250600289_,шт,2026-10-01,4.539620523260683,forecast,True,boosting_squared,16,27,3.953863036388337
250600290_,шт,2026-10-01,6.48568679893114,forecast,True,boosting_squared,17,27,5.648823986165832
250600291_,шт,2026-10-01,2.8573929594628567,forecast,True,boosting_squared,5,27,2.488697093725714
250600292_,шт,2026-10-01,3.855441117267075,forecast,True,boosting_squared,11,27,3.3579648440713235
250600293_,шт,2026-10-01,6.749185203892206,forecast,True,boosting_squared,15,27,5.878322596938373
250600294_,шт,2026-10-01,,insufficient_history,True,boosting_squared,0,27,
250600309_,шт,2026-10-01,,insufficient_history,True,boosting_squared,2,27,
250600310_,шт,2026-10-01,2.8699031136262083,forecast,True,boosting_squared,3,27,2.4995930344486332
250600311_,шт,2026-10-01,2.7273537987159724,forecast,True,boosting_squared,3,27,2.3754371795268145
250600312_,шт,2026-10-01,,insufficient_history,True,boosting_squared,0,27,
250600313_,шт,2026-10-01,,insufficient_history,True,boosting_squared,1,27,
250600314_,шт,2026-10-01,1.9977074092202283,forecast,True,boosting_squared,3,27,1.7399387112563278
250600315_,шт,2026-10-01,2.564449038074018,forecast,True,boosting_squared,5,27,2.2335523879999513
250600316_,шт,2026-10-01,,insufficient_history,True,boosting_squared,1,27,
250600317_,шт,2026-10-01,,insufficient_history,True,boosting_squared,0,27,
250600318_,шт,2026-10-01,,insufficient_history,True,boosting_squared,2,27,
251000053_,шт,2026-10-01,2.8725941070088625,forecast,True,boosting_squared,21,27,2.501936802878687
251400017_,шт,2026-10-01,2.6378934474129188,forecast,True,boosting_squared,18,27,2.297520099359639
251400019_,шт,2026-10-01,13.407416203887863,forecast,True,boosting_squared,21,27,11.677427016289428
251400020_,шт,2026-10-01,37.440646627316184,forecast,True,boosting_squared,17,27,32.60959544959797
251400021_,шт,2026-10-01,4.19310743320721,forecast,True,boosting_squared,17,27,3.6520613127933763
251400022_,шт,2026-10-01,2.196812590644538,forecast,True,boosting_squared,15,27,1.913352901529114
251400023_,шт,2026-10-01,3.4543121714253475,forecast,True,boosting_squared,16,27,3.008594471886593
251400024_,шт,2026-10-01,2.366147651487631,forecast,True,boosting_squared,11,27,2.0608382771021305
251400025_,шт,2026-10-01,2.574140393071925,forecast,True,boosting_squared,12,27,2.241993245578773
251400026_,шт,2026-10-01,2.3083771948510643,forecast,True,boosting_squared,14,27,2.010522072934798
251400027_,шт,2026-10-01,3.122730789818972,forecast,True,boosting_squared,16,27,2.71979778468104
251400028_,шт,2026-10-01,2.981144636252727,forecast,True,boosting_squared,18,27,2.596480812220117
251400029_,шт,2026-10-01,3.956567473153005,forecast,True,boosting_squared,17,27,3.446042637907456
251400030_,шт,2026-10-01,15.950008408185637,forecast,True,boosting_squared,17,27,13.891942807129427
251400031_,шт,2026-10-01,,insufficient_history,True,boosting_squared,2,27,
251400032_,шт,2026-10-01,3.945852771145017,forecast,True,boosting_squared,20,27,3.436710478094047
251400033_,шт,2026-10-01,10.007783620059238,forecast,True,boosting_squared,16,27,8.716456701341917
251400034_,шт,2026-10-01,,insufficient_history,True,boosting_squared,0,27,
251400035_,шт,2026-10-01,2.0639781296422055,forecast,True,boosting_squared,9,27,1.797658370978695
251400036_,шт,2026-10-01,5.234329416305354,forecast,True,boosting_squared,20,27,4.558932072265954
251400037_,шт,2026-10-01,5.82627789299683,forecast,True,boosting_squared,20,27,5.074500100352078
251400038_,шт,2026-10-01,7.752880762762307,forecast,True,boosting_squared,19,27,6.752509051438138
251400039_,шт,2026-10-01,3.30653776572131,forecast,True,boosting_squared,8,27,2.8798877314346893
251400040_,шт,2026-10-01,4.222992589592686,forecast,True,boosting_squared,18,27,3.6780903199678234
251400041_,шт,2026-10-01,6.511658554678406,forecast,True,boosting_squared,20,27,5.671444547623128
251400042_,шт,2026-10-01,11.515139923479838,forecast,True,boosting_squared,21,27,10.029315417224375
251400043_,шт,2026-10-01,6.903695465313709,forecast,True,boosting_squared,20,27,6.012896050434521
251400044_,шт,2026-10-01,6.405620591354184,forecast,True,boosting_squared,15,27,5.579088902147193
251400045_,шт,2026-10-01,8.57434862752394,forecast,True,boosting_squared,18,27,7.46798106268214
251400046_,шт,2026-10-01,7.949526372180165,forecast,True,boosting_squared,20,27,6.923781033834337
251400047_,шт,2026-10-01,3.978011310827299,forecast,True,boosting_squared,15,27,3.464719528785067
251400048_,шт,2026-10-01,5.264701982453986,forecast,True,boosting_squared,7,27,4.5853855976212134
251400049_,шт,2026-10-01,2.8779516209975924,forecast,True,boosting_squared,13,27,2.5066030247398383
251400050_,шт,2026-10-01,3.2919491548244895,forecast,True,boosting_squared,12,27,2.86718152194391
251400051_,шт,2026-10-01,11.719486933072861,forecast,True,boosting_squared,19,27,10.20729507074088
251400052_,шт,2026-10-01,8.098471428870983,forecast,True,boosting_squared,19,27,7.053507373532792
251400053_,шт,2026-10-01,1.8743528734630597,forecast,True,boosting_squared,6,27,1.6325008897904068
251400054_,шт,2026-10-01,2.7576322137527307,forecast,True,boosting_squared,4,27,2.4018087023007655
251400055_,шт,2026-10-01,4.097257639571705,forecast,True,boosting_squared,10,27,3.568579234465678
251400056_,шт,2026-10-01,3.2092541699487205,forecast,True,boosting_squared,20,27,2.7951568576972727
251400057_,шт,2026-10-01,2.801391315837749,forecast,True,boosting_squared,5,27,2.4399214686328783
251400058_,шт,2026-10-01,4.200700566945155,forecast,True,boosting_squared,11,27,3.6586746873393285
251400059_,шт,2026-10-01,3.2630731217696325,forecast,True,boosting_squared,9,27,2.842031428638067
251400060_,шт,2026-10-01,2.868819301874255,forecast,True,boosting_squared,9,27,2.4986490693743515
251400061_,шт,2026-10-01,2.0298219423245825,forecast,True,boosting_squared,6,27,1.7679094336375396
251400062_,шт,2026-10-01,2.439334824783862,forecast,True,boosting_squared,6,27,2.12458194416659
251400063_,шт,2026-10-01,2.618383889606684,forecast,True,boosting_squared,9,27,2.2805279038509827
251400064_,шт,2026-10-01,3.5123525681632533,forecast,True,boosting_squared,8,27,3.0591457851744464
251400065_,шт,2026-10-01,5.90519253605667,forecast,True,boosting_squared,15,27,5.143232208823551
251400066_,шт,2026-10-01,2.3997670689454336,forecast,True,boosting_squared,9,27,2.090119705210539
251400067_,шт,2026-10-01,2.3803453301995208,forecast,True,boosting_squared,10,27,2.0732039972705505
251400068_,шт,2026-10-01,1.9723199050920555,forecast,True,boosting_squared,7,27,1.7178270141124354
251400069_,шт,2026-10-01,2.3648249171273408,forecast,True,boosting_squared,5,27,2.0596862181431677
251400070_,шт,2026-10-01,3.5132380492686424,forecast,True,boosting_squared,18,27,3.0599170106533338
251400071_,шт,2026-10-01,2.3544408329018465,forecast,True,boosting_squared,8,27,2.0506420157532212
251400072_,шт,2026-10-01,2.5931870241842354,forecast,True,boosting_squared,7,27,2.2585822468701404
251400073_,шт,2026-10-01,1.8274908216829087,forecast,True,boosting_squared,3,27,1.591685554368985
251400074_,шт,2026-10-01,,insufficient_history,True,boosting_squared,1,27,
251400075_,шт,2026-10-01,2.0411304777120045,forecast,True,boosting_squared,3,27,1.7777588031685199
251400076_,шт,2026-10-01,2.3819119087415013,forecast,True,boosting_squared,3,27,2.0745684366458237
251400077_,шт,2026-10-01,1.907394608918558,forecast,True,boosting_squared,4,27,1.6612791755097118
251400078_,шт,2026-10-01,2.1019597772563157,forecast,True,boosting_squared,7,27,1.8307391608361459
251400079_,шт,2026-10-01,1.7897883364604348,forecast,True,boosting_squared,9,27,1.558847905949411
251400080_,шт,2026-10-01,2.113871990934458,forecast,True,boosting_squared,6,27,1.8411143146848505
251400081_,шт,2026-10-01,,insufficient_history,True,boosting_squared,2,27,
251400082_,шт,2026-10-01,,insufficient_history,True,boosting_squared,2,27,
251400083_,шт,2026-10-01,2.1889646102714315,forecast,True,boosting_squared,10,27,1.9065175637847953
251400084_,шт,2026-10-01,2.158195032378692,forecast,True,boosting_squared,10,27,1.879718254007248
251400085_,шт,2026-10-01,2.228002811281142,forecast,True,boosting_squared,4,27,1.940518577567446
251400086_,шт,2026-10-01,2.1402180379132716,forecast,True,boosting_squared,6,27,1.864060871730914
251400087_,шт,2026-10-01,,insufficient_history,True,boosting_squared,2,27,
251400088_,шт,2026-10-01,,insufficient_history,True,boosting_squared,2,27,
251400089_,шт,2026-10-01,,insufficient_history,True,boosting_squared,1,27,
251400090_,шт,2026-10-01,1.9660526241989356,forecast,True,boosting_squared,3,27,1.7123684146248792
251400091_,шт,2026-10-01,1.8569695288960997,forecast,True,boosting_squared,4,27,1.6173605574256351
251400092_,шт,2026-10-01,4.152427493044912,forecast,True,boosting_squared,16,27,3.6166303971681493
251400093_,шт,2026-10-01,2.4431334197772023,forecast,True,boosting_squared,17,27,2.1278903978704666
251400094_,шт,2026-10-01,,insufficient_history,True,boosting_squared,1,27,
251400095_,шт,2026-10-01,2.8917850696974705,forecast,True,boosting_squared,5,27,2.5186515123171516
251400096_,шт,2026-10-01,3.062442944482894,forecast,True,boosting_squared,12,27,2.667289016162521
251400097_,шт,2026-10-01,2.4062475513203996,forecast,True,boosting_squared,4,27,2.095763996311316
251400098_,шт,2026-10-01,4.0284769934279945,forecast,True,boosting_squared,13,27,3.5086735104050275
251400099_,шт,2026-10-01,2.0554836139774535,forecast,True,boosting_squared,3,27,1.7902599218513304
251400100_,шт,2026-10-01,2.085716344294181,forecast,True,boosting_squared,3,27,1.816591654707835
251400101_,шт,2026-10-01,,insufficient_history,True,boosting_squared,2,27,
251400102_,шт,2026-10-01,1.8773445889606295,forecast,True,boosting_squared,3,27,1.6351065774818385
251400103_,шт,2026-10-01,,insufficient_history,True,boosting_squared,2,27,
251400104_,шт,2026-10-01,1.9814391500444324,forecast,True,boosting_squared,4,27,1.7257695822967636
251400105_,шт,2026-10-01,1.7105947483948265,forecast,True,boosting_squared,6,27,1.4898728453761392
251400106_,шт,2026-10-01,2.721712060093243,forecast,True,boosting_squared,17,27,2.370523407177986
251400107_,шт,2026-10-01,2.089242933732518,forecast,True,boosting_squared,5,27,1.819663200347677
251400108_,шт,2026-10-01,2.171024123596057,forecast,True,boosting_squared,5,27,1.8908919786159206
251400109_,шт,2026-10-01,1.9781295705567323,forecast,True,boosting_squared,6,27,1.7228870453236056
251400110_,шт,2026-10-01,,insufficient_history,True,boosting_squared,1,27,
251400111_,шт,2026-10-01,2.2218450616015386,forecast,True,boosting_squared,9,27,1.935155376233598
251400112_,шт,2026-10-01,1.7385383729194421,forecast,True,boosting_squared,9,27,1.5142108409298367
251400113_,шт,2026-10-01,,insufficient_history,True,boosting_squared,0,27,
251400114_,шт,2026-10-01,2.4542287420405993,forecast,True,boosting_squared,3,27,2.137554065648264
251400115_,шт,2026-10-01,2.2156202367569966,forecast,True,boosting_squared,7,27,1.9297337545948037
251400116_,шт,2026-10-01,1.9380606094525674,forecast,True,boosting_squared,5,27,1.6879882727490103
251400117_,шт,2026-10-01,,insufficient_history,True,boosting_squared,1,27,
251400118_,шт,2026-10-01,2.2751459764981274,forecast,True,boosting_squared,11,27,1.9815787537241756
251400119_,шт,2026-10-01,2.5580081343808834,forecast,True,boosting_squared,10,27,2.2279425686543175
251400120_,шт,2026-10-01,1.9567287813354577,forecast,True,boosting_squared,5,27,1.7042476482599147
251400121_,шт,2026-10-01,3.827113580883843,forecast,True,boosting_squared,12,27,3.3332924736730245
251400122_,шт,2026-10-01,,insufficient_history,True,boosting_squared,0,27,
251400123_,шт,2026-10-01,2.3451166235435683,forecast,True,boosting_squared,5,27,2.042520930183108
251400124_,шт,2026-10-01,2.1038245801170667,forecast,True,boosting_squared,3,27,1.8323633439729292
251400125_,шт,2026-10-01,,insufficient_history,True,boosting_squared,1,27,
251400126_,шт,2026-10-01,,insufficient_history,True,boosting_squared,1,27,
251400127_,шт,2026-10-01,3.2595283457885444,forecast,True,boosting_squared,15,27,2.8389440431061517
251400128_,шт,2026-10-01,2.0411304777120045,forecast,True,boosting_squared,3,27,1.7777588031685199
251400129_,шт,2026-10-01,1.8507434707573351,forecast,True,boosting_squared,10,27,1.6119378616273563
251400130_,шт,2026-10-01,1.8379005005928917,forecast,True,boosting_squared,4,27,1.6007520489034863
251400131_,шт,2026-10-01,2.257311412234107,forecast,True,boosting_squared,8,27,1.9660454235587383
251400132_,шт,2026-10-01,,insufficient_history,True,boosting_squared,1,27,
251400133_,шт,2026-10-01,2.1012848369105024,forecast,True,boosting_squared,8,27,1.8301513095672117
251400134_,шт,2026-10-01,2.215936496243969,forecast,True,boosting_squared,7,27,1.9300092064060377
251400135_,шт,2026-10-01,1.778025433631162,forecast,True,boosting_squared,4,27,1.548602797033593
251400136_,шт,2026-10-01,2.2805747906737386,forecast,True,boosting_squared,6,27,1.986307075748095
251400137_,шт,2026-10-01,2.612659689670391,forecast,True,boosting_squared,4,27,2.275542310358082
251400138_,шт,2026-10-01,3.5239799942327004,forecast,True,boosting_squared,6,27,3.0692728982026742
251400139_,шт,2026-10-01,,insufficient_history,True,boosting_squared,1,27,
251400140_,шт,2026-10-01,,insufficient_history,True,boosting_squared,2,27,
251400141_,шт,2026-10-01,,insufficient_history,True,boosting_squared,2,27,
251400142_,шт,2026-10-01,3.120829416885518,forecast,True,boosting_squared,4,27,2.7181417501906124
251400143_,шт,2026-10-01,12.376594472362195,forecast,True,boosting_squared,19,27,10.779614540444491
251400144_,шт,2026-10-01,12.898452260681939,forecast,True,boosting_squared,19,27,11.234135839948786
251400145_,шт,2026-10-01,4.023131129213259,forecast,True,boosting_squared,14,27,3.5040174351212254
251400146_,шт,2026-10-01,4.079803617703457,forecast,True,boosting_squared,15,27,3.5533773444513987
251400147_,шт,2026-10-01,3.3459749128988947,forecast,True,boosting_squared,11,27,2.9142362144603275
251400148_,шт,2026-10-01,3.672041387790325,forecast,True,boosting_squared,10,27,3.19822959581738
260100138_,шт,2026-10-01,1602.7069352566853,forecast,True,boosting_squared,32,27,1395.906040384855
260100140_,шт,2026-10-01,1321.4540527667689,forecast,True,boosting_squared,32,27,1150.9438524097664
260100153_,шт,2026-10-01,2271.258759930216,forecast,True,boosting_squared,32,27,1978.1931134876074
260100154_,шт,2026-10-01,477.43148289569837,forecast,True,boosting_squared,31,27,415.827420586576
260100155_,шт,2026-10-01,470.75211238410117,forecast,True,boosting_squared,31,27,410.0099043345397
260100157_,шт,2026-10-01,587.3915313011227,forecast,True,boosting_squared,32,27,511.59907564936486
260100158_,шт,2026-10-01,2761.264961234173,forecast,True,boosting_squared,32,27,2404.972708171699
260100161_,,2026-10-01,,insufficient_history,True,boosting_squared,0,27,
260100162_,,2026-10-01,,insufficient_history,True,boosting_squared,0,27,
260100165_,шт,2026-10-01,4863.127230493212,forecast,True,boosting_squared,32,27,4235.626942687636
260100167_,шт,2026-10-01,3039.234430363904,forecast,True,boosting_squared,32,27,2647.075149026626
260100168_,шт,2026-10-01,2233.8753574788075,forecast,True,boosting_squared,32,27,1945.6333758686387
260100169_,шт,2026-10-01,1440.2585160180165,forecast,True,boosting_squared,31,27,1254.4187074995627
260100172_,,2026-10-01,,insufficient_history,True,boosting_squared,0,27,
270100211_,,2026-10-01,,insufficient_history,True,boosting_squared,0,27,
270100212_,,2026-10-01,,insufficient_history,True,boosting_squared,0,27,
270100213_,,2026-10-01,,insufficient_history,True,boosting_squared,0,27,
270100214_,,2026-10-01,,insufficient_history,True,boosting_squared,0,27,
270100215_,,2026-10-01,,insufficient_history,True,boosting_squared,0,27,
270100216_,,2026-10-01,,insufficient_history,True,boosting_squared,0,27,
270100217_,шт,2026-10-01,,insufficient_history,True,boosting_squared,1,27,
270100218_,,2026-10-01,,insufficient_history,True,boosting_squared,0,27,
270100219_,,2026-10-01,,insufficient_history,True,boosting_squared,0,27,
270100220_,,2026-10-01,,insufficient_history,True,boosting_squared,0,27,
270100221_,,2026-10-01,,insufficient_history,True,boosting_squared,0,27,
270100222_,,2026-10-01,,insufficient_history,True,boosting_squared,0,27,
270100223_,,2026-10-01,,insufficient_history,True,boosting_squared,0,27,
270200027_,шт,2026-10-01,,insufficient_history,True,boosting_squared,0,27,
270200048_,шт,2026-10-01,,insufficient_history,True,boosting_squared,0,27,
270200056_,шт,2026-10-01,,insufficient_history,True,boosting_squared,0,27,
270200057_,шт,2026-10-01,5.511391267108416,forecast,True,boosting_squared,3,27,4.800244006836362
270200058_,шт,2026-10-01,,insufficient_history,True,boosting_squared,1,27,
270200059_,шт,2026-10-01,,insufficient_history,True,boosting_squared,1,27,
270200063_,шт,2026-10-01,4.508197972058963,forecast,True,boosting_squared,9,27,3.926495007922323
270200075_,шт,2026-10-01,,insufficient_history,True,boosting_squared,0,27,
270200099_,шт,2026-10-01,,insufficient_history,True,boosting_squared,0,27,
270200100_,шт,2026-10-01,,insufficient_history,True,boosting_squared,0,27,
270200101_,шт,2026-10-01,,insufficient_history,True,boosting_squared,1,27,
270200102_,шт,2026-10-01,,insufficient_history,True,boosting_squared,0,27,
270200114_,шт,2026-10-01,,insufficient_history,True,boosting_squared,0,27,
270200120_,шт,2026-10-01,,insufficient_history,True,boosting_squared,0,27,
270200129_,шт,2026-10-01,,insufficient_history,True,boosting_squared,2,27,
270200130_,шт,2026-10-01,,insufficient_history,True,boosting_squared,1,27,
270200131_,шт,2026-10-01,,insufficient_history,True,boosting_squared,0,27,
270200132_,шт,2026-10-01,,insufficient_history,True,boosting_squared,0,27,
270200142_,шт,2026-10-01,,insufficient_history,True,boosting_squared,2,27,
270200143_,шт,2026-10-01,2.855102458951668,forecast,True,boosting_squared,4,27,2.4867021416675814
270300001_,шт,2026-10-01,10.267107651020766,forecast,True,boosting_squared,30,27,8.942319567018087
270300002_,шт,2026-10-01,5.97979586738249,forecast,True,boosting_squared,21,27,5.208209303849265
270300003_,шт,2026-10-01,46.10955745927172,forecast,True,boosting_squared,31,27,40.15993714194634
270300004_,шт,2026-10-01,1.9189144386686683,forecast,True,boosting_squared,12,27,1.6713125756146467
270300005_,,2026-10-01,,insufficient_history,True,boosting_squared,0,27,
270300007_,шт,2026-10-01,2.670821196303814,forecast,True,boosting_squared,4,27,2.326199106458161
270300021_,,2026-10-01,,insufficient_history,True,boosting_squared,0,27,
270300025_,шт,2026-10-01,13.403852144255906,forecast,True,boosting_squared,27,27,11.67432283531966
270300030_,шт,2026-10-01,,insufficient_history,True,boosting_squared,1,27,
270300035_,,2026-10-01,,insufficient_history,True,boosting_squared,0,27,
270300078_,м,2026-10-01,50.44456645835484,forecast,True,boosting_squared,31,27,43.93559014114776
270300079_,м,2026-10-01,173.94308197983048,forecast,True,boosting_squared,29,27,151.4988133372717
270300098_,шт,2026-10-01,2.6359106450306524,forecast,True,boosting_squared,5,27,2.2957931424460525
270300099_,шт,2026-10-01,4.114841718255858,forecast,True,boosting_squared,24,27,3.5838943997712307
270300100_,шт,2026-10-01,10.264480924236986,forecast,True,boosting_squared,23,27,8.940031772722536
270300101_,шт,2026-10-01,10.58069657711363,forecast,True,boosting_squared,26,27,9.21544540587316
270300105_,м,2026-10-01,221.61202056489833,forecast,True,boosting_squared,30,27,193.0169211371695
270300106_,шт,2026-10-01,,insufficient_history,True,boosting_squared,0,27,
270300112_,,2026-10-01,,insufficient_history,True,boosting_squared,0,27,
270300113_,шт,2026-10-01,6.551948858549663,forecast,True,boosting_squared,9,27,5.706536102607771
270300130_,шт,2026-10-01,,insufficient_history,True,boosting_squared,1,27,
270300132_,шт,2026-10-01,6.748758188693234,forecast,True,boosting_squared,24,27,5.877950680474752
270300133_,шт,2026-10-01,,insufficient_history,True,boosting_squared,2,27,
270300134_,шт,2026-10-01,6.080002998435307,forecast,True,boosting_squared,16,27,5.2954864825081716
270300150_,м,2026-10-01,71.3163479267115,forecast,True,boosting_squared,30,27,62.114238516813245
270300151_,м,2026-10-01,19.825819328692173,forecast,True,boosting_squared,23,27,17.26764909273189
270300153_,м,2026-10-01,24.885591510083,forecast,True,boosting_squared,31,27,21.674547444265837
270300184_,шт,2026-10-01,,insufficient_history,True,boosting_squared,0,27,
270300200_,м,2026-10-01,59.932532244768815,forecast,True,boosting_squared,30,27,52.199302277701875
270300212_,шт,2026-10-01,2.4192030141575516,forecast,True,boosting_squared,12,27,2.107047786524319
270300217_,,2026-10-01,,insufficient_history,True,boosting_squared,0,27,
270300221_,шт,2026-10-01,2.3353054705706247,forecast,True,boosting_squared,5,27,2.0339757324324794
270300222_,шт,2026-10-01,,insufficient_history,True,boosting_squared,2,27,
270300224_,шт,2026-10-01,11.801728770016906,forecast,True,boosting_squared,26,27,10.27892505775666
270300231_,шт,2026-10-01,5.338724150217708,forecast,True,boosting_squared,19,27,4.649856517931552
270300234_,,2026-10-01,,insufficient_history,True,boosting_squared,0,27,
270300244_,шт,2026-10-01,2.9088544366989977,forecast,True,boosting_squared,13,27,2.53351838035074
270300251_,шт,2026-10-01,2.8324109149020114,forecast,True,boosting_squared,3,27,2.466938538785623
270300253_,шт,2026-10-01,2.311421556946967,forecast,True,boosting_squared,6,27,2.0131736141151
270300254_,шт,2026-10-01,3.639258791208441,forecast,True,boosting_squared,12,27,3.169677011697674
270300259_,шт,2026-10-01,,insufficient_history,True,boosting_squared,2,27,
270300260_,шт,2026-10-01,2.253370317152352,forecast,True,boosting_squared,7,27,1.962612856874629
270300261_,шт,2026-10-01,3.3164891075325724,forecast,True,boosting_squared,15,27,2.8885550291412727
270300262_,шт,2026-10-01,5.44190058359782,forecast,True,boosting_squared,15,27,4.739719863133585
270300263_,шт,2026-10-01,4.327865010205912,forecast,True,boosting_squared,11,27,3.7694308153406326
270300264_,шт,2026-10-01,3.050451260374751,forecast,True,boosting_squared,8,27,2.6568446461328477
270300265_,шт,2026-10-01,1.964702087484722,forecast,True,boosting_squared,4,27,1.7111921407125
270300266_,шт,2026-10-01,2.975517795788878,forecast,True,boosting_squared,5,27,2.591580015687087
270300267_,шт,2026-10-01,2.069460107574313,forecast,True,boosting_squared,6,27,1.802432996919563
270300268_,шт,2026-10-01,,insufficient_history,True,boosting_squared,2,27,
270300269_,шт,2026-10-01,,insufficient_history,True,boosting_squared,2,27,
270300270_,шт,2026-10-01,,insufficient_history,True,boosting_squared,0,27,
270300271_,шт,2026-10-01,,insufficient_history,True,boosting_squared,0,27,
270300272_,шт,2026-10-01,2.0336729672571434,forecast,True,boosting_squared,3,27,1.7712635521271893
270300273_,шт,2026-10-01,1.8773445889606295,forecast,True,boosting_squared,3,27,1.6351065774818385
270300274_,шт,2026-10-01,,insufficient_history,True,boosting_squared,0,27,
270300275_,шт,2026-10-01,,insufficient_history,True,boosting_squared,1,27,
270300276_,шт,2026-10-01,2.2345659448185375,forecast,True,boosting_squared,4,27,1.9462348551645328
270300277_,шт,2026-10-01,,insufficient_history,True,boosting_squared,1,27,
270300278_,шт,2026-10-01,,insufficient_history,True,boosting_squared,1,27,
270300279_,шт,2026-10-01,,insufficient_history,True,boosting_squared,0,27,
270300280_,,2026-10-01,,insufficient_history,True,boosting_squared,0,27,
270300281_,шт,2026-10-01,3.2712587272899234,forecast,True,boosting_squared,11,27,2.8491608269944493
270300282_,шт,2026-10-01,2.527681259810067,forecast,True,boosting_squared,10,27,2.2015288391894132
270300283_,шт,2026-10-01,2.8324109149020114,forecast,True,boosting_squared,3,27,2.466938538785623
270300284_,шт,2026-10-01,3.3305663508272962,forecast,True,boosting_squared,17,27,2.9008158539463547
270300285_,шт,2026-10-01,3.37195877108262,forecast,True,boosting_squared,14,27,2.936867316749379
270300286_,шт,2026-10-01,4.570633267736695,forecast,True,boosting_squared,19,27,3.980874136415831
270300287_,шт,2026-10-01,11.075964910477818,forecast,True,boosting_squared,22,27,9.64680814783552
270300288_,шт,2026-10-01,7.649836092183568,forecast,True,boosting_squared,25,27,6.662760467385688
270300289_,шт,2026-10-01,3.7568154736374226,forecast,True,boosting_squared,16,27,3.2720650899422714
270300290_,шт,2026-10-01,3.2151234440066556,forecast,True,boosting_squared,13,27,2.8002688060703127
270300291_,шт,2026-10-01,3.633077879607684,forecast,True,boosting_squared,8,27,3.1642936370776606
270300292_,шт,2026-10-01,3.528653823069918,forecast,True,boosting_squared,6,27,3.0733436523512188
270300293_,шт,2026-10-01,,insufficient_history,True,boosting_squared,2,27,
270300294_,,2026-10-01,,insufficient_history,True,boosting_squared,0,27,
270300295_,шт,2026-10-01,10.970695112750944,forecast,True,boosting_squared,27,27,9.555121549815338
270300296_,шт,2026-10-01,6.24144915146213,forecast,True,boosting_squared,14,27,5.436100873854113
270300297_,шт,2026-10-01,4.781450239817476,forecast,True,boosting_squared,14,27,4.164488918550705
270300298_,шт,2026-10-01,3.402959697426172,forecast,True,boosting_squared,8,27,2.9638681235647306
270300299_,шт,2026-10-01,6.797449363911965,forecast,True,boosting_squared,26,27,5.920359123407195
270300300_,шт,2026-10-01,2.704459184139477,forecast,True,boosting_squared,14,27,2.355496708766641
270300301_,шт,2026-10-01,,insufficient_history,True,boosting_squared,1,27,
270300302_,шт,2026-10-01,,insufficient_history,True,boosting_squared,2,27,
270300303_,шт,2026-10-01,,insufficient_history,True,boosting_squared,1,27,
270300304_,шт,2026-10-01,3.349726392714243,forecast,True,boosting_squared,7,27,2.917503632364018
270300305_,шт,2026-10-01,1.9493794415857817,forecast,True,boosting_squared,4,27,1.6978466104134227
270300306_,,2026-10-01,,insufficient_history,True,boosting_squared,0,27,
270300307_,шт,2026-10-01,,insufficient_history,True,boosting_squared,0,27,
270300314_,,2026-10-01,,insufficient_history,True,boosting_squared,0,27,
270400021_,шт,2026-10-01,,insufficient_history,True,boosting_squared,1,27,
270400022_,шт,2026-10-01,,insufficient_history,True,boosting_squared,0,27,
270400035_,шт,2026-10-01,15.61117382016559,forecast,True,boosting_squared,18,27,13.596828811111964
270400043_,шт,2026-10-01,6.93510993186434,forecast,True,boosting_squared,8,27,6.040257037430232
270400046_,шт,2026-10-01,5.991551701178047,forecast,True,boosting_squared,5,27,5.21844825586475
270400047_,шт,2026-10-01,6.563744666295041,forecast,True,boosting_squared,14,27,5.7168098706440675
280100001_,м,2026-10-01,33.592503339691945,forecast,True,boosting_squared,31,27,29.257986779731695
280100002_,м,2026-10-01,159.40628451188906,forecast,True,boosting_squared,32,27,138.8377316716453
280100003_,м,2026-10-01,64.12025357590973,forecast,True,boosting_squared,28,27,55.84667246934073
280100004_,м,2026-10-01,283.4385516748369,forecast,True,boosting_squared,32,27,246.86583532969667
280100005_,м,2026-10-01,81.14623395106176,forecast,True,boosting_squared,31,27,70.67575215092477
280100006_,м,2026-10-01,153.545357417258,forecast,True,boosting_squared,31,27,133.733053234386
280100007_,м,2026-10-01,1216.1532682344964,forecast,True,boosting_squared,32,27,1059.2302658816582
280100009_,м,2026-10-01,41.25987070193199,forecast,True,boosting_squared,25,27,35.93601641781173
280100010_,м,2026-10-01,813.2163758004156,forecast,True,boosting_squared,32,27,708.2852305358458
280100011_,м,2026-10-01,119.33346969948539,forecast,True,boosting_squared,32,27,103.93560264148726
280100012_,м,2026-10-01,386.39294257893624,forecast,True,boosting_squared,32,27,336.5357886977832
280100013_,м,2026-10-01,23.97316212255263,forecast,True,boosting_squared,22,27,20.879850880932935
280100014_,м,2026-10-01,16.860867071337214,forecast,True,boosting_squared,25,27,14.685271320196929
280100015_,м,2026-10-01,8.018698510498997,forecast,True,boosting_squared,15,27,6.984027734950739
280100016_,м,2026-10-01,352.65155138369204,forecast,True,boosting_squared,32,27,307.14812539869956
280100020_,м,2026-10-01,233.0377651085717,forecast,True,boosting_squared,32,27,202.9683760623044
280100103_,м,2026-10-01,1206.9844972123074,forecast,True,boosting_squared,32,27,1051.2445620881388
280100116_,шт,2026-10-01,24.110068431155597,forecast,True,boosting_squared,29,27,20.999091859393584
280100117_,шт,2026-10-01,32.19038659780234,forecast,True,boosting_squared,32,27,28.036788327118167
280100118_,шт,2026-10-01,62.58561061733514,forecast,True,boosting_squared,31,27,54.510047957033834
280100119_,шт,2026-10-01,7.556999632293291,forecast,True,boosting_squared,24,27,6.581902905545769
280100120_,шт,2026-10-01,11.155717743018359,forecast,True,boosting_squared,29,27,9.716270292306312
280100121_,шт,2026-10-01,13.028491539227236,forecast,True,boosting_squared,5,27,11.347395856746301
280100122_,м,2026-10-01,221.96576138526407,forecast,True,boosting_squared,32,27,193.32501798071385
280100123_,м,2026-10-01,289.78206666629035,forecast,True,boosting_squared,32,27,252.39083225773678
280100124_,шт,2026-10-01,12.189949986064281,forecast,True,boosting_squared,29,27,10.61705321366889
280100125_,шт,2026-10-01,15.622896073826977,forecast,True,boosting_squared,27,27,13.60703851591382
280100126_,шт,2026-10-01,78.21101036798154,forecast,True,boosting_squared,30,27,68.1192670946936
280100127_,шт,2026-10-01,45.65383826655724,forecast,True,boosting_squared,31,27,39.76302042571114
280100128_,шт,2026-10-01,203.43033666525793,forecast,True,boosting_squared,32,27,177.18126096651497
280100129_,шт,2026-10-01,124.83151266969527,forecast,True,boosting_squared,32,27,108.72422071231524
280100130_,шт,2026-10-01,40.95157483073582,forecast,True,boosting_squared,32,27,35.66750065902798
280100131_,шт,2026-10-01,550.5583466067282,forecast,True,boosting_squared,32,27,479.5185599477955
280100132_,шт,2026-10-01,62.11137153523278,forecast,True,boosting_squared,32,27,54.097001014557584
280100133_,шт,2026-10-01,6.0069217914178195,forecast,True,boosting_squared,7,27,5.23183510865423
280100134_,шт,2026-10-01,90.47514142859674,forecast,True,boosting_squared,29,27,78.80092963135846
280100135_,шт,2026-10-01,5.945973821845284,forecast,True,boosting_squared,26,27,5.178751393220086
280100136_,шт,2026-10-01,10.969655816966123,forecast,True,boosting_squared,20,27,9.554216356712429
280100137_,шт,2026-10-01,18.81778911971013,forecast,True,boosting_squared,25,27,16.38968729781205
280100138_,шт,2026-10-01,41.57951889109361,forecast,True,boosting_squared,22,27,36.2144196793396
280100139_,шт,2026-10-01,66.53819811710679,forecast,True,boosting_squared,30,27,57.952624166512365
280100140_,шт,2026-10-01,36.6772971671463,forecast,True,boosting_squared,31,27,31.94474269396613
280100141_,м,2026-10-01,42.46351691165787,forecast,True,boosting_squared,14,27,36.98435343918589
280100162_,м,2026-10-01,,insufficient_history,True,boosting_squared,2,27,
280100179_,,2026-10-01,,insufficient_history,True,boosting_squared,0,27,
280100180_,,2026-10-01,,insufficient_history,True,boosting_squared,0,27,
280100240_,м,2026-10-01,103.57967079693968,forecast,True,boosting_squared,28,27,90.21455198443132
280100293_,шт,2026-10-01,,insufficient_history,True,boosting_squared,0,27,
280100294_,шт,2026-10-01,,insufficient_history,True,boosting_squared,0,27,
280100295_,шт,2026-10-01,,insufficient_history,True,boosting_squared,0,27,
280100296_,шт,2026-10-01,,insufficient_history,True,boosting_squared,0,27,
280100297_,шт,2026-10-01,,insufficient_history,True,boosting_squared,0,27,
280100298_,шт,2026-10-01,,insufficient_history,True,boosting_squared,0,27,
280100299_,шт,2026-10-01,,insufficient_history,True,boosting_squared,0,27,
280100300_,шт,2026-10-01,,insufficient_history,True,boosting_squared,0,27,
280100301_,шт,2026-10-01,,insufficient_history,True,boosting_squared,0,27,
280100302_,шт,2026-10-01,,insufficient_history,True,boosting_squared,1,27,
280100303_,шт,2026-10-01,,insufficient_history,True,boosting_squared,0,27,
280100304_,шт,2026-10-01,,insufficient_history,True,boosting_squared,0,27,
280100305_,шт,2026-10-01,,insufficient_history,True,boosting_squared,0,27,
280100306_,шт,2026-10-01,,insufficient_history,True,boosting_squared,0,27,
280100307_,шт,2026-10-01,,insufficient_history,True,boosting_squared,0,27,
280100308_,шт,2026-10-01,,insufficient_history,True,boosting_squared,0,27,
280100309_,шт,2026-10-01,,insufficient_history,True,boosting_squared,0,27,
280100310_,шт,2026-10-01,,insufficient_history,True,boosting_squared,0,27,
280100311_,шт,2026-10-01,,insufficient_history,True,boosting_squared,0,27,
280100312_,шт,2026-10-01,,insufficient_history,True,boosting_squared,0,27,
280100313_,шт,2026-10-01,,insufficient_history,True,boosting_squared,0,27,
280100314_,шт,2026-10-01,,insufficient_history,True,boosting_squared,0,27,
280100336_,м,2026-10-01,27.910989789292522,forecast,True,boosting_squared,26,27,24.309571751964455
280100337_,м,2026-10-01,37.551305825513815,forecast,True,boosting_squared,31,27,32.70597604157655
280100338_,м,2026-10-01,20.174090663512413,forecast,True,boosting_squared,26,27,17.570982190801136
280100339_,м,2026-10-01,15.923917113906278,forecast,True,boosting_squared,17,27,13.869218131466758
280100340_,м,2026-10-01,51.372915314684704,forecast,True,boosting_squared,14,27,44.74415204827377
280100341_,м,2026-10-01,29.868120287682647,forecast,True,boosting_squared,28,27,26.01416928282037
280100342_,м,2026-10-01,37.37242996624284,forecast,True,boosting_squared,21,27,32.55018093834054
280100343_,м,2026-10-01,12.718001765509573,forecast,True,boosting_squared,11,27,11.07696927963737
280100344_,м,2026-10-01,27.528162148831814,forecast,True,boosting_squared,27,27,23.9761412264019
280100345_,шт,2026-10-01,,insufficient_history,True,boosting_squared,0,27,
280100346_,шт,2026-10-01,,insufficient_history,True,boosting_squared,0,27,
280100347_,шт,2026-10-01,,insufficient_history,True,boosting_squared,0,27,
280100348_,шт,2026-10-01,,insufficient_history,True,boosting_squared,1,27,
280100349_,шт,2026-10-01,,insufficient_history,True,boosting_squared,0,27,
280100350_,шт,2026-10-01,,insufficient_history,True,boosting_squared,0,27,
280100351_,шт,2026-10-01,,insufficient_history,True,boosting_squared,2,27,
280100352_,шт,2026-10-01,,insufficient_history,True,boosting_squared,1,27,
280100353_,шт,2026-10-01,,insufficient_history,True,boosting_squared,0,27,
280100354_,шт,2026-10-01,,insufficient_history,True,boosting_squared,1,27,
280100355_,шт,2026-10-01,,insufficient_history,True,boosting_squared,0,27,
280100356_,шт,2026-10-01,7.524317661954352,forecast,True,boosting_squared,3,27,6.553437963637661
280100357_,шт,2026-10-01,,insufficient_history,True,boosting_squared,0,27,
280100358_,шт,2026-10-01,4.371941355612918,forecast,True,boosting_squared,3,27,3.8078198903725418
280100359_,шт,2026-10-01,,insufficient_history,True,boosting_squared,0,27,
280100360_,шт,2026-10-01,17.665433077804444,forecast,True,boosting_squared,7,27,15.386022358087741
280100361_,шт,2026-10-01,,insufficient_history,True,boosting_squared,0,27,
280100362_,шт,2026-10-01,,insufficient_history,True,boosting_squared,1,27,
280100363_,шт,2026-10-01,,insufficient_history,True,boosting_squared,0,27,
280100364_,шт,2026-10-01,,insufficient_history,True,boosting_squared,2,27,
280100365_,шт,2026-10-01,,insufficient_history,True,boosting_squared,0,27,
280100366_,шт,2026-10-01,,insufficient_history,True,boosting_squared,0,27,
280100367_,шт,2026-10-01,,insufficient_history,True,boosting_squared,0,27,
280100368_,шт,2026-10-01,,insufficient_history,True,boosting_squared,0,27,
280100369_,шт,2026-10-01,,insufficient_history,True,boosting_squared,0,27,
280100370_,шт,2026-10-01,,insufficient_history,True,boosting_squared,0,27,
280100371_,шт,2026-10-01,,insufficient_history,True,boosting_squared,0,27,
280100372_,шт,2026-10-01,,insufficient_history,True,boosting_squared,1,27,
280100373_,м,2026-10-01,28.40047183849447,forecast,True,boosting_squared,7,27,24.735894827075832
280100374_,м,2026-10-01,20.83057715925966,forecast,True,boosting_squared,9,27,18.142760751613256
280100375_,м,2026-10-01,20.08397533553559,forecast,True,boosting_squared,24,27,17.492494647079386
280100376_,м,2026-10-01,82.98831999310816,forecast,True,boosting_squared,11,27,72.2801496714168
280100377_,м,2026-10-01,33.49165331445225,forecast,True,boosting_squared,21,27,29.17014966097454
280100378_,м,2026-10-01,8.490275803668135,forecast,True,boosting_squared,7,27,7.394756345130311
280100379_,м,2026-10-01,7.944547278027363,forecast,True,boosting_squared,22,27,6.919444403443187
280100380_,шт,2026-10-01,,insufficient_history,True,boosting_squared,1,27,
280100381_,шт,2026-10-01,,insufficient_history,True,boosting_squared,2,27,
280100382_,шт,2026-10-01,,insufficient_history,True,boosting_squared,0,27,
280100383_,шт,2026-10-01,,insufficient_history,True,boosting_squared,0,27,
280100384_,шт,2026-10-01,,insufficient_history,True,boosting_squared,1,27,
280100385_,шт,2026-10-01,,insufficient_history,True,boosting_squared,2,27,
280100386_,шт,2026-10-01,,insufficient_history,True,boosting_squared,0,27,
280100387_,шт,2026-10-01,,insufficient_history,True,boosting_squared,0,27,
280100388_,шт,2026-10-01,,insufficient_history,True,boosting_squared,0,27,
280100389_,шт,2026-10-01,,insufficient_history,True,boosting_squared,0,27,
280100390_,шт,2026-10-01,,insufficient_history,True,boosting_squared,1,27,
280100391_,шт,2026-10-01,,insufficient_history,True,boosting_squared,0,27,
280100392_,шт,2026-10-01,,insufficient_history,True,boosting_squared,0,27,
280100393_,шт,2026-10-01,,insufficient_history,True,boosting_squared,1,27,
280100394_,шт,2026-10-01,,insufficient_history,True,boosting_squared,1,27,
280100395_,шт,2026-10-01,,insufficient_history,True,boosting_squared,0,27,
280100396_,шт,2026-10-01,,insufficient_history,True,boosting_squared,1,27,
280100397_,шт,2026-10-01,,insufficient_history,True,boosting_squared,0,27,
280100398_,шт,2026-10-01,,insufficient_history,True,boosting_squared,1,27,
280100399_,шт,2026-10-01,,insufficient_history,True,boosting_squared,0,27,
280100400_,шт,2026-10-01,,insufficient_history,True,boosting_squared,0,27,
280100401_,м,2026-10-01,17.634086725473075,forecast,True,boosting_squared,13,27,15.358720696379775
280100402_,м,2026-10-01,5.94885982981637,forecast,True,boosting_squared,9,27,5.181265013065871
280100403_,м,2026-10-01,21.249949424796696,forecast,True,boosting_squared,21,27,18.508020466758413
280100404_,м,2026-10-01,12.812999715841315,forecast,True,boosting_squared,13,27,11.159709429926306
280100405_,м,2026-10-01,41.96993544142972,forecast,True,boosting_squared,30,27,36.55445990060008
280100406_,м,2026-10-01,28.894939698933918,forecast,True,boosting_squared,13,27,25.166560382942443
280100407_,м,2026-10-01,12.297521503948646,forecast,True,boosting_squared,16,27,10.710744535697208
280100408_,м,2026-10-01,5.998771838146111,forecast,True,boosting_squared,9,27,5.224736762256291
280100409_,м,2026-10-01,10.986968129740648,forecast,True,boosting_squared,21,27,9.569294822677339
280100410_,м,2026-10-01,16.968707278624315,forecast,True,boosting_squared,23,27,14.77919666202763
280100411_,м,2026-10-01,8.073609971022371,forecast,True,boosting_squared,18,27,7.031853845729162
280100412_,м,2026-10-01,7.906795560259109,forecast,True,boosting_squared,8,27,6.886563875064385
280100413_,м,2026-10-01,4.536415545193546,forecast,True,boosting_squared,14,27,3.95107160387825
280100414_,м,2026-10-01,7.866773051187226,forecast,True,boosting_squared,20,27,6.851705560711455
280100415_,м,2026-10-01,4.2974306139502,forecast,True,boosting_squared,3,27,3.742923437956626
280100416_,м,2026-10-01,7.596315637722997,forecast,True,boosting_squared,9,27,6.616145878016804
280100417_,м,2026-10-01,3.8547718240160136,forecast,True,boosting_squared,4,27,3.357381911239754
280100418_,м,2026-10-01,,insufficient_history,True,boosting_squared,2,27,
280100419_,м,2026-10-01,10.182168674557957,forecast,True,boosting_squared,14,27,8.868340458485964
280100420_,шт,2026-10-01,,insufficient_history,True,boosting_squared,0,27,
280100421_,шт,2026-10-01,,insufficient_history,True,boosting_squared,0,27,
280100422_,шт,2026-10-01,,insufficient_history,True,boosting_squared,0,27,
280100423_,шт,2026-10-01,5.085102684618233,forecast,True,boosting_squared,3,27,4.4289604027320095
280100424_,шт,2026-10-01,2.893111591934121,forecast,True,boosting_squared,3,27,2.5198068703942345
280100425_,шт,2026-10-01,3.70883433291731,forecast,True,boosting_squared,5,27,3.230275064153786
280100426_,шт,2026-10-01,,insufficient_history,True,boosting_squared,1,27,
280100427_,,2026-10-01,,insufficient_history,True,boosting_squared,0,27,
280100428_,шт,2026-10-01,,insufficient_history,True,boosting_squared,0,27,
280100429_,шт,2026-10-01,,insufficient_history,True,boosting_squared,1,27,
280100430_,шт,2026-10-01,,insufficient_history,True,boosting_squared,1,27,
280100431_,шт,2026-10-01,4.461810767358101,forecast,True,boosting_squared,4,27,3.886093248989314
280100432_,шт,2026-10-01,,insufficient_history,True,boosting_squared,0,27,
280100433_,шт,2026-10-01,3.110861604428628,forecast,True,boosting_squared,5,27,2.7094601070829984
280100434_,шт,2026-10-01,,insufficient_history,True,boosting_squared,1,27,
280100435_,шт,2026-10-01,,insufficient_history,True,boosting_squared,1,27,
280100436_,,2026-10-01,,insufficient_history,True,boosting_squared,0,27,
280100437_,шт,2026-10-01,,insufficient_history,True,boosting_squared,2,27,
280100438_,шт,2026-10-01,3.796666974834533,forecast,True,boosting_squared,4,27,3.306774461952658
280100439_,шт,2026-10-01,3.973908635422386,forecast,True,boosting_squared,3,27,3.4611462308517553
280100440_,шт,2026-10-01,,insufficient_history,True,boosting_squared,2,27,
280100441_,шт,2026-10-01,,insufficient_history,True,boosting_squared,2,27,
280100442_,шт,2026-10-01,4.33605596205995,forecast,True,boosting_squared,3,27,3.7765648701812466
280100443_,шт,2026-10-01,,insufficient_history,True,boosting_squared,0,27,
280100444_,шт,2026-10-01,4.794047607037885,forecast,True,boosting_squared,5,27,4.175460819032996
280100445_,шт,2026-10-01,3.973908635422386,forecast,True,boosting_squared,3,27,3.4611462308517553
280100446_,шт,2026-10-01,,insufficient_history,True,boosting_squared,2,27,
280100447_,шт,2026-10-01,2.973447486052649,forecast,True,boosting_squared,4,27,2.589776842691017
280100448_,шт,2026-10-01,,insufficient_history,True,boosting_squared,1,27,
280100449_,шт,2026-10-01,,insufficient_history,True,boosting_squared,0,27,
280100450_,шт,2026-10-01,,insufficient_history,True,boosting_squared,2,27,
280100451_,шт,2026-10-01,,insufficient_history,True,boosting_squared,1,27,
280100452_,шт,2026-10-01,,insufficient_history,True,boosting_squared,0,27,
280100453_,шт,2026-10-01,,insufficient_history,True,boosting_squared,0,27,
280100454_,шт,2026-10-01,,insufficient_history,True,boosting_squared,1,27,
280100455_,шт,2026-10-01,,insufficient_history,True,boosting_squared,1,27,
280100456_,шт,2026-10-01,,insufficient_history,True,boosting_squared,0,27,
280100457_,шт,2026-10-01,,insufficient_history,True,boosting_squared,0,27,
280100458_,шт,2026-10-01,,insufficient_history,True,boosting_squared,0,27,
280100459_,шт,2026-10-01,2.457974694314468,forecast,True,boosting_squared,4,27,2.1408166692416333
280100460_,шт,2026-10-01,,insufficient_history,True,boosting_squared,0,27,
280100461_,шт,2026-10-01,,insufficient_history,True,boosting_squared,1,27,
280200031_,шт,2026-10-01,8.733712146806779,forecast,True,boosting_squared,25,27,7.606781547218808
280200032_,шт,2026-10-01,53.889205881403676,forecast,True,boosting_squared,31,27,46.93575996122256
280200033_,шт,2026-10-01,32.31894718798267,forecast,True,boosting_squared,30,27,28.148760454049427
280200034_,шт,2026-10-01,45.90109050979784,forecast,True,boosting_squared,24,27,39.97836915369489
280200035_,шт,2026-10-01,15.09167503020961,forecast,True,boosting_squared,23,27,13.144362123085788
280200036_,шт,2026-10-01,101.39975072744579,forecast,True,boosting_squared,30,27,88.3159119239044
280200037_,шт,2026-10-01,25.877205304748852,forecast,True,boosting_squared,30,27,22.53821107187803
280200038_,шт,2026-10-01,40.97487382651351,forecast,True,boosting_squared,25,27,35.68779333276983
280200039_,шт,2026-10-01,17.929362131180465,forecast,True,boosting_squared,24,27,15.615896049737826
280200040_,шт,2026-10-01,14.053798659933424,forecast,True,boosting_squared,20,27,12.240405284458143
280200041_,шт,2026-10-01,164.45632754737758,forecast,True,boosting_squared,32,27,143.23615625094175
280200042_,шт,2026-10-01,110.62153288660541,forecast,True,boosting_squared,32,27,96.34778670768858
280200043_,шт,2026-10-01,34.019835633660435,forecast,True,boosting_squared,31,27,29.63017942286554
280200044_,шт,2026-10-01,33.01148355577449,forecast,True,boosting_squared,29,27,28.751937290513265
280200045_,шт,2026-10-01,18.341097620620232,forecast,True,boosting_squared,24,27,15.974504379249879
280200046_,шт,2026-10-01,5.6108144687078365,forecast,True,boosting_squared,20,27,4.886838408229406
280200047_,шт,2026-10-01,7.950247677059707,forecast,True,boosting_squared,20,27,6.924409267116519
280200048_,шт,2026-10-01,37.70307493938277,forecast,True,boosting_squared,23,27,32.83816204397854
280200049_,шт,2026-10-01,87.88991832626202,forecast,True,boosting_squared,32,27,76.54928370351854
280200050_,шт,2026-10-01,10.97444769561635,forecast,True,boosting_squared,24,27,9.558389928440047
280200051_,шт,2026-10-01,33.23295449202149,forecast,True,boosting_squared,28,27,28.944831331760653
280200052_,шт,2026-10-01,26.682707309588547,forecast,True,boosting_squared,30,27,23.23977733415777
280200053_,шт,2026-10-01,29.866249023694195,forecast,True,boosting_squared,27,27,26.01253947224978
280200054_,шт,2026-10-01,101.89109134841904,forecast,True,boosting_squared,27,27,88.74385375507465
280200055_,шт,2026-10-01,3.8888074763397436,forecast,True,boosting_squared,22,27,3.387025866489454
280200056_,шт,2026-10-01,67.74109650001576,forecast,True,boosting_squared,31,27,59.00030985485244
280200057_,шт,2026-10-01,131.45234153901683,forecast,True,boosting_squared,30,27,114.49074908236949
280200058_,шт,2026-10-01,15.773867648149704,forecast,True,boosting_squared,18,27,13.73852988709813
280200059_,шт,2026-10-01,62.610096795112575,forecast,True,boosting_squared,28,27,54.531374628001274
280200060_,,2026-10-01,,insufficient_history,True,boosting_squared,0,27,
280200061_,шт,2026-10-01,32.16588780165398,forecast,True,boosting_squared,17,27,28.015450665956692
280200062_,шт,2026-10-01,23.505813945509928,forecast,True,boosting_squared,15,27,20.47280569447639
280200063_,шт,2026-10-01,10.510557491352104,forecast,True,boosting_squared,15,27,9.154356524726026
280200064_,шт,2026-10-01,147.7465017123095,forecast,True,boosting_squared,26,27,128.68243697523732
280200065_,шт,2026-10-01,67.56764077986244,forecast,True,boosting_squared,25,27,58.849235517944706
280200066_,,2026-10-01,,insufficient_history,True,boosting_squared,0,27,
280200067_,шт,2026-10-01,16.987536661361307,forecast,True,boosting_squared,29,27,14.795596446992105
280200068_,,2026-10-01,,insufficient_history,True,boosting_squared,0,27,
280200069_,шт,2026-10-01,14.004886808938188,forecast,True,boosting_squared,19,27,12.197804640042937
280200070_,шт,2026-10-01,3.4135468371136186,forecast,True,boosting_squared,14,27,2.9730891807118613
280200071_,шт,2026-10-01,11.149881088588286,forecast,True,boosting_squared,14,27,9.711186754576893
280200072_,шт,2026-10-01,25.874653417630164,forecast,True,boosting_squared,28,27,22.535988460516595
280200073_,шт,2026-10-01,29.764667754318854,forecast,True,boosting_squared,31,27,25.924065463439
280200080_,шт,2026-10-01,135.44450967600045,forecast,True,boosting_squared,30,27,117.96779875006492
280200081_,шт,2026-10-01,82.47881037715553,forecast,True,boosting_squared,31,27,71.8363832317161
280200082_,шт,2026-10-01,5.693396664056483,forecast,True,boosting_squared,21,27,4.958764836436291
280200083_,шт,2026-10-01,106.55051527043149,forecast,True,boosting_squared,30,27,92.80206168715
280200084_,шт,2026-10-01,53.72211939102762,forecast,True,boosting_squared,30,27,46.790233017991795
280200085_,шт,2026-10-01,18.835066341448705,forecast,True,boosting_squared,30,27,16.404735200616614
280200086_,шт,2026-10-01,113.18121599923613,forecast,True,boosting_squared,32,27,98.57718812836694
280200087_,шт,2026-10-01,74.0719305055521,forecast,True,boosting_squared,30,27,64.5142620532228
280200088_,шт,2026-10-01,12.998062785882965,forecast,True,boosting_squared,19,27,11.320893394156132
280200108_,шт,2026-10-01,94.94700445969256,forecast,True,boosting_squared,30,27,82.69577807779675
280200109_,шт,2026-10-01,14.362645837481375,forecast,True,boosting_squared,16,27,12.50940121329023
280200166_,шт,2026-10-01,15.696208231935277,forecast,True,boosting_squared,31,27,13.670891040717821
280200167_,шт,2026-10-01,29.96833476492694,forecast,True,boosting_squared,32,27,26.10145285977508
280200168_,,2026-10-01,,insufficient_history,True,boosting_squared,0,27,
280200252_,шт,2026-10-01,1420.852575438616,forecast,True,boosting_squared,32,27,1237.516759252988
280200257_,шт,2026-10-01,,insufficient_history,True,boosting_squared,0,27,
280300001_,,2026-10-01,,insufficient_history,True,boosting_squared,0,27,
280300002_,,2026-10-01,,insufficient_history,True,boosting_squared,0,27,
280300003_,шт,2026-10-01,34.68187962583944,forecast,True,boosting_squared,30,27,30.206798383795643
280300004_,шт,2026-10-01,35.829931320539885,forecast,True,boosting_squared,27,27,31.206714375954093
280300005_,м,2026-10-01,189.81174251250533,forecast,True,boosting_squared,32,27,165.31990476895623
280300007_,м,2026-10-01,91.52164440694419,forecast,True,boosting_squared,32,27,79.71239996733848
280300009_,м,2026-10-01,16.565301486778164,forecast,True,boosting_squared,22,27,14.427843230419692
280300011_,м,2026-10-01,72.14403583798007,forecast,True,boosting_squared,32,27,62.83512798791813
280300012_,м,2026-10-01,335.5129464378058,forecast,True,boosting_squared,30,27,292.2209533490567
280300013_,м,2026-10-01,245.49247420525714,forecast,True,boosting_squared,32,27,213.81602592070783
280300017_,шт,2026-10-01,59.002439030595205,forecast,True,boosting_squared,24,27,51.38922109116356
280300018_,,2026-10-01,,insufficient_history,True,boosting_squared,0,27,
280300020_,шт,2026-10-01,5.2887122108729905,forecast,True,boosting_squared,21,27,4.6062977320506695
280300021_,шт,2026-10-01,11.627029523570512,forecast,True,boosting_squared,26,27,10.126767649561414
280300022_,шт,2026-10-01,4.4599786949484885,forecast,True,boosting_squared,26,27,3.8844975730196514
280300023_,,2026-10-01,,insufficient_history,True,boosting_squared,0,27,
280300024_,шт,2026-10-01,,insufficient_history,True,boosting_squared,2,27,
280300028_,м,2026-10-01,19.2550604092616,forecast,True,boosting_squared,14,27,16.77053648548591
280300030_,м,2026-10-01,63.853185229590444,forecast,True,boosting_squared,30,27,55.61406455480458
280300031_,м,2026-10-01,16.85105074846564,forecast,True,boosting_squared,25,27,14.676721619631362
280300032_,,2026-10-01,,insufficient_history,True,boosting_squared,0,27,
280300034_,м,2026-10-01,70.57525711185069,forecast,True,boosting_squared,30,27,61.4687723232248
280300035_,м,2026-10-01,52.96432437230798,forecast,True,boosting_squared,25,27,46.130218001687595
280300036_,м,2026-10-01,34.76569624604062,forecast,True,boosting_squared,22,27,30.279799956228924
280300037_,м,2026-10-01,53.250087518387275,forecast,True,boosting_squared,30,27,46.37910848375666
280300038_,м,2026-10-01,5.923332735054455,forecast,True,boosting_squared,12,27,5.159031736982913
280300039_,шт,2026-10-01,,insufficient_history,True,boosting_squared,1,27,
280300040_,шт,2026-10-01,4.579422100397358,forecast,True,boosting_squared,14,27,3.988528926152538
280300045_,,2026-10-01,,insufficient_history,True,boosting_squared,0,27,
280300048_,шт,2026-10-01,22.667314027180566,forecast,True,boosting_squared,23,27,19.742499313995978
280300049_,шт,2026-10-01,,insufficient_history,True,boosting_squared,2,27,
280300054_,шт,2026-10-01,3.5675121646478574,forecast,True,boosting_squared,3,27,3.1071880143707147
280300055_,шт,2026-10-01,,insufficient_history,True,boosting_squared,1,27,
280300056_,шт,2026-10-01,6.548770714513179,forecast,True,boosting_squared,19,27,5.7037680416727685
280300057_,шт,2026-10-01,4.430276945984022,forecast,True,boosting_squared,20,27,3.858628307792535
280300058_,шт,2026-10-01,,insufficient_history,True,boosting_squared,1,27,
280300063_,,2026-10-01,,insufficient_history,True,boosting_squared,0,27,
280300064_,,2026-10-01,,insufficient_history,True,boosting_squared,0,27,
280300065_,,2026-10-01,,insufficient_history,True,boosting_squared,0,27,
280300066_,,2026-10-01,,insufficient_history,True,boosting_squared,0,27,
280300068_,,2026-10-01,,insufficient_history,True,boosting_squared,0,27,
280300069_,,2026-10-01,,insufficient_history,True,boosting_squared,0,27,
280300070_,,2026-10-01,,insufficient_history,True,boosting_squared,0,27,
280300071_,шт,2026-10-01,6.145881787561127,forecast,True,boosting_squared,27,27,5.35286478271453
280300072_,шт,2026-10-01,12.363128136011007,forecast,True,boosting_squared,31,27,10.767885795880554
280300073_,шт,2026-10-01,12.241333670004735,forecast,True,boosting_squared,31,27,10.661806744842833
280300074_,шт,2026-10-01,,insufficient_history,True,boosting_squared,1,27,
280300078_,шт,2026-10-01,7.538229271646832,forecast,True,boosting_squared,4,27,6.565554526918209
280300080_,шт,2026-10-01,,insufficient_history,True,boosting_squared,2,27,
280300081_,шт,2026-10-01,,insufficient_history,True,boosting_squared,1,27,
280300082_,шт,2026-10-01,16.27478741409236,forecast,True,boosting_squared,18,27,14.174814844532055
280300083_,м,2026-10-01,58.61973288566268,forecast,True,boosting_squared,28,27,51.05589638428685
280300084_,м,2026-10-01,165.3710572134997,forecast,True,boosting_squared,27,27,144.03285628272556
280300085_,м,2026-10-01,191.3593946037342,forecast,True,boosting_squared,31,27,166.66785981615558
280300086_,м,2026-10-01,228.19493313702029,forecast,True,boosting_squared,32,27,198.7504256354693
280300088_,м,2026-10-01,68.11661821509256,forecast,True,boosting_squared,25,27,59.32737715508061
280300092_,шт,2026-10-01,31.212082388830414,forecast,True,boosting_squared,27,27,27.18471691930391
280300103_,м,2026-10-01,187.69359575304352,forecast,True,boosting_squared,32,27,163.47506726877984
280300104_,шт,2026-10-01,53.36877817184211,forecast,True,boosting_squared,10,27,46.48248421418506
280300107_,,2026-10-01,,insufficient_history,True,boosting_squared,0,27,
280300111_,,2026-10-01,,insufficient_history,True,boosting_squared,0,27,
280300122_,шт,2026-10-01,17.361145011758307,forecast,True,boosting_squared,17,27,15.120997268305622
280300128_,м,2026-10-01,31.13983732307968,forecast,True,boosting_squared,26,27,27.12179379752101
280300131_,шт,2026-10-01,,insufficient_history,True,boosting_squared,0,27,
280300139_,,2026-10-01,,insufficient_history,True,boosting_squared,0,27,
280300145_,шт,2026-10-01,8.467370148950419,forecast,True,boosting_squared,26,27,7.374806258763268
280300146_,шт,2026-10-01,62.91162677116418,forecast,True,boosting_squared,29,27,54.793997510368804
280300147_,шт,2026-10-01,4.118233532091957,forecast,True,boosting_squared,14,27,3.586848560209124
280300175_,,2026-10-01,,insufficient_history,True,boosting_squared,0,27,
280300176_,,2026-10-01,,insufficient_history,True,boosting_squared,0,27,
280300179_,шт,2026-10-01,72.72529587231007,forecast,True,boosting_squared,24,27,63.341386727495866
280300180_,шт,2026-10-01,11.7778224987932,forecast,True,boosting_squared,23,27,10.258103466690851
280300181_,шт,2026-10-01,28.536141545027803,forecast,True,boosting_squared,30,27,24.854058765024217
280300182_,шт,2026-10-01,19.271391553110526,forecast,True,boosting_squared,29,27,16.784760384967235
280300229_,шт,2026-10-01,14.101456155880026,forecast,True,boosting_squared,29,27,12.281913426089055
280300231_,шт,2026-10-01,2.46258853661807,forecast,True,boosting_squared,18,27,2.144835177054448
280300232_,шт,2026-10-01,5.91886022257112,forecast,True,boosting_squared,22,27,5.155136322884524
280300235_,шт,2026-10-01,8.840574289032787,forecast,True,boosting_squared,18,27,7.699855025931782
280300236_,шт,2026-10-01,5.470022969895094,forecast,True,boosting_squared,19,27,4.76421355442476
280300237_,шт,2026-10-01,9.161015857639942,forecast,True,boosting_squared,20,27,7.978949295363821
280300250_,шт,2026-10-01,5.661743217723327,forecast,True,boosting_squared,6,27,4.931195705759027
280300260_,шт,2026-10-01,,insufficient_history,True,boosting_squared,1,27,
280300269_,,2026-10-01,,insufficient_history,True,boosting_squared,0,27,
280300273_,шт,2026-10-01,,insufficient_history,True,boosting_squared,1,27,
280300274_,шт,2026-10-01,,insufficient_history,True,boosting_squared,0,27,
280300279_,,2026-10-01,,insufficient_history,True,boosting_squared,0,27,
280300280_,,2026-10-01,,insufficient_history,True,boosting_squared,0,27,
280300289_,м,2026-10-01,33.76979893021825,forecast,True,boosting_squared,29,27,29.41240551986751
280300295_,шт,2026-10-01,171.56888269998504,forecast,True,boosting_squared,32,27,149.43096235159987
280300354_,шт,2026-10-01,,insufficient_history,True,boosting_squared,1,27,
280300356_,шт,2026-10-01,,insufficient_history,True,boosting_squared,1,27,
280300395_,,2026-10-01,,insufficient_history,True,boosting_squared,0,27,
280300396_,шт,2026-10-01,256.0578216520948,forecast,True,boosting_squared,27,27,223.01810272924385
280300397_,шт,2026-10-01,6.34716488084531,forecast,True,boosting_squared,17,27,5.528175863962044
280300398_,,2026-10-01,,insufficient_history,True,boosting_squared,0,27,
280300399_,шт,2026-10-01,7.325840099844113,forecast,True,boosting_squared,14,27,6.3805704095416464
280300400_,шт,2026-10-01,3.8467150753403994,forecast,True,boosting_squared,17,27,3.3503647430384125
280300401_,шт,2026-10-01,127.28007717677563,forecast,True,boosting_squared,32,27,110.85684141203039
280300402_,шт,2026-10-01,33.14528222450069,forecast,True,boosting_squared,29,27,28.868471614887696
280300403_,шт,2026-10-01,116.70539060831257,forecast,True,boosting_squared,31,27,101.64663052982061
280300404_,шт,2026-10-01,264.569876066934,forecast,True,boosting_squared,32,27,230.43182754216832
280300487_,,2026-10-01,,insufficient_history,True,boosting_squared,0,27,
280300588_,,2026-10-01,,insufficient_history,True,boosting_squared,0,27,
280300589_,шт,2026-10-01,15.024011838981254,forecast,True,boosting_squared,7,27,13.08542966620948
280300590_,шт,2026-10-01,5.876742907984898,forecast,True,boosting_squared,10,27,5.118453500502976
280300591_,шт,2026-10-01,8.429732279246563,forecast,True,boosting_squared,11,27,7.342024888376039
280300592_,шт,2026-10-01,9.83842176705075,forecast,True,boosting_squared,10,27,8.568947990657104
280300626_,шт,2026-10-01,,insufficient_history,True,boosting_squared,0,27,
280300644_,шт,2026-10-01,4.506155384596372,forecast,True,boosting_squared,24,27,3.924715980132324
280300645_,шт,2026-10-01,77.4161862225278,forecast,True,boosting_squared,32,27,67.42700090349196
280300673_,шт,2026-10-01,,insufficient_history,True,boosting_squared,0,27,
280300678_,м,2026-10-01,,insufficient_history,True,boosting_squared,1,27,
280300685_,шт,2026-10-01,4.966849663653398,forecast,True,boosting_squared,9,27,4.325965836085218
280300696_,,2026-10-01,,insufficient_history,True,boosting_squared,0,27,
280300733_,шт,2026-10-01,,insufficient_history,True,boosting_squared,0,27,
280300734_,шт,2026-10-01,,insufficient_history,True,boosting_squared,2,27,
280300735_,шт,2026-10-01,,insufficient_history,True,boosting_squared,0,27,
280300736_,шт,2026-10-01,,insufficient_history,True,boosting_squared,1,27,
280300737_,шт,2026-10-01,,insufficient_history,True,boosting_squared,1,27,
280300738_,шт,2026-10-01,167.30315894373229,forecast,True,boosting_squared,8,27,145.71565456389584
280300739_,шт,2026-10-01,34.44719499547233,forecast,True,boosting_squared,7,27,30.002395641217838
280300740_,шт,2026-10-01,35.93715418290872,forecast,True,boosting_squared,4,27,31.300102030275337
280300741_,шт,2026-10-01,29.72622327230476,forecast,True,boosting_squared,10,27,25.890581559749307
280300742_,шт,2026-10-01,45.7660668298582,forecast,True,boosting_squared,5,27,39.86076788407004
280300743_,шт,2026-10-01,,insufficient_history,True,boosting_squared,2,27,
280300744_,шт,2026-10-01,6.766877623172868,forecast,True,boosting_squared,6,27,5.893732123408627
280300745_,шт,2026-10-01,7.9472212674308755,forecast,True,boosting_squared,5,27,6.921773361955924
280300746_,шт,2026-10-01,,insufficient_history,True,boosting_squared,0,27,
280300747_,шт,2026-10-01,,insufficient_history,True,boosting_squared,2,27,
280300748_,шт,2026-10-01,14.535358371073546,forecast,True,boosting_squared,3,27,12.659828258676958
280300950_,,2026-10-01,,insufficient_history,True,boosting_squared,0,27,
280300951_,,2026-10-01,,insufficient_history,True,boosting_squared,0,27,
280301023_,шт,2026-10-01,2.0719168122660627,forecast,True,boosting_squared,3,27,1.8045727074575384
280301024_,шт,2026-10-01,,insufficient_history,True,boosting_squared,2,27,
290100002_,шт,2026-10-01,14.249578239033767,forecast,True,boosting_squared,7,27,12.410922982384248
290100003_,шт,2026-10-01,3.469244298184589,forecast,True,boosting_squared,5,27,3.021599872612384
290100004_,шт,2026-10-01,6.222776210172743,forecast,True,boosting_squared,26,27,5.4198373443440016
290100005_,шт,2026-10-01,7.370430503612975,forecast,True,boosting_squared,14,27,6.419407212824204
290100009_,шт,2026-10-01,20.797550717978993,forecast,True,boosting_squared,7,27,18.113995786626866
290100010_,шт,2026-10-01,7.571354215322914,forecast,True,boosting_squared,6,27,6.594405284313505
290100011_,шт,2026-10-01,10.028916679502435,forecast,True,boosting_squared,10,27,8.734862914405348
290100012_,,2026-10-01,,insufficient_history,True,boosting_squared,0,27,
290100013_,шт,2026-10-01,5.205582063298149,forecast,True,boosting_squared,9,27,4.533894055130646
290100014_,шт,2026-10-01,6.460710826428954,forecast,True,boosting_squared,4,27,5.62707071979296
290100015_,шт,2026-10-01,,insufficient_history,True,boosting_squared,2,27,
290100016_,шт,2026-10-01,7.86054522352203,forecast,True,boosting_squared,5,27,6.846281323712736
290100017_,шт,2026-10-01,6.745616693804274,forecast,True,boosting_squared,6,27,5.875214539765013
290100018_,,2026-10-01,,insufficient_history,True,boosting_squared,0,27,
290100019_,,2026-10-01,,insufficient_history,True,boosting_squared,0,27,
290100020_,,2026-10-01,,insufficient_history,True,boosting_squared,0,27,
290100022_,,2026-10-01,,insufficient_history,True,boosting_squared,0,27,
290100029_,шт,2026-10-01,3.056788167940414,forecast,True,boosting_squared,19,27,2.6623638882061673
290100031_,шт,2026-10-01,4.505322624265833,forecast,True,boosting_squared,12,27,3.9239906727476614
290100032_,шт,2026-10-01,2.822863257231683,forecast,True,boosting_squared,17,27,2.4586228369437237
290100033_,шт,2026-10-01,4.744630443889955,forecast,True,boosting_squared,21,27,4.1324200640331865
290100034_,шт,2026-10-01,9.539445106347298,forecast,True,boosting_squared,13,27,8.308548963592807
290100035_,шт,2026-10-01,,insufficient_history,True,boosting_squared,2,27,
290100036_,шт,2026-10-01,3.681286567508151,forecast,True,boosting_squared,3,27,3.2062818491200025
290100041_,,2026-10-01,,insufficient_history,True,boosting_squared,0,27,
290100101_,шт,2026-10-01,10.774084204630169,forecast,True,boosting_squared,28,27,9.383879791129502
290100107_,,2026-10-01,,insufficient_history,True,boosting_squared,0,27,
290100110_,шт,2026-10-01,3.058168849394996,forecast,True,boosting_squared,7,27,2.663566417214996
290100122_,шт,2026-10-01,,insufficient_history,True,boosting_squared,0,27,
290100132_,шт,2026-10-01,3.9454128596018347,forecast,True,boosting_squared,26,27,3.4363273293306302
290100133_,шт,2026-10-01,3.3080023535295577,forecast,True,boosting_squared,24,27,2.881163340170905
290100134_,шт,2026-10-01,3.8818568817761943,forecast,True,boosting_squared,25,27,3.3809721228373304
290100135_,шт,2026-10-01,3.9826127358837455,forecast,True,boosting_squared,23,27,3.4687272215761653
290100136_,шт,2026-10-01,4.409955522786237,forecast,True,boosting_squared,15,27,3.840929003717045
290100137_,шт,2026-10-01,3.1598927506356516,forecast,True,boosting_squared,10,27,2.7521646537794386
290100138_,шт,2026-10-01,3.493998835131761,forecast,True,boosting_squared,21,27,3.0431602757599205
290100139_,шт,2026-10-01,2.8667224671641,forecast,True,boosting_squared,16,27,2.4968227939816354
290100140_,шт,2026-10-01,3.227465327159928,forecast,True,boosting_squared,18,27,2.81101818817155
290100141_,шт,2026-10-01,5.568797990971752,forecast,True,boosting_squared,11,27,4.850243411491526
290100142_,шт,2026-10-01,5.535880601368218,forecast,True,boosting_squared,20,27,4.821573426998126
290100143_,шт,2026-10-01,3.4750200915826563,forecast,True,boosting_squared,21,27,3.0266304023461847
290100144_,шт,2026-10-01,3.3083748782063185,forecast,True,boosting_squared,11,27,2.8814877971474386
290100145_,шт,2026-10-01,3.563931828440365,forecast,True,boosting_squared,8,27,3.1040696570287047
290100146_,шт,2026-10-01,3.9855040188917554,forecast,True,boosting_squared,8,27,3.4712454358089486
290100147_,шт,2026-10-01,6.4258926911171494,forecast,True,boosting_squared,10,27,5.596745247102033
290100148_,шт,2026-10-01,2.4196354542253733,forecast,True,boosting_squared,4,27,2.107424427873712
290200005_,шт,2026-10-01,2.96877108861738,forecast,True,boosting_squared,20,27,2.5857038513764277
290200006_,шт,2026-10-01,8.66619035717198,forecast,True,boosting_squared,31,27,7.5479722465691435
290200008_,шт,2026-10-01,4.8517286370535615,forecast,True,boosting_squared,26,27,4.225699135498264
290200009_,шт,2026-10-01,3.18501863369915,forecast,True,boosting_squared,9,27,2.7740484874153886
290200030_,шт,2026-10-01,,insufficient_history,True,boosting_squared,0,27,
290200068_,шт,2026-10-01,,insufficient_history,True,boosting_squared,1,27,
290200126_,шт,2026-10-01,2.4349715980925986,forecast,True,boosting_squared,9,27,2.120781714467747
290200127_,шт,2026-10-01,4.560582112821335,forecast,True,boosting_squared,8,27,3.972119904715356
290200128_,шт,2026-10-01,,insufficient_history,True,boosting_squared,2,27,
290200129_,шт,2026-10-01,,insufficient_history,True,boosting_squared,1,27,
290200130_,шт,2026-10-01,2.5753432376497543,forecast,True,boosting_squared,5,27,2.243040884404625
290200131_,шт,2026-10-01,2.375315763380248,forecast,True,boosting_squared,10,27,2.0688234068150546
311101034_,,2026-10-01,,insufficient_history,True,boosting_squared,0,27,
311101217_,упак,2026-10-01,,insufficient_history,True,boosting_squared,1,27,
311101218_,упак,2026-10-01,2.0520084113231536,forecast,True,boosting_squared,4,27,1.7872331324427466
311101219_,упак,2026-10-01,,insufficient_history,True,boosting_squared,1,27,
311101220_,,2026-10-01,,insufficient_history,True,boosting_squared,0,27,
311101221_,упак,2026-10-01,2.1248367565531887,forecast,True,boosting_squared,7,27,1.8506642718366482
311101222_,упак,2026-10-01,2.1208946314498394,forecast,True,boosting_squared,9,27,1.8472308080369568
311101224_,упак,2026-10-01,,insufficient_history,True,boosting_squared,2,27,
311101225_,упак,2026-10-01,2.274055192316864,forecast,True,boosting_squared,8,27,1.9806287158888816
311101227_,упак,2026-10-01,,insufficient_history,True,boosting_squared,0,27,
311101228_,упак,2026-10-01,,insufficient_history,True,boosting_squared,0,27,
311101232_,упак,2026-10-01,1.8353931604168994,forecast,True,boosting_squared,7,27,1.5985682364921383
311101233_,,2026-10-01,,insufficient_history,True,boosting_squared,0,27,
311101234_,,2026-10-01,,insufficient_history,True,boosting_squared,0,27,
311101235_,упак,2026-10-01,2.274055192316864,forecast,True,boosting_squared,8,27,1.9806287158888816
311101236_,упак,2026-10-01,1.8353931604168994,forecast,True,boosting_squared,7,27,1.5985682364921383
311101237_,упак,2026-10-01,4.929653314903575,forecast,True,boosting_squared,8,27,4.293569016206339
311101238_,упак,2026-10-01,2.737554258802299,forecast,True,boosting_squared,8,27,2.3843214512149054
5250600034_,шт,2026-10-01,,insufficient_history,True,boosting_squared,0,27,
A650-33E055TM,шт,2026-10-01,,insufficient_history,True,boosting_squared,1,27,
AR-KMR10-040-20-230,шт,2026-10-01,,insufficient_history,True,boosting_squared,1,27,
AR-KMR10-040-40-230,шт,2026-10-01,4.020500221469752,forecast,True,boosting_squared,3,27,3.501725999344623
AR-KMR10-063-22-230,шт,2026-10-01,,insufficient_history,True,boosting_squared,1,27,
AR-KMR10-063-40-230,шт,2026-10-01,,insufficient_history,True,boosting_squared,1,27,
AR-M06N-4-C025,шт,2026-10-01,,insufficient_history,True,boosting_squared,1,27,
AR-M06N-4-C032,шт,2026-10-01,,insufficient_history,True,boosting_squared,1,27,
BBD10-APBB-K51_,шт,2026-10-01,,insufficient_history,True,boosting_squared,0,27,
BR-AK20-1-K35,шт,2026-10-01,,insufficient_history,True,boosting_squared,1,27,
BR-AK20-1-K35_,шт,2026-10-01,,insufficient_history,True,boosting_squared,0,27,
BR-AK20-1-K53,шт,2026-10-01,,insufficient_history,True,boosting_squared,0,27,
BR-D20-0600-K37,шт,2026-10-01,,insufficient_history,True,boosting_squared,1,27,
BR-H10-K37,шт,2026-10-01,,insufficient_history,True,boosting_squared,1,27,
BR-H10-K46,шт,2026-10-01,,insufficient_history,True,boosting_squared,0,27,
BR-K20-1-K35,шт,2026-10-01,3.0537059218044185,forecast,True,boosting_squared,3,27,2.6596793512490096
BR-K20-1-K36,шт,2026-10-01,,insufficient_history,True,boosting_squared,0,27,
BR-K20-1-K45,шт,2026-10-01,4.278784456979978,forecast,True,boosting_squared,3,27,3.7266832367244973
BR-KT20-O-1-K10,шт,2026-10-01,,insufficient_history,True,boosting_squared,1,27,
BR-KT20-O-1-K45,шт,2026-10-01,,insufficient_history,True,boosting_squared,0,27,
BR-M12-G-31-K96,шт,2026-10-01,,insufficient_history,True,boosting_squared,1,27,
BR-M12-G-41-K06,шт,2026-10-01,,insufficient_history,True,boosting_squared,1,27,
BR-M22-G-31-K96,шт,2026-10-01,,insufficient_history,True,boosting_squared,1,27,
BR-MS10-N-150-05-K37,,2026-10-01,,insufficient_history,True,boosting_squared,0,27,
BR-R16-16-44-K02_,шт,2026-10-01,,insufficient_history,True,boosting_squared,2,27,
BR-R16-16-44-K37,шт,2026-10-01,4.5984085452721795,forecast,True,boosting_squared,5,27,4.005065507172543
BR-R16-16-44-K45,,2026-10-01,,insufficient_history,True,boosting_squared,0,27,
BR-R16-16-44-K46,шт,2026-10-01,,insufficient_history,True,boosting_squared,2,27,
BR-R16-16-K10,,2026-10-01,,insufficient_history,True,boosting_squared,0,27,
BR-R16-16-K37,,2026-10-01,,insufficient_history,True,boosting_squared,0,27,
BR-R26-16-44-K02-F,шт,2026-10-01,,insufficient_history,True,boosting_squared,0,27,
BR-R26-16-44-K37-F,шт,2026-10-01,,insufficient_history,True,boosting_squared,0,27,
BR-R26-16-44-K45-F,,2026-10-01,,insufficient_history,True,boosting_squared,0,27,
BR-R26-16-44-K46-F,,2026-10-01,,insufficient_history,True,boosting_squared,0,27,
BR-RT11-K10,шт,2026-10-01,3.549525826833201,forecast,True,boosting_squared,4,27,3.0915224943385944
BR-U21-D31-K35,шт,2026-10-01,,insufficient_history,True,boosting_squared,2,27,
BR-U21-D31-K37,шт,2026-10-01,2.068841446716122,forecast,True,boosting_squared,3,27,1.8018941632688803
BR-U21-D31-K46,шт,2026-10-01,,insufficient_history,True,boosting_squared,0,27,
BR-VK10-0-K10,,2026-10-01,,insufficient_history,True,boosting_squared,0,27,
BR-VK10-0-K36,,2026-10-01,,insufficient_history,True,boosting_squared,0,27,
BR-VK10-0-K37,,2026-10-01,,insufficient_history,True,boosting_squared,0,27,
BR-VK10-0-K45,,2026-10-01,,insufficient_history,True,boosting_squared,0,27,
CKK10-025-016-1-K01-,м,2026-10-01,,insufficient_history,True,boosting_squared,0,27,
CKK10-025-016-1-K24_,,2026-10-01,,insufficient_history,True,boosting_squared,0,27,
CKK10-025-016-1-K28_,м,2026-10-01,,insufficient_history,True,boosting_squared,1,27,
CKK10-025-016-1-K34_,м,2026-10-01,,insufficient_history,True,boosting_squared,2,27,
CKK10-025-025-1-K01-,м,2026-10-01,,insufficient_history,True,boosting_squared,1,27,
CKK10-040-025-1-K01-,м,2026-10-01,,insufficient_history,True,boosting_squared,0,27,
CKK10-040-025-1-K24_,м,2026-10-01,,insufficient_history,True,boosting_squared,0,27,
CKK10-040-025-1-K28_,м,2026-10-01,,insufficient_history,True,boosting_squared,0,27,
CKK10-040-025-1-K34_,м,2026-10-01,,insufficient_history,True,boosting_squared,0,27,
CKK10-060-040-1-K01-,м,2026-10-01,,insufficient_history,True,boosting_squared,1,27,
CKK10-100-060-1-K01,м,2026-10-01,,insufficient_history,True,boosting_squared,0,27,
CLM50D-PPP-030-15,шт,2026-10-01,,insufficient_history,True,boosting_squared,1,27,
CLM50D-PPP-050-15,шт,2026-10-01,,insufficient_history,True,boosting_squared,1,27,
CLM50D-PPP-060-25,шт,2026-10-01,,insufficient_history,True,boosting_squared,1,27,
CLM50D-PPP-300-25,шт,2026-10-01,,insufficient_history,True,boosting_squared,1,27,
CLM50D-RP-080-30,шт,2026-10-01,,insufficient_history,True,boosting_squared,1,27,
CLP10-080-150-3,м,2026-10-01,,insufficient_history,True,boosting_squared,1,27,
CLP1CL-300-1,шт,2026-10-01,,insufficient_history,True,boosting_squared,1,27,
CLP1M-SHU-6,шт,2026-10-01,,insufficient_history,True,boosting_squared,1,27,
CLP1SH-050,шт,2026-10-01,,insufficient_history,True,boosting_squared,0,27,
CLP1V-100-200,шт,2026-10-01,,insufficient_history,True,boosting_squared,1,27,
CLP1Z-050-200,шт,2026-10-01,,insufficient_history,True,boosting_squared,0,27,
CLW10-TM-06-1-R,шт,2026-10-01,,insufficient_history,True,boosting_squared,1,27,
CLW10-TM-08-1-R,шт,2026-10-01,,insufficient_history,True,boosting_squared,1,27,
CLW10-TM-08-2-R,шт,2026-10-01,,insufficient_history,True,boosting_squared,1,27,
CLW10-VR-100,шт,2026-10-01,,insufficient_history,True,boosting_squared,1,27,
CMZ11-VT-06-030,шт,2026-10-01,,insufficient_history,True,boosting_squared,1,27,
CNT-A310D33V93-110TE,шт,2026-10-01,,insufficient_history,True,boosting_squared,0,27,
CO05-07542-R,шт,2026-10-01,,insufficient_history,True,boosting_squared,1,27,
CS3-1C6AF-Q,шт,2026-10-01,,insufficient_history,True,boosting_squared,0,27,
CTA10D-CF16-K41-100,шт,2026-10-01,,insufficient_history,True,boosting_squared,1,27,
CTA10D-CF20-K41-100,шт,2026-10-01,,insufficient_history,True,boosting_squared,1,27,
EL-KK10-025-016-1-K0,м,2026-10-01,,insufficient_history,True,boosting_squared,0,27,
EL-KK10-025-025-1-K0,м,2026-10-01,,insufficient_history,True,boosting_squared,0,27,
EL-KK10-040-025-1-K0,м,2026-10-01,,insufficient_history,True,boosting_squared,1,27,
EL-KK10-060-040-1-K0,м,2026-10-01,,insufficient_history,True,boosting_squared,0,27,
EL-KK10-100-060-1-K0,м,2026-10-01,,insufficient_history,True,boosting_squared,0,27,
EPK10-04-02-K01,шт,2026-10-01,11.127329671299732,forecast,True,boosting_squared,8,27,9.691545197583638
EPK20-04-02-K01,шт,2026-10-01,,insufficient_history,True,boosting_squared,0,27,
EPP14-04-01-K01,шт,2026-10-01,104.16928534004028,forecast,True,boosting_squared,12,27,90.72808723164798
EPP14-04-01-K02,шт,2026-10-01,68.7966113500825,forecast,True,boosting_squared,11,27,59.919629240394435
ERO14-K01-16-DC,шт,2026-10-01,,insufficient_history,True,boosting_squared,0,27,
FP-K10-2-K03,шт,2026-10-01,,insufficient_history,True,boosting_squared,1,27,
FP-K10-2-K10,шт,2026-10-01,,insufficient_history,True,boosting_squared,0,27,
FP-R14-16-1-K03,шт,2026-10-01,,insufficient_history,True,boosting_squared,1,27,
FP-R14-16-1-K10,шт,2026-10-01,,insufficient_history,True,boosting_squared,0,27,
FP-V10-0-10-1-K03,шт,2026-10-01,,insufficient_history,True,boosting_squared,1,27,
FP-V10-0-10-1-K10,шт,2026-10-01,,insufficient_history,True,boosting_squared,0,27,
FP-V12-0-10-1-K03,шт,2026-10-01,,insufficient_history,True,boosting_squared,1,27,
FP-V12-0-10-1-K10,шт,2026-10-01,,insufficient_history,True,boosting_squared,0,27,
FP-V13-0-10-1-K03,шт,2026-10-01,,insufficient_history,True,boosting_squared,1,27,
FP-V13-0-10-1-K10,шт,2026-10-01,,insufficient_history,True,boosting_squared,0,27,
FP-V20-0-10-1-K03,шт,2026-10-01,,insufficient_history,True,boosting_squared,1,27,
FP-V20-0-10-1-K10,шт,2026-10-01,,insufficient_history,True,boosting_squared,0,27,
IPA10-6-0030-E,шт,2026-10-01,,insufficient_history,True,boosting_squared,1,27,
IPA10-6-0075-E,шт,2026-10-01,,insufficient_history,True,boosting_squared,1,27,
KKM11-012-024-10,шт,2026-10-01,,insufficient_history,True,boosting_squared,0,27,
KKM21-025-110-01,шт,2026-10-01,,insufficient_history,True,boosting_squared,0,27,
LBAL001,шт,2026-10-01,,insufficient_history,True,boosting_squared,2,27,
LDBO0-4013-18-6500-K,шт,2026-10-01,,insufficient_history,True,boosting_squared,0,27,
LLE-A60-12-24-48-40-,шт,2026-10-01,,insufficient_history,True,boosting_squared,1,27,
LLE-T80-12-230-40-GX,шт,2026-10-01,,insufficient_history,True,boosting_squared,1,27,
LLE-T80-12-230-65-GX,шт,2026-10-01,,insufficient_history,True,boosting_squared,1,27,
MAD10-4-016-C-100,шт,2026-10-01,,insufficient_history,True,boosting_squared,0,27,
MDV11-2-025-030,шт,2026-10-01,,insufficient_history,True,boosting_squared,1,27,
MKK11-20-22,,2026-10-01,,insufficient_history,True,boosting_squared,0,27,
MKK11-40-11,,2026-10-01,,insufficient_history,True,boosting_squared,0,27,
MKK11-63-20,,2026-10-01,,insufficient_history,True,boosting_squared,0,27,
MKK12-20-20,шт,2026-10-01,,insufficient_history,True,boosting_squared,2,27,
MKM42-02-31-WW-L,шт,2026-10-01,,insufficient_history,True,boosting_squared,0,27,
MKP73-N-12-66,шт,2026-10-01,,insufficient_history,True,boosting_squared,0,27,
MNV10-1-040,шт,2026-10-01,,insufficient_history,True,boosting_squared,1,27,
MNV10-3-125,шт,2026-10-01,2.463028636316972,forecast,True,boosting_squared,3,27,2.145218489695427
MPR10-1-050,шт,2026-10-01,,insufficient_history,True,boosting_squared,1,27,
MPR10-4-050,шт,2026-10-01,,insufficient_history,True,boosting_squared,2,27,
MVA20-1-D05-C,шт,2026-10-01,,insufficient_history,True,boosting_squared,1,27,
MVA20-3-013-C,шт,2026-10-01,,insufficient_history,True,boosting_squared,1,27,
MVA31-1-006-B,шт,2026-10-01,,insufficient_history,True,boosting_squared,0,27,
MVA31-1-006-C,шт,2026-10-01,,insufficient_history,True,boosting_squared,1,27,
MVA31-2-050-C,шт,2026-10-01,,insufficient_history,True,boosting_squared,0,27,
MVA31-3-025-B,шт,2026-10-01,,insufficient_history,True,boosting_squared,2,27,
MVA31-3-025-C,шт,2026-10-01,,insufficient_history,True,boosting_squared,0,27,
MVA31-3-063-B,шт,2026-10-01,,insufficient_history,True,boosting_squared,2,27,
MVA50-3-100-D,шт,2026-10-01,,insufficient_history,True,boosting_squared,0,27,
OPS-DC24-060B,шт,2026-10-01,,insufficient_history,True,boosting_squared,2,27,
ORI-01-05,шт,2026-10-01,,insufficient_history,True,boosting_squared,1,27,
ORI-01-5,шт,2026-10-01,,insufficient_history,True,boosting_squared,1,27,
ORL-02-ACDC24-240V,шт,2026-10-01,,insufficient_history,True,boosting_squared,1,27,
ORT-ST-ACDC12-240V,шт,2026-10-01,,insufficient_history,True,boosting_squared,1,27,
PLR-S-CPU-1410,шт,2026-10-01,,insufficient_history,True,boosting_squared,1,27,
PLR-S-CPU-1410R-AC-B,шт,2026-10-01,,insufficient_history,True,boosting_squared,2,27,
PSN12-032-5,,2026-10-01,,insufficient_history,True,boosting_squared,0,27,
RRP10-4-10-220A-LED,шт,2026-10-01,,insufficient_history,True,boosting_squared,1,27,
SFB-33-75-A-00,шт,2026-10-01,,insufficient_history,True,boosting_squared,1,27,
SRP-10-3-160,шт,2026-10-01,,insufficient_history,True,boosting_squared,0,27,
SVA10D-ADK-1,шт,2026-10-01,,insufficient_history,True,boosting_squared,0,27,
SVA30D-ADK-1,шт,2026-10-01,,insufficient_history,True,boosting_squared,0,27,
SVA50D-ADK-1,шт,2026-10-01,,insufficient_history,True,boosting_squared,0,27,
UKO10-240-195-090-K4,,2026-10-01,,insufficient_history,True,boosting_squared,0,27,
UKO10-240-195-165-K4,,2026-10-01,,insufficient_history,True,boosting_squared,0,27,
UNL10-D25-4-4,упак,2026-10-01,3.461899599322108,forecast,True,boosting_squared,5,27,3.0152028768289325
UNL20-006-6-5,упак,2026-10-01,2.1370955666317255,forecast,True,boosting_squared,4,27,1.8613412999695673
UZA-25-D16,шт,2026-10-01,,insufficient_history,True,boosting_squared,1,27,
WUP20-02-K02,,2026-10-01,,insufficient_history,True,boosting_squared,0,27,
WYP53-16-05-03-ZK,шт,2026-10-01,,insufficient_history,True,boosting_squared,1,27,
YIS40-3-370,шт,2026-10-01,,insufficient_history,True,boosting_squared,0,27,
YIS42-3-200,шт,2026-10-01,,insufficient_history,True,boosting_squared,0,27,
YKM40-PN-530,шт,2026-10-01,,insufficient_history,True,boosting_squared,0,27,
YKV10-UV-1750,шт,2026-10-01,,insufficient_history,True,boosting_squared,0,27,
YZN20-004-K52,шт,2026-10-01,,insufficient_history,True,boosting_squared,1,27,
YZN30-002-K03,,2026-10-01,,insufficient_history,True,boosting_squared,0,27,
Р654654528,шт,2026-10-01,,insufficient_history,True,boosting_squared,1,27,
ЩУРн-3/18,шт,2026-10-01,,insufficient_history,True,boosting_squared,1,27,
нов03200_,шт,2026-10-01,3.143854576104406,forecast,True,boosting_squared,4,27,2.7381959211231925
нов1932,шт,2026-10-01,,insufficient_history,True,boosting_squared,0,27,
нов26740,шт,2026-10-01,,insufficient_history,True,boosting_squared,1,27,
нов3227,шт,2026-10-01,,insufficient_history,True,boosting_squared,0,27,
нов3368,шт,2026-10-01,,insufficient_history,True,boosting_squared,0,27,
нов3370_,шт,2026-10-01,,insufficient_history,True,boosting_squared,1,27,
нов3392,шт,2026-10-01,,insufficient_history,True,boosting_squared,0,27,
нов3393,шт,2026-10-01,,insufficient_history,True,boosting_squared,1,27,
нов3394,шт,2026-10-01,,insufficient_history,True,boosting_squared,0,27,
нов3396,шт,2026-10-01,7.096729907286627,forecast,True,boosting_squared,23,27,6.181022822475449
нов99190,шт,2026-10-01,,insufficient_history,True,boosting_squared,0,27,
ст-99272_80,м,2026-10-01,,insufficient_history,True,boosting_squared,0,27,
ст-9948468,шт,2026-10-01,43.51314616911601,forecast,True,boosting_squared,30,27,37.89854666342362
ст-9949019,шт,2026-10-01,,insufficient_history,True,boosting_squared,0,27,
ст-9949056,шт,2026-10-01,,insufficient_history,True,boosting_squared,2,27,
ст-9949156,шт,2026-10-01,,insufficient_history,True,boosting_squared,0,27,
ст-9949157,шт,2026-10-01,,insufficient_history,True,boosting_squared,0,27,
ст-9949234,шт,2026-10-01,,insufficient_history,True,boosting_squared,1,27,
ст-9949327,шт,2026-10-01,,insufficient_history,True,boosting_squared,0,27,
ст-9949953,шт,2026-10-01,,insufficient_history,True,boosting_squared,0,27,
ст-9950070,м,2026-10-01,,insufficient_history,True,boosting_squared,1,27,
ст-9950184,шт,2026-10-01,4.020500221469752,forecast,True,boosting_squared,3,27,3.501725999344623
ст-9950300,шт,2026-10-01,,insufficient_history,True,boosting_squared,0,27,
ст-9950470,упак,2026-10-01,,insufficient_history,True,boosting_squared,0,27,
ст-9950702,шт,2026-10-01,,insufficient_history,True,boosting_squared,1,27,
ст-9950706,шт,2026-10-01,,insufficient_history,True,boosting_squared,1,27,
ст-9950851,шт,2026-10-01,,insufficient_history,True,boosting_squared,0,27,
ст-9951101,м,2026-10-01,,insufficient_history,True,boosting_squared,1,27,
ст-9951102,шт,2026-10-01,,insufficient_history,True,boosting_squared,2,27,
ст-9951103,шт,2026-10-01,,insufficient_history,True,boosting_squared,0,27,
ст-9951104,шт,2026-10-01,3.7707089394686837,forecast,True,boosting_squared,4,27,3.284165850504982
ст-9951105,шт,2026-10-01,3.796666974834533,forecast,True,boosting_squared,4,27,3.306774461952658
ст-9951106,шт,2026-10-01,,insufficient_history,True,boosting_squared,1,27,
ст-9951285,шт,2026-10-01,,insufficient_history,True,boosting_squared,0,27,
ст-9951311,шт,2026-10-01,,insufficient_history,True,boosting_squared,0,27,
ст-9951312,шт,2026-10-01,,insufficient_history,True,boosting_squared,1,27,
ст-9951313,шт,2026-10-01,,insufficient_history,True,boosting_squared,0,27,
ст-9951436,шт,2026-10-01,3.1813604654250813,forecast,True,boosting_squared,4,27,2.7708623408541033
ст-9951446,шт,2026-10-01,,insufficient_history,True,boosting_squared,0,27,
ст-9951480,шт,2026-10-01,,insufficient_history,True,boosting_squared,1,27,
ст-9951729,шт,2026-10-01,,insufficient_history,True,boosting_squared,1,27,
ст-9951887,шт,2026-10-01,,insufficient_history,True,boosting_squared,0,27,
ст-9951895,шт,2026-10-01,,insufficient_history,True,boosting_squared,1,27,
ст-9951984,шт,2026-10-01,,insufficient_history,True,boosting_squared,0,27,
ст-9951998,шт,2026-10-01,10.874227327670475,forecast,True,boosting_squared,4,27,9.471101220874285
ст-9952041,шт,2026-10-01,,insufficient_history,True,boosting_squared,1,27,
ст-9952106,шт,2026-10-01,,insufficient_history,True,boosting_squared,0,27,
ст-9952210,шт,2026-10-01,,insufficient_history,True,boosting_squared,0,27,
ст-9952368,шт,2026-10-01,,insufficient_history,True,boosting_squared,0,27,
ст-9952399,шт,2026-10-01,9.672195021716442,forecast,True,boosting_squared,5,27,8.424169857623998
ст-9952430,шт,2026-10-01,7.9623716870175665,forecast,True,boosting_squared,13,27,6.934968888692719
ст-9952431,шт,2026-10-01,3.97374113729121,forecast,True,boosting_squared,10,27,3.4610003453826668
ст-9952440,шт,2026-10-01,,insufficient_history,True,boosting_squared,0,27,
ст-9952441,шт,2026-10-01,,insufficient_history,True,boosting_squared,0,27,
ст-9952475,м,2026-10-01,,insufficient_history,True,boosting_squared,1,27,
ст-9952496,упак,2026-10-01,,insufficient_history,True,boosting_squared,1,27,
ст-9952497,упак,2026-10-01,8.27206070762321,forecast,True,boosting_squared,3,27,7.204698035671828
ст-9952498,упак,2026-10-01,,insufficient_history,True,boosting_squared,1,27,
ст-9952644,шт,2026-10-01,,insufficient_history,True,boosting_squared,2,27,
ст-9952711,шт,2026-10-01,,insufficient_history,True,boosting_squared,2,27,
ст-9953087,шт,2026-10-01,,insufficient_history,True,boosting_squared,1,27,
ст-9953090,шт,2026-10-01,,insufficient_history,True,boosting_squared,0,27,
ст-9953158,шт,2026-10-01,,insufficient_history,True,boosting_squared,0,27,
ст-9953168,шт,2026-10-01,,insufficient_history,True,boosting_squared,1,27,
ст-9953235,шт,2026-10-01,,insufficient_history,True,boosting_squared,0,27,
ст-9953236,шт,2026-10-01,3.387507670147121,forecast,True,boosting_squared,5,27,2.95040990625717
ст-9953237,шт,2026-10-01,,insufficient_history,True,boosting_squared,0,27,
ст-9953247,шт,2026-10-01,,insufficient_history,True,boosting_squared,2,27,
ст-9953304,шт,2026-10-01,,insufficient_history,True,boosting_squared,0,27,
ст-9953354,шт,2026-10-01,,insufficient_history,True,boosting_squared,2,27,
ст-9953405,шт,2026-10-01,,insufficient_history,True,boosting_squared,1,27,
ст-9953508,шт,2026-10-01,3.812191859588076,forecast,True,boosting_squared,3,27,3.32029613577026
щт-0000139,шт,2026-10-01,,insufficient_history,True,boosting_squared,1,27,
щт-0000194,шт,2026-10-01,,insufficient_history,True,boosting_squared,0,27,
щт-0000212,м,2026-10-01,,insufficient_history,True,boosting_squared,0,27,
щт-0000350,шт,2026-10-01,,insufficient_history,True,boosting_squared,1,27,
щт-0000417,шт,2026-10-01,,insufficient_history,True,boosting_squared,1,27,
щт-0000418,шт,2026-10-01,,insufficient_history,True,boosting_squared,0,27,
щт-0000861,шт,2026-10-01,,insufficient_history,True,boosting_squared,1,27,
щт-0001014,шт,2026-10-01,1.9241468153241132,forecast,True,boosting_squared,5,27,1.6758698068951954
щт-0001133,шт,2026-10-01,,insufficient_history,True,boosting_squared,0,27,
щт-0001187,шт,2026-10-01,,insufficient_history,True,boosting_squared,0,27,
щт-0001387,шт,2026-10-01,,insufficient_history,True,boosting_squared,1,27,
щт-0001406,шт,2026-10-01,,insufficient_history,True,boosting_squared,1,27,
щт-0001421,шт,2026-10-01,,insufficient_history,True,boosting_squared,0,27,
щт-0001636,шт,2026-10-01,,insufficient_history,True,boosting_squared,2,27,
щт-0001645,шт,2026-10-01,,insufficient_history,True,boosting_squared,0,27,
щт-0001651,шт,2026-10-01,,insufficient_history,True,boosting_squared,0,27,
щт-0001653,компл,2026-10-01,,insufficient_history,True,boosting_squared,1,27,
щт-0001654,шт,2026-10-01,,insufficient_history,True,boosting_squared,2,27,
щт-0001786,шт,2026-10-01,,insufficient_history,True,boosting_squared,1,27,
щт-0001802,шт,2026-10-01,,insufficient_history,True,boosting_squared,1,27,
щт-0001952,шт,2026-10-01,,insufficient_history,True,boosting_squared,1,27,
щт-0002132,м,2026-10-01,,insufficient_history,True,boosting_squared,0,27,
щт-0002147,шт,2026-10-01,,insufficient_history,True,boosting_squared,2,27,
щт-0002159,шт,2026-10-01,,insufficient_history,True,boosting_squared,0,27,
щт-0002161,шт,2026-10-01,,insufficient_history,True,boosting_squared,0,27,
щт-0002162,шт,2026-10-01,,insufficient_history,True,boosting_squared,0,27,
щт-0022248,шт,2026-10-01,,insufficient_history,True,boosting_squared,0,27,
щт00222756,шт,2026-10-01,,insufficient_history,True,boosting_squared,1,27,
щт00222819,шт,2026-10-01,,insufficient_history,True,boosting_squared,0,27,
щт00222922,упак,2026-10-01,,insufficient_history,True,boosting_squared,0,27,
щт00222923,упак,2026-10-01,,insufficient_history,True,boosting_squared,0,27,
щт00222924,упак,2026-10-01,,insufficient_history,True,boosting_squared,0,27,
щт02229866,шт,2026-10-01,,insufficient_history,True,boosting_squared,1,27,
щт02229878,шт,2026-10-01,,insufficient_history,True,boosting_squared,0,27,
щт02230193,шт,2026-10-01,,insufficient_history,True,boosting_squared,1,27,
щт02230447,шт,2026-10-01,,insufficient_history,True,boosting_squared,0,27,
щт23054819,шт,2026-10-01,,insufficient_history,True,boosting_squared,0,27,
щт23054820,шт,2026-10-01,,insufficient_history,True,boosting_squared,0,27,
щт23055078,шт,2026-10-01,,insufficient_history,True,boosting_squared,0,27,
щт23055283,шт,2026-10-01,,insufficient_history,True,boosting_squared,0,27,
щщ0001047,шт,2026-10-01,,insufficient_history,True,boosting_squared,1,27,
щщ0001050,упак,2026-10-01,,insufficient_history,True,boosting_squared,1,27,
щщ11503042,шт,2026-10-01,3.089450863190514,forecast,True,boosting_squared,3,27,2.6908120421336736
щщщ0115411,шт,2026-10-01,,insufficient_history,True,boosting_squared,0,27,
щщщ0115439,шт,2026-10-01,,insufficient_history,True,boosting_squared,2,27,
щщщ0115997,шт,2026-10-01,,insufficient_history,True,boosting_squared,2,27,
щщщ0116026,шт,2026-10-01,,insufficient_history,True,boosting_squared,0,27,
щщщ0116027,шт,2026-10-01,,insufficient_history,True,boosting_squared,0,27,
щщщ0116033,шт,2026-10-01,,insufficient_history,True,boosting_squared,0,27,
щщщ0116039,шт,2026-10-01,,insufficient_history,True,boosting_squared,0,27,
щщщ0116157,шт,2026-10-01,4.350235324412783,forecast,True,boosting_squared,3,27,3.788914637391779
щщщ0116826,шт,2026-10-01,,insufficient_history,True,boosting_squared,1,27,
ярп40100,шт,2026-10-01,,insufficient_history,True,boosting_squared,1,27,
ярп40110,шт,2026-10-01,,insufficient_history,True,boosting_squared,0,27,
ярп40129,шт,2026-10-01,,insufficient_history,True,boosting_squared,0,27,
ярп40132,шт,2026-10-01,5.081424210562934,forecast,True,boosting_squared,5,27,4.425756570490298
ярп40134,шт,2026-10-01,3.893627266415682,forecast,True,boosting_squared,4,27,3.391223748168497
ярп40135,шт,2026-10-01,,insufficient_history,True,boosting_squared,0,27,
ярп40167,шт,2026-10-01,,insufficient_history,True,boosting_squared,1,27,
ярп40217,,2026-10-01,,insufficient_history,True,boosting_squared,0,27,
ярп40218,,2026-10-01,,insufficient_history,True,boosting_squared,0,27,
ярп40219,шт,2026-10-01,,insufficient_history,True,boosting_squared,2,27,
ярп40220,,2026-10-01,,insufficient_history,True,boosting_squared,0,27,
ярп40221,шт,2026-10-01,,insufficient_history,True,boosting_squared,0,27,
ярп40222,шт,2026-10-01,2.868192083571823,forecast,True,boosting_squared,4,27,2.4981027824657813
ярп40223,шт,2026-10-01,,insufficient_history,True,boosting_squared,1,27,
ярп40225,шт,2026-10-01,,insufficient_history,True,boosting_squared,0,27,
ярп40227,шт,2026-10-01,,insufficient_history,True,boosting_squared,1,27,
ярп40228,,2026-10-01,,insufficient_history,True,boosting_squared,0,27,
ярп40229,,2026-10-01,,insufficient_history,True,boosting_squared,0,27,
ярп40230,,2026-10-01,,insufficient_history,True,boosting_squared,0,27,
ярп40231,,2026-10-01,,insufficient_history,True,boosting_squared,0,27,
ярп40232,,2026-10-01,,insufficient_history,True,boosting_squared,0,27,
ярп40236,,2026-10-01,,insufficient_history,True,boosting_squared,0,27,
ярп40237,,2026-10-01,,insufficient_history,True,boosting_squared,0,27,
ярп40238,,2026-10-01,,insufficient_history,True,boosting_squared,0,27,
ярп40239,шт,2026-10-01,,insufficient_history,True,boosting_squared,0,27,
ярп40240,шт,2026-10-01,,insufficient_history,True,boosting_squared,1,27,
ярп40241,,2026-10-01,,insufficient_history,True,boosting_squared,1,27,
ярп40242,шт,2026-10-01,,insufficient_history,True,boosting_squared,2,27,
ярп40243,,2026-10-01,,insufficient_history,True,boosting_squared,0,27,
ярп40244,шт,2026-10-01,2.139588550785376,forecast,True,boosting_squared,7,27,1.863512608748553
ярп40245,шт,2026-10-01,,insufficient_history,True,boosting_squared,0,27,
ярп40246,шт,2026-10-01,,insufficient_history,True,boosting_squared,1,27,
ярп40247,,2026-10-01,,insufficient_history,True,boosting_squared,0,27,
ярп40248,,2026-10-01,,insufficient_history,True,boosting_squared,0,27,
ярп40249,,2026-10-01,,insufficient_history,True,boosting_squared,0,27,
ярп40255,шт,2026-10-01,13.580608137077714,forecast,True,boosting_squared,27,27,11.828271603261234
ярп40256,шт,2026-10-01,24.499813650914653,forecast,True,boosting_squared,27,27,21.33854737337728
ярп40257,шт,2026-10-01,46.67946122556136,forecast,True,boosting_squared,30,27,40.656304938392154
ярп40260,шт,2026-10-01,3.8262897459571765,forecast,True,boosting_squared,30,27,3.332574940027218
ярп40265,,2026-10-01,,insufficient_history,True,boosting_squared,0,27,
ярп40266,шт,2026-10-01,,insufficient_history,True,boosting_squared,0,27,
ярп40267,шт,2026-10-01,3.3328183724103395,forecast,True,boosting_squared,5,27,2.902777292099328
ярп40268,,2026-10-01,,insufficient_history,True,boosting_squared,0,27,
ярп40269,шт,2026-10-01,4.2230862384989205,forecast,True,boosting_squared,3,27,3.6781718851442213
ярп40270,,2026-10-01,,insufficient_history,True,boosting_squared,0,27,
ярп40271,шт,2026-10-01,3.5918522433845883,forecast,True,boosting_squared,4,27,3.128387437786577
ярп40273,,2026-10-01,,insufficient_history,True,boosting_squared,0,27,
ярп40274,,2026-10-01,,insufficient_history,True,boosting_squared,0,27,
ярп40276,,2026-10-01,,insufficient_history,True,boosting_squared,0,27,
ярп40277,упак,2026-10-01,8.800478528765353,forecast,True,boosting_squared,7,27,7.664932912150469
ярп40280,,2026-10-01,,insufficient_history,True,boosting_squared,0,27,
ярп40281,шт,2026-10-01,,insufficient_history,True,boosting_squared,0,27,
ярп40282,,2026-10-01,,insufficient_history,True,boosting_squared,0,27,
ярп40309,шт,2026-10-01,,insufficient_history,True,boosting_squared,1,27,
ярп40395,шт,2026-10-01,,insufficient_history,True,boosting_squared,1,27,
ярп40510,шт,2026-10-01,,insufficient_history,True,boosting_squared,0,27,
ярп4200,шт,2026-10-01,,insufficient_history,True,boosting_squared,0,27,
ярп4211,шт,2026-10-01,,insufficient_history,True,boosting_squared,0,27,
ярп4252,шт,2026-10-01,,insufficient_history,True,boosting_squared,0,27,
ярп4303,упак,2026-10-01,,insufficient_history,True,boosting_squared,1,27,
ярп4385,шт,2026-10-01,,insufficient_history,True,boosting_squared,1,27,
ярп4522,шт,2026-10-01,,insufficient_history,True,boosting_squared,1,27,
ярп4546,шт,2026-10-01,,insufficient_history,True,boosting_squared,0,27,
ярп4571,шт,2026-10-01,,insufficient_history,True,boosting_squared,0,27,
ярп4665,шт,2026-10-01,2.5948295452471717,forecast,True,boosting_squared,3,27,2.2600128297314077
ярп4673,шт,2026-10-01,,insufficient_history,True,boosting_squared,1,27,
ярп4795,шт,2026-10-01,,insufficient_history,True,boosting_squared,1,27,
ярп4890,шт,2026-10-01,,insufficient_history,True,boosting_squared,0,27,
ярп5549,шт,2026-10-01,5.0565699321423025,forecast,True,boosting_squared,3,27,4.404109295736844
ярп5602,шт,2026-10-01,,insufficient_history,True,boosting_squared,0,27,
ярп5605,шт,2026-10-01,19.69366920239092,forecast,True,boosting_squared,6,27,17.152550595630803
ярп5628,шт,2026-10-01,,insufficient_history,True,boosting_squared,1,27,
ярп5852,шт,2026-10-01,,insufficient_history,True,boosting_squared,2,27,
ярп5867,шт,2026-10-01,,insufficient_history,True,boosting_squared,1,27,
ярп5962,шт,2026-10-01,,insufficient_history,True,boosting_squared,2,27,
ярп6058,шт,2026-10-01,2.3960933532930566,forecast,True,boosting_squared,3,27,2.086920017384275
ярп6059,шт,2026-10-01,,insufficient_history,True,boosting_squared,0,27,
ярп6060,шт,2026-10-01,,insufficient_history,True,boosting_squared,1,27,
ярп6181,шт,2026-10-01,,insufficient_history,True,boosting_squared,2,27,
ярп6182,шт,2026-10-01,2.4111667895151974,forecast,True,boosting_squared,4,27,2.1000484940938815
ярп6188,шт,2026-10-01,,insufficient_history,True,boosting_squared,2,27,
яярп4532,шт,2026-10-01,,insufficient_history,True,boosting_squared,1,27,
яярп4533,шт,2026-10-01,,insufficient_history,True,boosting_squared,2,27,
яярп4610,шт,2026-10-01,,insufficient_history,True,boosting_squared,1,27,
яярп4772,шт,2026-10-01,,insufficient_history,True,boosting_squared,1,27,
яярп4773,шт,2026-10-01,,insufficient_history,True,boosting_squared,1,27,
яярп4792,шт,2026-10-01,,insufficient_history,True,boosting_squared,1,27,
яярп4811,шт,2026-10-01,9.365273546025788,forecast,True,boosting_squared,10,27,8.156851152990203
яярп4814,шт,2026-10-01,,insufficient_history,True,boosting_squared,1,27,
яярп4829,шт,2026-10-01,,insufficient_history,True,boosting_squared,1,27,
яярп4849,шт,2026-10-01,,insufficient_history,True,boosting_squared,1,27,
яярп4855,шт,2026-10-01,,insufficient_history,True,boosting_squared,0,27,
яярп6001,м,2026-10-01,,insufficient_history,True,boosting_squared,1,27,
яяярп5300,шт,2026-10-01,11.3313501707117,forecast,True,boosting_squared,3,27,9.869240471265028
яяярп5540,шт,2026-10-01,,insufficient_history,True,boosting_squared,0,27,
яяярп5542,шт,2026-10-01,,insufficient_history,True,boosting_squared,1,27,
яяяярп5518,шт,2026-10-01,,insufficient_history,True,boosting_squared,1,27,
