sku,unit,target_month,predicted_qty,level_qty,seasonal_factor,trend_per_month,months_from_level_anchor,trend_contribution_qty,deseasonalized_forecast,damping,status,warnings,model,supplier_id
010400432_,шт,2026-09-01,3.5654025642190508,4.320527717749246,0.8252238608658728,0.0,2.0,0.0,4.320527717749246,0.0,forecast,unstable_trend_disabled,decomposition,SYSTEME
010400433_,шт,2026-09-01,31.666666666666668,31.666666666666668,1.0,0.0,2.0,0.0,31.666666666666668,0.0,forecast,neutral_seasonality_insufficient_evidence;unstable_trend_disabled,decomposition,SYSTEME
010400436_,шт,2026-09-01,20.114719947814194,17.438480069116192,1.1534674964842644,0.0,2.0,0.0,17.438480069116192,0.0,forecast,unstable_trend_disabled,decomposition,SYSTEME
010400437_,шт,2026-09-01,41.719632649908284,29.697552305530902,1.4048172125666525,0.0,2.0,0.0,29.697552305530902,0.0,forecast,unstable_trend_disabled,decomposition,SYSTEME
010400440_,шт,2026-09-01,14.605818566386574,15.089628481253646,0.9679375860400986,0.0,2.0,0.0,15.089628481253646,0.0,forecast,unstable_trend_disabled,decomposition,SYSTEME
010400441_,шт,2026-09-01,12.451567249628686,15.289385061007392,0.8143929399347781,-0.0,2.0,-0.0,15.289385061007392,0.0,forecast,,decomposition,SYSTEME
010400444_,шт,2026-09-01,39.55974962228634,35.06251020280806,1.128263475531712,-0.0,2.0,-0.0,35.06251020280806,0.0,forecast,,decomposition,SYSTEME
010400445_,шт,2026-09-01,24.121699655651387,19.501048916427504,1.2369437028246972,0.0,2.0,0.0,19.501048916427504,0.0,forecast,unstable_trend_disabled,decomposition,SYSTEME
010400447_,шт,2026-09-01,30.052993551950095,30.316434132094127,0.9913103045366031,0.0,2.0,0.0,30.316434132094127,0.0,forecast,unstable_trend_disabled,decomposition,SYSTEME
010400448_,шт,2026-09-01,16.615585051781338,15.855635764704395,1.047929285104331,0.0,2.0,0.0,15.855635764704395,0.0,forecast,unstable_trend_disabled,decomposition,SYSTEME
020100158_,шт,2026-09-01,295.33634034417696,234.79257000142255,1.2578606739659077,0.0,2.0,0.0,234.79257000142255,0.0,forecast,unstable_trend_disabled,decomposition,SYSTEME
020100159_,шт,2026-09-01,8.5,8.5,1.0,0.0,2.5,0.0,8.5,0.0,forecast,neutral_seasonality_insufficient_evidence;insufficient_recent_history,decomposition,SYSTEME
020100160_,шт,2026-09-01,133.37172899319486,136.55741067397403,0.9766714844323985,0.0,2.0,0.0,136.55741067397403,0.0,forecast,unstable_trend_disabled,decomposition,SYSTEME
020100161_,шт,2026-09-01,4.0,4.0,1.0,0.0,2.0,0.0,4.0,0.0,forecast,neutral_seasonality_insufficient_evidence;insufficient_recent_history,decomposition,SYSTEME
020100162_,шт,2026-09-01,7.611402813822908,10.541613177522636,0.7220339700997878,0.0,2.0,0.0,10.541613177522636,0.0,forecast,unstable_trend_disabled,decomposition,SYSTEME
020100163_,шт,2026-09-01,91.40979399545152,90.07885767760854,1.0147752353011223,0.0,2.0,0.0,90.07885767760854,0.0,forecast,unstable_trend_disabled,decomposition,SYSTEME
030200002_,шт,2026-09-01,,,1.0,0.0,,,,0.0,insufficient_history,,decomposition,SYSTEME
030200003_,шт,2026-09-01,20.666666666666668,20.666666666666668,1.0,0.0,2.0,0.0,20.666666666666668,0.0,forecast,neutral_seasonality_insufficient_evidence,decomposition,SYSTEME
030200005_,шт,2026-09-01,19.0,19.0,1.0,0.0,2.0,0.0,19.0,0.0,forecast,neutral_seasonality_insufficient_evidence;unstable_trend_disabled,decomposition,SYSTEME
030200006_,шт,2026-09-01,1.0,1.0,1.0,0.0,5.0,0.0,1.0,0.0,forecast,neutral_seasonality_insufficient_evidence;insufficient_recent_history;6_calendar_months,decomposition,SYSTEME
030200007_,шт,2026-09-01,43.0,43.0,1.0,0.0,3.0,0.0,43.0,0.0,forecast,neutral_seasonality_insufficient_evidence;insufficient_recent_history,decomposition,SYSTEME
030200008_,шт,2026-09-01,27.142857142857142,27.142857142857142,1.0,0.0,11.0,0.0,27.142857142857142,0.0,forecast,neutral_seasonality_insufficient_evidence;insufficient_recent_history;all_known_history_stale,decomposition,SYSTEME
030200009_,шт,2026-09-01,6.666666666666667,6.666666666666667,1.0,0.0,13.0,0.0,6.666666666666667,0.0,forecast,neutral_seasonality_insufficient_evidence;insufficient_recent_history;all_known_history_stale,decomposition,SYSTEME
030200010_,шт,2026-09-01,,,1.0,0.0,,,,0.0,insufficient_history,,decomposition,SYSTEME
030200011_,шт,2026-09-01,,,1.0,0.0,,,,0.0,insufficient_history,,decomposition,SYSTEME
030200012_,шт,2026-09-01,,,1.0,0.0,,,,0.0,insufficient_history,,decomposition,SYSTEME
030200013_,шт,2026-09-01,,,1.0,0.0,,,,0.0,insufficient_history,,decomposition,SYSTEME
030200015_,шт,2026-09-01,1.0,1.0,1.0,0.0,5.0,0.0,1.0,0.0,forecast,neutral_seasonality_insufficient_evidence;insufficient_recent_history;6_calendar_months,decomposition,SYSTEME
030200016_,шт,2026-09-01,,,1.0,0.0,,,,0.0,insufficient_history,,decomposition,SYSTEME
030200025_,шт,2026-09-01,17.5,17.5,1.0,0.0,29.25,0.0,17.5,0.0,forecast,neutral_seasonality_insufficient_evidence;insufficient_recent_history;all_known_history_stale,decomposition,SYSTEME
030200026_,шт,2026-09-01,1.0,1.0,1.0,0.0,4.0,0.0,1.0,0.0,forecast,neutral_seasonality_insufficient_evidence;insufficient_recent_history;6_calendar_months,decomposition,SYSTEME
030200027_,шт,2026-09-01,2.0,2.0,1.0,0.0,3.0,0.0,2.0,0.0,forecast,neutral_seasonality_insufficient_evidence;insufficient_recent_history,decomposition,SYSTEME
030200028_,шт,2026-09-01,105.93333333333334,105.93333333333334,1.0,0.0,25.0,0.0,105.93333333333334,0.0,forecast,neutral_seasonality_insufficient_evidence;insufficient_recent_history;all_known_history_stale,decomposition,SYSTEME
030200029_,шт,2026-09-01,25.0,25.0,1.0,0.0,25.307692307691468,0.0,25.0,0.0,forecast,neutral_seasonality_insufficient_evidence;insufficient_recent_history;all_known_history_stale,decomposition,SYSTEME
030200030_,шт,2026-09-01,177.07142857142858,177.07142857142858,1.0,0.0,25.5,0.0,177.07142857142858,0.0,forecast,neutral_seasonality_insufficient_evidence;insufficient_recent_history;all_known_history_stale,decomposition,SYSTEME
030200031_,шт,2026-09-01,103.3076923076923,103.3076923076923,1.0,0.0,25.846153846152447,0.0,103.3076923076923,0.0,forecast,neutral_seasonality_insufficient_evidence;insufficient_recent_history;all_known_history_stale,decomposition,SYSTEME
030200032_,шт,2026-09-01,43.285714285714285,43.285714285714285,1.0,0.0,25.285714285713766,0.0,43.285714285714285,0.0,forecast,neutral_seasonality_insufficient_evidence;insufficient_recent_history;all_known_history_stale,decomposition,SYSTEME
030200034_,шт,2026-09-01,32.0,32.0,1.0,0.0,6.0,0.0,32.0,0.0,forecast,neutral_seasonality_insufficient_evidence;insufficient_recent_history;6_calendar_months,decomposition,SYSTEME
030200036_,шт,2026-09-01,39.92857142857143,39.92857142857143,1.0,0.0,25.071428571427532,0.0,39.92857142857143,0.0,forecast,neutral_seasonality_insufficient_evidence;insufficient_recent_history;all_known_history_stale,decomposition,SYSTEME
030200037_,шт,2026-09-01,146.875,146.875,1.0,0.0,24.125,0.0,146.875,0.0,forecast,neutral_seasonality_insufficient_evidence;insufficient_recent_history;all_known_history_stale,decomposition,SYSTEME
030200038_,шт,2026-09-01,317.6470588235294,317.6470588235294,1.0,0.0,23.47058823529369,0.0,317.6470588235294,0.0,forecast,neutral_seasonality_insufficient_evidence;insufficient_recent_history;all_known_history_stale,decomposition,SYSTEME
030200039_,шт,2026-09-01,15.0,15.0,1.0,0.0,6.0,0.0,15.0,0.0,forecast,neutral_seasonality_insufficient_evidence;insufficient_recent_history;6_calendar_months,decomposition,SYSTEME
030200042_,шт,2026-09-01,,,1.0,0.0,,,,0.0,insufficient_history,,decomposition,SYSTEME
030200045_,шт,2026-09-01,,,1.0,0.0,,,,0.0,insufficient_history,,decomposition,SYSTEME
030200047_,шт,2026-09-01,,,1.0,0.0,,,,0.0,insufficient_history,,decomposition,SYSTEME
030200052_,шт,2026-09-01,,,1.0,0.0,,,,0.0,insufficient_history,,decomposition,SYSTEME
030200053_,шт,2026-09-01,,,1.0,0.0,,,,0.0,insufficient_history,,decomposition,SYSTEME
030200054_,шт,2026-09-01,,,1.0,0.0,,,,0.0,insufficient_history,,decomposition,SYSTEME
030200060_,шт,2026-09-01,,,1.0,0.0,,,,0.0,insufficient_history,,decomposition,SYSTEME
030200062_,шт,2026-09-01,,,1.0,0.0,,,,0.0,insufficient_history,,decomposition,SYSTEME
030200063_,шт,2026-09-01,,,1.0,0.0,,,,0.0,insufficient_history,,decomposition,SYSTEME
030200069_,шт,2026-09-01,,,1.0,0.0,,,,0.0,insufficient_history,,decomposition,SYSTEME
030200072_,шт,2026-09-01,10.5,10.5,1.0,0.0,4.5,0.0,10.5,0.0,forecast,neutral_seasonality_insufficient_evidence;insufficient_recent_history;6_calendar_months,decomposition,SYSTEME
030200073_,шт,2026-09-01,,,1.0,0.0,,,,0.0,insufficient_history,,decomposition,SYSTEME
030200075_,шт,2026-09-01,,,1.0,0.0,,,,0.0,insufficient_history,,decomposition,SYSTEME
030200076_,шт,2026-09-01,,,1.0,0.0,,,,0.0,insufficient_history,,decomposition,SYSTEME
030200090_,шт,2026-09-01,,,1.0,0.0,,,,0.0,insufficient_history,,decomposition,SYSTEME
030200092_,шт,2026-09-01,,,1.0,0.0,,,,0.0,insufficient_history,,decomposition,SYSTEME
030200093_,шт,2026-09-01,9.5,9.5,1.0,0.0,5.5,0.0,9.5,0.0,forecast,neutral_seasonality_insufficient_evidence;insufficient_recent_history;6_calendar_months,decomposition,SYSTEME
030200094_,шт,2026-09-01,,,1.0,0.0,,,,0.0,insufficient_history,,decomposition,SYSTEME
030200095_,шт,2026-09-01,,,1.0,0.0,,,,0.0,insufficient_history,,decomposition,SYSTEME
030200096_,шт,2026-09-01,,,1.0,0.0,,,,0.0,insufficient_history,,decomposition,SYSTEME
030200097_,шт,2026-09-01,,,1.0,0.0,,,,0.0,insufficient_history,,decomposition,SYSTEME
030200105_,шт,2026-09-01,,,1.0,0.0,,,,0.0,insufficient_history,,decomposition,SYSTEME
030200125_,шт,2026-09-01,,,1.0,0.0,,,,0.0,insufficient_history,,decomposition,SYSTEME
030200126_,шт,2026-09-01,,,1.0,0.0,,,,0.0,insufficient_history,,decomposition,SYSTEME
030200127_,шт,2026-09-01,,,1.0,0.0,,,,0.0,insufficient_history,,decomposition,SYSTEME
030200128_,шт,2026-09-01,,,1.0,0.0,,,,0.0,insufficient_history,,decomposition,SYSTEME
030200129_,шт,2026-09-01,,,1.0,0.0,,,,0.0,insufficient_history,,decomposition,SYSTEME
030200134_,шт,2026-09-01,22.666666666666668,22.666666666666668,1.0,0.0,2.0,0.0,22.666666666666668,0.0,forecast,neutral_seasonality_insufficient_evidence;unstable_trend_disabled,decomposition,SYSTEME
030200135_,шт,2026-09-01,36.0,36.0,1.0,0.0,2.0,0.0,36.0,0.0,forecast,neutral_seasonality_insufficient_evidence,decomposition,SYSTEME
030200136_,шт,2026-09-01,23.5,23.5,1.0,0.0,2.0,0.0,23.5,0.0,forecast,neutral_seasonality_insufficient_evidence;unstable_trend_disabled,decomposition,SYSTEME
030200140_,шт,2026-09-01,,,1.0,0.0,,,,0.0,insufficient_history,,decomposition,SYSTEME
030200141_,шт,2026-09-01,6.0,6.0,1.0,0.0,8.33333333333212,0.0,6.0,0.0,forecast,neutral_seasonality_insufficient_evidence;insufficient_recent_history;all_known_history_stale,decomposition,SYSTEME
030200142_,шт,2026-09-01,1.0,1.0,1.0,0.0,5.0,0.0,1.0,0.0,forecast,neutral_seasonality_insufficient_evidence;insufficient_recent_history;6_calendar_months,decomposition,SYSTEME
030200143_,шт,2026-09-01,,,1.0,0.0,,,,0.0,insufficient_history,,decomposition,SYSTEME
030200174_,шт,2026-09-01,,,1.0,0.0,,,,0.0,insufficient_history,,decomposition,SYSTEME
030200175_,шт,2026-09-01,3.5,3.5,1.0,0.0,24.25,0.0,3.5,0.0,forecast,neutral_seasonality_insufficient_evidence;insufficient_recent_history;all_known_history_stale,decomposition,SYSTEME
030200176_,шт,2026-09-01,2.5,2.5,1.0,0.0,1.5,0.0,2.5,0.0,forecast,neutral_seasonality_insufficient_evidence;insufficient_recent_history,decomposition,SYSTEME
030200179_,шт,2026-09-01,,,1.0,0.0,,,,0.0,insufficient_history,,decomposition,SYSTEME
030200183_,шт,2026-09-01,,,1.0,0.0,,,,0.0,insufficient_history,,decomposition,SYSTEME
030200184_,шт,2026-09-01,,,1.0,0.0,,,,0.0,insufficient_history,,decomposition,SYSTEME
030200191_,шт,2026-09-01,8.5,8.5,1.0,0.0,20.75,0.0,8.5,0.0,forecast,neutral_seasonality_insufficient_evidence;insufficient_recent_history;all_known_history_stale,decomposition,SYSTEME
030200192_,шт,2026-09-01,71443.49916954634,60993.37657738315,1.171332088475295,0.0,2.0,0.0,60993.37657738315,0.0,forecast,unstable_trend_disabled,decomposition,SYSTEME
030200193_,шт,2026-09-01,29215.09816100598,31932.17773108254,0.9149109217367354,0.0,2.0,0.0,31932.17773108254,0.0,forecast,unstable_trend_disabled,decomposition,SYSTEME
030200194_,шт,2026-09-01,,,1.0,0.0,,,,0.0,insufficient_history,,decomposition,SYSTEME
030200198_,шт,2026-09-01,,,1.0,0.0,,,,0.0,insufficient_history,,decomposition,SYSTEME
030200200_,шт,2026-09-01,,,1.0,0.0,,,,0.0,insufficient_history,,decomposition,SYSTEME
030200201_,шт,2026-09-01,28503.74507742775,24514.085084726437,1.1627496999750189,0.0,2.0,0.0,24514.085084726437,0.0,forecast,,decomposition,SYSTEME
030200203_,шт,2026-09-01,4181.5171397611175,3863.8561389600436,1.0822134648332358,0.0,2.0,0.0,3863.8561389600436,0.0,forecast,,decomposition,SYSTEME
030200219_,шт,2026-09-01,3901.1346524171095,4135.658856937132,0.9432921784332783,0.0,2.0,0.0,4135.658856937132,0.0,forecast,unstable_trend_disabled,decomposition,SYSTEME
030200220_,шт,2026-09-01,1557.5699787647923,1546.6708381270917,1.0070468391651444,0.0,2.0,0.0,1546.6708381270917,0.0,forecast,,decomposition,SYSTEME
030200221_,шт,2026-09-01,872.9446527453421,1043.0567628589145,0.8369100166252582,0.0,2.0,0.0,1043.0567628589145,0.0,forecast,unstable_trend_disabled,decomposition,SYSTEME
030200222_,шт,2026-09-01,557.9334400278102,447.48307974288787,1.2468257802024252,0.0,2.0,0.0,447.48307974288787,0.0,forecast,unstable_trend_disabled,decomposition,SYSTEME
030200223_,шт,2026-09-01,959.216932625522,744.8223852096667,1.2878465412334559,0.0,2.0,0.0,744.8223852096667,0.0,forecast,unstable_trend_disabled,decomposition,SYSTEME
030200224_,шт,2026-09-01,2951.285897919086,2614.2212056953917,1.1289350310101374,0.0,2.0,0.0,2614.2212056953917,0.0,forecast,unstable_trend_disabled,decomposition,SYSTEME
030200225_,шт,2026-09-01,2507.381282174734,1782.9620108896167,1.4063010130673874,0.0,2.0,0.0,1782.9620108896167,0.0,forecast,,decomposition,SYSTEME
030200226_,шт,2026-09-01,47.544475943096764,46.97671160306273,1.0120860809677665,0.0,2.0,0.0,46.97671160306273,0.0,forecast,unstable_trend_disabled,decomposition,SYSTEME
030200227_,шт,2026-09-01,177.45873891736252,275.2654824175822,0.644682135074803,0.0,2.0,0.0,275.2654824175822,0.0,forecast,unstable_trend_disabled,decomposition,SYSTEME
030200239_,шт,2026-09-01,102.07142857142857,102.07142857142857,1.0,0.0,25.5,0.0,102.07142857142857,0.0,forecast,neutral_seasonality_insufficient_evidence;insufficient_recent_history;all_known_history_stale,decomposition,SYSTEME
030200240_,шт,2026-09-01,5.0,5.0,1.0,0.0,6.0,0.0,5.0,0.0,forecast,neutral_seasonality_insufficient_evidence;insufficient_recent_history;6_calendar_months,decomposition,SYSTEME
030200243_,шт,2026-09-01,69.0,69.0,1.0,0.0,1.0,0.0,69.0,0.0,forecast,neutral_seasonality_insufficient_evidence;insufficient_recent_history,decomposition,SYSTEME
030200244_,шт,2026-09-01,1.0,1.0,1.0,0.0,3.0,0.0,1.0,0.0,forecast,neutral_seasonality_insufficient_evidence;insufficient_recent_history,decomposition,SYSTEME
030200245_,шт,2026-09-01,3.0,3.0,1.0,0.0,2.5,0.0,3.0,0.0,forecast,neutral_seasonality_insufficient_evidence;insufficient_recent_history,decomposition,SYSTEME
030200246_,шт,2026-09-01,11.3,11.3,1.0,0.0,21.700000000000728,0.0,11.3,0.0,forecast,neutral_seasonality_insufficient_evidence;insufficient_recent_history;all_known_history_stale,decomposition,SYSTEME
030200247_,шт,2026-09-01,1.0,1.0,1.0,0.0,5.0,0.0,1.0,0.0,forecast,neutral_seasonality_insufficient_evidence;insufficient_recent_history;6_calendar_months,decomposition,SYSTEME
030200248_,шт,2026-09-01,4.0,4.0,1.0,0.0,4.5,0.0,4.0,0.0,forecast,neutral_seasonality_insufficient_evidence;insufficient_recent_history;6_calendar_months,decomposition,SYSTEME
030200249_,шт,2026-09-01,10.0,10.0,1.0,0.0,2.5,0.0,10.0,0.0,forecast,neutral_seasonality_insufficient_evidence;unstable_trend_disabled,decomposition,SYSTEME
030200250_,шт,2026-09-01,2.0,2.0,1.0,0.0,2.0,0.0,2.0,0.0,forecast,neutral_seasonality_insufficient_evidence;unstable_trend_disabled,decomposition,SYSTEME
030200251_,шт,2026-09-01,3.6666666666666665,3.6666666666666665,1.0,0.0,2.0,0.0,3.6666666666666665,0.0,forecast,neutral_seasonality_insufficient_evidence;unstable_trend_disabled,decomposition,SYSTEME
030200252_,шт,2026-09-01,2.0,2.0,1.0,0.0,1.0,0.0,2.0,0.0,forecast,neutral_seasonality_insufficient_evidence;insufficient_recent_history,decomposition,SYSTEME
030200253_,шт,2026-09-01,4.117647058823529,4.117647058823529,1.0,0.0,20.176470588234224,0.0,4.117647058823529,0.0,forecast,neutral_seasonality_insufficient_evidence;insufficient_recent_history;all_known_history_stale,decomposition,SYSTEME
030200254_,шт,2026-09-01,1.9,1.9,1.0,0.0,19.700000000000728,0.0,1.9,0.0,forecast,neutral_seasonality_insufficient_evidence;insufficient_recent_history;all_known_history_stale,decomposition,SYSTEME
030200256_,шт,2026-09-01,1.0,1.0,1.0,0.0,5.0,0.0,1.0,0.0,forecast,neutral_seasonality_insufficient_evidence;insufficient_recent_history;6_calendar_months,decomposition,SYSTEME
030200257_,шт,2026-09-01,44.111111111111114,44.111111111111114,1.0,0.0,21.444444444445253,0.0,44.111111111111114,0.0,forecast,neutral_seasonality_insufficient_evidence;insufficient_recent_history;all_known_history_stale,decomposition,SYSTEME
030200258_,шт,2026-09-01,10.375,10.375,1.0,0.0,18.875,0.0,10.375,0.0,forecast,neutral_seasonality_insufficient_evidence;insufficient_recent_history;all_known_history_stale,decomposition,SYSTEME
030200259_,шт,2026-09-01,22.294117647058822,22.294117647058822,1.0,0.0,21.58823529411893,0.0,22.294117647058822,0.0,forecast,neutral_seasonality_insufficient_evidence;insufficient_recent_history;all_known_history_stale,decomposition,SYSTEME
030200260_,шт,2026-09-01,29.692307692307693,29.692307692307693,1.0,0.0,22.923076923078042,0.0,29.692307692307693,0.0,forecast,neutral_seasonality_insufficient_evidence;insufficient_recent_history;all_known_history_stale,decomposition,SYSTEME
030200261_,шт,2026-09-01,1.0,1.0,1.0,0.0,26.0,0.0,1.0,0.0,forecast,neutral_seasonality_insufficient_evidence;insufficient_recent_history;all_known_history_stale,decomposition,SYSTEME
030200262_,шт,2026-09-01,1.8,1.8,1.0,0.0,25.599999999998545,0.0,1.8,0.0,forecast,neutral_seasonality_insufficient_evidence;insufficient_recent_history;all_known_history_stale,decomposition,SYSTEME
030200263_,шт,2026-09-01,4.066666666666666,4.066666666666666,1.0,0.0,22.266666666666424,0.0,4.066666666666666,0.0,forecast,neutral_seasonality_insufficient_evidence;insufficient_recent_history;all_known_history_stale,decomposition,SYSTEME
030200264_,шт,2026-09-01,,,1.0,0.0,,,,0.0,insufficient_history,,decomposition,SYSTEME
030200265_,шт,2026-09-01,3.6666666666666665,3.6666666666666665,1.0,0.0,23.888888888890506,0.0,3.6666666666666665,0.0,forecast,neutral_seasonality_insufficient_evidence;insufficient_recent_history;all_known_history_stale,decomposition,SYSTEME
030200266_,шт,2026-09-01,,,1.0,0.0,,,,0.0,insufficient_history,,decomposition,SYSTEME
030200292_,шт,2026-09-01,5.0,5.0,1.0,0.0,5.0,0.0,5.0,0.0,forecast,neutral_seasonality_insufficient_evidence;insufficient_recent_history;6_calendar_months,decomposition,SYSTEME
030200295_,шт,2026-09-01,,,1.0,0.0,,,,0.0,insufficient_history,,decomposition,SYSTEME
030200296_,шт,2026-09-01,,,1.0,0.0,,,,0.0,insufficient_history,,decomposition,SYSTEME
030200297_,шт,2026-09-01,,,1.0,0.0,,,,0.0,insufficient_history,,decomposition,SYSTEME
030200298_,шт,2026-09-01,,,1.0,0.0,,,,0.0,insufficient_history,,decomposition,SYSTEME
030200322_,шт,2026-09-01,,,1.0,0.0,,,,0.0,insufficient_history,,decomposition,SYSTEME
030200323_,шт,2026-09-01,,,1.0,0.0,,,,0.0,insufficient_history,,decomposition,SYSTEME
030200330_,шт,2026-09-01,,,1.0,0.0,,,,0.0,insufficient_history,,decomposition,SYSTEME
030200331_,шт,2026-09-01,,,1.0,0.0,,,,0.0,insufficient_history,,decomposition,SYSTEME
030200345,шт,2026-09-01,,,1.0,0.0,,,,0.0,insufficient_history,,decomposition,SYSTEME
030200372_,шт,2026-09-01,,,1.0,0.0,,,,0.0,insufficient_history,,decomposition,SYSTEME
030200375_,,2026-09-01,,,1.0,0.0,,,,0.0,insufficient_history,,decomposition,SYSTEME
030200379_,шт,2026-09-01,,,1.0,0.0,,,,0.0,insufficient_history,,decomposition,SYSTEME
030200381_,,2026-09-01,,,1.0,0.0,,,,0.0,insufficient_history,,decomposition,SYSTEME
030200382_,шт,2026-09-01,4.5,4.5,1.0,0.0,2.5,0.0,4.5,0.0,forecast,neutral_seasonality_insufficient_evidence;unstable_trend_disabled,decomposition,SYSTEME
030200399_,шт,2026-09-01,,,1.0,0.0,,,,0.0,insufficient_history,,decomposition,SYSTEME
030201459_,шт,2026-09-01,4903.333333333333,4903.333333333333,1.0,0.0,2.0,0.0,4903.333333333333,0.0,forecast,neutral_seasonality_insufficient_evidence;insufficient_recent_history,decomposition,SYSTEME
030300013_,шт,2026-09-01,58.0,58.0,1.0,0.0,20.578947368419904,0.0,58.0,0.0,forecast,neutral_seasonality_insufficient_evidence;insufficient_recent_history;all_known_history_stale,decomposition,SYSTEME
030300014_,шт,2026-09-01,111.7666621828678,106.57105491159194,1.0487525179851693,0.0,2.0,0.0,106.57105491159194,0.0,forecast,unstable_trend_disabled,decomposition,SYSTEME
030300078_,шт,2026-09-01,5.0,5.0,1.0,0.0,1.5,0.0,5.0,0.0,forecast,neutral_seasonality_insufficient_evidence;insufficient_recent_history,decomposition,SYSTEME
130300026_,шт,2026-09-01,460.83861719795243,418.4037870552194,1.1014207601737902,0.0,2.0,0.0,418.4037870552194,0.0,forecast,unstable_trend_disabled,decomposition,SYSTEME
130300027_,шт,2026-09-01,876.2291742518584,596.4083776377907,1.4691765023864365,0.0,2.0,0.0,596.4083776377907,0.0,forecast,unstable_trend_disabled,decomposition,SYSTEME
130300028_,шт,2026-09-01,261.0,261.0,1.0,0.0,1.5,0.0,261.0,0.0,forecast,neutral_seasonality_insufficient_evidence;unstable_trend_disabled,decomposition,SYSTEME
280300174_,шт,2026-09-01,1169.8971099394723,1008.4956731715483,1.1600417741608586,0.0,2.0,0.0,1008.4956731715483,0.0,forecast,unstable_trend_disabled,decomposition,SYSTEME
300100003_,шт,2026-09-01,5.625,5.625,1.0,0.0,23.125,0.0,5.625,0.0,forecast,neutral_seasonality_insufficient_evidence;insufficient_recent_history;all_known_history_stale,decomposition,SYSTEME
300100004_,шт,2026-09-01,,,1.0,0.0,,,,0.0,insufficient_history,,decomposition,SYSTEME
300100006_,шт,2026-09-01,2.6666666666666665,2.6666666666666665,1.0,0.0,22.222222222222626,0.0,2.6666666666666665,0.0,forecast,neutral_seasonality_insufficient_evidence;insufficient_recent_history;all_known_history_stale,decomposition,SYSTEME
300100012_,шт,2026-09-01,,,1.0,0.0,,,,0.0,insufficient_history,,decomposition,SYSTEME
300100015_,шт,2026-09-01,17.2,17.2,1.0,0.0,21.799999999999272,0.0,17.2,0.0,forecast,neutral_seasonality_insufficient_evidence;insufficient_recent_history;all_known_history_stale,decomposition,SYSTEME
300100018_,шт,2026-09-01,,,1.0,0.0,,,,0.0,insufficient_history,,decomposition,SYSTEME
300200283_,шт,2026-09-01,51.10777727101642,56.773539041866286,0.9002041819751313,0.0,2.0,0.0,56.773539041866286,0.0,forecast,unstable_trend_disabled,decomposition,SYSTEME
300200284_,шт,2026-09-01,50.27472451249615,51.97649604781489,0.9672588253399531,0.0,2.0,0.0,51.97649604781489,0.0,forecast,unstable_trend_disabled,decomposition,SYSTEME
300200285_,шт,2026-09-01,,,1.0,0.0,,,,0.0,insufficient_history,,decomposition,SYSTEME
300200286_,шт,2026-09-01,5394.203964673943,5074.32723301365,1.0630382545254808,0.0,2.0,0.0,5074.32723301365,0.0,forecast,unstable_trend_disabled,decomposition,SYSTEME
300200287_,шт,2026-09-01,3.0,3.0,1.0,0.0,1.5,0.0,3.0,0.0,forecast,neutral_seasonality_insufficient_evidence;insufficient_recent_history,decomposition,SYSTEME
300200288_,шт,2026-09-01,56.82590764317892,38.62589439647602,1.471186843206493,0.0,2.0,0.0,38.62589439647602,0.0,forecast,unstable_trend_disabled,decomposition,SYSTEME
300200289_,шт,2026-09-01,152.7953516934931,135.3851628762322,1.128597465537469,-0.0,2.0,-0.0,135.3851628762322,0.0,forecast,,decomposition,SYSTEME
300200290_,шт,2026-09-01,4.0,4.0,1.0,0.0,2.0,0.0,4.0,0.0,forecast,neutral_seasonality_insufficient_evidence;insufficient_recent_history,decomposition,SYSTEME
300200291_,шт,2026-09-01,37.58872410686978,36.11416550988522,1.0408304767994971,0.0,2.0,0.0,36.11416550988522,0.0,forecast,unstable_trend_disabled,decomposition,SYSTEME
300200292_,шт,2026-09-01,2.5,2.5,1.0,0.0,1.5,0.0,2.5,0.0,forecast,neutral_seasonality_insufficient_evidence;unstable_trend_disabled,decomposition,SYSTEME
300200293_,шт,2026-09-01,174.98487092762898,161.99332428524545,1.0801980371703923,0.0,2.0,0.0,161.99332428524545,0.0,forecast,,decomposition,SYSTEME
300200294_,шт,2026-09-01,32.975753889452946,27.485112791856878,1.1997678211901972,0.0,2.0,0.0,27.485112791856878,0.0,forecast,unstable_trend_disabled,decomposition,SYSTEME
300200295_,шт,2026-09-01,25.147835465487926,19.504111685206105,1.2893607189791982,0.0,2.0,0.0,19.504111685206105,0.0,forecast,unstable_trend_disabled,decomposition,SYSTEME
300200296_,шт,2026-09-01,545.5687799117352,557.7581019141439,0.9781458629456448,0.0,2.0,0.0,557.7581019141439,0.0,forecast,unstable_trend_disabled,decomposition,SYSTEME
300200297_,шт,2026-09-01,562.0367363898907,492.7912228724121,1.1405169376066726,0.0,2.0,0.0,492.7912228724121,0.0,forecast,unstable_trend_disabled,decomposition,SYSTEME
300200298_,шт,2026-09-01,1082.3697896024596,1057.9597183954627,1.023072779409804,0.0,2.0,0.0,1057.9597183954627,0.0,forecast,unstable_trend_disabled,decomposition,SYSTEME
300200299_,шт,2026-09-01,2.0,2.0,1.0,0.0,1.0,0.0,2.0,0.0,forecast,neutral_seasonality_insufficient_evidence;insufficient_recent_history,decomposition,SYSTEME
300200300_,шт,2026-09-01,2.0,2.0,1.0,0.0,2.0,0.0,2.0,0.0,forecast,neutral_seasonality_insufficient_evidence;insufficient_recent_history,decomposition,SYSTEME
300200301_,шт,2026-09-01,463.458078310111,433.2616301073188,1.0696956437045038,0.0,2.0,0.0,433.2616301073188,0.0,forecast,unstable_trend_disabled,decomposition,SYSTEME
300200302_,шт,2026-09-01,268.0242092672863,249.9502158423683,1.072310373343772,0.0,2.0,0.0,249.9502158423683,0.0,forecast,unstable_trend_disabled,decomposition,SYSTEME
300200303_,шт,2026-09-01,3675.7434858250435,3553.486817472142,1.0344047057531711,0.0,2.0,0.0,3553.486817472142,0.0,forecast,unstable_trend_disabled,decomposition,SYSTEME
300200304_,шт,2026-09-01,1348.0115629213196,1230.7234975889762,1.0953000942633453,0.0,2.0,0.0,1230.7234975889762,0.0,forecast,unstable_trend_disabled,decomposition,SYSTEME
300200305_,шт,2026-09-01,496.68096416554755,474.7178583356426,1.0462655984902431,0.0,2.0,0.0,474.7178583356426,0.0,forecast,unstable_trend_disabled,decomposition,SYSTEME
300200306_,шт,2026-09-01,212.2981824821658,178.73815854322572,1.1877608240594242,0.0,2.0,0.0,178.73815854322572,0.0,forecast,unstable_trend_disabled,decomposition,SYSTEME
300200307_,шт,2026-09-01,32.332227633354265,28.99308757219968,1.1151702126529068,0.0,2.0,0.0,28.99308757219968,0.0,forecast,unstable_trend_disabled,decomposition,SYSTEME
300200308_,шт,2026-09-01,34.99388388812494,26.305828282037112,1.330271129003775,0.0,2.0,0.0,26.305828282037112,0.0,forecast,unstable_trend_disabled,decomposition,SYSTEME
300200309_,шт,2026-09-01,7.001684177688958,8.916616932867326,0.7852399884848948,0.0,2.0,0.0,8.916616932867326,0.0,forecast,unstable_trend_disabled,decomposition,SYSTEME
300200310_,шт,2026-09-01,15.0,15.0,1.0,0.0,1.5,0.0,15.0,0.0,forecast,neutral_seasonality_insufficient_evidence;insufficient_recent_history,decomposition,SYSTEME
300200311_,шт,2026-09-01,78.24532568483947,76.62802586938034,1.0211058525534245,0.0,2.0,0.0,76.62802586938034,0.0,forecast,unstable_trend_disabled,decomposition,SYSTEME
300200312_,шт,2026-09-01,6.0,6.0,1.0,0.0,2.5,0.0,6.0,0.0,forecast,neutral_seasonality_insufficient_evidence;insufficient_recent_history,decomposition,SYSTEME
300200313_,шт,2026-09-01,34.49454789466793,35.14091537702425,0.9816064130538009,0.0,2.0,0.0,35.14091537702425,0.0,forecast,unstable_trend_disabled,decomposition,SYSTEME
300200314_,шт,2026-09-01,18.13716535265114,18.113911488913946,1.0012837571692579,0.0,2.0,0.0,18.113911488913946,0.0,forecast,unstable_trend_disabled,decomposition,SYSTEME
300200315_,шт,2026-09-01,6.0,6.0,1.0,0.0,3.0,0.0,6.0,0.0,forecast,neutral_seasonality_insufficient_evidence;insufficient_recent_history,decomposition,SYSTEME
300200316_,шт,2026-09-01,3.5,3.5,1.0,0.0,2.5,0.0,3.5,0.0,forecast,neutral_seasonality_insufficient_evidence;unstable_trend_disabled,decomposition,SYSTEME
300200317_,шт,2026-09-01,31.49412184725747,39.387980540114405,0.7995871180849831,0.0,2.0,0.0,39.387980540114405,0.0,forecast,unstable_trend_disabled,decomposition,SYSTEME
300200318_,шт,2026-09-01,58.648782393322506,47.5305778189645,1.233916882237478,0.0,2.0,0.0,47.5305778189645,0.0,forecast,unstable_trend_disabled,decomposition,SYSTEME
300200319_,шт,2026-09-01,424.49353431302404,373.10210059142855,1.1377409391159459,0.0,2.0,0.0,373.10210059142855,0.0,forecast,unstable_trend_disabled,decomposition,SYSTEME
300200320_,шт,2026-09-01,122.9510738322201,107.71875560215888,1.1414082268673733,0.0,2.0,0.0,107.71875560215888,0.0,forecast,unstable_trend_disabled,decomposition,SYSTEME
300200321_,шт,2026-09-01,24.346565090645388,21.274519491724458,1.1444002342857107,0.0,2.0,0.0,21.274519491724458,0.0,forecast,unstable_trend_disabled,decomposition,SYSTEME
300200322_,шт,2026-09-01,104.06333963100988,88.4547940080753,1.1764578822207152,0.0,2.0,0.0,88.4547940080753,0.0,forecast,unstable_trend_disabled,decomposition,SYSTEME
300200323_,шт,2026-09-01,507.6622166235705,513.442606545156,0.9887418966640099,0.0,2.0,0.0,513.442606545156,0.0,forecast,unstable_trend_disabled,decomposition,SYSTEME
300200324_,шт,2026-09-01,1054.0437293550933,934.3173092597258,1.1281432109935208,-0.0,2.0,-0.0,934.3173092597258,0.0,forecast,,decomposition,SYSTEME
300200325_,шт,2026-09-01,66.24374992505354,40.62267977069566,1.6307085179752314,0.0,2.0,0.0,40.62267977069566,0.0,forecast,unstable_trend_disabled,decomposition,SYSTEME
300200326_,шт,2026-09-01,490.63289327345615,419.3553371928908,1.169969354766504,0.0,2.0,0.0,419.3553371928908,0.0,forecast,,decomposition,SYSTEME
300200327_,шт,2026-09-01,70.51394393017466,37.32406728146956,1.8892352593411763,0.0,2.0,0.0,37.32406728146956,0.0,forecast,unstable_trend_disabled,decomposition,SYSTEME
300200328_,шт,2026-09-01,317.45955091775147,277.7144260104658,1.1431150894040625,0.0,2.0,0.0,277.7144260104658,0.0,forecast,,decomposition,SYSTEME
300200330_,шт,2026-09-01,1.5,1.5,1.0,0.0,2.0,0.0,1.5,0.0,forecast,neutral_seasonality_insufficient_evidence;unstable_trend_disabled,decomposition,SYSTEME
300200331_,шт,2026-09-01,1312.5025506529848,1115.1049590456257,1.1770215350636624,0.0,2.0,0.0,1115.1049590456257,0.0,forecast,unstable_trend_disabled,decomposition,SYSTEME
300200332_,шт,2026-09-01,624.3135013803379,492.48800869887276,1.2676724922292852,0.0,2.0,0.0,492.48800869887276,0.0,forecast,unstable_trend_disabled,decomposition,SYSTEME
300200333_,шт,2026-09-01,653.1707160921213,579.3395471633581,1.1274402365422238,0.0,2.0,0.0,579.3395471633581,0.0,forecast,unstable_trend_disabled,decomposition,SYSTEME
300200335_,,2026-09-01,,,1.0,0.0,,,,0.0,insufficient_history,,decomposition,SYSTEME
300200343_,шт,2026-09-01,1521.4038913836384,1322.6268861342846,1.1502895543204406,0.0,2.0,0.0,1322.6268861342846,0.0,forecast,unstable_trend_disabled,decomposition,SYSTEME
300200346_,шт,2026-09-01,20.5,20.5,1.0,0.0,5.5,0.0,20.5,0.0,forecast,neutral_seasonality_insufficient_evidence;insufficient_recent_history;6_calendar_months,decomposition,SYSTEME
300200347_,шт,2026-09-01,19.333333333333332,19.333333333333332,1.0,0.0,2.0,0.0,19.333333333333332,0.0,forecast,neutral_seasonality_insufficient_evidence;unstable_trend_disabled,decomposition,SYSTEME
300200348_,шт,2026-09-01,2.3333333333333335,2.3333333333333335,1.0,0.0,2.0,0.0,2.3333333333333335,0.0,forecast,neutral_seasonality_insufficient_evidence,decomposition,SYSTEME
300200350_,шт,2026-09-01,7.538461538461538,7.538461538461538,1.0,0.0,20.846153846152447,0.0,7.538461538461538,0.0,forecast,neutral_seasonality_insufficient_evidence;insufficient_recent_history;all_known_history_stale,decomposition,SYSTEME
300200351_,шт,2026-09-01,,,1.0,0.0,,,,0.0,insufficient_history,,decomposition,SYSTEME
300200352_,шт,2026-09-01,,,1.0,0.0,,,,0.0,insufficient_history,,decomposition,SYSTEME
300200362_,,2026-09-01,,,1.0,0.0,,,,0.0,insufficient_history,,decomposition,SYSTEME
300200363_,шт,2026-09-01,2.0,2.0,1.0,0.0,2.0,0.0,2.0,0.0,forecast,neutral_seasonality_insufficient_evidence;insufficient_recent_history,decomposition,SYSTEME
300200364_,шт,2026-09-01,29.0,29.0,1.0,0.0,5.0,0.0,29.0,0.0,forecast,neutral_seasonality_insufficient_evidence;insufficient_recent_history;6_calendar_months,decomposition,SYSTEME
300200365_,шт,2026-09-01,188.28599286784677,206.52587242810878,0.9116823507591705,0.0,2.0,0.0,206.52587242810878,0.0,forecast,unstable_trend_disabled,decomposition,SYSTEME
300200366_,шт,2026-09-01,25.0,25.0,1.0,0.0,2.5,0.0,25.0,0.0,forecast,neutral_seasonality_insufficient_evidence;insufficient_recent_history,decomposition,SYSTEME
300200367_,шт,2026-09-01,6.0,6.0,1.0,0.0,2.0,0.0,6.0,0.0,forecast,neutral_seasonality_insufficient_evidence;insufficient_recent_history,decomposition,SYSTEME
300200368_,шт,2026-09-01,2.0,2.0,1.0,0.0,2.0,0.0,2.0,0.0,forecast,neutral_seasonality_insufficient_evidence;unstable_trend_disabled,decomposition,SYSTEME
300200369_,,2026-09-01,,,1.0,0.0,,,,0.0,insufficient_history,,decomposition,SYSTEME
300200370_,шт,2026-09-01,2.0,2.0,1.0,0.0,1.0,0.0,2.0,0.0,forecast,neutral_seasonality_insufficient_evidence;insufficient_recent_history,decomposition,SYSTEME
300200371_,шт,2026-09-01,21.666666666666668,21.666666666666668,1.0,0.0,2.0,0.0,21.666666666666668,0.0,forecast,neutral_seasonality_insufficient_evidence;unstable_trend_disabled,decomposition,SYSTEME
300200372_,шт,2026-09-01,15.0,15.0,1.0,0.0,2.0,0.0,15.0,0.0,forecast,neutral_seasonality_insufficient_evidence;unstable_trend_disabled,decomposition,SYSTEME
300200373_,шт,2026-09-01,29.5,29.5,1.0,0.0,2.5,0.0,29.5,0.0,forecast,neutral_seasonality_insufficient_evidence;unstable_trend_disabled,decomposition,SYSTEME
300200374_,шт,2026-09-01,26.5,26.5,1.0,0.0,1.5,0.0,26.5,0.0,forecast,neutral_seasonality_insufficient_evidence;unstable_trend_disabled,decomposition,SYSTEME
300200375_,шт,2026-09-01,30.94842956094393,26.968507840544234,1.1475766380524886,0.0,2.0,0.0,26.968507840544234,0.0,forecast,unstable_trend_disabled,decomposition,SYSTEME
300200376_,шт,2026-09-01,139.96370506887274,122.04405094883681,1.1468293946384014,0.0,2.0,0.0,122.04405094883681,0.0,forecast,unstable_trend_disabled,decomposition,SYSTEME
300200377_,шт,2026-09-01,50.74371447795739,47.64433897486024,1.0650523350682344,0.0,2.0,0.0,47.64433897486024,0.0,forecast,unstable_trend_disabled,decomposition,SYSTEME
300200378_,шт,2026-09-01,11.190407991087595,13.101725426424847,0.8541171202166762,0.0,2.0,0.0,13.101725426424847,0.0,forecast,unstable_trend_disabled,decomposition,SYSTEME
300200379_,шт,2026-09-01,5.05281301561951,4.864095195862931,1.0387981345260449,-0.0,2.0,-0.0,4.864095195862931,0.0,forecast,,decomposition,SYSTEME
300200380_,шт,2026-09-01,1.0,1.0,1.0,0.0,2.0,0.0,1.0,0.0,forecast,neutral_seasonality_insufficient_evidence;insufficient_recent_history,decomposition,SYSTEME
300200404_,шт,2026-09-01,,,1.0,0.0,,,,0.0,insufficient_history,,decomposition,SYSTEME
300200410_,шт,2026-09-01,,,1.0,0.0,,,,0.0,insufficient_history,,decomposition,SYSTEME
300200412_,шт,2026-09-01,,,1.0,0.0,,,,0.0,insufficient_history,,decomposition,SYSTEME
300200413_,шт,2026-09-01,18.97251750242968,13.365873100423903,1.4194746096929474,0.0,2.0,0.0,13.365873100423903,0.0,forecast,unstable_trend_disabled,decomposition,SYSTEME
300200417_,шт,2026-09-01,,,1.0,0.0,,,,0.0,insufficient_history,,decomposition,SYSTEME
300200418_,шт,2026-09-01,7.0,7.0,1.0,0.0,18.0909090909081,0.0,7.0,0.0,forecast,neutral_seasonality_insufficient_evidence;insufficient_recent_history;all_known_history_stale,decomposition,SYSTEME
300200419_,шт,2026-09-01,,,1.0,0.0,,,,0.0,insufficient_history,,decomposition,SYSTEME
300200420_,шт,2026-09-01,20.0,20.0,1.0,0.0,3.0,0.0,20.0,0.0,forecast,neutral_seasonality_insufficient_evidence;insufficient_recent_history,decomposition,SYSTEME
300200421_,шт,2026-09-01,9.0,9.0,1.0,0.0,3.0,0.0,9.0,0.0,forecast,neutral_seasonality_insufficient_evidence;unstable_trend_disabled,decomposition,SYSTEME
300200422_,шт,2026-09-01,12.0,12.0,1.0,0.0,2.5,0.0,12.0,0.0,forecast,neutral_seasonality_insufficient_evidence;insufficient_recent_history,decomposition,SYSTEME
300200423_,шт,2026-09-01,,,1.0,0.0,,,,0.0,insufficient_history,,decomposition,SYSTEME
300200424_,шт,2026-09-01,1.0,1.0,1.0,0.0,4.5,0.0,1.0,0.0,forecast,neutral_seasonality_insufficient_evidence;insufficient_recent_history;6_calendar_months,decomposition,SYSTEME
300200425_,шт,2026-09-01,1.0,1.0,1.0,0.0,5.0,0.0,1.0,0.0,forecast,neutral_seasonality_insufficient_evidence;insufficient_recent_history;6_calendar_months,decomposition,SYSTEME
300200426_,шт,2026-09-01,2.6666666666666665,2.6666666666666665,1.0,0.0,22.66666666666788,0.0,2.6666666666666665,0.0,forecast,neutral_seasonality_insufficient_evidence;insufficient_recent_history;all_known_history_stale,decomposition,SYSTEME
300200427_,,2026-09-01,,,1.0,0.0,,,,0.0,insufficient_history,,decomposition,SYSTEME
300200428_,шт,2026-09-01,255.33038112436776,196.3049381720563,1.3006824153378005,-0.0,2.0,-0.0,196.3049381720563,0.0,forecast,,decomposition,SYSTEME
300200429_,шт,2026-09-01,19.5,19.5,1.0,0.0,2.5,0.0,19.5,0.0,forecast,neutral_seasonality_insufficient_evidence;unstable_trend_disabled,decomposition,SYSTEME
300200430_,шт,2026-09-01,27.0,27.0,1.0,0.0,2.0,0.0,27.0,0.0,forecast,neutral_seasonality_insufficient_evidence;unstable_trend_disabled,decomposition,SYSTEME
300200431_,шт,2026-09-01,14.333333333333334,14.333333333333334,1.0,0.0,2.0,0.0,14.333333333333334,0.0,forecast,neutral_seasonality_insufficient_evidence;unstable_trend_disabled,decomposition,SYSTEME
300200432_,шт,2026-09-01,11.333333333333334,11.333333333333334,1.0,0.0,2.0,0.0,11.333333333333334,0.0,forecast,neutral_seasonality_insufficient_evidence;unstable_trend_disabled,decomposition,SYSTEME
300200433_,шт,2026-09-01,3.114725740021857,2.42162197750797,1.2862146812968482,-0.0,2.0,-0.0,2.42162197750797,0.0,forecast,,decomposition,SYSTEME
300200434_,шт,2026-09-01,14.0,14.0,1.0,0.0,3.0,0.0,14.0,0.0,forecast,neutral_seasonality_insufficient_evidence;insufficient_recent_history,decomposition,SYSTEME
300200435_,шт,2026-09-01,111.91550739348042,90.12928221740242,1.241721942526149,0.0,2.0,0.0,90.12928221740242,0.0,forecast,unstable_trend_disabled,decomposition,SYSTEME
300200436_,шт,2026-09-01,18.051205475182638,19.23799645671276,0.9383100530140698,0.0,2.5,0.0,19.23799645671276,0.0,forecast,unstable_trend_disabled,decomposition,SYSTEME
300200437_,шт,2026-09-01,54.483676682751316,40.91997713743293,1.331468893537346,-0.0,2.0,-0.0,40.91997713743293,0.0,forecast,,decomposition,SYSTEME
300200438_,шт,2026-09-01,26.68302248576449,20.36347374872781,1.3103374608387475,-0.0,2.0,-0.0,20.36347374872781,0.0,forecast,,decomposition,SYSTEME
300200439_,шт,2026-09-01,7.333333333333333,7.333333333333333,1.0,0.0,2.0,0.0,7.333333333333333,0.0,forecast,neutral_seasonality_insufficient_evidence;unstable_trend_disabled,decomposition,SYSTEME
300200440_,шт,2026-09-01,19.0,19.0,1.0,0.0,2.5,0.0,19.0,0.0,forecast,neutral_seasonality_insufficient_evidence;unstable_trend_disabled,decomposition,SYSTEME
300200441_,шт,2026-09-01,1.5,1.5,1.0,0.0,2.0,0.0,1.5,0.0,forecast,neutral_seasonality_insufficient_evidence;insufficient_recent_history,decomposition,SYSTEME
300200442_,шт,2026-09-01,,,1.0,0.0,,,,0.0,insufficient_history,,decomposition,SYSTEME
300200443_,шт,2026-09-01,39.0,39.0,1.0,0.0,5.0,0.0,39.0,0.0,forecast,neutral_seasonality_insufficient_evidence;insufficient_recent_history;6_calendar_months,decomposition,SYSTEME
300200444_,шт,2026-09-01,10.0,10.0,1.0,0.0,5.0,0.0,10.0,0.0,forecast,neutral_seasonality_insufficient_evidence;insufficient_recent_history;6_calendar_months,decomposition,SYSTEME
300200445_,шт,2026-09-01,2.0,2.0,1.0,0.0,2.5,0.0,2.0,0.0,forecast,neutral_seasonality_insufficient_evidence;insufficient_recent_history,decomposition,SYSTEME
300200446_,шт,2026-09-01,4.0,4.0,1.0,0.0,3.0,0.0,4.0,0.0,forecast,neutral_seasonality_insufficient_evidence;insufficient_recent_history,decomposition,SYSTEME
300200447_,шт,2026-09-01,,,1.0,0.0,,,,0.0,insufficient_history,,decomposition,SYSTEME
300200448_,шт,2026-09-01,1.0,1.0,1.0,0.0,3.0,0.0,1.0,0.0,forecast,neutral_seasonality_insufficient_evidence;insufficient_recent_history,decomposition,SYSTEME
300200449_,шт,2026-09-01,4.0,4.0,1.0,0.0,3.0,0.0,4.0,0.0,forecast,neutral_seasonality_insufficient_evidence;insufficient_recent_history,decomposition,SYSTEME
300200450_,шт,2026-09-01,1.0,1.0,1.0,0.0,5.0,0.0,1.0,0.0,forecast,neutral_seasonality_insufficient_evidence;insufficient_recent_history;6_calendar_months,decomposition,SYSTEME
300200451_,шт,2026-09-01,6.4,6.4,1.0,0.0,23.400000000001455,0.0,6.4,0.0,forecast,neutral_seasonality_insufficient_evidence;insufficient_recent_history;all_known_history_stale,decomposition,SYSTEME
300200452_,шт,2026-09-01,1.0,1.0,1.0,0.0,3.0,0.0,1.0,0.0,forecast,neutral_seasonality_insufficient_evidence;insufficient_recent_history,decomposition,SYSTEME
300200454_,шт,2026-09-01,,,1.0,0.0,,,,0.0,insufficient_history,,decomposition,SYSTEME
300200456_,шт,2026-09-01,,,1.0,0.0,,,,0.0,insufficient_history,,decomposition,SYSTEME
300200458_,шт,2026-09-01,,,1.0,0.0,,,,0.0,insufficient_history,,decomposition,SYSTEME
300200459_,шт,2026-09-01,42.50994921887636,34.05388619957437,1.2483141856334645,-0.0,2.0,-0.0,34.05388619957437,0.0,forecast,,decomposition,SYSTEME
300200460_,шт,2026-09-01,39.324311786217464,28.86156486289509,1.3625148869447983,-0.0,2.0,-0.0,28.86156486289509,0.0,forecast,,decomposition,SYSTEME
300200461_,шт,2026-09-01,22.732361592535508,18.091834099874628,1.2564984548854026,-0.0,2.0,-0.0,18.091834099874628,0.0,forecast,,decomposition,SYSTEME
300200462_,шт,2026-09-01,59.2095379494725,50.84868926374162,1.1644260413943983,-0.0,2.0,-0.0,50.84868926374162,0.0,forecast,,decomposition,SYSTEME
300200463_,шт,2026-09-01,660.7043830239867,649.3307021296484,1.0175160066465905,0.0,2.0,0.0,649.3307021296484,0.0,forecast,unstable_trend_disabled,decomposition,SYSTEME
300200464_,шт,2026-09-01,410.9847361581803,340.26651786923685,1.2078318452599563,-0.0,2.0,-0.0,340.26651786923685,0.0,forecast,,decomposition,SYSTEME
300200465_,шт,2026-09-01,170.57378470265343,166.27290193341318,1.0258664082916085,-0.0,2.0,-0.0,166.27290193341318,0.0,forecast,,decomposition,SYSTEME
300200466_,шт,2026-09-01,155.98602989799863,127.41589492544249,1.224227401057568,0.0,2.0,0.0,127.41589492544249,0.0,forecast,unstable_trend_disabled,decomposition,SYSTEME
300200467_,шт,2026-09-01,20.736356169170293,22.67270638633147,0.9145955412571068,0.0,2.0,0.0,22.67270638633147,0.0,forecast,,decomposition,SYSTEME
300200468_,шт,2026-09-01,68.42048435146768,60.28788017316261,1.1348961707551517,0.0,2.0,0.0,60.28788017316261,0.0,forecast,unstable_trend_disabled,decomposition,SYSTEME
300200469_,шт,2026-09-01,,,1.0,0.0,,,,0.0,insufficient_history,,decomposition,SYSTEME
300200470_,шт,2026-09-01,7.636363636363637,7.636363636363637,1.0,0.0,21.363636363636033,0.0,7.636363636363637,0.0,forecast,neutral_seasonality_insufficient_evidence;insufficient_recent_history;all_known_history_stale,decomposition,SYSTEME
300200471_,шт,2026-09-01,9.28683931439651,10.744865702517355,0.8643048290701993,0.0,1.5,0.0,10.744865702517355,0.0,forecast,unstable_trend_disabled,decomposition,SYSTEME
300200472_,шт,2026-09-01,54.8350074897369,62.556320162204855,0.8765702226018564,0.0,2.0,0.0,62.556320162204855,0.0,forecast,unstable_trend_disabled,decomposition,SYSTEME
300200473_,шт,2026-09-01,2.6666666666666665,2.6666666666666665,1.0,0.0,21.66666666666788,0.0,2.6666666666666665,0.0,forecast,neutral_seasonality_insufficient_evidence;insufficient_recent_history;all_known_history_stale,decomposition,SYSTEME
300200474_,,2026-09-01,,,1.0,0.0,,,,0.0,insufficient_history,,decomposition,SYSTEME
300200495_,шт,2026-09-01,,,1.0,0.0,,,,0.0,insufficient_history,,decomposition,SYSTEME
300200496_,шт,2026-09-01,25.333333333333332,25.333333333333332,1.0,0.0,2.0,0.0,25.333333333333332,0.0,forecast,neutral_seasonality_insufficient_evidence;unstable_trend_disabled,decomposition,SYSTEME
300200497_,шт,2026-09-01,,,1.0,0.0,,,,0.0,insufficient_history,,decomposition,SYSTEME
300200498_,шт,2026-09-01,123.44173035094599,106.8499239285281,1.155281406035592,0.0,2.0,0.0,106.8499239285281,0.0,forecast,unstable_trend_disabled,decomposition,SYSTEME
300200511_,шт,2026-09-01,4.0,4.0,1.0,0.0,1.0,0.0,4.0,0.0,forecast,neutral_seasonality_insufficient_evidence;insufficient_recent_history,decomposition,SYSTEME
300200515_,шт,2026-09-01,94.23407176377773,86.95232895423317,1.0837440802002816,-0.0,2.0,-0.0,86.95232895423317,0.0,forecast,,decomposition,SYSTEME
300200516_,шт,2026-09-01,35.086863406976946,35.292104450574406,0.9941845053789611,0.0,2.0,0.0,35.292104450574406,0.0,forecast,unstable_trend_disabled,decomposition,SYSTEME
300200517_,шт,2026-09-01,7.857142857142857,7.857142857142857,1.0,0.0,20.714285714286234,0.0,7.857142857142857,0.0,forecast,neutral_seasonality_insufficient_evidence;insufficient_recent_history;all_known_history_stale,decomposition,SYSTEME
300200518_,шт,2026-09-01,16.666666666666668,16.666666666666668,1.0,0.0,2.0,0.0,16.666666666666668,0.0,forecast,neutral_seasonality_insufficient_evidence;unstable_trend_disabled,decomposition,SYSTEME
300200519_,шт,2026-09-01,45.529495950739886,43.40942414942173,1.0488389754727119,-0.0,2.0,-0.0,43.40942414942173,0.0,forecast,,decomposition,SYSTEME
300200520_,шт,2026-09-01,121.64045945514003,76.58012959146905,1.5884075948167455,0.0,2.0,0.0,76.58012959146905,0.0,forecast,unstable_trend_disabled,decomposition,SYSTEME
300200521_,шт,2026-09-01,7.0,7.0,1.0,0.0,2.5,0.0,7.0,0.0,forecast,neutral_seasonality_insufficient_evidence;unstable_trend_disabled,decomposition,SYSTEME
300200522_,шт,2026-09-01,,,1.0,0.0,,,,0.0,insufficient_history,,decomposition,SYSTEME
300200523_,шт,2026-09-01,6.886520402031774,5.861572440121829,1.1748588748804478,-0.0,2.0,-0.0,5.861572440121829,0.0,forecast,,decomposition,SYSTEME
300200524_,шт,2026-09-01,3.0,3.0,1.0,0.0,1.0,0.0,3.0,0.0,forecast,neutral_seasonality_insufficient_evidence;insufficient_recent_history,decomposition,SYSTEME
300200525_,шт,2026-09-01,1.5,1.5,1.0,0.0,2.0,0.0,1.5,0.0,forecast,neutral_seasonality_insufficient_evidence;insufficient_recent_history,decomposition,SYSTEME
300200526_,шт,2026-09-01,19.493715130369804,9.466619323865887,2.0592055583374984,-0.0,2.0,-0.0,9.466619323865887,0.0,forecast,,decomposition,SYSTEME
300200527_,шт,2026-09-01,3.0,3.0,1.0,0.0,1.5,0.0,3.0,0.0,forecast,neutral_seasonality_insufficient_evidence;unstable_trend_disabled,decomposition,SYSTEME
300200528_,,2026-09-01,,,1.0,0.0,,,,0.0,insufficient_history,,decomposition,SYSTEME
300200529_,шт,2026-09-01,1.0,1.0,1.0,0.0,6.0,0.0,1.0,0.0,forecast,neutral_seasonality_insufficient_evidence;insufficient_recent_history;6_calendar_months,decomposition,SYSTEME
300200530_,шт,2026-09-01,5.0,5.0,1.0,0.0,2.0,0.0,5.0,0.0,forecast,neutral_seasonality_insufficient_evidence;insufficient_recent_history,decomposition,SYSTEME
300200531_,шт,2026-09-01,2.0,2.0,1.0,-0.0,2.0,-0.0,2.0,0.0,forecast,neutral_seasonality_insufficient_evidence,decomposition,SYSTEME
300200532_,шт,2026-09-01,1.0,1.0,1.0,0.0,1.5,0.0,1.0,0.0,forecast,neutral_seasonality_insufficient_evidence;insufficient_recent_history,decomposition,SYSTEME
300200533_,шт,2026-09-01,1.0,1.0,1.0,0.0,2.0,0.0,1.0,0.0,forecast,neutral_seasonality_insufficient_evidence;insufficient_recent_history,decomposition,SYSTEME
300200534_,шт,2026-09-01,3.0,3.0,1.0,0.0,1.0,0.0,3.0,0.0,forecast,neutral_seasonality_insufficient_evidence;insufficient_recent_history,decomposition,SYSTEME
300200535_,шт,2026-09-01,4.75,4.75,1.0,0.0,19.5,0.0,4.75,0.0,forecast,neutral_seasonality_insufficient_evidence;insufficient_recent_history;all_known_history_stale,decomposition,SYSTEME
300200536_,шт,2026-09-01,77.37261581779369,58.19800689003281,1.329471917551953,0.0,2.0,0.0,58.19800689003281,0.0,forecast,unstable_trend_disabled,decomposition,SYSTEME
300200537_,шт,2026-09-01,23.832203916569007,21.673004990883044,1.0996261905810594,-0.0,2.0,-0.0,21.673004990883044,0.0,forecast,,decomposition,SYSTEME
300200538_,шт,2026-09-01,10.747771267820156,8.976556343812026,1.1973156359932073,0.0,2.0,0.0,8.976556343812026,0.0,forecast,unstable_trend_disabled,decomposition,SYSTEME
300200539_,шт,2026-09-01,10.78930391967057,6.870456887545842,1.570391037491039,0.0,1.5,0.0,6.870456887545842,0.0,forecast,unstable_trend_disabled,decomposition,SYSTEME
300200540_,шт,2026-09-01,2.5,2.5,1.0,0.0,1.5,0.0,2.5,0.0,forecast,neutral_seasonality_insufficient_evidence;insufficient_recent_history,decomposition,SYSTEME
300200541_,шт,2026-09-01,1.0,1.0,1.0,0.0,2.0,0.0,1.0,0.0,forecast,neutral_seasonality_insufficient_evidence;insufficient_recent_history,decomposition,SYSTEME
300200542_,шт,2026-09-01,646.7585823249009,626.5203154366383,1.0323026506716835,0.0,2.0,0.0,626.5203154366383,0.0,forecast,unstable_trend_disabled,decomposition,SYSTEME
300200543_,шт,2026-09-01,64.27782904762815,62.4636308039857,1.0290440728515367,0.0,2.0,0.0,62.4636308039857,0.0,forecast,unstable_trend_disabled,decomposition,SYSTEME
300200544_,шт,2026-09-01,12.0,12.0,1.0,0.0,2.5,0.0,12.0,0.0,forecast,neutral_seasonality_insufficient_evidence;insufficient_recent_history,decomposition,SYSTEME
300200545_,шт,2026-09-01,17.176404527832663,20.955395993116387,0.8196649938505061,0.0,2.0,0.0,20.955395993116387,0.0,forecast,unstable_trend_disabled,decomposition,SYSTEME
300200546_,шт,2026-09-01,2.5,2.5,1.0,0.0,2.5,0.0,2.5,0.0,forecast,neutral_seasonality_insufficient_evidence;insufficient_recent_history,decomposition,SYSTEME
300200547_,шт,2026-09-01,12.328267002906728,9.272871723630766,1.3294982795340158,0.0,2.0,0.0,9.272871723630766,0.0,forecast,unstable_trend_disabled,decomposition,SYSTEME
300200548_,шт,2026-09-01,25.84170598342984,26.0853179478291,0.9906609547605865,0.0,2.0,0.0,26.0853179478291,0.0,forecast,unstable_trend_disabled,decomposition,SYSTEME
300200549_,шт,2026-09-01,23.080387478606863,24.75741384703538,0.9322616498318407,0.0,2.0,0.0,24.75741384703538,0.0,forecast,unstable_trend_disabled,decomposition,SYSTEME
300200550_,шт,2026-09-01,2.0,2.0,1.0,0.0,2.0,0.0,2.0,0.0,forecast,neutral_seasonality_insufficient_evidence;insufficient_recent_history,decomposition,SYSTEME
300200551_,шт,2026-09-01,5.0,5.0,1.0,0.0,2.0,0.0,5.0,0.0,forecast,neutral_seasonality_insufficient_evidence;unstable_trend_disabled,decomposition,SYSTEME
300200552_,шт,2026-09-01,24.666666666666668,24.666666666666668,1.0,0.0,2.0,0.0,24.666666666666668,0.0,forecast,neutral_seasonality_insufficient_evidence,decomposition,SYSTEME
300200553_,шт,2026-09-01,42.886978166067834,41.09304699353569,1.0436553457039666,0.0,2.0,0.0,41.09304699353569,0.0,forecast,,decomposition,SYSTEME
300200554_,шт,2026-09-01,2.5,2.5,1.0,0.0,2.0,0.0,2.5,0.0,forecast,neutral_seasonality_insufficient_evidence;insufficient_recent_history,decomposition,SYSTEME
300200555_,шт,2026-09-01,21.5,21.5,1.0,0.0,2.0,0.0,21.5,0.0,forecast,neutral_seasonality_insufficient_evidence,decomposition,SYSTEME
300200556_,шт,2026-09-01,3.5867422741838597,3.8003299097638585,0.9437976068784854,0.0,2.0,0.0,3.8003299097638585,0.0,forecast,unstable_trend_disabled,decomposition,SYSTEME
300200557_,шт,2026-09-01,1.5,1.5,1.0,0.0,4.5,0.0,1.5,0.0,forecast,neutral_seasonality_insufficient_evidence;insufficient_recent_history;6_calendar_months,decomposition,SYSTEME
300200558_,шт,2026-09-01,346.4050713151636,339.5647806635921,1.0201442877503488,0.0,2.0,0.0,339.5647806635921,0.0,forecast,unstable_trend_disabled,decomposition,SYSTEME
300200559_,шт,2026-09-01,203.49910777070028,179.09186749715104,1.1362833534243955,0.0,2.0,0.0,179.09186749715104,0.0,forecast,unstable_trend_disabled,decomposition,SYSTEME
300200560_,шт,2026-09-01,73.60048197778399,61.52716574658405,1.196227407596298,0.0,2.0,0.0,61.52716574658405,0.0,forecast,unstable_trend_disabled,decomposition,SYSTEME
300200561_,шт,2026-09-01,27.260855470266293,20.769570733900466,1.3125382233235392,0.0,2.0,0.0,20.769570733900466,0.0,forecast,unstable_trend_disabled,decomposition,SYSTEME
300200562_,шт,2026-09-01,4.0,4.0,1.0,0.0,2.0,0.0,4.0,0.0,forecast,neutral_seasonality_insufficient_evidence;unstable_trend_disabled,decomposition,SYSTEME
300200563_,шт,2026-09-01,34.925714279760065,36.106702936600804,0.9672917059496012,0.0,2.0,0.0,36.106702936600804,0.0,forecast,unstable_trend_disabled,decomposition,SYSTEME
300200564_,шт,2026-09-01,64.5313235550032,59.40724306877937,1.0862534637450079,0.0,2.0,0.0,59.40724306877937,0.0,forecast,unstable_trend_disabled,decomposition,SYSTEME
300200565_,шт,2026-09-01,13.333333333333334,13.333333333333334,1.0,0.0,2.0,0.0,13.333333333333334,0.0,forecast,neutral_seasonality_insufficient_evidence;unstable_trend_disabled,decomposition,SYSTEME
300200566_,шт,2026-09-01,5.636363636363637,5.636363636363637,1.0,0.0,25.54545454545587,0.0,5.636363636363637,0.0,forecast,neutral_seasonality_insufficient_evidence;insufficient_recent_history;all_known_history_stale,decomposition,SYSTEME
300200567_,шт,2026-09-01,8.0,8.0,1.0,0.0,1.5,0.0,8.0,0.0,forecast,neutral_seasonality_insufficient_evidence;unstable_trend_disabled,decomposition,SYSTEME
300200568_,шт,2026-09-01,7.25,7.25,1.0,0.0,25.0,0.0,7.25,0.0,forecast,neutral_seasonality_insufficient_evidence;insufficient_recent_history;all_known_history_stale,decomposition,SYSTEME
300200569_,шт,2026-09-01,2.0,2.0,1.0,0.0,2.0,0.0,2.0,0.0,forecast,neutral_seasonality_insufficient_evidence;insufficient_recent_history,decomposition,SYSTEME
300200570_,шт,2026-09-01,1.5,1.5,1.0,0.0,2.0,0.0,1.5,0.0,forecast,neutral_seasonality_insufficient_evidence;unstable_trend_disabled,decomposition,SYSTEME
300200571_,шт,2026-09-01,7.0,7.0,1.0,0.0,2.0,0.0,7.0,0.0,forecast,neutral_seasonality_insufficient_evidence;insufficient_recent_history,decomposition,SYSTEME
300200572_,шт,2026-09-01,,,1.0,0.0,,,,0.0,insufficient_history,,decomposition,SYSTEME
300200573_,шт,2026-09-01,1.0,1.0,1.0,0.0,1.0,0.0,1.0,0.0,forecast,neutral_seasonality_insufficient_evidence;insufficient_recent_history,decomposition,SYSTEME
300200574_,шт,2026-09-01,5.0,5.0,1.0,0.0,1.0,0.0,5.0,0.0,forecast,neutral_seasonality_insufficient_evidence;insufficient_recent_history,decomposition,SYSTEME
300200575_,шт,2026-09-01,5.0,5.0,1.0,0.0,3.0,0.0,5.0,0.0,forecast,neutral_seasonality_insufficient_evidence;unstable_trend_disabled,decomposition,SYSTEME
300200576_,шт,2026-09-01,20.0,20.0,1.0,0.0,2.0,0.0,20.0,0.0,forecast,neutral_seasonality_insufficient_evidence;unstable_trend_disabled,decomposition,SYSTEME
300200577_,шт,2026-09-01,3.6363636363636362,3.6363636363636362,1.0,0.0,22.9090909090919,0.0,3.6363636363636362,0.0,forecast,neutral_seasonality_insufficient_evidence;insufficient_recent_history;all_known_history_stale,decomposition,SYSTEME
300200578_,,2026-09-01,,,1.0,0.0,,,,0.0,insufficient_history,,decomposition,SYSTEME
300200579_,шт,2026-09-01,44.512543144809726,36.944111134043546,1.2048616620739852,0.0,2.0,0.0,36.944111134043546,0.0,forecast,unstable_trend_disabled,decomposition,SYSTEME
300200580_,шт,2026-09-01,19.483220860855457,18.31716277598959,1.0636593177189184,0.0,2.0,0.0,18.31716277598959,0.0,forecast,unstable_trend_disabled,decomposition,SYSTEME
300200581_,шт,2026-09-01,5.206704483776599,5.411867321379784,0.9620901944893065,0.0,2.5,0.0,5.411867321379784,0.0,forecast,unstable_trend_disabled,decomposition,SYSTEME
300200582_,шт,2026-09-01,1.0,1.0,1.0,-0.0,2.0,-0.0,1.0,0.0,forecast,neutral_seasonality_insufficient_evidence,decomposition,SYSTEME
300200583_,шт,2026-09-01,2.0,2.0,1.0,0.0,3.0,0.0,2.0,0.0,forecast,neutral_seasonality_insufficient_evidence;insufficient_recent_history,decomposition,SYSTEME
300200584_,шт,2026-09-01,2.0,2.0,1.0,0.0,2.0,0.0,2.0,0.0,forecast,neutral_seasonality_insufficient_evidence;insufficient_recent_history,decomposition,SYSTEME
300200586_,,2026-09-01,,,1.0,0.0,,,,0.0,insufficient_history,,decomposition,SYSTEME
300200588_,шт,2026-09-01,70.07608936390159,66.90077957874364,1.0474629713607528,0.0,2.5,0.0,66.90077957874364,0.0,forecast,unstable_trend_disabled,decomposition,SYSTEME
300200589_,,2026-09-01,,,1.0,0.0,,,,0.0,insufficient_history,,decomposition,SYSTEME
300200590_,шт,2026-09-01,13.0,13.0,1.0,0.0,2.0,0.0,13.0,0.0,forecast,neutral_seasonality_insufficient_evidence;unstable_trend_disabled,decomposition,SYSTEME
300200591_,шт,2026-09-01,5.333333333333333,5.333333333333333,1.0,-0.0,2.0,-0.0,5.333333333333333,0.0,forecast,neutral_seasonality_insufficient_evidence,decomposition,SYSTEME
300200592_,шт,2026-09-01,78.53768980631921,69.17735944056439,1.1353091595494766,0.0,2.0,0.0,69.17735944056439,0.0,forecast,unstable_trend_disabled,decomposition,SYSTEME
300200593_,шт,2026-09-01,86.26701871076955,71.72620876208207,1.2027265932445945,0.0,2.0,0.0,71.72620876208207,0.0,forecast,,decomposition,SYSTEME
300200594_,,2026-09-01,,,1.0,0.0,,,,0.0,insufficient_history,,decomposition,SYSTEME
300200595_,шт,2026-09-01,12.5,12.5,1.0,0.0,1.5,0.0,12.5,0.0,forecast,neutral_seasonality_insufficient_evidence;unstable_trend_disabled,decomposition,SYSTEME
300200622_,,2026-09-01,,,1.0,0.0,,,,0.0,insufficient_history,,decomposition,SYSTEME
300200623_,,2026-09-01,,,1.0,0.0,,,,0.0,insufficient_history,,decomposition,SYSTEME
300200624_,шт,2026-09-01,67.0,67.0,1.0,0.0,1.0,0.0,67.0,0.0,forecast,neutral_seasonality_insufficient_evidence;unstable_trend_disabled,decomposition,SYSTEME
300200627_,,2026-09-01,,,1.0,0.0,,,,0.0,insufficient_history,,decomposition,SYSTEME
300200632_,шт,2026-09-01,68.5,68.5,1.0,0.0,2.0,0.0,68.5,0.0,forecast,neutral_seasonality_insufficient_evidence;unstable_trend_disabled,decomposition,SYSTEME
300200635_,шт,2026-09-01,,,1.0,0.0,,,,0.0,insufficient_history,,decomposition,SYSTEME
300200700_,шт,2026-09-01,78.76918043515447,84.2433070349369,0.9350200414436218,0.0,2.0,0.0,84.2433070349369,0.0,forecast,unstable_trend_disabled,decomposition,SYSTEME
300200704_,шт,2026-09-01,7.0,7.0,1.0,0.0,2.0,0.0,7.0,0.0,forecast,neutral_seasonality_insufficient_evidence;unstable_trend_disabled,decomposition,SYSTEME
300200718_,шт,2026-09-01,272.5717664957247,279.71367516696574,0.9744670736352883,0.0,2.0,0.0,279.71367516696574,0.0,forecast,unstable_trend_disabled,decomposition,SYSTEME
300200719_,шт,2026-09-01,18.0,18.0,1.0,0.0,3.0,0.0,18.0,0.0,forecast,neutral_seasonality_insufficient_evidence;insufficient_recent_history,decomposition,SYSTEME
300200720_,шт,2026-09-01,33.0595190555847,41.617940630485144,0.7943573986303542,0.0,2.0,0.0,41.617940630485144,0.0,forecast,unstable_trend_disabled,decomposition,SYSTEME
300200721_,шт,2026-09-01,3.5,3.5,1.0,0.0,2.0,0.0,3.5,0.0,forecast,neutral_seasonality_insufficient_evidence;unstable_trend_disabled,decomposition,SYSTEME
300200722_,шт,2026-09-01,26.666666666666668,26.666666666666668,1.0,0.0,2.0,0.0,26.666666666666668,0.0,forecast,neutral_seasonality_insufficient_evidence;unstable_trend_disabled,decomposition,SYSTEME
300200723_,шт,2026-09-01,3.5,3.5,1.0,0.0,2.0,0.0,3.5,0.0,forecast,neutral_seasonality_insufficient_evidence;insufficient_recent_history,decomposition,SYSTEME
300200724_,шт,2026-09-01,4.0,4.0,1.0,0.0,2.0,0.0,4.0,0.0,forecast,neutral_seasonality_insufficient_evidence;unstable_trend_disabled,decomposition,SYSTEME
300200725_,шт,2026-09-01,17.0,17.0,1.0,0.0,2.0,0.0,17.0,0.0,forecast,neutral_seasonality_insufficient_evidence,decomposition,SYSTEME
300200726_,шт,2026-09-01,41.07559574978566,32.8199720340521,1.2515426797794955,0.0,2.0,0.0,32.8199720340521,0.0,forecast,unstable_trend_disabled,decomposition,SYSTEME
300200727_,шт,2026-09-01,,,1.0,0.0,,,,0.0,insufficient_history,,decomposition,SYSTEME
300200728_,шт,2026-09-01,5.666666666666667,5.666666666666667,1.0,0.0,2.0,0.0,5.666666666666667,0.0,forecast,neutral_seasonality_insufficient_evidence;unstable_trend_disabled,decomposition,SYSTEME
300200729_,шт,2026-09-01,26.0,26.0,1.0,0.0,2.0,0.0,26.0,0.0,forecast,neutral_seasonality_insufficient_evidence;unstable_trend_disabled,decomposition,SYSTEME
300200730_,шт,2026-09-01,17.991104935351927,19.162131747783903,0.9388884896604781,0.0,2.0,0.0,19.162131747783903,0.0,forecast,unstable_trend_disabled,decomposition,SYSTEME
300200731_,шт,2026-09-01,2.0,2.0,1.0,0.0,1.0,0.0,2.0,0.0,forecast,neutral_seasonality_insufficient_evidence;insufficient_recent_history,decomposition,SYSTEME
300200732_,шт,2026-09-01,9.333333333333334,9.333333333333334,1.0,0.0,2.0,0.0,9.333333333333334,0.0,forecast,neutral_seasonality_insufficient_evidence;unstable_trend_disabled,decomposition,SYSTEME
300200733_,шт,2026-09-01,1.5,1.5,1.0,0.0,2.0,0.0,1.5,0.0,forecast,neutral_seasonality_insufficient_evidence;insufficient_recent_history,decomposition,SYSTEME
300200734_,шт,2026-09-01,1.0,1.0,1.0,0.0,3.0,0.0,1.0,0.0,forecast,neutral_seasonality_insufficient_evidence;insufficient_recent_history,decomposition,SYSTEME
300200735_,шт,2026-09-01,204.92754350253566,208.36252918671752,0.9835143790124389,0.0,2.0,0.0,208.36252918671752,0.0,forecast,unstable_trend_disabled,decomposition,SYSTEME
300200736_,шт,2026-09-01,65.54531584493196,70.44386823386576,0.9304616212631717,-0.0,2.0,-0.0,70.44386823386576,0.0,forecast,,decomposition,SYSTEME
300200737_,шт,2026-09-01,37.615235108669786,36.53040363832943,1.029696673518332,0.0,2.0,0.0,36.53040363832943,0.0,forecast,unstable_trend_disabled,decomposition,SYSTEME
300200738_,шт,2026-09-01,17.333333333333332,17.333333333333332,1.0,0.0,2.0,0.0,17.333333333333332,0.0,forecast,neutral_seasonality_insufficient_evidence,decomposition,SYSTEME
300200739_,шт,2026-09-01,1.0,1.0,1.0,0.0,2.0,0.0,1.0,0.0,forecast,neutral_seasonality_insufficient_evidence;insufficient_recent_history,decomposition,SYSTEME
300200740_,шт,2026-09-01,8.615287119223119,11.728307626425575,0.7345720621969046,0.0,2.0,0.0,11.728307626425575,0.0,forecast,unstable_trend_disabled,decomposition,SYSTEME
300200741_,шт,2026-09-01,49.64776840573893,42.03167550050764,1.1811988890411782,0.0,2.0,0.0,42.03167550050764,0.0,forecast,unstable_trend_disabled,decomposition,SYSTEME
300200742_,шт,2026-09-01,127.34366334584467,107.41451320631062,1.1855349854004944,0.0,2.0,0.0,107.41451320631062,0.0,forecast,unstable_trend_disabled,decomposition,SYSTEME
300200743_,шт,2026-09-01,36.102889957404976,22.55353028971688,1.6007644698473584,0.0,2.0,0.0,22.55353028971688,0.0,forecast,unstable_trend_disabled,decomposition,SYSTEME
300200744_,шт,2026-09-01,145.29779494924807,118.3368347307782,1.2278323590436344,0.0,2.0,0.0,118.3368347307782,0.0,forecast,unstable_trend_disabled,decomposition,SYSTEME
300200745_,шт,2026-09-01,93.29512095989718,67.778454463894,1.3764716486652269,-0.0,2.0,-0.0,67.778454463894,0.0,forecast,,decomposition,SYSTEME
300200746_,шт,2026-09-01,110.2513868122889,120.26470892618126,0.916739314439795,0.0,2.0,0.0,120.26470892618126,0.0,forecast,unstable_trend_disabled,decomposition,SYSTEME
300200747_,шт,2026-09-01,1.0,1.0,1.0,0.0,1.0,0.0,1.0,0.0,forecast,neutral_seasonality_insufficient_evidence;insufficient_recent_history,decomposition,SYSTEME
300200748_,шт,2026-09-01,4.0,4.0,1.0,0.0,2.0,0.0,4.0,0.0,forecast,neutral_seasonality_insufficient_evidence;flat_or_unstable,decomposition,SYSTEME
300200749_,шт,2026-09-01,43.203865028265824,46.16063199126986,0.9359461334159542,0.0,2.0,0.0,46.16063199126986,0.0,forecast,unstable_trend_disabled,decomposition,SYSTEME
300200750_,шт,2026-09-01,16.311734098324585,14.351085168276649,1.1366202560334593,0.0,2.0,0.0,14.351085168276649,0.0,forecast,unstable_trend_disabled,decomposition,SYSTEME
300200751_,шт,2026-09-01,122.11513512736619,125.28090342707566,0.9747306396018112,0.0,2.0,0.0,125.28090342707566,0.0,forecast,,decomposition,SYSTEME
300200752_,шт,2026-09-01,99.12584087101496,69.10088869579745,1.4345089150357564,0.0,2.0,0.0,69.10088869579745,0.0,forecast,unstable_trend_disabled,decomposition,SYSTEME
300200753_,шт,2026-09-01,37.17384276279276,30.5270128369967,1.2177360084751085,0.0,2.0,0.0,30.5270128369967,0.0,forecast,unstable_trend_disabled,decomposition,SYSTEME
300200754_,шт,2026-09-01,4.666666666666667,4.666666666666667,1.0,0.0,2.0,0.0,4.666666666666667,0.0,forecast,neutral_seasonality_insufficient_evidence;unstable_trend_disabled,decomposition,SYSTEME
300200755_,шт,2026-09-01,10.172591005528323,7.131702377836381,1.4263902875619565,0.0,2.0,0.0,7.131702377836381,0.0,forecast,unstable_trend_disabled,decomposition,SYSTEME
300200767_,шт,2026-09-01,1.0,1.0,1.0,0.0,2.0,0.0,1.0,0.0,forecast,neutral_seasonality_insufficient_evidence;insufficient_recent_history,decomposition,SYSTEME
300200771_,шт,2026-09-01,34.4508337794448,23.321283029673765,1.4772272063938294,0.0,2.0,0.0,23.321283029673765,0.0,forecast,,decomposition,SYSTEME
300200772_,шт,2026-09-01,7.0,7.0,1.0,0.0,2.0,0.0,7.0,0.0,forecast,neutral_seasonality_insufficient_evidence;unstable_trend_disabled,decomposition,SYSTEME
300200773_,шт,2026-09-01,2.0,2.0,1.0,0.0,2.0,0.0,2.0,0.0,forecast,neutral_seasonality_insufficient_evidence;unstable_trend_disabled,decomposition,SYSTEME
300200774_,шт,2026-09-01,1.5,1.5,1.0,0.0,2.0,0.0,1.5,0.0,forecast,neutral_seasonality_insufficient_evidence;insufficient_recent_history,decomposition,SYSTEME
300200775_,шт,2026-09-01,5.615384615384615,5.615384615384615,1.0,0.0,19.923076923078042,0.0,5.615384615384615,0.0,forecast,neutral_seasonality_insufficient_evidence;insufficient_recent_history;all_known_history_stale,decomposition,SYSTEME
300200776_,шт,2026-09-01,5.0,5.0,1.0,0.0,1.0,0.0,5.0,0.0,forecast,neutral_seasonality_insufficient_evidence;insufficient_recent_history,decomposition,SYSTEME
300200777_,шт,2026-09-01,22.631552443949207,26.55589865694085,0.852223181610691,0.0,2.0,0.0,26.55589865694085,0.0,forecast,unstable_trend_disabled,decomposition,SYSTEME
300200778_,шт,2026-09-01,9.333333333333334,9.333333333333334,1.0,0.0,2.0,0.0,9.333333333333334,0.0,forecast,neutral_seasonality_insufficient_evidence;unstable_trend_disabled,decomposition,SYSTEME
300200779_,шт,2026-09-01,12.87395184370968,13.267943203097518,0.9703050161312224,-0.0,2.0,-0.0,13.267943203097518,0.0,forecast,,decomposition,SYSTEME
300200780_,,2026-09-01,,,1.0,0.0,,,,0.0,insufficient_history,,decomposition,SYSTEME
300200781_,шт,2026-09-01,1.0,1.0,1.0,0.0,1.0,0.0,1.0,0.0,forecast,neutral_seasonality_insufficient_evidence;insufficient_recent_history,decomposition,SYSTEME
300200782_,шт,2026-09-01,4.333333333333333,4.333333333333333,1.0,0.0,2.0,0.0,4.333333333333333,0.0,forecast,neutral_seasonality_insufficient_evidence;unstable_trend_disabled,decomposition,SYSTEME
300200783_,шт,2026-09-01,5.0,5.0,1.0,0.0,1.0,0.0,5.0,0.0,forecast,neutral_seasonality_insufficient_evidence;insufficient_recent_history,decomposition,SYSTEME
300200784_,шт,2026-09-01,64.66666666666667,64.66666666666667,1.0,0.0,2.0,0.0,64.66666666666667,0.0,forecast,neutral_seasonality_insufficient_evidence;insufficient_recent_history,decomposition,SYSTEME
300200785_,шт,2026-09-01,6.0,6.0,1.0,0.0,1.5,0.0,6.0,0.0,forecast,neutral_seasonality_insufficient_evidence;insufficient_recent_history,decomposition,SYSTEME
300200786_,шт,2026-09-01,,,1.0,0.0,,,,0.0,insufficient_history,,decomposition,SYSTEME
300200787_,шт,2026-09-01,11.5,11.5,1.0,0.0,2.5,0.0,11.5,0.0,forecast,neutral_seasonality_insufficient_evidence;insufficient_recent_history,decomposition,SYSTEME
300200788_,шт,2026-09-01,10.0,10.0,1.0,0.0,1.0,0.0,10.0,0.0,forecast,neutral_seasonality_insufficient_evidence;insufficient_recent_history,decomposition,SYSTEME
300200789_,шт,2026-09-01,36.0,36.0,1.0,0.0,2.0,0.0,36.0,0.0,forecast,neutral_seasonality_insufficient_evidence;insufficient_recent_history,decomposition,SYSTEME
300200790_,шт,2026-09-01,6.0,6.0,1.0,0.0,1.5,0.0,6.0,0.0,forecast,neutral_seasonality_insufficient_evidence;insufficient_recent_history,decomposition,SYSTEME
300200791_,шт,2026-09-01,5.75,5.75,1.0,0.0,19.0,0.0,5.75,0.0,forecast,neutral_seasonality_insufficient_evidence;insufficient_recent_history;all_known_history_stale,decomposition,SYSTEME
300200792_,шт,2026-09-01,,,1.0,0.0,,,,0.0,insufficient_history,,decomposition,SYSTEME
300200793_,шт,2026-09-01,8.6,8.6,1.0,0.0,21.599999999998545,0.0,8.6,0.0,forecast,neutral_seasonality_insufficient_evidence;insufficient_recent_history;all_known_history_stale,decomposition,SYSTEME
300200794_,шт,2026-09-01,5.875,5.875,1.0,0.0,18.625,0.0,5.875,0.0,forecast,neutral_seasonality_insufficient_evidence;insufficient_recent_history;all_known_history_stale,decomposition,SYSTEME
300200795_,шт,2026-09-01,34.0,34.0,1.0,0.0,1.5,0.0,34.0,0.0,forecast,neutral_seasonality_insufficient_evidence;insufficient_recent_history,decomposition,SYSTEME
300200796_,шт,2026-09-01,20.0,20.0,1.0,0.0,1.5,0.0,20.0,0.0,forecast,neutral_seasonality_insufficient_evidence;insufficient_recent_history,decomposition,SYSTEME
300200797_,шт,2026-09-01,5.0,5.0,1.0,0.0,2.0,0.0,5.0,0.0,forecast,neutral_seasonality_insufficient_evidence;insufficient_recent_history,decomposition,SYSTEME
300200798_,шт,2026-09-01,4.0,4.0,1.0,0.0,1.5,0.0,4.0,0.0,forecast,neutral_seasonality_insufficient_evidence;insufficient_recent_history,decomposition,SYSTEME
300200799_,шт,2026-09-01,2.0,2.0,1.0,0.0,1.5,0.0,2.0,0.0,forecast,neutral_seasonality_insufficient_evidence;insufficient_recent_history,decomposition,SYSTEME
300200800_,шт,2026-09-01,8.6,8.6,1.0,0.0,18.400000000001455,0.0,8.6,0.0,forecast,neutral_seasonality_insufficient_evidence;insufficient_recent_history;all_known_history_stale,decomposition,SYSTEME
300200801_,шт,2026-09-01,10.0,10.0,1.0,0.0,2.0,0.0,10.0,0.0,forecast,neutral_seasonality_insufficient_evidence;insufficient_recent_history,decomposition,SYSTEME
300200802_,шт,2026-09-01,20.0,20.0,1.0,0.0,1.0,0.0,20.0,0.0,forecast,neutral_seasonality_insufficient_evidence;insufficient_recent_history,decomposition,SYSTEME
300200803_,шт,2026-09-01,5.5,5.5,1.0,0.0,2.5,0.0,5.5,0.0,forecast,neutral_seasonality_insufficient_evidence;insufficient_recent_history,decomposition,SYSTEME
300200804_,шт,2026-09-01,7.0,7.0,1.0,0.0,23.0,0.0,7.0,0.0,forecast,neutral_seasonality_insufficient_evidence;insufficient_recent_history;all_known_history_stale,decomposition,SYSTEME
300200805_,шт,2026-09-01,7.0,7.0,1.0,0.0,2.0,0.0,7.0,0.0,forecast,neutral_seasonality_insufficient_evidence;insufficient_recent_history,decomposition,SYSTEME
300200806_,шт,2026-09-01,4.4,4.4,1.0,0.0,16.599999999998545,0.0,4.4,0.0,forecast,neutral_seasonality_insufficient_evidence;insufficient_recent_history;all_known_history_stale,decomposition,SYSTEME
300200807_,шт,2026-09-01,,,1.0,0.0,,,,0.0,insufficient_history,,decomposition,SYSTEME
300200808_,шт,2026-09-01,,,1.0,0.0,,,,0.0,insufficient_history,,decomposition,SYSTEME
300200809_,шт,2026-09-01,1.75,1.75,1.0,0.0,19.0,0.0,1.75,0.0,forecast,neutral_seasonality_insufficient_evidence;insufficient_recent_history;all_known_history_stale,decomposition,SYSTEME
300200810_,шт,2026-09-01,158.13563907897498,165.0610949866397,0.9580430754550291,0.0,2.0,0.0,165.0610949866397,0.0,forecast,unstable_trend_disabled,decomposition,SYSTEME
300200811_,шт,2026-09-01,1.0,1.0,1.0,0.0,3.0,0.0,1.0,0.0,forecast,neutral_seasonality_insufficient_evidence;insufficient_recent_history,decomposition,SYSTEME
300200812_,шт,2026-09-01,36.0,36.0,1.0,0.0,2.0,0.0,36.0,0.0,forecast,neutral_seasonality_insufficient_evidence;unstable_trend_disabled,decomposition,SYSTEME
300200813_,шт,2026-09-01,12.0,12.0,1.0,0.0,1.0,0.0,12.0,0.0,forecast,neutral_seasonality_insufficient_evidence;insufficient_recent_history,decomposition,SYSTEME
300200814_,шт,2026-09-01,22.580690160913942,23.91499344009083,0.9442064124951807,0.0,2.0,0.0,23.91499344009083,0.0,forecast,unstable_trend_disabled,decomposition,SYSTEME
300200815_,шт,2026-09-01,11.666666666666666,11.666666666666666,1.0,0.0,19.0,0.0,11.666666666666666,0.0,forecast,neutral_seasonality_insufficient_evidence;insufficient_recent_history;all_known_history_stale,decomposition,SYSTEME
300200816_,шт,2026-09-01,4.0,4.0,1.0,0.0,2.0,0.0,4.0,0.0,forecast,neutral_seasonality_insufficient_evidence;unstable_trend_disabled,decomposition,SYSTEME
300200817_,шт,2026-09-01,10.5,10.5,1.0,0.0,1.5,0.0,10.5,0.0,forecast,neutral_seasonality_insufficient_evidence;insufficient_recent_history,decomposition,SYSTEME
300200818_,шт,2026-09-01,2.3333333333333335,2.3333333333333335,1.0,0.0,2.0,0.0,2.3333333333333335,0.0,forecast,neutral_seasonality_insufficient_evidence;insufficient_recent_history,decomposition,SYSTEME
300200819_,шт,2026-09-01,1.0,1.0,1.0,0.0,5.0,0.0,1.0,0.0,forecast,neutral_seasonality_insufficient_evidence;insufficient_recent_history;6_calendar_months,decomposition,SYSTEME
300200820_,шт,2026-09-01,1.0,1.0,1.0,0.0,2.0,0.0,1.0,0.0,forecast,neutral_seasonality_insufficient_evidence;insufficient_recent_history,decomposition,SYSTEME
300200821_,шт,2026-09-01,83.08720365939573,80.72867395982797,1.0292155139416932,0.0,2.0,0.0,80.72867395982797,0.0,forecast,unstable_trend_disabled,decomposition,SYSTEME
300200822_,шт,2026-09-01,60.12844157017928,54.013099179375835,1.1132196167913746,0.0,2.0,0.0,54.013099179375835,0.0,forecast,unstable_trend_disabled,decomposition,SYSTEME
300200823_,шт,2026-09-01,15.0,15.0,1.0,0.0,2.0,0.0,15.0,0.0,forecast,neutral_seasonality_insufficient_evidence;unstable_trend_disabled,decomposition,SYSTEME
300200824_,шт,2026-09-01,13.0,13.0,1.0,0.0,1.5,0.0,13.0,0.0,forecast,neutral_seasonality_insufficient_evidence;unstable_trend_disabled,decomposition,SYSTEME
300200825_,шт,2026-09-01,1.5,1.5,1.0,0.0,1.5,0.0,1.5,0.0,forecast,neutral_seasonality_insufficient_evidence;insufficient_recent_history,decomposition,SYSTEME
300200826_,шт,2026-09-01,12.5,12.5,1.0,0.0,1.5,0.0,12.5,0.0,forecast,neutral_seasonality_insufficient_evidence;unstable_trend_disabled,decomposition,SYSTEME
300200827_,шт,2026-09-01,5.2,5.2,1.0,0.0,18.599999999998545,0.0,5.2,0.0,forecast,neutral_seasonality_insufficient_evidence;insufficient_recent_history;all_known_history_stale,decomposition,SYSTEME
300200828_,шт,2026-09-01,1.5,1.5,1.0,0.0,2.0,0.0,1.5,0.0,forecast,neutral_seasonality_insufficient_evidence;insufficient_recent_history,decomposition,SYSTEME
300200829_,шт,2026-09-01,,,1.0,0.0,,,,0.0,insufficient_history,,decomposition,SYSTEME
300200830_,шт,2026-09-01,1.0,1.0,1.0,0.0,1.0,0.0,1.0,0.0,forecast,neutral_seasonality_insufficient_evidence;insufficient_recent_history,decomposition,SYSTEME
300200831_,шт,2026-09-01,,,1.0,0.0,,,,0.0,insufficient_history,,decomposition,SYSTEME
300200832_,шт,2026-09-01,11.5,11.5,1.0,0.0,2.0,0.0,11.5,0.0,forecast,neutral_seasonality_insufficient_evidence;insufficient_recent_history,decomposition,SYSTEME
300200833_,шт,2026-09-01,17.666666666666668,17.666666666666668,1.0,0.0,2.0,0.0,17.666666666666668,0.0,forecast,neutral_seasonality_insufficient_evidence;unstable_trend_disabled,decomposition,SYSTEME
300200834_,шт,2026-09-01,2.0,2.0,1.0,0.0,4.0,0.0,2.0,0.0,forecast,neutral_seasonality_insufficient_evidence;insufficient_recent_history;6_calendar_months,decomposition,SYSTEME
300200835_,шт,2026-09-01,15.666666666666666,15.666666666666666,1.0,0.0,2.0,0.0,15.666666666666666,0.0,forecast,neutral_seasonality_insufficient_evidence;unstable_trend_disabled,decomposition,SYSTEME
300200836_,шт,2026-09-01,3.0,3.0,1.0,0.0,1.0,0.0,3.0,0.0,forecast,neutral_seasonality_insufficient_evidence;insufficient_recent_history,decomposition,SYSTEME
300200837_,шт,2026-09-01,,,1.0,0.0,,,,0.0,insufficient_history,,decomposition,SYSTEME
300200838_,шт,2026-09-01,7.333333333333333,7.333333333333333,1.0,0.0,2.0,0.0,7.333333333333333,0.0,forecast,neutral_seasonality_insufficient_evidence;unstable_trend_disabled,decomposition,SYSTEME
300200839_,шт,2026-09-01,6.666666666666667,6.666666666666667,1.0,0.0,2.0,0.0,6.666666666666667,0.0,forecast,neutral_seasonality_insufficient_evidence,decomposition,SYSTEME
300200840_,шт,2026-09-01,10.5,10.5,1.0,0.0,2.0,0.0,10.5,0.0,forecast,neutral_seasonality_insufficient_evidence;insufficient_recent_history,decomposition,SYSTEME
300200841_,шт,2026-09-01,5.5,5.5,1.0,0.0,4.5,0.0,5.5,0.0,forecast,neutral_seasonality_insufficient_evidence;insufficient_recent_history;6_calendar_months,decomposition,SYSTEME
300200842_,шт,2026-09-01,108.33333333333333,108.33333333333333,1.0,0.0,2.0,0.0,108.33333333333333,0.0,forecast,neutral_seasonality_insufficient_evidence,decomposition,SYSTEME
300200843_,шт,2026-09-01,18.5,18.5,1.0,0.0,1.5,0.0,18.5,0.0,forecast,neutral_seasonality_insufficient_evidence;insufficient_recent_history,decomposition,SYSTEME
300200844_,шт,2026-09-01,3.3333333333333335,3.3333333333333335,1.0,0.0,2.0,0.0,3.3333333333333335,0.0,forecast,neutral_seasonality_insufficient_evidence;unstable_trend_disabled,decomposition,SYSTEME
300200845_,шт,2026-09-01,3.0,3.0,1.0,0.0,3.0,0.0,3.0,0.0,forecast,neutral_seasonality_insufficient_evidence;insufficient_recent_history,decomposition,SYSTEME
300200846_,шт,2026-09-01,71.0,71.0,1.0,0.0,2.0,0.0,71.0,0.0,forecast,neutral_seasonality_insufficient_evidence;unstable_trend_disabled,decomposition,SYSTEME
300200847_,шт,2026-09-01,26.666666666666668,26.666666666666668,1.0,0.0,2.0,0.0,26.666666666666668,0.0,forecast,neutral_seasonality_insufficient_evidence;unstable_trend_disabled,decomposition,SYSTEME
300200848_,шт,2026-09-01,9.0,9.0,1.0,0.0,2.0,0.0,9.0,0.0,forecast,neutral_seasonality_insufficient_evidence;unstable_trend_disabled,decomposition,SYSTEME
300200849_,шт,2026-09-01,5.0,5.0,1.0,0.0,2.0,0.0,5.0,0.0,forecast,neutral_seasonality_insufficient_evidence;unstable_trend_disabled,decomposition,SYSTEME
300200850_,шт,2026-09-01,1.0,1.0,1.0,0.0,1.0,0.0,1.0,0.0,forecast,neutral_seasonality_insufficient_evidence;insufficient_recent_history,decomposition,SYSTEME
300200851_,шт,2026-09-01,10.666666666666666,10.666666666666666,1.0,0.0,2.0,0.0,10.666666666666666,0.0,forecast,neutral_seasonality_insufficient_evidence;unstable_trend_disabled,decomposition,SYSTEME
300200852_,шт,2026-09-01,8.333333333333334,8.333333333333334,1.0,0.0,16.888888888890506,0.0,8.333333333333334,0.0,forecast,neutral_seasonality_insufficient_evidence;insufficient_recent_history;all_known_history_stale,decomposition,SYSTEME
300200853_,шт,2026-09-01,22.0,22.0,1.0,0.0,1.0,0.0,22.0,0.0,forecast,neutral_seasonality_insufficient_evidence;insufficient_recent_history,decomposition,SYSTEME
300200854_,шт,2026-09-01,7.285714285714286,7.285714285714286,1.0,0.0,20.428571428572468,0.0,7.285714285714286,0.0,forecast,neutral_seasonality_insufficient_evidence;insufficient_recent_history;all_known_history_stale,decomposition,SYSTEME
300200855_,шт,2026-09-01,3.5,3.5,1.0,0.0,19.0,0.0,3.5,0.0,forecast,neutral_seasonality_insufficient_evidence;insufficient_recent_history;all_known_history_stale,decomposition,SYSTEME
300200856_,шт,2026-09-01,386.0,386.0,1.0,0.0,2.5,0.0,386.0,0.0,forecast,neutral_seasonality_insufficient_evidence;unstable_trend_disabled,decomposition,SYSTEME
300200857_,шт,2026-09-01,74.66666666666667,74.66666666666667,1.0,0.0,2.0,0.0,74.66666666666667,0.0,forecast,neutral_seasonality_insufficient_evidence;unstable_trend_disabled,decomposition,SYSTEME
300200858_,шт,2026-09-01,10.916666666666666,10.916666666666666,1.0,0.0,19.33333333333212,0.0,10.916666666666666,0.0,forecast,neutral_seasonality_insufficient_evidence;insufficient_recent_history;all_known_history_stale,decomposition,SYSTEME
300200859_,шт,2026-09-01,41.333333333333336,41.333333333333336,1.0,0.0,2.0,0.0,41.333333333333336,0.0,forecast,neutral_seasonality_insufficient_evidence;unstable_trend_disabled,decomposition,SYSTEME
300200860_,шт,2026-09-01,10.0,10.0,1.0,0.0,4.0,0.0,10.0,0.0,forecast,neutral_seasonality_insufficient_evidence;insufficient_recent_history;6_calendar_months,decomposition,SYSTEME
300200861_,шт,2026-09-01,18.333333333333332,18.333333333333332,1.0,0.0,2.0,0.0,18.333333333333332,0.0,forecast,neutral_seasonality_insufficient_evidence;unstable_trend_disabled,decomposition,SYSTEME
300200862_,шт,2026-09-01,26.0,26.0,1.0,0.0,2.0,0.0,26.0,0.0,forecast,neutral_seasonality_insufficient_evidence;unstable_trend_disabled,decomposition,SYSTEME
300200863_,шт,2026-09-01,9.0,9.0,1.0,0.0,2.0,0.0,9.0,0.0,forecast,neutral_seasonality_insufficient_evidence;insufficient_recent_history,decomposition,SYSTEME
300200864_,шт,2026-09-01,1.0,1.0,1.0,0.0,2.0,0.0,1.0,0.0,forecast,neutral_seasonality_insufficient_evidence;insufficient_recent_history,decomposition,SYSTEME
300200865_,шт,2026-09-01,78.0,78.0,1.0,0.0,2.0,0.0,78.0,0.0,forecast,neutral_seasonality_insufficient_evidence;insufficient_recent_history,decomposition,SYSTEME
300200866_,шт,2026-09-01,5.0,5.0,1.0,0.0,1.5,0.0,5.0,0.0,forecast,neutral_seasonality_insufficient_evidence;insufficient_recent_history,decomposition,SYSTEME
300200867_,шт,2026-09-01,4.0,4.0,1.0,0.0,2.0,0.0,4.0,0.0,forecast,neutral_seasonality_insufficient_evidence;insufficient_recent_history,decomposition,SYSTEME
300200868_,шт,2026-09-01,145.0,145.0,1.0,0.0,2.0,0.0,145.0,0.0,forecast,neutral_seasonality_insufficient_evidence;unstable_trend_disabled,decomposition,SYSTEME
300200869_,шт,2026-09-01,131.5,131.5,1.0,0.0,2.5,0.0,131.5,0.0,forecast,neutral_seasonality_insufficient_evidence;unstable_trend_disabled,decomposition,SYSTEME
300200870_,шт,2026-09-01,45.666666666666664,45.666666666666664,1.0,0.0,2.0,0.0,45.666666666666664,0.0,forecast,neutral_seasonality_insufficient_evidence;unstable_trend_disabled,decomposition,SYSTEME
300200871_,шт,2026-09-01,22.5,22.5,1.0,0.0,2.5,0.0,22.5,0.0,forecast,neutral_seasonality_insufficient_evidence;insufficient_recent_history,decomposition,SYSTEME
300200872_,шт,2026-09-01,11.0,11.0,1.0,0.0,2.0,0.0,11.0,0.0,forecast,neutral_seasonality_insufficient_evidence;insufficient_recent_history,decomposition,SYSTEME
300200873_,шт,2026-09-01,24.0,24.0,1.0,0.0,2.0,0.0,24.0,0.0,forecast,neutral_seasonality_insufficient_evidence;unstable_trend_disabled,decomposition,SYSTEME
300200874_,шт,2026-09-01,,,1.0,0.0,,,,0.0,insufficient_history,,decomposition,SYSTEME
300200875_,шт,2026-09-01,8.5,8.5,1.0,0.0,1.5,0.0,8.5,0.0,forecast,neutral_seasonality_insufficient_evidence;insufficient_recent_history,decomposition,SYSTEME
300200876_,шт,2026-09-01,3.0,3.0,1.0,0.0,2.0,0.0,3.0,0.0,forecast,neutral_seasonality_insufficient_evidence;insufficient_recent_history,decomposition,SYSTEME
300200877_,шт,2026-09-01,1.0,1.0,1.0,0.0,1.5,0.0,1.0,0.0,forecast,neutral_seasonality_insufficient_evidence;insufficient_recent_history,decomposition,SYSTEME
300200878_,шт,2026-09-01,2.0,2.0,1.0,0.0,2.0,0.0,2.0,0.0,forecast,neutral_seasonality_insufficient_evidence;insufficient_recent_history,decomposition,SYSTEME
300200879_,шт,2026-09-01,6.666666666666667,6.666666666666667,1.0,0.0,2.0,0.0,6.666666666666667,0.0,forecast,neutral_seasonality_insufficient_evidence;insufficient_recent_history,decomposition,SYSTEME
300200880_,шт,2026-09-01,8.833333333333334,8.833333333333334,1.0,0.0,18.83333333333212,0.0,8.833333333333334,0.0,forecast,neutral_seasonality_insufficient_evidence;insufficient_recent_history;all_known_history_stale,decomposition,SYSTEME
300200881_,шт,2026-09-01,3.0,3.0,1.0,0.0,2.0,0.0,3.0,0.0,forecast,neutral_seasonality_insufficient_evidence;insufficient_recent_history,decomposition,SYSTEME
300200882_,шт,2026-09-01,21.0,21.0,1.0,0.0,1.5,0.0,21.0,0.0,forecast,neutral_seasonality_insufficient_evidence;insufficient_recent_history,decomposition,SYSTEME
300200883_,шт,2026-09-01,14.0,14.0,1.0,0.0,1.0,0.0,14.0,0.0,forecast,neutral_seasonality_insufficient_evidence;insufficient_recent_history,decomposition,SYSTEME
300200884_,шт,2026-09-01,2.0,2.0,1.0,0.0,1.5,0.0,2.0,0.0,forecast,neutral_seasonality_insufficient_evidence;insufficient_recent_history,decomposition,SYSTEME
300200885_,шт,2026-09-01,1.0,1.0,1.0,0.0,2.0,0.0,1.0,0.0,forecast,neutral_seasonality_insufficient_evidence;insufficient_recent_history,decomposition,SYSTEME
300200886_,шт,2026-09-01,4.0,4.0,1.0,0.0,19.33333333333212,0.0,4.0,0.0,forecast,neutral_seasonality_insufficient_evidence;insufficient_recent_history;all_known_history_stale,decomposition,SYSTEME
300200887_,шт,2026-09-01,39.666666666666664,39.666666666666664,1.0,-0.0,2.0,-0.0,39.666666666666664,0.0,forecast,neutral_seasonality_insufficient_evidence,decomposition,SYSTEME
300200888_,шт,2026-09-01,7.0,7.0,1.0,0.0,2.5,0.0,7.0,0.0,forecast,neutral_seasonality_insufficient_evidence;unstable_trend_disabled,decomposition,SYSTEME
300200889_,шт,2026-09-01,2.3333333333333335,2.3333333333333335,1.0,0.0,18.66666666666788,0.0,2.3333333333333335,0.0,forecast,neutral_seasonality_insufficient_evidence;insufficient_recent_history;all_known_history_stale,decomposition,SYSTEME
300200890_,шт,2026-09-01,3.0,3.0,1.0,0.0,2.5,0.0,3.0,0.0,forecast,neutral_seasonality_insufficient_evidence;unstable_trend_disabled,decomposition,SYSTEME
300200891_,шт,2026-09-01,,,1.0,0.0,,,,0.0,insufficient_history,,decomposition,SYSTEME
300200892_,шт,2026-09-01,2.0,2.0,1.0,0.0,3.0,0.0,2.0,0.0,forecast,neutral_seasonality_insufficient_evidence;insufficient_recent_history,decomposition,SYSTEME
300200893_,шт,2026-09-01,1.0,1.0,1.0,0.0,1.0,0.0,1.0,0.0,forecast,neutral_seasonality_insufficient_evidence;insufficient_recent_history,decomposition,SYSTEME
300200894_,шт,2026-09-01,2.6,2.6,1.0,0.0,15.200000000000728,0.0,2.6,0.0,forecast,neutral_seasonality_insufficient_evidence;insufficient_recent_history;all_known_history_stale,decomposition,SYSTEME
300200895_,шт,2026-09-01,7.0,7.0,1.0,0.0,17.33333333333212,0.0,7.0,0.0,forecast,neutral_seasonality_insufficient_evidence;insufficient_recent_history;all_known_history_stale,decomposition,SYSTEME
300200896_,шт,2026-09-01,21.4,21.4,1.0,0.0,19.200000000000728,0.0,21.4,0.0,forecast,neutral_seasonality_insufficient_evidence;insufficient_recent_history;all_known_history_stale,decomposition,SYSTEME
300200897_,шт,2026-09-01,5.0,5.0,1.0,0.0,18.66666666666788,0.0,5.0,0.0,forecast,neutral_seasonality_insufficient_evidence;insufficient_recent_history;all_known_history_stale,decomposition,SYSTEME
300200898_,шт,2026-09-01,15.333333333333334,15.333333333333334,1.0,0.0,2.0,0.0,15.333333333333334,0.0,forecast,neutral_seasonality_insufficient_evidence;unstable_trend_disabled,decomposition,SYSTEME
300200899_,шт,2026-09-01,11.333333333333334,11.333333333333334,1.0,0.0,2.0,0.0,11.333333333333334,0.0,forecast,neutral_seasonality_insufficient_evidence;unstable_trend_disabled,decomposition,SYSTEME
300200900_,шт,2026-09-01,3.0,3.0,1.0,-0.0,2.5,-0.0,3.0,0.0,forecast,neutral_seasonality_insufficient_evidence,decomposition,SYSTEME
300200901_,шт,2026-09-01,2.5,2.5,1.0,0.0,5.0,0.0,2.5,0.0,forecast,neutral_seasonality_insufficient_evidence;insufficient_recent_history;6_calendar_months,decomposition,SYSTEME
300200902_,шт,2026-09-01,4.666666666666667,4.666666666666667,1.0,0.0,17.33333333333212,0.0,4.666666666666667,0.0,forecast,neutral_seasonality_insufficient_evidence;insufficient_recent_history;all_known_history_stale,decomposition,SYSTEME
300200903_,шт,2026-09-01,2.0,2.0,1.0,0.0,6.0,0.0,2.0,0.0,forecast,neutral_seasonality_insufficient_evidence;insufficient_recent_history;6_calendar_months,decomposition,SYSTEME
300200904_,шт,2026-09-01,,,1.0,0.0,,,,0.0,insufficient_history,,decomposition,SYSTEME
300200905_,шт,2026-09-01,2.0,2.0,1.0,0.0,6.0,0.0,2.0,0.0,forecast,neutral_seasonality_insufficient_evidence;insufficient_recent_history;6_calendar_months,decomposition,SYSTEME
300200906_,шт,2026-09-01,,,1.0,0.0,,,,0.0,insufficient_history,,decomposition,SYSTEME
300200907_,шт,2026-09-01,2.0,2.0,1.0,0.0,22.0,0.0,2.0,0.0,forecast,neutral_seasonality_insufficient_evidence;insufficient_recent_history;all_known_history_stale,decomposition,SYSTEME
300200908_,шт,2026-09-01,,,1.0,0.0,,,,0.0,insufficient_history,,decomposition,SYSTEME
300200909_,шт,2026-09-01,4.0,4.0,1.0,0.0,6.0,0.0,4.0,0.0,forecast,neutral_seasonality_insufficient_evidence;insufficient_recent_history;6_calendar_months,decomposition,SYSTEME
300200910_,шт,2026-09-01,55.241718050410554,55.052949977508085,1.003428845738141,0.0,2.0,0.0,55.052949977508085,0.0,forecast,unstable_trend_disabled,decomposition,SYSTEME
300200911_,шт,2026-09-01,3.0,3.0,1.0,0.0,3.0,0.0,3.0,0.0,forecast,neutral_seasonality_insufficient_evidence;insufficient_recent_history,decomposition,SYSTEME
300200912_,шт,2026-09-01,15.5,15.5,1.0,0.0,2.5,0.0,15.5,0.0,forecast,neutral_seasonality_insufficient_evidence;unstable_trend_disabled,decomposition,SYSTEME
300200913_,шт,2026-09-01,5.0,5.0,1.0,0.0,2.0,0.0,5.0,0.0,forecast,neutral_seasonality_insufficient_evidence;insufficient_recent_history,decomposition,SYSTEME
300200914_,шт,2026-09-01,15.5,15.5,1.0,0.0,2.5,0.0,15.5,0.0,forecast,neutral_seasonality_insufficient_evidence;unstable_trend_disabled,decomposition,SYSTEME
300200915_,шт,2026-09-01,10.2,10.2,1.0,0.0,21.0,0.0,10.2,0.0,forecast,neutral_seasonality_insufficient_evidence;insufficient_recent_history;all_known_history_stale,decomposition,SYSTEME
300200916_,шт,2026-09-01,6.0,6.0,1.0,0.0,3.0,0.0,6.0,0.0,forecast,neutral_seasonality_insufficient_evidence;insufficient_recent_history,decomposition,SYSTEME
300200917_,шт,2026-09-01,9.0,9.0,1.0,0.0,2.0,0.0,9.0,0.0,forecast,neutral_seasonality_insufficient_evidence;insufficient_recent_history,decomposition,SYSTEME
300200918_,шт,2026-09-01,4.0,4.0,1.0,0.0,3.0,0.0,4.0,0.0,forecast,neutral_seasonality_insufficient_evidence;insufficient_recent_history,decomposition,SYSTEME
300200919_,шт,2026-09-01,4.333333333333333,4.333333333333333,1.0,0.0,5.0,0.0,4.333333333333333,0.0,forecast,neutral_seasonality_insufficient_evidence;insufficient_recent_history;6_calendar_months,decomposition,SYSTEME
300200920_,шт,2026-09-01,1.0,1.0,1.0,0.0,1.0,0.0,1.0,0.0,forecast,neutral_seasonality_insufficient_evidence;insufficient_recent_history,decomposition,SYSTEME
300200921_,шт,2026-09-01,38.333333333333336,38.333333333333336,1.0,-0.0,2.0,-0.0,38.333333333333336,0.0,forecast,neutral_seasonality_insufficient_evidence,decomposition,SYSTEME
300200922_,шт,2026-09-01,30.0,30.0,1.0,0.0,2.0,0.0,30.0,0.0,forecast,neutral_seasonality_insufficient_evidence;unstable_trend_disabled,decomposition,SYSTEME
300200923_,шт,2026-09-01,8.0,8.0,1.0,0.0,2.0,0.0,8.0,0.0,forecast,neutral_seasonality_insufficient_evidence;insufficient_recent_history,decomposition,SYSTEME
300200924_,шт,2026-09-01,5.5,5.5,1.0,0.0,2.5,0.0,5.5,0.0,forecast,neutral_seasonality_insufficient_evidence;insufficient_recent_history,decomposition,SYSTEME
300200925_,шт,2026-09-01,6.625,6.625,1.0,0.0,18.5,0.0,6.625,0.0,forecast,neutral_seasonality_insufficient_evidence;insufficient_recent_history;all_known_history_stale,decomposition,SYSTEME
300200926_,шт,2026-09-01,14.0,14.0,1.0,0.0,2.5,0.0,14.0,0.0,forecast,neutral_seasonality_insufficient_evidence;insufficient_recent_history,decomposition,SYSTEME
300200927_,шт,2026-09-01,9.8,9.8,1.0,0.0,17.599999999998545,0.0,9.8,0.0,forecast,neutral_seasonality_insufficient_evidence;insufficient_recent_history;all_known_history_stale,decomposition,SYSTEME
300200928_,шт,2026-09-01,2.0,2.0,1.0,0.0,1.0,0.0,2.0,0.0,forecast,neutral_seasonality_insufficient_evidence;insufficient_recent_history,decomposition,SYSTEME
300200929_,шт,2026-09-01,4.0,4.0,1.0,0.0,21.200000000000728,0.0,4.0,0.0,forecast,neutral_seasonality_insufficient_evidence;insufficient_recent_history;all_known_history_stale,decomposition,SYSTEME
300200930_,шт,2026-09-01,7.0,7.0,1.0,0.0,3.0,0.0,7.0,0.0,forecast,neutral_seasonality_insufficient_evidence;insufficient_recent_history,decomposition,SYSTEME
300200931_,шт,2026-09-01,,,1.0,0.0,,,,0.0,insufficient_history,,decomposition,SYSTEME
300200932_,шт,2026-09-01,11.555555555555555,11.555555555555555,1.0,0.0,17.777777777777374,0.0,11.555555555555555,0.0,forecast,neutral_seasonality_insufficient_evidence;insufficient_recent_history;all_known_history_stale,decomposition,SYSTEME
300200933_,шт,2026-09-01,141.14841491424085,148.19964007081003,0.9524207673297984,0.0,2.0,0.0,148.19964007081003,0.0,forecast,unstable_trend_disabled,decomposition,SYSTEME
300200934_,шт,2026-09-01,38.33145150140338,29.259520917896328,1.3100505510313494,0.0,2.0,0.0,29.259520917896328,0.0,forecast,unstable_trend_disabled,decomposition,SYSTEME
300200935_,шт,2026-09-01,2.0,2.0,1.0,0.0,1.0,0.0,2.0,0.0,forecast,neutral_seasonality_insufficient_evidence;insufficient_recent_history,decomposition,SYSTEME
300200936_,шт,2026-09-01,10.460218683518436,12.057637489298822,0.8675180932253024,0.0,2.0,0.0,12.057637489298822,0.0,forecast,unstable_trend_disabled,decomposition,SYSTEME
300200937_,шт,2026-09-01,1.0,1.0,1.0,0.0,1.0,0.0,1.0,0.0,forecast,neutral_seasonality_insufficient_evidence;insufficient_recent_history,decomposition,SYSTEME
300200938_,шт,2026-09-01,10.0,10.0,1.0,0.0,2.0,0.0,10.0,0.0,forecast,neutral_seasonality_insufficient_evidence;unstable_trend_disabled,decomposition,SYSTEME
300200939_,шт,2026-09-01,13.5,13.5,1.0,0.0,2.0,0.0,13.5,0.0,forecast,neutral_seasonality_insufficient_evidence;unstable_trend_disabled,decomposition,SYSTEME
300200940_,шт,2026-09-01,3.0,3.0,1.0,0.0,2.0,0.0,3.0,0.0,forecast,neutral_seasonality_insufficient_evidence;insufficient_recent_history,decomposition,SYSTEME
300200941_,шт,2026-09-01,4.666666666666667,4.666666666666667,1.0,0.0,15.33333333333212,0.0,4.666666666666667,0.0,forecast,neutral_seasonality_insufficient_evidence;insufficient_recent_history;all_known_history_stale,decomposition,SYSTEME
300200942_,шт,2026-09-01,26.0,26.0,1.0,0.0,2.0,0.0,26.0,0.0,forecast,neutral_seasonality_insufficient_evidence;insufficient_recent_history,decomposition,SYSTEME
300200943_,шт,2026-09-01,6.0,6.0,1.0,0.0,2.0,0.0,6.0,0.0,forecast,neutral_seasonality_insufficient_evidence;insufficient_recent_history,decomposition,SYSTEME
300200944_,шт,2026-09-01,3.5,3.5,1.0,0.0,14.16666666666788,0.0,3.5,0.0,forecast,neutral_seasonality_insufficient_evidence;insufficient_recent_history;all_known_history_stale,decomposition,SYSTEME
300200945_,шт,2026-09-01,64.00125022660757,64.1193876087082,0.9981575403866679,0.0,2.0,0.0,64.1193876087082,0.0,forecast,unstable_trend_disabled,decomposition,SYSTEME
300200946_,шт,2026-09-01,45.0,45.0,1.0,0.0,2.0,0.0,45.0,0.0,forecast,neutral_seasonality_insufficient_evidence;unstable_trend_disabled,decomposition,SYSTEME
300200947_,шт,2026-09-01,11.334165558046783,14.341582101297794,0.7903009220315473,0.0,2.0,0.0,14.341582101297794,0.0,forecast,unstable_trend_disabled,decomposition,SYSTEME
300200948_,шт,2026-09-01,10.0,10.0,1.0,0.0,2.0,0.0,10.0,0.0,forecast,neutral_seasonality_insufficient_evidence,decomposition,SYSTEME
300200949_,шт,2026-09-01,3.0,3.0,1.0,0.0,2.0,0.0,3.0,0.0,forecast,neutral_seasonality_insufficient_evidence;insufficient_recent_history,decomposition,SYSTEME
300200950_,шт,2026-09-01,6.5,6.5,1.0,0.0,2.0,0.0,6.5,0.0,forecast,neutral_seasonality_insufficient_evidence;unstable_trend_disabled,decomposition,SYSTEME
300200951_,шт,2026-09-01,2.5,2.5,1.0,0.0,12.0,0.0,2.5,0.0,forecast,neutral_seasonality_insufficient_evidence;insufficient_recent_history;all_known_history_stale,decomposition,SYSTEME
300200952_,шт,2026-09-01,1.0,1.0,1.0,0.0,3.0,0.0,1.0,0.0,forecast,neutral_seasonality_insufficient_evidence;insufficient_recent_history,decomposition,SYSTEME
300200953_,шт,2026-09-01,3.0,3.0,1.0,0.0,2.5,0.0,3.0,0.0,forecast,neutral_seasonality_insufficient_evidence;insufficient_recent_history,decomposition,SYSTEME
300200954_,шт,2026-09-01,7.0,7.0,1.0,0.0,4.0,0.0,7.0,0.0,forecast,neutral_seasonality_insufficient_evidence;insufficient_recent_history;6_calendar_months,decomposition,SYSTEME
300200955_,шт,2026-09-01,2.0,2.0,1.0,0.0,1.0,0.0,2.0,0.0,forecast,neutral_seasonality_insufficient_evidence;insufficient_recent_history,decomposition,SYSTEME
300200956_,шт,2026-09-01,,,1.0,0.0,,,,0.0,insufficient_history,,decomposition,SYSTEME
300200959_,шт,2026-09-01,24.333333333333332,24.333333333333332,1.0,0.0,2.0,0.0,24.333333333333332,0.0,forecast,neutral_seasonality_insufficient_evidence;unstable_trend_disabled,decomposition,SYSTEME
300200961_,,2026-09-01,,,1.0,0.0,,,,0.0,insufficient_history,,decomposition,SYSTEME
300200962_,,2026-09-01,,,1.0,0.0,,,,0.0,insufficient_history,,decomposition,SYSTEME
300200963_,,2026-09-01,,,1.0,0.0,,,,0.0,insufficient_history,,decomposition,SYSTEME
300200964_,,2026-09-01,,,1.0,0.0,,,,0.0,insufficient_history,,decomposition,SYSTEME
300200965_,,2026-09-01,,,1.0,0.0,,,,0.0,insufficient_history,,decomposition,SYSTEME
300200966_,,2026-09-01,,,1.0,0.0,,,,0.0,insufficient_history,,decomposition,SYSTEME
300200967_,шт,2026-09-01,175.33333333333334,175.33333333333334,1.0,0.0,2.0,0.0,175.33333333333334,0.0,forecast,neutral_seasonality_insufficient_evidence;unstable_trend_disabled,decomposition,SYSTEME
300200968_,шт,2026-09-01,58.0,58.0,1.0,0.0,2.0,0.0,58.0,0.0,forecast,neutral_seasonality_insufficient_evidence;unstable_trend_disabled,decomposition,SYSTEME
300201148_,шт,2026-09-01,50.0,50.0,1.0,0.0,2.0,0.0,50.0,0.0,forecast,neutral_seasonality_insufficient_evidence;unstable_trend_disabled,decomposition,SYSTEME
300201149_,шт,2026-09-01,28.333333333333332,28.333333333333332,1.0,0.0,2.0,0.0,28.333333333333332,0.0,forecast,neutral_seasonality_insufficient_evidence;unstable_trend_disabled,decomposition,SYSTEME
300201150_,шт,2026-09-01,8.0,8.0,1.0,0.0,2.0,0.0,8.0,0.0,forecast,neutral_seasonality_insufficient_evidence;unstable_trend_disabled,decomposition,SYSTEME
300201151_,шт,2026-09-01,16.0,16.0,1.0,0.0,2.0,0.0,16.0,0.0,forecast,neutral_seasonality_insufficient_evidence;unstable_trend_disabled,decomposition,SYSTEME
300201152_,шт,2026-09-01,13.666666666666666,13.666666666666666,1.0,0.0,2.0,0.0,13.666666666666666,0.0,forecast,neutral_seasonality_insufficient_evidence;unstable_trend_disabled,decomposition,SYSTEME
300201153_,шт,2026-09-01,43.333333333333336,43.333333333333336,1.0,0.0,2.0,0.0,43.333333333333336,0.0,forecast,neutral_seasonality_insufficient_evidence;unstable_trend_disabled,decomposition,SYSTEME
300201154_,шт,2026-09-01,10.0,10.0,1.0,0.0,2.0,0.0,10.0,0.0,forecast,neutral_seasonality_insufficient_evidence;unstable_trend_disabled,decomposition,SYSTEME
300201155_,шт,2026-09-01,27.333333333333332,27.333333333333332,1.0,0.0,2.0,0.0,27.333333333333332,0.0,forecast,neutral_seasonality_insufficient_evidence;unstable_trend_disabled,decomposition,SYSTEME
ATN000108,шт,2026-09-01,61.0,61.0,1.0,0.0,2.0,0.0,61.0,0.0,forecast,neutral_seasonality_insufficient_evidence;insufficient_recent_history,decomposition,SYSTEME
ATN000109,шт,2026-09-01,4.0,4.0,1.0,-0.0,2.0,-0.0,4.0,0.0,forecast,neutral_seasonality_insufficient_evidence,decomposition,SYSTEME
ATN000139,шт,2026-09-01,,,1.0,0.0,,,,0.0,insufficient_history,,decomposition,SYSTEME
ATN000330,шт,2026-09-01,,,1.0,0.0,,,,0.0,insufficient_history,,decomposition,SYSTEME
ATN000389,шт,2026-09-01,,,1.0,0.0,,,,0.0,insufficient_history,,decomposition,SYSTEME
ATN000393,шт,2026-09-01,,,1.0,0.0,,,,0.0,insufficient_history,,decomposition,SYSTEME
ATN000399,шт,2026-09-01,7.0,7.0,1.0,0.0,11.75,0.0,7.0,0.0,forecast,neutral_seasonality_insufficient_evidence;insufficient_recent_history;all_known_history_stale,decomposition,SYSTEME
ATN000439,шт,2026-09-01,,,1.0,0.0,,,,0.0,insufficient_history,,decomposition,SYSTEME
ATN000446,шт,2026-09-01,3.0,3.0,1.0,0.0,2.5,0.0,3.0,0.0,forecast,neutral_seasonality_insufficient_evidence;unstable_trend_disabled,decomposition,SYSTEME
ATN000449,шт,2026-09-01,,,1.0,0.0,,,,0.0,insufficient_history,,decomposition,SYSTEME
ATN000487,шт,2026-09-01,,,1.0,0.0,,,,0.0,insufficient_history,,decomposition,SYSTEME
ATN000493,шт,2026-09-01,,,1.0,0.0,,,,0.0,insufficient_history,,decomposition,SYSTEME
ATN000499,шт,2026-09-01,,,1.0,0.0,,,,0.0,insufficient_history,,decomposition,SYSTEME
ATN000532,шт,2026-09-01,,,1.0,0.0,,,,0.0,insufficient_history,,decomposition,SYSTEME
ATN000539,,2026-09-01,,,1.0,0.0,,,,0.0,insufficient_history,,decomposition,SYSTEME
ATN000724,шт,2026-09-01,,,1.0,0.0,,,,0.0,insufficient_history,,decomposition,SYSTEME
ATN001105,шт,2026-09-01,,,1.0,0.0,,,,0.0,insufficient_history,,decomposition,SYSTEME
ATN001130,шт,2026-09-01,,,1.0,0.0,,,,0.0,insufficient_history,,decomposition,SYSTEME
ATN001132,шт,2026-09-01,,,1.0,0.0,,,,0.0,insufficient_history,,decomposition,SYSTEME
ATN001133,шт,2026-09-01,,,1.0,0.0,,,,0.0,insufficient_history,,decomposition,SYSTEME
ATN001209,шт,2026-09-01,,,1.0,0.0,,,,0.0,insufficient_history,,decomposition,SYSTEME
ATN001230,шт,2026-09-01,,,1.0,0.0,,,,0.0,insufficient_history,,decomposition,SYSTEME
ATN001232,шт,2026-09-01,,,1.0,0.0,,,,0.0,insufficient_history,,decomposition,SYSTEME
ATN001233,шт,2026-09-01,,,1.0,0.0,,,,0.0,insufficient_history,,decomposition,SYSTEME
ATN001239,шт,2026-09-01,,,1.0,0.0,,,,0.0,insufficient_history,,decomposition,SYSTEME
ATN001302,шт,2026-09-01,,,1.0,0.0,,,,0.0,insufficient_history,,decomposition,SYSTEME
ATN001420,шт,2026-09-01,,,1.0,0.0,,,,0.0,insufficient_history,,decomposition,SYSTEME
ATN200101,шт,2026-09-01,,,1.0,0.0,,,,0.0,insufficient_history,,decomposition,SYSTEME
ATN200102,шт,2026-09-01,,,1.0,0.0,,,,0.0,insufficient_history,,decomposition,SYSTEME
ATN200111,шт,2026-09-01,,,1.0,0.0,,,,0.0,insufficient_history,,decomposition,SYSTEME
ATN200145,шт,2026-09-01,,,1.0,0.0,,,,0.0,insufficient_history,,decomposition,SYSTEME
ATN540113,шт,2026-09-01,,,1.0,0.0,,,,0.0,insufficient_history,,decomposition,SYSTEME
ATN540115,шт,2026-09-01,,,1.0,0.0,,,,0.0,insufficient_history,,decomposition,SYSTEME
ATN544013,шт,2026-09-01,,,1.0,0.0,,,,0.0,insufficient_history,,decomposition,SYSTEME
ATN544015,шт,2026-09-01,,,1.0,0.0,,,,0.0,insufficient_history,,decomposition,SYSTEME
BLNIA045003,шт,2026-09-01,,,1.0,0.0,,,,0.0,insufficient_history,,decomposition,SYSTEME
BLNRA000315,шт,2026-09-01,,,1.0,0.0,,,,0.0,insufficient_history,,decomposition,SYSTEME
BLNRA000415,шт,2026-09-01,,,1.0,0.0,,,,0.0,insufficient_history,,decomposition,SYSTEME
BLNRA010213,шт,2026-09-01,,,1.0,0.0,,,,0.0,insufficient_history,,decomposition,SYSTEME
BLNRA010215,шт,2026-09-01,,,1.0,0.0,,,,0.0,insufficient_history,,decomposition,SYSTEME
BLNRA010312,шт,2026-09-01,,,1.0,0.0,,,,0.0,insufficient_history,,decomposition,SYSTEME
BLNRA010313,шт,2026-09-01,,,1.0,0.0,,,,0.0,insufficient_history,,decomposition,SYSTEME
BLNRA010314,шт,2026-09-01,,,1.0,0.0,,,,0.0,insufficient_history,,decomposition,SYSTEME
BLNRA010315,шт,2026-09-01,,,1.0,0.0,,,,0.0,insufficient_history,,decomposition,SYSTEME
BLNRA110115,шт,2026-09-01,,,1.0,0.0,,,,0.0,insufficient_history,,decomposition,SYSTEME
BLNVA101013,шт,2026-09-01,,,1.0,0.0,,,,0.0,insufficient_history,,decomposition,SYSTEME
BLNVA101014,шт,2026-09-01,,,1.0,0.0,,,,0.0,insufficient_history,,decomposition,SYSTEME
BLNVA101015,шт,2026-09-01,,,1.0,0.0,,,,0.0,insufficient_history,,decomposition,SYSTEME
BLNVA105013,шт,2026-09-01,,,1.0,0.0,,,,0.0,insufficient_history,,decomposition,SYSTEME
BLNVA105014,шт,2026-09-01,,,1.0,0.0,,,,0.0,insufficient_history,,decomposition,SYSTEME
BLNVA105015,шт,2026-09-01,,,1.0,0.0,,,,0.0,insufficient_history,,decomposition,SYSTEME
BLNVA106012,шт,2026-09-01,,,1.0,0.0,,,,0.0,insufficient_history,,decomposition,SYSTEME
BLNVA106013,шт,2026-09-01,,,1.0,0.0,,,,0.0,insufficient_history,,decomposition,SYSTEME
BLNVA106014,шт,2026-09-01,,,1.0,0.0,,,,0.0,insufficient_history,,decomposition,SYSTEME
GAL000584,шт,2026-09-01,,,1.0,0.0,,,,0.0,insufficient_history,,decomposition,SYSTEME
GSL000185KK,шт,2026-09-01,,,1.0,0.0,,,,0.0,insufficient_history,,decomposition,SYSTEME
KD-2-48,шт,2026-09-01,,,1.0,0.0,,,,0.0,insufficient_history,,decomposition,SYSTEME
KD-2-88,шт,2026-09-01,,,1.0,0.0,,,,0.0,insufficient_history,,decomposition,SYSTEME
KD-3-48,шт,2026-09-01,,,1.0,0.0,,,,0.0,insufficient_history,,decomposition,SYSTEME
KD-RS254-18,шт,2026-09-01,,,1.0,0.0,,,,0.0,insufficient_history,,decomposition,SYSTEME
LNVA105011,шт,2026-09-01,11.0,11.0,1.0,0.0,2.0,0.0,11.0,0.0,forecast,neutral_seasonality_insufficient_evidence;unstable_trend_disabled,decomposition,SYSTEME
RA10-164-BI,шт,2026-09-01,,,1.0,0.0,,,,0.0,insufficient_history,,decomposition,SYSTEME
RA16-213-BI,шт,2026-09-01,,,1.0,0.0,,,,0.0,insufficient_history,,decomposition,SYSTEME
RAT-1A3-B,шт,2026-09-01,,,1.0,0.0,,,,0.0,insufficient_history,,decomposition,SYSTEME
RS16-212-S,шт,2026-09-01,,,1.0,0.0,,,,0.0,insufficient_history,,decomposition,SYSTEME
RS6-253-18,шт,2026-09-01,,,1.0,0.0,,,,0.0,insufficient_history,,decomposition,SYSTEME
RSI-251KK5E-28,шт,2026-09-01,,,1.0,0.0,,,,0.0,insufficient_history,,decomposition,SYSTEME
RT-4A3-B,шт,2026-09-01,,,1.0,0.0,,,,0.0,insufficient_history,,decomposition,SYSTEME
S56-043-BI,шт,2026-09-01,,,1.0,0.0,,,,0.0,insufficient_history,,decomposition,SYSTEME
VA1U-112-B,шт,2026-09-01,,,1.0,0.0,,,,0.0,insufficient_history,,decomposition,SYSTEME
VA510-228B-BI,шт,2026-09-01,,,1.0,0.0,,,,0.0,insufficient_history,,decomposition,SYSTEME
VS116-153-1-86,шт,2026-09-01,,,1.0,0.0,,,,0.0,insufficient_history,,decomposition,SYSTEME
VS116-154-1-86,шт,2026-09-01,,,1.0,0.0,,,,0.0,insufficient_history,,decomposition,SYSTEME
VS516-252-18,шт,2026-09-01,,,1.0,0.0,,,,0.0,insufficient_history,,decomposition,SYSTEME
WDE000151,шт,2026-09-01,,,1.0,0.0,,,,0.0,insufficient_history,,decomposition,SYSTEME
WDE000185,шт,2026-09-01,,,1.0,0.0,,,,0.0,insufficient_history,,decomposition,SYSTEME
WDE000193,шт,2026-09-01,,,1.0,0.0,,,,0.0,insufficient_history,,decomposition,SYSTEME
WDE000195,шт,2026-09-01,,,1.0,0.0,,,,0.0,insufficient_history,,decomposition,SYSTEME
WDE000302,шт,2026-09-01,,,1.0,0.0,,,,0.0,insufficient_history,,decomposition,SYSTEME
WDE000303,шт,2026-09-01,,,1.0,0.0,,,,0.0,insufficient_history,,decomposition,SYSTEME
WDE000304,шт,2026-09-01,,,1.0,0.0,,,,0.0,insufficient_history,,decomposition,SYSTEME
WDE000311,шт,2026-09-01,,,1.0,0.0,,,,0.0,insufficient_history,,decomposition,SYSTEME
WDE000351,шт,2026-09-01,,,1.0,0.0,,,,0.0,insufficient_history,,decomposition,SYSTEME
WDE000381,шт,2026-09-01,,,1.0,0.0,,,,0.0,insufficient_history,,decomposition,SYSTEME
WDE000391,шт,2026-09-01,,,1.0,0.0,,,,0.0,insufficient_history,,decomposition,SYSTEME
WDE000403,шт,2026-09-01,,,1.0,0.0,,,,0.0,insufficient_history,,decomposition,SYSTEME
WDE000404,шт,2026-09-01,,,1.0,0.0,,,,0.0,insufficient_history,,decomposition,SYSTEME
WDE000411,шт,2026-09-01,,,1.0,0.0,,,,0.0,insufficient_history,,decomposition,SYSTEME
WDE000413,шт,2026-09-01,,,1.0,0.0,,,,0.0,insufficient_history,,decomposition,SYSTEME
WDE000431,шт,2026-09-01,,,1.0,0.0,,,,0.0,insufficient_history,,decomposition,SYSTEME
WDE000436,шт,2026-09-01,,,1.0,0.0,,,,0.0,insufficient_history,,decomposition,SYSTEME
WDE000441,шт,2026-09-01,,,1.0,0.0,,,,0.0,insufficient_history,,decomposition,SYSTEME
WDE000448,шт,2026-09-01,,,1.0,0.0,,,,0.0,insufficient_history,,decomposition,SYSTEME
WDE000451,шт,2026-09-01,,,1.0,0.0,,,,0.0,insufficient_history,,decomposition,SYSTEME
WDE000461,шт,2026-09-01,,,1.0,0.0,,,,0.0,insufficient_history,,decomposition,SYSTEME
WDE000471,шт,2026-09-01,,,1.0,0.0,,,,0.0,insufficient_history,,decomposition,SYSTEME
WDE000481,шт,2026-09-01,,,1.0,0.0,,,,0.0,insufficient_history,,decomposition,SYSTEME
WDE000493,шт,2026-09-01,,,1.0,0.0,,,,0.0,insufficient_history,,decomposition,SYSTEME
щщщ0116254,шт,2026-09-01,2.0,2.0,1.0,0.0,1.0,0.0,2.0,0.0,forecast,neutral_seasonality_insufficient_evidence;insufficient_recent_history,decomposition,SYSTEME
яярп5490,шт,2026-09-01,,,1.0,0.0,,,,0.0,insufficient_history,,decomposition,SYSTEME
