sku,unit,warehouse,day,document_number,order_qty,prior_orders,prior_window_days,historical_median,threshold_iqr,threshold_8median,reason,excluded_qty,exclusion_status,month,comparable,matches_signed,sales_qty_raw,monthly_matches_signed,review_reason
010400433_,шт,Алматы,2025-08-15,20000088143,10.0,38,180,1.0,4.0,8.0,above_Q3_plus_3IQR_and_at_least_8_medians,0.0,review_only,2025-08-01,True,False,68.0,False,monthly_and_transactions_not_reconciled
010400433_,шт,Алматы,2025-08-28,20000094016,8.0,38,180,1.0,4.0,8.0,above_Q3_plus_3IQR_and_at_least_8_medians,0.0,review_only,2025-08-01,True,False,68.0,False,monthly_and_transactions_not_reconciled
010400433_,шт,Алматы,2025-09-03,20000095229,10.0,40,180,1.0,5.0,8.0,above_Q3_plus_3IQR_and_at_least_8_medians,0.0,review_only,2025-09-01,True,False,-6.0,False,monthly_and_transactions_not_reconciled
010400433_,шт,Алматы,2025-09-22,20000104011,11.0,42,180,1.0,5.0,8.0,above_Q3_plus_3IQR_and_at_least_8_medians,0.0,review_only,2025-09-01,True,False,-6.0,False,monthly_and_transactions_not_reconciled
010400433_,шт,Алматы,2026-07-23,20000081743,8.0,25,180,1.0,5.0,8.0,above_Q3_plus_3IQR_and_at_least_8_medians,0.0,review_only,2026-07-01,True,False,15.0,False,monthly_and_transactions_not_reconciled
010400433_,шт,Алматы,2026-08-08,20000089832,10.0,30,180,1.0,5.0,8.0,above_Q3_plus_3IQR_and_at_least_8_medians,0.0,review_only,2026-08-01,True,False,72.0,False,monthly_and_transactions_not_reconciled
010400433_,шт,Алматы,2026-08-10,20000090012,50.0,31,180,1.0,5.0,8.0,above_Q3_plus_3IQR_and_at_least_8_medians,0.0,review_only,2026-08-01,True,False,72.0,False,monthly_and_transactions_not_reconciled
010400436_,шт,Алматы,2025-04-15,20000036278,20.0,62,180,1.5,9.0,12.0,above_Q3_plus_3IQR_and_at_least_8_medians,0.0,review_only,2025-04-01,True,False,47.0,False,monthly_and_transactions_not_reconciled
010400436_,шт,Алматы,2025-06-12,20000060529,35.0,90,180,2.0,9.0,16.0,above_Q3_plus_3IQR_and_at_least_8_medians,0.0,review_only,2025-06-01,True,False,77.0,False,monthly_and_transactions_not_reconciled
010400436_,шт,Алматы,2025-06-19,20000063577,40.0,94,180,2.0,9.0,16.0,above_Q3_plus_3IQR_and_at_least_8_medians,0.0,review_only,2025-06-01,True,False,77.0,False,monthly_and_transactions_not_reconciled
010400436_,шт,Алматы,2025-07-28,20000079471,50.0,98,180,2.0,9.0,16.0,above_Q3_plus_3IQR_and_at_least_8_medians,0.0,review_only,2025-07-01,True,False,84.0,False,monthly_and_transactions_not_reconciled
010400436_,шт,Алматы,2025-10-23,20000118842,28.0,92,180,1.0,9.0,8.0,above_Q3_plus_3IQR_and_at_least_8_medians,0.0,review_only,2025-10-01,True,False,61.0,False,monthly_and_transactions_not_reconciled
010400436_,шт,Алматы,2026-04-14,20000037158,10.0,44,180,1.0,5.0,8.0,above_Q3_plus_3IQR_and_at_least_8_medians,0.0,review_only,2026-04-01,True,False,30.0,False,monthly_and_transactions_not_reconciled
010400437_,шт,Алматы,2025-04-15,20000036278,30.0,43,180,2.0,9.0,16.0,above_Q3_plus_3IQR_and_at_least_8_medians,0.0,review_only,2025-04-01,True,False,21.0,False,monthly_and_transactions_not_reconciled
010400437_,шт,Алматы,2025-09-02,20000095467,35.0,111,180,1.0,5.0,8.0,above_Q3_plus_3IQR_and_at_least_8_medians,0.0,review_only,2025-09-01,True,False,73.0,False,monthly_and_transactions_not_reconciled
010400437_,шт,Алматы,2025-09-12,20000099943,10.0,113,180,1.0,5.0,8.0,above_Q3_plus_3IQR_and_at_least_8_medians,0.0,review_only,2025-09-01,True,False,73.0,False,monthly_and_transactions_not_reconciled
010400437_,шт,Алматы,2025-10-31,20000122120,9.0,113,180,1.0,5.0,8.0,above_Q3_plus_3IQR_and_at_least_8_medians,0.0,review_only,2025-10-01,True,False,44.0,False,monthly_and_transactions_not_reconciled
010400437_,шт,Алматы,2025-11-27,20000133992,15.0,103,180,1.0,5.0,8.0,above_Q3_plus_3IQR_and_at_least_8_medians,0.0,review_only,2025-11-01,True,False,38.0,False,monthly_and_transactions_not_reconciled
010400437_,шт,Алматы,2026-01-08,20000001294,10.0,91,180,1.0,5.0,8.0,above_Q3_plus_3IQR_and_at_least_8_medians,0.0,review_only,2026-01-01,True,False,24.0,False,monthly_and_transactions_not_reconciled
010400437_,шт,Алматы,2026-06-24,20000068488,10.0,62,180,1.0,1.0,8.0,above_Q3_plus_3IQR_and_at_least_8_medians,0.0,review_only,2026-06-01,True,False,34.0,False,monthly_and_transactions_not_reconciled
010400437_,шт,Алматы,2026-06-24,20000068754,10.0,62,180,1.0,1.0,8.0,above_Q3_plus_3IQR_and_at_least_8_medians,0.0,review_only,2026-06-01,True,False,34.0,False,monthly_and_transactions_not_reconciled
010400437_,шт,Алматы,2026-07-17,20000079476,10.0,82,180,1.0,1.0,8.0,above_Q3_plus_3IQR_and_at_least_8_medians,0.0,review_only,2026-07-01,True,False,48.0,False,monthly_and_transactions_not_reconciled
010400437_,шт,Алматы,2026-07-23,20000082179,10.0,87,180,1.0,1.0,8.0,above_Q3_plus_3IQR_and_at_least_8_medians,0.0,review_only,2026-07-01,True,False,48.0,False,monthly_and_transactions_not_reconciled
010400440_,шт,Алматы,2025-04-25,20000041189,20.0,53,180,2.0,9.0,16.0,above_Q3_plus_3IQR_and_at_least_8_medians,0.0,review_only,2025-04-01,True,False,43.0,False,monthly_and_transactions_not_reconciled
010400440_,шт,Алматы,2026-01-30,20000009964,8.0,73,180,1.0,5.0,8.0,above_Q3_plus_3IQR_and_at_least_8_medians,0.0,review_only,2026-01-01,True,False,19.0,False,monthly_and_transactions_not_reconciled
010400440_,шт,Алматы,2026-04-14,20000037158,10.0,43,180,1.0,5.0,8.0,above_Q3_plus_3IQR_and_at_least_8_medians,0.0,review_only,2026-04-01,True,False,19.0,False,monthly_and_transactions_not_reconciled
010400441_,шт,Алматы,2025-02-27,20000019864,8.0,18,180,1.0,7.0,8.0,above_Q3_plus_3IQR_and_at_least_8_medians,0.0,review_only,2025-02-01,True,False,19.0,False,monthly_and_transactions_not_reconciled
010400441_,шт,Алматы,2025-04-11,20000035323,20.0,32,180,1.0,6.0,8.0,above_Q3_plus_3IQR_and_at_least_8_medians,0.0,review_only,2025-04-01,True,False,22.0,False,monthly_and_transactions_not_reconciled
010400441_,шт,Алматы,2025-04-25,20000041189,10.0,38,180,1.0,9.0,8.0,above_Q3_plus_3IQR_and_at_least_8_medians,0.0,review_only,2025-04-01,True,False,22.0,False,monthly_and_transactions_not_reconciled
010400441_,шт,Алматы,2025-11-19,20000130259,8.0,58,180,1.0,5.0,8.0,above_Q3_plus_3IQR_and_at_least_8_medians,0.0,review_only,2025-11-01,True,False,29.0,False,monthly_and_transactions_not_reconciled
010400441_,шт,Алматы,2025-12-29,20000148620,15.0,63,180,1.0,5.0,8.0,above_Q3_plus_3IQR_and_at_least_8_medians,0.0,review_only,2025-12-01,True,False,22.0,False,monthly_and_transactions_not_reconciled
010400441_,шт,Алматы,2026-07-03,20000073025,10.0,47,180,1.0,5.0,8.0,above_Q3_plus_3IQR_and_at_least_8_medians,0.0,review_only,2026-07-01,True,False,19.0,False,monthly_and_transactions_not_reconciled
010400444_,шт,Алматы,2025-02-03,20000010670,23.0,31,180,2.0,9.0,16.0,above_Q3_plus_3IQR_and_at_least_8_medians,0.0,review_only,2025-02-01,True,False,96.0,False,monthly_and_transactions_not_reconciled
010400444_,шт,Алматы,2025-03-04,20000021546,41.0,67,180,2.0,9.0,16.0,above_Q3_plus_3IQR_and_at_least_8_medians,0.0,review_only,2025-03-01,True,False,99.0,False,monthly_and_transactions_not_reconciled
010400444_,шт,Алматы,2025-03-14,20000025050,24.0,79,180,2.0,13.0,16.0,above_Q3_plus_3IQR_and_at_least_8_medians,0.0,review_only,2025-03-01,True,False,99.0,False,monthly_and_transactions_not_reconciled
010400444_,шт,Алматы,2025-04-11,20000035323,20.0,114,180,2.0,9.0,16.0,above_Q3_plus_3IQR_and_at_least_8_medians,0.0,review_only,2025-04-01,True,False,93.0,False,monthly_and_transactions_not_reconciled
010400444_,шт,Алматы,2025-04-15,20000036278,40.0,118,180,2.0,9.0,16.0,above_Q3_plus_3IQR_and_at_least_8_medians,0.0,review_only,2025-04-01,True,False,93.0,False,monthly_and_transactions_not_reconciled
010400444_,шт,Алматы,2025-04-25,20000041189,20.0,126,180,2.0,9.0,16.0,above_Q3_plus_3IQR_and_at_least_8_medians,0.0,review_only,2025-04-01,True,False,93.0,False,monthly_and_transactions_not_reconciled
010400444_,шт,Алматы,2025-05-30,20000055277,18.0,173,180,1.0,9.0,8.0,above_Q3_plus_3IQR_and_at_least_8_medians,0.0,review_only,2025-05-01,True,False,102.0,False,monthly_and_transactions_not_reconciled
010400444_,шт,Алматы,2025-06-20,20000063838,10.0,206,180,1.0,9.0,8.0,above_Q3_plus_3IQR_and_at_least_8_medians,0.0,review_only,2025-06-01,True,False,104.0,False,monthly_and_transactions_not_reconciled
010400444_,шт,Алматы,2025-06-20,20000064187,10.0,206,180,1.0,9.0,8.0,above_Q3_plus_3IQR_and_at_least_8_medians,0.0,review_only,2025-06-01,True,False,104.0,False,monthly_and_transactions_not_reconciled
010400444_,шт,Алматы,2025-07-14,20000073702,10.0,237,180,1.0,9.0,8.0,above_Q3_plus_3IQR_and_at_least_8_medians,0.0,review_only,2025-07-01,True,False,114.0,False,monthly_and_transactions_not_reconciled
010400444_,шт,Алматы,2025-07-15,20000073557,10.0,239,180,1.0,9.0,8.0,above_Q3_plus_3IQR_and_at_least_8_medians,0.0,review_only,2025-07-01,True,False,114.0,False,monthly_and_transactions_not_reconciled
010400444_,шт,Алматы,2025-07-23,20000077359,10.0,231,180,1.0,9.0,8.0,above_Q3_plus_3IQR_and_at_least_8_medians,0.0,review_only,2025-07-01,True,False,114.0,False,monthly_and_transactions_not_reconciled
010400444_,шт,Алматы,2025-08-30,20000094463,10.0,247,180,1.0,9.0,8.0,above_Q3_plus_3IQR_and_at_least_8_medians,0.0,review_only,2025-08-01,True,False,105.0,False,monthly_and_transactions_not_reconciled
010400444_,шт,Алматы,2025-09-23,20000104361,10.0,247,180,1.0,5.0,8.0,above_Q3_plus_3IQR_and_at_least_8_medians,0.0,review_only,2025-09-01,True,False,84.0,False,monthly_and_transactions_not_reconciled
010400444_,шт,Алматы,2025-09-26,20000106623,27.0,249,180,1.0,5.0,8.0,above_Q3_plus_3IQR_and_at_least_8_medians,0.0,review_only,2025-09-01,True,False,84.0,False,monthly_and_transactions_not_reconciled
010400444_,шт,Алматы,2025-11-07,20000125451,9.0,248,180,1.0,5.0,8.0,above_Q3_plus_3IQR_and_at_least_8_medians,0.0,review_only,2025-11-01,True,False,34.0,False,monthly_and_transactions_not_reconciled
010400444_,шт,Алматы,2026-01-09,20000002063,10.0,183,180,1.0,5.0,8.0,above_Q3_plus_3IQR_and_at_least_8_medians,0.0,review_only,2026-01-01,True,False,33.0,False,monthly_and_transactions_not_reconciled
010400444_,шт,Алматы,2026-02-11,20000014928,10.0,159,180,1.0,5.0,8.0,above_Q3_plus_3IQR_and_at_least_8_medians,0.0,review_only,2026-02-01,True,False,40.0,False,monthly_and_transactions_not_reconciled
010400444_,шт,Алматы,2026-02-18,20000017748,20.0,155,180,1.0,5.0,8.0,above_Q3_plus_3IQR_and_at_least_8_medians,0.0,review_only,2026-02-01,True,False,40.0,False,monthly_and_transactions_not_reconciled
010400444_,шт,Алматы,2026-02-20,20000018418,10.0,157,180,1.0,5.0,8.0,above_Q3_plus_3IQR_and_at_least_8_medians,0.0,review_only,2026-02-01,True,False,40.0,False,monthly_and_transactions_not_reconciled
010400444_,шт,Алматы,2026-04-14,20000037158,10.0,106,180,1.0,5.0,8.0,above_Q3_plus_3IQR_and_at_least_8_medians,0.0,review_only,2026-04-01,True,False,57.0,False,monthly_and_transactions_not_reconciled
010400444_,шт,Алматы,2026-07-03,20000073235,20.0,140,180,1.0,5.0,8.0,above_Q3_plus_3IQR_and_at_least_8_medians,0.0,review_only,2026-07-01,True,False,32.0,False,monthly_and_transactions_not_reconciled
010400444_,шт,Алматы,2026-08-14,20000093035,10.0,153,180,1.0,1.0,8.0,above_Q3_plus_3IQR_and_at_least_8_medians,0.0,review_only,2026-08-01,True,False,42.0,False,monthly_and_transactions_not_reconciled
010400444_,шт,Алматы,2026-09-02,20000101838,8.0,160,180,1.0,1.0,8.0,above_Q3_plus_3IQR_and_at_least_8_medians,0.0,review_only,2026-09-01,,,,False,monthly_and_transactions_not_reconciled
010400445_,шт,Алматы,2025-03-04,20000021546,14.0,25,180,1.0,5.0,8.0,above_Q3_plus_3IQR_and_at_least_8_medians,0.0,review_only,2025-03-01,True,False,23.0,False,monthly_and_transactions_not_reconciled
010400445_,шт,Алматы,2025-03-17,20000025694,8.0,28,180,1.0,5.0,8.0,above_Q3_plus_3IQR_and_at_least_8_medians,0.0,review_only,2025-03-01,True,False,23.0,False,monthly_and_transactions_not_reconciled
010400445_,шт,Алматы,2025-04-11,20000035323,15.0,43,180,1.0,7.0,8.0,above_Q3_plus_3IQR_and_at_least_8_medians,0.0,review_only,2025-04-01,True,False,48.0,False,monthly_and_transactions_not_reconciled
010400445_,шт,Алматы,2025-04-15,20000036278,15.0,44,180,1.0,9.0,8.0,above_Q3_plus_3IQR_and_at_least_8_medians,0.0,review_only,2025-04-01,True,False,48.0,False,monthly_and_transactions_not_reconciled
010400445_,шт,Алматы,2025-04-25,20000041189,30.0,50,180,1.0,8.0,8.0,above_Q3_plus_3IQR_and_at_least_8_medians,0.0,review_only,2025-04-01,True,False,48.0,False,monthly_and_transactions_not_reconciled
010400445_,шт,Алматы,2025-04-30,20000043064,10.0,54,180,1.0,8.0,8.0,above_Q3_plus_3IQR_and_at_least_8_medians,0.0,review_only,2025-04-01,True,False,48.0,False,monthly_and_transactions_not_reconciled
010400445_,шт,Алматы,2025-10-07,20000110879,44.0,115,180,1.0,5.0,8.0,above_Q3_plus_3IQR_and_at_least_8_medians,0.0,review_only,2025-10-01,True,False,62.0,False,monthly_and_transactions_not_reconciled
010400445_,шт,Алматы,2025-11-20,20000131072,14.0,105,180,1.0,5.0,8.0,above_Q3_plus_3IQR_and_at_least_8_medians,0.0,review_only,2025-11-01,True,False,34.0,False,monthly_and_transactions_not_reconciled
010400447_,шт,Алматы,2025-02-10,20000013201,10.0,25,180,1.0,9.0,8.0,above_Q3_plus_3IQR_and_at_least_8_medians,0.0,review_only,2025-02-01,True,False,85.0,False,monthly_and_transactions_not_reconciled
010400447_,шт,Алматы,2025-03-12,20000023750,10.0,56,180,1.0,9.0,8.0,above_Q3_plus_3IQR_and_at_least_8_medians,0.0,review_only,2025-03-01,True,False,73.0,False,monthly_and_transactions_not_reconciled
010400447_,шт,Алматы,2025-04-01,20000030384,10.0,77,180,1.0,9.0,8.0,above_Q3_plus_3IQR_and_at_least_8_medians,0.0,review_only,2025-04-01,True,False,96.0,False,monthly_and_transactions_not_reconciled
010400447_,шт,Алматы,2025-04-11,20000035323,35.0,87,180,1.0,9.0,8.0,above_Q3_plus_3IQR_and_at_least_8_medians,0.0,review_only,2025-04-01,True,False,96.0,False,monthly_and_transactions_not_reconciled
010400447_,шт,Алматы,2025-04-25,20000041189,17.0,107,180,1.0,9.0,8.0,above_Q3_plus_3IQR_and_at_least_8_medians,0.0,review_only,2025-04-01,True,False,96.0,False,monthly_and_transactions_not_reconciled
010400447_,шт,Алматы,2025-05-12,20000046115,10.0,124,180,1.0,9.0,8.0,above_Q3_plus_3IQR_and_at_least_8_medians,0.0,review_only,2025-05-01,True,False,73.0,False,monthly_and_transactions_not_reconciled
010400447_,шт,Алматы,2025-05-15,20000048330,17.0,128,180,1.0,9.0,8.0,above_Q3_plus_3IQR_and_at_least_8_medians,0.0,review_only,2025-05-01,True,False,73.0,False,monthly_and_transactions_not_reconciled
010400447_,шт,Алматы,2025-07-23,20000077359,10.0,210,180,1.0,5.0,8.0,above_Q3_plus_3IQR_and_at_least_8_medians,0.0,review_only,2025-07-01,True,False,90.0,False,monthly_and_transactions_not_reconciled
010400447_,шт,Алматы,2025-08-13,20000086607,10.0,214,180,1.0,5.0,8.0,above_Q3_plus_3IQR_and_at_least_8_medians,0.0,review_only,2025-08-01,True,False,81.0,False,monthly_and_transactions_not_reconciled
010400447_,шт,Алматы,2025-10-31,20000121205,10.0,193,180,1.0,5.0,8.0,above_Q3_plus_3IQR_and_at_least_8_medians,0.0,review_only,2025-10-01,True,False,50.0,False,monthly_and_transactions_not_reconciled
010400447_,шт,Алматы,2025-11-21,20000131731,10.0,177,180,1.0,5.0,8.0,above_Q3_plus_3IQR_and_at_least_8_medians,0.0,review_only,2025-11-01,True,False,34.0,False,monthly_and_transactions_not_reconciled
010400447_,шт,Алматы,2026-01-09,20000002063,10.0,136,180,1.0,5.0,8.0,above_Q3_plus_3IQR_and_at_least_8_medians,0.0,review_only,2026-01-01,True,False,27.0,False,monthly_and_transactions_not_reconciled
010400447_,шт,Алматы,2026-02-20,20000018418,10.0,118,180,1.0,5.0,8.0,above_Q3_plus_3IQR_and_at_least_8_medians,0.0,review_only,2026-02-01,True,True,37.0,True,quantity_matches_but_scope_customer_and_exception_not_confirmed
010400447_,шт,Алматы,2026-03-30,20000031273,25.0,107,180,1.0,5.0,8.0,above_Q3_plus_3IQR_and_at_least_8_medians,0.0,review_only,2026-03-01,True,False,36.0,False,monthly_and_transactions_not_reconciled
010400447_,шт,Алматы,2026-04-22,20000041379,10.0,114,180,1.0,5.0,8.0,above_Q3_plus_3IQR_and_at_least_8_medians,0.0,review_only,2026-04-01,True,False,46.0,False,monthly_and_transactions_not_reconciled
010400447_,шт,Алматы,2026-04-29,20000044513,15.0,119,180,1.0,5.0,8.0,above_Q3_plus_3IQR_and_at_least_8_medians,0.0,review_only,2026-04-01,True,False,46.0,False,monthly_and_transactions_not_reconciled
010400447_,шт,Алматы,2026-06-24,20000068754,15.0,143,180,1.0,5.0,8.0,above_Q3_plus_3IQR_and_at_least_8_medians,0.0,review_only,2026-06-01,True,False,40.0,False,monthly_and_transactions_not_reconciled
010400447_,шт,Алматы,2026-07-03,20000073235,12.0,151,180,1.0,5.0,8.0,above_Q3_plus_3IQR_and_at_least_8_medians,0.0,review_only,2026-07-01,True,False,29.0,False,monthly_and_transactions_not_reconciled
010400447_,шт,Алматы,2026-08-14,20000093035,10.0,166,180,1.0,5.0,8.0,above_Q3_plus_3IQR_and_at_least_8_medians,0.0,review_only,2026-08-01,True,False,33.0,False,monthly_and_transactions_not_reconciled
010400448_,шт,Алматы,2025-04-11,20000035323,15.0,30,180,1.0,5.0,8.0,above_Q3_plus_3IQR_and_at_least_8_medians,0.0,review_only,2025-04-01,True,False,35.0,False,monthly_and_transactions_not_reconciled
010400448_,шт,Алматы,2025-04-25,20000041189,10.0,43,180,1.0,9.0,8.0,above_Q3_plus_3IQR_and_at_least_8_medians,0.0,review_only,2025-04-01,True,False,35.0,False,monthly_and_transactions_not_reconciled
010400448_,шт,Алматы,2025-10-31,20000121205,10.0,84,180,1.0,1.0,8.0,above_Q3_plus_3IQR_and_at_least_8_medians,0.0,review_only,2025-10-01,True,False,37.0,False,monthly_and_transactions_not_reconciled
020100158_,шт,Алматы,2025-01-14,20000003340,75.0,8,180,7.0,58.5,56.0,above_Q3_plus_3IQR_and_at_least_8_medians,0.0,review_only,2025-01-01,True,False,448.0,False,monthly_and_transactions_not_reconciled
020100158_,шт,Алматы,2025-01-28,30000000286,60.0,28,180,4.5,56.0,36.0,above_Q3_plus_3IQR_and_at_least_8_medians,0.0,review_only,2025-01-01,True,False,448.0,False,monthly_and_transactions_not_reconciled
020100158_,шт,Алматы,2025-02-07,20000012348,50.0,40,180,5.5,42.75,44.0,above_Q3_plus_3IQR_and_at_least_8_medians,0.0,review_only,2025-02-01,True,False,417.0,False,monthly_and_transactions_not_reconciled
020100158_,шт,Алматы,2025-02-12,20000014333,60.0,48,180,4.5,45.75,36.0,above_Q3_plus_3IQR_and_at_least_8_medians,0.0,review_only,2025-02-01,True,False,417.0,False,monthly_and_transactions_not_reconciled
020100158_,шт,Алматы,2025-02-25,20000018794,40.0,67,180,5.0,34.5,40.0,above_Q3_plus_3IQR_and_at_least_8_medians,0.0,review_only,2025-02-01,True,False,417.0,False,monthly_and_transactions_not_reconciled
020100158_,шт,Алматы,2025-03-04,20000021354,60.0,85,180,5.0,46.0,40.0,above_Q3_plus_3IQR_and_at_least_8_medians,0.0,review_only,2025-03-01,True,False,491.0,False,monthly_and_transactions_not_reconciled
020100158_,шт,Алматы,2025-03-12,20000024399,60.0,99,180,5.0,48.5,40.0,above_Q3_plus_3IQR_and_at_least_8_medians,0.0,review_only,2025-03-01,True,False,491.0,False,monthly_and_transactions_not_reconciled
020100158_,шт,Алматы,2025-04-05,20000032483,60.0,127,180,5.0,50.0,40.0,above_Q3_plus_3IQR_and_at_least_8_medians,0.0,review_only,2025-04-01,True,False,431.0,False,monthly_and_transactions_not_reconciled
020100158_,шт,Алматы,2025-05-06,20000044041,60.0,162,180,6.0,51.0,48.0,above_Q3_plus_3IQR_and_at_least_8_medians,0.0,review_only,2025-05-01,True,False,310.0,False,monthly_and_transactions_not_reconciled
020100158_,шт,Алматы,2025-06-10,20000059143,90.0,194,180,6.0,51.0,48.0,above_Q3_plus_3IQR_and_at_least_8_medians,0.0,review_only,2025-06-01,True,False,441.0,False,monthly_and_transactions_not_reconciled
020100158_,шт,Алматы,2025-09-17,20000101073,50.0,212,180,6.0,40.0,48.0,above_Q3_plus_3IQR_and_at_least_8_medians,0.0,review_only,2025-09-01,True,False,378.0,False,monthly_and_transactions_not_reconciled
020100158_,шт,Алматы,2025-12-18,20000143204,115.0,211,180,6.0,31.0,48.0,above_Q3_plus_3IQR_and_at_least_8_medians,0.0,review_only,2025-12-01,True,False,439.0,False,monthly_and_transactions_not_reconciled
020100158_,шт,Алматы,2026-05-23,20000054250,98.0,173,180,5.0,31.0,40.0,above_Q3_plus_3IQR_and_at_least_8_medians,0.0,review_only,2026-05-01,True,False,330.0,False,monthly_and_transactions_not_reconciled
020100158_,шт,Алматы,2026-07-22,20000080644,50.0,156,180,5.0,35.0,40.0,above_Q3_plus_3IQR_and_at_least_8_medians,0.0,review_only,2026-07-01,True,False,230.0,False,monthly_and_transactions_not_reconciled
020100158_,шт,Алматы,2026-09-10,20000106021,60.0,162,180,6.0,39.0,48.0,above_Q3_plus_3IQR_and_at_least_8_medians,0.0,review_only,2026-09-01,,,,False,monthly_and_transactions_not_reconciled
020100160_,шт,Алматы,2025-04-05,20000032483,40.0,112,180,4.0,34.0,32.0,above_Q3_plus_3IQR_and_at_least_8_medians,0.0,review_only,2025-04-01,True,False,314.0,False,monthly_and_transactions_not_reconciled
020100160_,шт,Алматы,2025-04-11,20000035323,40.0,117,180,4.0,34.0,32.0,above_Q3_plus_3IQR_and_at_least_8_medians,0.0,review_only,2025-04-01,True,False,314.0,False,monthly_and_transactions_not_reconciled
020100160_,шт,Алматы,2025-04-25,20000040567,50.0,131,180,5.0,34.0,40.0,above_Q3_plus_3IQR_and_at_least_8_medians,0.0,review_only,2025-04-01,True,False,314.0,False,monthly_and_transactions_not_reconciled
020100160_,шт,Алматы,2025-05-06,20000044041,60.0,141,180,5.0,34.0,40.0,above_Q3_plus_3IQR_and_at_least_8_medians,0.0,review_only,2025-05-01,True,False,222.0,False,monthly_and_transactions_not_reconciled
020100160_,шт,Алматы,2025-06-03,20000056384,60.0,166,180,5.0,34.0,40.0,above_Q3_plus_3IQR_and_at_least_8_medians,0.0,review_only,2025-06-01,True,False,233.0,False,monthly_and_transactions_not_reconciled
020100160_,шт,Алматы,2025-08-04,20000082844,59.0,184,180,5.0,31.75,40.0,above_Q3_plus_3IQR_and_at_least_8_medians,0.0,review_only,2025-08-01,True,False,361.0,False,monthly_and_transactions_not_reconciled
020100160_,шт,Алматы,2025-08-08,20000084779,50.0,185,180,5.0,31.0,40.0,above_Q3_plus_3IQR_and_at_least_8_medians,0.0,review_only,2025-08-01,True,False,361.0,False,monthly_and_transactions_not_reconciled
020100160_,шт,Алматы,2025-12-18,20000143204,41.0,175,180,4.0,34.0,32.0,above_Q3_plus_3IQR_and_at_least_8_medians,0.0,review_only,2025-12-01,True,False,255.0,False,monthly_and_transactions_not_reconciled
020100160_,шт,Алматы,2026-05-23,20000054250,47.0,149,180,4.0,34.0,32.0,above_Q3_plus_3IQR_and_at_least_8_medians,0.0,review_only,2026-05-01,True,False,203.0,False,monthly_and_transactions_not_reconciled
020100160_,шт,Алматы,2026-08-05,20000088204,56.0,137,180,4.0,34.0,32.0,above_Q3_plus_3IQR_and_at_least_8_medians,0.0,review_only,2026-08-01,True,False,246.0,False,monthly_and_transactions_not_reconciled
020100160_,шт,Алматы,2026-09-02,20000099834,40.0,144,180,4.0,34.0,32.0,above_Q3_plus_3IQR_and_at_least_8_medians,0.0,review_only,2026-09-01,,,,False,monthly_and_transactions_not_reconciled
020100160_,шт,Алматы,2026-09-10,20000106021,40.0,144,180,4.0,34.0,32.0,above_Q3_plus_3IQR_and_at_least_8_medians,0.0,review_only,2026-09-01,,,,False,monthly_and_transactions_not_reconciled
020100162_,шт,Алматы,2025-05-15,20000047873,18.0,36,180,2.0,14.0,16.0,above_Q3_plus_3IQR_and_at_least_8_medians,0.0,review_only,2025-05-01,True,False,54.0,False,monthly_and_transactions_not_reconciled
020100162_,шт,Алматы,2025-05-15,20000047948,18.0,36,180,2.0,14.0,16.0,above_Q3_plus_3IQR_and_at_least_8_medians,0.0,review_only,2025-05-01,True,False,54.0,False,monthly_and_transactions_not_reconciled
020100162_,шт,Алматы,2026-03-04,20000022912,10.0,23,180,1.0,5.0,8.0,above_Q3_plus_3IQR_and_at_least_8_medians,0.0,review_only,2026-03-01,True,True,23.0,True,quantity_matches_but_scope_customer_and_exception_not_confirmed
020100162_,шт,Алматы,2026-03-13,20000025611,10.0,23,180,1.0,9.0,8.0,above_Q3_plus_3IQR_and_at_least_8_medians,0.0,review_only,2026-03-01,True,True,23.0,True,quantity_matches_but_scope_customer_and_exception_not_confirmed
030200003_,шт,Алматы,2026-06-19,20000066129,40.0,9,180,3.0,10.0,24.0,above_Q3_plus_3IQR_and_at_least_8_medians,0.0,review_only,2026-06-01,True,True,47.0,True,quantity_matches_but_scope_customer_and_exception_not_confirmed
030200006_,шт,Алматы,2025-09-09,20000098097,30.0,13,180,2.0,17.0,16.0,above_Q3_plus_3IQR_and_at_least_8_medians,0.0,review_only,2025-09-01,True,True,67.0,True,quantity_matches_but_scope_customer_and_exception_not_confirmed
030200006_,шт,Алматы,2025-09-09,20000098108,25.0,13,180,2.0,17.0,16.0,above_Q3_plus_3IQR_and_at_least_8_medians,0.0,review_only,2025-09-01,True,True,67.0,True,quantity_matches_but_scope_customer_and_exception_not_confirmed
030200008_,шт,Алматы,2025-08-20,20000089734,10.0,11,180,1.0,5.0,8.0,above_Q3_plus_3IQR_and_at_least_8_medians,0.0,review_only,2025-08-01,True,True,35.0,True,quantity_matches_but_scope_customer_and_exception_not_confirmed
030200028_,шт,Алматы,2025-02-12,20000014330,1008.0,16,180,9.5,87.25,76.0,above_Q3_plus_3IQR_and_at_least_8_medians,0.0,review_only,2025-02-01,True,False,88.0,False,monthly_and_transactions_not_reconciled
030200028_,шт,Алматы,2025-02-12,20000014333,336.0,16,180,9.5,87.25,76.0,above_Q3_plus_3IQR_and_at_least_8_medians,0.0,review_only,2025-02-01,True,False,88.0,False,monthly_and_transactions_not_reconciled
030200028_,шт,Алматы,2025-03-12,20000024402,672.0,24,180,10.0,112.75,80.0,above_Q3_plus_3IQR_and_at_least_8_medians,0.0,review_only,2025-03-01,True,False,51.0,False,monthly_and_transactions_not_reconciled
030200028_,шт,Алматы,2025-04-15,20000036278,168.0,27,180,10.0,126.5,80.0,above_Q3_plus_3IQR_and_at_least_8_medians,0.0,review_only,2025-04-01,False,False,,False,monthly_and_transactions_not_reconciled
030200028_,шт,Алматы,2025-04-22,30000031741,1592.0,28,180,10.0,205.75,80.0,above_Q3_plus_3IQR_and_at_least_8_medians,0.0,review_only,2025-04-01,False,False,,False,monthly_and_transactions_not_reconciled
030200028_,шт,Алматы,2025-05-20,30000031967,840.0,29,180,10.0,385.0,80.0,above_Q3_plus_3IQR_and_at_least_8_medians,0.0,review_only,2025-05-01,False,False,,False,monthly_and_transactions_not_reconciled
030200028_,шт,Алматы,2025-07-10,20000072003,168.0,26,180,10.0,134.25,80.0,above_Q3_plus_3IQR_and_at_least_8_medians,0.0,review_only,2025-07-01,False,False,,False,monthly_and_transactions_not_reconciled
030200030_,шт,Алматы,2025-03-11,30000000626,481.0,16,180,5.5,114.0,44.0,above_Q3_plus_3IQR_and_at_least_8_medians,0.0,review_only,2025-03-01,False,False,,False,monthly_and_transactions_not_reconciled
030200030_,шт,Алматы,2025-03-26,30000000709,3360.0,17,180,6.0,132.0,48.0,above_Q3_plus_3IQR_and_at_least_8_medians,0.0,review_only,2025-03-01,False,False,,False,monthly_and_transactions_not_reconciled
030200030_,шт,Алматы,2025-06-12,20000060529,864.0,19,180,20.0,372.0,160.0,above_Q3_plus_3IQR_and_at_least_8_medians,0.0,review_only,2025-06-01,False,False,,False,monthly_and_transactions_not_reconciled
030200031_,шт,Алматы,2025-03-11,30000000626,213.0,10,180,9.5,108.0,76.0,above_Q3_plus_3IQR_and_at_least_8_medians,0.0,review_only,2025-03-01,False,False,,False,monthly_and_transactions_not_reconciled
030200031_,шт,Алматы,2025-03-26,30000000709,1920.0,11,180,15.0,108.0,120.0,above_Q3_plus_3IQR_and_at_least_8_medians,0.0,review_only,2025-03-01,False,False,,False,monthly_and_transactions_not_reconciled
030200031_,шт,Алматы,2025-06-23,30000032346,384.0,13,180,30.0,372.0,240.0,above_Q3_plus_3IQR_and_at_least_8_medians,0.0,review_only,2025-06-01,False,False,,False,monthly_and_transactions_not_reconciled
030200032_,шт,Алматы,2025-02-12,20000014330,336.0,8,180,21.0,255.0,168.0,above_Q3_plus_3IQR_and_at_least_8_medians,0.0,review_only,2025-02-01,True,False,43.0,False,monthly_and_transactions_not_reconciled
030200032_,шт,Алматы,2025-05-20,30000031964,1596.0,13,180,30.0,642.0,240.0,above_Q3_plus_3IQR_and_at_least_8_medians,0.0,review_only,2025-05-01,False,False,,False,monthly_and_transactions_not_reconciled
030200034_,шт,Алматы,2025-02-12,20000014330,132.0,11,180,10.0,130.0,80.0,above_Q3_plus_3IQR_and_at_least_8_medians,0.0,review_only,2025-02-01,True,False,184.0,False,monthly_and_transactions_not_reconciled
030200034_,шт,Алматы,2025-05-20,30000031965,2008.0,25,180,10.0,170.0,80.0,above_Q3_plus_3IQR_and_at_least_8_medians,0.0,review_only,2025-05-01,True,False,82.0,False,monthly_and_transactions_not_reconciled
030200034_,шт,Алматы,2025-06-12,20000060529,396.0,26,180,13.0,230.0,104.0,above_Q3_plus_3IQR_and_at_least_8_medians,0.0,review_only,2025-06-01,False,False,,False,monthly_and_transactions_not_reconciled
030200034_,шт,Алматы,2026-08-27,30000002392,663.0,9,180,68.0,391.0,544.0,above_Q3_plus_3IQR_and_at_least_8_medians,0.0,review_only,2026-08-01,False,False,,False,monthly_and_transactions_not_reconciled
030200037_,шт,Алматы,2025-03-26,30000000709,6000.0,11,180,80.0,390.0,640.0,above_Q3_plus_3IQR_and_at_least_8_medians,0.0,review_only,2025-03-01,True,False,150.0,False,monthly_and_transactions_not_reconciled
030200037_,шт,Алматы,2025-05-15,20000048330,640.0,14,180,80.0,480.0,640.0,above_Q3_plus_3IQR_and_at_least_8_medians,0.0,review_only,2025-05-01,False,False,,False,monthly_and_transactions_not_reconciled
030200039_,шт,Алматы,2025-02-10,30000000401,680.0,9,180,40.0,176.0,320.0,above_Q3_plus_3IQR_and_at_least_8_medians,0.0,review_only,2025-02-01,True,False,164.0,False,monthly_and_transactions_not_reconciled
030200039_,шт,Алматы,2025-03-26,30000000709,4080.0,17,180,40.0,242.0,320.0,above_Q3_plus_3IQR_and_at_least_8_medians,0.0,review_only,2025-03-01,False,False,,False,monthly_and_transactions_not_reconciled
030200093_,шт,Алматы,2026-01-19,20000005594,60.0,20,180,7.0,47.75,56.0,above_Q3_plus_3IQR_and_at_least_8_medians,0.0,review_only,2026-01-01,True,False,278.0,False,monthly_and_transactions_not_reconciled
030200192_,шт,Алматы,2025-01-09,20000001468,2000.0,29,180,40.0,740.0,320.0,above_Q3_plus_3IQR_and_at_least_8_medians,0.0,review_only,2025-01-01,True,False,53478.0,False,monthly_and_transactions_not_reconciled
030200192_,шт,Алматы,2025-01-10,20000002190,1000.0,39,180,50.0,662.0,400.0,above_Q3_plus_3IQR_and_at_least_8_medians,0.0,review_only,2025-01-01,True,False,53478.0,False,monthly_and_transactions_not_reconciled
030200192_,шт,Алматы,2025-01-10,20000002191,800.0,39,180,50.0,662.0,400.0,above_Q3_plus_3IQR_and_at_least_8_medians,0.0,review_only,2025-01-01,True,False,53478.0,False,monthly_and_transactions_not_reconciled
030200192_,шт,Алматы,2025-01-10,20000002192,1000.0,39,180,50.0,662.0,400.0,above_Q3_plus_3IQR_and_at_least_8_medians,0.0,review_only,2025-01-01,True,False,53478.0,False,monthly_and_transactions_not_reconciled
030200192_,шт,Алматы,2025-01-10,30000000055,1000.0,39,180,50.0,662.0,400.0,above_Q3_plus_3IQR_and_at_least_8_medians,0.0,review_only,2025-01-01,True,False,53478.0,False,monthly_and_transactions_not_reconciled
030200192_,шт,Алматы,2025-01-10,30000000064,1200.0,39,180,50.0,662.0,400.0,above_Q3_plus_3IQR_and_at_least_8_medians,0.0,review_only,2025-01-01,True,False,53478.0,False,monthly_and_transactions_not_reconciled
030200192_,шт,Алматы,2025-01-14,20000002842,800.0,66,180,50.0,701.0,400.0,above_Q3_plus_3IQR_and_at_least_8_medians,0.0,review_only,2025-01-01,True,False,53478.0,False,monthly_and_transactions_not_reconciled
030200192_,шт,Алматы,2025-01-15,20000002797,1000.0,71,180,50.0,662.0,400.0,above_Q3_plus_3IQR_and_at_least_8_medians,0.0,review_only,2025-01-01,True,False,53478.0,False,monthly_and_transactions_not_reconciled
030200192_,шт,Алматы,2025-01-15,30000000132,2000.0,71,180,50.0,662.0,400.0,above_Q3_plus_3IQR_and_at_least_8_medians,0.0,review_only,2025-01-01,True,False,53478.0,False,monthly_and_transactions_not_reconciled
030200192_,шт,Алматы,2025-01-18,20000005020,1000.0,90,180,50.0,740.0,400.0,above_Q3_plus_3IQR_and_at_least_8_medians,0.0,review_only,2025-01-01,True,False,53478.0,False,monthly_and_transactions_not_reconciled
030200192_,шт,Алматы,2025-01-18,20000005023,1000.0,90,180,50.0,740.0,400.0,above_Q3_plus_3IQR_and_at_least_8_medians,0.0,review_only,2025-01-01,True,False,53478.0,False,monthly_and_transactions_not_reconciled
030200192_,шт,Алматы,2025-01-20,20000005404,5000.0,100,180,50.0,740.0,400.0,above_Q3_plus_3IQR_and_at_least_8_medians,0.0,review_only,2025-01-01,True,False,53478.0,False,monthly_and_transactions_not_reconciled
030200192_,шт,Алматы,2025-01-21,20000005221,1000.0,109,180,50.0,740.0,400.0,above_Q3_plus_3IQR_and_at_least_8_medians,0.0,review_only,2025-01-01,True,False,53478.0,False,monthly_and_transactions_not_reconciled
030200192_,шт,Алматы,2025-01-21,20000005443,1000.0,109,180,50.0,740.0,400.0,above_Q3_plus_3IQR_and_at_least_8_medians,0.0,review_only,2025-01-01,True,False,53478.0,False,monthly_and_transactions_not_reconciled
030200192_,шт,Алматы,2025-01-21,20000005576,800.0,109,180,50.0,740.0,400.0,above_Q3_plus_3IQR_and_at_least_8_medians,0.0,review_only,2025-01-01,True,False,53478.0,False,monthly_and_transactions_not_reconciled
030200192_,шт,Алматы,2025-01-22,20000006553,2000.0,119,180,50.0,740.0,400.0,above_Q3_plus_3IQR_and_at_least_8_medians,0.0,review_only,2025-01-01,True,False,53478.0,False,monthly_and_transactions_not_reconciled
030200192_,шт,Алматы,2025-01-22,20000006558,860.0,119,180,50.0,740.0,400.0,above_Q3_plus_3IQR_and_at_least_8_medians,0.0,review_only,2025-01-01,True,False,53478.0,False,monthly_and_transactions_not_reconciled
030200192_,шт,Алматы,2025-01-23,20000006677,1000.0,129,180,50.0,740.0,400.0,above_Q3_plus_3IQR_and_at_least_8_medians,0.0,review_only,2025-01-01,True,False,53478.0,False,monthly_and_transactions_not_reconciled
030200192_,шт,Алматы,2025-01-29,20000008915,1000.0,163,180,50.0,740.0,400.0,above_Q3_plus_3IQR_and_at_least_8_medians,0.0,review_only,2025-01-01,True,False,53478.0,False,monthly_and_transactions_not_reconciled
030200192_,шт,Алматы,2025-01-30,20000009060,2000.0,167,180,50.0,740.0,400.0,above_Q3_plus_3IQR_and_at_least_8_medians,0.0,review_only,2025-01-01,True,False,53478.0,False,monthly_and_transactions_not_reconciled
030200192_,шт,Алматы,2025-01-31,20000009305,1000.0,173,180,50.0,740.0,400.0,above_Q3_plus_3IQR_and_at_least_8_medians,0.0,review_only,2025-01-01,True,False,53478.0,False,monthly_and_transactions_not_reconciled
030200192_,шт,Алматы,2025-01-31,20000009607,3000.0,173,180,50.0,740.0,400.0,above_Q3_plus_3IQR_and_at_least_8_medians,0.0,review_only,2025-01-01,True,False,53478.0,False,monthly_and_transactions_not_reconciled
030200192_,шт,Алматы,2025-02-03,20000010678,3600.0,189,180,50.0,740.0,400.0,above_Q3_plus_3IQR_and_at_least_8_medians,0.0,review_only,2025-02-01,True,False,43751.0,False,monthly_and_transactions_not_reconciled
030200192_,шт,Алматы,2025-02-03,30000000355,7200.0,189,180,50.0,740.0,400.0,above_Q3_plus_3IQR_and_at_least_8_medians,0.0,review_only,2025-02-01,True,False,43751.0,False,monthly_and_transactions_not_reconciled
030200192_,шт,Алматы,2025-02-07,30000000377,800.0,222,180,50.0,740.0,400.0,above_Q3_plus_3IQR_and_at_least_8_medians,0.0,review_only,2025-02-01,True,False,43751.0,False,monthly_and_transactions_not_reconciled
030200192_,шт,Алматы,2025-02-10,20000013085,36000.0,237,180,50.0,740.0,400.0,above_Q3_plus_3IQR_and_at_least_8_medians,0.0,review_only,2025-02-01,True,False,43751.0,False,monthly_and_transactions_not_reconciled
030200192_,шт,Алматы,2025-02-10,20000013088,21600.0,237,180,50.0,740.0,400.0,above_Q3_plus_3IQR_and_at_least_8_medians,0.0,review_only,2025-02-01,True,False,43751.0,False,monthly_and_transactions_not_reconciled
030200192_,шт,Алматы,2025-02-10,20000013090,7200.0,237,180,50.0,740.0,400.0,above_Q3_plus_3IQR_and_at_least_8_medians,0.0,review_only,2025-02-01,True,False,43751.0,False,monthly_and_transactions_not_reconciled
030200192_,шт,Алматы,2025-02-12,20000014330,10800.0,263,180,50.0,740.0,400.0,above_Q3_plus_3IQR_and_at_least_8_medians,0.0,review_only,2025-02-01,True,False,43751.0,False,monthly_and_transactions_not_reconciled
030200192_,шт,Алматы,2025-02-12,20000014331,7200.0,263,180,50.0,740.0,400.0,above_Q3_plus_3IQR_and_at_least_8_medians,0.0,review_only,2025-02-01,True,False,43751.0,False,monthly_and_transactions_not_reconciled
030200192_,шт,Алматы,2025-02-12,20000014333,36000.0,263,180,50.0,740.0,400.0,above_Q3_plus_3IQR_and_at_least_8_medians,0.0,review_only,2025-02-01,True,False,43751.0,False,monthly_and_transactions_not_reconciled
030200192_,шт,Алматы,2025-02-13,20000014879,2000.0,277,180,50.0,740.0,400.0,above_Q3_plus_3IQR_and_at_least_8_medians,0.0,review_only,2025-02-01,True,False,43751.0,False,monthly_and_transactions_not_reconciled
030200192_,шт,Алматы,2025-02-14,20000014914,1000.0,286,180,50.0,740.0,400.0,above_Q3_plus_3IQR_and_at_least_8_medians,0.0,review_only,2025-02-01,True,False,43751.0,False,monthly_and_transactions_not_reconciled
030200192_,шт,Алматы,2025-02-14,20000015257,2000.0,286,180,50.0,740.0,400.0,above_Q3_plus_3IQR_and_at_least_8_medians,0.0,review_only,2025-02-01,True,False,43751.0,False,monthly_and_transactions_not_reconciled
030200192_,шт,Алматы,2025-02-14,20000015420,1000.0,286,180,50.0,740.0,400.0,above_Q3_plus_3IQR_and_at_least_8_medians,0.0,review_only,2025-02-01,True,False,43751.0,False,monthly_and_transactions_not_reconciled
030200192_,шт,Алматы,2025-02-14,20000015427,1000.0,286,180,50.0,740.0,400.0,above_Q3_plus_3IQR_and_at_least_8_medians,0.0,review_only,2025-02-01,True,False,43751.0,False,monthly_and_transactions_not_reconciled
030200192_,шт,Алматы,2025-02-14,20000015429,1000.0,286,180,50.0,740.0,400.0,above_Q3_plus_3IQR_and_at_least_8_medians,0.0,review_only,2025-02-01,True,False,43751.0,False,monthly_and_transactions_not_reconciled
030200192_,шт,Алматы,2025-02-18,30000000461,2000.0,323,180,50.0,740.0,400.0,above_Q3_plus_3IQR_and_at_least_8_medians,0.0,review_only,2025-02-01,True,False,43751.0,False,monthly_and_transactions_not_reconciled
030200192_,шт,Алматы,2025-02-21,20000017384,1000.0,346,180,50.0,740.0,400.0,above_Q3_plus_3IQR_and_at_least_8_medians,0.0,review_only,2025-02-01,True,False,43751.0,False,monthly_and_transactions_not_reconciled
030200192_,шт,Алматы,2025-02-24,30000000527,3600.0,359,180,50.0,740.0,400.0,above_Q3_plus_3IQR_and_at_least_8_medians,0.0,review_only,2025-02-01,True,False,43751.0,False,monthly_and_transactions_not_reconciled
030200192_,шт,Алматы,2025-02-25,20000018411,2000.0,371,180,50.0,740.0,400.0,above_Q3_plus_3IQR_and_at_least_8_medians,0.0,review_only,2025-02-01,True,False,43751.0,False,monthly_and_transactions_not_reconciled
030200192_,шт,Алматы,2025-02-28,20000020530,800.0,398,180,50.0,740.0,400.0,above_Q3_plus_3IQR_and_at_least_8_medians,0.0,review_only,2025-02-01,True,False,43751.0,False,monthly_and_transactions_not_reconciled
030200192_,шт,Алматы,2025-02-28,20000020736,1000.0,398,180,50.0,740.0,400.0,above_Q3_plus_3IQR_and_at_least_8_medians,0.0,review_only,2025-02-01,True,False,43751.0,False,monthly_and_transactions_not_reconciled
030200192_,шт,Алматы,2025-03-01,20000020836,1013.0,407,180,50.0,740.0,400.0,above_Q3_plus_3IQR_and_at_least_8_medians,0.0,review_only,2025-03-01,True,False,54311.0,False,monthly_and_transactions_not_reconciled
030200192_,шт,Алматы,2025-03-05,20000021444,1000.0,437,180,50.0,740.0,400.0,above_Q3_plus_3IQR_and_at_least_8_medians,0.0,review_only,2025-03-01,True,False,54311.0,False,monthly_and_transactions_not_reconciled
030200192_,шт,Алматы,2025-03-05,20000021840,800.0,437,180,50.0,740.0,400.0,above_Q3_plus_3IQR_and_at_least_8_medians,0.0,review_only,2025-03-01,True,False,54311.0,False,monthly_and_transactions_not_reconciled
030200192_,шт,Алматы,2025-03-07,20000022923,800.0,457,180,50.0,740.0,400.0,above_Q3_plus_3IQR_and_at_least_8_medians,0.0,review_only,2025-03-01,True,False,54311.0,False,monthly_and_transactions_not_reconciled
030200192_,шт,Алматы,2025-03-07,20000023040,2000.0,457,180,50.0,740.0,400.0,above_Q3_plus_3IQR_and_at_least_8_medians,0.0,review_only,2025-03-01,True,False,54311.0,False,monthly_and_transactions_not_reconciled
030200192_,шт,Алматы,2025-03-11,20000023875,1400.0,477,180,50.0,740.0,400.0,above_Q3_plus_3IQR_and_at_least_8_medians,0.0,review_only,2025-03-01,True,False,54311.0,False,monthly_and_transactions_not_reconciled
030200192_,шт,Алматы,2025-03-12,20000023494,1000.0,486,180,50.0,740.0,400.0,above_Q3_plus_3IQR_and_at_least_8_medians,0.0,review_only,2025-03-01,True,False,54311.0,False,monthly_and_transactions_not_reconciled
030200192_,шт,Алматы,2025-03-12,20000024012,1000.0,486,180,50.0,740.0,400.0,above_Q3_plus_3IQR_and_at_least_8_medians,0.0,review_only,2025-03-01,True,False,54311.0,False,monthly_and_transactions_not_reconciled
030200192_,шт,Алматы,2025-03-12,20000024031,2000.0,486,180,50.0,740.0,400.0,above_Q3_plus_3IQR_and_at_least_8_medians,0.0,review_only,2025-03-01,True,False,54311.0,False,monthly_and_transactions_not_reconciled
030200192_,шт,Алматы,2025-03-13,20000024819,800.0,500,180,50.0,740.0,400.0,above_Q3_plus_3IQR_and_at_least_8_medians,0.0,review_only,2025-03-01,True,False,54311.0,False,monthly_and_transactions_not_reconciled
030200192_,шт,Алматы,2025-03-14,20000025458,1000.0,509,180,50.0,740.0,400.0,above_Q3_plus_3IQR_and_at_least_8_medians,0.0,review_only,2025-03-01,True,False,54311.0,False,monthly_and_transactions_not_reconciled
030200192_,шт,Алматы,2025-03-19,20000027164,28800.0,550,180,50.0,740.0,400.0,above_Q3_plus_3IQR_and_at_least_8_medians,0.0,review_only,2025-03-01,True,False,54311.0,False,monthly_and_transactions_not_reconciled
030200192_,шт,Алматы,2025-03-19,20000027267,18000.0,550,180,50.0,740.0,400.0,above_Q3_plus_3IQR_and_at_least_8_medians,0.0,review_only,2025-03-01,True,False,54311.0,False,monthly_and_transactions_not_reconciled
030200192_,шт,Алматы,2025-03-19,20000027269,3600.0,550,180,50.0,740.0,400.0,above_Q3_plus_3IQR_and_at_least_8_medians,0.0,review_only,2025-03-01,True,False,54311.0,False,monthly_and_transactions_not_reconciled
030200192_,шт,Алматы,2025-03-19,20000027271,10800.0,550,180,50.0,740.0,400.0,above_Q3_plus_3IQR_and_at_least_8_medians,0.0,review_only,2025-03-01,True,False,54311.0,False,monthly_and_transactions_not_reconciled
030200192_,шт,Алматы,2025-03-20,20000027319,2000.0,567,180,50.0,740.0,400.0,above_Q3_plus_3IQR_and_at_least_8_medians,0.0,review_only,2025-03-01,True,False,54311.0,False,monthly_and_transactions_not_reconciled
030200192_,шт,Алматы,2025-03-20,20000027725,2000.0,567,180,50.0,740.0,400.0,above_Q3_plus_3IQR_and_at_least_8_medians,0.0,review_only,2025-03-01,True,False,54311.0,False,monthly_and_transactions_not_reconciled
030200192_,шт,Алматы,2025-03-27,20000028644,1000.0,600,180,50.0,740.0,400.0,above_Q3_plus_3IQR_and_at_least_8_medians,0.0,review_only,2025-03-01,True,False,54311.0,False,monthly_and_transactions_not_reconciled
030200192_,шт,Алматы,2025-03-28,20000029004,1600.0,613,180,50.0,740.0,400.0,above_Q3_plus_3IQR_and_at_least_8_medians,0.0,review_only,2025-03-01,True,False,54311.0,False,monthly_and_transactions_not_reconciled
030200192_,шт,Алматы,2025-03-31,20000029620,10800.0,636,180,50.0,740.0,400.0,above_Q3_plus_3IQR_and_at_least_8_medians,0.0,review_only,2025-03-01,True,False,54311.0,False,monthly_and_transactions_not_reconciled
030200192_,шт,Алматы,2025-03-31,20000029981,2000.0,636,180,50.0,740.0,400.0,above_Q3_plus_3IQR_and_at_least_8_medians,0.0,review_only,2025-03-01,True,False,54311.0,False,monthly_and_transactions_not_reconciled
030200192_,шт,Алматы,2025-04-09,20000033515,1000.0,713,180,50.0,737.0,400.0,above_Q3_plus_3IQR_and_at_least_8_medians,0.0,review_only,2025-04-01,True,False,52084.0,False,monthly_and_transactions_not_reconciled
030200192_,шт,Алматы,2025-04-11,20000035323,10800.0,727,180,50.0,734.0,400.0,above_Q3_plus_3IQR_and_at_least_8_medians,0.0,review_only,2025-04-01,True,False,52084.0,False,monthly_and_transactions_not_reconciled
030200192_,шт,Алматы,2025-04-12,20000035215,2000.0,736,180,50.0,734.0,400.0,above_Q3_plus_3IQR_and_at_least_8_medians,0.0,review_only,2025-04-01,True,False,52084.0,False,monthly_and_transactions_not_reconciled
030200192_,шт,Алматы,2025-04-15,20000035844,800.0,753,180,50.0,728.0,400.0,above_Q3_plus_3IQR_and_at_least_8_medians,0.0,review_only,2025-04-01,True,False,52084.0,False,monthly_and_transactions_not_reconciled
030200192_,шт,Алматы,2025-04-15,20000036127,1000.0,753,180,50.0,728.0,400.0,above_Q3_plus_3IQR_and_at_least_8_medians,0.0,review_only,2025-04-01,True,False,52084.0,False,monthly_and_transactions_not_reconciled
030200192_,шт,Алматы,2025-04-15,20000036504,1400.0,753,180,50.0,728.0,400.0,above_Q3_plus_3IQR_and_at_least_8_medians,0.0,review_only,2025-04-01,True,False,52084.0,False,monthly_and_transactions_not_reconciled
030200192_,шт,Алматы,2025-04-18,20000037760,2000.0,785,180,53.0,725.0,424.0,above_Q3_plus_3IQR_and_at_least_8_medians,0.0,review_only,2025-04-01,True,False,52084.0,False,monthly_and_transactions_not_reconciled
030200192_,шт,Алматы,2025-04-18,20000037881,795.0,785,180,53.0,725.0,424.0,above_Q3_plus_3IQR_and_at_least_8_medians,0.0,review_only,2025-04-01,True,False,52084.0,False,monthly_and_transactions_not_reconciled
030200192_,шт,Алматы,2025-04-24,20000040361,2000.0,829,180,51.0,725.0,408.0,above_Q3_plus_3IQR_and_at_least_8_medians,0.0,review_only,2025-04-01,True,False,52084.0,False,monthly_and_transactions_not_reconciled
030200192_,шт,Алматы,2025-04-24,20000040371,18000.0,829,180,51.0,725.0,408.0,above_Q3_plus_3IQR_and_at_least_8_medians,0.0,review_only,2025-04-01,True,False,52084.0,False,monthly_and_transactions_not_reconciled
030200192_,шт,Алматы,2025-04-24,30000031759,1000.0,829,180,51.0,725.0,408.0,above_Q3_plus_3IQR_and_at_least_8_medians,0.0,review_only,2025-04-01,True,False,52084.0,False,monthly_and_transactions_not_reconciled
030200192_,шт,Алматы,2025-04-25,20000040822,1000.0,837,180,53.0,725.0,424.0,above_Q3_plus_3IQR_and_at_least_8_medians,0.0,review_only,2025-04-01,True,False,52084.0,False,monthly_and_transactions_not_reconciled
030200192_,шт,Алматы,2025-04-25,20000041189,7200.0,837,180,53.0,725.0,424.0,above_Q3_plus_3IQR_and_at_least_8_medians,0.0,review_only,2025-04-01,True,False,52084.0,False,monthly_and_transactions_not_reconciled
030200192_,шт,Алматы,2025-05-03,20000043637,2000.0,896,180,50.0,725.0,400.0,above_Q3_plus_3IQR_and_at_least_8_medians,0.0,review_only,2025-05-01,True,False,50676.0,False,monthly_and_transactions_not_reconciled
030200192_,шт,Алматы,2025-05-03,30000031826,2000.0,896,180,50.0,725.0,400.0,above_Q3_plus_3IQR_and_at_least_8_medians,0.0,review_only,2025-05-01,True,False,50676.0,False,monthly_and_transactions_not_reconciled
030200192_,шт,Алматы,2025-05-06,20000044748,800.0,916,180,50.0,725.0,400.0,above_Q3_plus_3IQR_and_at_least_8_medians,0.0,review_only,2025-05-01,True,False,50676.0,False,monthly_and_transactions_not_reconciled
030200192_,шт,Алматы,2025-05-06,20000044831,7200.0,916,180,50.0,725.0,400.0,above_Q3_plus_3IQR_and_at_least_8_medians,0.0,review_only,2025-05-01,True,False,50676.0,False,monthly_and_transactions_not_reconciled
030200192_,шт,Алматы,2025-05-06,20000044832,90000.0,916,180,50.0,725.0,400.0,above_Q3_plus_3IQR_and_at_least_8_medians,0.0,review_only,2025-05-01,True,False,50676.0,False,monthly_and_transactions_not_reconciled
030200192_,шт,Алматы,2025-05-08,20000045275,2000.0,927,180,50.0,725.0,400.0,above_Q3_plus_3IQR_and_at_least_8_medians,0.0,review_only,2025-05-01,True,False,50676.0,False,monthly_and_transactions_not_reconciled
030200192_,шт,Алматы,2025-05-08,20000045748,800.0,927,180,50.0,725.0,400.0,above_Q3_plus_3IQR_and_at_least_8_medians,0.0,review_only,2025-05-01,True,False,50676.0,False,monthly_and_transactions_not_reconciled
030200192_,шт,Алматы,2025-05-13,30000031889,1000.0,959,180,51.0,725.0,408.0,above_Q3_plus_3IQR_and_at_least_8_medians,0.0,review_only,2025-05-01,True,False,50676.0,False,monthly_and_transactions_not_reconciled
030200192_,шт,Алматы,2025-05-15,20000047928,800.0,979,180,55.0,725.0,440.0,above_Q3_plus_3IQR_and_at_least_8_medians,0.0,review_only,2025-05-01,True,False,50676.0,False,monthly_and_transactions_not_reconciled
030200192_,шт,Алматы,2025-05-15,20000048330,3600.0,979,180,55.0,725.0,440.0,above_Q3_plus_3IQR_and_at_least_8_medians,0.0,review_only,2025-05-01,True,False,50676.0,False,monthly_and_transactions_not_reconciled
030200192_,шт,Алматы,2025-05-23,20000051589,1000.0,1069,180,50.0,725.0,400.0,above_Q3_plus_3IQR_and_at_least_8_medians,0.0,review_only,2025-05-01,True,False,50676.0,False,monthly_and_transactions_not_reconciled
030200192_,шт,Алматы,2025-05-29,20000054714,1000.0,1140,180,54.0,725.0,432.0,above_Q3_plus_3IQR_and_at_least_8_medians,0.0,review_only,2025-05-01,True,False,50676.0,False,monthly_and_transactions_not_reconciled
030200192_,шт,Алматы,2025-05-30,20000054916,1000.0,1150,180,55.0,725.0,440.0,above_Q3_plus_3IQR_and_at_least_8_medians,0.0,review_only,2025-05-01,True,False,50676.0,False,monthly_and_transactions_not_reconciled
030200192_,шт,Алматы,2025-05-30,20000054928,1000.0,1150,180,55.0,725.0,440.0,above_Q3_plus_3IQR_and_at_least_8_medians,0.0,review_only,2025-05-01,True,False,50676.0,False,monthly_and_transactions_not_reconciled
030200192_,шт,Алматы,2025-05-30,20000055150,1000.0,1150,180,55.0,725.0,440.0,above_Q3_plus_3IQR_and_at_least_8_medians,0.0,review_only,2025-05-01,True,False,50676.0,False,monthly_and_transactions_not_reconciled
030200192_,шт,Алматы,2025-05-30,30000032083,1000.0,1150,180,55.0,725.0,440.0,above_Q3_plus_3IQR_and_at_least_8_medians,0.0,review_only,2025-05-01,True,False,50676.0,False,monthly_and_transactions_not_reconciled
030200192_,шт,Алматы,2025-06-03,20000055844,1000.0,1181,180,53.0,725.0,424.0,above_Q3_plus_3IQR_and_at_least_8_medians,0.0,review_only,2025-06-01,True,False,62934.0,False,monthly_and_transactions_not_reconciled
030200192_,шт,Алматы,2025-06-03,20000056744,1000.0,1181,180,53.0,725.0,424.0,above_Q3_plus_3IQR_and_at_least_8_medians,0.0,review_only,2025-06-01,True,False,62934.0,False,monthly_and_transactions_not_reconciled
030200192_,шт,Алматы,2025-06-09,20000058533,800.0,1223,180,53.0,725.0,424.0,above_Q3_plus_3IQR_and_at_least_8_medians,0.0,review_only,2025-06-01,True,False,62934.0,False,monthly_and_transactions_not_reconciled
030200192_,шт,Алматы,2025-06-12,20000059647,1000.0,1272,180,50.0,725.0,400.0,above_Q3_plus_3IQR_and_at_least_8_medians,0.0,review_only,2025-06-01,True,False,62934.0,False,monthly_and_transactions_not_reconciled
030200192_,шт,Алматы,2025-06-16,20000061547,1000.0,1311,180,50.0,729.5,400.0,above_Q3_plus_3IQR_and_at_least_8_medians,0.0,review_only,2025-06-01,True,False,62934.0,False,monthly_and_transactions_not_reconciled
030200192_,шт,Алматы,2025-06-16,20000061728,2000.0,1311,180,50.0,729.5,400.0,above_Q3_plus_3IQR_and_at_least_8_medians,0.0,review_only,2025-06-01,True,False,62934.0,False,monthly_and_transactions_not_reconciled
030200192_,шт,Алматы,2025-06-16,20000061758,1000.0,1311,180,50.0,729.5,400.0,above_Q3_plus_3IQR_and_at_least_8_medians,0.0,review_only,2025-06-01,True,False,62934.0,False,monthly_and_transactions_not_reconciled
030200192_,шт,Алматы,2025-06-17,20000061965,2000.0,1332,180,50.0,728.0,400.0,above_Q3_plus_3IQR_and_at_least_8_medians,0.0,review_only,2025-06-01,True,False,62934.0,False,monthly_and_transactions_not_reconciled
030200192_,шт,Алматы,2025-06-19,20000062627,2000.0,1359,180,50.0,725.0,400.0,above_Q3_plus_3IQR_and_at_least_8_medians,0.0,review_only,2025-06-01,True,False,62934.0,False,monthly_and_transactions_not_reconciled
030200192_,шт,Алматы,2025-06-20,20000063757,840.0,1371,180,50.0,725.0,400.0,above_Q3_plus_3IQR_and_at_least_8_medians,0.0,review_only,2025-06-01,True,False,62934.0,False,monthly_and_transactions_not_reconciled
030200192_,шт,Алматы,2025-06-20,20000063926,1000.0,1371,180,50.0,725.0,400.0,above_Q3_plus_3IQR_and_at_least_8_medians,0.0,review_only,2025-06-01,True,False,62934.0,False,monthly_and_transactions_not_reconciled
030200192_,шт,Алматы,2025-06-20,20000064108,1000.0,1371,180,50.0,725.0,400.0,above_Q3_plus_3IQR_and_at_least_8_medians,0.0,review_only,2025-06-01,True,False,62934.0,False,monthly_and_transactions_not_reconciled
030200192_,шт,Алматы,2025-06-24,20000064626,2000.0,1420,180,50.0,725.0,400.0,above_Q3_plus_3IQR_and_at_least_8_medians,0.0,review_only,2025-06-01,True,False,62934.0,False,monthly_and_transactions_not_reconciled
030200192_,шт,Алматы,2025-06-24,20000065397,1000.0,1420,180,50.0,725.0,400.0,above_Q3_plus_3IQR_and_at_least_8_medians,0.0,review_only,2025-06-01,True,False,62934.0,False,monthly_and_transactions_not_reconciled
030200192_,шт,Алматы,2025-06-25,20000065223,2000.0,1438,180,50.0,725.0,400.0,above_Q3_plus_3IQR_and_at_least_8_medians,0.0,review_only,2025-06-01,True,False,62934.0,False,monthly_and_transactions_not_reconciled
030200192_,шт,Алматы,2025-06-26,20000065405,1000.0,1454,180,50.0,725.0,400.0,above_Q3_plus_3IQR_and_at_least_8_medians,0.0,review_only,2025-06-01,True,False,62934.0,False,monthly_and_transactions_not_reconciled
030200192_,шт,Алматы,2025-06-28,20000067266,1000.0,1483,180,50.0,725.0,400.0,above_Q3_plus_3IQR_and_at_least_8_medians,0.0,review_only,2025-06-01,True,False,62934.0,False,monthly_and_transactions_not_reconciled
030200192_,шт,Алматы,2025-07-02,20000068788,7200.0,1507,180,50.0,725.0,400.0,above_Q3_plus_3IQR_and_at_least_8_medians,0.0,review_only,2025-07-01,True,False,60436.0,False,monthly_and_transactions_not_reconciled
030200192_,шт,Алматы,2025-07-02,20000068818,20000.0,1507,180,50.0,725.0,400.0,above_Q3_plus_3IQR_and_at_least_8_medians,0.0,review_only,2025-07-01,True,False,60436.0,False,monthly_and_transactions_not_reconciled
030200192_,шт,Алматы,2025-07-03,20000068942,2000.0,1523,180,50.0,725.0,400.0,above_Q3_plus_3IQR_and_at_least_8_medians,0.0,review_only,2025-07-01,True,False,60436.0,False,monthly_and_transactions_not_reconciled
030200192_,шт,Алматы,2025-07-08,20000070952,1000.0,1524,180,50.0,725.0,400.0,above_Q3_plus_3IQR_and_at_least_8_medians,0.0,review_only,2025-07-01,True,False,60436.0,False,monthly_and_transactions_not_reconciled
030200192_,шт,Алматы,2025-07-08,20000071060,2400.0,1524,180,50.0,725.0,400.0,above_Q3_plus_3IQR_and_at_least_8_medians,0.0,review_only,2025-07-01,True,False,60436.0,False,monthly_and_transactions_not_reconciled
030200192_,шт,Алматы,2025-07-09,20000071141,2000.0,1531,180,50.0,725.0,400.0,above_Q3_plus_3IQR_and_at_least_8_medians,0.0,review_only,2025-07-01,True,False,60436.0,False,monthly_and_transactions_not_reconciled
030200192_,шт,Алматы,2025-07-09,20000071676,1200.0,1531,180,50.0,725.0,400.0,above_Q3_plus_3IQR_and_at_least_8_medians,0.0,review_only,2025-07-01,True,False,60436.0,False,monthly_and_transactions_not_reconciled
030200192_,шт,Алматы,2025-07-10,20000071824,1000.0,1533,180,50.0,725.0,400.0,above_Q3_plus_3IQR_and_at_least_8_medians,0.0,review_only,2025-07-01,True,False,60436.0,False,monthly_and_transactions_not_reconciled
030200192_,шт,Алматы,2025-07-10,20000072003,36000.0,1533,180,50.0,725.0,400.0,above_Q3_plus_3IQR_and_at_least_8_medians,0.0,review_only,2025-07-01,True,False,60436.0,False,monthly_and_transactions_not_reconciled
030200192_,шт,Алматы,2025-07-11,30000032566,4000.0,1541,180,53.0,725.0,424.0,above_Q3_plus_3IQR_and_at_least_8_medians,0.0,review_only,2025-07-01,True,False,60436.0,False,monthly_and_transactions_not_reconciled
030200192_,шт,Алматы,2025-07-15,20000074266,1000.0,1566,180,50.0,725.0,400.0,above_Q3_plus_3IQR_and_at_least_8_medians,0.0,review_only,2025-07-01,True,False,60436.0,False,monthly_and_transactions_not_reconciled
030200192_,шт,Алматы,2025-07-15,20000074309,1000.0,1566,180,50.0,725.0,400.0,above_Q3_plus_3IQR_and_at_least_8_medians,0.0,review_only,2025-07-01,True,False,60436.0,False,monthly_and_transactions_not_reconciled
030200192_,шт,Алматы,2025-07-15,20000074332,2000.0,1566,180,50.0,725.0,400.0,above_Q3_plus_3IQR_and_at_least_8_medians,0.0,review_only,2025-07-01,True,False,60436.0,False,monthly_and_transactions_not_reconciled
030200192_,шт,Алматы,2025-07-16,20000074379,1000.0,1577,180,50.0,725.0,400.0,above_Q3_plus_3IQR_and_at_least_8_medians,0.0,review_only,2025-07-01,True,False,60436.0,False,monthly_and_transactions_not_reconciled
030200192_,шт,Алматы,2025-07-17,20000074490,1000.0,1584,180,50.0,725.0,400.0,above_Q3_plus_3IQR_and_at_least_8_medians,0.0,review_only,2025-07-01,True,False,60436.0,False,monthly_and_transactions_not_reconciled
030200192_,шт,Алматы,2025-07-17,20000074690,800.0,1584,180,50.0,725.0,400.0,above_Q3_plus_3IQR_and_at_least_8_medians,0.0,review_only,2025-07-01,True,False,60436.0,False,monthly_and_transactions_not_reconciled
030200192_,шт,Алматы,2025-07-17,20000074983,3000.0,1584,180,50.0,725.0,400.0,above_Q3_plus_3IQR_and_at_least_8_medians,0.0,review_only,2025-07-01,True,False,60436.0,False,monthly_and_transactions_not_reconciled
030200192_,шт,Алматы,2025-07-17,20000075658,3600.0,1584,180,50.0,725.0,400.0,above_Q3_plus_3IQR_and_at_least_8_medians,0.0,review_only,2025-07-01,True,False,60436.0,False,monthly_and_transactions_not_reconciled
030200192_,шт,Алматы,2025-07-17,20000075662,82800.0,1584,180,50.0,725.0,400.0,above_Q3_plus_3IQR_and_at_least_8_medians,0.0,review_only,2025-07-01,True,False,60436.0,False,monthly_and_transactions_not_reconciled
030200192_,шт,Алматы,2025-07-18,20000075815,14400.0,1592,180,54.0,725.0,432.0,above_Q3_plus_3IQR_and_at_least_8_medians,0.0,review_only,2025-07-01,True,False,60436.0,False,monthly_and_transactions_not_reconciled
030200192_,шт,Алматы,2025-07-22,20000077087,1000.0,1586,180,53.0,725.0,424.0,above_Q3_plus_3IQR_and_at_least_8_medians,0.0,review_only,2025-07-01,True,False,60436.0,False,monthly_and_transactions_not_reconciled
030200192_,шт,Алматы,2025-07-24,20000078169,800.0,1598,180,53.0,725.0,424.0,above_Q3_plus_3IQR_and_at_least_8_medians,0.0,review_only,2025-07-01,True,False,60436.0,False,monthly_and_transactions_not_reconciled
030200192_,шт,Алматы,2025-07-25,20000078938,1000.0,1606,180,51.5,725.0,412.0,above_Q3_plus_3IQR_and_at_least_8_medians,0.0,review_only,2025-07-01,True,False,60436.0,False,monthly_and_transactions_not_reconciled
030200192_,шт,Алматы,2025-07-29,20000080030,14400.0,1618,180,50.0,725.0,400.0,above_Q3_plus_3IQR_and_at_least_8_medians,0.0,review_only,2025-07-01,True,False,60436.0,False,monthly_and_transactions_not_reconciled
030200192_,шт,Алматы,2025-07-29,20000080388,1000.0,1618,180,50.0,725.0,400.0,above_Q3_plus_3IQR_and_at_least_8_medians,0.0,review_only,2025-07-01,True,False,60436.0,False,monthly_and_transactions_not_reconciled
030200192_,шт,Алматы,2025-08-01,20000081898,800.0,1642,180,50.0,725.0,400.0,above_Q3_plus_3IQR_and_at_least_8_medians,0.0,review_only,2025-08-01,True,False,50757.0,False,monthly_and_transactions_not_reconciled
030200192_,шт,Алматы,2025-08-04,20000082201,1000.0,1641,180,50.0,725.0,400.0,above_Q3_plus_3IQR_and_at_least_8_medians,0.0,review_only,2025-08-01,True,False,50757.0,False,monthly_and_transactions_not_reconciled
030200192_,шт,Алматы,2025-08-04,20000082545,1000.0,1641,180,50.0,725.0,400.0,above_Q3_plus_3IQR_and_at_least_8_medians,0.0,review_only,2025-08-01,True,False,50757.0,False,monthly_and_transactions_not_reconciled
030200192_,шт,Алматы,2025-08-06,20000083134,2000.0,1655,180,50.0,725.0,400.0,above_Q3_plus_3IQR_and_at_least_8_medians,0.0,review_only,2025-08-01,True,False,50757.0,False,monthly_and_transactions_not_reconciled
030200192_,шт,Алматы,2025-08-06,20000083625,6000.0,1655,180,50.0,725.0,400.0,above_Q3_plus_3IQR_and_at_least_8_medians,0.0,review_only,2025-08-01,True,False,50757.0,False,monthly_and_transactions_not_reconciled
030200192_,шт,Алматы,2025-08-07,20000084221,86400.0,1660,180,50.0,725.0,400.0,above_Q3_plus_3IQR_and_at_least_8_medians,0.0,review_only,2025-08-01,True,False,50757.0,False,monthly_and_transactions_not_reconciled
030200192_,шт,Алматы,2025-08-07,20000084231,32400.0,1660,180,50.0,725.0,400.0,above_Q3_plus_3IQR_and_at_least_8_medians,0.0,review_only,2025-08-01,True,False,50757.0,False,monthly_and_transactions_not_reconciled
030200192_,шт,Алматы,2025-08-07,20000084233,21600.0,1660,180,50.0,725.0,400.0,above_Q3_plus_3IQR_and_at_least_8_medians,0.0,review_only,2025-08-01,True,False,50757.0,False,monthly_and_transactions_not_reconciled
030200192_,шт,Алматы,2025-08-07,20000084236,7200.0,1660,180,50.0,725.0,400.0,above_Q3_plus_3IQR_and_at_least_8_medians,0.0,review_only,2025-08-01,True,False,50757.0,False,monthly_and_transactions_not_reconciled
030200192_,шт,Алматы,2025-08-09,20000085308,1400.0,1678,180,50.0,725.0,400.0,above_Q3_plus_3IQR_and_at_least_8_medians,0.0,review_only,2025-08-01,True,False,50757.0,False,monthly_and_transactions_not_reconciled
030200192_,шт,Алматы,2025-08-11,30000032809,7200.0,1665,180,50.0,725.0,400.0,above_Q3_plus_3IQR_and_at_least_8_medians,0.0,review_only,2025-08-01,True,False,50757.0,False,monthly_and_transactions_not_reconciled
030200192_,шт,Алматы,2025-08-13,20000087099,7200.0,1665,180,50.0,725.0,400.0,above_Q3_plus_3IQR_and_at_least_8_medians,0.0,review_only,2025-08-01,True,False,50757.0,False,monthly_and_transactions_not_reconciled
030200192_,шт,Алматы,2025-08-15,20000088059,1000.0,1664,180,50.0,725.0,400.0,above_Q3_plus_3IQR_and_at_least_8_medians,0.0,review_only,2025-08-01,True,False,50757.0,False,monthly_and_transactions_not_reconciled
030200192_,шт,Алматы,2025-08-18,20000087950,1000.0,1661,180,50.0,725.0,400.0,above_Q3_plus_3IQR_and_at_least_8_medians,0.0,review_only,2025-08-01,True,False,50757.0,False,monthly_and_transactions_not_reconciled
030200192_,шт,Алматы,2025-08-19,20000089507,2000.0,1669,180,50.0,725.0,400.0,above_Q3_plus_3IQR_and_at_least_8_medians,0.0,review_only,2025-08-01,True,False,50757.0,False,monthly_and_transactions_not_reconciled
030200192_,шт,Алматы,2025-08-20,20000089173,1000.0,1672,180,50.0,725.0,400.0,above_Q3_plus_3IQR_and_at_least_8_medians,0.0,review_only,2025-08-01,True,False,50757.0,False,monthly_and_transactions_not_reconciled
030200192_,шт,Алматы,2025-08-22,20000090355,1000.0,1680,180,50.0,725.0,400.0,above_Q3_plus_3IQR_and_at_least_8_medians,0.0,review_only,2025-08-01,True,False,50757.0,False,monthly_and_transactions_not_reconciled
030200192_,шт,Алматы,2025-08-25,20000091858,1000.0,1686,180,50.0,725.0,400.0,above_Q3_plus_3IQR_and_at_least_8_medians,0.0,review_only,2025-08-01,True,False,50757.0,False,monthly_and_transactions_not_reconciled
030200192_,шт,Алматы,2025-08-26,20000092712,18000.0,1685,180,50.0,725.0,400.0,above_Q3_plus_3IQR_and_at_least_8_medians,0.0,review_only,2025-08-01,True,False,50757.0,False,monthly_and_transactions_not_reconciled
030200192_,шт,Алматы,2025-08-26,20000092715,82800.0,1685,180,50.0,725.0,400.0,above_Q3_plus_3IQR_and_at_least_8_medians,0.0,review_only,2025-08-01,True,False,50757.0,False,monthly_and_transactions_not_reconciled
030200192_,шт,Алматы,2025-08-26,20000092718,32400.0,1685,180,50.0,725.0,400.0,above_Q3_plus_3IQR_and_at_least_8_medians,0.0,review_only,2025-08-01,True,False,50757.0,False,monthly_and_transactions_not_reconciled
030200192_,шт,Алматы,2025-08-26,20000092722,7200.0,1685,180,50.0,725.0,400.0,above_Q3_plus_3IQR_and_at_least_8_medians,0.0,review_only,2025-08-01,True,False,50757.0,False,monthly_and_transactions_not_reconciled
030200192_,шт,Алматы,2025-08-27,20000093027,10800.0,1690,180,50.0,725.0,400.0,above_Q3_plus_3IQR_and_at_least_8_medians,0.0,review_only,2025-08-01,True,False,50757.0,False,monthly_and_transactions_not_reconciled
030200192_,шт,Алматы,2025-08-29,20000094512,7200.0,1696,180,50.0,725.0,400.0,above_Q3_plus_3IQR_and_at_least_8_medians,0.0,review_only,2025-08-01,True,False,50757.0,False,monthly_and_transactions_not_reconciled
030200192_,шт,Алматы,2025-08-30,20000094463,1000.0,1705,180,50.0,725.0,400.0,above_Q3_plus_3IQR_and_at_least_8_medians,0.0,review_only,2025-08-01,True,False,50757.0,False,monthly_and_transactions_not_reconciled
030200192_,шт,Алматы,2025-09-03,20000095516,2000.0,1699,180,50.0,725.0,400.0,above_Q3_plus_3IQR_and_at_least_8_medians,0.0,review_only,2025-09-01,True,False,53879.0,False,monthly_and_transactions_not_reconciled
030200192_,шт,Алматы,2025-09-03,20000095778,731.0,1699,180,50.0,725.0,400.0,above_Q3_plus_3IQR_and_at_least_8_medians,0.0,review_only,2025-09-01,True,False,53879.0,False,monthly_and_transactions_not_reconciled
030200192_,шт,Алматы,2025-09-10,20000098559,1000.0,1713,180,50.0,725.0,400.0,above_Q3_plus_3IQR_and_at_least_8_medians,0.0,review_only,2025-09-01,True,False,53879.0,False,monthly_and_transactions_not_reconciled
030200192_,шт,Алматы,2025-09-12,20000099228,1000.0,1719,180,50.0,725.0,400.0,above_Q3_plus_3IQR_and_at_least_8_medians,0.0,review_only,2025-09-01,True,False,53879.0,False,monthly_and_transactions_not_reconciled
030200192_,шт,Алматы,2025-09-12,20000099937,2000.0,1719,180,50.0,725.0,400.0,above_Q3_plus_3IQR_and_at_least_8_medians,0.0,review_only,2025-09-01,True,False,53879.0,False,monthly_and_transactions_not_reconciled
030200192_,шт,Алматы,2025-09-16,20000101616,1200.0,1713,180,50.0,725.0,400.0,above_Q3_plus_3IQR_and_at_least_8_medians,0.0,review_only,2025-09-01,True,False,53879.0,False,monthly_and_transactions_not_reconciled
030200192_,шт,Алматы,2025-09-17,20000101588,1000.0,1710,180,50.0,725.0,400.0,above_Q3_plus_3IQR_and_at_least_8_medians,0.0,review_only,2025-09-01,True,False,53879.0,False,monthly_and_transactions_not_reconciled
030200192_,шт,Алматы,2025-09-18,20000102451,800.0,1722,180,50.0,725.0,400.0,above_Q3_plus_3IQR_and_at_least_8_medians,0.0,review_only,2025-09-01,True,False,53879.0,False,monthly_and_transactions_not_reconciled
030200192_,шт,Алматы,2025-09-19,20000102969,10800.0,1735,180,50.0,725.0,400.0,above_Q3_plus_3IQR_and_at_least_8_medians,0.0,review_only,2025-09-01,True,False,53879.0,False,monthly_and_transactions_not_reconciled
030200192_,шт,Алматы,2025-09-20,30000033103,1000.0,1754,180,50.0,725.0,400.0,above_Q3_plus_3IQR_and_at_least_8_medians,0.0,review_only,2025-09-01,True,False,53879.0,False,monthly_and_transactions_not_reconciled
030200192_,шт,Алматы,2025-09-22,20000103059,1000.0,1753,180,50.0,725.0,400.0,above_Q3_plus_3IQR_and_at_least_8_medians,0.0,review_only,2025-09-01,True,False,53879.0,False,monthly_and_transactions_not_reconciled
030200192_,шт,Алматы,2025-09-23,20000104124,800.0,1755,180,50.0,725.0,400.0,above_Q3_plus_3IQR_and_at_least_8_medians,0.0,review_only,2025-09-01,True,False,53879.0,False,monthly_and_transactions_not_reconciled
030200192_,шт,Алматы,2025-09-23,20000104334,2000.0,1755,180,50.0,725.0,400.0,above_Q3_plus_3IQR_and_at_least_8_medians,0.0,review_only,2025-09-01,True,False,53879.0,False,monthly_and_transactions_not_reconciled
030200192_,шт,Алматы,2025-09-23,20000104402,2000.0,1755,180,50.0,725.0,400.0,above_Q3_plus_3IQR_and_at_least_8_medians,0.0,review_only,2025-09-01,True,False,53879.0,False,monthly_and_transactions_not_reconciled
030200192_,шт,Алматы,2025-09-25,20000104979,800.0,1754,180,50.0,725.0,400.0,above_Q3_plus_3IQR_and_at_least_8_medians,0.0,review_only,2025-09-01,True,False,53879.0,False,monthly_and_transactions_not_reconciled
030200192_,шт,Алматы,2025-09-30,20000107759,800.0,1761,180,50.0,731.0,400.0,above_Q3_plus_3IQR_and_at_least_8_medians,0.0,review_only,2025-09-01,True,False,53879.0,False,monthly_and_transactions_not_reconciled
030200192_,шт,Алматы,2025-10-03,20000108966,1000.0,1770,180,50.0,731.0,400.0,above_Q3_plus_3IQR_and_at_least_8_medians,0.0,review_only,2025-10-01,True,False,61615.0,False,monthly_and_transactions_not_reconciled
030200192_,шт,Алматы,2025-10-03,20000109060,1000.0,1770,180,50.0,731.0,400.0,above_Q3_plus_3IQR_and_at_least_8_medians,0.0,review_only,2025-10-01,True,False,61615.0,False,monthly_and_transactions_not_reconciled
030200192_,шт,Алматы,2025-10-07,20000110211,2000.0,1784,180,50.0,731.0,400.0,above_Q3_plus_3IQR_and_at_least_8_medians,0.0,review_only,2025-10-01,True,False,61615.0,False,monthly_and_transactions_not_reconciled
030200192_,шт,Алматы,2025-10-07,20000110422,1000.0,1784,180,50.0,731.0,400.0,above_Q3_plus_3IQR_and_at_least_8_medians,0.0,review_only,2025-10-01,True,False,61615.0,False,monthly_and_transactions_not_reconciled
030200192_,шт,Алматы,2025-10-07,20000110796,1000.0,1784,180,50.0,731.0,400.0,above_Q3_plus_3IQR_and_at_least_8_medians,0.0,review_only,2025-10-01,True,False,61615.0,False,monthly_and_transactions_not_reconciled
030200192_,шт,Алматы,2025-10-09,20000111815,1000.0,1793,180,50.0,731.0,400.0,above_Q3_plus_3IQR_and_at_least_8_medians,0.0,review_only,2025-10-01,True,False,61615.0,False,monthly_and_transactions_not_reconciled
030200192_,шт,Алматы,2025-10-09,20000111844,1800.0,1793,180,50.0,731.0,400.0,above_Q3_plus_3IQR_and_at_least_8_medians,0.0,review_only,2025-10-01,True,False,61615.0,False,monthly_and_transactions_not_reconciled
030200192_,шт,Алматы,2025-10-10,20000112353,2000.0,1801,180,50.0,734.0,400.0,above_Q3_plus_3IQR_and_at_least_8_medians,0.0,review_only,2025-10-01,True,False,61615.0,False,monthly_and_transactions_not_reconciled
030200192_,шт,Алматы,2025-10-13,30000033287,1000.0,1801,180,50.0,734.0,400.0,above_Q3_plus_3IQR_and_at_least_8_medians,0.0,review_only,2025-10-01,True,False,61615.0,False,monthly_and_transactions_not_reconciled
030200192_,шт,Алматы,2025-10-16,20000114870,2000.0,1816,180,50.0,734.0,400.0,above_Q3_plus_3IQR_and_at_least_8_medians,0.0,review_only,2025-10-01,True,False,61615.0,False,monthly_and_transactions_not_reconciled
030200192_,шт,Алматы,2025-10-17,30000033323,1000.0,1826,180,50.0,733.25,400.0,above_Q3_plus_3IQR_and_at_least_8_medians,0.0,review_only,2025-10-01,True,False,61615.0,False,monthly_and_transactions_not_reconciled
030200192_,шт,Алматы,2025-10-21,20000117010,2000.0,1832,180,50.0,734.0,400.0,above_Q3_plus_3IQR_and_at_least_8_medians,0.0,review_only,2025-10-01,True,False,61615.0,False,monthly_and_transactions_not_reconciled
030200192_,шт,Алматы,2025-10-21,20000117228,1000.0,1832,180,50.0,734.0,400.0,above_Q3_plus_3IQR_and_at_least_8_medians,0.0,review_only,2025-10-01,True,False,61615.0,False,monthly_and_transactions_not_reconciled
030200192_,шт,Алматы,2025-10-21,20000117637,1000.0,1832,180,50.0,734.0,400.0,above_Q3_plus_3IQR_and_at_least_8_medians,0.0,review_only,2025-10-01,True,False,61615.0,False,monthly_and_transactions_not_reconciled
030200192_,шт,Алматы,2025-10-28,20000120001,800.0,1834,180,50.0,737.0,400.0,above_Q3_plus_3IQR_and_at_least_8_medians,0.0,review_only,2025-10-01,True,False,61615.0,False,monthly_and_transactions_not_reconciled
030200192_,шт,Алматы,2025-10-31,20000121205,2000.0,1854,180,50.0,737.0,400.0,above_Q3_plus_3IQR_and_at_least_8_medians,0.0,review_only,2025-10-01,True,False,61615.0,False,monthly_and_transactions_not_reconciled
030200192_,шт,Алматы,2025-10-31,20000121557,1000.0,1854,180,50.0,737.0,400.0,above_Q3_plus_3IQR_and_at_least_8_medians,0.0,review_only,2025-10-01,True,False,61615.0,False,monthly_and_transactions_not_reconciled
030200192_,шт,Алматы,2025-10-31,20000122183,800.0,1854,180,50.0,737.0,400.0,above_Q3_plus_3IQR_and_at_least_8_medians,0.0,review_only,2025-10-01,True,False,61615.0,False,monthly_and_transactions_not_reconciled
030200192_,шт,Алматы,2025-11-04,20000122934,800.0,1865,180,50.0,740.0,400.0,above_Q3_plus_3IQR_and_at_least_8_medians,0.0,review_only,2025-11-01,True,False,67138.0,False,monthly_and_transactions_not_reconciled
030200192_,шт,Алматы,2025-11-04,20000123518,800.0,1865,180,50.0,740.0,400.0,above_Q3_plus_3IQR_and_at_least_8_medians,0.0,review_only,2025-11-01,True,False,67138.0,False,monthly_and_transactions_not_reconciled
030200192_,шт,Алматы,2025-11-06,20000123789,2000.0,1866,180,50.0,740.0,400.0,above_Q3_plus_3IQR_and_at_least_8_medians,0.0,review_only,2025-11-01,True,False,67138.0,False,monthly_and_transactions_not_reconciled
030200192_,шт,Алматы,2025-11-08,20000125040,2200.0,1872,180,50.0,740.0,400.0,above_Q3_plus_3IQR_and_at_least_8_medians,0.0,review_only,2025-11-01,True,False,67138.0,False,monthly_and_transactions_not_reconciled
030200192_,шт,Алматы,2025-11-12,20000126601,2000.0,1868,180,50.0,740.0,400.0,above_Q3_plus_3IQR_and_at_least_8_medians,0.0,review_only,2025-11-01,True,False,67138.0,False,monthly_and_transactions_not_reconciled
030200192_,шт,Алматы,2025-11-13,20000127478,800.0,1871,180,50.0,740.0,400.0,above_Q3_plus_3IQR_and_at_least_8_medians,0.0,review_only,2025-11-01,True,False,67138.0,False,monthly_and_transactions_not_reconciled
030200192_,шт,Алматы,2025-11-14,20000127795,1400.0,1876,180,50.0,740.0,400.0,above_Q3_plus_3IQR_and_at_least_8_medians,0.0,review_only,2025-11-01,True,False,67138.0,False,monthly_and_transactions_not_reconciled
030200192_,шт,Алматы,2025-11-14,20000128045,800.0,1876,180,50.0,740.0,400.0,above_Q3_plus_3IQR_and_at_least_8_medians,0.0,review_only,2025-11-01,True,False,67138.0,False,monthly_and_transactions_not_reconciled
030200192_,шт,Алматы,2025-11-14,20000128590,2000.0,1876,180,50.0,740.0,400.0,above_Q3_plus_3IQR_and_at_least_8_medians,0.0,review_only,2025-11-01,True,False,67138.0,False,monthly_and_transactions_not_reconciled
030200192_,шт,Алматы,2025-11-18,20000129511,1200.0,1856,180,50.0,740.0,400.0,above_Q3_plus_3IQR_and_at_least_8_medians,0.0,review_only,2025-11-01,True,False,67138.0,False,monthly_and_transactions_not_reconciled
030200192_,шт,Алматы,2025-11-19,20000130371,800.0,1863,180,50.0,740.0,400.0,above_Q3_plus_3IQR_and_at_least_8_medians,0.0,review_only,2025-11-01,True,False,67138.0,False,monthly_and_transactions_not_reconciled
030200192_,шт,Алматы,2025-11-20,20000130889,2000.0,1861,180,50.0,740.0,400.0,above_Q3_plus_3IQR_and_at_least_8_medians,0.0,review_only,2025-11-01,True,False,67138.0,False,monthly_and_transactions_not_reconciled
030200192_,шт,Алматы,2025-11-21,20000131623,64800.0,1856,180,50.0,740.0,400.0,above_Q3_plus_3IQR_and_at_least_8_medians,0.0,review_only,2025-11-01,True,False,67138.0,False,monthly_and_transactions_not_reconciled
030200192_,шт,Алматы,2025-11-21,20000131670,18000.0,1856,180,50.0,740.0,400.0,above_Q3_plus_3IQR_and_at_least_8_medians,0.0,review_only,2025-11-01,True,False,67138.0,False,monthly_and_transactions_not_reconciled
030200192_,шт,Алматы,2025-11-21,20000131684,3600.0,1856,180,50.0,740.0,400.0,above_Q3_plus_3IQR_and_at_least_8_medians,0.0,review_only,2025-11-01,True,False,67138.0,False,monthly_and_transactions_not_reconciled
030200192_,шт,Алматы,2025-11-21,20000131731,3600.0,1856,180,50.0,740.0,400.0,above_Q3_plus_3IQR_and_at_least_8_medians,0.0,review_only,2025-11-01,True,False,67138.0,False,monthly_and_transactions_not_reconciled
030200192_,шт,Алматы,2025-11-21,20000131918,1000.0,1856,180,50.0,740.0,400.0,above_Q3_plus_3IQR_and_at_least_8_medians,0.0,review_only,2025-11-01,True,False,67138.0,False,monthly_and_transactions_not_reconciled
030200192_,шт,Алматы,2025-11-22,20000131789,1200.0,1871,180,50.0,740.0,400.0,above_Q3_plus_3IQR_and_at_least_8_medians,0.0,review_only,2025-11-01,True,False,67138.0,False,monthly_and_transactions_not_reconciled
030200192_,шт,Алматы,2025-11-24,30000033723,6000.0,1849,180,50.0,740.0,400.0,above_Q3_plus_3IQR_and_at_least_8_medians,0.0,review_only,2025-11-01,True,False,67138.0,False,monthly_and_transactions_not_reconciled
030200192_,шт,Алматы,2025-11-26,20000133001,1000.0,1858,180,50.0,740.0,400.0,above_Q3_plus_3IQR_and_at_least_8_medians,0.0,review_only,2025-11-01,True,False,67138.0,False,monthly_and_transactions_not_reconciled
030200192_,шт,Алматы,2025-11-26,20000133579,800.0,1858,180,50.0,740.0,400.0,above_Q3_plus_3IQR_and_at_least_8_medians,0.0,review_only,2025-11-01,True,False,67138.0,False,monthly_and_transactions_not_reconciled
030200192_,шт,Алматы,2025-11-27,20000133642,1500.0,1859,180,50.0,740.0,400.0,above_Q3_plus_3IQR_and_at_least_8_medians,0.0,review_only,2025-11-01,True,False,67138.0,False,monthly_and_transactions_not_reconciled
030200192_,шт,Алматы,2025-11-27,20000133964,4000.0,1859,180,50.0,740.0,400.0,above_Q3_plus_3IQR_and_at_least_8_medians,0.0,review_only,2025-11-01,True,False,67138.0,False,monthly_and_transactions_not_reconciled
030200192_,шт,Алматы,2025-11-28,20000134339,1000.0,1865,180,50.0,740.0,400.0,above_Q3_plus_3IQR_and_at_least_8_medians,0.0,review_only,2025-11-01,True,False,67138.0,False,monthly_and_transactions_not_reconciled
030200192_,шт,Алматы,2025-11-28,20000134857,1000.0,1865,180,50.0,740.0,400.0,above_Q3_plus_3IQR_and_at_least_8_medians,0.0,review_only,2025-11-01,True,False,67138.0,False,monthly_and_transactions_not_reconciled
030200192_,шт,Алматы,2025-12-01,30000033833,3600.0,1861,180,50.0,740.0,400.0,above_Q3_plus_3IQR_and_at_least_8_medians,0.0,review_only,2025-12-01,True,False,45625.0,False,monthly_and_transactions_not_reconciled
030200192_,шт,Алматы,2025-12-03,20000136853,1000.0,1859,180,50.0,740.0,400.0,above_Q3_plus_3IQR_and_at_least_8_medians,0.0,review_only,2025-12-01,True,False,45625.0,False,monthly_and_transactions_not_reconciled
030200192_,шт,Алматы,2025-12-03,20000137305,1000.0,1859,180,50.0,740.0,400.0,above_Q3_plus_3IQR_and_at_least_8_medians,0.0,review_only,2025-12-01,True,False,45625.0,False,monthly_and_transactions_not_reconciled
030200192_,шт,Алматы,2025-12-05,20000137657,1200.0,1874,180,50.0,740.0,400.0,above_Q3_plus_3IQR_and_at_least_8_medians,0.0,review_only,2025-12-01,True,False,45625.0,False,monthly_and_transactions_not_reconciled
030200192_,шт,Алматы,2025-12-05,20000138348,2000.0,1874,180,50.0,740.0,400.0,above_Q3_plus_3IQR_and_at_least_8_medians,0.0,review_only,2025-12-01,True,False,45625.0,False,monthly_and_transactions_not_reconciled
030200192_,шт,Алматы,2025-12-08,20000139291,7200.0,1856,180,50.0,740.0,400.0,above_Q3_plus_3IQR_and_at_least_8_medians,0.0,review_only,2025-12-01,True,False,45625.0,False,monthly_and_transactions_not_reconciled
030200192_,шт,Алматы,2025-12-09,20000139538,2000.0,1863,180,50.0,740.0,400.0,above_Q3_plus_3IQR_and_at_least_8_medians,0.0,review_only,2025-12-01,True,False,45625.0,False,monthly_and_transactions_not_reconciled
030200192_,шт,Алматы,2025-12-09,20000139804,10800.0,1863,180,50.0,740.0,400.0,above_Q3_plus_3IQR_and_at_least_8_medians,0.0,review_only,2025-12-01,True,False,45625.0,False,monthly_and_transactions_not_reconciled
030200192_,шт,Алматы,2025-12-11,20000139654,1000.0,1859,180,50.0,740.0,400.0,above_Q3_plus_3IQR_and_at_least_8_medians,0.0,review_only,2025-12-01,True,False,45625.0,False,monthly_and_transactions_not_reconciled
030200192_,шт,Алматы,2025-12-12,20000141219,1000.0,1866,180,50.0,740.0,400.0,above_Q3_plus_3IQR_and_at_least_8_medians,0.0,review_only,2025-12-01,True,False,45625.0,False,monthly_and_transactions_not_reconciled
030200192_,шт,Алматы,2025-12-15,20000142305,1000.0,1846,180,50.0,740.0,400.0,above_Q3_plus_3IQR_and_at_least_8_medians,0.0,review_only,2025-12-01,True,False,45625.0,False,monthly_and_transactions_not_reconciled
030200192_,шт,Алматы,2025-12-17,20000143542,3600.0,1829,180,50.0,740.0,400.0,above_Q3_plus_3IQR_and_at_least_8_medians,0.0,review_only,2025-12-01,True,False,45625.0,False,monthly_and_transactions_not_reconciled
030200192_,шт,Алматы,2025-12-17,20000143543,10800.0,1829,180,50.0,740.0,400.0,above_Q3_plus_3IQR_and_at_least_8_medians,0.0,review_only,2025-12-01,True,False,45625.0,False,monthly_and_transactions_not_reconciled
030200192_,шт,Алматы,2025-12-17,20000143544,3600.0,1829,180,50.0,740.0,400.0,above_Q3_plus_3IQR_and_at_least_8_medians,0.0,review_only,2025-12-01,True,False,45625.0,False,monthly_and_transactions_not_reconciled
030200192_,шт,Алматы,2025-12-22,20000145482,1000.0,1808,180,50.0,740.0,400.0,above_Q3_plus_3IQR_and_at_least_8_medians,0.0,review_only,2025-12-01,True,False,45625.0,False,monthly_and_transactions_not_reconciled
030200192_,шт,Алматы,2025-12-23,20000145593,1000.0,1808,180,50.0,740.0,400.0,above_Q3_plus_3IQR_and_at_least_8_medians,0.0,review_only,2025-12-01,True,False,45625.0,False,monthly_and_transactions_not_reconciled
030200192_,шт,Алматы,2025-12-24,20000146519,2600.0,1793,180,50.0,740.0,400.0,above_Q3_plus_3IQR_and_at_least_8_medians,0.0,review_only,2025-12-01,True,False,45625.0,False,monthly_and_transactions_not_reconciled
030200192_,шт,Алматы,2025-12-26,20000147232,800.0,1797,180,50.0,740.0,400.0,above_Q3_plus_3IQR_and_at_least_8_medians,0.0,review_only,2025-12-01,True,False,45625.0,False,monthly_and_transactions_not_reconciled
030200192_,шт,Алматы,2025-12-26,20000147371,2000.0,1797,180,50.0,740.0,400.0,above_Q3_plus_3IQR_and_at_least_8_medians,0.0,review_only,2025-12-01,True,False,45625.0,False,monthly_and_transactions_not_reconciled
030200192_,шт,Алматы,2025-12-26,20000147808,1400.0,1797,180,50.0,740.0,400.0,above_Q3_plus_3IQR_and_at_least_8_medians,0.0,review_only,2025-12-01,True,False,45625.0,False,monthly_and_transactions_not_reconciled
030200192_,шт,Алматы,2026-01-08,20000000940,1000.0,1719,180,50.0,740.0,400.0,above_Q3_plus_3IQR_and_at_least_8_medians,0.0,review_only,2026-01-01,True,False,35240.0,False,monthly_and_transactions_not_reconciled
030200192_,шт,Алматы,2026-01-08,20000001207,1000.0,1719,180,50.0,740.0,400.0,above_Q3_plus_3IQR_and_at_least_8_medians,0.0,review_only,2026-01-01,True,False,35240.0,False,monthly_and_transactions_not_reconciled
030200192_,шт,Алматы,2026-01-09,20000002080,800.0,1724,180,50.0,740.0,400.0,above_Q3_plus_3IQR_and_at_least_8_medians,0.0,review_only,2026-01-01,True,False,35240.0,False,monthly_and_transactions_not_reconciled
030200192_,шт,Алматы,2026-01-13,20000002978,3600.0,1720,180,50.0,740.0,400.0,above_Q3_plus_3IQR_and_at_least_8_medians,0.0,review_only,2026-01-01,True,False,35240.0,False,monthly_and_transactions_not_reconciled
030200192_,шт,Алматы,2026-01-14,20000002994,2000.0,1716,180,50.0,740.0,400.0,above_Q3_plus_3IQR_and_at_least_8_medians,0.0,review_only,2026-01-01,True,False,35240.0,False,monthly_and_transactions_not_reconciled
030200192_,шт,Алматы,2026-01-14,20000003527,3600.0,1716,180,50.0,740.0,400.0,above_Q3_plus_3IQR_and_at_least_8_medians,0.0,review_only,2026-01-01,True,False,35240.0,False,monthly_and_transactions_not_reconciled
030200192_,шт,Алматы,2026-01-15,20000003519,800.0,1721,180,50.0,740.0,400.0,above_Q3_plus_3IQR_and_at_least_8_medians,0.0,review_only,2026-01-01,True,False,35240.0,False,monthly_and_transactions_not_reconciled
030200192_,шт,Алматы,2026-01-15,30000000113,800.0,1721,180,50.0,740.0,400.0,above_Q3_plus_3IQR_and_at_least_8_medians,0.0,review_only,2026-01-01,True,False,35240.0,False,monthly_and_transactions_not_reconciled
030200192_,шт,Алматы,2026-01-16,20000004964,1000.0,1729,180,50.0,740.0,400.0,above_Q3_plus_3IQR_and_at_least_8_medians,0.0,review_only,2026-01-01,True,False,35240.0,False,monthly_and_transactions_not_reconciled
030200192_,шт,Алматы,2026-01-20,20000005575,1000.0,1714,180,50.0,740.0,400.0,above_Q3_plus_3IQR_and_at_least_8_medians,0.0,review_only,2026-01-01,True,False,35240.0,False,monthly_and_transactions_not_reconciled
030200192_,шт,Алматы,2026-01-23,20000006940,800.0,1709,180,50.0,740.0,400.0,above_Q3_plus_3IQR_and_at_least_8_medians,0.0,review_only,2026-01-01,True,False,35240.0,False,monthly_and_transactions_not_reconciled
030200192_,шт,Алматы,2026-01-24,20000007512,1000.0,1717,180,50.0,740.0,400.0,above_Q3_plus_3IQR_and_at_least_8_medians,0.0,review_only,2026-01-01,True,False,35240.0,False,monthly_and_transactions_not_reconciled
030200192_,шт,Алматы,2026-01-27,20000008889,3600.0,1692,180,50.0,740.0,400.0,above_Q3_plus_3IQR_and_at_least_8_medians,0.0,review_only,2026-01-01,True,False,35240.0,False,monthly_and_transactions_not_reconciled
030200192_,шт,Алматы,2026-01-29,20000009880,18000.0,1695,180,50.0,740.0,400.0,above_Q3_plus_3IQR_and_at_least_8_medians,0.0,review_only,2026-01-01,True,False,35240.0,False,monthly_and_transactions_not_reconciled
030200192_,шт,Алматы,2026-01-29,20000009895,3600.0,1695,180,50.0,740.0,400.0,above_Q3_plus_3IQR_and_at_least_8_medians,0.0,review_only,2026-01-01,True,False,35240.0,False,monthly_and_transactions_not_reconciled
030200192_,шт,Алматы,2026-01-29,20000009919,10800.0,1695,180,50.0,740.0,400.0,above_Q3_plus_3IQR_and_at_least_8_medians,0.0,review_only,2026-01-01,True,False,35240.0,False,monthly_and_transactions_not_reconciled
030200192_,шт,Алматы,2026-02-02,20000010751,2000.0,1684,180,50.0,740.0,400.0,above_Q3_plus_3IQR_and_at_least_8_medians,0.0,review_only,2026-02-01,True,False,33467.0,False,monthly_and_transactions_not_reconciled
030200192_,шт,Алматы,2026-02-05,20000012328,1400.0,1687,180,50.0,740.0,400.0,above_Q3_plus_3IQR_and_at_least_8_medians,0.0,review_only,2026-02-01,True,False,33467.0,False,monthly_and_transactions_not_reconciled
030200192_,шт,Алматы,2026-02-07,20000013073,1000.0,1695,180,50.0,740.0,400.0,above_Q3_plus_3IQR_and_at_least_8_medians,0.0,review_only,2026-02-01,True,False,33467.0,False,monthly_and_transactions_not_reconciled
030200192_,шт,Алматы,2026-02-10,30000000326,7200.0,1677,180,50.0,740.0,400.0,above_Q3_plus_3IQR_and_at_least_8_medians,0.0,review_only,2026-02-01,True,False,33467.0,False,monthly_and_transactions_not_reconciled
030200192_,шт,Алматы,2026-02-11,20000014928,3600.0,1676,180,50.0,740.0,400.0,above_Q3_plus_3IQR_and_at_least_8_medians,0.0,review_only,2026-02-01,True,False,33467.0,False,monthly_and_transactions_not_reconciled
030200192_,шт,Алматы,2026-02-11,20000014987,3600.0,1676,180,50.0,740.0,400.0,above_Q3_plus_3IQR_and_at_least_8_medians,0.0,review_only,2026-02-01,True,False,33467.0,False,monthly_and_transactions_not_reconciled
030200192_,шт,Алматы,2026-02-13,20000015125,1500.0,1672,180,50.0,740.0,400.0,above_Q3_plus_3IQR_and_at_least_8_medians,0.0,review_only,2026-02-01,True,False,33467.0,False,monthly_and_transactions_not_reconciled
030200192_,шт,Алматы,2026-02-13,20000015421,1000.0,1672,180,50.0,740.0,400.0,above_Q3_plus_3IQR_and_at_least_8_medians,0.0,review_only,2026-02-01,True,False,33467.0,False,monthly_and_transactions_not_reconciled
030200192_,шт,Алматы,2026-02-19,20000017769,1000.0,1666,180,49.0,740.0,392.0,above_Q3_plus_3IQR_and_at_least_8_medians,0.0,review_only,2026-02-01,True,False,33467.0,False,monthly_and_transactions_not_reconciled
030200192_,шт,Алматы,2026-02-25,20000020070,1000.0,1656,180,46.5,740.0,372.0,above_Q3_plus_3IQR_and_at_least_8_medians,0.0,review_only,2026-02-01,True,False,33467.0,False,monthly_and_transactions_not_reconciled
030200192_,шт,Алматы,2026-02-25,20000020416,1000.0,1656,180,46.5,740.0,372.0,above_Q3_plus_3IQR_and_at_least_8_medians,0.0,review_only,2026-02-01,True,False,33467.0,False,monthly_and_transactions_not_reconciled
030200192_,шт,Алматы,2026-03-03,20000022127,800.0,1640,180,48.0,740.0,384.0,above_Q3_plus_3IQR_and_at_least_8_medians,0.0,review_only,2026-03-01,True,False,42728.0,False,monthly_and_transactions_not_reconciled
030200192_,шт,Алматы,2026-03-03,20000022725,3600.0,1640,180,48.0,740.0,384.0,above_Q3_plus_3IQR_and_at_least_8_medians,0.0,review_only,2026-03-01,True,False,42728.0,False,monthly_and_transactions_not_reconciled
030200192_,шт,Алматы,2026-03-03,20000022782,28800.0,1640,180,48.0,740.0,384.0,above_Q3_plus_3IQR_and_at_least_8_medians,0.0,review_only,2026-03-01,True,False,42728.0,False,monthly_and_transactions_not_reconciled
030200192_,шт,Алматы,2026-03-03,20000022801,14400.0,1640,180,48.0,740.0,384.0,above_Q3_plus_3IQR_and_at_least_8_medians,0.0,review_only,2026-03-01,True,False,42728.0,False,monthly_and_transactions_not_reconciled
030200192_,шт,Алматы,2026-03-04,30000000539,1000.0,1644,180,50.0,740.0,400.0,above_Q3_plus_3IQR_and_at_least_8_medians,0.0,review_only,2026-03-01,True,False,42728.0,False,monthly_and_transactions_not_reconciled
030200192_,шт,Алматы,2026-03-10,20000024636,1000.0,1620,180,50.0,740.0,400.0,above_Q3_plus_3IQR_and_at_least_8_medians,0.0,review_only,2026-03-01,True,False,42728.0,False,monthly_and_transactions_not_reconciled
030200192_,шт,Алматы,2026-03-10,20000024662,7200.0,1620,180,50.0,740.0,400.0,above_Q3_plus_3IQR_and_at_least_8_medians,0.0,review_only,2026-03-01,True,False,42728.0,False,monthly_and_transactions_not_reconciled
030200192_,шт,Алматы,2026-03-10,20000024984,3600.0,1620,180,50.0,740.0,400.0,above_Q3_plus_3IQR_and_at_least_8_medians,0.0,review_only,2026-03-01,True,False,42728.0,False,monthly_and_transactions_not_reconciled
030200192_,шт,Алматы,2026-03-11,20000024904,1000.0,1619,180,50.0,740.0,400.0,above_Q3_plus_3IQR_and_at_least_8_medians,0.0,review_only,2026-03-01,True,False,42728.0,False,monthly_and_transactions_not_reconciled
030200192_,шт,Алматы,2026-03-12,20000025465,2000.0,1617,180,50.0,740.0,400.0,above_Q3_plus_3IQR_and_at_least_8_medians,0.0,review_only,2026-03-01,True,False,42728.0,False,monthly_and_transactions_not_reconciled
030200192_,шт,Алматы,2026-03-13,20000025611,920.0,1619,180,50.0,740.0,400.0,above_Q3_plus_3IQR_and_at_least_8_medians,0.0,review_only,2026-03-01,True,False,42728.0,False,monthly_and_transactions_not_reconciled
030200192_,шт,Алматы,2026-03-13,20000025935,1000.0,1619,180,50.0,740.0,400.0,above_Q3_plus_3IQR_and_at_least_8_medians,0.0,review_only,2026-03-01,True,False,42728.0,False,monthly_and_transactions_not_reconciled
030200192_,шт,Алматы,2026-03-13,20000026124,800.0,1619,180,50.0,740.0,400.0,above_Q3_plus_3IQR_and_at_least_8_medians,0.0,review_only,2026-03-01,True,False,42728.0,False,monthly_and_transactions_not_reconciled
030200192_,шт,Алматы,2026-03-16,20000027131,1000.0,1613,180,50.0,740.0,400.0,above_Q3_plus_3IQR_and_at_least_8_medians,0.0,review_only,2026-03-01,True,False,42728.0,False,monthly_and_transactions_not_reconciled
030200192_,шт,Алматы,2026-03-17,20000027589,1000.0,1617,180,48.0,740.0,384.0,above_Q3_plus_3IQR_and_at_least_8_medians,0.0,review_only,2026-03-01,True,False,42728.0,False,monthly_and_transactions_not_reconciled
030200192_,шт,Алматы,2026-03-26,20000029783,800.0,1550,180,45.0,740.0,360.0,above_Q3_plus_3IQR_and_at_least_8_medians,0.0,review_only,2026-03-01,True,False,42728.0,False,monthly_and_transactions_not_reconciled
030200192_,шт,Алматы,2026-03-26,30000000725,3600.0,1550,180,45.0,740.0,360.0,above_Q3_plus_3IQR_and_at_least_8_medians,0.0,review_only,2026-03-01,True,False,42728.0,False,monthly_and_transactions_not_reconciled
030200192_,шт,Алматы,2026-03-27,20000030355,28800.0,1550,180,45.0,740.0,360.0,above_Q3_plus_3IQR_and_at_least_8_medians,0.0,review_only,2026-03-01,True,False,42728.0,False,monthly_and_transactions_not_reconciled
030200192_,шт,Алматы,2026-03-27,20000030357,18000.0,1550,180,45.0,740.0,360.0,above_Q3_plus_3IQR_and_at_least_8_medians,0.0,review_only,2026-03-01,True,False,42728.0,False,monthly_and_transactions_not_reconciled
030200192_,шт,Алматы,2026-03-27,20000030360,3600.0,1550,180,45.0,740.0,360.0,above_Q3_plus_3IQR_and_at_least_8_medians,0.0,review_only,2026-03-01,True,False,42728.0,False,monthly_and_transactions_not_reconciled
030200192_,шт,Алматы,2026-03-27,20000030369,7200.0,1550,180,45.0,740.0,360.0,above_Q3_plus_3IQR_and_at_least_8_medians,0.0,review_only,2026-03-01,True,False,42728.0,False,monthly_and_transactions_not_reconciled
030200192_,шт,Алматы,2026-03-30,20000031233,1200.0,1547,180,50.0,740.0,400.0,above_Q3_plus_3IQR_and_at_least_8_medians,0.0,review_only,2026-03-01,True,False,42728.0,False,monthly_and_transactions_not_reconciled
030200192_,шт,Алматы,2026-03-30,20000031242,1000.0,1547,180,50.0,740.0,400.0,above_Q3_plus_3IQR_and_at_least_8_medians,0.0,review_only,2026-03-01,True,False,42728.0,False,monthly_and_transactions_not_reconciled
030200192_,шт,Алматы,2026-03-30,20000031245,1000.0,1547,180,50.0,740.0,400.0,above_Q3_plus_3IQR_and_at_least_8_medians,0.0,review_only,2026-03-01,True,False,42728.0,False,monthly_and_transactions_not_reconciled
030200192_,шт,Алматы,2026-03-31,20000031963,2000.0,1550,180,50.0,740.0,400.0,above_Q3_plus_3IQR_and_at_least_8_medians,0.0,review_only,2026-03-01,True,False,42728.0,False,monthly_and_transactions_not_reconciled
030200192_,шт,Алматы,2026-04-02,20000032006,1000.0,1545,180,48.0,740.0,384.0,above_Q3_plus_3IQR_and_at_least_8_medians,0.0,review_only,2026-04-01,True,False,49395.0,False,monthly_and_transactions_not_reconciled
030200192_,шт,Алматы,2026-04-06,20000034232,2000.0,1521,180,45.0,740.0,360.0,above_Q3_plus_3IQR_and_at_least_8_medians,0.0,review_only,2026-04-01,True,False,49395.0,False,monthly_and_transactions_not_reconciled
030200192_,шт,Алматы,2026-04-08,20000034882,800.0,1531,180,45.0,740.0,360.0,above_Q3_plus_3IQR_and_at_least_8_medians,0.0,review_only,2026-04-01,True,False,49395.0,False,monthly_and_transactions_not_reconciled
030200192_,шт,Алматы,2026-04-09,20000035305,1000.0,1529,180,45.0,740.0,360.0,above_Q3_plus_3IQR_and_at_least_8_medians,0.0,review_only,2026-04-01,True,False,49395.0,False,monthly_and_transactions_not_reconciled
030200192_,шт,Алматы,2026-04-11,20000036041,1000.0,1550,180,45.0,740.0,360.0,above_Q3_plus_3IQR_and_at_least_8_medians,0.0,review_only,2026-04-01,True,False,49395.0,False,monthly_and_transactions_not_reconciled
030200192_,шт,Алматы,2026-04-14,20000036636,1000.0,1529,180,45.0,740.0,360.0,above_Q3_plus_3IQR_and_at_least_8_medians,0.0,review_only,2026-04-01,True,False,49395.0,False,monthly_and_transactions_not_reconciled
030200192_,шт,Алматы,2026-04-15,20000037835,2000.0,1530,180,45.0,740.0,360.0,above_Q3_plus_3IQR_and_at_least_8_medians,0.0,review_only,2026-04-01,True,False,49395.0,False,monthly_and_transactions_not_reconciled
030200192_,шт,Алматы,2026-04-21,20000040529,800.0,1528,180,45.0,740.0,360.0,above_Q3_plus_3IQR_and_at_least_8_medians,0.0,review_only,2026-04-01,True,False,49395.0,False,monthly_and_transactions_not_reconciled
030200192_,шт,Алматы,2026-04-21,20000040654,7200.0,1528,180,45.0,740.0,360.0,above_Q3_plus_3IQR_and_at_least_8_medians,0.0,review_only,2026-04-01,True,False,49395.0,False,monthly_and_transactions_not_reconciled
030200192_,шт,Алматы,2026-04-22,20000041355,3600.0,1524,180,45.0,740.0,360.0,above_Q3_plus_3IQR_and_at_least_8_medians,0.0,review_only,2026-04-01,True,False,49395.0,False,monthly_and_transactions_not_reconciled
030200192_,шт,Алматы,2026-04-22,20000041367,14400.0,1524,180,45.0,740.0,360.0,above_Q3_plus_3IQR_and_at_least_8_medians,0.0,review_only,2026-04-01,True,False,49395.0,False,monthly_and_transactions_not_reconciled
030200192_,шт,Алматы,2026-04-22,20000041373,14400.0,1524,180,45.0,740.0,360.0,above_Q3_plus_3IQR_and_at_least_8_medians,0.0,review_only,2026-04-01,True,False,49395.0,False,monthly_and_transactions_not_reconciled
030200192_,шт,Алматы,2026-04-28,20000043558,1000.0,1528,180,45.0,740.0,360.0,above_Q3_plus_3IQR_and_at_least_8_medians,0.0,review_only,2026-04-01,True,False,49395.0,False,monthly_and_transactions_not_reconciled
030200192_,шт,Алматы,2026-04-29,20000044322,800.0,1533,180,45.0,740.0,360.0,above_Q3_plus_3IQR_and_at_least_8_medians,0.0,review_only,2026-04-01,True,False,49395.0,False,monthly_and_transactions_not_reconciled
030200192_,шт,Алматы,2026-04-29,20000044327,2000.0,1533,180,45.0,740.0,360.0,above_Q3_plus_3IQR_and_at_least_8_medians,0.0,review_only,2026-04-01,True,False,49395.0,False,monthly_and_transactions_not_reconciled
030200192_,шт,Алматы,2026-04-29,20000044513,7200.0,1533,180,45.0,740.0,360.0,above_Q3_plus_3IQR_and_at_least_8_medians,0.0,review_only,2026-04-01,True,False,49395.0,False,monthly_and_transactions_not_reconciled
030200192_,шт,Алматы,2026-04-30,20000044766,1000.0,1531,180,45.0,740.0,360.0,above_Q3_plus_3IQR_and_at_least_8_medians,0.0,review_only,2026-04-01,True,False,49395.0,False,monthly_and_transactions_not_reconciled
030200192_,шт,Алматы,2026-05-05,20000045994,800.0,1528,180,45.0,740.0,360.0,above_Q3_plus_3IQR_and_at_least_8_medians,0.0,review_only,2026-05-01,True,False,53354.0,False,monthly_and_transactions_not_reconciled
030200192_,шт,Алматы,2026-05-06,20000046705,1000.0,1541,180,45.0,740.0,360.0,above_Q3_plus_3IQR_and_at_least_8_medians,0.0,review_only,2026-05-01,True,False,53354.0,False,monthly_and_transactions_not_reconciled
030200192_,шт,Алматы,2026-05-11,20000047511,1000.0,1538,180,45.0,740.0,360.0,above_Q3_plus_3IQR_and_at_least_8_medians,0.0,review_only,2026-05-01,True,False,53354.0,False,monthly_and_transactions_not_reconciled
030200192_,шт,Алматы,2026-05-14,20000049400,2000.0,1535,180,45.0,740.0,360.0,above_Q3_plus_3IQR_and_at_least_8_medians,0.0,review_only,2026-05-01,True,False,53354.0,False,monthly_and_transactions_not_reconciled
030200192_,шт,Алматы,2026-05-14,20000049680,1400.0,1535,180,45.0,740.0,360.0,above_Q3_plus_3IQR_and_at_least_8_medians,0.0,review_only,2026-05-01,True,False,53354.0,False,monthly_and_transactions_not_reconciled
030200192_,шт,Алматы,2026-05-14,20000049966,1200.0,1535,180,45.0,740.0,360.0,above_Q3_plus_3IQR_and_at_least_8_medians,0.0,review_only,2026-05-01,True,False,53354.0,False,monthly_and_transactions_not_reconciled
030200192_,шт,Алматы,2026-05-15,20000050457,10800.0,1547,180,45.0,740.0,360.0,above_Q3_plus_3IQR_and_at_least_8_medians,0.0,review_only,2026-05-01,True,False,53354.0,False,monthly_and_transactions_not_reconciled
030200192_,шт,Алматы,2026-05-15,20000050557,2000.0,1547,180,45.0,740.0,360.0,above_Q3_plus_3IQR_and_at_least_8_medians,0.0,review_only,2026-05-01,True,False,53354.0,False,monthly_and_transactions_not_reconciled
030200192_,шт,Алматы,2026-05-16,20000050792,1000.0,1565,180,45.0,740.0,360.0,above_Q3_plus_3IQR_and_at_least_8_medians,0.0,review_only,2026-05-01,True,False,53354.0,False,monthly_and_transactions_not_reconciled
030200192_,шт,Алматы,2026-05-18,20000051719,800.0,1547,180,45.0,740.0,360.0,above_Q3_plus_3IQR_and_at_least_8_medians,0.0,review_only,2026-05-01,True,False,53354.0,False,monthly_and_transactions_not_reconciled
030200192_,шт,Алматы,2026-05-20,20000052290,800.0,1548,180,45.0,740.0,360.0,above_Q3_plus_3IQR_and_at_least_8_medians,0.0,review_only,2026-05-01,True,False,53354.0,False,monthly_and_transactions_not_reconciled
030200192_,шт,Алматы,2026-05-20,20000052593,7200.0,1548,180,45.0,740.0,360.0,above_Q3_plus_3IQR_and_at_least_8_medians,0.0,review_only,2026-05-01,True,False,53354.0,False,monthly_and_transactions_not_reconciled
030200192_,шт,Алматы,2026-05-20,20000052603,3600.0,1548,180,45.0,740.0,360.0,above_Q3_plus_3IQR_and_at_least_8_medians,0.0,review_only,2026-05-01,True,False,53354.0,False,monthly_and_transactions_not_reconciled
030200192_,шт,Алматы,2026-05-21,20000052511,1000.0,1548,180,45.0,740.0,360.0,above_Q3_plus_3IQR_and_at_least_8_medians,0.0,review_only,2026-05-01,True,False,53354.0,False,monthly_and_transactions_not_reconciled
030200192_,шт,Алматы,2026-05-22,20000053794,800.0,1555,180,45.0,740.0,360.0,above_Q3_plus_3IQR_and_at_least_8_medians,0.0,review_only,2026-05-01,True,False,53354.0,False,monthly_and_transactions_not_reconciled
030200192_,шт,Алматы,2026-05-23,20000053873,800.0,1570,180,45.0,740.0,360.0,above_Q3_plus_3IQR_and_at_least_8_medians,0.0,review_only,2026-05-01,True,False,53354.0,False,monthly_and_transactions_not_reconciled
030200192_,шт,Алматы,2026-05-28,20000056243,2000.0,1532,180,45.0,740.0,360.0,above_Q3_plus_3IQR_and_at_least_8_medians,0.0,review_only,2026-05-01,True,False,53354.0,False,monthly_and_transactions_not_reconciled
030200192_,шт,Алматы,2026-05-30,20000059792,1000.0,1545,180,45.0,740.0,360.0,above_Q3_plus_3IQR_and_at_least_8_medians,0.0,review_only,2026-05-01,True,False,53354.0,False,monthly_and_transactions_not_reconciled
030200192_,шт,Алматы,2026-06-01,20000057518,2000.0,1531,180,45.0,740.0,360.0,above_Q3_plus_3IQR_and_at_least_8_medians,0.0,review_only,2026-06-01,True,False,64228.0,False,monthly_and_transactions_not_reconciled
030200192_,шт,Алматы,2026-06-03,20000058401,7200.0,1549,180,45.0,740.0,360.0,above_Q3_plus_3IQR_and_at_least_8_medians,0.0,review_only,2026-06-01,True,False,64228.0,False,monthly_and_transactions_not_reconciled
030200192_,шт,Алматы,2026-06-03,30000001537,1000.0,1549,180,45.0,740.0,360.0,above_Q3_plus_3IQR_and_at_least_8_medians,0.0,review_only,2026-06-01,True,False,64228.0,False,monthly_and_transactions_not_reconciled
030200192_,шт,Алматы,2026-06-05,20000059472,1000.0,1562,180,45.0,740.0,360.0,above_Q3_plus_3IQR_and_at_least_8_medians,0.0,review_only,2026-06-01,True,False,64228.0,False,monthly_and_transactions_not_reconciled
030200192_,шт,Алматы,2026-06-05,20000059648,800.0,1562,180,45.0,740.0,360.0,above_Q3_plus_3IQR_and_at_least_8_medians,0.0,review_only,2026-06-01,True,False,64228.0,False,monthly_and_transactions_not_reconciled
030200192_,шт,Алматы,2026-06-05,30000001568,1000.0,1562,180,45.0,740.0,360.0,above_Q3_plus_3IQR_and_at_least_8_medians,0.0,review_only,2026-06-01,True,False,64228.0,False,monthly_and_transactions_not_reconciled
030200192_,шт,Алматы,2026-06-06,20000059933,2000.0,1580,180,45.0,740.0,360.0,above_Q3_plus_3IQR_and_at_least_8_medians,0.0,review_only,2026-06-01,True,False,64228.0,False,monthly_and_transactions_not_reconciled
030200192_,шт,Алматы,2026-06-08,20000060494,1400.0,1558,180,45.0,740.0,360.0,above_Q3_plus_3IQR_and_at_least_8_medians,0.0,review_only,2026-06-01,True,False,64228.0,False,monthly_and_transactions_not_reconciled
030200192_,шт,Алматы,2026-06-08,20000060916,7200.0,1558,180,45.0,740.0,360.0,above_Q3_plus_3IQR_and_at_least_8_medians,0.0,review_only,2026-06-01,True,False,64228.0,False,monthly_and_transactions_not_reconciled
030200192_,шт,Алматы,2026-06-09,30000001610,7200.0,1564,180,45.0,740.0,360.0,above_Q3_plus_3IQR_and_at_least_8_medians,0.0,review_only,2026-06-01,True,False,64228.0,False,monthly_and_transactions_not_reconciled
030200192_,шт,Алматы,2026-06-12,20000062669,1400.0,1580,180,45.0,740.0,360.0,above_Q3_plus_3IQR_and_at_least_8_medians,0.0,review_only,2026-06-01,True,False,64228.0,False,monthly_and_transactions_not_reconciled
030200192_,шт,Алматы,2026-06-13,20000062731,1500.0,1592,180,45.0,740.0,360.0,above_Q3_plus_3IQR_and_at_least_8_medians,0.0,review_only,2026-06-01,True,False,64228.0,False,monthly_and_transactions_not_reconciled
030200192_,шт,Алматы,2026-06-17,20000064739,1000.0,1598,180,45.0,740.0,360.0,above_Q3_plus_3IQR_and_at_least_8_medians,0.0,review_only,2026-06-01,True,False,64228.0,False,monthly_and_transactions_not_reconciled
030200192_,шт,Алматы,2026-06-19,20000066374,1000.0,1611,180,45.0,740.0,360.0,above_Q3_plus_3IQR_and_at_least_8_medians,0.0,review_only,2026-06-01,True,False,64228.0,False,monthly_and_transactions_not_reconciled
030200192_,шт,Алматы,2026-06-22,20000067024,1000.0,1607,180,45.0,740.0,360.0,above_Q3_plus_3IQR_and_at_least_8_medians,0.0,review_only,2026-06-01,True,False,64228.0,False,monthly_and_transactions_not_reconciled
030200192_,шт,Алматы,2026-06-23,20000067830,2000.0,1618,180,45.0,740.0,360.0,above_Q3_plus_3IQR_and_at_least_8_medians,0.0,review_only,2026-06-01,True,False,64228.0,False,monthly_and_transactions_not_reconciled
030200192_,шт,Алматы,2026-06-23,20000068009,1000.0,1618,180,45.0,740.0,360.0,above_Q3_plus_3IQR_and_at_least_8_medians,0.0,review_only,2026-06-01,True,False,64228.0,False,monthly_and_transactions_not_reconciled
030200192_,шт,Алматы,2026-06-24,20000067927,1000.0,1631,180,45.0,740.0,360.0,above_Q3_plus_3IQR_and_at_least_8_medians,0.0,review_only,2026-06-01,True,False,64228.0,False,monthly_and_transactions_not_reconciled
030200192_,шт,Алматы,2026-06-24,20000068732,18000.0,1631,180,45.0,740.0,360.0,above_Q3_plus_3IQR_and_at_least_8_medians,0.0,review_only,2026-06-01,True,False,64228.0,False,monthly_and_transactions_not_reconciled
030200192_,шт,Алматы,2026-06-24,20000068747,10800.0,1631,180,45.0,740.0,360.0,above_Q3_plus_3IQR_and_at_least_8_medians,0.0,review_only,2026-06-01,True,False,64228.0,False,monthly_and_transactions_not_reconciled
030200192_,шт,Алматы,2026-06-24,20000068750,3600.0,1631,180,45.0,740.0,360.0,above_Q3_plus_3IQR_and_at_least_8_medians,0.0,review_only,2026-06-01,True,False,64228.0,False,monthly_and_transactions_not_reconciled
030200192_,шт,Алматы,2026-06-24,20000068754,3600.0,1631,180,45.0,740.0,360.0,above_Q3_plus_3IQR_and_at_least_8_medians,0.0,review_only,2026-06-01,True,False,64228.0,False,monthly_and_transactions_not_reconciled
030200192_,шт,Алматы,2026-06-26,20000069641,1475.0,1643,180,45.0,740.0,360.0,above_Q3_plus_3IQR_and_at_least_8_medians,0.0,review_only,2026-06-01,True,False,64228.0,False,monthly_and_transactions_not_reconciled
030200192_,шт,Алматы,2026-06-27,20000069998,3000.0,1658,180,45.0,740.0,360.0,above_Q3_plus_3IQR_and_at_least_8_medians,0.0,review_only,2026-06-01,True,False,64228.0,False,monthly_and_transactions_not_reconciled
030200192_,шт,Алматы,2026-07-03,20000072539,2000.0,1704,180,45.0,740.0,360.0,above_Q3_plus_3IQR_and_at_least_8_medians,0.0,review_only,2026-07-01,True,False,66114.0,False,monthly_and_transactions_not_reconciled
030200192_,шт,Алматы,2026-07-03,20000073235,7200.0,1704,180,45.0,740.0,360.0,above_Q3_plus_3IQR_and_at_least_8_medians,0.0,review_only,2026-07-01,True,False,66114.0,False,monthly_and_transactions_not_reconciled
030200192_,шт,Алматы,2026-07-07,30000001863,3600.0,1735,180,45.0,740.0,360.0,above_Q3_plus_3IQR_and_at_least_8_medians,0.0,review_only,2026-07-01,True,False,66114.0,False,monthly_and_transactions_not_reconciled
030200192_,шт,Алматы,2026-07-11,20000074264,2000.0,1770,180,45.0,740.0,360.0,above_Q3_plus_3IQR_and_at_least_8_medians,0.0,review_only,2026-07-01,True,False,66114.0,False,monthly_and_transactions_not_reconciled
030200192_,шт,Алматы,2026-07-11,20000076169,1000.0,1770,180,45.0,740.0,360.0,above_Q3_plus_3IQR_and_at_least_8_medians,0.0,review_only,2026-07-01,True,False,66114.0,False,monthly_and_transactions_not_reconciled
030200192_,шт,Алматы,2026-07-13,20000076633,800.0,1752,180,45.0,740.0,360.0,above_Q3_plus_3IQR_and_at_least_8_medians,0.0,review_only,2026-07-01,True,False,66114.0,False,monthly_and_transactions_not_reconciled
030200192_,шт,Алматы,2026-07-14,20000076925,1000.0,1762,180,45.0,740.0,360.0,above_Q3_plus_3IQR_and_at_least_8_medians,0.0,review_only,2026-07-01,True,False,66114.0,False,monthly_and_transactions_not_reconciled
030200192_,шт,Алматы,2026-07-15,20000077817,1000.0,1767,180,45.0,740.0,360.0,above_Q3_plus_3IQR_and_at_least_8_medians,0.0,review_only,2026-07-01,True,False,66114.0,False,monthly_and_transactions_not_reconciled
030200192_,шт,Алматы,2026-07-17,20000079465,50400.0,1790,180,45.0,740.0,360.0,above_Q3_plus_3IQR_and_at_least_8_medians,0.0,review_only,2026-07-01,True,False,66114.0,False,monthly_and_transactions_not_reconciled
030200192_,шт,Алматы,2026-07-17,20000079487,10800.0,1790,180,45.0,740.0,360.0,above_Q3_plus_3IQR_and_at_least_8_medians,0.0,review_only,2026-07-01,True,False,66114.0,False,monthly_and_transactions_not_reconciled
030200192_,шт,Алматы,2026-07-17,20000079498,7200.0,1790,180,45.0,740.0,360.0,above_Q3_plus_3IQR_and_at_least_8_medians,0.0,review_only,2026-07-01,True,False,66114.0,False,monthly_and_transactions_not_reconciled
030200192_,шт,Алматы,2026-07-18,20000078888,1000.0,1809,180,45.0,740.0,360.0,above_Q3_plus_3IQR_and_at_least_8_medians,0.0,review_only,2026-07-01,True,False,66114.0,False,monthly_and_transactions_not_reconciled
030200192_,шт,Алматы,2026-07-20,20000079062,1000.0,1796,180,45.0,740.0,360.0,above_Q3_plus_3IQR_and_at_least_8_medians,0.0,review_only,2026-07-01,True,False,66114.0,False,monthly_and_transactions_not_reconciled
030200192_,шт,Алматы,2026-07-21,20000080997,3600.0,1807,180,45.0,740.0,360.0,above_Q3_plus_3IQR_and_at_least_8_medians,0.0,review_only,2026-07-01,True,False,66114.0,False,monthly_and_transactions_not_reconciled
030200192_,шт,Алматы,2026-07-23,20000081623,2000.0,1826,180,46.5,740.0,372.0,above_Q3_plus_3IQR_and_at_least_8_medians,0.0,review_only,2026-07-01,True,False,66114.0,False,monthly_and_transactions_not_reconciled
030200192_,шт,Алматы,2026-07-23,30000002051,3600.0,1826,180,46.5,740.0,372.0,above_Q3_plus_3IQR_and_at_least_8_medians,0.0,review_only,2026-07-01,True,False,66114.0,False,monthly_and_transactions_not_reconciled
030200192_,шт,Алматы,2026-07-24,20000082215,2000.0,1836,180,45.0,740.0,360.0,above_Q3_plus_3IQR_and_at_least_8_medians,0.0,review_only,2026-07-01,True,False,66114.0,False,monthly_and_transactions_not_reconciled
030200192_,шт,Алматы,2026-07-27,20000082899,1000.0,1832,180,47.5,740.0,380.0,above_Q3_plus_3IQR_and_at_least_8_medians,0.0,review_only,2026-07-01,True,False,66114.0,False,monthly_and_transactions_not_reconciled
030200192_,шт,Алматы,2026-07-27,20000083317,1200.0,1832,180,47.5,740.0,380.0,above_Q3_plus_3IQR_and_at_least_8_medians,0.0,review_only,2026-07-01,True,False,66114.0,False,monthly_and_transactions_not_reconciled
030200192_,шт,Алматы,2026-07-27,30000002066,1000.0,1832,180,47.5,740.0,380.0,above_Q3_plus_3IQR_and_at_least_8_medians,0.0,review_only,2026-07-01,True,False,66114.0,False,monthly_and_transactions_not_reconciled
030200192_,шт,Алматы,2026-07-28,20000084365,7200.0,1839,180,48.0,740.0,384.0,above_Q3_plus_3IQR_and_at_least_8_medians,0.0,review_only,2026-07-01,True,False,66114.0,False,monthly_and_transactions_not_reconciled
030200192_,шт,Алматы,2026-07-31,20000084252,1000.0,1864,180,50.0,740.0,400.0,above_Q3_plus_3IQR_and_at_least_8_medians,0.0,review_only,2026-07-01,True,False,66114.0,False,monthly_and_transactions_not_reconciled
030200192_,шт,Алматы,2026-07-31,20000086114,800.0,1864,180,50.0,740.0,400.0,above_Q3_plus_3IQR_and_at_least_8_medians,0.0,review_only,2026-07-01,True,False,66114.0,False,monthly_and_transactions_not_reconciled
030200192_,шт,Алматы,2026-08-01,20000085466,1000.0,1881,180,50.0,740.0,400.0,above_Q3_plus_3IQR_and_at_least_8_medians,0.0,review_only,2026-08-01,True,False,63939.0,False,monthly_and_transactions_not_reconciled
030200192_,шт,Алматы,2026-08-03,20000086679,2500.0,1861,180,50.0,740.0,400.0,above_Q3_plus_3IQR_and_at_least_8_medians,0.0,review_only,2026-08-01,True,False,63939.0,False,monthly_and_transactions_not_reconciled
030200192_,шт,Алматы,2026-08-04,20000087706,10800.0,1857,180,50.0,740.0,400.0,above_Q3_plus_3IQR_and_at_least_8_medians,0.0,review_only,2026-08-01,True,False,63939.0,False,monthly_and_transactions_not_reconciled
030200192_,шт,Алматы,2026-08-04,20000087708,10800.0,1857,180,50.0,740.0,400.0,above_Q3_plus_3IQR_and_at_least_8_medians,0.0,review_only,2026-08-01,True,False,63939.0,False,monthly_and_transactions_not_reconciled
030200192_,шт,Алматы,2026-08-04,20000087710,7200.0,1857,180,50.0,740.0,400.0,above_Q3_plus_3IQR_and_at_least_8_medians,0.0,review_only,2026-08-01,True,False,63939.0,False,monthly_and_transactions_not_reconciled
030200192_,шт,Алматы,2026-08-05,20000086220,1000.0,1863,180,50.0,740.0,400.0,above_Q3_plus_3IQR_and_at_least_8_medians,0.0,review_only,2026-08-01,True,False,63939.0,False,monthly_and_transactions_not_reconciled
030200192_,шт,Алматы,2026-08-06,20000088661,3600.0,1872,180,50.0,740.0,400.0,above_Q3_plus_3IQR_and_at_least_8_medians,0.0,review_only,2026-08-01,True,False,63939.0,False,monthly_and_transactions_not_reconciled
030200192_,шт,Алматы,2026-08-08,20000089569,2000.0,1898,180,50.0,740.0,400.0,above_Q3_plus_3IQR_and_at_least_8_medians,0.0,review_only,2026-08-01,True,False,63939.0,False,monthly_and_transactions_not_reconciled
030200192_,шт,Алматы,2026-08-10,20000090151,7200.0,1886,180,50.0,740.0,400.0,above_Q3_plus_3IQR_and_at_least_8_medians,0.0,review_only,2026-08-01,True,False,63939.0,False,monthly_and_transactions_not_reconciled
030200192_,шт,Алматы,2026-08-18,20000093658,1000.0,1921,180,50.0,740.0,400.0,above_Q3_plus_3IQR_and_at_least_8_medians,0.0,review_only,2026-08-01,True,False,63939.0,False,monthly_and_transactions_not_reconciled
030200192_,шт,Алматы,2026-08-18,20000093829,2000.0,1921,180,50.0,740.0,400.0,above_Q3_plus_3IQR_and_at_least_8_medians,0.0,review_only,2026-08-01,True,False,63939.0,False,monthly_and_transactions_not_reconciled
030200192_,шт,Алматы,2026-08-18,20000094306,1000.0,1921,180,50.0,740.0,400.0,above_Q3_plus_3IQR_and_at_least_8_medians,0.0,review_only,2026-08-01,True,False,63939.0,False,monthly_and_transactions_not_reconciled
030200192_,шт,Алматы,2026-08-19,20000095015,1000.0,1922,180,50.0,740.0,400.0,above_Q3_plus_3IQR_and_at_least_8_medians,0.0,review_only,2026-08-01,True,False,63939.0,False,monthly_and_transactions_not_reconciled
030200192_,шт,Алматы,2026-08-21,20000095704,800.0,1942,180,50.0,740.0,400.0,above_Q3_plus_3IQR_and_at_least_8_medians,0.0,review_only,2026-08-01,True,False,63939.0,False,monthly_and_transactions_not_reconciled
030200192_,шт,Алматы,2026-08-21,20000096215,990.0,1942,180,50.0,740.0,400.0,above_Q3_plus_3IQR_and_at_least_8_medians,0.0,review_only,2026-08-01,True,False,63939.0,False,monthly_and_transactions_not_reconciled
030200192_,шт,Алматы,2026-08-24,20000096808,1000.0,1934,180,50.0,740.0,400.0,above_Q3_plus_3IQR_and_at_least_8_medians,0.0,review_only,2026-08-01,True,False,63939.0,False,monthly_and_transactions_not_reconciled
030200192_,шт,Алматы,2026-08-25,20000096858,1000.0,1945,180,50.0,740.0,400.0,above_Q3_plus_3IQR_and_at_least_8_medians,0.0,review_only,2026-08-01,True,False,63939.0,False,monthly_and_transactions_not_reconciled
030200192_,шт,Алматы,2026-08-27,20000098192,2000.0,1971,180,50.0,740.0,400.0,above_Q3_plus_3IQR_and_at_least_8_medians,0.0,review_only,2026-08-01,True,False,63939.0,False,monthly_and_transactions_not_reconciled
030200192_,шт,Алматы,2026-08-27,20000098734,2000.0,1971,180,50.0,740.0,400.0,above_Q3_plus_3IQR_and_at_least_8_medians,0.0,review_only,2026-08-01,True,False,63939.0,False,monthly_and_transactions_not_reconciled
030200192_,шт,Алматы,2026-08-27,30000002392,7200.0,1971,180,50.0,740.0,400.0,above_Q3_plus_3IQR_and_at_least_8_medians,0.0,review_only,2026-08-01,True,False,63939.0,False,monthly_and_transactions_not_reconciled
030200192_,шт,Алматы,2026-08-31,20000100362,1000.0,1986,180,50.0,740.0,400.0,above_Q3_plus_3IQR_and_at_least_8_medians,0.0,review_only,2026-08-01,True,False,63939.0,False,monthly_and_transactions_not_reconciled
030200192_,шт,Алматы,2026-09-02,20000101838,7200.0,2000,180,50.0,740.0,400.0,above_Q3_plus_3IQR_and_at_least_8_medians,0.0,review_only,2026-09-01,,,,False,monthly_and_transactions_not_reconciled
030200192_,шт,Алматы,2026-09-04,20000103180,2000.0,2019,180,50.0,740.0,400.0,above_Q3_plus_3IQR_and_at_least_8_medians,0.0,review_only,2026-09-01,,,,False,monthly_and_transactions_not_reconciled
030200192_,шт,Алматы,2026-09-07,20000103687,61200.0,2034,180,50.0,740.0,400.0,above_Q3_plus_3IQR_and_at_least_8_medians,0.0,review_only,2026-09-01,,,,False,monthly_and_transactions_not_reconciled
030200192_,шт,Алматы,2026-09-07,20000103700,10800.0,2034,180,50.0,740.0,400.0,above_Q3_plus_3IQR_and_at_least_8_medians,0.0,review_only,2026-09-01,,,,False,monthly_and_transactions_not_reconciled
030200192_,шт,Алматы,2026-09-07,20000103726,10800.0,2034,180,50.0,740.0,400.0,above_Q3_plus_3IQR_and_at_least_8_medians,0.0,review_only,2026-09-01,,,,False,monthly_and_transactions_not_reconciled
030200192_,шт,Алматы,2026-09-07,20000103774,3600.0,2034,180,50.0,740.0,400.0,above_Q3_plus_3IQR_and_at_least_8_medians,0.0,review_only,2026-09-01,,,,False,monthly_and_transactions_not_reconciled
030200192_,шт,Алматы,2026-09-09,20000104701,1000.0,2054,180,50.0,740.0,400.0,above_Q3_plus_3IQR_and_at_least_8_medians,0.0,review_only,2026-09-01,,,,False,monthly_and_transactions_not_reconciled
030200192_,шт,Алматы,2026-09-11,20000105553,1200.0,2069,180,50.0,740.0,400.0,above_Q3_plus_3IQR_and_at_least_8_medians,0.0,review_only,2026-09-01,,,,False,monthly_and_transactions_not_reconciled
030200192_,шт,Алматы,2026-09-11,20000105917,1000.0,2069,180,50.0,740.0,400.0,above_Q3_plus_3IQR_and_at_least_8_medians,0.0,review_only,2026-09-01,,,,False,monthly_and_transactions_not_reconciled
030200192_,шт,Алматы,2026-09-11,20000105984,2600.0,2069,180,50.0,740.0,400.0,above_Q3_plus_3IQR_and_at_least_8_medians,0.0,review_only,2026-09-01,,,,False,monthly_and_transactions_not_reconciled
030200192_,шт,Алматы,2026-09-16,20000107591,1000.0,2093,180,50.0,740.0,400.0,above_Q3_plus_3IQR_and_at_least_8_medians,0.0,review_only,2026-09-01,,,,False,monthly_and_transactions_not_reconciled
030200192_,шт,Алматы,2026-09-17,20000109026,1000.0,2105,180,50.0,740.0,400.0,above_Q3_plus_3IQR_and_at_least_8_medians,0.0,review_only,2026-09-01,,,,False,monthly_and_transactions_not_reconciled
030200192_,шт,Алматы,2026-09-17,20000109282,3600.0,2105,180,50.0,740.0,400.0,above_Q3_plus_3IQR_and_at_least_8_medians,0.0,review_only,2026-09-01,,,,False,monthly_and_transactions_not_reconciled
030200192_,шт,Алматы,2026-09-18,20000108979,800.0,2122,180,50.0,740.0,400.0,above_Q3_plus_3IQR_and_at_least_8_medians,0.0,review_only,2026-09-01,,,,False,monthly_and_transactions_not_reconciled
030200192_,шт,Алматы,2026-09-18,20000110012,1000.0,2122,180,50.0,740.0,400.0,above_Q3_plus_3IQR_and_at_least_8_medians,0.0,review_only,2026-09-01,,,,False,monthly_and_transactions_not_reconciled
030200192_,шт,Алматы,2026-09-18,20000110086,1000.0,2122,180,50.0,740.0,400.0,above_Q3_plus_3IQR_and_at_least_8_medians,0.0,review_only,2026-09-01,,,,False,monthly_and_transactions_not_reconciled
030200192_,шт,Алматы,2026-09-19,20000109825,800.0,2134,180,50.0,740.0,400.0,above_Q3_plus_3IQR_and_at_least_8_medians,0.0,review_only,2026-09-01,,,,False,monthly_and_transactions_not_reconciled
030200192_,шт,Алматы,2026-09-21,30000002725,3600.0,2146,180,50.0,740.0,400.0,above_Q3_plus_3IQR_and_at_least_8_medians,0.0,review_only,2026-09-01,,,,False,monthly_and_transactions_not_reconciled
030200192_,шт,Алматы,2026-09-22,20000111655,800.0,2159,180,50.0,740.0,400.0,above_Q3_plus_3IQR_and_at_least_8_medians,0.0,review_only,2026-09-01,,,,False,monthly_and_transactions_not_reconciled
030200193_,шт,Алматы,2025-01-08,20000000899,420.0,13,180,10.0,82.0,80.0,above_Q3_plus_3IQR_and_at_least_8_medians,0.0,review_only,2025-01-01,True,False,16307.0,False,monthly_and_transactions_not_reconciled
030200193_,шт,Алматы,2025-01-08,20000001008,210.0,13,180,10.0,82.0,80.0,above_Q3_plus_3IQR_and_at_least_8_medians,0.0,review_only,2025-01-01,True,False,16307.0,False,monthly_and_transactions_not_reconciled
030200193_,шт,Алматы,2025-01-08,20000001238,400.0,13,180,10.0,82.0,80.0,above_Q3_plus_3IQR_and_at_least_8_medians,0.0,review_only,2025-01-01,True,False,16307.0,False,monthly_and_transactions_not_reconciled
030200193_,шт,Алматы,2025-01-09,20000001468,1470.0,20,180,20.0,480.0,160.0,above_Q3_plus_3IQR_and_at_least_8_medians,0.0,review_only,2025-01-01,True,False,16307.0,False,monthly_and_transactions_not_reconciled
030200193_,шт,Алматы,2025-01-10,20000002192,500.0,26,180,17.5,379.0,140.0,above_Q3_plus_3IQR_and_at_least_8_medians,0.0,review_only,2025-01-01,True,False,16307.0,False,monthly_and_transactions_not_reconciled
030200193_,шт,Алматы,2025-01-14,20000002842,420.0,53,180,20.0,210.0,160.0,above_Q3_plus_3IQR_and_at_least_8_medians,0.0,review_only,2025-01-01,True,False,16307.0,False,monthly_and_transactions_not_reconciled
030200193_,шт,Алматы,2025-01-16,20000003997,630.0,68,180,20.0,370.0,160.0,above_Q3_plus_3IQR_and_at_least_8_medians,0.0,review_only,2025-01-01,True,False,16307.0,False,monthly_and_transactions_not_reconciled
030200193_,шт,Алматы,2025-01-16,20000004360,500.0,68,180,20.0,370.0,160.0,above_Q3_plus_3IQR_and_at_least_8_medians,0.0,review_only,2025-01-01,True,False,16307.0,False,monthly_and_transactions_not_reconciled
030200193_,шт,Алматы,2025-02-03,20000010670,11340.0,164,180,20.0,370.0,160.0,above_Q3_plus_3IQR_and_at_least_8_medians,0.0,review_only,2025-02-01,True,False,22560.0,False,monthly_and_transactions_not_reconciled
030200193_,шт,Алматы,2025-02-05,20000011489,630.0,179,180,25.0,370.0,200.0,above_Q3_plus_3IQR_and_at_least_8_medians,0.0,review_only,2025-02-01,True,False,22560.0,False,monthly_and_transactions_not_reconciled
030200193_,шт,Алматы,2025-02-05,20000011517,800.0,179,180,25.0,370.0,200.0,above_Q3_plus_3IQR_and_at_least_8_medians,0.0,review_only,2025-02-01,True,False,22560.0,False,monthly_and_transactions_not_reconciled
030200193_,шт,Алматы,2025-02-06,20000011838,630.0,188,180,25.0,370.0,200.0,above_Q3_plus_3IQR_and_at_least_8_medians,0.0,review_only,2025-02-01,True,False,22560.0,False,monthly_and_transactions_not_reconciled
030200193_,шт,Алматы,2025-02-07,30000000377,630.0,197,180,25.0,370.0,200.0,above_Q3_plus_3IQR_and_at_least_8_medians,0.0,review_only,2025-02-01,True,False,22560.0,False,monthly_and_transactions_not_reconciled
030200193_,шт,Алматы,2025-02-12,20000014330,3780.0,231,180,25.0,370.0,200.0,above_Q3_plus_3IQR_and_at_least_8_medians,0.0,review_only,2025-02-01,True,False,22560.0,False,monthly_and_transactions_not_reconciled
030200193_,шт,Алматы,2025-02-12,20000014333,3780.0,231,180,25.0,370.0,200.0,above_Q3_plus_3IQR_and_at_least_8_medians,0.0,review_only,2025-02-01,True,False,22560.0,False,monthly_and_transactions_not_reconciled
030200193_,шт,Алматы,2025-02-14,20000014763,630.0,249,180,30.0,490.0,240.0,above_Q3_plus_3IQR_and_at_least_8_medians,0.0,review_only,2025-02-01,True,False,22560.0,False,monthly_and_transactions_not_reconciled
030200193_,шт,Алматы,2025-02-14,20000015427,500.0,249,180,30.0,490.0,240.0,above_Q3_plus_3IQR_and_at_least_8_medians,0.0,review_only,2025-02-01,True,False,22560.0,False,monthly_and_transactions_not_reconciled
030200193_,шт,Алматы,2025-02-17,20000015999,500.0,268,180,30.0,492.0,240.0,above_Q3_plus_3IQR_and_at_least_8_medians,0.0,review_only,2025-02-01,True,False,22560.0,False,monthly_and_transactions_not_reconciled
030200193_,шт,Алматы,2025-02-19,20000016757,420.0,283,180,30.0,410.0,240.0,above_Q3_plus_3IQR_and_at_least_8_medians,0.0,review_only,2025-02-01,True,False,22560.0,False,monthly_and_transactions_not_reconciled
030200193_,шт,Алматы,2025-02-20,20000017571,420.0,294,180,29.5,370.0,236.0,above_Q3_plus_3IQR_and_at_least_8_medians,0.0,review_only,2025-02-01,True,False,22560.0,False,monthly_and_transactions_not_reconciled
030200193_,шт,Алматы,2025-02-21,20000018193,420.0,301,180,29.0,370.0,232.0,above_Q3_plus_3IQR_and_at_least_8_medians,0.0,review_only,2025-02-01,True,False,22560.0,False,monthly_and_transactions_not_reconciled
030200193_,шт,Алматы,2025-02-22,20000018285,420.0,306,180,27.0,370.0,216.0,above_Q3_plus_3IQR_and_at_least_8_medians,0.0,review_only,2025-02-01,True,False,22560.0,False,monthly_and_transactions_not_reconciled
030200193_,шт,Алматы,2025-02-24,20000018414,420.0,311,180,25.0,410.0,200.0,above_Q3_plus_3IQR_and_at_least_8_medians,0.0,review_only,2025-02-01,True,False,22560.0,False,monthly_and_transactions_not_reconciled
030200193_,шт,Алматы,2025-02-24,20000018657,500.0,311,180,25.0,410.0,200.0,above_Q3_plus_3IQR_and_at_least_8_medians,0.0,review_only,2025-02-01,True,False,22560.0,False,monthly_and_transactions_not_reconciled
030200193_,шт,Алматы,2025-02-26,20000019619,420.0,327,180,25.0,370.0,200.0,above_Q3_plus_3IQR_and_at_least_8_medians,0.0,review_only,2025-02-01,True,False,22560.0,False,monthly_and_transactions_not_reconciled
030200193_,шт,Алматы,2025-02-27,20000019755,800.0,335,180,25.0,410.0,200.0,above_Q3_plus_3IQR_and_at_least_8_medians,0.0,review_only,2025-02-01,True,False,22560.0,False,monthly_and_transactions_not_reconciled
030200193_,шт,Алматы,2025-02-28,20000020210,840.0,342,180,29.5,480.0,236.0,above_Q3_plus_3IQR_and_at_least_8_medians,0.0,review_only,2025-02-01,True,False,22560.0,False,monthly_and_transactions_not_reconciled
030200193_,шт,Алматы,2025-02-28,30000000556,630.0,342,180,29.5,480.0,236.0,above_Q3_plus_3IQR_and_at_least_8_medians,0.0,review_only,2025-02-01,True,False,22560.0,False,monthly_and_transactions_not_reconciled
030200193_,шт,Алматы,2025-03-03,20000021400,3600.0,358,180,29.5,496.0,236.0,above_Q3_plus_3IQR_and_at_least_8_medians,0.0,review_only,2025-03-01,True,False,21882.0,False,monthly_and_transactions_not_reconciled
030200193_,шт,Алматы,2025-03-04,20000021546,15120.0,364,180,27.0,492.0,216.0,above_Q3_plus_3IQR_and_at_least_8_medians,0.0,review_only,2025-03-01,True,False,21882.0,False,monthly_and_transactions_not_reconciled
030200193_,шт,Алматы,2025-03-12,20000023750,630.0,408,180,25.0,450.0,200.0,above_Q3_plus_3IQR_and_at_least_8_medians,0.0,review_only,2025-03-01,True,False,21882.0,False,monthly_and_transactions_not_reconciled
030200193_,шт,Алматы,2025-03-12,20000024012,630.0,408,180,25.0,450.0,200.0,above_Q3_plus_3IQR_and_at_least_8_medians,0.0,review_only,2025-03-01,True,False,21882.0,False,monthly_and_transactions_not_reconciled
030200193_,шт,Алматы,2025-03-12,20000024399,7560.0,408,180,25.0,450.0,200.0,above_Q3_plus_3IQR_and_at_least_8_medians,0.0,review_only,2025-03-01,True,False,21882.0,False,monthly_and_transactions_not_reconciled
030200193_,шт,Алматы,2025-03-12,20000024402,3780.0,408,180,25.0,450.0,200.0,above_Q3_plus_3IQR_and_at_least_8_medians,0.0,review_only,2025-03-01,True,False,21882.0,False,monthly_and_transactions_not_reconciled
030200193_,шт,Алматы,2025-03-14,20000025050,3780.0,430,180,30.0,496.0,240.0,above_Q3_plus_3IQR_and_at_least_8_medians,0.0,review_only,2025-03-01,True,False,21882.0,False,monthly_and_transactions_not_reconciled
030200193_,шт,Алматы,2025-03-19,20000026871,500.0,455,180,30.0,450.0,240.0,above_Q3_plus_3IQR_and_at_least_8_medians,0.0,review_only,2025-03-01,True,False,21882.0,False,monthly_and_transactions_not_reconciled
030200193_,шт,Алматы,2025-03-20,20000027725,1050.0,463,180,30.0,570.0,240.0,above_Q3_plus_3IQR_and_at_least_8_medians,0.0,review_only,2025-03-01,True,False,21882.0,False,monthly_and_transactions_not_reconciled
030200193_,шт,Алматы,2025-03-26,20000028191,1000.0,482,180,30.0,480.0,240.0,above_Q3_plus_3IQR_and_at_least_8_medians,0.0,review_only,2025-03-01,True,False,21882.0,False,monthly_and_transactions_not_reconciled
030200193_,шт,Алматы,2025-03-28,20000029520,840.0,498,180,30.0,430.0,240.0,above_Q3_plus_3IQR_and_at_least_8_medians,0.0,review_only,2025-03-01,True,False,21882.0,False,monthly_and_transactions_not_reconciled
030200193_,шт,Алматы,2025-04-08,20000033716,630.0,583,180,30.0,534.0,240.0,above_Q3_plus_3IQR_and_at_least_8_medians,0.0,review_only,2025-04-01,True,False,25710.0,False,monthly_and_transactions_not_reconciled
030200193_,шт,Алматы,2025-04-09,20000034294,1000.0,589,180,30.0,570.0,240.0,above_Q3_plus_3IQR_and_at_least_8_medians,0.0,review_only,2025-04-01,True,False,25710.0,False,monthly_and_transactions_not_reconciled
030200193_,шт,Алматы,2025-04-11,20000035323,3780.0,600,180,30.0,570.0,240.0,above_Q3_plus_3IQR_and_at_least_8_medians,0.0,review_only,2025-04-01,True,False,25710.0,False,monthly_and_transactions_not_reconciled
030200193_,шт,Алматы,2025-04-15,20000035844,840.0,624,180,30.0,570.0,240.0,above_Q3_plus_3IQR_and_at_least_8_medians,0.0,review_only,2025-04-01,True,False,25710.0,False,monthly_and_transactions_not_reconciled
030200193_,шт,Алматы,2025-04-18,20000038299,800.0,645,180,30.0,570.0,240.0,above_Q3_plus_3IQR_and_at_least_8_medians,0.0,review_only,2025-04-01,True,False,25710.0,False,monthly_and_transactions_not_reconciled
030200193_,шт,Алматы,2025-04-22,20000039175,1050.0,661,180,30.0,570.0,240.0,above_Q3_plus_3IQR_and_at_least_8_medians,0.0,review_only,2025-04-01,True,False,25710.0,False,monthly_and_transactions_not_reconciled
030200193_,шт,Алматы,2025-04-24,20000040371,3780.0,674,180,30.0,570.0,240.0,above_Q3_plus_3IQR_and_at_least_8_medians,0.0,review_only,2025-04-01,True,False,25710.0,False,monthly_and_transactions_not_reconciled
030200193_,шт,Алматы,2025-04-24,30000031759,630.0,674,180,30.0,570.0,240.0,above_Q3_plus_3IQR_and_at_least_8_medians,0.0,review_only,2025-04-01,True,False,25710.0,False,monthly_and_transactions_not_reconciled
030200193_,шт,Алматы,2025-04-25,20000040822,1000.0,681,180,30.0,570.0,240.0,above_Q3_plus_3IQR_and_at_least_8_medians,0.0,review_only,2025-04-01,True,False,25710.0,False,monthly_and_transactions_not_reconciled
030200193_,шт,Алматы,2025-04-30,20000042513,800.0,711,180,30.0,570.0,240.0,above_Q3_plus_3IQR_and_at_least_8_medians,0.0,review_only,2025-04-01,True,False,25710.0,False,monthly_and_transactions_not_reconciled
030200193_,шт,Алматы,2025-05-03,30000031826,1050.0,735,180,30.0,570.0,240.0,above_Q3_plus_3IQR_and_at_least_8_medians,0.0,review_only,2025-05-01,True,False,17627.0,False,monthly_and_transactions_not_reconciled
030200193_,шт,Алматы,2025-05-06,20000044832,11340.0,751,180,30.0,570.0,240.0,above_Q3_plus_3IQR_and_at_least_8_medians,0.0,review_only,2025-05-01,True,False,17627.0,False,monthly_and_transactions_not_reconciled
030200193_,шт,Алматы,2025-05-13,30000031889,630.0,783,180,30.0,570.0,240.0,above_Q3_plus_3IQR_and_at_least_8_medians,0.0,review_only,2025-05-01,True,False,17627.0,False,monthly_and_transactions_not_reconciled
030200193_,шт,Алматы,2025-05-15,20000048024,542.0,796,180,30.0,516.0,240.0,above_Q3_plus_3IQR_and_at_least_8_medians,0.0,review_only,2025-05-01,True,False,17627.0,False,monthly_and_transactions_not_reconciled
030200193_,шт,Алматы,2025-05-15,20000048330,7560.0,796,180,30.0,516.0,240.0,above_Q3_plus_3IQR_and_at_least_8_medians,0.0,review_only,2025-05-01,True,False,17627.0,False,monthly_and_transactions_not_reconciled
030200193_,шт,Алматы,2025-05-20,20000050017,500.0,830,180,30.0,480.0,240.0,above_Q3_plus_3IQR_and_at_least_8_medians,0.0,review_only,2025-05-01,True,False,17627.0,False,monthly_and_transactions_not_reconciled
030200193_,шт,Алматы,2025-05-23,20000052131,500.0,866,180,30.0,450.0,240.0,above_Q3_plus_3IQR_and_at_least_8_medians,0.0,review_only,2025-05-01,True,False,17627.0,False,monthly_and_transactions_not_reconciled
030200193_,шт,Алматы,2025-05-28,30000032053,420.0,909,180,30.0,370.0,240.0,above_Q3_plus_3IQR_and_at_least_8_medians,0.0,review_only,2025-05-01,True,False,17627.0,False,monthly_and_transactions_not_reconciled
030200193_,шт,Алматы,2025-06-03,20000056250,700.0,956,180,30.0,370.0,240.0,above_Q3_plus_3IQR_and_at_least_8_medians,0.0,review_only,2025-06-01,True,False,25136.0,False,monthly_and_transactions_not_reconciled
030200193_,шт,Алматы,2025-06-03,20000056327,420.0,956,180,30.0,370.0,240.0,above_Q3_plus_3IQR_and_at_least_8_medians,0.0,review_only,2025-06-01,True,False,25136.0,False,monthly_and_transactions_not_reconciled
030200193_,шт,Алматы,2025-06-03,20000056744,420.0,956,180,30.0,370.0,240.0,above_Q3_plus_3IQR_and_at_least_8_medians,0.0,review_only,2025-06-01,True,False,25136.0,False,monthly_and_transactions_not_reconciled
030200193_,шт,Алматы,2025-06-04,20000056933,420.0,969,180,30.0,370.0,240.0,above_Q3_plus_3IQR_and_at_least_8_medians,0.0,review_only,2025-06-01,True,False,25136.0,False,monthly_and_transactions_not_reconciled
030200193_,шт,Алматы,2025-06-13,20000060604,420.0,1027,180,30.0,370.0,240.0,above_Q3_plus_3IQR_and_at_least_8_medians,0.0,review_only,2025-06-01,True,False,25136.0,False,monthly_and_transactions_not_reconciled
030200193_,шт,Алматы,2025-06-14,20000061193,480.0,1041,180,30.0,370.0,240.0,above_Q3_plus_3IQR_and_at_least_8_medians,0.0,review_only,2025-06-01,True,False,25136.0,False,monthly_and_transactions_not_reconciled
030200193_,шт,Алматы,2025-06-17,20000061986,420.0,1064,180,30.0,370.0,240.0,above_Q3_plus_3IQR_and_at_least_8_medians,0.0,review_only,2025-06-01,True,False,25136.0,False,monthly_and_transactions_not_reconciled
030200193_,шт,Алматы,2025-06-17,20000062335,420.0,1064,180,30.0,370.0,240.0,above_Q3_plus_3IQR_and_at_least_8_medians,0.0,review_only,2025-06-01,True,False,25136.0,False,monthly_and_transactions_not_reconciled
030200193_,шт,Алматы,2025-06-19,20000061577,400.0,1086,180,30.0,370.0,240.0,above_Q3_plus_3IQR_and_at_least_8_medians,0.0,review_only,2025-06-01,True,False,25136.0,False,monthly_and_transactions_not_reconciled
030200193_,шт,Алматы,2025-06-20,20000063366,420.0,1103,180,30.0,370.0,240.0,above_Q3_plus_3IQR_and_at_least_8_medians,0.0,review_only,2025-06-01,True,False,25136.0,False,monthly_and_transactions_not_reconciled
030200193_,шт,Алматы,2025-06-20,20000063926,840.0,1103,180,30.0,370.0,240.0,above_Q3_plus_3IQR_and_at_least_8_medians,0.0,review_only,2025-06-01,True,False,25136.0,False,monthly_and_transactions_not_reconciled
030200193_,шт,Алматы,2025-06-21,20000063686,420.0,1117,180,30.0,370.0,240.0,above_Q3_plus_3IQR_and_at_least_8_medians,0.0,review_only,2025-06-01,True,False,25136.0,False,monthly_and_transactions_not_reconciled
030200193_,шт,Алматы,2025-06-23,20000064169,2500.0,1124,180,30.0,370.0,240.0,above_Q3_plus_3IQR_and_at_least_8_medians,0.0,review_only,2025-06-01,True,False,25136.0,False,monthly_and_transactions_not_reconciled
030200193_,шт,Алматы,2025-06-23,20000064654,420.0,1124,180,30.0,370.0,240.0,above_Q3_plus_3IQR_and_at_least_8_medians,0.0,review_only,2025-06-01,True,False,25136.0,False,monthly_and_transactions_not_reconciled
030200193_,шт,Алматы,2025-06-24,20000064626,1050.0,1138,180,30.0,370.0,240.0,above_Q3_plus_3IQR_and_at_least_8_medians,0.0,review_only,2025-06-01,True,False,25136.0,False,monthly_and_transactions_not_reconciled
030200193_,шт,Алматы,2025-06-27,20000066946,530.0,1172,180,30.0,370.0,240.0,above_Q3_plus_3IQR_and_at_least_8_medians,0.0,review_only,2025-06-01,True,False,25136.0,False,monthly_and_transactions_not_reconciled
030200193_,шт,Алматы,2025-07-02,20000068291,630.0,1211,180,30.0,370.0,240.0,above_Q3_plus_3IQR_and_at_least_8_medians,0.0,review_only,2025-07-01,True,False,23583.0,False,monthly_and_transactions_not_reconciled
030200193_,шт,Алматы,2025-07-03,20000069298,450.0,1223,180,30.0,370.0,240.0,above_Q3_plus_3IQR_and_at_least_8_medians,0.0,review_only,2025-07-01,True,False,23583.0,False,monthly_and_transactions_not_reconciled
030200193_,шт,Алматы,2025-07-03,20000069299,800.0,1223,180,30.0,370.0,240.0,above_Q3_plus_3IQR_and_at_least_8_medians,0.0,review_only,2025-07-01,True,False,23583.0,False,monthly_and_transactions_not_reconciled
030200193_,шт,Алматы,2025-07-03,20000069368,420.0,1223,180,30.0,370.0,240.0,above_Q3_plus_3IQR_and_at_least_8_medians,0.0,review_only,2025-07-01,True,False,23583.0,False,monthly_and_transactions_not_reconciled
030200193_,шт,Алматы,2025-07-05,20000070162,420.0,1240,180,30.0,370.0,240.0,above_Q3_plus_3IQR_and_at_least_8_medians,0.0,review_only,2025-07-01,True,False,23583.0,False,monthly_and_transactions_not_reconciled
030200193_,шт,Алматы,2025-07-09,20000071285,420.0,1234,180,30.0,370.0,240.0,above_Q3_plus_3IQR_and_at_least_8_medians,0.0,review_only,2025-07-01,True,False,23583.0,False,monthly_and_transactions_not_reconciled
030200193_,шт,Алматы,2025-07-09,20000071355,420.0,1234,180,30.0,370.0,240.0,above_Q3_plus_3IQR_and_at_least_8_medians,0.0,review_only,2025-07-01,True,False,23583.0,False,monthly_and_transactions_not_reconciled
030200193_,шт,Алматы,2025-07-09,20000071676,420.0,1234,180,30.0,370.0,240.0,above_Q3_plus_3IQR_and_at_least_8_medians,0.0,review_only,2025-07-01,True,False,23583.0,False,monthly_and_transactions_not_reconciled
030200193_,шт,Алматы,2025-07-10,20000071824,420.0,1232,180,30.0,370.0,240.0,above_Q3_plus_3IQR_and_at_least_8_medians,0.0,review_only,2025-07-01,True,False,23583.0,False,monthly_and_transactions_not_reconciled
030200193_,шт,Алматы,2025-07-10,20000072003,3780.0,1232,180,30.0,370.0,240.0,above_Q3_plus_3IQR_and_at_least_8_medians,0.0,review_only,2025-07-01,True,False,23583.0,False,monthly_and_transactions_not_reconciled
030200193_,шт,Алматы,2025-07-11,20000071945,630.0,1239,180,30.0,370.0,240.0,above_Q3_plus_3IQR_and_at_least_8_medians,0.0,review_only,2025-07-01,True,False,23583.0,False,monthly_and_transactions_not_reconciled
030200193_,шт,Алматы,2025-07-11,30000032580,3780.0,1239,180,30.0,370.0,240.0,above_Q3_plus_3IQR_and_at_least_8_medians,0.0,review_only,2025-07-01,True,False,23583.0,False,monthly_and_transactions_not_reconciled
030200193_,шт,Алматы,2025-07-15,20000073557,630.0,1242,180,30.0,370.0,240.0,above_Q3_plus_3IQR_and_at_least_8_medians,0.0,review_only,2025-07-01,True,False,23583.0,False,monthly_and_transactions_not_reconciled
030200193_,шт,Алматы,2025-07-15,20000073951,420.0,1242,180,30.0,370.0,240.0,above_Q3_plus_3IQR_and_at_least_8_medians,0.0,review_only,2025-07-01,True,False,23583.0,False,monthly_and_transactions_not_reconciled
030200193_,шт,Алматы,2025-07-15,20000074022,420.0,1242,180,30.0,370.0,240.0,above_Q3_plus_3IQR_and_at_least_8_medians,0.0,review_only,2025-07-01,True,False,23583.0,False,monthly_and_transactions_not_reconciled
030200193_,шт,Алматы,2025-07-17,20000074983,1050.0,1249,180,30.0,370.0,240.0,above_Q3_plus_3IQR_and_at_least_8_medians,0.0,review_only,2025-07-01,True,False,23583.0,False,monthly_and_transactions_not_reconciled
030200193_,шт,Алматы,2025-07-17,20000075662,7560.0,1249,180,30.0,370.0,240.0,above_Q3_plus_3IQR_and_at_least_8_medians,0.0,review_only,2025-07-01,True,False,23583.0,False,monthly_and_transactions_not_reconciled
030200193_,шт,Алматы,2025-07-22,20000077294,420.0,1254,180,30.0,370.0,240.0,above_Q3_plus_3IQR_and_at_least_8_medians,0.0,review_only,2025-07-01,True,False,23583.0,False,monthly_and_transactions_not_reconciled
030200193_,шт,Алматы,2025-07-24,20000078169,420.0,1261,180,30.0,370.0,240.0,above_Q3_plus_3IQR_and_at_least_8_medians,0.0,review_only,2025-07-01,True,False,23583.0,False,monthly_and_transactions_not_reconciled
030200193_,шт,Алматы,2025-07-24,20000078269,400.0,1261,180,30.0,370.0,240.0,above_Q3_plus_3IQR_and_at_least_8_medians,0.0,review_only,2025-07-01,True,False,23583.0,False,monthly_and_transactions_not_reconciled
030200193_,шт,Алматы,2025-07-25,20000078938,420.0,1269,180,30.0,370.0,240.0,above_Q3_plus_3IQR_and_at_least_8_medians,0.0,review_only,2025-07-01,True,False,23583.0,False,monthly_and_transactions_not_reconciled
030200193_,шт,Алматы,2025-07-29,20000080232,420.0,1272,180,30.0,370.0,240.0,above_Q3_plus_3IQR_and_at_least_8_medians,0.0,review_only,2025-07-01,True,False,23583.0,False,monthly_and_transactions_not_reconciled
030200193_,шт,Алматы,2025-07-29,20000080425,3780.0,1272,180,30.0,370.0,240.0,above_Q3_plus_3IQR_and_at_least_8_medians,0.0,review_only,2025-07-01,True,False,23583.0,False,monthly_and_transactions_not_reconciled
030200193_,шт,Алматы,2025-07-31,20000081193,1500.0,1279,180,30.0,370.0,240.0,above_Q3_plus_3IQR_and_at_least_8_medians,0.0,review_only,2025-07-01,True,False,23583.0,False,monthly_and_transactions_not_reconciled
030200193_,шт,Алматы,2025-07-31,20000081674,3780.0,1279,180,30.0,370.0,240.0,above_Q3_plus_3IQR_and_at_least_8_medians,0.0,review_only,2025-07-01,True,False,23583.0,False,monthly_and_transactions_not_reconciled
030200193_,шт,Алматы,2025-08-04,20000082203,500.0,1281,180,30.0,370.0,240.0,above_Q3_plus_3IQR_and_at_least_8_medians,0.0,review_only,2025-08-01,True,False,22259.0,False,monthly_and_transactions_not_reconciled
030200193_,шт,Алматы,2025-08-05,30000032775,3780.0,1277,180,30.0,370.0,240.0,above_Q3_plus_3IQR_and_at_least_8_medians,0.0,review_only,2025-08-01,True,False,22259.0,False,monthly_and_transactions_not_reconciled
030200193_,шт,Алматы,2025-08-06,20000083088,420.0,1278,180,30.0,370.0,240.0,above_Q3_plus_3IQR_and_at_least_8_medians,0.0,review_only,2025-08-01,True,False,22259.0,False,monthly_and_transactions_not_reconciled
030200193_,шт,Алматы,2025-08-06,20000083134,420.0,1278,180,30.0,370.0,240.0,above_Q3_plus_3IQR_and_at_least_8_medians,0.0,review_only,2025-08-01,True,False,22259.0,False,monthly_and_transactions_not_reconciled
030200193_,шт,Алматы,2025-08-09,20000085085,420.0,1302,180,30.0,370.0,240.0,above_Q3_plus_3IQR_and_at_least_8_medians,0.0,review_only,2025-08-01,True,False,22259.0,False,monthly_and_transactions_not_reconciled
030200193_,шт,Алматы,2025-08-09,20000085308,630.0,1302,180,30.0,370.0,240.0,above_Q3_plus_3IQR_and_at_least_8_medians,0.0,review_only,2025-08-01,True,False,22259.0,False,monthly_and_transactions_not_reconciled
030200193_,шт,Алматы,2025-08-13,20000086387,420.0,1295,180,30.0,370.0,240.0,above_Q3_plus_3IQR_and_at_least_8_medians,0.0,review_only,2025-08-01,True,False,22259.0,False,monthly_and_transactions_not_reconciled
030200193_,шт,Алматы,2025-08-15,20000088059,1050.0,1292,180,30.0,370.0,240.0,above_Q3_plus_3IQR_and_at_least_8_medians,0.0,review_only,2025-08-01,True,False,22259.0,False,monthly_and_transactions_not_reconciled
030200193_,шт,Алматы,2025-08-20,20000089948,420.0,1297,180,30.0,370.0,240.0,above_Q3_plus_3IQR_and_at_least_8_medians,0.0,review_only,2025-08-01,True,False,22259.0,False,monthly_and_transactions_not_reconciled
030200193_,шт,Алматы,2025-08-22,20000090355,600.0,1309,180,30.0,370.0,240.0,above_Q3_plus_3IQR_and_at_least_8_medians,0.0,review_only,2025-08-01,True,False,22259.0,False,monthly_and_transactions_not_reconciled
030200193_,шт,Алматы,2025-08-23,20000091550,420.0,1325,180,30.0,370.0,240.0,above_Q3_plus_3IQR_and_at_least_8_medians,0.0,review_only,2025-08-01,True,False,22259.0,False,monthly_and_transactions_not_reconciled
030200193_,шт,Алматы,2025-08-27,20000092958,2100.0,1315,180,30.0,370.0,240.0,above_Q3_plus_3IQR_and_at_least_8_medians,0.0,review_only,2025-08-01,True,False,22259.0,False,monthly_and_transactions_not_reconciled
030200193_,шт,Алматы,2025-08-28,20000093743,420.0,1316,180,30.0,370.0,240.0,above_Q3_plus_3IQR_and_at_least_8_medians,0.0,review_only,2025-08-01,True,False,22259.0,False,monthly_and_transactions_not_reconciled
030200193_,шт,Алматы,2025-08-28,30000032932,410.0,1316,180,30.0,370.0,240.0,above_Q3_plus_3IQR_and_at_least_8_medians,0.0,review_only,2025-08-01,True,False,22259.0,False,monthly_and_transactions_not_reconciled
030200193_,шт,Алматы,2025-08-29,20000093946,630.0,1318,180,30.0,370.0,240.0,above_Q3_plus_3IQR_and_at_least_8_medians,0.0,review_only,2025-08-01,True,False,22259.0,False,monthly_and_transactions_not_reconciled
030200193_,шт,Алматы,2025-08-29,20000094512,7560.0,1318,180,30.0,370.0,240.0,above_Q3_plus_3IQR_and_at_least_8_medians,0.0,review_only,2025-08-01,True,False,22259.0,False,monthly_and_transactions_not_reconciled
030200193_,шт,Алматы,2025-09-02,20000095359,423.0,1319,180,30.0,370.0,240.0,above_Q3_plus_3IQR_and_at_least_8_medians,0.0,review_only,2025-09-01,True,False,15925.0,False,monthly_and_transactions_not_reconciled
030200193_,шт,Алматы,2025-09-03,20000095516,420.0,1324,180,30.0,370.0,240.0,above_Q3_plus_3IQR_and_at_least_8_medians,0.0,review_only,2025-09-01,True,False,15925.0,False,monthly_and_transactions_not_reconciled
030200193_,шт,Алматы,2025-09-06,20000097371,500.0,1338,180,30.0,370.0,240.0,above_Q3_plus_3IQR_and_at_least_8_medians,0.0,review_only,2025-09-01,True,False,15925.0,False,monthly_and_transactions_not_reconciled
030200193_,шт,Алматы,2025-09-10,20000098831,600.0,1316,180,26.5,370.0,212.0,above_Q3_plus_3IQR_and_at_least_8_medians,0.0,review_only,2025-09-01,True,False,15925.0,False,monthly_and_transactions_not_reconciled
030200193_,шт,Алматы,2025-09-12,20000099228,600.0,1326,180,26.5,370.0,212.0,above_Q3_plus_3IQR_and_at_least_8_medians,0.0,review_only,2025-09-01,True,False,15925.0,False,monthly_and_transactions_not_reconciled
030200193_,шт,Алматы,2025-09-15,20000100737,420.0,1329,180,25.0,370.0,200.0,above_Q3_plus_3IQR_and_at_least_8_medians,0.0,review_only,2025-09-01,True,False,15925.0,False,monthly_and_transactions_not_reconciled
030200193_,шт,Алматы,2025-09-19,20000102979,3780.0,1339,180,25.0,370.0,200.0,above_Q3_plus_3IQR_and_at_least_8_medians,0.0,review_only,2025-09-01,True,False,15925.0,False,monthly_and_transactions_not_reconciled
030200193_,шт,Алматы,2025-09-19,20000103025,630.0,1339,180,25.0,370.0,200.0,above_Q3_plus_3IQR_and_at_least_8_medians,0.0,review_only,2025-09-01,True,False,15925.0,False,monthly_and_transactions_not_reconciled
030200193_,шт,Алматы,2025-09-23,20000104124,630.0,1343,180,25.0,370.0,200.0,above_Q3_plus_3IQR_and_at_least_8_medians,0.0,review_only,2025-09-01,True,False,15925.0,False,monthly_and_transactions_not_reconciled
030200193_,шт,Алматы,2025-09-23,20000104334,420.0,1343,180,25.0,370.0,200.0,above_Q3_plus_3IQR_and_at_least_8_medians,0.0,review_only,2025-09-01,True,False,15925.0,False,monthly_and_transactions_not_reconciled
030200193_,шт,Алматы,2025-09-24,20000104408,420.0,1350,180,25.0,370.0,200.0,above_Q3_plus_3IQR_and_at_least_8_medians,0.0,review_only,2025-09-01,True,False,15925.0,False,monthly_and_transactions_not_reconciled
030200193_,шт,Алматы,2025-09-26,20000105783,420.0,1354,180,25.0,370.0,200.0,above_Q3_plus_3IQR_and_at_least_8_medians,0.0,review_only,2025-09-01,True,False,15925.0,False,monthly_and_transactions_not_reconciled
030200193_,шт,Алматы,2025-10-01,20000107696,420.0,1346,180,25.0,370.0,200.0,above_Q3_plus_3IQR_and_at_least_8_medians,0.0,review_only,2025-10-01,True,False,25149.0,False,monthly_and_transactions_not_reconciled
030200193_,шт,Алматы,2025-10-03,20000108966,630.0,1346,180,25.0,370.0,200.0,above_Q3_plus_3IQR_and_at_least_8_medians,0.0,review_only,2025-10-01,True,False,25149.0,False,monthly_and_transactions_not_reconciled
030200193_,шт,Алматы,2025-10-03,20000109018,420.0,1346,180,25.0,370.0,200.0,above_Q3_plus_3IQR_and_at_least_8_medians,0.0,review_only,2025-10-01,True,False,25149.0,False,monthly_and_transactions_not_reconciled
030200193_,шт,Алматы,2025-10-03,20000109060,420.0,1346,180,25.0,370.0,200.0,above_Q3_plus_3IQR_and_at_least_8_medians,0.0,review_only,2025-10-01,True,False,25149.0,False,monthly_and_transactions_not_reconciled
030200193_,шт,Алматы,2025-10-04,20000109527,560.0,1361,180,25.0,370.0,200.0,above_Q3_plus_3IQR_and_at_least_8_medians,0.0,review_only,2025-10-01,True,False,25149.0,False,monthly_and_transactions_not_reconciled
030200193_,шт,Алматы,2025-10-06,20000110288,600.0,1348,180,25.0,370.0,200.0,above_Q3_plus_3IQR_and_at_least_8_medians,0.0,review_only,2025-10-01,True,False,25149.0,False,monthly_and_transactions_not_reconciled
030200193_,шт,Алматы,2025-10-07,20000110422,630.0,1352,180,25.0,370.0,200.0,above_Q3_plus_3IQR_and_at_least_8_medians,0.0,review_only,2025-10-01,True,False,25149.0,False,monthly_and_transactions_not_reconciled
030200193_,шт,Алматы,2025-10-07,20000110551,1050.0,1352,180,25.0,370.0,200.0,above_Q3_plus_3IQR_and_at_least_8_medians,0.0,review_only,2025-10-01,True,False,25149.0,False,monthly_and_transactions_not_reconciled
030200193_,шт,Алматы,2025-10-07,20000110993,500.0,1352,180,25.0,370.0,200.0,above_Q3_plus_3IQR_and_at_least_8_medians,0.0,review_only,2025-10-01,True,False,25149.0,False,monthly_and_transactions_not_reconciled
030200193_,шт,Алматы,2025-10-09,20000111815,630.0,1356,180,25.0,370.0,200.0,above_Q3_plus_3IQR_and_at_least_8_medians,0.0,review_only,2025-10-01,True,False,25149.0,False,monthly_and_transactions_not_reconciled
030200193_,шт,Алматы,2025-10-09,20000112077,420.0,1356,180,25.0,370.0,200.0,above_Q3_plus_3IQR_and_at_least_8_medians,0.0,review_only,2025-10-01,True,False,25149.0,False,monthly_and_transactions_not_reconciled
030200193_,шт,Алматы,2025-10-11,20000111928,630.0,1366,180,25.0,370.0,200.0,above_Q3_plus_3IQR_and_at_least_8_medians,0.0,review_only,2025-10-01,True,False,25149.0,False,monthly_and_transactions_not_reconciled
030200193_,шт,Алматы,2025-10-11,20000112750,600.0,1366,180,25.0,370.0,200.0,above_Q3_plus_3IQR_and_at_least_8_medians,0.0,review_only,2025-10-01,True,False,25149.0,False,monthly_and_transactions_not_reconciled
030200193_,шт,Алматы,2025-10-13,20000113957,420.0,1357,180,25.0,370.0,200.0,above_Q3_plus_3IQR_and_at_least_8_medians,0.0,review_only,2025-10-01,True,False,25149.0,False,monthly_and_transactions_not_reconciled
030200193_,шт,Алматы,2025-10-13,30000033287,630.0,1357,180,25.0,370.0,200.0,above_Q3_plus_3IQR_and_at_least_8_medians,0.0,review_only,2025-10-01,True,False,25149.0,False,monthly_and_transactions_not_reconciled
030200193_,шт,Алматы,2025-10-20,20000116807,400.0,1383,180,25.0,308.0,200.0,above_Q3_plus_3IQR_and_at_least_8_medians,0.0,review_only,2025-10-01,True,False,25149.0,False,monthly_and_transactions_not_reconciled
030200193_,шт,Алматы,2025-10-20,20000117254,3780.0,1383,180,25.0,308.0,200.0,above_Q3_plus_3IQR_and_at_least_8_medians,0.0,review_only,2025-10-01,True,False,25149.0,False,monthly_and_transactions_not_reconciled
030200193_,шт,Алматы,2025-10-21,20000117010,630.0,1388,180,25.0,315.0,200.0,above_Q3_plus_3IQR_and_at_least_8_medians,0.0,review_only,2025-10-01,True,False,25149.0,False,monthly_and_transactions_not_reconciled
030200193_,шт,Алматы,2025-10-21,20000117228,420.0,1388,180,25.0,315.0,200.0,above_Q3_plus_3IQR_and_at_least_8_medians,0.0,review_only,2025-10-01,True,False,25149.0,False,monthly_and_transactions_not_reconciled
030200193_,шт,Алматы,2025-10-21,20000117637,420.0,1388,180,25.0,315.0,200.0,above_Q3_plus_3IQR_and_at_least_8_medians,0.0,review_only,2025-10-01,True,False,25149.0,False,monthly_and_transactions_not_reconciled
030200193_,шт,Алматы,2025-10-23,20000118540,420.0,1388,180,25.0,303.0,200.0,above_Q3_plus_3IQR_and_at_least_8_medians,0.0,review_only,2025-10-01,True,False,25149.0,False,monthly_and_transactions_not_reconciled
030200193_,шт,Алматы,2025-10-31,20000121557,630.0,1399,180,25.0,304.0,200.0,above_Q3_plus_3IQR_and_at_least_8_medians,0.0,review_only,2025-10-01,True,False,25149.0,False,monthly_and_transactions_not_reconciled
030200193_,шт,Алматы,2025-10-31,20000122183,420.0,1399,180,25.0,304.0,200.0,above_Q3_plus_3IQR_and_at_least_8_medians,0.0,review_only,2025-10-01,True,False,25149.0,False,monthly_and_transactions_not_reconciled
030200193_,шт,Алматы,2025-11-04,20000123518,420.0,1409,180,25.0,302.0,200.0,above_Q3_plus_3IQR_and_at_least_8_medians,0.0,review_only,2025-11-01,True,False,27153.0,False,monthly_and_transactions_not_reconciled
030200193_,шт,Алматы,2025-11-06,20000123789,420.0,1416,180,25.0,290.0,200.0,above_Q3_plus_3IQR_and_at_least_8_medians,0.0,review_only,2025-11-01,True,False,27153.0,False,monthly_and_transactions_not_reconciled
030200193_,шт,Алматы,2025-11-06,20000124396,420.0,1416,180,25.0,290.0,200.0,above_Q3_plus_3IQR_and_at_least_8_medians,0.0,review_only,2025-11-01,True,False,27153.0,False,monthly_and_transactions_not_reconciled
030200193_,шт,Алматы,2025-11-07,20000124689,420.0,1419,180,25.0,290.0,200.0,above_Q3_plus_3IQR_and_at_least_8_medians,0.0,review_only,2025-11-01,True,False,27153.0,False,monthly_and_transactions_not_reconciled
030200193_,шт,Алматы,2025-11-07,20000125094,1500.0,1419,180,25.0,290.0,200.0,above_Q3_plus_3IQR_and_at_least_8_medians,0.0,review_only,2025-11-01,True,False,27153.0,False,monthly_and_transactions_not_reconciled
030200193_,шт,Алматы,2025-11-07,20000125451,3780.0,1419,180,25.0,290.0,200.0,above_Q3_plus_3IQR_and_at_least_8_medians,0.0,review_only,2025-11-01,True,False,27153.0,False,monthly_and_transactions_not_reconciled
030200193_,шт,Алматы,2025-11-08,20000125040,420.0,1433,180,25.0,290.0,200.0,above_Q3_plus_3IQR_and_at_least_8_medians,0.0,review_only,2025-11-01,True,False,27153.0,False,monthly_and_transactions_not_reconciled
030200193_,шт,Алматы,2025-11-11,20000126263,520.0,1434,180,25.0,290.0,200.0,above_Q3_plus_3IQR_and_at_least_8_medians,0.0,review_only,2025-11-01,True,False,27153.0,False,monthly_and_transactions_not_reconciled
030200193_,шт,Алматы,2025-11-14,20000127795,840.0,1447,180,25.0,290.0,200.0,above_Q3_plus_3IQR_and_at_least_8_medians,0.0,review_only,2025-11-01,True,False,27153.0,False,monthly_and_transactions_not_reconciled
030200193_,шт,Алматы,2025-11-17,20000128994,420.0,1434,180,25.0,290.0,200.0,above_Q3_plus_3IQR_and_at_least_8_medians,0.0,review_only,2025-11-01,True,False,27153.0,False,monthly_and_transactions_not_reconciled
030200193_,шт,Алматы,2025-11-18,20000129511,840.0,1436,180,25.0,290.0,200.0,above_Q3_plus_3IQR_and_at_least_8_medians,0.0,review_only,2025-11-01,True,False,27153.0,False,monthly_and_transactions_not_reconciled
030200193_,шт,Алматы,2025-11-20,20000130889,1050.0,1446,180,25.0,290.0,200.0,above_Q3_plus_3IQR_and_at_least_8_medians,0.0,review_only,2025-11-01,True,False,27153.0,False,monthly_and_transactions_not_reconciled
030200193_,шт,Алматы,2025-11-21,20000131623,15120.0,1448,180,25.0,290.0,200.0,above_Q3_plus_3IQR_and_at_least_8_medians,0.0,review_only,2025-11-01,True,False,27153.0,False,monthly_and_transactions_not_reconciled
030200193_,шт,Алматы,2025-11-21,20000131731,7560.0,1448,180,25.0,290.0,200.0,above_Q3_plus_3IQR_and_at_least_8_medians,0.0,review_only,2025-11-01,True,False,27153.0,False,monthly_and_transactions_not_reconciled
030200193_,шт,Алматы,2025-11-22,20000131789,630.0,1455,180,25.0,290.0,200.0,above_Q3_plus_3IQR_and_at_least_8_medians,0.0,review_only,2025-11-01,True,False,27153.0,False,monthly_and_transactions_not_reconciled
030200193_,шт,Алматы,2025-11-22,20000132170,447.0,1455,180,25.0,290.0,200.0,above_Q3_plus_3IQR_and_at_least_8_medians,0.0,review_only,2025-11-01,True,False,27153.0,False,monthly_and_transactions_not_reconciled
030200193_,шт,Алматы,2025-11-24,30000033723,4200.0,1433,180,25.0,290.0,200.0,above_Q3_plus_3IQR_and_at_least_8_medians,0.0,review_only,2025-11-01,True,False,27153.0,False,monthly_and_transactions_not_reconciled
030200193_,шт,Алматы,2025-11-26,20000133648,420.0,1435,180,25.0,290.0,200.0,above_Q3_plus_3IQR_and_at_least_8_medians,0.0,review_only,2025-11-01,True,False,27153.0,False,monthly_and_transactions_not_reconciled
030200193_,шт,Алматы,2025-11-27,20000133642,500.0,1436,180,25.0,290.0,200.0,above_Q3_plus_3IQR_and_at_least_8_medians,0.0,review_only,2025-11-01,True,False,27153.0,False,monthly_and_transactions_not_reconciled
030200193_,шт,Алматы,2025-11-27,20000133964,1050.0,1436,180,25.0,290.0,200.0,above_Q3_plus_3IQR_and_at_least_8_medians,0.0,review_only,2025-11-01,True,False,27153.0,False,monthly_and_transactions_not_reconciled
030200193_,шт,Алматы,2025-11-28,20000134509,630.0,1436,180,25.0,302.0,200.0,above_Q3_plus_3IQR_and_at_least_8_medians,0.0,review_only,2025-11-01,True,False,27153.0,False,monthly_and_transactions_not_reconciled
030200193_,шт,Алматы,2025-11-28,20000134832,7560.0,1436,180,25.0,302.0,200.0,above_Q3_plus_3IQR_and_at_least_8_medians,0.0,review_only,2025-11-01,True,False,27153.0,False,monthly_and_transactions_not_reconciled
030200193_,шт,Алматы,2025-11-28,20000134857,1050.0,1436,180,25.0,302.0,200.0,above_Q3_plus_3IQR_and_at_least_8_medians,0.0,review_only,2025-11-01,True,False,27153.0,False,monthly_and_transactions_not_reconciled
030200193_,шт,Алматы,2025-12-01,30000033833,3780.0,1427,180,25.0,302.0,200.0,above_Q3_plus_3IQR_and_at_least_8_medians,0.0,review_only,2025-12-01,True,False,24955.0,False,monthly_and_transactions_not_reconciled
030200193_,шт,Алматы,2025-12-03,20000136853,1050.0,1429,180,25.0,290.0,200.0,above_Q3_plus_3IQR_and_at_least_8_medians,0.0,review_only,2025-12-01,True,False,24955.0,False,monthly_and_transactions_not_reconciled
030200193_,шт,Алматы,2025-12-03,20000136872,420.0,1429,180,25.0,290.0,200.0,above_Q3_plus_3IQR_and_at_least_8_medians,0.0,review_only,2025-12-01,True,False,24955.0,False,monthly_and_transactions_not_reconciled
030200193_,шт,Алматы,2025-12-05,20000137478,420.0,1442,180,24.5,290.0,196.0,above_Q3_plus_3IQR_and_at_least_8_medians,0.0,review_only,2025-12-01,True,False,24955.0,False,monthly_and_transactions_not_reconciled
030200193_,шт,Алматы,2025-12-05,20000137657,420.0,1442,180,24.5,290.0,196.0,above_Q3_plus_3IQR_and_at_least_8_medians,0.0,review_only,2025-12-01,True,False,24955.0,False,monthly_and_transactions_not_reconciled
030200193_,шт,Алматы,2025-12-13,20000142015,420.0,1456,180,25.0,302.0,200.0,above_Q3_plus_3IQR_and_at_least_8_medians,0.0,review_only,2025-12-01,True,False,24955.0,False,monthly_and_transactions_not_reconciled
030200193_,шт,Алматы,2025-12-17,20000142882,2520.0,1416,180,25.0,307.0,200.0,above_Q3_plus_3IQR_and_at_least_8_medians,0.0,review_only,2025-12-01,True,False,24955.0,False,monthly_and_transactions_not_reconciled
030200193_,шт,Алматы,2025-12-19,20000143497,2100.0,1418,180,25.0,305.0,200.0,above_Q3_plus_3IQR_and_at_least_8_medians,0.0,review_only,2025-12-01,True,False,24955.0,False,monthly_and_transactions_not_reconciled
030200193_,шт,Алматы,2025-12-19,20000144432,630.0,1418,180,25.0,305.0,200.0,above_Q3_plus_3IQR_and_at_least_8_medians,0.0,review_only,2025-12-01,True,False,24955.0,False,monthly_and_transactions_not_reconciled
030200193_,шт,Алматы,2025-12-22,20000145334,630.0,1408,180,25.0,302.0,200.0,above_Q3_plus_3IQR_and_at_least_8_medians,0.0,review_only,2025-12-01,True,False,24955.0,False,monthly_and_transactions_not_reconciled
030200193_,шт,Алматы,2025-12-22,20000145482,1050.0,1408,180,25.0,302.0,200.0,above_Q3_plus_3IQR_and_at_least_8_medians,0.0,review_only,2025-12-01,True,False,24955.0,False,monthly_and_transactions_not_reconciled
030200193_,шт,Алматы,2025-12-24,20000146519,1470.0,1410,180,25.0,299.0,200.0,above_Q3_plus_3IQR_and_at_least_8_medians,0.0,review_only,2025-12-01,True,False,24955.0,False,monthly_and_transactions_not_reconciled
030200193_,шт,Алматы,2025-12-26,20000147371,1050.0,1409,180,25.0,290.0,200.0,above_Q3_plus_3IQR_and_at_least_8_medians,0.0,review_only,2025-12-01,True,False,24955.0,False,monthly_and_transactions_not_reconciled
030200193_,шт,Алматы,2026-01-09,20000001476,630.0,1343,180,23.0,258.0,184.0,above_Q3_plus_3IQR_and_at_least_8_medians,0.0,review_only,2026-01-01,True,False,18659.0,False,monthly_and_transactions_not_reconciled
030200193_,шт,Алматы,2026-01-09,20000002080,420.0,1343,180,23.0,258.0,184.0,above_Q3_plus_3IQR_and_at_least_8_medians,0.0,review_only,2026-01-01,True,False,18659.0,False,monthly_and_transactions_not_reconciled
030200193_,шт,Алматы,2026-01-10,20000002194,420.0,1353,180,23.0,270.0,184.0,above_Q3_plus_3IQR_and_at_least_8_medians,0.0,review_only,2026-01-01,True,False,18659.0,False,monthly_and_transactions_not_reconciled
030200193_,шт,Алматы,2026-01-12,20000002604,600.0,1342,180,23.0,250.0,184.0,above_Q3_plus_3IQR_and_at_least_8_medians,0.0,review_only,2026-01-01,True,False,18659.0,False,monthly_and_transactions_not_reconciled
030200193_,шт,Алматы,2026-01-13,20000002525,1050.0,1346,180,25.0,270.0,200.0,above_Q3_plus_3IQR_and_at_least_8_medians,0.0,review_only,2026-01-01,True,False,18659.0,False,monthly_and_transactions_not_reconciled
030200193_,шт,Алматы,2026-01-15,20000004437,300.0,1345,180,24.0,250.0,192.0,above_Q3_plus_3IQR_and_at_least_8_medians,0.0,review_only,2026-01-01,True,False,18659.0,False,monthly_and_transactions_not_reconciled
030200193_,шт,Алматы,2026-01-15,30000000113,420.0,1345,180,24.0,250.0,192.0,above_Q3_plus_3IQR_and_at_least_8_medians,0.0,review_only,2026-01-01,True,False,18659.0,False,monthly_and_transactions_not_reconciled
030200193_,шт,Алматы,2026-01-22,20000006390,420.0,1336,180,25.0,252.0,200.0,above_Q3_plus_3IQR_and_at_least_8_medians,0.0,review_only,2026-01-01,True,False,18659.0,False,monthly_and_transactions_not_reconciled
030200193_,шт,Алматы,2026-01-22,20000006624,600.0,1336,180,25.0,252.0,200.0,above_Q3_plus_3IQR_and_at_least_8_medians,0.0,review_only,2026-01-01,True,False,18659.0,False,monthly_and_transactions_not_reconciled
030200193_,шт,Алматы,2026-01-23,20000007015,2100.0,1343,180,25.0,250.0,200.0,above_Q3_plus_3IQR_and_at_least_8_medians,0.0,review_only,2026-01-01,True,False,18659.0,False,monthly_and_transactions_not_reconciled
030200193_,шт,Алматы,2026-01-24,20000007512,420.0,1352,180,25.0,250.0,200.0,above_Q3_plus_3IQR_and_at_least_8_medians,0.0,review_only,2026-01-01,True,False,18659.0,False,monthly_and_transactions_not_reconciled
030200193_,шт,Алматы,2026-01-27,20000008697,420.0,1344,180,25.0,250.0,200.0,above_Q3_plus_3IQR_and_at_least_8_medians,0.0,review_only,2026-01-01,True,False,18659.0,False,monthly_and_transactions_not_reconciled
030200193_,шт,Алматы,2026-01-28,20000008636,1050.0,1346,180,25.0,250.0,200.0,above_Q3_plus_3IQR_and_at_least_8_medians,0.0,review_only,2026-01-01,True,False,18659.0,False,monthly_and_transactions_not_reconciled
030200193_,шт,Алматы,2026-01-28,20000008661,420.0,1346,180,25.0,250.0,200.0,above_Q3_plus_3IQR_and_at_least_8_medians,0.0,review_only,2026-01-01,True,False,18659.0,False,monthly_and_transactions_not_reconciled
030200193_,шт,Алматы,2026-01-29,20000009709,360.0,1347,180,25.0,250.0,200.0,above_Q3_plus_3IQR_and_at_least_8_medians,0.0,review_only,2026-01-01,True,False,18659.0,False,monthly_and_transactions_not_reconciled
030200193_,шт,Алматы,2026-01-29,20000009880,3780.0,1347,180,25.0,250.0,200.0,above_Q3_plus_3IQR_and_at_least_8_medians,0.0,review_only,2026-01-01,True,False,18659.0,False,monthly_and_transactions_not_reconciled
030200193_,шт,Алматы,2026-01-29,30000000204,420.0,1347,180,25.0,250.0,200.0,above_Q3_plus_3IQR_and_at_least_8_medians,0.0,review_only,2026-01-01,True,False,18659.0,False,monthly_and_transactions_not_reconciled
030200193_,шт,Алматы,2026-02-03,20000011581,3780.0,1348,180,24.0,250.0,192.0,above_Q3_plus_3IQR_and_at_least_8_medians,0.0,review_only,2026-02-01,True,False,24170.0,False,monthly_and_transactions_not_reconciled
030200193_,шт,Алматы,2026-02-04,20000011742,630.0,1345,180,24.0,250.0,192.0,above_Q3_plus_3IQR_and_at_least_8_medians,0.0,review_only,2026-02-01,True,False,24170.0,False,monthly_and_transactions_not_reconciled
030200193_,шт,Алматы,2026-02-05,20000012328,840.0,1351,180,25.0,250.0,200.0,above_Q3_plus_3IQR_and_at_least_8_medians,0.0,review_only,2026-02-01,True,False,24170.0,False,monthly_and_transactions_not_reconciled
030200193_,шт,Алматы,2026-02-05,20000012778,400.0,1351,180,25.0,250.0,200.0,above_Q3_plus_3IQR_and_at_least_8_medians,0.0,review_only,2026-02-01,True,False,24170.0,False,monthly_and_transactions_not_reconciled
030200193_,шт,Алматы,2026-02-06,20000012772,420.0,1355,180,25.0,250.0,200.0,above_Q3_plus_3IQR_and_at_least_8_medians,0.0,review_only,2026-02-01,True,False,24170.0,False,monthly_and_transactions_not_reconciled
030200193_,шт,Алматы,2026-02-06,20000013048,420.0,1355,180,25.0,250.0,200.0,above_Q3_plus_3IQR_and_at_least_8_medians,0.0,review_only,2026-02-01,True,False,24170.0,False,monthly_and_transactions_not_reconciled
030200193_,шт,Алматы,2026-02-11,20000014928,3780.0,1358,180,25.0,250.0,200.0,above_Q3_plus_3IQR_and_at_least_8_medians,0.0,review_only,2026-02-01,True,False,24170.0,False,monthly_and_transactions_not_reconciled
030200193_,шт,Алматы,2026-02-13,20000015421,1050.0,1353,180,25.0,250.0,200.0,above_Q3_plus_3IQR_and_at_least_8_medians,0.0,review_only,2026-02-01,True,False,24170.0,False,monthly_and_transactions_not_reconciled
030200193_,шт,Алматы,2026-02-18,20000017288,840.0,1350,180,25.0,269.0,200.0,above_Q3_plus_3IQR_and_at_least_8_medians,0.0,review_only,2026-02-01,True,False,24170.0,False,monthly_and_transactions_not_reconciled
030200193_,шт,Алматы,2026-02-20,20000018418,2100.0,1355,180,25.0,250.0,200.0,above_Q3_plus_3IQR_and_at_least_8_medians,0.0,review_only,2026-02-01,True,False,24170.0,False,monthly_and_transactions_not_reconciled
030200193_,шт,Алматы,2026-02-23,20000019200,1050.0,1361,180,25.0,250.0,200.0,above_Q3_plus_3IQR_and_at_least_8_medians,0.0,review_only,2026-02-01,True,False,24170.0,False,monthly_and_transactions_not_reconciled
030200193_,шт,Алматы,2026-02-24,30000000444,420.0,1370,180,25.0,270.0,200.0,above_Q3_plus_3IQR_and_at_least_8_medians,0.0,review_only,2026-02-01,True,False,24170.0,False,monthly_and_transactions_not_reconciled
030200193_,шт,Алматы,2026-02-25,20000020070,1050.0,1376,180,25.0,270.0,200.0,above_Q3_plus_3IQR_and_at_least_8_medians,0.0,review_only,2026-02-01,True,False,24170.0,False,monthly_and_transactions_not_reconciled
030200193_,шт,Алматы,2026-02-25,20000020178,7560.0,1376,180,25.0,270.0,200.0,above_Q3_plus_3IQR_and_at_least_8_medians,0.0,review_only,2026-02-01,True,False,24170.0,False,monthly_and_transactions_not_reconciled
030200193_,шт,Алматы,2026-02-26,20000020768,630.0,1382,180,25.0,270.0,200.0,above_Q3_plus_3IQR_and_at_least_8_medians,0.0,review_only,2026-02-01,True,False,24170.0,False,monthly_and_transactions_not_reconciled
030200193_,шт,Алматы,2026-02-27,30000000490,630.0,1381,180,25.0,270.0,200.0,above_Q3_plus_3IQR_and_at_least_8_medians,0.0,review_only,2026-02-01,True,False,24170.0,False,monthly_and_transactions_not_reconciled
030200193_,шт,Алматы,2026-03-03,20000022725,3780.0,1388,180,25.0,270.0,200.0,above_Q3_plus_3IQR_and_at_least_8_medians,0.0,review_only,2026-03-01,True,False,21684.0,False,monthly_and_transactions_not_reconciled
030200193_,шт,Алматы,2026-03-03,20000022782,7560.0,1388,180,25.0,270.0,200.0,above_Q3_plus_3IQR_and_at_least_8_medians,0.0,review_only,2026-03-01,True,False,21684.0,False,monthly_and_transactions_not_reconciled
030200193_,шт,Алматы,2026-03-03,20000022790,3780.0,1388,180,25.0,270.0,200.0,above_Q3_plus_3IQR_and_at_least_8_medians,0.0,review_only,2026-03-01,True,False,21684.0,False,monthly_and_transactions_not_reconciled
030200193_,шт,Алматы,2026-03-05,20000023156,450.0,1403,180,25.0,290.0,200.0,above_Q3_plus_3IQR_and_at_least_8_medians,0.0,review_only,2026-03-01,True,False,21684.0,False,monthly_and_transactions_not_reconciled
030200193_,шт,Алматы,2026-03-05,20000023466,420.0,1403,180,25.0,290.0,200.0,above_Q3_plus_3IQR_and_at_least_8_medians,0.0,review_only,2026-03-01,True,False,21684.0,False,monthly_and_transactions_not_reconciled
030200193_,шт,Алматы,2026-03-07,20000024405,420.0,1419,180,25.0,290.0,200.0,above_Q3_plus_3IQR_and_at_least_8_medians,0.0,review_only,2026-03-01,True,False,21684.0,False,monthly_and_transactions_not_reconciled
030200193_,шт,Алматы,2026-03-10,20000024636,420.0,1394,180,25.0,290.0,200.0,above_Q3_plus_3IQR_and_at_least_8_medians,0.0,review_only,2026-03-01,True,False,21684.0,False,monthly_and_transactions_not_reconciled
030200193_,шт,Алматы,2026-03-10,20000024984,3780.0,1394,180,25.0,290.0,200.0,above_Q3_plus_3IQR_and_at_least_8_medians,0.0,review_only,2026-03-01,True,False,21684.0,False,monthly_and_transactions_not_reconciled
030200193_,шт,Алматы,2026-03-11,20000025100,420.0,1399,180,25.0,290.0,200.0,above_Q3_plus_3IQR_and_at_least_8_medians,0.0,review_only,2026-03-01,True,False,21684.0,False,monthly_and_transactions_not_reconciled
030200193_,шт,Алматы,2026-03-12,20000024983,420.0,1400,180,27.0,290.0,216.0,above_Q3_plus_3IQR_and_at_least_8_medians,0.0,review_only,2026-03-01,True,False,21684.0,False,monthly_and_transactions_not_reconciled
030200193_,шт,Алматы,2026-03-12,20000025465,420.0,1400,180,27.0,290.0,216.0,above_Q3_plus_3IQR_and_at_least_8_medians,0.0,review_only,2026-03-01,True,False,21684.0,False,monthly_and_transactions_not_reconciled
030200193_,шт,Алматы,2026-03-13,20000026086,1050.0,1406,180,25.5,290.0,204.0,above_Q3_plus_3IQR_and_at_least_8_medians,0.0,review_only,2026-03-01,True,False,21684.0,False,monthly_and_transactions_not_reconciled
030200193_,шт,Алматы,2026-03-17,20000027317,1050.0,1415,180,25.0,290.0,200.0,above_Q3_plus_3IQR_and_at_least_8_medians,0.0,review_only,2026-03-01,True,False,21684.0,False,monthly_and_transactions_not_reconciled
030200193_,шт,Алматы,2026-03-17,20000027512,500.0,1415,180,25.0,290.0,200.0,above_Q3_plus_3IQR_and_at_least_8_medians,0.0,review_only,2026-03-01,True,False,21684.0,False,monthly_and_transactions_not_reconciled
030200193_,шт,Алматы,2026-03-17,20000027589,630.0,1415,180,25.0,290.0,200.0,above_Q3_plus_3IQR_and_at_least_8_medians,0.0,review_only,2026-03-01,True,False,21684.0,False,monthly_and_transactions_not_reconciled
030200193_,шт,Алматы,2026-03-19,20000028433,350.0,1411,180,25.0,290.0,200.0,above_Q3_plus_3IQR_and_at_least_8_medians,0.0,review_only,2026-03-01,True,False,21684.0,False,monthly_and_transactions_not_reconciled
030200193_,шт,Алматы,2026-03-26,20000029783,420.0,1371,180,25.0,290.0,200.0,above_Q3_plus_3IQR_and_at_least_8_medians,0.0,review_only,2026-03-01,True,False,21684.0,False,monthly_and_transactions_not_reconciled
030200193_,шт,Алматы,2026-03-27,20000030355,3780.0,1372,180,25.0,290.0,200.0,above_Q3_plus_3IQR_and_at_least_8_medians,0.0,review_only,2026-03-01,True,False,21684.0,False,monthly_and_transactions_not_reconciled
030200193_,шт,Алматы,2026-03-27,20000030357,3780.0,1372,180,25.0,290.0,200.0,above_Q3_plus_3IQR_and_at_least_8_medians,0.0,review_only,2026-03-01,True,False,21684.0,False,monthly_and_transactions_not_reconciled
030200193_,шт,Алматы,2026-03-28,20000030629,630.0,1388,180,25.0,290.0,200.0,above_Q3_plus_3IQR_and_at_least_8_medians,0.0,review_only,2026-03-01,True,False,21684.0,False,monthly_and_transactions_not_reconciled
030200193_,шт,Алматы,2026-03-30,20000031173,420.0,1381,180,25.0,290.0,200.0,above_Q3_plus_3IQR_and_at_least_8_medians,0.0,review_only,2026-03-01,True,False,21684.0,False,monthly_and_transactions_not_reconciled
030200193_,шт,Алматы,2026-03-30,20000031242,420.0,1381,180,25.0,290.0,200.0,above_Q3_plus_3IQR_and_at_least_8_medians,0.0,review_only,2026-03-01,True,False,21684.0,False,monthly_and_transactions_not_reconciled
030200193_,шт,Алматы,2026-03-30,20000031273,3780.0,1381,180,25.0,290.0,200.0,above_Q3_plus_3IQR_and_at_least_8_medians,0.0,review_only,2026-03-01,True,False,21684.0,False,monthly_and_transactions_not_reconciled
030200193_,шт,Алматы,2026-03-31,20000031963,2100.0,1386,180,28.5,310.0,228.0,above_Q3_plus_3IQR_and_at_least_8_medians,0.0,review_only,2026-03-01,True,False,21684.0,False,monthly_and_transactions_not_reconciled
030200193_,шт,Алматы,2026-04-01,20000032262,420.0,1391,180,28.0,320.0,224.0,above_Q3_plus_3IQR_and_at_least_8_medians,0.0,review_only,2026-04-01,True,False,23991.0,False,monthly_and_transactions_not_reconciled
030200193_,шт,Алматы,2026-04-02,20000032917,351.0,1390,180,29.5,305.0,236.0,above_Q3_plus_3IQR_and_at_least_8_medians,0.0,review_only,2026-04-01,True,False,23991.0,False,monthly_and_transactions_not_reconciled
030200193_,шт,Алматы,2026-04-07,20000034024,420.0,1386,180,30.0,290.0,240.0,above_Q3_plus_3IQR_and_at_least_8_medians,0.0,review_only,2026-04-01,True,False,23991.0,False,monthly_and_transactions_not_reconciled
030200193_,шт,Алматы,2026-04-08,20000034491,300.0,1394,180,29.5,290.0,236.0,above_Q3_plus_3IQR_and_at_least_8_medians,0.0,review_only,2026-04-01,True,False,23991.0,False,monthly_and_transactions_not_reconciled
030200193_,шт,Алматы,2026-04-08,20000035072,500.0,1394,180,29.5,290.0,236.0,above_Q3_plus_3IQR_and_at_least_8_medians,0.0,review_only,2026-04-01,True,False,23991.0,False,monthly_and_transactions_not_reconciled
030200193_,шт,Алматы,2026-04-08,20000035129,1000.0,1394,180,29.5,290.0,236.0,above_Q3_plus_3IQR_and_at_least_8_medians,0.0,review_only,2026-04-01,True,False,23991.0,False,monthly_and_transactions_not_reconciled
030200193_,шт,Алматы,2026-04-08,20000035265,400.0,1394,180,29.5,290.0,236.0,above_Q3_plus_3IQR_and_at_least_8_medians,0.0,review_only,2026-04-01,True,False,23991.0,False,monthly_and_transactions_not_reconciled
030200193_,шт,Алматы,2026-04-09,20000035069,420.0,1401,180,30.0,310.0,240.0,above_Q3_plus_3IQR_and_at_least_8_medians,0.0,review_only,2026-04-01,True,False,23991.0,False,monthly_and_transactions_not_reconciled
030200193_,шт,Алматы,2026-04-09,20000035305,420.0,1401,180,30.0,310.0,240.0,above_Q3_plus_3IQR_and_at_least_8_medians,0.0,review_only,2026-04-01,True,False,23991.0,False,monthly_and_transactions_not_reconciled
030200193_,шт,Алматы,2026-04-10,20000035996,1050.0,1408,180,30.0,290.0,240.0,above_Q3_plus_3IQR_and_at_least_8_medians,0.0,review_only,2026-04-01,True,False,23991.0,False,monthly_and_transactions_not_reconciled
030200193_,шт,Алматы,2026-04-10,20000036045,630.0,1408,180,30.0,290.0,240.0,above_Q3_plus_3IQR_and_at_least_8_medians,0.0,review_only,2026-04-01,True,False,23991.0,False,monthly_and_transactions_not_reconciled
030200193_,шт,Алматы,2026-04-10,20000036392,420.0,1408,180,30.0,290.0,240.0,above_Q3_plus_3IQR_and_at_least_8_medians,0.0,review_only,2026-04-01,True,False,23991.0,False,monthly_and_transactions_not_reconciled
030200193_,шт,Алматы,2026-04-14,20000037130,630.0,1404,180,30.0,290.0,240.0,above_Q3_plus_3IQR_and_at_least_8_medians,0.0,review_only,2026-04-01,True,False,23991.0,False,monthly_and_transactions_not_reconciled
030200193_,шт,Алматы,2026-04-15,20000037680,500.0,1402,180,28.5,290.0,228.0,above_Q3_plus_3IQR_and_at_least_8_medians,0.0,review_only,2026-04-01,True,False,23991.0,False,monthly_and_transactions_not_reconciled
030200193_,шт,Алматы,2026-04-15,20000037835,2100.0,1402,180,28.5,290.0,228.0,above_Q3_plus_3IQR_and_at_least_8_medians,0.0,review_only,2026-04-01,True,False,23991.0,False,monthly_and_transactions_not_reconciled
030200193_,шт,Алматы,2026-04-20,20000040431,3780.0,1392,180,30.0,290.0,240.0,above_Q3_plus_3IQR_and_at_least_8_medians,0.0,review_only,2026-04-01,True,False,23991.0,False,monthly_and_transactions_not_reconciled
030200193_,шт,Алматы,2026-04-21,20000040529,630.0,1399,180,30.0,290.0,240.0,above_Q3_plus_3IQR_and_at_least_8_medians,0.0,review_only,2026-04-01,True,False,23991.0,False,monthly_and_transactions_not_reconciled
030200193_,шт,Алматы,2026-04-21,20000040654,3780.0,1399,180,30.0,290.0,240.0,above_Q3_plus_3IQR_and_at_least_8_medians,0.0,review_only,2026-04-01,True,False,23991.0,False,monthly_and_transactions_not_reconciled
030200193_,шт,Алматы,2026-04-22,20000041039,630.0,1394,180,30.0,290.0,240.0,above_Q3_plus_3IQR_and_at_least_8_medians,0.0,review_only,2026-04-01,True,False,23991.0,False,monthly_and_transactions_not_reconciled
030200193_,шт,Алматы,2026-04-22,20000041355,7560.0,1394,180,30.0,290.0,240.0,above_Q3_plus_3IQR_and_at_least_8_medians,0.0,review_only,2026-04-01,True,False,23991.0,False,monthly_and_transactions_not_reconciled
030200193_,шт,Алматы,2026-04-28,20000043636,630.0,1401,180,28.0,290.0,224.0,above_Q3_plus_3IQR_and_at_least_8_medians,0.0,review_only,2026-04-01,True,False,23991.0,False,monthly_and_transactions_not_reconciled
030200193_,шт,Алматы,2026-04-30,20000044757,420.0,1399,180,29.0,290.0,232.0,above_Q3_plus_3IQR_and_at_least_8_medians,0.0,review_only,2026-04-01,True,False,23991.0,False,monthly_and_transactions_not_reconciled
030200193_,шт,Алматы,2026-05-04,20000046048,500.0,1388,180,30.0,290.0,240.0,above_Q3_plus_3IQR_and_at_least_8_medians,0.0,review_only,2026-05-01,True,False,24783.0,False,monthly_and_transactions_not_reconciled
030200193_,шт,Алматы,2026-05-04,20000046240,7560.0,1388,180,30.0,290.0,240.0,above_Q3_plus_3IQR_and_at_least_8_medians,0.0,review_only,2026-05-01,True,False,24783.0,False,monthly_and_transactions_not_reconciled
030200193_,шт,Алматы,2026-05-05,20000046161,420.0,1391,180,30.0,290.0,240.0,above_Q3_plus_3IQR_and_at_least_8_medians,0.0,review_only,2026-05-01,True,False,24783.0,False,monthly_and_transactions_not_reconciled
030200193_,шт,Алматы,2026-05-08,20000047607,630.0,1385,180,28.0,290.0,224.0,above_Q3_plus_3IQR_and_at_least_8_medians,0.0,review_only,2026-05-01,True,False,24783.0,False,monthly_and_transactions_not_reconciled
030200193_,шт,Алматы,2026-05-08,20000047678,3000.0,1385,180,28.0,290.0,224.0,above_Q3_plus_3IQR_and_at_least_8_medians,0.0,review_only,2026-05-01,True,False,24783.0,False,monthly_and_transactions_not_reconciled
030200193_,шт,Алматы,2026-05-12,20000048583,420.0,1363,180,30.0,310.0,240.0,above_Q3_plus_3IQR_and_at_least_8_medians,0.0,review_only,2026-05-01,True,False,24783.0,False,monthly_and_transactions_not_reconciled
030200193_,шт,Алматы,2026-05-14,20000049400,1050.0,1368,180,30.0,290.0,240.0,above_Q3_plus_3IQR_and_at_least_8_medians,0.0,review_only,2026-05-01,True,False,24783.0,False,monthly_and_transactions_not_reconciled
030200193_,шт,Алматы,2026-05-14,20000049966,630.0,1368,180,30.0,290.0,240.0,above_Q3_plus_3IQR_and_at_least_8_medians,0.0,review_only,2026-05-01,True,False,24783.0,False,monthly_and_transactions_not_reconciled
030200193_,шт,Алматы,2026-05-15,20000050457,3780.0,1378,180,29.5,305.0,236.0,above_Q3_plus_3IQR_and_at_least_8_medians,0.0,review_only,2026-05-01,True,False,24783.0,False,monthly_and_transactions_not_reconciled
030200193_,шт,Алматы,2026-05-16,20000050833,840.0,1391,180,28.0,290.0,224.0,above_Q3_plus_3IQR_and_at_least_8_medians,0.0,review_only,2026-05-01,True,False,24783.0,False,monthly_and_transactions_not_reconciled
030200193_,шт,Алматы,2026-05-18,20000051499,600.0,1369,180,27.0,290.0,216.0,above_Q3_plus_3IQR_and_at_least_8_medians,0.0,review_only,2026-05-01,True,False,24783.0,False,monthly_and_transactions_not_reconciled
030200193_,шт,Алматы,2026-05-19,20000051690,420.0,1371,180,27.0,290.0,216.0,above_Q3_plus_3IQR_and_at_least_8_medians,0.0,review_only,2026-05-01,True,False,24783.0,False,monthly_and_transactions_not_reconciled
030200193_,шт,Алматы,2026-05-19,20000052312,420.0,1371,180,27.0,290.0,216.0,above_Q3_plus_3IQR_and_at_least_8_medians,0.0,review_only,2026-05-01,True,False,24783.0,False,monthly_and_transactions_not_reconciled
030200193_,шт,Алматы,2026-05-20,20000052341,420.0,1367,180,29.0,290.0,232.0,above_Q3_plus_3IQR_and_at_least_8_medians,0.0,review_only,2026-05-01,True,False,24783.0,False,monthly_and_transactions_not_reconciled
030200193_,шт,Алматы,2026-05-20,20000052547,7560.0,1367,180,29.0,290.0,232.0,above_Q3_plus_3IQR_and_at_least_8_medians,0.0,review_only,2026-05-01,True,False,24783.0,False,monthly_and_transactions_not_reconciled
030200193_,шт,Алматы,2026-05-20,20000052603,3780.0,1367,180,29.0,290.0,232.0,above_Q3_plus_3IQR_and_at_least_8_medians,0.0,review_only,2026-05-01,True,False,24783.0,False,monthly_and_transactions_not_reconciled
030200193_,шт,Алматы,2026-05-20,20000052751,420.0,1367,180,29.0,290.0,232.0,above_Q3_plus_3IQR_and_at_least_8_medians,0.0,review_only,2026-05-01,True,False,24783.0,False,monthly_and_transactions_not_reconciled
030200193_,шт,Алматы,2026-05-23,20000053873,420.0,1392,180,28.5,310.0,228.0,above_Q3_plus_3IQR_and_at_least_8_medians,0.0,review_only,2026-05-01,True,False,24783.0,False,monthly_and_transactions_not_reconciled
030200193_,шт,Алматы,2026-05-25,20000054916,420.0,1378,180,30.0,330.0,240.0,above_Q3_plus_3IQR_and_at_least_8_medians,0.0,review_only,2026-05-01,True,False,24783.0,False,monthly_and_transactions_not_reconciled
030200193_,шт,Алматы,2026-05-26,20000054869,1000.0,1377,180,28.0,330.0,224.0,above_Q3_plus_3IQR_and_at_least_8_medians,0.0,review_only,2026-05-01,True,False,24783.0,False,monthly_and_transactions_not_reconciled
030200193_,шт,Алматы,2026-05-28,20000055474,420.0,1371,180,29.0,330.0,232.0,above_Q3_plus_3IQR_and_at_least_8_medians,0.0,review_only,2026-05-01,True,False,24783.0,False,monthly_and_transactions_not_reconciled
030200193_,шт,Алматы,2026-05-29,20000056099,420.0,1380,180,29.5,330.0,236.0,above_Q3_plus_3IQR_and_at_least_8_medians,0.0,review_only,2026-05-01,True,False,24783.0,False,monthly_and_transactions_not_reconciled
030200193_,шт,Алматы,2026-05-30,20000059792,630.0,1390,180,30.0,330.0,240.0,above_Q3_plus_3IQR_and_at_least_8_medians,0.0,review_only,2026-05-01,True,False,24783.0,False,monthly_and_transactions_not_reconciled
030200193_,шт,Алматы,2026-06-01,20000057546,420.0,1372,180,30.0,335.0,240.0,above_Q3_plus_3IQR_and_at_least_8_medians,0.0,review_only,2026-06-01,True,False,29064.0,False,monthly_and_transactions_not_reconciled
030200193_,шт,Алматы,2026-06-03,20000058401,3780.0,1385,180,30.0,330.0,240.0,above_Q3_plus_3IQR_and_at_least_8_medians,0.0,review_only,2026-06-01,True,False,29064.0,False,monthly_and_transactions_not_reconciled
030200193_,шт,Алматы,2026-06-05,20000059653,420.0,1384,180,30.0,335.0,240.0,above_Q3_plus_3IQR_and_at_least_8_medians,0.0,review_only,2026-06-01,True,False,29064.0,False,monthly_and_transactions_not_reconciled
030200193_,шт,Алматы,2026-06-05,30000001568,420.0,1384,180,30.0,335.0,240.0,above_Q3_plus_3IQR_and_at_least_8_medians,0.0,review_only,2026-06-01,True,False,29064.0,False,monthly_and_transactions_not_reconciled
030200193_,шт,Алматы,2026-06-06,20000059933,1050.0,1398,180,30.0,330.0,240.0,above_Q3_plus_3IQR_and_at_least_8_medians,0.0,review_only,2026-06-01,True,False,29064.0,False,monthly_and_transactions_not_reconciled
030200193_,шт,Алматы,2026-06-08,20000060916,3780.0,1387,180,30.0,330.0,240.0,above_Q3_plus_3IQR_and_at_least_8_medians,0.0,review_only,2026-06-01,True,False,29064.0,False,monthly_and_transactions_not_reconciled
030200193_,шт,Алматы,2026-06-09,20000061278,420.0,1385,180,30.0,330.0,240.0,above_Q3_plus_3IQR_and_at_least_8_medians,0.0,review_only,2026-06-01,True,False,29064.0,False,monthly_and_transactions_not_reconciled
030200193_,шт,Алматы,2026-06-11,20000062263,420.0,1392,180,30.0,330.0,240.0,above_Q3_plus_3IQR_and_at_least_8_medians,0.0,review_only,2026-06-01,True,False,29064.0,False,monthly_and_transactions_not_reconciled
030200193_,шт,Алматы,2026-06-12,20000063178,630.0,1395,180,30.0,330.0,240.0,above_Q3_plus_3IQR_and_at_least_8_medians,0.0,review_only,2026-06-01,True,False,29064.0,False,monthly_and_transactions_not_reconciled
030200193_,шт,Алматы,2026-06-15,20000064066,500.0,1404,180,28.0,310.0,224.0,above_Q3_plus_3IQR_and_at_least_8_medians,0.0,review_only,2026-06-01,True,False,29064.0,False,monthly_and_transactions_not_reconciled
030200193_,шт,Алматы,2026-06-16,20000063830,420.0,1400,180,27.0,290.0,216.0,above_Q3_plus_3IQR_and_at_least_8_medians,0.0,review_only,2026-06-01,True,False,29064.0,False,monthly_and_transactions_not_reconciled
030200193_,шт,Алматы,2026-06-16,20000064624,420.0,1400,180,27.0,290.0,216.0,above_Q3_plus_3IQR_and_at_least_8_medians,0.0,review_only,2026-06-01,True,False,29064.0,False,monthly_and_transactions_not_reconciled
030200193_,шт,Алматы,2026-06-17,20000064469,500.0,1405,180,27.0,290.0,216.0,above_Q3_plus_3IQR_and_at_least_8_medians,0.0,review_only,2026-06-01,True,False,29064.0,False,monthly_and_transactions_not_reconciled
030200193_,шт,Алматы,2026-06-17,20000064739,630.0,1405,180,27.0,290.0,216.0,above_Q3_plus_3IQR_and_at_least_8_medians,0.0,review_only,2026-06-01,True,False,29064.0,False,monthly_and_transactions_not_reconciled
030200193_,шт,Алматы,2026-06-17,20000065325,1050.0,1405,180,27.0,290.0,216.0,above_Q3_plus_3IQR_and_at_least_8_medians,0.0,review_only,2026-06-01,True,False,29064.0,False,monthly_and_transactions_not_reconciled
030200193_,шт,Алматы,2026-06-18,20000065538,1470.0,1408,180,27.0,295.0,216.0,above_Q3_plus_3IQR_and_at_least_8_medians,0.0,review_only,2026-06-01,True,False,29064.0,False,monthly_and_transactions_not_reconciled
030200193_,шт,Алматы,2026-06-19,20000066374,420.0,1415,180,28.0,300.0,224.0,above_Q3_plus_3IQR_and_at_least_8_medians,0.0,review_only,2026-06-01,True,False,29064.0,False,monthly_and_transactions_not_reconciled
030200193_,шт,Алматы,2026-06-19,30000001708,630.0,1415,180,28.0,300.0,224.0,above_Q3_plus_3IQR_and_at_least_8_medians,0.0,review_only,2026-06-01,True,False,29064.0,False,monthly_and_transactions_not_reconciled
030200193_,шт,Алматы,2026-06-20,20000066832,600.0,1423,180,27.0,300.0,216.0,above_Q3_plus_3IQR_and_at_least_8_medians,0.0,review_only,2026-06-01,True,False,29064.0,False,monthly_and_transactions_not_reconciled
030200193_,шт,Алматы,2026-06-22,20000067045,300.0,1409,180,26.0,290.0,208.0,above_Q3_plus_3IQR_and_at_least_8_medians,0.0,review_only,2026-06-01,True,False,29064.0,False,monthly_and_transactions_not_reconciled
030200193_,шт,Алматы,2026-06-22,20000067234,420.0,1409,180,26.0,290.0,208.0,above_Q3_plus_3IQR_and_at_least_8_medians,0.0,review_only,2026-06-01,True,False,29064.0,False,monthly_and_transactions_not_reconciled
030200193_,шт,Алматы,2026-06-23,20000067747,300.0,1413,180,26.0,290.0,208.0,above_Q3_plus_3IQR_and_at_least_8_medians,0.0,review_only,2026-06-01,True,False,29064.0,False,monthly_and_transactions_not_reconciled
030200193_,шт,Алматы,2026-06-23,20000068009,1050.0,1413,180,26.0,290.0,208.0,above_Q3_plus_3IQR_and_at_least_8_medians,0.0,review_only,2026-06-01,True,False,29064.0,False,monthly_and_transactions_not_reconciled
030200193_,шт,Алматы,2026-06-24,20000068373,420.0,1424,180,26.5,315.0,212.0,above_Q3_plus_3IQR_and_at_least_8_medians,0.0,review_only,2026-06-01,True,False,29064.0,False,monthly_and_transactions_not_reconciled
030200193_,шт,Алматы,2026-06-24,20000068558,420.0,1424,180,26.5,315.0,212.0,above_Q3_plus_3IQR_and_at_least_8_medians,0.0,review_only,2026-06-01,True,False,29064.0,False,monthly_and_transactions_not_reconciled
030200193_,шт,Алматы,2026-06-24,20000068754,3780.0,1424,180,26.5,315.0,212.0,above_Q3_plus_3IQR_and_at_least_8_medians,0.0,review_only,2026-06-01,True,False,29064.0,False,monthly_and_transactions_not_reconciled
030200193_,шт,Алматы,2026-06-25,20000069408,420.0,1434,180,26.0,330.0,208.0,above_Q3_plus_3IQR_and_at_least_8_medians,0.0,review_only,2026-06-01,True,False,29064.0,False,monthly_and_transactions_not_reconciled
030200193_,шт,Алматы,2026-06-27,20000069998,2100.0,1451,180,25.0,330.0,200.0,above_Q3_plus_3IQR_and_at_least_8_medians,0.0,review_only,2026-06-01,True,False,29064.0,False,monthly_and_transactions_not_reconciled
030200193_,шт,Алматы,2026-07-03,20000072243,420.0,1475,180,27.0,350.0,216.0,above_Q3_plus_3IQR_and_at_least_8_medians,0.0,review_only,2026-07-01,True,False,39200.0,False,monthly_and_transactions_not_reconciled
030200193_,шт,Алматы,2026-07-03,20000072889,420.0,1475,180,27.0,350.0,216.0,above_Q3_plus_3IQR_and_at_least_8_medians,0.0,review_only,2026-07-01,True,False,39200.0,False,monthly_and_transactions_not_reconciled
030200193_,шт,Алматы,2026-07-03,20000073273,3780.0,1475,180,27.0,350.0,216.0,above_Q3_plus_3IQR_and_at_least_8_medians,0.0,review_only,2026-07-01,True,False,39200.0,False,monthly_and_transactions_not_reconciled
030200193_,шт,Алматы,2026-07-07,20000073795,630.0,1483,180,28.0,360.0,224.0,above_Q3_plus_3IQR_and_at_least_8_medians,0.0,review_only,2026-07-01,True,False,39200.0,False,monthly_and_transactions_not_reconciled
030200193_,шт,Алматы,2026-07-08,20000074559,420.0,1488,180,28.0,370.0,224.0,above_Q3_plus_3IQR_and_at_least_8_medians,0.0,review_only,2026-07-01,True,False,39200.0,False,monthly_and_transactions_not_reconciled
030200193_,шт,Алматы,2026-07-09,20000074920,3000.0,1492,180,28.0,370.0,224.0,above_Q3_plus_3IQR_and_at_least_8_medians,0.0,review_only,2026-07-01,True,False,39200.0,False,monthly_and_transactions_not_reconciled
030200193_,шт,Алматы,2026-07-10,20000075523,2100.0,1495,180,28.0,370.0,224.0,above_Q3_plus_3IQR_and_at_least_8_medians,0.0,review_only,2026-07-01,True,False,39200.0,False,monthly_and_transactions_not_reconciled
030200193_,шт,Алматы,2026-07-11,20000074264,420.0,1510,180,28.0,370.0,224.0,above_Q3_plus_3IQR_and_at_least_8_medians,0.0,review_only,2026-07-01,True,False,39200.0,False,monthly_and_transactions_not_reconciled
030200193_,шт,Алматы,2026-07-11,20000075851,500.0,1510,180,28.0,370.0,224.0,above_Q3_plus_3IQR_and_at_least_8_medians,0.0,review_only,2026-07-01,True,False,39200.0,False,monthly_and_transactions_not_reconciled
030200193_,шт,Алматы,2026-07-11,20000076220,420.0,1510,180,28.0,370.0,224.0,above_Q3_plus_3IQR_and_at_least_8_medians,0.0,review_only,2026-07-01,True,False,39200.0,False,monthly_and_transactions_not_reconciled
030200193_,шт,Алматы,2026-07-13,20000076633,420.0,1496,180,28.0,370.0,224.0,above_Q3_plus_3IQR_and_at_least_8_medians,0.0,review_only,2026-07-01,True,False,39200.0,False,monthly_and_transactions_not_reconciled
030200193_,шт,Алматы,2026-07-13,20000076746,481.0,1496,180,28.0,370.0,224.0,above_Q3_plus_3IQR_and_at_least_8_medians,0.0,review_only,2026-07-01,True,False,39200.0,False,monthly_and_transactions_not_reconciled
030200193_,шт,Алматы,2026-07-14,20000076925,630.0,1503,180,30.0,370.0,240.0,above_Q3_plus_3IQR_and_at_least_8_medians,0.0,review_only,2026-07-01,True,False,39200.0,False,monthly_and_transactions_not_reconciled
030200193_,шт,Алматы,2026-07-15,20000077638,420.0,1500,180,30.0,370.0,240.0,above_Q3_plus_3IQR_and_at_least_8_medians,0.0,review_only,2026-07-01,True,False,39200.0,False,monthly_and_transactions_not_reconciled
030200193_,шт,Алматы,2026-07-15,20000077817,630.0,1500,180,30.0,370.0,240.0,above_Q3_plus_3IQR_and_at_least_8_medians,0.0,review_only,2026-07-01,True,False,39200.0,False,monthly_and_transactions_not_reconciled
030200193_,шт,Алматы,2026-07-20,20000079062,1050.0,1520,180,30.0,370.0,240.0,above_Q3_plus_3IQR_and_at_least_8_medians,0.0,review_only,2026-07-01,True,False,39200.0,False,monthly_and_transactions_not_reconciled
030200193_,шт,Алматы,2026-07-21,20000079871,500.0,1522,180,28.0,370.0,224.0,above_Q3_plus_3IQR_and_at_least_8_medians,0.0,review_only,2026-07-01,True,False,39200.0,False,monthly_and_transactions_not_reconciled
030200193_,шт,Алматы,2026-07-21,20000080552,840.0,1522,180,28.0,370.0,224.0,above_Q3_plus_3IQR_and_at_least_8_medians,0.0,review_only,2026-07-01,True,False,39200.0,False,monthly_and_transactions_not_reconciled
030200193_,шт,Алматы,2026-07-22,20000081237,420.0,1527,180,28.0,370.0,224.0,above_Q3_plus_3IQR_and_at_least_8_medians,0.0,review_only,2026-07-01,True,False,39200.0,False,monthly_and_transactions_not_reconciled
030200193_,шт,Алматы,2026-07-22,20000081449,630.0,1527,180,28.0,370.0,224.0,above_Q3_plus_3IQR_and_at_least_8_medians,0.0,review_only,2026-07-01,True,False,39200.0,False,monthly_and_transactions_not_reconciled
030200193_,шт,Алматы,2026-07-23,20000081623,1050.0,1530,180,27.5,370.0,220.0,above_Q3_plus_3IQR_and_at_least_8_medians,0.0,review_only,2026-07-01,True,False,39200.0,False,monthly_and_transactions_not_reconciled
030200193_,шт,Алматы,2026-07-23,30000002051,3780.0,1530,180,27.5,370.0,220.0,above_Q3_plus_3IQR_and_at_least_8_medians,0.0,review_only,2026-07-01,True,False,39200.0,False,monthly_and_transactions_not_reconciled
030200193_,шт,Алматы,2026-07-24,20000082602,420.0,1541,180,30.0,370.0,240.0,above_Q3_plus_3IQR_and_at_least_8_medians,0.0,review_only,2026-07-01,True,False,39200.0,False,monthly_and_transactions_not_reconciled
030200193_,шт,Алматы,2026-07-25,20000082809,420.0,1554,180,30.0,370.0,240.0,above_Q3_plus_3IQR_and_at_least_8_medians,0.0,review_only,2026-07-01,True,False,39200.0,False,monthly_and_transactions_not_reconciled
030200193_,шт,Алматы,2026-07-27,20000082899,1050.0,1538,180,30.0,370.0,240.0,above_Q3_plus_3IQR_and_at_least_8_medians,0.0,review_only,2026-07-01,True,False,39200.0,False,monthly_and_transactions_not_reconciled
030200193_,шт,Алматы,2026-07-28,20000083768,2100.0,1544,180,30.0,370.0,240.0,above_Q3_plus_3IQR_and_at_least_8_medians,0.0,review_only,2026-07-01,True,False,39200.0,False,monthly_and_transactions_not_reconciled
030200193_,шт,Алматы,2026-07-28,20000084065,420.0,1544,180,30.0,370.0,240.0,above_Q3_plus_3IQR_and_at_least_8_medians,0.0,review_only,2026-07-01,True,False,39200.0,False,monthly_and_transactions_not_reconciled
030200193_,шт,Алматы,2026-07-28,20000084158,486.0,1544,180,30.0,370.0,240.0,above_Q3_plus_3IQR_and_at_least_8_medians,0.0,review_only,2026-07-01,True,False,39200.0,False,monthly_and_transactions_not_reconciled
030200193_,шт,Алматы,2026-07-30,20000085190,420.0,1549,180,30.0,370.0,240.0,above_Q3_plus_3IQR_and_at_least_8_medians,0.0,review_only,2026-07-01,True,False,39200.0,False,monthly_and_transactions_not_reconciled
030200193_,шт,Алматы,2026-07-30,20000085622,420.0,1549,180,30.0,370.0,240.0,above_Q3_plus_3IQR_and_at_least_8_medians,0.0,review_only,2026-07-01,True,False,39200.0,False,monthly_and_transactions_not_reconciled
030200193_,шт,Алматы,2026-07-31,20000085755,630.0,1556,180,30.0,370.0,240.0,above_Q3_plus_3IQR_and_at_least_8_medians,0.0,review_only,2026-07-01,True,False,39200.0,False,monthly_and_transactions_not_reconciled
030200193_,шт,Алматы,2026-08-05,20000087392,630.0,1548,180,30.0,370.0,240.0,above_Q3_plus_3IQR_and_at_least_8_medians,0.0,review_only,2026-08-01,True,False,36290.0,False,monthly_and_transactions_not_reconciled
030200193_,шт,Алматы,2026-08-05,20000087584,420.0,1548,180,30.0,370.0,240.0,above_Q3_plus_3IQR_and_at_least_8_medians,0.0,review_only,2026-08-01,True,False,36290.0,False,monthly_and_transactions_not_reconciled
030200193_,шт,Алматы,2026-08-06,20000087830,420.0,1557,180,30.0,370.0,240.0,above_Q3_plus_3IQR_and_at_least_8_medians,0.0,review_only,2026-08-01,True,False,36290.0,False,monthly_and_transactions_not_reconciled
030200193_,шт,Алматы,2026-08-08,20000089569,1050.0,1574,180,30.0,370.0,240.0,above_Q3_plus_3IQR_and_at_least_8_medians,0.0,review_only,2026-08-01,True,False,36290.0,False,monthly_and_transactions_not_reconciled
030200193_,шт,Алматы,2026-08-11,20000090974,500.0,1570,180,30.0,370.0,240.0,above_Q3_plus_3IQR_and_at_least_8_medians,0.0,review_only,2026-08-01,True,False,36290.0,False,monthly_and_transactions_not_reconciled
030200193_,шт,Алматы,2026-08-12,20000090995,420.0,1568,180,30.0,370.0,240.0,above_Q3_plus_3IQR_and_at_least_8_medians,0.0,review_only,2026-08-01,True,False,36290.0,False,monthly_and_transactions_not_reconciled
030200193_,шт,Алматы,2026-08-12,20000091141,420.0,1568,180,30.0,370.0,240.0,above_Q3_plus_3IQR_and_at_least_8_medians,0.0,review_only,2026-08-01,True,False,36290.0,False,monthly_and_transactions_not_reconciled
030200193_,шт,Алматы,2026-08-12,20000091529,420.0,1568,180,30.0,370.0,240.0,above_Q3_plus_3IQR_and_at_least_8_medians,0.0,review_only,2026-08-01,True,False,36290.0,False,monthly_and_transactions_not_reconciled
030200193_,шт,Алматы,2026-08-14,30000002262,420.0,1582,180,30.0,370.0,240.0,above_Q3_plus_3IQR_and_at_least_8_medians,0.0,review_only,2026-08-01,True,False,36290.0,False,monthly_and_transactions_not_reconciled
030200193_,шт,Алматы,2026-08-15,20000092987,420.0,1589,180,30.0,370.0,240.0,above_Q3_plus_3IQR_and_at_least_8_medians,0.0,review_only,2026-08-01,True,False,36290.0,False,monthly_and_transactions_not_reconciled
030200193_,шт,Алматы,2026-08-18,20000093658,1050.0,1567,180,30.0,370.0,240.0,above_Q3_plus_3IQR_and_at_least_8_medians,0.0,review_only,2026-08-01,True,False,36290.0,False,monthly_and_transactions_not_reconciled
030200193_,шт,Алматы,2026-08-18,20000093829,2100.0,1567,180,30.0,370.0,240.0,above_Q3_plus_3IQR_and_at_least_8_medians,0.0,review_only,2026-08-01,True,False,36290.0,False,monthly_and_transactions_not_reconciled
030200193_,шт,Алматы,2026-08-19,20000093866,400.0,1563,180,30.0,370.0,240.0,above_Q3_plus_3IQR_and_at_least_8_medians,0.0,review_only,2026-08-01,True,False,36290.0,False,monthly_and_transactions_not_reconciled
030200193_,шт,Алматы,2026-08-20,20000095046,420.0,1564,180,30.0,370.0,240.0,above_Q3_plus_3IQR_and_at_least_8_medians,0.0,review_only,2026-08-01,True,False,36290.0,False,monthly_and_transactions_not_reconciled
030200193_,шт,Алматы,2026-08-20,20000095430,420.0,1564,180,30.0,370.0,240.0,above_Q3_plus_3IQR_and_at_least_8_medians,0.0,review_only,2026-08-01,True,False,36290.0,False,monthly_and_transactions_not_reconciled
030200193_,шт,Алматы,2026-08-20,20000095435,2000.0,1564,180,30.0,370.0,240.0,above_Q3_plus_3IQR_and_at_least_8_medians,0.0,review_only,2026-08-01,True,False,36290.0,False,monthly_and_transactions_not_reconciled
030200193_,шт,Алматы,2026-08-21,20000096215,714.0,1566,180,30.0,370.0,240.0,above_Q3_plus_3IQR_and_at_least_8_medians,0.0,review_only,2026-08-01,True,False,36290.0,False,monthly_and_transactions_not_reconciled
030200193_,шт,Алматы,2026-08-21,30000002333,420.0,1566,180,30.0,370.0,240.0,above_Q3_plus_3IQR_and_at_least_8_medians,0.0,review_only,2026-08-01,True,False,36290.0,False,monthly_and_transactions_not_reconciled
030200193_,шт,Алматы,2026-08-24,20000097297,7560.0,1548,180,30.0,370.0,240.0,above_Q3_plus_3IQR_and_at_least_8_medians,0.0,review_only,2026-08-01,True,False,36290.0,False,monthly_and_transactions_not_reconciled
030200193_,шт,Алматы,2026-08-26,20000097740,420.0,1557,180,30.0,370.0,240.0,above_Q3_plus_3IQR_and_at_least_8_medians,0.0,review_only,2026-08-01,True,False,36290.0,False,monthly_and_transactions_not_reconciled
030200193_,шт,Алматы,2026-08-26,20000098039,420.0,1557,180,30.0,370.0,240.0,above_Q3_plus_3IQR_and_at_least_8_medians,0.0,review_only,2026-08-01,True,False,36290.0,False,monthly_and_transactions_not_reconciled
030200193_,шт,Алматы,2026-08-26,20000098149,1050.0,1557,180,30.0,370.0,240.0,above_Q3_plus_3IQR_and_at_least_8_medians,0.0,review_only,2026-08-01,True,False,36290.0,False,monthly_and_transactions_not_reconciled
030200193_,шт,Алматы,2026-08-26,30000002386,3780.0,1557,180,30.0,370.0,240.0,above_Q3_plus_3IQR_and_at_least_8_medians,0.0,review_only,2026-08-01,True,False,36290.0,False,monthly_and_transactions_not_reconciled
030200193_,шт,Алматы,2026-08-27,20000098192,2100.0,1562,180,30.0,370.0,240.0,above_Q3_plus_3IQR_and_at_least_8_medians,0.0,review_only,2026-08-01,True,False,36290.0,False,monthly_and_transactions_not_reconciled
030200193_,шт,Алматы,2026-08-27,20000098734,1050.0,1562,180,30.0,370.0,240.0,above_Q3_plus_3IQR_and_at_least_8_medians,0.0,review_only,2026-08-01,True,False,36290.0,False,monthly_and_transactions_not_reconciled
030200193_,шт,Алматы,2026-08-27,20000098820,420.0,1562,180,30.0,370.0,240.0,above_Q3_plus_3IQR_and_at_least_8_medians,0.0,review_only,2026-08-01,True,False,36290.0,False,monthly_and_transactions_not_reconciled
030200193_,шт,Алматы,2026-08-29,20000099956,420.0,1575,180,30.0,370.0,240.0,above_Q3_plus_3IQR_and_at_least_8_medians,0.0,review_only,2026-08-01,True,False,36290.0,False,monthly_and_transactions_not_reconciled
030200193_,шт,Алматы,2026-08-31,20000100442,3780.0,1558,180,30.0,370.0,240.0,above_Q3_plus_3IQR_and_at_least_8_medians,0.0,review_only,2026-08-01,True,False,36290.0,False,monthly_and_transactions_not_reconciled
030200193_,шт,Алматы,2026-08-31,20000100447,3780.0,1558,180,30.0,370.0,240.0,above_Q3_plus_3IQR_and_at_least_8_medians,0.0,review_only,2026-08-01,True,False,36290.0,False,monthly_and_transactions_not_reconciled
030200193_,шт,Алматы,2026-09-02,20000101598,420.0,1561,180,30.0,370.0,240.0,above_Q3_plus_3IQR_and_at_least_8_medians,0.0,review_only,2026-09-01,,,,False,monthly_and_transactions_not_reconciled
030200193_,шт,Алматы,2026-09-02,20000101599,420.0,1561,180,30.0,370.0,240.0,above_Q3_plus_3IQR_and_at_least_8_medians,0.0,review_only,2026-09-01,,,,False,monthly_and_transactions_not_reconciled
030200193_,шт,Алматы,2026-09-03,20000101787,1050.0,1567,180,30.0,370.0,240.0,above_Q3_plus_3IQR_and_at_least_8_medians,0.0,review_only,2026-09-01,,,,False,monthly_and_transactions_not_reconciled
030200193_,шт,Алматы,2026-09-04,20000102494,630.0,1580,180,30.0,370.0,240.0,above_Q3_plus_3IQR_and_at_least_8_medians,0.0,review_only,2026-09-01,,,,False,monthly_and_transactions_not_reconciled
030200193_,шт,Алматы,2026-09-04,20000103180,840.0,1580,180,30.0,370.0,240.0,above_Q3_plus_3IQR_and_at_least_8_medians,0.0,review_only,2026-09-01,,,,False,monthly_and_transactions_not_reconciled
030200193_,шт,Алматы,2026-09-09,20000104701,1050.0,1578,180,30.0,370.0,240.0,above_Q3_plus_3IQR_and_at_least_8_medians,0.0,review_only,2026-09-01,,,,False,monthly_and_transactions_not_reconciled
030200193_,шт,Алматы,2026-09-10,20000104986,420.0,1580,180,30.0,370.0,240.0,above_Q3_plus_3IQR_and_at_least_8_medians,0.0,review_only,2026-09-01,,,,False,monthly_and_transactions_not_reconciled
030200193_,шт,Алматы,2026-09-11,20000105917,630.0,1584,180,30.0,370.0,240.0,above_Q3_plus_3IQR_and_at_least_8_medians,0.0,review_only,2026-09-01,,,,False,monthly_and_transactions_not_reconciled
030200193_,шт,Алматы,2026-09-11,20000105984,1470.0,1584,180,30.0,370.0,240.0,above_Q3_plus_3IQR_and_at_least_8_medians,0.0,review_only,2026-09-01,,,,False,monthly_and_transactions_not_reconciled
030200193_,шт,Алматы,2026-09-14,20000107197,420.0,1585,180,30.0,370.0,240.0,above_Q3_plus_3IQR_and_at_least_8_medians,0.0,review_only,2026-09-01,,,,False,monthly_and_transactions_not_reconciled
030200193_,шт,Алматы,2026-09-15,20000107161,420.0,1595,180,30.0,376.0,240.0,above_Q3_plus_3IQR_and_at_least_8_medians,0.0,review_only,2026-09-01,,,,False,monthly_and_transactions_not_reconciled
030200193_,шт,Алматы,2026-09-16,20000107584,420.0,1606,180,30.0,388.0,240.0,above_Q3_plus_3IQR_and_at_least_8_medians,0.0,review_only,2026-09-01,,,,False,monthly_and_transactions_not_reconciled
030200193_,шт,Алматы,2026-09-16,20000107591,840.0,1606,180,30.0,388.0,240.0,above_Q3_plus_3IQR_and_at_least_8_medians,0.0,review_only,2026-09-01,,,,False,monthly_and_transactions_not_reconciled
030200193_,шт,Алматы,2026-09-16,20000107807,1050.0,1606,180,30.0,388.0,240.0,above_Q3_plus_3IQR_and_at_least_8_medians,0.0,review_only,2026-09-01,,,,False,monthly_and_transactions_not_reconciled
030200193_,шт,Алматы,2026-09-17,20000109532,3780.0,1611,180,30.0,386.0,240.0,above_Q3_plus_3IQR_and_at_least_8_medians,0.0,review_only,2026-09-01,,,,False,monthly_and_transactions_not_reconciled
030200193_,шт,Алматы,2026-09-17,20000109534,3780.0,1611,180,30.0,386.0,240.0,above_Q3_plus_3IQR_and_at_least_8_medians,0.0,review_only,2026-09-01,,,,False,monthly_and_transactions_not_reconciled
030200193_,шт,Алматы,2026-09-17,20000109537,3780.0,1611,180,30.0,386.0,240.0,above_Q3_plus_3IQR_and_at_least_8_medians,0.0,review_only,2026-09-01,,,,False,monthly_and_transactions_not_reconciled
030200193_,шт,Алматы,2026-09-18,20000110076,420.0,1622,180,30.0,399.0,240.0,above_Q3_plus_3IQR_and_at_least_8_medians,0.0,review_only,2026-09-01,,,,False,monthly_and_transactions_not_reconciled
030200193_,шт,Алматы,2026-09-19,20000110276,630.0,1636,180,30.0,393.0,240.0,above_Q3_plus_3IQR_and_at_least_8_medians,0.0,review_only,2026-09-01,,,,False,monthly_and_transactions_not_reconciled
030200193_,шт,Алматы,2026-09-21,20000110907,3780.0,1644,180,30.0,393.0,240.0,above_Q3_plus_3IQR_and_at_least_8_medians,0.0,review_only,2026-09-01,,,,False,monthly_and_transactions_not_reconciled
030200193_,шт,Алматы,2026-09-21,20000110909,3780.0,1644,180,30.0,393.0,240.0,above_Q3_plus_3IQR_and_at_least_8_medians,0.0,review_only,2026-09-01,,,,False,monthly_and_transactions_not_reconciled
030200193_,шт,Алматы,2026-09-21,30000002725,3780.0,1644,180,30.0,393.0,240.0,above_Q3_plus_3IQR_and_at_least_8_medians,0.0,review_only,2026-09-01,,,,False,monthly_and_transactions_not_reconciled
030200193_,шт,Алматы,2026-09-21,30000002730,420.0,1644,180,30.0,393.0,240.0,above_Q3_plus_3IQR_and_at_least_8_medians,0.0,review_only,2026-09-01,,,,False,monthly_and_transactions_not_reconciled
030200193_,шт,Алматы,2026-09-22,20000110651,630.0,1656,180,30.0,414.0,240.0,above_Q3_plus_3IQR_and_at_least_8_medians,0.0,review_only,2026-09-01,,,,False,monthly_and_transactions_not_reconciled
030200193_,шт,Алматы,2026-09-22,20000110827,420.0,1656,180,30.0,414.0,240.0,above_Q3_plus_3IQR_and_at_least_8_medians,0.0,review_only,2026-09-01,,,,False,monthly_and_transactions_not_reconciled
030200193_,шт,Алматы,2026-09-22,20000111355,420.0,1656,180,30.0,414.0,240.0,above_Q3_plus_3IQR_and_at_least_8_medians,0.0,review_only,2026-09-01,,,,False,monthly_and_transactions_not_reconciled
030200193_,шт,Алматы,2026-09-22,20000111600,630.0,1656,180,30.0,414.0,240.0,above_Q3_plus_3IQR_and_at_least_8_medians,0.0,review_only,2026-09-01,,,,False,monthly_and_transactions_not_reconciled
030200201_,шт,Алматы,2025-01-06,20000000489,7200.0,8,180,6.0,67.0,48.0,above_Q3_plus_3IQR_and_at_least_8_medians,0.0,review_only,2025-01-01,True,False,20124.0,False,monthly_and_transactions_not_reconciled
030200201_,шт,Алматы,2025-01-06,20000000500,720.0,8,180,6.0,67.0,48.0,above_Q3_plus_3IQR_and_at_least_8_medians,0.0,review_only,2025-01-01,True,False,20124.0,False,monthly_and_transactions_not_reconciled
030200201_,шт,Алматы,2025-01-06,30000000012,120.0,8,180,6.0,67.0,48.0,above_Q3_plus_3IQR_and_at_least_8_medians,0.0,review_only,2025-01-01,True,False,20124.0,False,monthly_and_transactions_not_reconciled
030200201_,шт,Алматы,2025-01-08,20000000894,400.0,16,180,13.5,231.0,108.0,above_Q3_plus_3IQR_and_at_least_8_medians,0.0,review_only,2025-01-01,True,False,20124.0,False,monthly_and_transactions_not_reconciled
030200201_,шт,Алматы,2025-01-08,20000000899,240.0,16,180,13.5,231.0,108.0,above_Q3_plus_3IQR_and_at_least_8_medians,0.0,review_only,2025-01-01,True,False,20124.0,False,monthly_and_transactions_not_reconciled
030200201_,шт,Алматы,2025-01-09,20000001310,4800.0,21,180,25.0,785.0,200.0,above_Q3_plus_3IQR_and_at_least_8_medians,0.0,review_only,2025-01-01,True,False,20124.0,False,monthly_and_transactions_not_reconciled
030200201_,шт,Алматы,2025-01-24,20000007336,1200.0,65,180,50.0,924.0,400.0,above_Q3_plus_3IQR_and_at_least_8_medians,0.0,review_only,2025-01-01,True,False,20124.0,False,monthly_and_transactions_not_reconciled
030200201_,шт,Алматы,2025-01-29,20000008682,1200.0,76,180,50.5,919.5,404.0,above_Q3_plus_3IQR_and_at_least_8_medians,0.0,review_only,2025-01-01,True,False,20124.0,False,monthly_and_transactions_not_reconciled
030200201_,шт,Алматы,2025-01-30,20000009469,3000.0,78,180,50.5,917.25,404.0,above_Q3_plus_3IQR_and_at_least_8_medians,0.0,review_only,2025-01-01,True,False,20124.0,False,monthly_and_transactions_not_reconciled
030200201_,шт,Алматы,2025-02-03,20000010123,2000.0,91,180,50.0,921.0,400.0,above_Q3_plus_3IQR_and_at_least_8_medians,0.0,review_only,2025-02-01,True,False,14561.0,False,monthly_and_transactions_not_reconciled
030200201_,шт,Алматы,2025-02-03,20000010678,2160.0,91,180,50.0,921.0,400.0,above_Q3_plus_3IQR_and_at_least_8_medians,0.0,review_only,2025-02-01,True,False,14561.0,False,monthly_and_transactions_not_reconciled
030200201_,шт,Алматы,2025-02-12,20000014330,2280.0,129,180,50.0,764.0,400.0,above_Q3_plus_3IQR_and_at_least_8_medians,0.0,review_only,2025-02-01,True,False,14561.0,False,monthly_and_transactions_not_reconciled
030200201_,шт,Алматы,2025-02-12,20000014331,1200.0,129,180,50.0,764.0,400.0,above_Q3_plus_3IQR_and_at_least_8_medians,0.0,review_only,2025-02-01,True,False,14561.0,False,monthly_and_transactions_not_reconciled
030200201_,шт,Алматы,2025-02-12,20000014333,10800.0,129,180,50.0,764.0,400.0,above_Q3_plus_3IQR_and_at_least_8_medians,0.0,review_only,2025-02-01,True,False,14561.0,False,monthly_and_transactions_not_reconciled
030200201_,шт,Алматы,2025-03-12,20000023494,600.0,228,180,46.0,444.0,368.0,above_Q3_plus_3IQR_and_at_least_8_medians,0.0,review_only,2025-03-01,True,False,15620.0,False,monthly_and_transactions_not_reconciled
030200201_,шт,Алматы,2025-03-12,20000024031,1200.0,228,180,46.0,444.0,368.0,above_Q3_plus_3IQR_and_at_least_8_medians,0.0,review_only,2025-03-01,True,False,15620.0,False,monthly_and_transactions_not_reconciled
030200201_,шт,Алматы,2025-03-18,20000026085,480.0,256,180,48.5,468.75,388.0,above_Q3_plus_3IQR_and_at_least_8_medians,0.0,review_only,2025-03-01,True,False,15620.0,False,monthly_and_transactions_not_reconciled
030200201_,шт,Алматы,2025-03-19,20000026782,500.0,260,180,48.5,468.0,388.0,above_Q3_plus_3IQR_and_at_least_8_medians,0.0,review_only,2025-03-01,True,False,15620.0,False,monthly_and_transactions_not_reconciled
030200201_,шт,Алматы,2025-03-19,20000027164,21240.0,260,180,48.5,468.0,388.0,above_Q3_plus_3IQR_and_at_least_8_medians,0.0,review_only,2025-03-01,True,False,15620.0,False,monthly_and_transactions_not_reconciled
030200201_,шт,Алматы,2025-03-19,20000027169,7080.0,260,180,48.5,468.0,388.0,above_Q3_plus_3IQR_and_at_least_8_medians,0.0,review_only,2025-03-01,True,False,15620.0,False,monthly_and_transactions_not_reconciled
030200201_,шт,Алматы,2025-03-19,20000027267,10800.0,260,180,48.5,468.0,388.0,above_Q3_plus_3IQR_and_at_least_8_medians,0.0,review_only,2025-03-01,True,False,15620.0,False,monthly_and_transactions_not_reconciled
030200201_,шт,Алматы,2025-03-19,20000027269,1200.0,260,180,48.5,468.0,388.0,above_Q3_plus_3IQR_and_at_least_8_medians,0.0,review_only,2025-03-01,True,False,15620.0,False,monthly_and_transactions_not_reconciled
030200201_,шт,Алматы,2025-03-19,20000027271,2880.0,260,180,48.5,468.0,388.0,above_Q3_plus_3IQR_and_at_least_8_medians,0.0,review_only,2025-03-01,True,False,15620.0,False,monthly_and_transactions_not_reconciled
030200201_,шт,Алматы,2025-03-31,20000029620,1680.0,306,180,50.0,755.0,400.0,above_Q3_plus_3IQR_and_at_least_8_medians,0.0,review_only,2025-03-01,True,False,15620.0,False,monthly_and_transactions_not_reconciled
030200201_,шт,Алматы,2025-04-01,20000030384,1200.0,313,180,50.0,755.0,400.0,above_Q3_plus_3IQR_and_at_least_8_medians,0.0,review_only,2025-04-01,True,False,19797.0,False,monthly_and_transactions_not_reconciled
030200201_,шт,Алматы,2025-04-09,20000034294,1000.0,346,180,50.0,555.0,400.0,above_Q3_plus_3IQR_and_at_least_8_medians,0.0,review_only,2025-04-01,True,False,19797.0,False,monthly_and_transactions_not_reconciled
030200201_,шт,Алматы,2025-04-11,30000031636,1200.0,355,180,50.0,555.0,400.0,above_Q3_plus_3IQR_and_at_least_8_medians,0.0,review_only,2025-04-01,True,False,19797.0,False,monthly_and_transactions_not_reconciled
030200201_,шт,Алматы,2025-04-12,20000035215,840.0,358,180,50.0,555.0,400.0,above_Q3_plus_3IQR_and_at_least_8_medians,0.0,review_only,2025-04-01,True,False,19797.0,False,monthly_and_transactions_not_reconciled
030200201_,шт,Алматы,2025-04-18,20000037760,1200.0,385,180,50.0,435.0,400.0,above_Q3_plus_3IQR_and_at_least_8_medians,0.0,review_only,2025-04-01,True,False,19797.0,False,monthly_and_transactions_not_reconciled
030200201_,шт,Алматы,2025-04-23,20000039791,2040.0,409,180,50.0,435.0,400.0,above_Q3_plus_3IQR_and_at_least_8_medians,0.0,review_only,2025-04-01,True,False,19797.0,False,monthly_and_transactions_not_reconciled
030200201_,шт,Алматы,2025-04-25,20000041140,4320.0,416,180,50.0,435.0,400.0,above_Q3_plus_3IQR_and_at_least_8_medians,0.0,review_only,2025-04-01,True,False,19797.0,False,monthly_and_transactions_not_reconciled
030200201_,шт,Алматы,2025-04-25,20000041171,43200.0,416,180,50.0,435.0,400.0,above_Q3_plus_3IQR_and_at_least_8_medians,0.0,review_only,2025-04-01,True,False,19797.0,False,monthly_and_transactions_not_reconciled
030200201_,шт,Алматы,2025-04-25,20000041189,20280.0,416,180,50.0,435.0,400.0,above_Q3_plus_3IQR_and_at_least_8_medians,0.0,review_only,2025-04-01,True,False,19797.0,False,monthly_and_transactions_not_reconciled
030200201_,шт,Алматы,2025-04-29,20000041891,480.0,434,180,50.0,435.0,400.0,above_Q3_plus_3IQR_and_at_least_8_medians,0.0,review_only,2025-04-01,True,False,19797.0,False,monthly_and_transactions_not_reconciled
030200201_,шт,Алматы,2025-05-03,30000031826,1200.0,448,180,50.0,435.0,400.0,above_Q3_plus_3IQR_and_at_least_8_medians,0.0,review_only,2025-05-01,True,False,20724.0,False,monthly_and_transactions_not_reconciled
030200201_,шт,Алматы,2025-05-05,20000043953,480.0,453,180,50.0,435.0,400.0,above_Q3_plus_3IQR_and_at_least_8_medians,0.0,review_only,2025-05-01,True,False,20724.0,False,monthly_and_transactions_not_reconciled
030200201_,шт,Алматы,2025-05-05,20000044455,2400.0,453,180,50.0,435.0,400.0,above_Q3_plus_3IQR_and_at_least_8_medians,0.0,review_only,2025-05-01,True,False,20724.0,False,monthly_and_transactions_not_reconciled
030200201_,шт,Алматы,2025-05-13,20000046211,480.0,484,180,50.0,423.0,400.0,above_Q3_plus_3IQR_and_at_least_8_medians,0.0,review_only,2025-05-01,True,False,20724.0,False,monthly_and_transactions_not_reconciled
030200201_,шт,Алматы,2025-05-13,20000046899,600.0,484,180,50.0,423.0,400.0,above_Q3_plus_3IQR_and_at_least_8_medians,0.0,review_only,2025-05-01,True,False,20724.0,False,monthly_and_transactions_not_reconciled
030200201_,шт,Алматы,2025-05-20,20000050017,1000.0,525,180,50.0,420.0,400.0,above_Q3_plus_3IQR_and_at_least_8_medians,0.0,review_only,2025-05-01,True,False,20724.0,False,monthly_and_transactions_not_reconciled
030200201_,шт,Алматы,2025-05-21,20000050216,480.0,540,180,50.0,420.0,400.0,above_Q3_plus_3IQR_and_at_least_8_medians,0.0,review_only,2025-05-01,True,False,20724.0,False,monthly_and_transactions_not_reconciled
030200201_,шт,Алматы,2025-05-28,20000053995,800.0,570,180,50.0,420.0,400.0,above_Q3_plus_3IQR_and_at_least_8_medians,0.0,review_only,2025-05-01,True,False,20724.0,False,monthly_and_transactions_not_reconciled
030200201_,шт,Алматы,2025-05-29,20000054382,1000.0,579,180,50.0,420.0,400.0,above_Q3_plus_3IQR_and_at_least_8_medians,0.0,review_only,2025-05-01,True,False,20724.0,False,monthly_and_transactions_not_reconciled
030200201_,шт,Алматы,2025-05-29,20000054411,500.0,579,180,50.0,420.0,400.0,above_Q3_plus_3IQR_and_at_least_8_medians,0.0,review_only,2025-05-01,True,False,20724.0,False,monthly_and_transactions_not_reconciled
030200201_,шт,Алматы,2025-06-02,20000056084,1200.0,596,180,50.0,420.0,400.0,above_Q3_plus_3IQR_and_at_least_8_medians,0.0,review_only,2025-06-01,True,False,19636.0,False,monthly_and_transactions_not_reconciled
030200201_,шт,Алматы,2025-06-05,20000057887,600.0,612,180,50.0,420.0,400.0,above_Q3_plus_3IQR_and_at_least_8_medians,0.0,review_only,2025-06-01,True,False,19636.0,False,monthly_and_transactions_not_reconciled
030200201_,шт,Алматы,2025-06-17,20000061965,600.0,666,180,50.0,420.0,400.0,above_Q3_plus_3IQR_and_at_least_8_medians,0.0,review_only,2025-06-01,True,False,19636.0,False,monthly_and_transactions_not_reconciled
030200201_,шт,Алматы,2025-06-18,20000063189,6120.0,676,180,50.0,420.0,400.0,above_Q3_plus_3IQR_and_at_least_8_medians,0.0,review_only,2025-06-01,True,False,19636.0,False,monthly_and_transactions_not_reconciled
030200201_,шт,Алматы,2025-06-23,30000032347,1920.0,709,180,50.0,420.0,400.0,above_Q3_plus_3IQR_and_at_least_8_medians,0.0,review_only,2025-06-01,True,False,19636.0,False,monthly_and_transactions_not_reconciled
030200201_,шт,Алматы,2025-06-24,20000064626,840.0,721,180,50.0,420.0,400.0,above_Q3_plus_3IQR_and_at_least_8_medians,0.0,review_only,2025-06-01,True,False,19636.0,False,monthly_and_transactions_not_reconciled
030200201_,шт,Алматы,2025-06-26,20000065405,840.0,731,180,50.0,420.0,400.0,above_Q3_plus_3IQR_and_at_least_8_medians,0.0,review_only,2025-06-01,True,False,19636.0,False,monthly_and_transactions_not_reconciled
030200201_,шт,Алматы,2025-06-28,20000067219,500.0,738,180,50.0,420.0,400.0,above_Q3_plus_3IQR_and_at_least_8_medians,0.0,review_only,2025-06-01,True,False,19636.0,False,monthly_and_transactions_not_reconciled
030200201_,шт,Алматы,2025-07-02,20000068788,1200.0,756,180,50.0,420.0,400.0,above_Q3_plus_3IQR_and_at_least_8_medians,0.0,review_only,2025-07-01,True,False,21655.0,False,monthly_and_transactions_not_reconciled
030200201_,шт,Алматы,2025-07-02,20000068818,7080.0,756,180,50.0,420.0,400.0,above_Q3_plus_3IQR_and_at_least_8_medians,0.0,review_only,2025-07-01,True,False,21655.0,False,monthly_and_transactions_not_reconciled
030200201_,шт,Алматы,2025-07-04,30000032502,840.0,765,180,50.0,420.0,400.0,above_Q3_plus_3IQR_and_at_least_8_medians,0.0,review_only,2025-07-01,True,False,21655.0,False,monthly_and_transactions_not_reconciled
030200201_,шт,Алматы,2025-07-08,20000070952,600.0,766,180,54.5,420.0,436.0,above_Q3_plus_3IQR_and_at_least_8_medians,0.0,review_only,2025-07-01,True,False,21655.0,False,monthly_and_transactions_not_reconciled
030200201_,шт,Алматы,2025-07-09,20000071141,1200.0,767,180,54.0,420.0,432.0,above_Q3_plus_3IQR_and_at_least_8_medians,0.0,review_only,2025-07-01,True,False,21655.0,False,monthly_and_transactions_not_reconciled
030200201_,шт,Алматы,2025-07-10,20000072003,17880.0,777,180,55.0,420.0,440.0,above_Q3_plus_3IQR_and_at_least_8_medians,0.0,review_only,2025-07-01,True,False,21655.0,False,monthly_and_transactions_not_reconciled
030200201_,шт,Алматы,2025-07-16,20000074379,600.0,790,180,50.0,420.0,400.0,above_Q3_plus_3IQR_and_at_least_8_medians,0.0,review_only,2025-07-01,True,False,21655.0,False,monthly_and_transactions_not_reconciled
030200201_,шт,Алматы,2025-07-17,20000074983,1200.0,796,180,50.0,420.0,400.0,above_Q3_plus_3IQR_and_at_least_8_medians,0.0,review_only,2025-07-01,True,False,21655.0,False,monthly_and_transactions_not_reconciled
030200201_,шт,Алматы,2025-07-17,20000075657,14400.0,796,180,50.0,420.0,400.0,above_Q3_plus_3IQR_and_at_least_8_medians,0.0,review_only,2025-07-01,True,False,21655.0,False,monthly_and_transactions_not_reconciled
030200201_,шт,Алматы,2025-07-17,20000075662,10800.0,796,180,50.0,420.0,400.0,above_Q3_plus_3IQR_and_at_least_8_medians,0.0,review_only,2025-07-01,True,False,21655.0,False,monthly_and_transactions_not_reconciled
030200201_,шт,Алматы,2025-07-24,20000078169,480.0,804,180,50.0,420.0,400.0,above_Q3_plus_3IQR_and_at_least_8_medians,0.0,review_only,2025-07-01,True,False,21655.0,False,monthly_and_transactions_not_reconciled
030200201_,шт,Алматы,2025-07-29,20000079532,600.0,824,180,50.0,420.0,400.0,above_Q3_plus_3IQR_and_at_least_8_medians,0.0,review_only,2025-07-01,True,False,21655.0,False,monthly_and_transactions_not_reconciled
030200201_,шт,Алматы,2025-07-29,20000080030,600.0,824,180,50.0,420.0,400.0,above_Q3_plus_3IQR_and_at_least_8_medians,0.0,review_only,2025-07-01,True,False,21655.0,False,monthly_and_transactions_not_reconciled
030200201_,шт,Алматы,2025-07-29,20000080425,4080.0,824,180,50.0,420.0,400.0,above_Q3_plus_3IQR_and_at_least_8_medians,0.0,review_only,2025-07-01,True,False,21655.0,False,monthly_and_transactions_not_reconciled
030200201_,шт,Алматы,2025-08-05,30000032775,1200.0,825,180,50.0,420.0,400.0,above_Q3_plus_3IQR_and_at_least_8_medians,0.0,review_only,2025-08-01,True,False,18797.0,False,monthly_and_transactions_not_reconciled
030200201_,шт,Алматы,2025-08-06,20000083134,600.0,828,180,50.0,420.0,400.0,above_Q3_plus_3IQR_and_at_least_8_medians,0.0,review_only,2025-08-01,True,False,18797.0,False,monthly_and_transactions_not_reconciled
030200201_,шт,Алматы,2025-08-06,20000083625,1200.0,828,180,50.0,420.0,400.0,above_Q3_plus_3IQR_and_at_least_8_medians,0.0,review_only,2025-08-01,True,False,18797.0,False,monthly_and_transactions_not_reconciled
030200201_,шт,Алматы,2025-08-07,20000084221,25200.0,836,180,50.0,420.0,400.0,above_Q3_plus_3IQR_and_at_least_8_medians,0.0,review_only,2025-08-01,True,False,18797.0,False,monthly_and_transactions_not_reconciled
030200201_,шт,Алматы,2025-08-07,20000084231,2400.0,836,180,50.0,420.0,400.0,above_Q3_plus_3IQR_and_at_least_8_medians,0.0,review_only,2025-08-01,True,False,18797.0,False,monthly_and_transactions_not_reconciled
030200201_,шт,Алматы,2025-08-07,20000084233,6000.0,836,180,50.0,420.0,400.0,above_Q3_plus_3IQR_and_at_least_8_medians,0.0,review_only,2025-08-01,True,False,18797.0,False,monthly_and_transactions_not_reconciled
030200201_,шт,Алматы,2025-08-09,20000085308,840.0,843,180,55.0,420.0,440.0,above_Q3_plus_3IQR_and_at_least_8_medians,0.0,review_only,2025-08-01,True,False,18797.0,False,monthly_and_transactions_not_reconciled
030200201_,шт,Алматы,2025-08-14,20000087597,500.0,840,180,50.0,420.0,400.0,above_Q3_plus_3IQR_and_at_least_8_medians,0.0,review_only,2025-08-01,True,False,18797.0,False,monthly_and_transactions_not_reconciled
030200201_,шт,Алматы,2025-08-25,20000091858,630.0,850,180,60.0,420.0,480.0,above_Q3_plus_3IQR_and_at_least_8_medians,0.0,review_only,2025-08-01,True,False,18797.0,False,monthly_and_transactions_not_reconciled
030200201_,шт,Алматы,2025-08-26,20000092712,14400.0,851,180,60.0,420.0,480.0,above_Q3_plus_3IQR_and_at_least_8_medians,0.0,review_only,2025-08-01,True,False,18797.0,False,monthly_and_transactions_not_reconciled
030200201_,шт,Алматы,2025-08-26,20000092715,4080.0,851,180,60.0,420.0,480.0,above_Q3_plus_3IQR_and_at_least_8_medians,0.0,review_only,2025-08-01,True,False,18797.0,False,monthly_and_transactions_not_reconciled
030200201_,шт,Алматы,2025-08-26,20000092718,6000.0,851,180,60.0,420.0,480.0,above_Q3_plus_3IQR_and_at_least_8_medians,0.0,review_only,2025-08-01,True,False,18797.0,False,monthly_and_transactions_not_reconciled
030200201_,шт,Алматы,2025-08-27,20000093032,7080.0,858,180,58.0,420.0,464.0,above_Q3_plus_3IQR_and_at_least_8_medians,0.0,review_only,2025-08-01,True,False,18797.0,False,monthly_and_transactions_not_reconciled
030200201_,шт,Алматы,2025-08-30,20000094463,600.0,866,180,60.0,420.0,480.0,above_Q3_plus_3IQR_and_at_least_8_medians,0.0,review_only,2025-08-01,True,False,18797.0,False,monthly_and_transactions_not_reconciled
030200201_,шт,Алматы,2025-09-02,20000094918,480.0,854,180,60.0,420.0,480.0,above_Q3_plus_3IQR_and_at_least_8_medians,0.0,review_only,2025-09-01,True,False,25145.0,False,monthly_and_transactions_not_reconciled
030200201_,шт,Алматы,2025-09-04,20000095577,1200.0,865,180,60.0,420.0,480.0,above_Q3_plus_3IQR_and_at_least_8_medians,0.0,review_only,2025-09-01,True,False,25145.0,False,monthly_and_transactions_not_reconciled
030200201_,шт,Алматы,2025-09-05,20000096429,500.0,870,180,60.0,420.0,480.0,above_Q3_plus_3IQR_and_at_least_8_medians,0.0,review_only,2025-09-01,True,False,25145.0,False,monthly_and_transactions_not_reconciled
030200201_,шт,Алматы,2025-09-06,20000097391,500.0,876,180,60.0,420.0,480.0,above_Q3_plus_3IQR_and_at_least_8_medians,0.0,review_only,2025-09-01,True,False,25145.0,False,monthly_and_transactions_not_reconciled
030200201_,шт,Алматы,2025-09-11,20000099632,700.0,871,180,60.0,420.0,480.0,above_Q3_plus_3IQR_and_at_least_8_medians,0.0,review_only,2025-09-01,True,False,25145.0,False,monthly_and_transactions_not_reconciled
030200201_,шт,Алматы,2025-09-12,20000099937,1200.0,874,180,60.0,420.0,480.0,above_Q3_plus_3IQR_and_at_least_8_medians,0.0,review_only,2025-09-01,True,False,25145.0,False,monthly_and_transactions_not_reconciled
030200201_,шт,Алматы,2025-09-17,20000101588,600.0,879,180,60.0,420.0,480.0,above_Q3_plus_3IQR_and_at_least_8_medians,0.0,review_only,2025-09-01,True,False,25145.0,False,monthly_and_transactions_not_reconciled
030200201_,шт,Алматы,2025-09-18,20000102730,4271.0,886,180,60.0,420.0,480.0,above_Q3_plus_3IQR_and_at_least_8_medians,0.0,review_only,2025-09-01,True,False,25145.0,False,monthly_and_transactions_not_reconciled
030200201_,шт,Алматы,2025-09-19,20000102318,600.0,890,180,60.0,420.0,480.0,above_Q3_plus_3IQR_and_at_least_8_medians,0.0,review_only,2025-09-01,True,False,25145.0,False,monthly_and_transactions_not_reconciled
030200201_,шт,Алматы,2025-09-23,20000104124,480.0,894,180,60.0,420.0,480.0,above_Q3_plus_3IQR_and_at_least_8_medians,0.0,review_only,2025-09-01,True,False,25145.0,False,monthly_and_transactions_not_reconciled
030200201_,шт,Алматы,2025-09-23,20000104334,600.0,894,180,60.0,420.0,480.0,above_Q3_plus_3IQR_and_at_least_8_medians,0.0,review_only,2025-09-01,True,False,25145.0,False,monthly_and_transactions_not_reconciled
030200201_,шт,Алматы,2025-09-26,20000106585,480.0,894,180,60.0,420.0,480.0,above_Q3_plus_3IQR_and_at_least_8_medians,0.0,review_only,2025-09-01,True,False,25145.0,False,monthly_and_transactions_not_reconciled
030200201_,шт,Алматы,2025-09-26,20000106644,36000.0,894,180,60.0,420.0,480.0,above_Q3_plus_3IQR_and_at_least_8_medians,0.0,review_only,2025-09-01,True,False,25145.0,False,monthly_and_transactions_not_reconciled
030200201_,шт,Алматы,2025-09-26,20000106647,600.0,894,180,60.0,420.0,480.0,above_Q3_plus_3IQR_and_at_least_8_medians,0.0,review_only,2025-09-01,True,False,25145.0,False,monthly_and_transactions_not_reconciled
030200201_,шт,Алматы,2025-09-30,20000107027,600.0,896,180,55.0,420.0,440.0,above_Q3_plus_3IQR_and_at_least_8_medians,0.0,review_only,2025-09-01,True,False,25145.0,False,monthly_and_transactions_not_reconciled
030200201_,шт,Алматы,2025-10-03,20000108966,840.0,898,180,60.0,420.0,480.0,above_Q3_plus_3IQR_and_at_least_8_medians,0.0,review_only,2025-10-01,True,False,22466.0,False,monthly_and_transactions_not_reconciled
030200201_,шт,Алматы,2025-10-06,20000110648,1020.0,904,180,55.5,420.0,444.0,above_Q3_plus_3IQR_and_at_least_8_medians,0.0,review_only,2025-10-01,True,False,22466.0,False,monthly_and_transactions_not_reconciled
030200201_,шт,Алматы,2025-10-09,20000111844,1200.0,903,180,56.0,420.0,448.0,above_Q3_plus_3IQR_and_at_least_8_medians,0.0,review_only,2025-10-01,True,False,22466.0,False,monthly_and_transactions_not_reconciled
030200201_,шт,Алматы,2025-10-14,20000113934,600.0,905,180,60.0,420.0,480.0,above_Q3_plus_3IQR_and_at_least_8_medians,0.0,review_only,2025-10-01,True,False,22466.0,False,monthly_and_transactions_not_reconciled
030200201_,шт,Алматы,2025-10-15,20000114254,1200.0,903,180,60.0,420.0,480.0,above_Q3_plus_3IQR_and_at_least_8_medians,0.0,review_only,2025-10-01,True,False,22466.0,False,monthly_and_transactions_not_reconciled
030200201_,шт,Алматы,2025-10-16,20000114870,1200.0,902,180,60.0,420.0,480.0,above_Q3_plus_3IQR_and_at_least_8_medians,0.0,review_only,2025-10-01,True,False,22466.0,False,monthly_and_transactions_not_reconciled
030200201_,шт,Алматы,2025-10-21,20000117010,840.0,903,180,55.0,420.0,440.0,above_Q3_plus_3IQR_and_at_least_8_medians,0.0,review_only,2025-10-01,True,False,22466.0,False,monthly_and_transactions_not_reconciled
030200201_,шт,Алматы,2025-10-21,20000117228,660.0,903,180,55.0,420.0,440.0,above_Q3_plus_3IQR_and_at_least_8_medians,0.0,review_only,2025-10-01,True,False,22466.0,False,monthly_and_transactions_not_reconciled
030200201_,шт,Алматы,2025-10-31,20000121205,1200.0,903,180,50.0,420.0,400.0,above_Q3_plus_3IQR_and_at_least_8_medians,0.0,review_only,2025-10-01,True,False,22466.0,False,monthly_and_transactions_not_reconciled
030200201_,шт,Алматы,2025-10-31,20000121762,600.0,903,180,50.0,420.0,400.0,above_Q3_plus_3IQR_and_at_least_8_medians,0.0,review_only,2025-10-01,True,False,22466.0,False,monthly_and_transactions_not_reconciled
030200201_,шт,Алматы,2025-10-31,20000121999,500.0,903,180,50.0,420.0,400.0,above_Q3_plus_3IQR_and_at_least_8_medians,0.0,review_only,2025-10-01,True,False,22466.0,False,monthly_and_transactions_not_reconciled
030200201_,шт,Алматы,2025-10-31,20000122183,480.0,903,180,50.0,420.0,400.0,above_Q3_plus_3IQR_and_at_least_8_medians,0.0,review_only,2025-10-01,True,False,22466.0,False,monthly_and_transactions_not_reconciled
030200201_,шт,Алматы,2025-11-06,20000123789,600.0,908,180,50.0,420.0,400.0,above_Q3_plus_3IQR_and_at_least_8_medians,0.0,review_only,2025-11-01,True,False,15980.0,False,monthly_and_transactions_not_reconciled
030200201_,шт,Алматы,2025-11-07,20000125307,790.0,904,180,50.0,420.0,400.0,above_Q3_plus_3IQR_and_at_least_8_medians,0.0,review_only,2025-11-01,True,False,15980.0,False,monthly_and_transactions_not_reconciled
030200201_,шт,Алматы,2025-11-14,20000127795,840.0,898,180,50.0,420.0,400.0,above_Q3_plus_3IQR_and_at_least_8_medians,0.0,review_only,2025-11-01,True,False,15980.0,False,monthly_and_transactions_not_reconciled
030200201_,шт,Алматы,2025-11-18,20000129511,720.0,880,180,50.0,420.0,400.0,above_Q3_plus_3IQR_and_at_least_8_medians,0.0,review_only,2025-11-01,True,False,15980.0,False,monthly_and_transactions_not_reconciled
030200201_,шт,Алматы,2025-11-21,20000131623,36000.0,882,180,50.0,420.0,400.0,above_Q3_plus_3IQR_and_at_least_8_medians,0.0,review_only,2025-11-01,True,False,15980.0,False,monthly_and_transactions_not_reconciled
030200201_,шт,Алматы,2025-11-21,20000131670,8400.0,882,180,50.0,420.0,400.0,above_Q3_plus_3IQR_and_at_least_8_medians,0.0,review_only,2025-11-01,True,False,15980.0,False,monthly_and_transactions_not_reconciled
030200201_,шт,Алматы,2025-11-24,30000033723,1200.0,880,180,50.0,420.0,400.0,above_Q3_plus_3IQR_and_at_least_8_medians,0.0,review_only,2025-11-01,True,False,15980.0,False,monthly_and_transactions_not_reconciled
030200201_,шт,Алматы,2025-11-26,20000133003,500.0,878,180,50.0,420.0,400.0,above_Q3_plus_3IQR_and_at_least_8_medians,0.0,review_only,2025-11-01,True,False,15980.0,False,monthly_and_transactions_not_reconciled
030200201_,шт,Алматы,2025-11-28,20000134857,600.0,881,180,50.0,420.0,400.0,above_Q3_plus_3IQR_and_at_least_8_medians,0.0,review_only,2025-11-01,True,False,15980.0,False,monthly_and_transactions_not_reconciled
030200201_,шт,Алматы,2025-12-05,20000138348,1200.0,885,180,50.0,420.0,400.0,above_Q3_plus_3IQR_and_at_least_8_medians,0.0,review_only,2025-12-01,True,False,17255.0,False,monthly_and_transactions_not_reconciled
030200201_,шт,Алматы,2025-12-09,20000139538,600.0,886,180,50.0,420.0,400.0,above_Q3_plus_3IQR_and_at_least_8_medians,0.0,review_only,2025-12-01,True,False,17255.0,False,monthly_and_transactions_not_reconciled
030200201_,шт,Алматы,2025-12-09,20000139804,6000.0,886,180,50.0,420.0,400.0,above_Q3_plus_3IQR_and_at_least_8_medians,0.0,review_only,2025-12-01,True,False,17255.0,False,monthly_and_transactions_not_reconciled
030200201_,шт,Алматы,2025-12-11,20000140922,8520.0,890,180,50.0,420.0,400.0,above_Q3_plus_3IQR_and_at_least_8_medians,0.0,review_only,2025-12-01,True,False,17255.0,False,monthly_and_transactions_not_reconciled
030200201_,шт,Алматы,2025-12-17,20000143541,4800.0,858,180,50.0,420.0,400.0,above_Q3_plus_3IQR_and_at_least_8_medians,0.0,review_only,2025-12-01,True,False,17255.0,False,monthly_and_transactions_not_reconciled
030200201_,шт,Алматы,2025-12-17,20000143542,1200.0,858,180,50.0,420.0,400.0,above_Q3_plus_3IQR_and_at_least_8_medians,0.0,review_only,2025-12-01,True,False,17255.0,False,monthly_and_transactions_not_reconciled
030200201_,шт,Алматы,2025-12-17,20000143543,2400.0,858,180,50.0,420.0,400.0,above_Q3_plus_3IQR_and_at_least_8_medians,0.0,review_only,2025-12-01,True,False,17255.0,False,monthly_and_transactions_not_reconciled
030200201_,шт,Алматы,2025-12-19,20000143497,960.0,854,180,50.0,420.0,400.0,above_Q3_plus_3IQR_and_at_least_8_medians,0.0,review_only,2025-12-01,True,False,17255.0,False,monthly_and_transactions_not_reconciled
030200201_,шт,Алматы,2025-12-24,20000146519,720.0,850,180,50.0,441.0,400.0,above_Q3_plus_3IQR_and_at_least_8_medians,0.0,review_only,2025-12-01,True,False,17255.0,False,monthly_and_transactions_not_reconciled
030200201_,шт,Алматы,2025-12-26,20000147371,1200.0,858,180,50.0,431.25,400.0,above_Q3_plus_3IQR_and_at_least_8_medians,0.0,review_only,2025-12-01,True,False,17255.0,False,monthly_and_transactions_not_reconciled
030200201_,шт,Алматы,2025-12-26,20000147708,860.0,858,180,50.0,431.25,400.0,above_Q3_plus_3IQR_and_at_least_8_medians,0.0,review_only,2025-12-01,True,False,17255.0,False,monthly_and_transactions_not_reconciled
030200201_,шт,Алматы,2025-12-30,20000148903,600.0,851,180,50.0,432.0,400.0,above_Q3_plus_3IQR_and_at_least_8_medians,0.0,review_only,2025-12-01,True,False,17255.0,False,monthly_and_transactions_not_reconciled
030200201_,шт,Алматы,2026-01-09,20000001476,600.0,808,180,50.0,432.75,400.0,above_Q3_plus_3IQR_and_at_least_8_medians,0.0,review_only,2026-01-01,True,False,17268.0,False,monthly_and_transactions_not_reconciled
030200201_,шт,Алматы,2026-01-09,20000002080,480.0,808,180,50.0,432.75,400.0,above_Q3_plus_3IQR_and_at_least_8_medians,0.0,review_only,2026-01-01,True,False,17268.0,False,monthly_and_transactions_not_reconciled
030200201_,шт,Алматы,2026-01-14,20000003527,2400.0,807,180,50.0,423.0,400.0,above_Q3_plus_3IQR_and_at_least_8_medians,0.0,review_only,2026-01-01,True,False,17268.0,False,monthly_and_transactions_not_reconciled
030200201_,шт,Алматы,2026-01-15,20000001698,2400.0,808,180,50.0,426.0,400.0,above_Q3_plus_3IQR_and_at_least_8_medians,0.0,review_only,2026-01-01,True,False,17268.0,False,monthly_and_transactions_not_reconciled
030200201_,шт,Алматы,2026-01-16,20000004749,600.0,812,180,50.0,420.0,400.0,above_Q3_plus_3IQR_and_at_least_8_medians,0.0,review_only,2026-01-01,True,False,17268.0,False,monthly_and_transactions_not_reconciled
030200201_,шт,Алматы,2026-01-16,20000004964,600.0,812,180,50.0,420.0,400.0,above_Q3_plus_3IQR_and_at_least_8_medians,0.0,review_only,2026-01-01,True,False,17268.0,False,monthly_and_transactions_not_reconciled
030200201_,шт,Алматы,2026-01-23,20000006940,600.0,810,180,50.0,424.5,400.0,above_Q3_plus_3IQR_and_at_least_8_medians,0.0,review_only,2026-01-01,True,False,17268.0,False,monthly_and_transactions_not_reconciled
030200201_,шт,Алматы,2026-01-24,20000007512,1200.0,818,180,50.0,426.0,400.0,above_Q3_plus_3IQR_and_at_least_8_medians,0.0,review_only,2026-01-01,True,False,17268.0,False,monthly_and_transactions_not_reconciled
030200201_,шт,Алматы,2026-01-27,20000008697,480.0,805,180,50.0,426.0,400.0,above_Q3_plus_3IQR_and_at_least_8_medians,0.0,review_only,2026-01-01,True,False,17268.0,False,monthly_and_transactions_not_reconciled
030200201_,шт,Алматы,2026-01-27,20000008889,18840.0,805,180,50.0,426.0,400.0,above_Q3_plus_3IQR_and_at_least_8_medians,0.0,review_only,2026-01-01,True,False,17268.0,False,monthly_and_transactions_not_reconciled
030200201_,шт,Алматы,2026-01-29,20000009880,14400.0,814,180,50.0,424.5,400.0,above_Q3_plus_3IQR_and_at_least_8_medians,0.0,review_only,2026-01-01,True,False,17268.0,False,monthly_and_transactions_not_reconciled
030200201_,шт,Алматы,2026-01-29,20000009919,1200.0,814,180,50.0,424.5,400.0,above_Q3_plus_3IQR_and_at_least_8_medians,0.0,review_only,2026-01-01,True,False,17268.0,False,monthly_and_transactions_not_reconciled
030200201_,шт,Алматы,2026-02-11,20000014928,10080.0,805,180,50.0,426.0,400.0,above_Q3_plus_3IQR_and_at_least_8_medians,0.0,review_only,2026-02-01,True,False,14645.0,False,monthly_and_transactions_not_reconciled
030200201_,шт,Алматы,2026-02-18,20000017307,1200.0,812,180,50.0,420.0,400.0,above_Q3_plus_3IQR_and_at_least_8_medians,0.0,review_only,2026-02-01,True,False,14645.0,False,monthly_and_transactions_not_reconciled
030200201_,шт,Алматы,2026-02-20,20000018002,1200.0,814,180,50.0,426.0,400.0,above_Q3_plus_3IQR_and_at_least_8_medians,0.0,review_only,2026-02-01,True,False,14645.0,False,monthly_and_transactions_not_reconciled
030200201_,шт,Алматы,2026-02-20,20000018418,600.0,814,180,50.0,426.0,400.0,above_Q3_plus_3IQR_and_at_least_8_medians,0.0,review_only,2026-02-01,True,False,14645.0,False,monthly_and_transactions_not_reconciled
030200201_,шт,Алматы,2026-02-25,20000020178,23160.0,802,180,50.0,429.0,400.0,above_Q3_plus_3IQR_and_at_least_8_medians,0.0,review_only,2026-02-01,True,False,14645.0,False,monthly_and_transactions_not_reconciled
030200201_,шт,Алматы,2026-02-27,20000021307,600.0,803,180,50.0,435.0,400.0,above_Q3_plus_3IQR_and_at_least_8_medians,0.0,review_only,2026-02-01,True,False,14645.0,False,monthly_and_transactions_not_reconciled
030200201_,шт,Алматы,2026-02-27,30000000487,480.0,803,180,50.0,435.0,400.0,above_Q3_plus_3IQR_and_at_least_8_medians,0.0,review_only,2026-02-01,True,False,14645.0,False,monthly_and_transactions_not_reconciled
030200201_,шт,Алматы,2026-03-03,20000022443,480.0,812,180,50.0,429.0,400.0,above_Q3_plus_3IQR_and_at_least_8_medians,0.0,review_only,2026-03-01,True,False,19937.0,False,monthly_and_transactions_not_reconciled
030200201_,шт,Алматы,2026-03-03,20000022725,2520.0,812,180,50.0,429.0,400.0,above_Q3_plus_3IQR_and_at_least_8_medians,0.0,review_only,2026-03-01,True,False,19937.0,False,monthly_and_transactions_not_reconciled
030200201_,шт,Алматы,2026-03-03,20000022782,10800.0,812,180,50.0,429.0,400.0,above_Q3_plus_3IQR_and_at_least_8_medians,0.0,review_only,2026-03-01,True,False,19937.0,False,monthly_and_transactions_not_reconciled
030200201_,шт,Алматы,2026-03-03,20000022801,1200.0,812,180,50.0,429.0,400.0,above_Q3_plus_3IQR_and_at_least_8_medians,0.0,review_only,2026-03-01,True,False,19937.0,False,monthly_and_transactions_not_reconciled
030200201_,шт,Алматы,2026-03-10,20000024662,1200.0,801,180,50.0,429.0,400.0,above_Q3_plus_3IQR_and_at_least_8_medians,0.0,review_only,2026-03-01,True,False,19937.0,False,monthly_and_transactions_not_reconciled
030200201_,шт,Алматы,2026-03-10,20000024984,21000.0,801,180,50.0,429.0,400.0,above_Q3_plus_3IQR_and_at_least_8_medians,0.0,review_only,2026-03-01,True,False,19937.0,False,monthly_and_transactions_not_reconciled
030200201_,шт,Алматы,2026-03-12,20000025465,840.0,804,180,50.0,426.0,400.0,above_Q3_plus_3IQR_and_at_least_8_medians,0.0,review_only,2026-03-01,True,False,19937.0,False,monthly_and_transactions_not_reconciled
030200201_,шт,Алматы,2026-03-17,20000027512,2000.0,795,180,50.0,426.0,400.0,above_Q3_plus_3IQR_and_at_least_8_medians,0.0,review_only,2026-03-01,True,False,19937.0,False,monthly_and_transactions_not_reconciled
030200201_,шт,Алматы,2026-03-17,20000027649,500.0,795,180,50.0,426.0,400.0,above_Q3_plus_3IQR_and_at_least_8_medians,0.0,review_only,2026-03-01,True,False,19937.0,False,monthly_and_transactions_not_reconciled
030200201_,шт,Алматы,2026-03-20,20000028668,1200.0,791,180,50.0,430.5,400.0,above_Q3_plus_3IQR_and_at_least_8_medians,0.0,review_only,2026-03-01,True,False,19937.0,False,monthly_and_transactions_not_reconciled
030200201_,шт,Алматы,2026-03-26,30000000725,960.0,771,180,50.0,429.0,400.0,above_Q3_plus_3IQR_and_at_least_8_medians,0.0,review_only,2026-03-01,True,False,19937.0,False,monthly_and_transactions_not_reconciled
030200201_,шт,Алматы,2026-03-27,20000030355,15600.0,773,180,50.0,429.0,400.0,above_Q3_plus_3IQR_and_at_least_8_medians,0.0,review_only,2026-03-01,True,False,19937.0,False,monthly_and_transactions_not_reconciled
030200201_,шт,Алматы,2026-03-27,20000030357,960.0,773,180,50.0,429.0,400.0,above_Q3_plus_3IQR_and_at_least_8_medians,0.0,review_only,2026-03-01,True,False,19937.0,False,monthly_and_transactions_not_reconciled
030200201_,шт,Алматы,2026-03-27,20000030360,1200.0,773,180,50.0,429.0,400.0,above_Q3_plus_3IQR_and_at_least_8_medians,0.0,review_only,2026-03-01,True,False,19937.0,False,monthly_and_transactions_not_reconciled
030200201_,шт,Алматы,2026-03-30,20000031242,600.0,781,180,50.0,426.0,400.0,above_Q3_plus_3IQR_and_at_least_8_medians,0.0,review_only,2026-03-01,True,False,19937.0,False,monthly_and_transactions_not_reconciled
030200201_,шт,Алматы,2026-03-30,20000031273,12000.0,781,180,50.0,426.0,400.0,above_Q3_plus_3IQR_and_at_least_8_medians,0.0,review_only,2026-03-01,True,False,19937.0,False,monthly_and_transactions_not_reconciled
030200201_,шт,Алматы,2026-03-31,20000031963,1200.0,785,180,50.0,426.0,400.0,above_Q3_plus_3IQR_and_at_least_8_medians,0.0,review_only,2026-03-01,True,False,19937.0,False,monthly_and_transactions_not_reconciled
030200201_,шт,Алматы,2026-04-10,20000036045,480.0,784,180,50.0,426.0,400.0,above_Q3_plus_3IQR_and_at_least_8_medians,0.0,review_only,2026-04-01,True,False,25870.0,False,monthly_and_transactions_not_reconciled
030200201_,шт,Алматы,2026-04-14,20000037362,600.0,794,180,50.0,420.0,400.0,above_Q3_plus_3IQR_and_at_least_8_medians,0.0,review_only,2026-04-01,True,False,25870.0,False,monthly_and_transactions_not_reconciled
030200201_,шт,Алматы,2026-04-15,20000037835,720.0,798,180,50.0,420.0,400.0,above_Q3_plus_3IQR_and_at_least_8_medians,0.0,review_only,2026-04-01,True,False,25870.0,False,monthly_and_transactions_not_reconciled
030200201_,шт,Алматы,2026-04-15,30000000934,600.0,798,180,50.0,420.0,400.0,above_Q3_plus_3IQR_and_at_least_8_medians,0.0,review_only,2026-04-01,True,False,25870.0,False,monthly_and_transactions_not_reconciled
030200201_,шт,Алматы,2026-04-17,20000039235,500.0,807,180,50.0,420.0,400.0,above_Q3_plus_3IQR_and_at_least_8_medians,0.0,review_only,2026-04-01,True,False,25870.0,False,monthly_and_transactions_not_reconciled
030200201_,шт,Алматы,2026-04-21,20000040327,500.0,811,180,50.0,426.0,400.0,above_Q3_plus_3IQR_and_at_least_8_medians,0.0,review_only,2026-04-01,True,False,25870.0,False,monthly_and_transactions_not_reconciled
030200201_,шт,Алматы,2026-04-21,20000040654,1200.0,811,180,50.0,426.0,400.0,above_Q3_plus_3IQR_and_at_least_8_medians,0.0,review_only,2026-04-01,True,False,25870.0,False,monthly_and_transactions_not_reconciled
030200201_,шт,Алматы,2026-04-22,20000041355,12000.0,821,180,50.0,420.0,400.0,above_Q3_plus_3IQR_and_at_least_8_medians,0.0,review_only,2026-04-01,True,False,25870.0,False,monthly_and_transactions_not_reconciled
030200201_,шт,Алматы,2026-04-22,20000041373,1200.0,821,180,50.0,420.0,400.0,above_Q3_plus_3IQR_and_at_least_8_medians,0.0,review_only,2026-04-01,True,False,25870.0,False,monthly_and_transactions_not_reconciled
030200201_,шт,Алматы,2026-04-24,30000001081,600.0,827,180,50.0,423.0,400.0,above_Q3_plus_3IQR_and_at_least_8_medians,0.0,review_only,2026-04-01,True,False,25870.0,False,monthly_and_transactions_not_reconciled
030200201_,шт,Алматы,2026-04-29,20000044322,480.0,848,180,50.0,420.0,400.0,above_Q3_plus_3IQR_and_at_least_8_medians,0.0,review_only,2026-04-01,True,False,25870.0,False,monthly_and_transactions_not_reconciled
030200201_,шт,Алматы,2026-04-29,20000044513,600.0,848,180,50.0,420.0,400.0,above_Q3_plus_3IQR_and_at_least_8_medians,0.0,review_only,2026-04-01,True,False,25870.0,False,monthly_and_transactions_not_reconciled
030200201_,шт,Алматы,2026-04-30,20000044766,720.0,844,180,50.0,420.0,400.0,above_Q3_plus_3IQR_and_at_least_8_medians,0.0,review_only,2026-04-01,True,False,25870.0,False,monthly_and_transactions_not_reconciled
030200201_,шт,Алматы,2026-04-30,20000044981,2000.0,844,180,50.0,420.0,400.0,above_Q3_plus_3IQR_and_at_least_8_medians,0.0,review_only,2026-04-01,True,False,25870.0,False,monthly_and_transactions_not_reconciled
030200201_,шт,Алматы,2026-05-04,20000046048,500.0,844,180,50.0,421.5,400.0,above_Q3_plus_3IQR_and_at_least_8_medians,0.0,review_only,2026-05-01,True,False,23330.0,False,monthly_and_transactions_not_reconciled
030200201_,шт,Алматы,2026-05-14,20000049400,600.0,856,180,50.0,420.0,400.0,above_Q3_plus_3IQR_and_at_least_8_medians,0.0,review_only,2026-05-01,True,False,23330.0,False,monthly_and_transactions_not_reconciled
030200201_,шт,Алматы,2026-05-15,20000050376,600.0,872,180,50.0,420.0,400.0,above_Q3_plus_3IQR_and_at_least_8_medians,0.0,review_only,2026-05-01,True,False,23330.0,False,monthly_and_transactions_not_reconciled
030200201_,шт,Алматы,2026-05-16,20000050833,480.0,885,180,50.0,420.0,400.0,above_Q3_plus_3IQR_and_at_least_8_medians,0.0,review_only,2026-05-01,True,False,23330.0,False,monthly_and_transactions_not_reconciled
030200201_,шт,Алматы,2026-05-18,20000051719,480.0,881,180,50.0,420.0,400.0,above_Q3_plus_3IQR_and_at_least_8_medians,0.0,review_only,2026-05-01,True,False,23330.0,False,monthly_and_transactions_not_reconciled
030200201_,шт,Алматы,2026-05-20,20000052341,600.0,885,180,50.0,420.0,400.0,above_Q3_plus_3IQR_and_at_least_8_medians,0.0,review_only,2026-05-01,True,False,23330.0,False,monthly_and_transactions_not_reconciled
030200201_,шт,Алматы,2026-05-20,20000052547,3600.0,885,180,50.0,420.0,400.0,above_Q3_plus_3IQR_and_at_least_8_medians,0.0,review_only,2026-05-01,True,False,23330.0,False,monthly_and_transactions_not_reconciled
030200201_,шт,Алматы,2026-05-20,20000052565,2640.0,885,180,50.0,420.0,400.0,above_Q3_plus_3IQR_and_at_least_8_medians,0.0,review_only,2026-05-01,True,False,23330.0,False,monthly_and_transactions_not_reconciled
030200201_,шт,Алматы,2026-05-20,20000052593,3600.0,885,180,50.0,420.0,400.0,above_Q3_plus_3IQR_and_at_least_8_medians,0.0,review_only,2026-05-01,True,False,23330.0,False,monthly_and_transactions_not_reconciled
030200201_,шт,Алматы,2026-05-21,20000052511,600.0,890,180,50.0,420.0,400.0,above_Q3_plus_3IQR_and_at_least_8_medians,0.0,review_only,2026-05-01,True,False,23330.0,False,monthly_and_transactions_not_reconciled
030200201_,шт,Алматы,2026-05-22,20000053660,500.0,893,180,50.0,420.0,400.0,above_Q3_plus_3IQR_and_at_least_8_medians,0.0,review_only,2026-05-01,True,False,23330.0,False,monthly_and_transactions_not_reconciled
030200201_,шт,Алматы,2026-05-23,20000053873,480.0,902,180,50.0,420.0,400.0,above_Q3_plus_3IQR_and_at_least_8_medians,0.0,review_only,2026-05-01,True,False,23330.0,False,monthly_and_transactions_not_reconciled
030200201_,шт,Алматы,2026-05-25,20000054525,15000.0,891,180,50.0,420.0,400.0,above_Q3_plus_3IQR_and_at_least_8_medians,0.0,review_only,2026-05-01,True,False,23330.0,False,monthly_and_transactions_not_reconciled
030200201_,шт,Алматы,2026-05-28,20000055227,600.0,887,180,50.0,420.0,400.0,above_Q3_plus_3IQR_and_at_least_8_medians,0.0,review_only,2026-05-01,True,False,23330.0,False,monthly_and_transactions_not_reconciled
030200201_,шт,Алматы,2026-05-30,20000059792,720.0,900,180,50.0,420.0,400.0,above_Q3_plus_3IQR_and_at_least_8_medians,0.0,review_only,2026-05-01,True,False,23330.0,False,monthly_and_transactions_not_reconciled
030200201_,шт,Алматы,2026-06-01,20000057518,600.0,895,180,50.0,420.0,400.0,above_Q3_plus_3IQR_and_at_least_8_medians,0.0,review_only,2026-06-01,True,False,24199.0,False,monthly_and_transactions_not_reconciled
030200201_,шт,Алматы,2026-06-03,20000058367,4200.0,904,180,50.0,420.0,400.0,above_Q3_plus_3IQR_and_at_least_8_medians,0.0,review_only,2026-06-01,True,False,24199.0,False,monthly_and_transactions_not_reconciled
030200201_,шт,Алматы,2026-06-03,20000058401,1200.0,904,180,50.0,420.0,400.0,above_Q3_plus_3IQR_and_at_least_8_medians,0.0,review_only,2026-06-01,True,False,24199.0,False,monthly_and_transactions_not_reconciled
030200201_,шт,Алматы,2026-06-03,30000001537,600.0,904,180,50.0,420.0,400.0,above_Q3_plus_3IQR_and_at_least_8_medians,0.0,review_only,2026-06-01,True,False,24199.0,False,monthly_and_transactions_not_reconciled
030200201_,шт,Алматы,2026-06-06,20000059933,1800.0,916,180,50.0,420.0,400.0,above_Q3_plus_3IQR_and_at_least_8_medians,0.0,review_only,2026-06-01,True,False,24199.0,False,monthly_and_transactions_not_reconciled
030200201_,шт,Алматы,2026-06-08,20000060916,9960.0,907,180,50.0,420.0,400.0,above_Q3_plus_3IQR_and_at_least_8_medians,0.0,review_only,2026-06-01,True,False,24199.0,False,monthly_and_transactions_not_reconciled
030200201_,шт,Алматы,2026-06-16,20000062870,480.0,930,180,50.0,420.0,400.0,above_Q3_plus_3IQR_and_at_least_8_medians,0.0,review_only,2026-06-01,True,False,24199.0,False,monthly_and_transactions_not_reconciled
030200201_,шт,Алматы,2026-06-19,30000001708,600.0,944,180,50.0,420.0,400.0,above_Q3_plus_3IQR_and_at_least_8_medians,0.0,review_only,2026-06-01,True,False,24199.0,False,monthly_and_transactions_not_reconciled
030200201_,шт,Алматы,2026-06-23,20000068009,600.0,944,180,50.0,420.0,400.0,above_Q3_plus_3IQR_and_at_least_8_medians,0.0,review_only,2026-06-01,True,False,24199.0,False,monthly_and_transactions_not_reconciled
030200201_,шт,Алматы,2026-06-24,20000068732,28800.0,951,180,50.0,420.0,400.0,above_Q3_plus_3IQR_and_at_least_8_medians,0.0,review_only,2026-06-01,True,False,24199.0,False,monthly_and_transactions_not_reconciled
030200201_,шт,Алматы,2026-06-24,20000068747,4200.0,951,180,50.0,420.0,400.0,above_Q3_plus_3IQR_and_at_least_8_medians,0.0,review_only,2026-06-01,True,False,24199.0,False,monthly_and_transactions_not_reconciled
030200201_,шт,Алматы,2026-06-24,20000068750,2400.0,951,180,50.0,420.0,400.0,above_Q3_plus_3IQR_and_at_least_8_medians,0.0,review_only,2026-06-01,True,False,24199.0,False,monthly_and_transactions_not_reconciled
030200201_,шт,Алматы,2026-06-27,20000069998,2400.0,975,180,50.0,420.0,400.0,above_Q3_plus_3IQR_and_at_least_8_medians,0.0,review_only,2026-06-01,True,False,24199.0,False,monthly_and_transactions_not_reconciled
030200201_,шт,Алматы,2026-07-03,20000073235,1200.0,998,180,50.0,420.0,400.0,above_Q3_plus_3IQR_and_at_least_8_medians,0.0,review_only,2026-07-01,True,False,26986.0,False,monthly_and_transactions_not_reconciled
030200201_,шт,Алматы,2026-07-07,30000001863,600.0,1007,180,50.0,420.0,400.0,above_Q3_plus_3IQR_and_at_least_8_medians,0.0,review_only,2026-07-01,True,False,26986.0,False,monthly_and_transactions_not_reconciled
030200201_,шт,Алматы,2026-07-11,20000074264,600.0,1030,180,50.0,420.0,400.0,above_Q3_plus_3IQR_and_at_least_8_medians,0.0,review_only,2026-07-01,True,False,26986.0,False,monthly_and_transactions_not_reconciled
030200201_,шт,Алматы,2026-07-11,20000076169,500.0,1030,180,50.0,420.0,400.0,above_Q3_plus_3IQR_and_at_least_8_medians,0.0,review_only,2026-07-01,True,False,26986.0,False,monthly_and_transactions_not_reconciled
030200201_,шт,Алматы,2026-07-14,20000076925,600.0,1027,180,50.0,420.0,400.0,above_Q3_plus_3IQR_and_at_least_8_medians,0.0,review_only,2026-07-01,True,False,26986.0,False,monthly_and_transactions_not_reconciled
030200201_,шт,Алматы,2026-07-17,20000079465,24000.0,1041,180,50.0,420.0,400.0,above_Q3_plus_3IQR_and_at_least_8_medians,0.0,review_only,2026-07-01,True,False,26986.0,False,monthly_and_transactions_not_reconciled
030200201_,шт,Алматы,2026-07-17,20000079487,4800.0,1041,180,50.0,420.0,400.0,above_Q3_plus_3IQR_and_at_least_8_medians,0.0,review_only,2026-07-01,True,False,26986.0,False,monthly_and_transactions_not_reconciled
030200201_,шт,Алматы,2026-07-17,20000079498,2400.0,1041,180,50.0,420.0,400.0,above_Q3_plus_3IQR_and_at_least_8_medians,0.0,review_only,2026-07-01,True,False,26986.0,False,monthly_and_transactions_not_reconciled
030200201_,шт,Алматы,2026-07-20,20000079062,600.0,1042,180,50.0,420.0,400.0,above_Q3_plus_3IQR_and_at_least_8_medians,0.0,review_only,2026-07-01,True,False,26986.0,False,monthly_and_transactions_not_reconciled
030200201_,шт,Алматы,2026-07-23,20000081549,1200.0,1056,180,50.0,420.0,400.0,above_Q3_plus_3IQR_and_at_least_8_medians,0.0,review_only,2026-07-01,True,False,26986.0,False,monthly_and_transactions_not_reconciled
030200201_,шт,Алматы,2026-07-27,20000082899,600.0,1059,180,50.0,420.0,400.0,above_Q3_plus_3IQR_and_at_least_8_medians,0.0,review_only,2026-07-01,True,False,26986.0,False,monthly_and_transactions_not_reconciled
030200201_,шт,Алматы,2026-07-27,20000083206,480.0,1059,180,50.0,420.0,400.0,above_Q3_plus_3IQR_and_at_least_8_medians,0.0,review_only,2026-07-01,True,False,26986.0,False,monthly_and_transactions_not_reconciled
030200201_,шт,Алматы,2026-07-27,30000002066,600.0,1059,180,50.0,420.0,400.0,above_Q3_plus_3IQR_and_at_least_8_medians,0.0,review_only,2026-07-01,True,False,26986.0,False,monthly_and_transactions_not_reconciled
030200201_,шт,Алматы,2026-07-28,20000083768,1200.0,1065,180,50.0,420.0,400.0,above_Q3_plus_3IQR_and_at_least_8_medians,0.0,review_only,2026-07-01,True,False,26986.0,False,monthly_and_transactions_not_reconciled
030200201_,шт,Алматы,2026-07-28,20000084365,1200.0,1065,180,50.0,420.0,400.0,above_Q3_plus_3IQR_and_at_least_8_medians,0.0,review_only,2026-07-01,True,False,26986.0,False,monthly_and_transactions_not_reconciled
030200201_,шт,Алматы,2026-08-04,20000087614,720.0,1081,180,50.0,420.0,400.0,above_Q3_plus_3IQR_and_at_least_8_medians,0.0,review_only,2026-08-01,True,False,25401.0,False,monthly_and_transactions_not_reconciled
030200201_,шт,Алматы,2026-08-04,20000087706,14400.0,1081,180,50.0,420.0,400.0,above_Q3_plus_3IQR_and_at_least_8_medians,0.0,review_only,2026-08-01,True,False,25401.0,False,monthly_and_transactions_not_reconciled
030200201_,шт,Алматы,2026-08-04,20000087708,1200.0,1081,180,50.0,420.0,400.0,above_Q3_plus_3IQR_and_at_least_8_medians,0.0,review_only,2026-08-01,True,False,25401.0,False,monthly_and_transactions_not_reconciled
030200201_,шт,Алматы,2026-08-04,20000087710,2400.0,1081,180,50.0,420.0,400.0,above_Q3_plus_3IQR_and_at_least_8_medians,0.0,review_only,2026-08-01,True,False,25401.0,False,monthly_and_transactions_not_reconciled
030200201_,шт,Алматы,2026-08-06,20000088661,600.0,1094,180,50.0,420.0,400.0,above_Q3_plus_3IQR_and_at_least_8_medians,0.0,review_only,2026-08-01,True,False,25401.0,False,monthly_and_transactions_not_reconciled
030200201_,шт,Алматы,2026-08-10,20000090151,6000.0,1107,180,50.0,420.0,400.0,above_Q3_plus_3IQR_and_at_least_8_medians,0.0,review_only,2026-08-01,True,False,25401.0,False,monthly_and_transactions_not_reconciled
030200201_,шт,Алматы,2026-08-12,20000091447,1700.0,1107,180,50.0,420.0,400.0,above_Q3_plus_3IQR_and_at_least_8_medians,0.0,review_only,2026-08-01,True,False,25401.0,False,monthly_and_transactions_not_reconciled
030200201_,шт,Алматы,2026-08-18,20000093658,600.0,1113,180,50.0,420.0,400.0,above_Q3_plus_3IQR_and_at_least_8_medians,0.0,review_only,2026-08-01,True,False,25401.0,False,monthly_and_transactions_not_reconciled
030200201_,шт,Алматы,2026-08-18,20000093829,1200.0,1113,180,50.0,420.0,400.0,above_Q3_plus_3IQR_and_at_least_8_medians,0.0,review_only,2026-08-01,True,False,25401.0,False,monthly_and_transactions_not_reconciled
030200201_,шт,Алматы,2026-08-18,20000094447,600.0,1113,180,50.0,420.0,400.0,above_Q3_plus_3IQR_and_at_least_8_medians,0.0,review_only,2026-08-01,True,False,25401.0,False,monthly_and_transactions_not_reconciled
030200201_,шт,Алматы,2026-08-24,20000096808,600.0,1127,180,50.0,422.0,400.0,above_Q3_plus_3IQR_and_at_least_8_medians,0.0,review_only,2026-08-01,True,False,25401.0,False,monthly_and_transactions_not_reconciled
030200201_,шт,Алматы,2026-08-27,20000098192,1200.0,1129,180,50.0,424.0,400.0,above_Q3_plus_3IQR_and_at_least_8_medians,0.0,review_only,2026-08-01,True,False,25401.0,False,monthly_and_transactions_not_reconciled
030200201_,шт,Алматы,2026-08-27,20000098734,1200.0,1129,180,50.0,424.0,400.0,above_Q3_plus_3IQR_and_at_least_8_medians,0.0,review_only,2026-08-01,True,False,25401.0,False,monthly_and_transactions_not_reconciled
030200201_,шт,Алматы,2026-09-01,20000100914,600.0,1129,180,50.0,420.0,400.0,above_Q3_plus_3IQR_and_at_least_8_medians,0.0,review_only,2026-09-01,,,,False,monthly_and_transactions_not_reconciled
030200201_,шт,Алматы,2026-09-02,20000101831,12000.0,1133,180,50.0,420.0,400.0,above_Q3_plus_3IQR_and_at_least_8_medians,0.0,review_only,2026-09-01,,,,False,monthly_and_transactions_not_reconciled
030200201_,шт,Алматы,2026-09-02,20000101838,1200.0,1133,180,50.0,420.0,400.0,above_Q3_plus_3IQR_and_at_least_8_medians,0.0,review_only,2026-09-01,,,,False,monthly_and_transactions_not_reconciled
030200201_,шт,Алматы,2026-09-03,20000101787,600.0,1135,180,50.0,458.0,400.0,above_Q3_plus_3IQR_and_at_least_8_medians,0.0,review_only,2026-09-01,,,,False,monthly_and_transactions_not_reconciled
030200201_,шт,Алматы,2026-09-07,20000103687,21600.0,1141,180,50.0,460.0,400.0,above_Q3_plus_3IQR_and_at_least_8_medians,0.0,review_only,2026-09-01,,,,False,monthly_and_transactions_not_reconciled
030200201_,шт,Алматы,2026-09-07,20000103700,1200.0,1141,180,50.0,460.0,400.0,above_Q3_plus_3IQR_and_at_least_8_medians,0.0,review_only,2026-09-01,,,,False,monthly_and_transactions_not_reconciled
030200201_,шт,Алматы,2026-09-07,20000103726,1200.0,1141,180,50.0,460.0,400.0,above_Q3_plus_3IQR_and_at_least_8_medians,0.0,review_only,2026-09-01,,,,False,monthly_and_transactions_not_reconciled
030200201_,шт,Алматы,2026-09-09,20000104701,600.0,1162,180,50.0,423.0,400.0,above_Q3_plus_3IQR_and_at_least_8_medians,0.0,review_only,2026-09-01,,,,False,monthly_and_transactions_not_reconciled
030200201_,шт,Алматы,2026-09-11,20000105917,600.0,1172,180,50.0,421.0,400.0,above_Q3_plus_3IQR_and_at_least_8_medians,0.0,review_only,2026-09-01,,,,False,monthly_and_transactions_not_reconciled
030200201_,шт,Алматы,2026-09-11,20000105984,840.0,1172,180,50.0,421.0,400.0,above_Q3_plus_3IQR_and_at_least_8_medians,0.0,review_only,2026-09-01,,,,False,monthly_and_transactions_not_reconciled
030200201_,шт,Алматы,2026-09-15,20000107491,480.0,1189,180,50.0,420.0,400.0,above_Q3_plus_3IQR_and_at_least_8_medians,0.0,review_only,2026-09-01,,,,False,monthly_and_transactions_not_reconciled
030200201_,шт,Алматы,2026-09-16,20000107591,480.0,1199,180,50.0,420.0,400.0,above_Q3_plus_3IQR_and_at_least_8_medians,0.0,review_only,2026-09-01,,,,False,monthly_and_transactions_not_reconciled
030200201_,шт,Алматы,2026-09-17,20000109026,1200.0,1203,180,50.0,420.0,400.0,above_Q3_plus_3IQR_and_at_least_8_medians,0.0,review_only,2026-09-01,,,,False,monthly_and_transactions_not_reconciled
030200201_,шт,Алматы,2026-09-18,20000108979,800.0,1210,180,50.0,420.0,400.0,above_Q3_plus_3IQR_and_at_least_8_medians,0.0,review_only,2026-09-01,,,,False,monthly_and_transactions_not_reconciled
030200201_,шт,Алматы,2026-09-19,20000110200,600.0,1217,180,50.0,420.0,400.0,above_Q3_plus_3IQR_and_at_least_8_medians,0.0,review_only,2026-09-01,,,,False,monthly_and_transactions_not_reconciled
030200201_,шт,Алматы,2026-09-21,20000110907,10800.0,1224,180,50.0,420.0,400.0,above_Q3_plus_3IQR_and_at_least_8_medians,0.0,review_only,2026-09-01,,,,False,monthly_and_transactions_not_reconciled
030200201_,шт,Алматы,2026-09-22,20000110651,1200.0,1231,180,50.0,420.0,400.0,above_Q3_plus_3IQR_and_at_least_8_medians,0.0,review_only,2026-09-01,,,,False,monthly_and_transactions_not_reconciled
030200203_,шт,Алматы,2025-02-03,20000010670,900.0,22,180,20.0,164.5,160.0,above_Q3_plus_3IQR_and_at_least_8_medians,0.0,review_only,2025-02-01,True,False,1387.0,False,monthly_and_transactions_not_reconciled
030200203_,шт,Алматы,2025-02-05,20000011517,400.0,26,180,20.0,180.5,160.0,above_Q3_plus_3IQR_and_at_least_8_medians,0.0,review_only,2025-02-01,True,False,1387.0,False,monthly_and_transactions_not_reconciled
030200203_,шт,Алматы,2025-02-24,30000000527,900.0,37,180,17.0,182.0,136.0,above_Q3_plus_3IQR_and_at_least_8_medians,0.0,review_only,2025-02-01,True,False,1387.0,False,monthly_and_transactions_not_reconciled
030200203_,шт,Алматы,2025-02-28,20000020210,500.0,39,180,17.0,179.0,136.0,above_Q3_plus_3IQR_and_at_least_8_medians,0.0,review_only,2025-02-01,True,False,1387.0,False,monthly_and_transactions_not_reconciled
030200203_,шт,Алматы,2025-03-04,20000021546,1800.0,43,180,15.0,179.0,120.0,above_Q3_plus_3IQR_and_at_least_8_medians,0.0,review_only,2025-03-01,True,False,1844.0,False,monthly_and_transactions_not_reconciled
030200203_,шт,Алматы,2025-03-19,20000026782,200.0,59,180,17.0,174.5,136.0,above_Q3_plus_3IQR_and_at_least_8_medians,0.0,review_only,2025-03-01,True,False,1844.0,False,monthly_and_transactions_not_reconciled
030200203_,шт,Алматы,2025-03-25,20000027915,200.0,61,180,17.0,176.0,136.0,above_Q3_plus_3IQR_and_at_least_8_medians,0.0,review_only,2025-03-01,True,False,1844.0,False,monthly_and_transactions_not_reconciled
030200203_,шт,Алматы,2025-03-26,30000000709,1800.0,64,180,17.0,176.0,136.0,above_Q3_plus_3IQR_and_at_least_8_medians,0.0,review_only,2025-03-01,True,False,1844.0,False,monthly_and_transactions_not_reconciled
030200203_,шт,Алматы,2025-03-27,20000028738,500.0,66,180,18.5,175.25,148.0,above_Q3_plus_3IQR_and_at_least_8_medians,0.0,review_only,2025-03-01,True,False,1844.0,False,monthly_and_transactions_not_reconciled
030200203_,шт,Алматы,2025-04-01,20000030396,200.0,70,180,17.0,175.25,136.0,above_Q3_plus_3IQR_and_at_least_8_medians,0.0,review_only,2025-04-01,True,False,1132.0,False,monthly_and_transactions_not_reconciled
030200203_,шт,Алматы,2025-04-10,20000034668,300.0,79,180,17.0,174.5,136.0,above_Q3_plus_3IQR_and_at_least_8_medians,0.0,review_only,2025-04-01,True,False,1132.0,False,monthly_and_transactions_not_reconciled
030200203_,шт,Алматы,2025-04-15,20000036282,900.0,84,180,16.5,173.75,132.0,above_Q3_plus_3IQR_and_at_least_8_medians,0.0,review_only,2025-04-01,True,False,1132.0,False,monthly_and_transactions_not_reconciled
030200203_,шт,Алматы,2025-05-15,20000048330,3600.0,92,180,20.0,170.0,160.0,above_Q3_plus_3IQR_and_at_least_8_medians,0.0,review_only,2025-05-01,True,False,1609.0,False,monthly_and_transactions_not_reconciled
030200203_,шт,Алматы,2025-05-20,30000031967,900.0,93,180,20.0,170.0,160.0,above_Q3_plus_3IQR_and_at_least_8_medians,0.0,review_only,2025-05-01,True,False,1609.0,False,monthly_and_transactions_not_reconciled
030200203_,шт,Алматы,2025-05-29,20000054318,900.0,100,180,20.0,210.0,160.0,above_Q3_plus_3IQR_and_at_least_8_medians,0.0,review_only,2025-05-01,True,False,1609.0,False,monthly_and_transactions_not_reconciled
030200203_,шт,Алматы,2025-07-10,20000072003,2700.0,127,180,20.0,170.0,160.0,above_Q3_plus_3IQR_and_at_least_8_medians,0.0,review_only,2025-07-01,True,False,880.0,False,monthly_and_transactions_not_reconciled
030200203_,шт,Алматы,2025-07-29,20000080234,200.0,124,180,20.0,170.0,160.0,above_Q3_plus_3IQR_and_at_least_8_medians,0.0,review_only,2025-07-01,True,False,880.0,False,monthly_and_transactions_not_reconciled
030200203_,шт,Алматы,2025-08-05,20000083075,500.0,118,180,20.0,170.0,160.0,above_Q3_plus_3IQR_and_at_least_8_medians,0.0,review_only,2025-08-01,True,False,1683.0,False,monthly_and_transactions_not_reconciled
030200203_,шт,Алматы,2025-08-25,20000091858,300.0,130,180,20.0,230.0,160.0,above_Q3_plus_3IQR_and_at_least_8_medians,0.0,review_only,2025-08-01,True,False,1683.0,False,monthly_and_transactions_not_reconciled
030200203_,шт,Алматы,2025-09-10,20000098846,500.0,118,180,22.0,233.0,176.0,above_Q3_plus_3IQR_and_at_least_8_medians,0.0,review_only,2025-09-01,True,False,1392.0,False,monthly_and_transactions_not_reconciled
030200203_,шт,Алматы,2025-09-23,30000033121,900.0,120,180,20.0,173.0,160.0,above_Q3_plus_3IQR_and_at_least_8_medians,0.0,review_only,2025-09-01,True,False,1392.0,False,monthly_and_transactions_not_reconciled
030200203_,шт,Алматы,2025-10-23,20000118413,500.0,122,180,20.0,179.0,160.0,above_Q3_plus_3IQR_and_at_least_8_medians,0.0,review_only,2025-10-01,True,False,1336.0,False,monthly_and_transactions_not_reconciled
030200203_,шт,Алматы,2025-10-28,30000033406,900.0,127,180,20.0,170.0,160.0,above_Q3_plus_3IQR_and_at_least_8_medians,0.0,review_only,2025-10-01,True,False,1336.0,False,monthly_and_transactions_not_reconciled
030200203_,шт,Алматы,2025-11-24,20000132538,200.0,138,180,16.0,170.0,128.0,above_Q3_plus_3IQR_and_at_least_8_medians,0.0,review_only,2025-11-01,True,False,791.0,False,monthly_and_transactions_not_reconciled
030200203_,шт,Алматы,2025-12-02,20000135912,200.0,131,180,16.0,170.0,128.0,above_Q3_plus_3IQR_and_at_least_8_medians,0.0,review_only,2025-12-01,True,False,1016.0,False,monthly_and_transactions_not_reconciled
030200203_,шт,Алматы,2025-12-02,20000136438,215.0,131,180,16.0,170.0,128.0,above_Q3_plus_3IQR_and_at_least_8_medians,0.0,review_only,2025-12-01,True,False,1016.0,False,monthly_and_transactions_not_reconciled
030200203_,шт,Алматы,2026-01-22,20000006738,200.0,131,180,15.0,173.0,120.0,above_Q3_plus_3IQR_and_at_least_8_medians,0.0,review_only,2026-01-01,True,False,857.0,False,monthly_and_transactions_not_reconciled
030200203_,шт,Алматы,2026-02-03,30000000241,200.0,134,180,15.0,173.0,120.0,above_Q3_plus_3IQR_and_at_least_8_medians,0.0,review_only,2026-02-01,True,False,1330.0,False,monthly_and_transactions_not_reconciled
030200203_,шт,Алматы,2026-02-18,20000017049,500.0,131,180,15.0,171.5,120.0,above_Q3_plus_3IQR_and_at_least_8_medians,0.0,review_only,2026-02-01,True,False,1330.0,False,monthly_and_transactions_not_reconciled
030200203_,шт,Алматы,2026-03-02,20000021995,200.0,129,180,15.0,173.0,120.0,above_Q3_plus_3IQR_and_at_least_8_medians,0.0,review_only,2026-03-01,True,False,2589.0,False,monthly_and_transactions_not_reconciled
030200203_,шт,Алматы,2026-03-03,20000022773,1000.0,130,180,15.0,172.25,120.0,above_Q3_plus_3IQR_and_at_least_8_medians,0.0,review_only,2026-03-01,True,False,2589.0,False,monthly_and_transactions_not_reconciled
030200203_,шт,Алматы,2026-03-10,20000024656,200.0,133,180,15.0,170.0,120.0,above_Q3_plus_3IQR_and_at_least_8_medians,0.0,review_only,2026-03-01,True,False,2589.0,False,monthly_and_transactions_not_reconciled
030200203_,шт,Алматы,2026-03-10,20000024984,900.0,133,180,15.0,170.0,120.0,above_Q3_plus_3IQR_and_at_least_8_medians,0.0,review_only,2026-03-01,True,False,2589.0,False,monthly_and_transactions_not_reconciled
030200203_,шт,Алматы,2026-03-17,20000027330,500.0,136,180,20.0,170.0,160.0,above_Q3_plus_3IQR_and_at_least_8_medians,0.0,review_only,2026-03-01,True,False,2589.0,False,monthly_and_transactions_not_reconciled
030200203_,шт,Алматы,2026-03-19,20000028596,200.0,135,180,20.0,170.0,160.0,above_Q3_plus_3IQR_and_at_least_8_medians,0.0,review_only,2026-03-01,True,False,2589.0,False,monthly_and_transactions_not_reconciled
030200203_,шт,Алматы,2026-03-26,20000029947,500.0,129,180,20.0,170.0,160.0,above_Q3_plus_3IQR_and_at_least_8_medians,0.0,review_only,2026-03-01,True,False,2589.0,False,monthly_and_transactions_not_reconciled
030200203_,шт,Алматы,2026-03-30,20000031273,900.0,130,180,20.0,170.0,160.0,above_Q3_plus_3IQR_and_at_least_8_medians,0.0,review_only,2026-03-01,True,False,2589.0,False,monthly_and_transactions_not_reconciled
030200203_,шт,Алматы,2026-04-13,20000037441,900.0,135,180,20.0,280.0,160.0,above_Q3_plus_3IQR_and_at_least_8_medians,0.0,review_only,2026-04-01,True,False,2790.0,False,monthly_and_transactions_not_reconciled
030200203_,шт,Алматы,2026-04-20,20000040431,900.0,140,180,20.0,310.0,160.0,above_Q3_plus_3IQR_and_at_least_8_medians,0.0,review_only,2026-04-01,True,False,2790.0,False,monthly_and_transactions_not_reconciled
030200203_,шт,Алматы,2026-04-21,20000040654,900.0,141,180,20.0,370.0,160.0,above_Q3_plus_3IQR_and_at_least_8_medians,0.0,review_only,2026-04-01,True,False,2790.0,False,monthly_and_transactions_not_reconciled
030200203_,шт,Алматы,2026-04-24,30000001095,500.0,144,180,20.0,370.0,160.0,above_Q3_plus_3IQR_and_at_least_8_medians,0.0,review_only,2026-04-01,True,False,2790.0,False,monthly_and_transactions_not_reconciled
030200203_,шт,Алматы,2026-05-06,20000046705,500.0,141,180,29.0,370.0,232.0,above_Q3_plus_3IQR_and_at_least_8_medians,0.0,review_only,2026-05-01,True,False,1865.0,False,monthly_and_transactions_not_reconciled
030200203_,шт,Алматы,2026-05-13,20000049190,900.0,142,180,22.5,370.0,180.0,above_Q3_plus_3IQR_and_at_least_8_medians,0.0,review_only,2026-05-01,True,False,1865.0,False,monthly_and_transactions_not_reconciled
030200203_,шт,Алматы,2026-05-15,20000050457,1800.0,143,180,25.0,370.0,200.0,above_Q3_plus_3IQR_and_at_least_8_medians,0.0,review_only,2026-05-01,True,False,1865.0,False,monthly_and_transactions_not_reconciled
030200203_,шт,Алматы,2026-05-20,20000052341,500.0,146,180,25.0,370.0,200.0,above_Q3_plus_3IQR_and_at_least_8_medians,0.0,review_only,2026-05-01,True,False,1865.0,False,monthly_and_transactions_not_reconciled
030200203_,шт,Алматы,2026-05-20,20000052547,900.0,146,180,25.0,370.0,200.0,above_Q3_plus_3IQR_and_at_least_8_medians,0.0,review_only,2026-05-01,True,False,1865.0,False,monthly_and_transactions_not_reconciled
030200203_,шт,Алматы,2026-05-25,20000054525,900.0,147,180,29.0,370.0,232.0,above_Q3_plus_3IQR_and_at_least_8_medians,0.0,review_only,2026-05-01,True,False,1865.0,False,monthly_and_transactions_not_reconciled
030200203_,шт,Алматы,2026-06-08,20000060916,1800.0,158,180,27.0,370.0,216.0,above_Q3_plus_3IQR_and_at_least_8_medians,0.0,review_only,2026-06-01,True,False,2840.0,False,monthly_and_transactions_not_reconciled
030200203_,шт,Алматы,2026-06-13,20000062731,600.0,158,180,27.0,370.0,216.0,above_Q3_plus_3IQR_and_at_least_8_medians,0.0,review_only,2026-06-01,True,False,2840.0,False,monthly_and_transactions_not_reconciled
030200203_,шт,Алматы,2026-06-22,20000067047,900.0,164,180,27.0,370.0,216.0,above_Q3_plus_3IQR_and_at_least_8_medians,0.0,review_only,2026-06-01,True,False,2840.0,False,monthly_and_transactions_not_reconciled
030200203_,шт,Алматы,2026-07-03,20000072539,2000.0,181,180,30.0,370.0,240.0,above_Q3_plus_3IQR_and_at_least_8_medians,0.0,review_only,2026-07-01,True,False,6016.0,False,monthly_and_transactions_not_reconciled
030200203_,шт,Алматы,2026-07-03,20000073273,900.0,181,180,30.0,370.0,240.0,above_Q3_plus_3IQR_and_at_least_8_medians,0.0,review_only,2026-07-01,True,False,6016.0,False,monthly_and_transactions_not_reconciled
030200203_,шт,Алматы,2026-07-07,30000001863,900.0,183,180,30.0,370.0,240.0,above_Q3_plus_3IQR_and_at_least_8_medians,0.0,review_only,2026-07-01,True,False,6016.0,False,monthly_and_transactions_not_reconciled
030200203_,шт,Алматы,2026-07-17,20000078982,900.0,189,180,30.0,370.0,240.0,above_Q3_plus_3IQR_and_at_least_8_medians,0.0,review_only,2026-07-01,True,False,6016.0,False,monthly_and_transactions_not_reconciled
030200203_,шт,Алматы,2026-07-21,20000080997,900.0,189,180,30.0,370.0,240.0,above_Q3_plus_3IQR_and_at_least_8_medians,0.0,review_only,2026-07-01,True,False,6016.0,False,monthly_and_transactions_not_reconciled
030200203_,шт,Алматы,2026-07-27,20000083206,400.0,194,180,30.0,370.0,240.0,above_Q3_plus_3IQR_and_at_least_8_medians,0.0,review_only,2026-07-01,True,False,6016.0,False,monthly_and_transactions_not_reconciled
030200203_,шт,Алматы,2026-07-29,20000084608,600.0,199,180,30.0,370.0,240.0,above_Q3_plus_3IQR_and_at_least_8_medians,0.0,review_only,2026-07-01,True,False,6016.0,False,monthly_and_transactions_not_reconciled
030200203_,шт,Алматы,2026-08-24,20000097297,900.0,216,180,30.0,370.0,240.0,above_Q3_plus_3IQR_and_at_least_8_medians,0.0,review_only,2026-08-01,True,False,3840.0,False,monthly_and_transactions_not_reconciled
030200203_,шт,Алматы,2026-08-27,30000002392,900.0,221,180,30.0,370.0,240.0,above_Q3_plus_3IQR_and_at_least_8_medians,0.0,review_only,2026-08-01,True,False,3840.0,False,monthly_and_transactions_not_reconciled
030200203_,шт,Алматы,2026-08-31,20000100307,1800.0,223,180,30.0,370.0,240.0,above_Q3_plus_3IQR_and_at_least_8_medians,0.0,review_only,2026-08-01,True,False,3840.0,False,monthly_and_transactions_not_reconciled
030200219_,шт,Алматы,2025-01-17,20000004806,1200.0,18,180,54.5,656.25,436.0,above_Q3_plus_3IQR_and_at_least_8_medians,0.0,review_only,2025-01-01,True,False,5141.0,False,monthly_and_transactions_not_reconciled
030200219_,шт,Алматы,2025-02-10,20000013085,11340.0,38,180,84.0,646.5,672.0,above_Q3_plus_3IQR_and_at_least_8_medians,0.0,review_only,2025-02-01,True,False,3492.0,False,monthly_and_transactions_not_reconciled
030200219_,шт,Алматы,2025-02-10,20000013088,5040.0,38,180,84.0,646.5,672.0,above_Q3_plus_3IQR_and_at_least_8_medians,0.0,review_only,2025-02-01,True,False,3492.0,False,monthly_and_transactions_not_reconciled
030200219_,шт,Алматы,2025-02-12,20000014331,4200.0,43,180,84.0,978.0,672.0,above_Q3_plus_3IQR_and_at_least_8_medians,0.0,review_only,2025-02-01,True,False,3492.0,False,monthly_and_transactions_not_reconciled
030200219_,шт,Алматы,2025-02-12,20000014333,3780.0,43,180,84.0,978.0,672.0,above_Q3_plus_3IQR_and_at_least_8_medians,0.0,review_only,2025-02-01,True,False,3492.0,False,monthly_and_transactions_not_reconciled
030200219_,шт,Алматы,2025-03-12,20000024399,7560.0,73,180,84.0,834.0,672.0,above_Q3_plus_3IQR_and_at_least_8_medians,0.0,review_only,2025-03-01,True,False,3656.0,False,monthly_and_transactions_not_reconciled
030200219_,шт,Алматы,2025-03-12,20000024400,2352.0,73,180,84.0,834.0,672.0,above_Q3_plus_3IQR_and_at_least_8_medians,0.0,review_only,2025-03-01,True,False,3656.0,False,monthly_and_transactions_not_reconciled
030200219_,шт,Алматы,2025-03-12,20000024402,1008.0,73,180,84.0,834.0,672.0,above_Q3_plus_3IQR_and_at_least_8_medians,0.0,review_only,2025-03-01,True,False,3656.0,False,monthly_and_transactions_not_reconciled
030200219_,шт,Алматы,2025-04-11,20000035323,840.0,112,180,84.0,642.0,672.0,above_Q3_plus_3IQR_and_at_least_8_medians,0.0,review_only,2025-04-01,True,False,3658.0,False,monthly_and_transactions_not_reconciled
030200219_,шт,Алматы,2025-04-23,20000039791,756.0,127,180,84.0,706.0,672.0,above_Q3_plus_3IQR_and_at_least_8_medians,0.0,review_only,2025-04-01,True,False,3658.0,False,monthly_and_transactions_not_reconciled
030200219_,шт,Алматы,2025-04-25,20000041140,1680.0,129,180,84.0,770.0,672.0,above_Q3_plus_3IQR_and_at_least_8_medians,0.0,review_only,2025-04-01,True,False,3658.0,False,monthly_and_transactions_not_reconciled
030200219_,шт,Алматы,2025-04-25,20000041171,8400.0,129,180,84.0,770.0,672.0,above_Q3_plus_3IQR_and_at_least_8_medians,0.0,review_only,2025-04-01,True,False,3658.0,False,monthly_and_transactions_not_reconciled
030200219_,шт,Алматы,2025-05-05,20000044455,840.0,144,180,84.0,770.0,672.0,above_Q3_plus_3IQR_and_at_least_8_medians,0.0,review_only,2025-05-01,True,False,3963.0,False,monthly_and_transactions_not_reconciled
030200219_,шт,Алматы,2025-06-02,20000056095,800.0,178,180,84.0,642.0,672.0,above_Q3_plus_3IQR_and_at_least_8_medians,0.0,review_only,2025-06-01,True,False,5211.0,False,monthly_and_transactions_not_reconciled
030200219_,шт,Алматы,2025-06-03,20000056704,1500.0,179,180,84.0,706.0,672.0,above_Q3_plus_3IQR_and_at_least_8_medians,0.0,review_only,2025-06-01,True,False,5211.0,False,monthly_and_transactions_not_reconciled
030200219_,шт,Алматы,2025-06-19,20000061577,700.0,204,180,84.0,642.0,672.0,above_Q3_plus_3IQR_and_at_least_8_medians,0.0,review_only,2025-06-01,True,False,5211.0,False,monthly_and_transactions_not_reconciled
030200219_,шт,Алматы,2025-06-20,20000064190,924.0,208,180,84.0,642.0,672.0,above_Q3_plus_3IQR_and_at_least_8_medians,0.0,review_only,2025-06-01,True,False,5211.0,False,monthly_and_transactions_not_reconciled
030200219_,шт,Алматы,2025-07-01,20000068442,6000.0,228,180,83.0,642.0,664.0,above_Q3_plus_3IQR_and_at_least_8_medians,0.0,review_only,2025-07-01,True,False,10609.0,False,monthly_and_transactions_not_reconciled
030200219_,шт,Алматы,2025-07-09,20000071835,15876.0,234,180,83.0,642.0,664.0,above_Q3_plus_3IQR_and_at_least_8_medians,0.0,review_only,2025-07-01,True,False,10609.0,False,monthly_and_transactions_not_reconciled
030200219_,шт,Алматы,2025-07-17,20000075658,6720.0,231,180,82.0,642.0,656.0,above_Q3_plus_3IQR_and_at_least_8_medians,0.0,review_only,2025-07-01,True,False,10609.0,False,monthly_and_transactions_not_reconciled
030200219_,шт,Алматы,2025-08-04,20000082992,2000.0,250,180,81.0,480.0,648.0,above_Q3_plus_3IQR_and_at_least_8_medians,0.0,review_only,2025-08-01,True,False,7696.0,False,monthly_and_transactions_not_reconciled
030200219_,шт,Алматы,2025-08-06,20000083625,840.0,252,180,81.0,400.0,648.0,above_Q3_plus_3IQR_and_at_least_8_medians,0.0,review_only,2025-08-01,True,False,7696.0,False,monthly_and_transactions_not_reconciled
030200219_,шт,Алматы,2025-08-07,20000084037,1400.0,256,180,81.0,500.0,648.0,above_Q3_plus_3IQR_and_at_least_8_medians,0.0,review_only,2025-08-01,True,False,7696.0,False,monthly_and_transactions_not_reconciled
030200219_,шт,Алматы,2025-08-08,20000084978,1000.0,258,180,81.0,520.0,648.0,above_Q3_plus_3IQR_and_at_least_8_medians,0.0,review_only,2025-08-01,True,False,7696.0,False,monthly_and_transactions_not_reconciled
030200219_,шт,Алматы,2025-08-09,20000085280,860.0,260,180,81.0,558.0,648.0,above_Q3_plus_3IQR_and_at_least_8_medians,0.0,review_only,2025-08-01,True,False,7696.0,False,monthly_and_transactions_not_reconciled
030200219_,шт,Алматы,2025-08-13,20000087099,12600.0,255,180,60.0,370.0,480.0,above_Q3_plus_3IQR_and_at_least_8_medians,0.0,review_only,2025-08-01,True,False,7696.0,False,monthly_and_transactions_not_reconciled
030200219_,шт,Алматы,2025-08-13,20000087100,3780.0,255,180,60.0,370.0,480.0,above_Q3_plus_3IQR_and_at_least_8_medians,0.0,review_only,2025-08-01,True,False,7696.0,False,monthly_and_transactions_not_reconciled
030200219_,шт,Алматы,2025-08-13,20000087103,12600.0,255,180,60.0,370.0,480.0,above_Q3_plus_3IQR_and_at_least_8_medians,0.0,review_only,2025-08-01,True,False,7696.0,False,monthly_and_transactions_not_reconciled
030200219_,шт,Алматы,2025-08-14,20000087332,760.0,262,180,60.0,370.0,480.0,above_Q3_plus_3IQR_and_at_least_8_medians,0.0,review_only,2025-08-01,True,False,7696.0,False,monthly_and_transactions_not_reconciled
030200219_,шт,Алматы,2025-08-14,20000087336,700.0,262,180,60.0,370.0,480.0,above_Q3_plus_3IQR_and_at_least_8_medians,0.0,review_only,2025-08-01,True,False,7696.0,False,monthly_and_transactions_not_reconciled
030200219_,шт,Алматы,2025-08-27,20000093027,588.0,272,180,60.0,370.0,480.0,above_Q3_plus_3IQR_and_at_least_8_medians,0.0,review_only,2025-08-01,True,False,7696.0,False,monthly_and_transactions_not_reconciled
030200219_,шт,Алматы,2025-08-28,20000093472,840.0,271,180,60.0,430.0,480.0,above_Q3_plus_3IQR_and_at_least_8_medians,0.0,review_only,2025-08-01,True,False,7696.0,False,monthly_and_transactions_not_reconciled
030200219_,шт,Алматы,2025-08-29,20000094512,8400.0,272,180,60.0,400.0,480.0,above_Q3_plus_3IQR_and_at_least_8_medians,0.0,review_only,2025-08-01,True,False,7696.0,False,monthly_and_transactions_not_reconciled
030200219_,шт,Алматы,2025-08-29,20000094519,8400.0,272,180,60.0,400.0,480.0,above_Q3_plus_3IQR_and_at_least_8_medians,0.0,review_only,2025-08-01,True,False,7696.0,False,monthly_and_transactions_not_reconciled
030200219_,шт,Алматы,2025-08-29,20000094520,4452.0,272,180,60.0,400.0,480.0,above_Q3_plus_3IQR_and_at_least_8_medians,0.0,review_only,2025-08-01,True,False,7696.0,False,monthly_and_transactions_not_reconciled
030200219_,шт,Алматы,2025-09-18,20000102730,1144.0,268,180,60.0,370.0,480.0,above_Q3_plus_3IQR_and_at_least_8_medians,0.0,review_only,2025-09-01,True,False,4320.0,False,monthly_and_transactions_not_reconciled
030200219_,шт,Алматы,2025-09-19,20000102969,8400.0,269,180,60.0,370.0,480.0,above_Q3_plus_3IQR_and_at_least_8_medians,0.0,review_only,2025-09-01,True,False,4320.0,False,monthly_and_transactions_not_reconciled
030200219_,шт,Алматы,2025-09-19,20000102977,1260.0,269,180,60.0,370.0,480.0,above_Q3_plus_3IQR_and_at_least_8_medians,0.0,review_only,2025-09-01,True,False,4320.0,False,monthly_and_transactions_not_reconciled
030200219_,шт,Алматы,2025-09-19,20000102979,5040.0,269,180,60.0,370.0,480.0,above_Q3_plus_3IQR_and_at_least_8_medians,0.0,review_only,2025-09-01,True,False,4320.0,False,monthly_and_transactions_not_reconciled
030200219_,шт,Алматы,2025-09-26,20000106619,1176.0,275,180,80.0,642.0,640.0,above_Q3_plus_3IQR_and_at_least_8_medians,0.0,review_only,2025-09-01,True,False,4320.0,False,monthly_and_transactions_not_reconciled
030200219_,шт,Алматы,2025-11-18,20000130124,8293.0,258,180,71.0,370.0,568.0,above_Q3_plus_3IQR_and_at_least_8_medians,0.0,review_only,2025-11-01,True,False,10940.0,False,monthly_and_transactions_not_reconciled
030200219_,шт,Алматы,2025-11-21,20000131623,8988.0,261,180,70.0,370.0,560.0,above_Q3_plus_3IQR_and_at_least_8_medians,0.0,review_only,2025-11-01,True,False,10940.0,False,monthly_and_transactions_not_reconciled
030200219_,шт,Алматы,2025-11-21,20000131731,5040.0,261,180,70.0,370.0,560.0,above_Q3_plus_3IQR_and_at_least_8_medians,0.0,review_only,2025-11-01,True,False,10940.0,False,monthly_and_transactions_not_reconciled
030200219_,шт,Алматы,2025-12-01,30000033833,840.0,259,180,72.0,370.0,576.0,above_Q3_plus_3IQR_and_at_least_8_medians,0.0,review_only,2025-12-01,True,False,2129.0,False,monthly_and_transactions_not_reconciled
030200219_,шт,Алматы,2025-12-09,20000139804,5040.0,251,180,84.0,370.0,672.0,above_Q3_plus_3IQR_and_at_least_8_medians,0.0,review_only,2025-12-01,True,False,2129.0,False,monthly_and_transactions_not_reconciled
030200219_,шт,Алматы,2025-12-17,20000143541,4620.0,245,180,84.0,364.0,672.0,above_Q3_plus_3IQR_and_at_least_8_medians,0.0,review_only,2025-12-01,True,False,2129.0,False,monthly_and_transactions_not_reconciled
030200219_,шт,Алматы,2025-12-17,20000143542,1680.0,245,180,84.0,364.0,672.0,above_Q3_plus_3IQR_and_at_least_8_medians,0.0,review_only,2025-12-01,True,False,2129.0,False,monthly_and_transactions_not_reconciled
030200219_,шт,Алматы,2026-01-29,20000009880,3864.0,202,180,84.0,573.25,672.0,above_Q3_plus_3IQR_and_at_least_8_medians,0.0,review_only,2026-01-01,True,False,2278.0,False,monthly_and_transactions_not_reconciled
030200219_,шт,Алматы,2026-01-29,20000009919,1680.0,202,180,84.0,573.25,672.0,above_Q3_plus_3IQR_and_at_least_8_medians,0.0,review_only,2026-01-01,True,False,2278.0,False,monthly_and_transactions_not_reconciled
030200219_,шт,Алматы,2026-01-30,20000009936,934.0,206,180,84.0,639.0,672.0,above_Q3_plus_3IQR_and_at_least_8_medians,0.0,review_only,2026-01-01,True,False,2278.0,False,monthly_and_transactions_not_reconciled
030200219_,шт,Алматы,2026-02-19,20000018272,10959.0,177,180,84.0,639.0,672.0,above_Q3_plus_3IQR_and_at_least_8_medians,0.0,review_only,2026-02-01,True,False,13213.0,False,monthly_and_transactions_not_reconciled
030200219_,шт,Алматы,2026-03-03,20000022782,8400.0,181,180,84.0,370.0,672.0,above_Q3_plus_3IQR_and_at_least_8_medians,0.0,review_only,2026-03-01,True,False,1574.0,False,monthly_and_transactions_not_reconciled
030200219_,шт,Алматы,2026-03-03,20000022801,3360.0,181,180,84.0,370.0,672.0,above_Q3_plus_3IQR_and_at_least_8_medians,0.0,review_only,2026-03-01,True,False,1574.0,False,monthly_and_transactions_not_reconciled
030200219_,шт,Алматы,2026-03-27,20000030355,2940.0,165,180,84.0,370.0,672.0,above_Q3_plus_3IQR_and_at_least_8_medians,0.0,review_only,2026-03-01,True,False,1574.0,False,monthly_and_transactions_not_reconciled
030200219_,шт,Алматы,2026-04-13,20000037442,1000.0,164,180,84.0,367.0,672.0,above_Q3_plus_3IQR_and_at_least_8_medians,0.0,review_only,2026-04-01,True,False,3427.0,False,monthly_and_transactions_not_reconciled
030200219_,шт,Алматы,2026-04-21,20000040654,8400.0,163,180,84.0,368.5,672.0,above_Q3_plus_3IQR_and_at_least_8_medians,0.0,review_only,2026-04-01,True,False,3427.0,False,monthly_and_transactions_not_reconciled
030200219_,шт,Алматы,2026-04-22,20000041355,5040.0,167,180,84.0,367.0,672.0,above_Q3_plus_3IQR_and_at_least_8_medians,0.0,review_only,2026-04-01,True,False,3427.0,False,monthly_and_transactions_not_reconciled
030200219_,шт,Алматы,2026-04-22,20000041367,8400.0,167,180,84.0,367.0,672.0,above_Q3_plus_3IQR_and_at_least_8_medians,0.0,review_only,2026-04-01,True,False,3427.0,False,monthly_and_transactions_not_reconciled
030200219_,шт,Алматы,2026-04-22,20000041373,840.0,167,180,84.0,367.0,672.0,above_Q3_plus_3IQR_and_at_least_8_medians,0.0,review_only,2026-04-01,True,False,3427.0,False,monthly_and_transactions_not_reconciled
030200219_,шт,Алматы,2026-05-06,20000047310,1000.0,170,180,84.0,627.0,672.0,above_Q3_plus_3IQR_and_at_least_8_medians,0.0,review_only,2026-05-01,True,False,15087.0,False,monthly_and_transactions_not_reconciled
030200219_,шт,Алматы,2026-05-14,20000049778,10402.0,178,180,84.0,627.0,672.0,above_Q3_plus_3IQR_and_at_least_8_medians,0.0,review_only,2026-05-01,True,False,15087.0,False,monthly_and_transactions_not_reconciled
030200219_,шт,Алматы,2026-05-20,20000052547,12600.0,176,180,84.0,627.0,672.0,above_Q3_plus_3IQR_and_at_least_8_medians,0.0,review_only,2026-05-01,True,False,15087.0,False,monthly_and_transactions_not_reconciled
030200219_,шт,Алматы,2026-05-20,20000052593,1008.0,176,180,84.0,627.0,672.0,above_Q3_plus_3IQR_and_at_least_8_medians,0.0,review_only,2026-05-01,True,False,15087.0,False,monthly_and_transactions_not_reconciled
030200219_,шт,Алматы,2026-06-08,20000060916,672.0,180,180,84.0,633.75,672.0,above_Q3_plus_3IQR_and_at_least_8_medians,0.0,review_only,2026-06-01,True,False,4807.0,False,monthly_and_transactions_not_reconciled
030200219_,шт,Алматы,2026-06-24,20000068732,7056.0,187,180,84.0,627.0,672.0,above_Q3_plus_3IQR_and_at_least_8_medians,0.0,review_only,2026-06-01,True,False,4807.0,False,monthly_and_transactions_not_reconciled
030200219_,шт,Алматы,2026-06-24,20000068750,3360.0,187,180,84.0,627.0,672.0,above_Q3_plus_3IQR_and_at_least_8_medians,0.0,review_only,2026-06-01,True,False,4807.0,False,monthly_and_transactions_not_reconciled
030200219_,шт,Алматы,2026-07-03,20000073273,1092.0,201,180,84.0,627.0,672.0,above_Q3_plus_3IQR_and_at_least_8_medians,0.0,review_only,2026-07-01,True,False,3680.0,False,monthly_and_transactions_not_reconciled
030200219_,шт,Алматы,2026-07-17,20000079465,12600.0,207,180,84.0,627.0,672.0,above_Q3_plus_3IQR_and_at_least_8_medians,0.0,review_only,2026-07-01,True,False,3680.0,False,monthly_and_transactions_not_reconciled
030200219_,шт,Алматы,2026-07-17,20000079487,4620.0,207,180,84.0,627.0,672.0,above_Q3_plus_3IQR_and_at_least_8_medians,0.0,review_only,2026-07-01,True,False,3680.0,False,monthly_and_transactions_not_reconciled
030200219_,шт,Алматы,2026-07-17,20000079498,1260.0,207,180,84.0,627.0,672.0,above_Q3_plus_3IQR_and_at_least_8_medians,0.0,review_only,2026-07-01,True,False,3680.0,False,monthly_and_transactions_not_reconciled
030200219_,шт,Алматы,2026-07-23,30000002051,840.0,217,180,84.0,627.0,672.0,above_Q3_plus_3IQR_and_at_least_8_medians,0.0,review_only,2026-07-01,True,False,3680.0,False,monthly_and_transactions_not_reconciled
030200219_,шт,Алматы,2026-08-04,20000087706,1680.0,224,180,84.0,627.0,672.0,above_Q3_plus_3IQR_and_at_least_8_medians,0.0,review_only,2026-08-01,True,False,3555.0,False,monthly_and_transactions_not_reconciled
030200219_,шт,Алматы,2026-08-04,20000087708,756.0,224,180,84.0,627.0,672.0,above_Q3_plus_3IQR_and_at_least_8_medians,0.0,review_only,2026-08-01,True,False,3555.0,False,monthly_and_transactions_not_reconciled
030200219_,шт,Алматы,2026-08-04,20000087710,4620.0,224,180,84.0,627.0,672.0,above_Q3_plus_3IQR_and_at_least_8_medians,0.0,review_only,2026-08-01,True,False,3555.0,False,monthly_and_transactions_not_reconciled
030200219_,шт,Алматы,2026-08-04,20000087711,840.0,224,180,84.0,627.0,672.0,above_Q3_plus_3IQR_and_at_least_8_medians,0.0,review_only,2026-08-01,True,False,3555.0,False,monthly_and_transactions_not_reconciled
030200219_,шт,Алматы,2026-08-06,20000088661,840.0,228,180,84.0,627.0,672.0,above_Q3_plus_3IQR_and_at_least_8_medians,0.0,review_only,2026-08-01,True,False,3555.0,False,monthly_and_transactions_not_reconciled
030200219_,шт,Алматы,2026-08-12,30000002247,840.0,233,180,84.0,627.0,672.0,above_Q3_plus_3IQR_and_at_least_8_medians,0.0,review_only,2026-08-01,True,False,3555.0,False,monthly_and_transactions_not_reconciled
030200219_,шт,Алматы,2026-08-27,30000002392,1260.0,231,180,84.0,627.0,672.0,above_Q3_plus_3IQR_and_at_least_8_medians,0.0,review_only,2026-08-01,True,False,3555.0,False,monthly_and_transactions_not_reconciled
030200219_,шт,Алматы,2026-09-07,20000103687,16800.0,231,180,84.0,627.0,672.0,above_Q3_plus_3IQR_and_at_least_8_medians,0.0,review_only,2026-09-01,,,,False,monthly_and_transactions_not_reconciled
030200219_,шт,Алматы,2026-09-07,20000103700,756.0,231,180,84.0,627.0,672.0,above_Q3_plus_3IQR_and_at_least_8_medians,0.0,review_only,2026-09-01,,,,False,monthly_and_transactions_not_reconciled
030200219_,шт,Алматы,2026-09-07,20000103726,840.0,231,180,84.0,627.0,672.0,above_Q3_plus_3IQR_and_at_least_8_medians,0.0,review_only,2026-09-01,,,,False,monthly_and_transactions_not_reconciled
030200219_,шт,Алматы,2026-09-07,20000103774,1260.0,231,180,84.0,627.0,672.0,above_Q3_plus_3IQR_and_at_least_8_medians,0.0,review_only,2026-09-01,,,,False,monthly_and_transactions_not_reconciled
030200219_,шт,Алматы,2026-09-17,20000109282,1000.0,254,180,84.0,636.0,672.0,above_Q3_plus_3IQR_and_at_least_8_medians,0.0,review_only,2026-09-01,,,,False,monthly_and_transactions_not_reconciled
030200219_,шт,Алматы,2026-09-21,30000002725,840.0,258,180,84.0,636.0,672.0,above_Q3_plus_3IQR_and_at_least_8_medians,0.0,review_only,2026-09-01,,,,False,monthly_and_transactions_not_reconciled
030200220_,шт,Алматы,2025-02-12,20000014330,1368.0,21,180,50.0,270.0,400.0,above_Q3_plus_3IQR_and_at_least_8_medians,0.0,review_only,2025-02-01,True,False,1307.0,False,monthly_and_transactions_not_reconciled
030200220_,шт,Алматы,2025-02-20,20000017695,380.0,30,180,30.0,273.0,240.0,above_Q3_plus_3IQR_and_at_least_8_medians,0.0,review_only,2025-02-01,True,False,1307.0,False,monthly_and_transactions_not_reconciled
030200220_,шт,Алматы,2025-03-04,20000021546,576.0,39,180,20.0,273.0,160.0,above_Q3_plus_3IQR_and_at_least_8_medians,0.0,review_only,2025-03-01,True,False,906.0,False,monthly_and_transactions_not_reconciled
030200220_,шт,Алматы,2025-03-12,20000024402,1800.0,47,180,16.0,273.0,128.0,above_Q3_plus_3IQR_and_at_least_8_medians,0.0,review_only,2025-03-01,True,False,906.0,False,monthly_and_transactions_not_reconciled
030200220_,шт,Алматы,2025-04-15,20000036278,864.0,71,180,20.0,273.0,160.0,above_Q3_plus_3IQR_and_at_least_8_medians,0.0,review_only,2025-04-01,True,False,1229.0,False,monthly_and_transactions_not_reconciled
030200220_,шт,Алматы,2025-05-05,20000044455,432.0,86,180,20.0,270.0,160.0,above_Q3_plus_3IQR_and_at_least_8_medians,0.0,review_only,2025-05-01,True,False,1883.0,False,monthly_and_transactions_not_reconciled
030200220_,шт,Алматы,2025-05-29,20000054411,500.0,115,180,20.0,270.0,160.0,above_Q3_plus_3IQR_and_at_least_8_medians,0.0,review_only,2025-05-01,True,False,1883.0,False,monthly_and_transactions_not_reconciled
030200220_,шт,Алматы,2025-06-05,20000057935,320.0,131,180,20.0,270.0,160.0,above_Q3_plus_3IQR_and_at_least_8_medians,0.0,review_only,2025-06-01,True,False,2328.0,False,monthly_and_transactions_not_reconciled
030200220_,шт,Алматы,2025-06-19,20000062627,360.0,154,180,15.0,270.0,120.0,above_Q3_plus_3IQR_and_at_least_8_medians,0.0,review_only,2025-06-01,True,False,2328.0,False,monthly_and_transactions_not_reconciled
030200220_,шт,Алматы,2025-06-25,20000066254,648.0,164,180,15.0,270.0,120.0,above_Q3_plus_3IQR_and_at_least_8_medians,0.0,review_only,2025-06-01,True,False,2328.0,False,monthly_and_transactions_not_reconciled
030200220_,шт,Алматы,2025-06-30,20000067929,300.0,174,180,15.0,270.0,120.0,above_Q3_plus_3IQR_and_at_least_8_medians,0.0,review_only,2025-06-01,True,False,2328.0,False,monthly_and_transactions_not_reconciled
030200220_,шт,Алматы,2025-07-10,20000072003,576.0,184,180,15.0,270.0,120.0,above_Q3_plus_3IQR_and_at_least_8_medians,0.0,review_only,2025-07-01,True,False,1252.0,False,monthly_and_transactions_not_reconciled
030200220_,шт,Алматы,2025-07-17,20000075661,1080.0,190,180,15.0,270.0,120.0,above_Q3_plus_3IQR_and_at_least_8_medians,0.0,review_only,2025-07-01,True,False,1252.0,False,monthly_and_transactions_not_reconciled
030200220_,шт,Алматы,2025-07-18,20000075815,432.0,193,180,15.0,270.0,120.0,above_Q3_plus_3IQR_and_at_least_8_medians,0.0,review_only,2025-07-01,True,False,1252.0,False,monthly_and_transactions_not_reconciled
030200220_,шт,Алматы,2025-08-06,20000083625,288.0,200,180,15.0,270.0,120.0,above_Q3_plus_3IQR_and_at_least_8_medians,0.0,review_only,2025-08-01,True,False,1464.0,False,monthly_and_transactions_not_reconciled
030200220_,шт,Алматы,2025-08-13,20000087100,1008.0,203,180,15.0,270.0,120.0,above_Q3_plus_3IQR_and_at_least_8_medians,0.0,review_only,2025-08-01,True,False,1464.0,False,monthly_and_transactions_not_reconciled
030200220_,шт,Алматы,2025-09-26,20000106645,2160.0,220,180,15.0,273.0,120.0,above_Q3_plus_3IQR_and_at_least_8_medians,0.0,review_only,2025-09-01,True,False,973.0,False,monthly_and_transactions_not_reconciled
030200220_,шт,Алматы,2025-09-26,20000106647,432.0,220,180,15.0,273.0,120.0,above_Q3_plus_3IQR_and_at_least_8_medians,0.0,review_only,2025-09-01,True,False,973.0,False,monthly_and_transactions_not_reconciled
030200220_,шт,Алматы,2025-10-15,20000114978,864.0,230,180,14.0,273.0,112.0,above_Q3_plus_3IQR_and_at_least_8_medians,0.0,review_only,2025-10-01,True,False,1661.0,False,monthly_and_transactions_not_reconciled
030200220_,шт,Алматы,2025-10-21,20000111123,564.0,232,180,15.0,273.0,120.0,above_Q3_plus_3IQR_and_at_least_8_medians,0.0,review_only,2025-10-01,True,False,1661.0,False,monthly_and_transactions_not_reconciled
030200220_,шт,Алматы,2025-10-28,30000033406,360.0,238,180,14.0,273.0,112.0,above_Q3_plus_3IQR_and_at_least_8_medians,0.0,review_only,2025-10-01,True,False,1661.0,False,monthly_and_transactions_not_reconciled
030200220_,шт,Алматы,2025-11-19,20000130317,340.0,233,180,13.0,273.0,104.0,above_Q3_plus_3IQR_and_at_least_8_medians,0.0,review_only,2025-11-01,True,False,1287.0,False,monthly_and_transactions_not_reconciled
030200220_,шт,Алматы,2025-11-21,20000131670,3600.0,235,180,13.0,273.0,104.0,above_Q3_plus_3IQR_and_at_least_8_medians,0.0,review_only,2025-11-01,True,False,1287.0,False,monthly_and_transactions_not_reconciled
030200220_,шт,Алматы,2025-12-01,30000033833,720.0,232,180,12.5,273.0,100.0,above_Q3_plus_3IQR_and_at_least_8_medians,0.0,review_only,2025-12-01,True,False,892.0,False,monthly_and_transactions_not_reconciled
030200220_,шт,Алматы,2025-12-08,20000139291,360.0,223,180,15.0,273.0,120.0,above_Q3_plus_3IQR_and_at_least_8_medians,0.0,review_only,2025-12-01,True,False,892.0,False,monthly_and_transactions_not_reconciled
030200220_,шт,Алматы,2025-12-17,20000143543,288.0,215,180,15.0,273.0,120.0,above_Q3_plus_3IQR_and_at_least_8_medians,0.0,review_only,2025-12-01,True,False,892.0,False,monthly_and_transactions_not_reconciled
030200220_,шт,Алматы,2026-01-30,30000000215,360.0,196,180,10.0,273.0,80.0,above_Q3_plus_3IQR_and_at_least_8_medians,0.0,review_only,2026-01-01,True,False,860.0,False,monthly_and_transactions_not_reconciled
030200220_,шт,Алматы,2026-03-12,20000025677,467.0,182,180,10.0,273.0,80.0,above_Q3_plus_3IQR_and_at_least_8_medians,0.0,review_only,2026-03-01,True,False,1267.0,False,monthly_and_transactions_not_reconciled
030200220_,шт,Алматы,2026-03-30,20000031233,300.0,175,180,10.0,279.0,80.0,above_Q3_plus_3IQR_and_at_least_8_medians,0.0,review_only,2026-03-01,True,False,1267.0,False,monthly_and_transactions_not_reconciled
030200220_,шт,Алматы,2026-05-15,20000050457,720.0,170,180,10.0,279.0,80.0,above_Q3_plus_3IQR_and_at_least_8_medians,0.0,review_only,2026-05-01,True,False,2037.0,False,monthly_and_transactions_not_reconciled
030200220_,шт,Алматы,2026-05-20,20000052565,288.0,166,180,10.0,279.0,80.0,above_Q3_plus_3IQR_and_at_least_8_medians,0.0,review_only,2026-05-01,True,False,2037.0,False,monthly_and_transactions_not_reconciled
030200220_,шт,Алматы,2026-05-22,20000053660,500.0,162,180,10.0,279.0,80.0,above_Q3_plus_3IQR_and_at_least_8_medians,0.0,review_only,2026-05-01,True,False,2037.0,False,monthly_and_transactions_not_reconciled
030200220_,шт,Алматы,2026-05-25,20000054525,504.0,161,180,10.0,279.0,80.0,above_Q3_plus_3IQR_and_at_least_8_medians,0.0,review_only,2026-05-01,True,False,2037.0,False,monthly_and_transactions_not_reconciled
030200220_,шт,Алматы,2026-06-03,20000058401,576.0,168,180,10.0,279.0,80.0,above_Q3_plus_3IQR_and_at_least_8_medians,0.0,review_only,2026-06-01,True,False,1841.0,False,monthly_and_transactions_not_reconciled
030200220_,шт,Алматы,2026-06-18,20000066008,570.0,174,180,10.0,278.25,80.0,above_Q3_plus_3IQR_and_at_least_8_medians,0.0,review_only,2026-06-01,True,False,1841.0,False,monthly_and_transactions_not_reconciled
030200220_,шт,Алматы,2026-06-24,20000068747,504.0,176,180,10.0,276.0,80.0,above_Q3_plus_3IQR_and_at_least_8_medians,0.0,review_only,2026-06-01,True,False,1841.0,False,monthly_and_transactions_not_reconciled
030200220_,шт,Алматы,2026-07-09,20000075524,300.0,198,180,10.5,273.0,84.0,above_Q3_plus_3IQR_and_at_least_8_medians,0.0,review_only,2026-07-01,True,False,1635.0,False,monthly_and_transactions_not_reconciled
030200220_,шт,Алматы,2026-07-17,20000079498,1008.0,203,180,10.0,276.0,80.0,above_Q3_plus_3IQR_and_at_least_8_medians,0.0,review_only,2026-07-01,True,False,1635.0,False,monthly_and_transactions_not_reconciled
030200220_,шт,Алматы,2026-07-23,30000002051,720.0,206,180,10.0,275.25,80.0,above_Q3_plus_3IQR_and_at_least_8_medians,0.0,review_only,2026-07-01,True,False,1635.0,False,monthly_and_transactions_not_reconciled
030200220_,шт,Алматы,2026-07-28,20000084365,936.0,206,180,10.0,276.0,80.0,above_Q3_plus_3IQR_and_at_least_8_medians,0.0,review_only,2026-07-01,True,False,1635.0,False,monthly_and_transactions_not_reconciled
030200220_,шт,Алматы,2026-07-31,20000086114,288.0,203,180,10.0,276.0,80.0,above_Q3_plus_3IQR_and_at_least_8_medians,0.0,review_only,2026-07-01,True,False,1635.0,False,monthly_and_transactions_not_reconciled
030200220_,шт,Алматы,2026-08-04,20000087708,576.0,200,180,10.0,276.0,80.0,above_Q3_plus_3IQR_and_at_least_8_medians,0.0,review_only,2026-08-01,True,False,1662.0,False,monthly_and_transactions_not_reconciled
030200220_,шт,Алматы,2026-09-14,20000107592,576.0,219,180,10.0,273.0,80.0,above_Q3_plus_3IQR_and_at_least_8_medians,0.0,review_only,2026-09-01,,,,False,monthly_and_transactions_not_reconciled
030200221_,шт,Алматы,2025-02-12,20000014331,840.0,26,180,74.0,450.0,592.0,above_Q3_plus_3IQR_and_at_least_8_medians,0.0,review_only,2025-02-01,True,False,2137.0,False,monthly_and_transactions_not_reconciled
030200221_,шт,Алматы,2025-02-28,20000020393,1500.0,34,180,74.0,454.5,592.0,above_Q3_plus_3IQR_and_at_least_8_medians,0.0,review_only,2025-02-01,True,False,2137.0,False,monthly_and_transactions_not_reconciled
030200221_,шт,Алматы,2025-03-07,20000022927,1000.0,36,180,74.0,457.5,592.0,above_Q3_plus_3IQR_and_at_least_8_medians,0.0,review_only,2025-03-01,True,False,2141.0,False,monthly_and_transactions_not_reconciled
030200221_,шт,Алматы,2025-03-19,20000027164,2520.0,42,180,100.0,454.5,800.0,above_Q3_plus_3IQR_and_at_least_8_medians,0.0,review_only,2025-03-01,True,False,2141.0,False,monthly_and_transactions_not_reconciled
030200221_,шт,Алматы,2025-04-25,20000041189,1200.0,59,180,100.0,610.0,800.0,above_Q3_plus_3IQR_and_at_least_8_medians,0.0,review_only,2025-04-01,True,False,1710.0,False,monthly_and_transactions_not_reconciled
030200221_,шт,Алматы,2025-05-06,20000044831,840.0,65,180,100.0,770.0,800.0,above_Q3_plus_3IQR_and_at_least_8_medians,0.0,review_only,2025-05-01,True,False,1909.0,False,monthly_and_transactions_not_reconciled
030200221_,шт,Алматы,2025-05-15,20000048330,5760.0,66,180,100.0,890.0,800.0,above_Q3_plus_3IQR_and_at_least_8_medians,0.0,review_only,2025-05-01,True,False,1909.0,False,monthly_and_transactions_not_reconciled
030200221_,шт,Алматы,2025-05-30,20000055046,800.0,73,180,80.0,770.0,640.0,above_Q3_plus_3IQR_and_at_least_8_medians,0.0,review_only,2025-05-01,True,False,1909.0,False,monthly_and_transactions_not_reconciled
030200221_,шт,Алматы,2025-06-28,20000067266,1000.0,90,180,50.0,690.0,400.0,above_Q3_plus_3IQR_and_at_least_8_medians,0.0,review_only,2025-06-01,True,False,2086.0,False,monthly_and_transactions_not_reconciled
030200221_,шт,Алматы,2025-07-18,20000075815,840.0,86,180,47.0,450.0,376.0,above_Q3_plus_3IQR_and_at_least_8_medians,0.0,review_only,2025-07-01,True,False,851.0,False,monthly_and_transactions_not_reconciled
030200221_,шт,Алматы,2025-08-01,20000081954,500.0,88,180,47.0,451.5,376.0,above_Q3_plus_3IQR_and_at_least_8_medians,0.0,review_only,2025-08-01,True,False,1713.0,False,monthly_and_transactions_not_reconciled
030200221_,шт,Алматы,2025-10-07,20000110993,500.0,100,180,30.0,451.5,240.0,above_Q3_plus_3IQR_and_at_least_8_medians,0.0,review_only,2025-10-01,True,False,1886.0,False,monthly_and_transactions_not_reconciled
030200221_,шт,Алматы,2025-11-21,20000131684,480.0,108,180,50.0,450.0,400.0,above_Q3_plus_3IQR_and_at_least_8_medians,0.0,review_only,2025-11-01,True,False,1538.0,False,monthly_and_transactions_not_reconciled
030200221_,шт,Алматы,2025-11-28,20000134832,960.0,112,180,50.0,450.0,400.0,above_Q3_plus_3IQR_and_at_least_8_medians,0.0,review_only,2025-11-01,True,False,1538.0,False,monthly_and_transactions_not_reconciled
030200221_,шт,Алматы,2025-12-01,30000033833,600.0,112,180,50.0,450.0,400.0,above_Q3_plus_3IQR_and_at_least_8_medians,0.0,review_only,2025-12-01,True,False,593.0,False,monthly_and_transactions_not_reconciled
030200221_,шт,Алматы,2026-01-14,20000003593,480.0,106,180,50.0,450.0,400.0,above_Q3_plus_3IQR_and_at_least_8_medians,0.0,review_only,2026-01-01,True,False,2144.0,False,monthly_and_transactions_not_reconciled
030200221_,шт,Алматы,2026-01-27,20000008889,600.0,110,180,50.0,450.0,400.0,above_Q3_plus_3IQR_and_at_least_8_medians,0.0,review_only,2026-01-01,True,False,2144.0,False,monthly_and_transactions_not_reconciled
030200221_,шт,Алматы,2026-01-28,20000009466,1000.0,112,180,50.0,450.0,400.0,above_Q3_plus_3IQR_and_at_least_8_medians,0.0,review_only,2026-01-01,True,False,2144.0,False,monthly_and_transactions_not_reconciled
030200221_,шт,Алматы,2026-02-11,20000014756,720.0,106,180,55.0,450.0,440.0,above_Q3_plus_3IQR_and_at_least_8_medians,0.0,review_only,2026-02-01,True,False,2164.0,False,monthly_and_transactions_not_reconciled
030200221_,шт,Алматы,2026-02-25,20000020178,1320.0,111,180,60.0,450.0,480.0,above_Q3_plus_3IQR_and_at_least_8_medians,0.0,review_only,2026-02-01,True,False,2164.0,False,monthly_and_transactions_not_reconciled
030200221_,шт,Алматы,2026-02-26,20000020649,500.0,112,180,60.0,450.0,480.0,above_Q3_plus_3IQR_and_at_least_8_medians,0.0,review_only,2026-02-01,True,False,2164.0,False,monthly_and_transactions_not_reconciled
030200221_,шт,Алматы,2026-03-03,20000022489,500.0,115,180,60.0,450.0,480.0,above_Q3_plus_3IQR_and_at_least_8_medians,0.0,review_only,2026-03-01,True,False,2358.0,False,monthly_and_transactions_not_reconciled
030200221_,шт,Алматы,2026-03-10,20000024662,720.0,112,180,77.5,450.0,620.0,above_Q3_plus_3IQR_and_at_least_8_medians,0.0,review_only,2026-03-01,True,False,2358.0,False,monthly_and_transactions_not_reconciled
030200221_,шт,Алматы,2026-04-13,20000037441,3960.0,120,180,100.0,430.5,800.0,above_Q3_plus_3IQR_and_at_least_8_medians,0.0,review_only,2026-04-01,True,False,3003.0,False,monthly_and_transactions_not_reconciled
030200221_,шт,Алматы,2026-04-15,20000038215,1560.0,121,180,100.0,420.0,800.0,above_Q3_plus_3IQR_and_at_least_8_medians,0.0,review_only,2026-04-01,True,False,3003.0,False,monthly_and_transactions_not_reconciled
030200221_,шт,Алматы,2026-05-22,20000053657,900.0,111,180,100.0,652.0,800.0,above_Q3_plus_3IQR_and_at_least_8_medians,0.0,review_only,2026-05-01,True,False,2330.0,False,monthly_and_transactions_not_reconciled
030200221_,шт,Алматы,2026-07-03,20000073273,1440.0,118,180,110.0,755.0,880.0,above_Q3_plus_3IQR_and_at_least_8_medians,0.0,review_only,2026-07-01,True,False,941.0,False,monthly_and_transactions_not_reconciled
030200221_,шт,Алматы,2026-07-21,20000080997,2040.0,119,180,100.0,567.0,800.0,above_Q3_plus_3IQR_and_at_least_8_medians,0.0,review_only,2026-07-01,True,False,941.0,False,monthly_and_transactions_not_reconciled
030200221_,шт,Алматы,2026-09-21,20000110903,1200.0,110,180,60.0,450.0,480.0,above_Q3_plus_3IQR_and_at_least_8_medians,0.0,review_only,2026-09-01,,,,False,monthly_and_transactions_not_reconciled
030200222_,шт,Алматы,2025-03-26,30000000709,504.0,39,180,50.0,261.0,400.0,above_Q3_plus_3IQR_and_at_least_8_medians,0.0,review_only,2025-03-01,True,False,443.0,False,monthly_and_transactions_not_reconciled
030200222_,шт,Алматы,2025-05-20,30000031967,720.0,67,180,50.0,273.0,400.0,above_Q3_plus_3IQR_and_at_least_8_medians,0.0,review_only,2025-05-01,True,False,341.0,False,monthly_and_transactions_not_reconciled
030200222_,шт,Алматы,2025-06-19,20000062627,360.0,79,180,35.0,273.0,280.0,above_Q3_plus_3IQR_and_at_least_8_medians,0.0,review_only,2025-06-01,True,False,868.0,False,monthly_and_transactions_not_reconciled
030200222_,шт,Алматы,2025-07-21,30000032641,720.0,83,180,30.0,273.0,240.0,above_Q3_plus_3IQR_and_at_least_8_medians,0.0,review_only,2025-07-01,True,False,711.0,False,monthly_and_transactions_not_reconciled
030200222_,шт,Алматы,2025-07-23,20000077590,288.0,85,180,30.0,273.0,240.0,above_Q3_plus_3IQR_and_at_least_8_medians,0.0,review_only,2025-07-01,True,False,711.0,False,monthly_and_transactions_not_reconciled
030200222_,шт,Алматы,2025-08-11,20000085958,360.0,90,180,45.0,273.0,360.0,above_Q3_plus_3IQR_and_at_least_8_medians,0.0,review_only,2025-08-01,True,False,1541.0,False,monthly_and_transactions_not_reconciled
030200222_,шт,Алматы,2025-08-20,20000089345,720.0,92,180,35.0,273.0,280.0,above_Q3_plus_3IQR_and_at_least_8_medians,0.0,review_only,2025-08-01,True,False,1541.0,False,monthly_and_transactions_not_reconciled
030200222_,шт,Алматы,2025-10-16,20000114870,360.0,101,180,15.0,273.0,120.0,above_Q3_plus_3IQR_and_at_least_8_medians,0.0,review_only,2025-10-01,True,False,737.0,False,monthly_and_transactions_not_reconciled
030200222_,шт,Алматы,2025-11-05,30000033483,360.0,98,180,12.0,273.0,96.0,above_Q3_plus_3IQR_and_at_least_8_medians,0.0,review_only,2025-11-01,True,False,222.0,False,monthly_and_transactions_not_reconciled
030200222_,шт,Алматы,2025-12-01,30000033833,720.0,100,180,12.0,273.0,96.0,above_Q3_plus_3IQR_and_at_least_8_medians,0.0,review_only,2025-12-01,True,False,700.0,False,monthly_and_transactions_not_reconciled
030200222_,шт,Алматы,2025-12-08,20000139291,1008.0,102,180,12.0,273.0,96.0,above_Q3_plus_3IQR_and_at_least_8_medians,0.0,review_only,2025-12-01,True,False,700.0,False,monthly_and_transactions_not_reconciled
030200222_,шт,Алматы,2026-04-13,20000037441,288.0,87,180,8.0,276.0,64.0,above_Q3_plus_3IQR_and_at_least_8_medians,0.0,review_only,2026-04-01,True,False,576.0,False,monthly_and_transactions_not_reconciled
030200222_,шт,Алматы,2026-06-24,20000068754,432.0,82,180,8.5,276.0,68.0,above_Q3_plus_3IQR_and_at_least_8_medians,0.0,review_only,2026-06-01,True,False,445.0,False,monthly_and_transactions_not_reconciled
030200222_,шт,Алматы,2026-07-23,30000002051,720.0,92,180,12.5,279.0,100.0,above_Q3_plus_3IQR_and_at_least_8_medians,0.0,review_only,2026-07-01,True,False,640.0,False,monthly_and_transactions_not_reconciled
030200222_,шт,Алматы,2026-08-14,20000092556,432.0,91,180,11.0,279.0,88.0,above_Q3_plus_3IQR_and_at_least_8_medians,0.0,review_only,2026-08-01,True,False,313.0,False,monthly_and_transactions_not_reconciled
030200222_,шт,Алматы,2026-09-07,20000103726,288.0,91,180,10.0,279.0,80.0,above_Q3_plus_3IQR_and_at_least_8_medians,0.0,review_only,2026-09-01,,,,False,monthly_and_transactions_not_reconciled
030200223_,шт,Алматы,2025-02-03,20000010675,384.0,19,180,15.0,100.0,120.0,above_Q3_plus_3IQR_and_at_least_8_medians,0.0,review_only,2025-02-01,True,False,1248.0,False,monthly_and_transactions_not_reconciled
030200223_,шт,Алматы,2025-02-03,30000000355,960.0,19,180,15.0,100.0,120.0,above_Q3_plus_3IQR_and_at_least_8_medians,0.0,review_only,2025-02-01,True,False,1248.0,False,monthly_and_transactions_not_reconciled
030200223_,шт,Алматы,2025-02-13,20000014645,125.0,28,180,15.0,123.75,120.0,above_Q3_plus_3IQR_and_at_least_8_medians,0.0,review_only,2025-02-01,True,False,1248.0,False,monthly_and_transactions_not_reconciled
030200223_,шт,Алматы,2025-02-25,20000019201,480.0,43,180,15.0,145.0,120.0,above_Q3_plus_3IQR_and_at_least_8_medians,0.0,review_only,2025-02-01,True,False,1248.0,False,monthly_and_transactions_not_reconciled
030200223_,шт,Алматы,2025-03-04,20000021546,768.0,51,180,15.0,145.0,120.0,above_Q3_plus_3IQR_and_at_least_8_medians,0.0,review_only,2025-03-01,True,False,1626.0,False,monthly_and_transactions_not_reconciled
030200223_,шт,Алматы,2025-03-26,30000000709,1824.0,62,180,15.0,180.0,120.0,above_Q3_plus_3IQR_and_at_least_8_medians,0.0,review_only,2025-03-01,True,False,1626.0,False,monthly_and_transactions_not_reconciled
030200223_,шт,Алматы,2025-03-28,20000028894,1000.0,64,180,15.0,185.0,120.0,above_Q3_plus_3IQR_and_at_least_8_medians,0.0,review_only,2025-03-01,True,False,1626.0,False,monthly_and_transactions_not_reconciled
030200223_,шт,Алматы,2025-04-25,20000041189,1056.0,85,180,15.0,185.0,120.0,above_Q3_plus_3IQR_and_at_least_8_medians,0.0,review_only,2025-04-01,True,False,755.0,False,monthly_and_transactions_not_reconciled
030200223_,шт,Алматы,2025-05-15,20000048330,1248.0,101,180,15.0,185.0,120.0,above_Q3_plus_3IQR_and_at_least_8_medians,0.0,review_only,2025-05-01,True,False,1276.0,False,monthly_and_transactions_not_reconciled
030200223_,шт,Алматы,2025-05-21,20000051004,384.0,108,180,15.0,192.0,120.0,above_Q3_plus_3IQR_and_at_least_8_medians,0.0,review_only,2025-05-01,True,False,1276.0,False,monthly_and_transactions_not_reconciled
030200223_,шт,Алматы,2025-06-12,20000060529,384.0,122,180,15.0,185.0,120.0,above_Q3_plus_3IQR_and_at_least_8_medians,0.0,review_only,2025-06-01,True,False,659.0,False,monthly_and_transactions_not_reconciled
030200223_,шт,Алматы,2025-06-13,20000060580,288.0,124,180,15.0,192.0,120.0,above_Q3_plus_3IQR_and_at_least_8_medians,0.0,review_only,2025-06-01,True,False,659.0,False,monthly_and_transactions_not_reconciled
030200223_,шт,Алматы,2025-07-09,20000071280,200.0,139,180,15.0,199.0,120.0,above_Q3_plus_3IQR_and_at_least_8_medians,0.0,review_only,2025-07-01,True,False,1375.0,False,monthly_and_transactions_not_reconciled
030200223_,шт,Алматы,2025-07-10,20000072003,864.0,140,180,15.0,220.0,120.0,above_Q3_plus_3IQR_and_at_least_8_medians,0.0,review_only,2025-07-01,True,False,1375.0,False,monthly_and_transactions_not_reconciled
030200223_,шт,Алматы,2025-08-11,30000032809,480.0,147,180,15.0,227.0,120.0,above_Q3_plus_3IQR_and_at_least_8_medians,0.0,review_only,2025-08-01,True,False,894.0,False,monthly_and_transactions_not_reconciled
030200223_,шт,Алматы,2025-09-23,30000033121,480.0,151,180,18.0,307.0,144.0,above_Q3_plus_3IQR_and_at_least_8_medians,0.0,review_only,2025-09-01,True,False,986.0,False,monthly_and_transactions_not_reconciled
030200223_,шт,Алматы,2025-09-30,30000033182,480.0,155,180,16.0,307.0,128.0,above_Q3_plus_3IQR_and_at_least_8_medians,0.0,review_only,2025-09-01,True,False,986.0,False,monthly_and_transactions_not_reconciled
030200223_,шт,Алматы,2025-10-28,20000120061,500.0,169,180,17.0,309.0,136.0,above_Q3_plus_3IQR_and_at_least_8_medians,0.0,review_only,2025-10-01,True,False,2235.0,False,monthly_and_transactions_not_reconciled
030200223_,шт,Алматы,2025-10-28,30000033406,480.0,169,180,17.0,309.0,136.0,above_Q3_plus_3IQR_and_at_least_8_medians,0.0,review_only,2025-10-01,True,False,2235.0,False,monthly_and_transactions_not_reconciled
030200223_,шт,Алматы,2025-10-29,20000120790,400.0,171,180,18.0,369.0,144.0,above_Q3_plus_3IQR_and_at_least_8_medians,0.0,review_only,2025-10-01,True,False,2235.0,False,monthly_and_transactions_not_reconciled
030200223_,шт,Алматы,2025-11-05,30000033483,960.0,172,180,20.0,369.0,160.0,above_Q3_plus_3IQR_and_at_least_8_medians,0.0,review_only,2025-11-01,True,False,1437.0,False,monthly_and_transactions_not_reconciled
030200223_,шт,Алматы,2025-11-28,20000134832,768.0,178,180,20.0,369.0,160.0,above_Q3_plus_3IQR_and_at_least_8_medians,0.0,review_only,2025-11-01,True,False,1437.0,False,monthly_and_transactions_not_reconciled
030200223_,шт,Алматы,2025-12-01,30000033833,480.0,178,180,20.0,369.0,160.0,above_Q3_plus_3IQR_and_at_least_8_medians,0.0,review_only,2025-12-01,True,False,244.0,False,monthly_and_transactions_not_reconciled
030200223_,шт,Алматы,2026-01-13,20000002978,480.0,172,180,17.5,321.0,140.0,above_Q3_plus_3IQR_and_at_least_8_medians,0.0,review_only,2026-01-01,True,False,1163.0,False,monthly_and_transactions_not_reconciled
030200223_,шт,Алматы,2026-01-27,20000008889,576.0,174,180,17.5,299.0,140.0,above_Q3_plus_3IQR_and_at_least_8_medians,0.0,review_only,2026-01-01,True,False,1163.0,False,monthly_and_transactions_not_reconciled
030200223_,шт,Алматы,2026-02-11,20000014928,768.0,178,180,20.0,269.0,160.0,above_Q3_plus_3IQR_and_at_least_8_medians,0.0,review_only,2026-02-01,True,False,1766.0,False,monthly_and_transactions_not_reconciled
030200223_,шт,Алматы,2026-02-25,20000020178,1344.0,183,180,20.0,260.0,160.0,above_Q3_plus_3IQR_and_at_least_8_medians,0.0,review_only,2026-02-01,True,False,1766.0,False,monthly_and_transactions_not_reconciled
030200223_,шт,Алматы,2026-02-27,20000020379,400.0,190,180,20.0,269.0,160.0,above_Q3_plus_3IQR_and_at_least_8_medians,0.0,review_only,2026-02-01,True,False,1766.0,False,monthly_and_transactions_not_reconciled
030200223_,шт,Алматы,2026-03-03,20000022809,288.0,193,180,20.0,242.0,160.0,above_Q3_plus_3IQR_and_at_least_8_medians,0.0,review_only,2026-03-01,True,False,597.0,False,monthly_and_transactions_not_reconciled
030200223_,шт,Алматы,2026-04-21,20000040654,288.0,178,180,25.0,219.0,200.0,above_Q3_plus_3IQR_and_at_least_8_medians,0.0,review_only,2026-04-01,True,False,1092.0,False,monthly_and_transactions_not_reconciled
030200223_,шт,Алматы,2026-04-30,20000045262,300.0,170,180,20.0,179.0,160.0,above_Q3_plus_3IQR_and_at_least_8_medians,0.0,review_only,2026-04-01,True,False,1092.0,False,monthly_and_transactions_not_reconciled
030200223_,шт,Алматы,2026-05-15,20000050457,960.0,163,180,20.0,182.0,160.0,above_Q3_plus_3IQR_and_at_least_8_medians,0.0,review_only,2026-05-01,True,False,339.0,False,monthly_and_transactions_not_reconciled
030200223_,шт,Алматы,2026-06-08,20000060916,576.0,154,180,20.0,179.0,160.0,above_Q3_plus_3IQR_and_at_least_8_medians,0.0,review_only,2026-06-01,True,False,510.0,False,monthly_and_transactions_not_reconciled
030200223_,шт,Алматы,2026-06-09,30000001610,960.0,155,180,20.0,179.0,160.0,above_Q3_plus_3IQR_and_at_least_8_medians,0.0,review_only,2026-06-01,True,False,510.0,False,monthly_and_transactions_not_reconciled
030200223_,шт,Алматы,2026-07-16,20000078705,960.0,157,180,20.0,182.0,160.0,above_Q3_plus_3IQR_and_at_least_8_medians,0.0,review_only,2026-07-01,True,False,641.0,False,monthly_and_transactions_not_reconciled
030200223_,шт,Алматы,2026-08-10,20000090123,480.0,151,180,20.0,182.0,160.0,above_Q3_plus_3IQR_and_at_least_8_medians,0.0,review_only,2026-08-01,True,False,969.0,False,monthly_and_transactions_not_reconciled
030200223_,шт,Алматы,2026-08-18,20000094213,200.0,154,180,20.0,182.0,160.0,above_Q3_plus_3IQR_and_at_least_8_medians,0.0,review_only,2026-08-01,True,False,969.0,False,monthly_and_transactions_not_reconciled
030200223_,шт,Алматы,2026-08-25,20000096863,192.0,146,180,20.0,185.0,160.0,above_Q3_plus_3IQR_and_at_least_8_medians,0.0,review_only,2026-08-01,True,False,969.0,False,monthly_and_transactions_not_reconciled
030200223_,шт,Алматы,2026-08-27,30000002392,192.0,143,180,20.0,185.0,160.0,above_Q3_plus_3IQR_and_at_least_8_medians,0.0,review_only,2026-08-01,True,False,969.0,False,monthly_and_transactions_not_reconciled
030200223_,шт,Алматы,2026-09-02,20000101831,768.0,146,180,20.0,185.0,160.0,above_Q3_plus_3IQR_and_at_least_8_medians,0.0,review_only,2026-09-01,,,,False,monthly_and_transactions_not_reconciled
030200223_,шт,Алматы,2026-09-21,20000110903,768.0,158,180,20.0,184.25,160.0,above_Q3_plus_3IQR_and_at_least_8_medians,0.0,review_only,2026-09-01,,,,False,monthly_and_transactions_not_reconciled
030200223_,шт,Алматы,2026-09-22,20000111689,370.0,162,180,20.0,184.25,160.0,above_Q3_plus_3IQR_and_at_least_8_medians,0.0,review_only,2026-09-01,,,,False,monthly_and_transactions_not_reconciled
030200224_,шт,Алматы,2025-01-31,20000010029,240.0,81,180,10.0,182.0,80.0,above_Q3_plus_3IQR_and_at_least_8_medians,0.0,review_only,2025-01-01,True,False,3263.0,False,monthly_and_transactions_not_reconciled
030200224_,шт,Алматы,2025-02-03,20000010123,700.0,86,180,10.0,184.25,80.0,above_Q3_plus_3IQR_and_at_least_8_medians,0.0,review_only,2025-02-01,True,False,4090.0,False,monthly_and_transactions_not_reconciled
030200224_,шт,Алматы,2025-02-03,20000010670,1080.0,86,180,10.0,184.25,80.0,above_Q3_plus_3IQR_and_at_least_8_medians,0.0,review_only,2025-02-01,True,False,4090.0,False,monthly_and_transactions_not_reconciled
030200224_,шт,Алматы,2025-02-14,20000015429,200.0,131,180,10.0,163.5,80.0,above_Q3_plus_3IQR_and_at_least_8_medians,0.0,review_only,2025-02-01,True,False,4090.0,False,monthly_and_transactions_not_reconciled
030200224_,шт,Алматы,2025-02-20,20000017339,500.0,153,180,10.0,165.0,80.0,above_Q3_plus_3IQR_and_at_least_8_medians,0.0,review_only,2025-02-01,True,False,4090.0,False,monthly_and_transactions_not_reconciled
030200224_,шт,Алматы,2025-02-24,30000000527,1575.0,162,180,10.0,165.0,80.0,above_Q3_plus_3IQR_and_at_least_8_medians,0.0,review_only,2025-02-01,True,False,4090.0,False,monthly_and_transactions_not_reconciled
030200224_,шт,Алматы,2025-02-25,20000019201,450.0,168,180,11.0,165.0,88.0,above_Q3_plus_3IQR_and_at_least_8_medians,0.0,review_only,2025-02-01,True,False,4090.0,False,monthly_and_transactions_not_reconciled
030200224_,шт,Алматы,2025-03-04,20000021546,3645.0,185,180,10.0,165.0,80.0,above_Q3_plus_3IQR_and_at_least_8_medians,0.0,review_only,2025-03-01,True,False,2687.0,False,monthly_and_transactions_not_reconciled
030200224_,шт,Алматы,2025-03-04,20000021867,228.0,185,180,10.0,165.0,80.0,above_Q3_plus_3IQR_and_at_least_8_medians,0.0,review_only,2025-03-01,True,False,2687.0,False,monthly_and_transactions_not_reconciled
030200224_,шт,Алматы,2025-03-07,20000022923,200.0,197,180,12.0,165.0,96.0,above_Q3_plus_3IQR_and_at_least_8_medians,0.0,review_only,2025-03-01,True,False,2687.0,False,monthly_and_transactions_not_reconciled
030200224_,шт,Алматы,2025-03-26,30000000709,6750.0,240,180,10.0,165.0,80.0,above_Q3_plus_3IQR_and_at_least_8_medians,0.0,review_only,2025-03-01,True,False,2687.0,False,monthly_and_transactions_not_reconciled
030200224_,шт,Алматы,2025-03-28,20000029315,200.0,246,180,10.0,165.0,80.0,above_Q3_plus_3IQR_and_at_least_8_medians,0.0,review_only,2025-03-01,True,False,2687.0,False,monthly_and_transactions_not_reconciled
030200224_,шт,Алматы,2025-03-31,20000029939,225.0,256,180,11.0,165.0,88.0,above_Q3_plus_3IQR_and_at_least_8_medians,0.0,review_only,2025-03-01,True,False,2687.0,False,monthly_and_transactions_not_reconciled
030200224_,шт,Алматы,2025-04-11,20000035323,450.0,288,180,10.0,150.0,80.0,above_Q3_plus_3IQR_and_at_least_8_medians,0.0,review_only,2025-04-01,True,False,2457.0,False,monthly_and_transactions_not_reconciled
030200224_,шт,Алматы,2025-04-14,20000036043,200.0,293,180,10.0,145.0,80.0,above_Q3_plus_3IQR_and_at_least_8_medians,0.0,review_only,2025-04-01,True,False,2457.0,False,monthly_and_transactions_not_reconciled
030200224_,шт,Алматы,2025-04-21,20000039002,200.0,313,180,10.0,145.0,80.0,above_Q3_plus_3IQR_and_at_least_8_medians,0.0,review_only,2025-04-01,True,False,2457.0,False,monthly_and_transactions_not_reconciled
030200224_,шт,Алматы,2025-04-21,20000039084,180.0,313,180,10.0,145.0,80.0,above_Q3_plus_3IQR_and_at_least_8_medians,0.0,review_only,2025-04-01,True,False,2457.0,False,monthly_and_transactions_not_reconciled
030200224_,шт,Алматы,2025-04-22,30000031720,180.0,317,180,10.0,145.0,80.0,above_Q3_plus_3IQR_and_at_least_8_medians,0.0,review_only,2025-04-01,True,False,2457.0,False,monthly_and_transactions_not_reconciled
030200224_,шт,Алматы,2025-04-25,20000041189,630.0,328,180,10.0,145.0,80.0,above_Q3_plus_3IQR_and_at_least_8_medians,0.0,review_only,2025-04-01,True,False,2457.0,False,monthly_and_transactions_not_reconciled
030200224_,шт,Алматы,2025-05-12,20000046130,700.0,362,180,10.0,145.0,80.0,above_Q3_plus_3IQR_and_at_least_8_medians,0.0,review_only,2025-05-01,True,False,3608.0,False,monthly_and_transactions_not_reconciled
030200224_,шт,Алматы,2025-05-15,20000048330,1935.0,373,180,10.0,145.0,80.0,above_Q3_plus_3IQR_and_at_least_8_medians,0.0,review_only,2025-05-01,True,False,3608.0,False,monthly_and_transactions_not_reconciled
030200224_,шт,Алматы,2025-05-17,20000047783,500.0,384,180,10.0,145.0,80.0,above_Q3_plus_3IQR_and_at_least_8_medians,0.0,review_only,2025-05-01,True,False,3608.0,False,monthly_and_transactions_not_reconciled
030200224_,шт,Алматы,2025-05-31,20000055404,200.0,428,180,10.0,145.0,80.0,above_Q3_plus_3IQR_and_at_least_8_medians,0.0,review_only,2025-05-01,True,False,3608.0,False,monthly_and_transactions_not_reconciled
030200224_,шт,Алматы,2025-06-03,20000056704,450.0,437,180,10.0,145.0,80.0,above_Q3_plus_3IQR_and_at_least_8_medians,0.0,review_only,2025-06-01,True,False,2529.0,False,monthly_and_transactions_not_reconciled
030200224_,шт,Алматы,2025-06-25,20000065640,200.0,524,180,10.0,133.0,80.0,above_Q3_plus_3IQR_and_at_least_8_medians,0.0,review_only,2025-06-01,True,False,2529.0,False,monthly_and_transactions_not_reconciled
030200224_,шт,Алматы,2025-07-01,20000068197,300.0,545,180,10.0,145.0,80.0,above_Q3_plus_3IQR_and_at_least_8_medians,0.0,review_only,2025-07-01,True,False,3060.0,False,monthly_and_transactions_not_reconciled
030200224_,шт,Алматы,2025-07-01,20000068251,160.0,545,180,10.0,145.0,80.0,above_Q3_plus_3IQR_and_at_least_8_medians,0.0,review_only,2025-07-01,True,False,3060.0,False,monthly_and_transactions_not_reconciled
030200224_,шт,Алматы,2025-07-01,20000068418,300.0,545,180,10.0,145.0,80.0,above_Q3_plus_3IQR_and_at_least_8_medians,0.0,review_only,2025-07-01,True,False,3060.0,False,monthly_and_transactions_not_reconciled
030200224_,шт,Алматы,2025-07-17,20000075658,1800.0,554,180,10.0,105.0,80.0,above_Q3_plus_3IQR_and_at_least_8_medians,0.0,review_only,2025-07-01,True,False,3060.0,False,monthly_and_transactions_not_reconciled
030200224_,шт,Алматы,2025-07-23,20000077590,1260.0,563,180,10.0,105.0,80.0,above_Q3_plus_3IQR_and_at_least_8_medians,0.0,review_only,2025-07-01,True,False,3060.0,False,monthly_and_transactions_not_reconciled
030200224_,шт,Алматы,2025-07-23,20000077951,1080.0,563,180,10.0,105.0,80.0,above_Q3_plus_3IQR_and_at_least_8_medians,0.0,review_only,2025-07-01,True,False,3060.0,False,monthly_and_transactions_not_reconciled
030200224_,шт,Алматы,2025-07-29,20000080425,2340.0,561,180,10.0,105.0,80.0,above_Q3_plus_3IQR_and_at_least_8_medians,0.0,review_only,2025-07-01,True,False,3060.0,False,monthly_and_transactions_not_reconciled
030200224_,шт,Алматы,2025-07-31,20000081226,150.0,569,180,10.0,105.0,80.0,above_Q3_plus_3IQR_and_at_least_8_medians,0.0,review_only,2025-07-01,True,False,3060.0,False,monthly_and_transactions_not_reconciled
030200224_,шт,Алматы,2025-08-12,20000085891,135.0,572,180,10.0,105.0,80.0,above_Q3_plus_3IQR_and_at_least_8_medians,0.0,review_only,2025-08-01,True,False,2794.0,False,monthly_and_transactions_not_reconciled
030200224_,шт,Алматы,2025-08-13,20000087097,1755.0,574,180,10.0,105.0,80.0,above_Q3_plus_3IQR_and_at_least_8_medians,0.0,review_only,2025-08-01,True,False,2794.0,False,monthly_and_transactions_not_reconciled
030200224_,шт,Алматы,2025-08-22,20000090534,200.0,572,180,10.0,105.0,80.0,above_Q3_plus_3IQR_and_at_least_8_medians,0.0,review_only,2025-08-01,True,False,2794.0,False,monthly_and_transactions_not_reconciled
030200224_,шт,Алматы,2025-08-28,20000093995,335.0,570,180,10.0,105.0,80.0,above_Q3_plus_3IQR_and_at_least_8_medians,0.0,review_only,2025-08-01,True,False,2794.0,False,monthly_and_transactions_not_reconciled
030200224_,шт,Алматы,2025-09-02,20000095282,335.0,573,180,10.0,105.0,80.0,above_Q3_plus_3IQR_and_at_least_8_medians,0.0,review_only,2025-09-01,True,False,2142.0,False,monthly_and_transactions_not_reconciled
030200224_,шт,Алматы,2025-09-26,20000106478,400.0,587,180,10.0,88.0,80.0,above_Q3_plus_3IQR_and_at_least_8_medians,0.0,review_only,2025-09-01,True,False,2142.0,False,monthly_and_transactions_not_reconciled
030200224_,шт,Алматы,2025-10-02,20000109075,90.0,582,180,10.0,87.0,80.0,above_Q3_plus_3IQR_and_at_least_8_medians,0.0,review_only,2025-10-01,True,False,2209.0,False,monthly_and_transactions_not_reconciled
030200224_,шт,Алматы,2025-10-07,20000110378,100.0,589,180,10.0,88.0,80.0,above_Q3_plus_3IQR_and_at_least_8_medians,0.0,review_only,2025-10-01,True,False,2209.0,False,monthly_and_transactions_not_reconciled
030200224_,шт,Алматы,2025-10-07,20000110384,90.0,589,180,10.0,88.0,80.0,above_Q3_plus_3IQR_and_at_least_8_medians,0.0,review_only,2025-10-01,True,False,2209.0,False,monthly_and_transactions_not_reconciled
030200224_,шт,Алматы,2025-10-20,20000116984,100.0,587,180,10.0,88.0,80.0,above_Q3_plus_3IQR_and_at_least_8_medians,0.0,review_only,2025-10-01,True,False,2209.0,False,monthly_and_transactions_not_reconciled
030200224_,шт,Алматы,2025-10-28,30000033406,900.0,582,180,10.0,104.0,80.0,above_Q3_plus_3IQR_and_at_least_8_medians,0.0,review_only,2025-10-01,True,False,2209.0,False,monthly_and_transactions_not_reconciled
030200224_,шт,Алматы,2025-10-29,20000120529,1260.0,584,180,10.0,108.0,80.0,above_Q3_plus_3IQR_and_at_least_8_medians,0.0,review_only,2025-10-01,True,False,2209.0,False,monthly_and_transactions_not_reconciled
030200224_,шт,Алматы,2025-11-05,30000033483,450.0,592,180,10.0,89.0,80.0,above_Q3_plus_3IQR_and_at_least_8_medians,0.0,review_only,2025-11-01,True,False,1422.0,False,monthly_and_transactions_not_reconciled
030200224_,шт,Алматы,2025-11-13,20000127478,100.0,587,180,10.0,84.5,80.0,above_Q3_plus_3IQR_and_at_least_8_medians,0.0,review_only,2025-11-01,True,False,1422.0,False,monthly_and_transactions_not_reconciled
030200224_,шт,Алматы,2025-11-27,20000133642,100.0,590,180,10.0,79.0,80.0,above_Q3_plus_3IQR_and_at_least_8_medians,0.0,review_only,2025-11-01,True,False,1422.0,False,monthly_and_transactions_not_reconciled
030200224_,шт,Алматы,2025-11-28,20000134339,100.0,588,180,10.0,84.0,80.0,above_Q3_plus_3IQR_and_at_least_8_medians,0.0,review_only,2025-11-01,True,False,1422.0,False,monthly_and_transactions_not_reconciled
030200224_,шт,Алматы,2025-11-28,20000134832,1170.0,588,180,10.0,84.0,80.0,above_Q3_plus_3IQR_and_at_least_8_medians,0.0,review_only,2025-11-01,True,False,1422.0,False,monthly_and_transactions_not_reconciled
030200224_,шт,Алматы,2025-11-28,20000134976,90.0,588,180,10.0,84.0,80.0,above_Q3_plus_3IQR_and_at_least_8_medians,0.0,review_only,2025-11-01,True,False,1422.0,False,monthly_and_transactions_not_reconciled
030200224_,шт,Алматы,2025-12-01,20000135788,100.0,582,180,10.0,86.25,80.0,above_Q3_plus_3IQR_and_at_least_8_medians,0.0,review_only,2025-12-01,True,False,2041.0,False,monthly_and_transactions_not_reconciled
030200224_,шт,Алматы,2025-12-01,30000033833,1350.0,582,180,10.0,86.25,80.0,above_Q3_plus_3IQR_and_at_least_8_medians,0.0,review_only,2025-12-01,True,False,2041.0,False,monthly_and_transactions_not_reconciled
030200224_,шт,Алматы,2025-12-08,20000139291,450.0,576,180,10.0,85.0,80.0,above_Q3_plus_3IQR_and_at_least_8_medians,0.0,review_only,2025-12-01,True,False,2041.0,False,monthly_and_transactions_not_reconciled
030200224_,шт,Алматы,2025-12-15,20000141881,400.0,555,180,10.0,90.0,80.0,above_Q3_plus_3IQR_and_at_least_8_medians,0.0,review_only,2025-12-01,True,False,2041.0,False,monthly_and_transactions_not_reconciled
030200224_,шт,Алматы,2025-12-23,20000145593,200.0,544,180,10.0,99.0,80.0,above_Q3_plus_3IQR_and_at_least_8_medians,0.0,review_only,2025-12-01,True,False,2041.0,False,monthly_and_transactions_not_reconciled
030200224_,шт,Алматы,2025-12-26,20000147232,100.0,543,180,10.0,88.0,80.0,above_Q3_plus_3IQR_and_at_least_8_medians,0.0,review_only,2025-12-01,True,False,2041.0,False,monthly_and_transactions_not_reconciled
030200224_,шт,Алматы,2026-01-08,20000000924,100.0,518,180,10.0,87.0,80.0,above_Q3_plus_3IQR_and_at_least_8_medians,0.0,review_only,2026-01-01,True,False,2656.0,False,monthly_and_transactions_not_reconciled
030200224_,шт,Алматы,2026-01-08,20000000940,300.0,518,180,10.0,87.0,80.0,above_Q3_plus_3IQR_and_at_least_8_medians,0.0,review_only,2026-01-01,True,False,2656.0,False,monthly_and_transactions_not_reconciled
030200224_,шт,Алматы,2026-01-14,20000003593,990.0,514,180,10.0,88.0,80.0,above_Q3_plus_3IQR_and_at_least_8_medians,0.0,review_only,2026-01-01,True,False,2656.0,False,monthly_and_transactions_not_reconciled
030200224_,шт,Алматы,2026-01-19,20000004757,100.0,512,180,10.0,88.0,80.0,above_Q3_plus_3IQR_and_at_least_8_medians,0.0,review_only,2026-01-01,True,False,2656.0,False,monthly_and_transactions_not_reconciled
030200224_,шт,Алматы,2026-01-20,20000005575,100.0,510,180,10.0,88.0,80.0,above_Q3_plus_3IQR_and_at_least_8_medians,0.0,review_only,2026-01-01,True,False,2656.0,False,monthly_and_transactions_not_reconciled
030200224_,шт,Алматы,2026-01-23,20000006940,200.0,513,180,10.0,84.0,80.0,above_Q3_plus_3IQR_and_at_least_8_medians,0.0,review_only,2026-01-01,True,False,2656.0,False,monthly_and_transactions_not_reconciled
030200224_,шт,Алматы,2026-01-26,20000008324,400.0,505,180,10.0,84.0,80.0,above_Q3_plus_3IQR_and_at_least_8_medians,0.0,review_only,2026-01-01,True,False,2656.0,False,monthly_and_transactions_not_reconciled
030200224_,шт,Алматы,2026-01-27,20000008889,990.0,505,180,10.0,84.0,80.0,above_Q3_plus_3IQR_and_at_least_8_medians,0.0,review_only,2026-01-01,True,False,2656.0,False,monthly_and_transactions_not_reconciled
030200224_,шт,Алматы,2026-01-29,20000009282,100.0,506,180,10.0,87.0,80.0,above_Q3_plus_3IQR_and_at_least_8_medians,0.0,review_only,2026-01-01,True,False,2656.0,False,monthly_and_transactions_not_reconciled
030200224_,шт,Алматы,2026-01-30,20000009855,90.0,505,180,10.0,88.0,80.0,above_Q3_plus_3IQR_and_at_least_8_medians,0.0,review_only,2026-01-01,True,False,2656.0,False,monthly_and_transactions_not_reconciled
030200224_,шт,Алматы,2026-02-03,20000011368,100.0,504,180,10.0,88.0,80.0,above_Q3_plus_3IQR_and_at_least_8_medians,0.0,review_only,2026-02-01,True,False,2117.0,False,monthly_and_transactions_not_reconciled
030200224_,шт,Алматы,2026-02-04,20000012279,200.0,500,180,10.0,88.0,80.0,above_Q3_plus_3IQR_and_at_least_8_medians,0.0,review_only,2026-02-01,True,False,2117.0,False,monthly_and_transactions_not_reconciled
030200224_,шт,Алматы,2026-02-07,20000012892,90.0,495,180,10.0,88.0,80.0,above_Q3_plus_3IQR_and_at_least_8_medians,0.0,review_only,2026-02-01,True,False,2117.0,False,monthly_and_transactions_not_reconciled
030200224_,шт,Алматы,2026-02-10,20000014390,100.0,489,180,10.0,88.0,80.0,above_Q3_plus_3IQR_and_at_least_8_medians,0.0,review_only,2026-02-01,True,False,2117.0,False,monthly_and_transactions_not_reconciled
030200224_,шт,Алматы,2026-02-10,30000000326,900.0,489,180,10.0,88.0,80.0,above_Q3_plus_3IQR_and_at_least_8_medians,0.0,review_only,2026-02-01,True,False,2117.0,False,monthly_and_transactions_not_reconciled
030200224_,шт,Алматы,2026-02-11,20000014928,900.0,494,180,10.0,88.0,80.0,above_Q3_plus_3IQR_and_at_least_8_medians,0.0,review_only,2026-02-01,True,False,2117.0,False,monthly_and_transactions_not_reconciled
030200224_,шт,Алматы,2026-02-13,20000015125,300.0,501,180,10.0,88.0,80.0,above_Q3_plus_3IQR_and_at_least_8_medians,0.0,review_only,2026-02-01,True,False,2117.0,False,monthly_and_transactions_not_reconciled
030200224_,шт,Алматы,2026-02-18,20000017053,90.0,488,180,10.0,88.0,80.0,above_Q3_plus_3IQR_and_at_least_8_medians,0.0,review_only,2026-02-01,True,False,2117.0,False,monthly_and_transactions_not_reconciled
030200224_,шт,Алматы,2026-02-25,20000020178,2745.0,484,180,10.0,105.0,80.0,above_Q3_plus_3IQR_and_at_least_8_medians,0.0,review_only,2026-02-01,True,False,2117.0,False,monthly_and_transactions_not_reconciled
030200224_,шт,Алматы,2026-03-03,20000022809,450.0,482,180,10.0,108.0,80.0,above_Q3_plus_3IQR_and_at_least_8_medians,0.0,review_only,2026-03-01,True,False,1858.0,False,monthly_and_transactions_not_reconciled
030200224_,шт,Алматы,2026-03-10,20000024662,1350.0,483,180,10.0,108.0,80.0,above_Q3_plus_3IQR_and_at_least_8_medians,0.0,review_only,2026-03-01,True,False,1858.0,False,monthly_and_transactions_not_reconciled
030200224_,шт,Алматы,2026-03-11,20000025341,500.0,482,180,10.0,105.0,80.0,above_Q3_plus_3IQR_and_at_least_8_medians,0.0,review_only,2026-03-01,True,False,1858.0,False,monthly_and_transactions_not_reconciled
030200224_,шт,Алматы,2026-03-16,20000026885,200.0,484,180,10.0,105.0,80.0,above_Q3_plus_3IQR_and_at_least_8_medians,0.0,review_only,2026-03-01,True,False,1858.0,False,monthly_and_transactions_not_reconciled
030200224_,шт,Алматы,2026-03-26,30000000725,1800.0,459,180,10.0,105.0,80.0,above_Q3_plus_3IQR_and_at_least_8_medians,0.0,review_only,2026-03-01,True,False,1858.0,False,monthly_and_transactions_not_reconciled
030200224_,шт,Алматы,2026-03-27,20000030369,630.0,461,180,10.0,105.0,80.0,above_Q3_plus_3IQR_and_at_least_8_medians,0.0,review_only,2026-03-01,True,False,1858.0,False,monthly_and_transactions_not_reconciled
030200224_,шт,Алматы,2026-04-02,20000032006,200.0,461,180,10.0,105.0,80.0,above_Q3_plus_3IQR_and_at_least_8_medians,0.0,review_only,2026-04-01,True,False,3325.0,False,monthly_and_transactions_not_reconciled
030200224_,шт,Алматы,2026-04-21,20000040654,900.0,482,180,10.0,105.0,80.0,above_Q3_plus_3IQR_and_at_least_8_medians,0.0,review_only,2026-04-01,True,False,3325.0,False,monthly_and_transactions_not_reconciled
030200224_,шт,Алматы,2026-04-22,20000041379,135.0,486,180,10.0,105.0,80.0,above_Q3_plus_3IQR_and_at_least_8_medians,0.0,review_only,2026-04-01,True,False,3325.0,False,monthly_and_transactions_not_reconciled
030200224_,шт,Алматы,2026-04-27,20000042781,604.0,498,180,10.0,105.0,80.0,above_Q3_plus_3IQR_and_at_least_8_medians,0.0,review_only,2026-04-01,True,False,3325.0,False,monthly_and_transactions_not_reconciled
030200224_,шт,Алматы,2026-04-29,20000043970,210.0,500,180,10.0,105.0,80.0,above_Q3_plus_3IQR_and_at_least_8_medians,0.0,review_only,2026-04-01,True,False,3325.0,False,monthly_and_transactions_not_reconciled
030200224_,шт,Алматы,2026-05-05,20000046186,150.0,501,180,10.0,105.0,80.0,above_Q3_plus_3IQR_and_at_least_8_medians,0.0,review_only,2026-05-01,True,False,1528.0,False,monthly_and_transactions_not_reconciled
030200224_,шт,Алматы,2026-05-08,20000048219,180.0,513,180,10.0,105.0,80.0,above_Q3_plus_3IQR_and_at_least_8_medians,0.0,review_only,2026-05-01,True,False,1528.0,False,monthly_and_transactions_not_reconciled
030200224_,шт,Алматы,2026-05-15,20000050457,1800.0,501,180,10.0,105.0,80.0,above_Q3_plus_3IQR_and_at_least_8_medians,0.0,review_only,2026-05-01,True,False,1528.0,False,monthly_and_transactions_not_reconciled
030200224_,шт,Алматы,2026-05-25,20000054525,1080.0,493,180,10.0,108.0,80.0,above_Q3_plus_3IQR_and_at_least_8_medians,0.0,review_only,2026-05-01,True,False,1528.0,False,monthly_and_transactions_not_reconciled
030200224_,шт,Алматы,2026-06-05,20000059859,90.0,510,180,10.0,88.0,80.0,above_Q3_plus_3IQR_and_at_least_8_medians,0.0,review_only,2026-06-01,True,False,2836.0,False,monthly_and_transactions_not_reconciled
030200224_,шт,Алматы,2026-06-08,20000060916,1170.0,510,180,10.0,88.0,80.0,above_Q3_plus_3IQR_and_at_least_8_medians,0.0,review_only,2026-06-01,True,False,2836.0,False,monthly_and_transactions_not_reconciled
030200224_,шт,Алматы,2026-06-09,30000001610,900.0,521,180,10.0,88.0,80.0,above_Q3_plus_3IQR_and_at_least_8_medians,0.0,review_only,2026-06-01,True,False,2836.0,False,monthly_and_transactions_not_reconciled
030200224_,шт,Алматы,2026-06-13,20000062731,200.0,535,180,10.0,88.0,80.0,above_Q3_plus_3IQR_and_at_least_8_medians,0.0,review_only,2026-06-01,True,False,2836.0,False,monthly_and_transactions_not_reconciled
030200224_,шт,Алматы,2026-06-16,20000063361,106.0,537,180,10.0,76.0,80.0,above_Q3_plus_3IQR_and_at_least_8_medians,0.0,review_only,2026-06-01,True,False,2836.0,False,monthly_and_transactions_not_reconciled
030200224_,шт,Алматы,2026-06-17,20000064840,190.0,541,180,10.0,72.0,80.0,above_Q3_plus_3IQR_and_at_least_8_medians,0.0,review_only,2026-06-01,True,False,2836.0,False,monthly_and_transactions_not_reconciled
030200224_,шт,Алматы,2026-06-18,20000065170,400.0,544,180,10.0,69.0,80.0,above_Q3_plus_3IQR_and_at_least_8_medians,0.0,review_only,2026-06-01,True,False,2836.0,False,monthly_and_transactions_not_reconciled
030200224_,шт,Алматы,2026-06-20,20000066568,90.0,551,180,10.0,68.0,80.0,above_Q3_plus_3IQR_and_at_least_8_medians,0.0,review_only,2026-06-01,True,False,2836.0,False,monthly_and_transactions_not_reconciled
030200224_,шт,Алматы,2026-06-22,20000067047,90.0,546,180,10.0,68.0,80.0,above_Q3_plus_3IQR_and_at_least_8_medians,0.0,review_only,2026-06-01,True,False,2836.0,False,monthly_and_transactions_not_reconciled
030200224_,шт,Алматы,2026-06-24,20000068558,90.0,552,180,10.0,68.0,80.0,above_Q3_plus_3IQR_and_at_least_8_medians,0.0,review_only,2026-06-01,True,False,2836.0,False,monthly_and_transactions_not_reconciled
030200224_,шт,Алматы,2026-06-24,20000068754,180.0,552,180,10.0,68.0,80.0,above_Q3_plus_3IQR_and_at_least_8_medians,0.0,review_only,2026-06-01,True,False,2836.0,False,monthly_and_transactions_not_reconciled
030200224_,шт,Алматы,2026-06-25,20000069291,100.0,555,180,10.0,80.0,80.0,above_Q3_plus_3IQR_and_at_least_8_medians,0.0,review_only,2026-06-01,True,False,2836.0,False,monthly_and_transactions_not_reconciled
030200224_,шт,Алматы,2026-07-03,20000073235,450.0,590,180,10.0,68.0,80.0,above_Q3_plus_3IQR_and_at_least_8_medians,0.0,review_only,2026-07-01,True,False,3179.0,False,monthly_and_transactions_not_reconciled
030200224_,шт,Алматы,2026-07-07,30000001863,1800.0,596,180,10.0,68.0,80.0,above_Q3_plus_3IQR_and_at_least_8_medians,0.0,review_only,2026-07-01,True,False,3179.0,False,monthly_and_transactions_not_reconciled
030200224_,шт,Алматы,2026-07-09,20000075174,86.0,604,180,10.0,68.0,80.0,above_Q3_plus_3IQR_and_at_least_8_medians,0.0,review_only,2026-07-01,True,False,3179.0,False,monthly_and_transactions_not_reconciled
030200224_,шт,Алматы,2026-07-09,20000075296,450.0,604,180,10.0,68.0,80.0,above_Q3_plus_3IQR_and_at_least_8_medians,0.0,review_only,2026-07-01,True,False,3179.0,False,monthly_and_transactions_not_reconciled
030200224_,шт,Алматы,2026-07-10,20000075848,100.0,608,180,10.0,68.0,80.0,above_Q3_plus_3IQR_and_at_least_8_medians,0.0,review_only,2026-07-01,True,False,3179.0,False,monthly_and_transactions_not_reconciled
030200224_,шт,Алматы,2026-07-13,20000076746,681.0,608,180,10.0,69.0,80.0,above_Q3_plus_3IQR_and_at_least_8_medians,0.0,review_only,2026-07-01,True,False,3179.0,False,monthly_and_transactions_not_reconciled
030200224_,шт,Алматы,2026-07-16,20000078353,80.0,609,180,10.0,68.0,80.0,above_Q3_plus_3IQR_and_at_least_8_medians,0.0,review_only,2026-07-01,True,False,3179.0,False,monthly_and_transactions_not_reconciled
030200224_,шт,Алматы,2026-07-23,30000002051,450.0,622,180,10.0,68.0,80.0,above_Q3_plus_3IQR_and_at_least_8_medians,0.0,review_only,2026-07-01,True,False,3179.0,False,monthly_and_transactions_not_reconciled
030200224_,шт,Алматы,2026-07-24,20000082643,100.0,631,180,10.0,68.0,80.0,above_Q3_plus_3IQR_and_at_least_8_medians,0.0,review_only,2026-07-01,True,False,3179.0,False,monthly_and_transactions_not_reconciled
030200224_,шт,Алматы,2026-08-01,20000085466,200.0,637,180,10.0,68.0,80.0,above_Q3_plus_3IQR_and_at_least_8_medians,0.0,review_only,2026-08-01,True,False,2076.0,False,monthly_and_transactions_not_reconciled
030200224_,шт,Алматы,2026-08-04,20000087320,90.0,633,180,10.0,68.0,80.0,above_Q3_plus_3IQR_and_at_least_8_medians,0.0,review_only,2026-08-01,True,False,2076.0,False,monthly_and_transactions_not_reconciled
030200224_,шт,Алматы,2026-08-06,20000088426,100.0,640,180,10.0,68.0,80.0,above_Q3_plus_3IQR_and_at_least_8_medians,0.0,review_only,2026-08-01,True,False,2076.0,False,monthly_and_transactions_not_reconciled
030200224_,шт,Алматы,2026-08-10,20000090151,450.0,636,180,10.0,68.0,80.0,above_Q3_plus_3IQR_and_at_least_8_medians,0.0,review_only,2026-08-01,True,False,2076.0,False,monthly_and_transactions_not_reconciled
030200224_,шт,Алматы,2026-08-13,20000092230,100.0,629,180,10.0,68.0,80.0,above_Q3_plus_3IQR_and_at_least_8_medians,0.0,review_only,2026-08-01,True,False,2076.0,False,monthly_and_transactions_not_reconciled
030200224_,шт,Алматы,2026-08-24,20000097297,1125.0,644,180,10.0,68.0,80.0,above_Q3_plus_3IQR_and_at_least_8_medians,0.0,review_only,2026-08-01,True,False,2076.0,False,monthly_and_transactions_not_reconciled
030200224_,шт,Алматы,2026-08-25,20000096858,100.0,649,180,10.0,68.0,80.0,above_Q3_plus_3IQR_and_at_least_8_medians,0.0,review_only,2026-08-01,True,False,2076.0,False,monthly_and_transactions_not_reconciled
030200224_,шт,Алматы,2026-08-26,20000098193,80.0,656,180,10.0,68.0,80.0,above_Q3_plus_3IQR_and_at_least_8_medians,0.0,review_only,2026-08-01,True,False,2076.0,False,monthly_and_transactions_not_reconciled
030200224_,шт,Алматы,2026-08-27,30000002392,1800.0,658,180,10.0,68.0,80.0,above_Q3_plus_3IQR_and_at_least_8_medians,0.0,review_only,2026-08-01,True,False,2076.0,False,monthly_and_transactions_not_reconciled
030200224_,шт,Алматы,2026-09-01,20000100859,100.0,657,180,9.0,68.0,72.0,above_Q3_plus_3IQR_and_at_least_8_medians,0.0,review_only,2026-09-01,,,,False,monthly_and_transactions_not_reconciled
030200224_,шт,Алматы,2026-09-02,20000101838,450.0,653,180,9.0,68.0,72.0,above_Q3_plus_3IQR_and_at_least_8_medians,0.0,review_only,2026-09-01,,,,False,monthly_and_transactions_not_reconciled
030200224_,шт,Алматы,2026-09-03,20000102080,100.0,655,180,9.0,68.0,72.0,above_Q3_plus_3IQR_and_at_least_8_medians,0.0,review_only,2026-09-01,,,,False,monthly_and_transactions_not_reconciled
030200224_,шт,Алматы,2026-09-07,20000103774,270.0,658,180,9.0,68.0,72.0,above_Q3_plus_3IQR_and_at_least_8_medians,0.0,review_only,2026-09-01,,,,False,monthly_and_transactions_not_reconciled
030200224_,шт,Алматы,2026-09-09,20000104983,200.0,664,180,9.0,68.0,72.0,above_Q3_plus_3IQR_and_at_least_8_medians,0.0,review_only,2026-09-01,,,,False,monthly_and_transactions_not_reconciled
030200224_,шт,Алматы,2026-09-11,20000105553,100.0,671,180,10.0,68.0,80.0,above_Q3_plus_3IQR_and_at_least_8_medians,0.0,review_only,2026-09-01,,,,False,monthly_and_transactions_not_reconciled
030200224_,шт,Алматы,2026-09-11,20000105663,100.0,671,180,10.0,68.0,80.0,above_Q3_plus_3IQR_and_at_least_8_medians,0.0,review_only,2026-09-01,,,,False,monthly_and_transactions_not_reconciled
030200224_,шт,Алматы,2026-09-21,20000110903,630.0,691,180,8.0,68.0,64.0,above_Q3_plus_3IQR_and_at_least_8_medians,0.0,review_only,2026-09-01,,,,False,monthly_and_transactions_not_reconciled
030200225_,шт,Алматы,2025-02-03,20000010670,720.0,22,180,20.0,262.5,160.0,above_Q3_plus_3IQR_and_at_least_8_medians,0.0,review_only,2025-02-01,True,False,1463.0,False,monthly_and_transactions_not_reconciled
030200225_,шт,Алматы,2025-02-03,20000010675,504.0,22,180,20.0,262.5,160.0,above_Q3_plus_3IQR_and_at_least_8_medians,0.0,review_only,2025-02-01,True,False,1463.0,False,monthly_and_transactions_not_reconciled
030200225_,шт,Алматы,2025-02-03,30000000355,936.0,22,180,20.0,262.5,160.0,above_Q3_plus_3IQR_and_at_least_8_medians,0.0,review_only,2025-02-01,True,False,1463.0,False,monthly_and_transactions_not_reconciled
030200225_,шт,Алматы,2025-02-24,30000000527,360.0,50,180,14.0,272.25,112.0,above_Q3_plus_3IQR_and_at_least_8_medians,0.0,review_only,2025-02-01,True,False,1463.0,False,monthly_and_transactions_not_reconciled
030200225_,шт,Алматы,2025-02-27,20000019800,300.0,56,180,14.0,273.0,112.0,above_Q3_plus_3IQR_and_at_least_8_medians,0.0,review_only,2025-02-01,True,False,1463.0,False,monthly_and_transactions_not_reconciled
030200225_,шт,Алматы,2025-03-04,20000021546,1800.0,64,180,10.0,273.0,80.0,above_Q3_plus_3IQR_and_at_least_8_medians,0.0,review_only,2025-03-01,True,False,611.0,False,monthly_and_transactions_not_reconciled
030200225_,шт,Алматы,2025-03-14,20000025050,432.0,73,180,10.0,273.0,80.0,above_Q3_plus_3IQR_and_at_least_8_medians,0.0,review_only,2025-03-01,True,False,611.0,False,monthly_and_transactions_not_reconciled
030200225_,шт,Алматы,2025-03-26,30000000709,3960.0,84,180,10.0,273.0,80.0,above_Q3_plus_3IQR_and_at_least_8_medians,0.0,review_only,2025-03-01,True,False,611.0,False,monthly_and_transactions_not_reconciled
030200225_,шт,Алматы,2025-04-15,20000036278,432.0,101,180,10.0,273.0,80.0,above_Q3_plus_3IQR_and_at_least_8_medians,0.0,review_only,2025-04-01,True,False,1011.0,False,monthly_and_transactions_not_reconciled
030200225_,шт,Алматы,2025-04-25,20000041189,2160.0,116,180,10.0,267.0,80.0,above_Q3_plus_3IQR_and_at_least_8_medians,0.0,review_only,2025-04-01,True,False,1011.0,False,monthly_and_transactions_not_reconciled
030200225_,шт,Алматы,2025-05-15,20000048330,936.0,133,180,10.0,273.0,80.0,above_Q3_plus_3IQR_and_at_least_8_medians,0.0,review_only,2025-05-01,True,False,968.0,False,monthly_and_transactions_not_reconciled
030200225_,шт,Алматы,2025-06-12,20000060529,1584.0,164,180,10.0,270.75,80.0,above_Q3_plus_3IQR_and_at_least_8_medians,0.0,review_only,2025-06-01,True,False,1535.0,False,monthly_and_transactions_not_reconciled
030200225_,шт,Алматы,2025-06-20,20000064187,360.0,173,180,15.0,270.0,120.0,above_Q3_plus_3IQR_and_at_least_8_medians,0.0,review_only,2025-06-01,True,False,1535.0,False,monthly_and_transactions_not_reconciled
030200225_,шт,Алматы,2025-06-25,20000066254,864.0,179,180,15.0,270.0,120.0,above_Q3_plus_3IQR_and_at_least_8_medians,0.0,review_only,2025-06-01,True,False,1535.0,False,monthly_and_transactions_not_reconciled
030200225_,шт,Алматы,2025-08-05,20000083169,360.0,192,180,10.0,191.0,80.0,above_Q3_plus_3IQR_and_at_least_8_medians,0.0,review_only,2025-08-01,True,False,777.0,False,monthly_and_transactions_not_reconciled
030200225_,шт,Алматы,2025-08-09,20000085319,200.0,197,180,10.0,185.0,80.0,above_Q3_plus_3IQR_and_at_least_8_medians,0.0,review_only,2025-08-01,True,False,777.0,False,monthly_and_transactions_not_reconciled
030200225_,шт,Алматы,2025-08-11,30000032809,720.0,196,180,10.0,185.0,80.0,above_Q3_plus_3IQR_and_at_least_8_medians,0.0,review_only,2025-08-01,True,False,777.0,False,monthly_and_transactions_not_reconciled
030200225_,шт,Алматы,2025-08-13,20000087093,3024.0,198,180,10.0,264.25,80.0,above_Q3_plus_3IQR_and_at_least_8_medians,0.0,review_only,2025-08-01,True,False,777.0,False,monthly_and_transactions_not_reconciled
030200225_,шт,Алматы,2025-08-13,20000087097,360.0,198,180,10.0,264.25,80.0,above_Q3_plus_3IQR_and_at_least_8_medians,0.0,review_only,2025-08-01,True,False,777.0,False,monthly_and_transactions_not_reconciled
030200225_,шт,Алматы,2025-09-03,20000095778,900.0,186,180,11.0,182.0,88.0,above_Q3_plus_3IQR_and_at_least_8_medians,0.0,review_only,2025-09-01,True,False,2648.0,False,monthly_and_transactions_not_reconciled
030200225_,шт,Алматы,2025-09-05,20000096768,380.0,189,180,12.0,182.0,96.0,above_Q3_plus_3IQR_and_at_least_8_medians,0.0,review_only,2025-09-01,True,False,2648.0,False,monthly_and_transactions_not_reconciled
030200225_,шт,Алматы,2025-09-23,30000033121,720.0,196,180,12.0,270.0,96.0,above_Q3_plus_3IQR_and_at_least_8_medians,0.0,review_only,2025-09-01,True,False,2648.0,False,monthly_and_transactions_not_reconciled
030200225_,шт,Алматы,2025-09-26,20000106619,1224.0,200,180,12.0,270.0,96.0,above_Q3_plus_3IQR_and_at_least_8_medians,0.0,review_only,2025-09-01,True,False,2648.0,False,monthly_and_transactions_not_reconciled
030200225_,шт,Алматы,2025-09-26,20000106623,432.0,200,180,12.0,270.0,96.0,above_Q3_plus_3IQR_and_at_least_8_medians,0.0,review_only,2025-09-01,True,False,2648.0,False,monthly_and_transactions_not_reconciled
030200225_,шт,Алматы,2025-10-28,30000033406,720.0,211,180,12.0,267.5,96.0,above_Q3_plus_3IQR_and_at_least_8_medians,0.0,review_only,2025-10-01,True,False,1369.0,False,monthly_and_transactions_not_reconciled
030200225_,шт,Алматы,2025-11-01,20000122482,366.0,215,180,12.0,267.5,96.0,above_Q3_plus_3IQR_and_at_least_8_medians,0.0,review_only,2025-11-01,True,False,3541.0,False,monthly_and_transactions_not_reconciled
030200225_,шт,Алматы,2025-11-05,30000033483,720.0,217,180,12.0,270.0,96.0,above_Q3_plus_3IQR_and_at_least_8_medians,0.0,review_only,2025-11-01,True,False,3541.0,False,monthly_and_transactions_not_reconciled
030200225_,шт,Алматы,2025-11-12,20000127533,1000.0,218,180,12.0,270.0,96.0,above_Q3_plus_3IQR_and_at_least_8_medians,0.0,review_only,2025-11-01,True,False,3541.0,False,monthly_and_transactions_not_reconciled
030200225_,шт,Алматы,2025-11-22,20000132162,600.0,218,180,13.5,270.0,108.0,above_Q3_plus_3IQR_and_at_least_8_medians,0.0,review_only,2025-11-01,True,False,3541.0,False,monthly_and_transactions_not_reconciled
030200225_,шт,Алматы,2025-11-28,20000134832,1368.0,214,180,15.0,270.0,120.0,above_Q3_plus_3IQR_and_at_least_8_medians,0.0,review_only,2025-11-01,True,False,3541.0,False,monthly_and_transactions_not_reconciled
030200225_,шт,Алматы,2025-12-01,30000033833,720.0,218,180,17.5,270.0,140.0,above_Q3_plus_3IQR_and_at_least_8_medians,0.0,review_only,2025-12-01,True,False,715.0,False,monthly_and_transactions_not_reconciled
030200225_,шт,Алматы,2025-12-08,20000139291,360.0,218,180,15.0,270.0,120.0,above_Q3_plus_3IQR_and_at_least_8_medians,0.0,review_only,2025-12-01,True,False,715.0,False,monthly_and_transactions_not_reconciled
030200225_,шт,Алматы,2025-12-11,20000140922,1440.0,218,180,15.0,270.0,120.0,above_Q3_plus_3IQR_and_at_least_8_medians,0.0,review_only,2025-12-01,True,False,715.0,False,monthly_and_transactions_not_reconciled
030200225_,шт,Алматы,2025-12-17,20000143544,288.0,215,180,15.0,270.0,120.0,above_Q3_plus_3IQR_and_at_least_8_medians,0.0,review_only,2025-12-01,True,False,715.0,False,monthly_and_transactions_not_reconciled
030200225_,шт,Алматы,2026-01-27,20000008889,432.0,207,180,20.0,270.0,160.0,above_Q3_plus_3IQR_and_at_least_8_medians,0.0,review_only,2026-01-01,True,False,1119.0,False,monthly_and_transactions_not_reconciled
030200225_,шт,Алматы,2026-02-11,20000014928,1296.0,196,180,20.0,270.0,160.0,above_Q3_plus_3IQR_and_at_least_8_medians,0.0,review_only,2026-02-01,True,False,131.0,False,monthly_and_transactions_not_reconciled
030200225_,шт,Алматы,2026-02-25,20000020178,1440.0,193,180,20.0,270.0,160.0,above_Q3_plus_3IQR_and_at_least_8_medians,0.0,review_only,2026-02-01,True,False,131.0,False,monthly_and_transactions_not_reconciled
030200225_,шт,Алматы,2026-03-03,20000022809,360.0,190,180,20.0,270.0,160.0,above_Q3_plus_3IQR_and_at_least_8_medians,0.0,review_only,2026-03-01,True,False,464.0,False,monthly_and_transactions_not_reconciled
030200225_,шт,Алматы,2026-03-10,20000024662,720.0,187,180,20.0,271.5,160.0,above_Q3_plus_3IQR_and_at_least_8_medians,0.0,review_only,2026-03-01,True,False,464.0,False,monthly_and_transactions_not_reconciled
030200225_,шт,Алматы,2026-03-26,30000000725,360.0,170,180,20.0,270.0,160.0,above_Q3_plus_3IQR_and_at_least_8_medians,0.0,review_only,2026-03-01,True,False,464.0,False,monthly_and_transactions_not_reconciled
030200225_,шт,Алматы,2026-04-01,20000032184,300.0,169,180,20.0,270.0,160.0,above_Q3_plus_3IQR_and_at_least_8_medians,0.0,review_only,2026-04-01,True,False,3164.0,False,monthly_and_transactions_not_reconciled
030200225_,шт,Алматы,2026-04-06,20000034026,823.0,172,180,20.0,270.0,160.0,above_Q3_plus_3IQR_and_at_least_8_medians,0.0,review_only,2026-04-01,True,False,3164.0,False,monthly_and_transactions_not_reconciled
030200225_,шт,Алматы,2026-04-13,20000037028,500.0,163,180,20.0,264.0,160.0,above_Q3_plus_3IQR_and_at_least_8_medians,0.0,review_only,2026-04-01,True,False,3164.0,False,monthly_and_transactions_not_reconciled
030200225_,шт,Алматы,2026-04-21,20000040690,350.0,165,180,20.0,264.0,160.0,above_Q3_plus_3IQR_and_at_least_8_medians,0.0,review_only,2026-04-01,True,False,3164.0,False,monthly_and_transactions_not_reconciled
030200225_,шт,Алматы,2026-04-29,20000044513,288.0,166,180,20.0,264.0,160.0,above_Q3_plus_3IQR_and_at_least_8_medians,0.0,review_only,2026-04-01,True,False,3164.0,False,monthly_and_transactions_not_reconciled
030200225_,шт,Алматы,2026-05-04,20000046240,2448.0,162,180,20.0,264.0,160.0,above_Q3_plus_3IQR_and_at_least_8_medians,0.0,review_only,2026-05-01,True,False,1614.0,False,monthly_and_transactions_not_reconciled
030200225_,шт,Алматы,2026-05-25,20000054525,1368.0,166,180,20.0,270.0,160.0,above_Q3_plus_3IQR_and_at_least_8_medians,0.0,review_only,2026-05-01,True,False,1614.0,False,monthly_and_transactions_not_reconciled
030200225_,шт,Алматы,2026-05-28,20000056045,475.0,160,180,20.0,270.0,160.0,above_Q3_plus_3IQR_and_at_least_8_medians,0.0,review_only,2026-05-01,True,False,1614.0,False,monthly_and_transactions_not_reconciled
030200225_,шт,Алматы,2026-06-05,20000059703,490.0,159,180,20.0,270.0,160.0,above_Q3_plus_3IQR_and_at_least_8_medians,0.0,review_only,2026-06-01,True,False,1940.0,False,monthly_and_transactions_not_reconciled
030200225_,шт,Алматы,2026-06-09,20000061178,274.0,163,180,20.0,270.0,160.0,above_Q3_plus_3IQR_and_at_least_8_medians,0.0,review_only,2026-06-01,True,False,1940.0,False,monthly_and_transactions_not_reconciled
030200225_,шт,Алматы,2026-07-03,20000073235,360.0,173,180,20.0,270.0,160.0,above_Q3_plus_3IQR_and_at_least_8_medians,0.0,review_only,2026-07-01,True,False,1797.0,False,monthly_and_transactions_not_reconciled
030200225_,шт,Алматы,2026-07-03,20000073273,2016.0,173,180,20.0,270.0,160.0,above_Q3_plus_3IQR_and_at_least_8_medians,0.0,review_only,2026-07-01,True,False,1797.0,False,monthly_and_transactions_not_reconciled
030200225_,шт,Алматы,2026-07-07,30000001863,720.0,174,180,20.0,270.0,160.0,above_Q3_plus_3IQR_and_at_least_8_medians,0.0,review_only,2026-07-01,True,False,1797.0,False,monthly_and_transactions_not_reconciled
030200225_,шт,Алматы,2026-07-21,20000080997,576.0,185,180,20.0,270.0,160.0,above_Q3_plus_3IQR_and_at_least_8_medians,0.0,review_only,2026-07-01,True,False,1797.0,False,monthly_and_transactions_not_reconciled
030200225_,шт,Алматы,2026-07-23,30000002051,720.0,188,180,20.0,270.0,160.0,above_Q3_plus_3IQR_and_at_least_8_medians,0.0,review_only,2026-07-01,True,False,1797.0,False,monthly_and_transactions_not_reconciled
030200225_,шт,Алматы,2026-08-06,20000088661,720.0,196,180,20.0,270.0,160.0,above_Q3_plus_3IQR_and_at_least_8_medians,0.0,review_only,2026-08-01,True,False,1778.0,False,monthly_and_transactions_not_reconciled
030200225_,шт,Алматы,2026-08-10,20000090151,1440.0,199,180,20.0,270.0,160.0,above_Q3_plus_3IQR_and_at_least_8_medians,0.0,review_only,2026-08-01,True,False,1778.0,False,monthly_and_transactions_not_reconciled
030200225_,шт,Алматы,2026-08-24,20000097297,576.0,203,180,20.0,271.5,160.0,above_Q3_plus_3IQR_and_at_least_8_medians,0.0,review_only,2026-08-01,True,False,1778.0,False,monthly_and_transactions_not_reconciled
030200225_,шт,Алматы,2026-08-27,30000002392,1440.0,206,180,20.0,272.25,160.0,above_Q3_plus_3IQR_and_at_least_8_medians,0.0,review_only,2026-08-01,True,False,1778.0,False,monthly_and_transactions_not_reconciled
030200225_,шт,Алматы,2026-09-03,20000102239,450.0,208,180,20.0,270.0,160.0,above_Q3_plus_3IQR_and_at_least_8_medians,0.0,review_only,2026-09-01,,,,False,monthly_and_transactions_not_reconciled
030200225_,шт,Алматы,2026-09-08,20000104206,500.0,212,180,20.0,270.0,160.0,above_Q3_plus_3IQR_and_at_least_8_medians,0.0,review_only,2026-09-01,,,,False,monthly_and_transactions_not_reconciled
030200225_,шт,Алматы,2026-09-22,20000111607,400.0,226,180,20.0,270.0,160.0,above_Q3_plus_3IQR_and_at_least_8_medians,0.0,review_only,2026-09-01,,,,False,monthly_and_transactions_not_reconciled
030200226_,шт,Алматы,2025-07-23,20000077590,900.0,33,180,9.0,159.0,72.0,above_Q3_plus_3IQR_and_at_least_8_medians,0.0,review_only,2025-07-01,True,False,19.0,False,monthly_and_transactions_not_reconciled
030200226_,шт,Алматы,2025-09-26,20000106619,300.0,24,180,9.5,88.75,76.0,above_Q3_plus_3IQR_and_at_least_8_medians,0.0,review_only,2025-09-01,True,False,10.0,False,monthly_and_transactions_not_reconciled
030200226_,шт,Алматы,2025-09-30,30000033182,300.0,24,180,10.0,103.0,80.0,above_Q3_plus_3IQR_and_at_least_8_medians,0.0,review_only,2025-09-01,True,False,10.0,False,monthly_and_transactions_not_reconciled
030200226_,шт,Алматы,2025-11-05,30000033483,150.0,25,180,14.0,145.0,112.0,above_Q3_plus_3IQR_and_at_least_8_medians,0.0,review_only,2025-11-01,True,False,77.0,False,monthly_and_transactions_not_reconciled
030200227_,шт,Алматы,2025-07-10,20000072003,288.0,24,180,20.0,182.75,160.0,above_Q3_plus_3IQR_and_at_least_8_medians,0.0,review_only,2025-07-01,True,False,366.0,False,monthly_and_transactions_not_reconciled
030200227_,шт,Алматы,2025-09-26,20000106619,768.0,39,180,25.0,354.0,200.0,above_Q3_plus_3IQR_and_at_least_8_medians,0.0,review_only,2025-09-01,True,False,82.0,False,monthly_and_transactions_not_reconciled
030200227_,шт,Алматы,2026-02-11,20000014928,384.0,44,180,27.5,170.0,220.0,above_Q3_plus_3IQR_and_at_least_8_medians,0.0,review_only,2026-02-01,True,False,142.0,False,monthly_and_transactions_not_reconciled
030200227_,шт,Алматы,2026-05-15,20000050457,288.0,44,180,26.5,202.0,212.0,above_Q3_plus_3IQR_and_at_least_8_medians,0.0,review_only,2026-05-01,True,False,163.0,False,monthly_and_transactions_not_reconciled
030200227_,шт,Алматы,2026-07-07,30000001863,576.0,38,180,32.5,350.25,260.0,above_Q3_plus_3IQR_and_at_least_8_medians,0.0,review_only,2026-07-01,True,False,712.0,False,monthly_and_transactions_not_reconciled
030200227_,шт,Алматы,2026-07-30,20000085381,400.0,37,180,35.0,354.0,280.0,above_Q3_plus_3IQR_and_at_least_8_medians,0.0,review_only,2026-07-01,True,False,712.0,False,monthly_and_transactions_not_reconciled
030200239_,шт,Алматы,2025-03-26,30000000709,5600.0,19,180,112.0,305.5,896.0,above_Q3_plus_3IQR_and_at_least_8_medians,0.0,review_only,2025-03-01,False,False,,False,monthly_and_transactions_not_reconciled
030200239_,шт,Алматы,2025-07-29,20000080030,2240.0,18,180,112.0,560.0,896.0,above_Q3_plus_3IQR_and_at_least_8_medians,0.0,review_only,2025-07-01,False,False,,False,monthly_and_transactions_not_reconciled
030200239_,шт,Алматы,2025-08-11,30000032809,1120.0,19,180,112.0,784.0,896.0,above_Q3_plus_3IQR_and_at_least_8_medians,0.0,review_only,2025-08-01,False,False,,False,monthly_and_transactions_not_reconciled
030200240_,шт,Алматы,2025-02-10,30000000401,840.0,20,180,17.0,145.5,136.0,above_Q3_plus_3IQR_and_at_least_8_medians,0.0,review_only,2025-02-01,True,False,93.0,False,monthly_and_transactions_not_reconciled
030200240_,шт,Алматы,2025-02-12,20000014330,672.0,21,180,20.0,306.0,160.0,above_Q3_plus_3IQR_and_at_least_8_medians,0.0,review_only,2025-02-01,True,False,93.0,False,monthly_and_transactions_not_reconciled
030200240_,шт,Алматы,2025-03-11,30000000626,2136.0,27,180,20.0,245.0,160.0,above_Q3_plus_3IQR_and_at_least_8_medians,0.0,review_only,2025-03-01,True,False,15.0,False,monthly_and_transactions_not_reconciled
030200240_,шт,Алматы,2025-03-12,20000024402,504.0,28,180,20.0,313.5,160.0,above_Q3_plus_3IQR_and_at_least_8_medians,0.0,review_only,2025-03-01,True,False,15.0,False,monthly_and_transactions_not_reconciled
030200240_,шт,Алматы,2025-08-01,20000081919,1344.0,24,180,84.0,1149.0,672.0,above_Q3_plus_3IQR_and_at_least_8_medians,0.0,review_only,2025-08-01,False,False,,False,monthly_and_transactions_not_reconciled
030200247_,шт,Алматы,2025-09-29,20000106979,20.0,8,180,2.5,19.0,20.0,above_Q3_plus_3IQR_and_at_least_8_medians,0.0,review_only,2025-09-01,True,True,22.0,True,quantity_matches_but_scope_customer_and_exception_not_confirmed
030201459_,шт,Алматы,2026-05-29,20000056201,500.0,67,180,30.0,450.0,240.0,above_Q3_plus_3IQR_and_at_least_8_medians,0.0,review_only,2026-05-01,True,False,4717.0,False,monthly_and_transactions_not_reconciled
030201459_,шт,Алматы,2026-06-12,20000062648,1350.0,102,180,30.0,440.0,240.0,above_Q3_plus_3IQR_and_at_least_8_medians,0.0,review_only,2026-06-01,True,True,6747.0,True,quantity_matches_but_scope_customer_and_exception_not_confirmed
030201459_,шт,Алматы,2026-06-27,20000069998,1200.0,130,180,32.5,450.0,260.0,above_Q3_plus_3IQR_and_at_least_8_medians,0.0,review_only,2026-06-01,True,True,6747.0,True,quantity_matches_but_scope_customer_and_exception_not_confirmed
030201459_,шт,Алматы,2026-07-20,20000079062,600.0,172,180,30.0,450.0,240.0,above_Q3_plus_3IQR_and_at_least_8_medians,0.0,review_only,2026-07-01,True,False,4209.0,False,monthly_and_transactions_not_reconciled
030201459_,шт,Алматы,2026-08-18,20000093658,600.0,237,180,30.0,410.0,240.0,above_Q3_plus_3IQR_and_at_least_8_medians,0.0,review_only,2026-08-01,True,False,3754.0,False,monthly_and_transactions_not_reconciled
030201459_,шт,Алматы,2026-08-29,20000100019,400.0,264,180,30.0,370.0,240.0,above_Q3_plus_3IQR_and_at_least_8_medians,0.0,review_only,2026-08-01,True,False,3754.0,False,monthly_and_transactions_not_reconciled
030201459_,шт,Алматы,2026-09-17,20000109026,600.0,307,180,25.0,370.0,200.0,above_Q3_plus_3IQR_and_at_least_8_medians,0.0,review_only,2026-09-01,,,,False,monthly_and_transactions_not_reconciled
030300013_,шт,Алматы,2025-03-27,20000029103,6480.0,10,180,70.0,722.5,560.0,above_Q3_plus_3IQR_and_at_least_8_medians,0.0,review_only,2025-03-01,True,False,108.0,False,monthly_and_transactions_not_reconciled
030300013_,шт,Алматы,2025-06-18,20000063189,10908.0,14,180,100.0,730.5,800.0,above_Q3_plus_3IQR_and_at_least_8_medians,0.0,review_only,2025-06-01,False,False,,False,monthly_and_transactions_not_reconciled
030300013_,шт,Алматы,2025-07-10,20000072003,4536.0,18,180,104.0,838.5,832.0,above_Q3_plus_3IQR_and_at_least_8_medians,0.0,review_only,2025-07-01,True,False,3.0,False,monthly_and_transactions_not_reconciled
030300013_,шт,Алматы,2025-10-15,20000114980,5184.0,12,180,160.5,4873.5,1284.0,above_Q3_plus_3IQR_and_at_least_8_medians,0.0,review_only,2025-10-01,True,False,80.0,False,monthly_and_transactions_not_reconciled
030300013_,шт,Алматы,2026-06-08,20000060916,6912.0,8,180,108.0,3564.0,864.0,above_Q3_plus_3IQR_and_at_least_8_medians,0.0,review_only,2026-06-01,False,False,,False,monthly_and_transactions_not_reconciled
030300014_,шт,Алматы,2025-03-27,20000029103,7112.0,14,180,300.0,6570.5,2400.0,above_Q3_plus_3IQR_and_at_least_8_medians,0.0,review_only,2025-03-01,True,False,1814.0,False,monthly_and_transactions_not_reconciled
030300014_,шт,Алматы,2025-05-06,20000044832,7280.0,23,180,300.0,6451.0,2400.0,above_Q3_plus_3IQR_and_at_least_8_medians,0.0,review_only,2025-05-01,True,False,1395.0,False,monthly_and_transactions_not_reconciled
030300014_,шт,Алматы,2025-05-15,20000048330,12768.0,27,180,300.0,6382.0,2400.0,above_Q3_plus_3IQR_and_at_least_8_medians,0.0,review_only,2025-05-01,True,False,1395.0,False,monthly_and_transactions_not_reconciled
030300014_,шт,Алматы,2025-06-18,20000063189,14672.0,33,180,230.0,6104.0,1840.0,above_Q3_plus_3IQR_and_at_least_8_medians,0.0,review_only,2025-06-01,False,False,,False,monthly_and_transactions_not_reconciled
030300014_,шт,Алматы,2025-07-29,20000080425,30240.0,41,180,200.0,6328.0,1600.0,above_Q3_plus_3IQR_and_at_least_8_medians,0.0,review_only,2025-07-01,True,False,601.0,False,monthly_and_transactions_not_reconciled
030300014_,шт,Алматы,2025-08-05,20000083165,5600.0,40,180,200.0,3256.0,1600.0,above_Q3_plus_3IQR_and_at_least_8_medians,0.0,review_only,2025-08-01,True,False,361.0,False,monthly_and_transactions_not_reconciled
030300014_,шт,Алматы,2025-08-29,20000094512,5600.0,41,180,230.0,2968.0,1840.0,above_Q3_plus_3IQR_and_at_least_8_medians,0.0,review_only,2025-08-01,True,False,361.0,False,monthly_and_transactions_not_reconciled
030300014_,шт,Алматы,2025-09-19,20000102969,5600.0,38,180,215.0,5486.5,1720.0,above_Q3_plus_3IQR_and_at_least_8_medians,0.0,review_only,2025-09-01,True,False,241.0,False,monthly_and_transactions_not_reconciled
030300014_,шт,Алматы,2025-11-21,20000131623,5600.0,31,180,224.0,2520.0,1792.0,above_Q3_plus_3IQR_and_at_least_8_medians,0.0,review_only,2025-11-01,True,False,324.0,False,monthly_and_transactions_not_reconciled
030300014_,шт,Алматы,2026-02-20,20000018749,4480.0,23,180,224.0,1624.5,1792.0,above_Q3_plus_3IQR_and_at_least_8_medians,0.0,review_only,2026-02-01,True,False,506.0,False,monthly_and_transactions_not_reconciled
030300014_,шт,Алматы,2026-03-03,20000022782,3360.0,22,180,196.0,1378.25,1568.0,above_Q3_plus_3IQR_and_at_least_8_medians,0.0,review_only,2026-03-01,True,False,260.0,False,monthly_and_transactions_not_reconciled
030300014_,шт,Алматы,2026-03-27,20000030355,2240.0,21,180,160.0,1432.0,1280.0,above_Q3_plus_3IQR_and_at_least_8_medians,0.0,review_only,2026-03-01,True,False,260.0,False,monthly_and_transactions_not_reconciled
030300014_,шт,Алматы,2026-04-13,20000037441,7000.0,22,180,164.0,1732.0,1312.0,above_Q3_plus_3IQR_and_at_least_8_medians,0.0,review_only,2026-04-01,True,False,392.0,False,monthly_and_transactions_not_reconciled
030300014_,шт,Алматы,2026-05-04,20000046240,6776.0,21,180,168.0,3192.0,1344.0,above_Q3_plus_3IQR_and_at_least_8_medians,0.0,review_only,2026-05-01,True,False,1.0,False,monthly_and_transactions_not_reconciled
030300014_,шт,Алматы,2026-05-25,20000054525,7000.0,22,180,234.0,3360.0,1872.0,above_Q3_plus_3IQR_and_at_least_8_medians,0.0,review_only,2026-05-01,True,False,1.0,False,monthly_and_transactions_not_reconciled
030300014_,шт,Алматы,2026-07-21,20000080997,11200.0,31,180,230.0,11032.0,1840.0,above_Q3_plus_3IQR_and_at_least_8_medians,0.0,review_only,2026-07-01,True,False,9.0,False,monthly_and_transactions_not_reconciled
130300026_,шт,Алматы,2025-04-11,20000035320,980.0,16,180,35.0,545.0,280.0,above_Q3_plus_3IQR_and_at_least_8_medians,0.0,review_only,2025-04-01,True,False,57.0,False,monthly_and_transactions_not_reconciled
130300026_,шт,Алматы,2025-07-21,30000032641,700.0,39,180,40.0,411.0,320.0,above_Q3_plus_3IQR_and_at_least_8_medians,0.0,review_only,2025-07-01,True,False,239.0,False,monthly_and_transactions_not_reconciled
130300026_,шт,Алматы,2025-12-24,20000146673,548.0,40,180,40.0,545.75,320.0,above_Q3_plus_3IQR_and_at_least_8_medians,0.0,review_only,2025-12-01,True,False,949.0,False,monthly_and_transactions_not_reconciled
130300026_,шт,Алматы,2026-05-26,20000055337,748.0,22,180,25.0,318.0,200.0,above_Q3_plus_3IQR_and_at_least_8_medians,0.0,review_only,2026-05-01,True,True,765.0,True,quantity_matches_but_scope_customer_and_exception_not_confirmed
130300027_,шт,Алматы,2025-02-19,20000016856,960.0,8,180,107.5,945.0,860.0,above_Q3_plus_3IQR_and_at_least_8_medians,0.0,review_only,2025-02-01,True,False,1245.0,False,monthly_and_transactions_not_reconciled
130300027_,шт,Алматы,2025-05-28,20000053295,674.0,38,180,30.0,500.0,240.0,above_Q3_plus_3IQR_and_at_least_8_medians,0.0,review_only,2025-05-01,True,False,1024.0,False,monthly_and_transactions_not_reconciled
130300027_,шт,Алматы,2025-08-01,20000081919,840.0,58,180,36.0,500.0,288.0,above_Q3_plus_3IQR_and_at_least_8_medians,0.0,review_only,2025-08-01,True,False,849.0,False,monthly_and_transactions_not_reconciled
130300027_,шт,Алматы,2025-08-13,20000087097,840.0,62,180,40.0,500.0,320.0,above_Q3_plus_3IQR_and_at_least_8_medians,0.0,review_only,2025-08-01,True,False,849.0,False,monthly_and_transactions_not_reconciled
130300027_,шт,Алматы,2025-09-24,20000105070,600.0,62,180,46.5,490.0,372.0,above_Q3_plus_3IQR_and_at_least_8_medians,0.0,review_only,2025-09-01,True,False,1344.0,False,monthly_and_transactions_not_reconciled
130300027_,шт,Алматы,2025-10-15,20000114978,1960.0,66,180,52.5,500.0,420.0,above_Q3_plus_3IQR_and_at_least_8_medians,0.0,review_only,2025-10-01,True,False,1479.0,False,monthly_and_transactions_not_reconciled
130300027_,шт,Алматы,2026-06-09,20000061393,1457.0,23,180,40.0,312.0,320.0,above_Q3_plus_3IQR_and_at_least_8_medians,0.0,review_only,2026-06-01,True,True,2233.0,True,quantity_matches_but_scope_customer_and_exception_not_confirmed
130300027_,шт,Алматы,2026-06-23,20000067912,570.0,21,180,40.0,391.0,320.0,above_Q3_plus_3IQR_and_at_least_8_medians,0.0,review_only,2026-06-01,True,True,2233.0,True,quantity_matches_but_scope_customer_and_exception_not_confirmed
130300028_,шт,Алматы,2025-08-07,20000084231,980.0,27,180,68.0,625.0,544.0,above_Q3_plus_3IQR_and_at_least_8_medians,0.0,review_only,2025-08-01,True,False,170.0,False,monthly_and_transactions_not_reconciled
280300174_,шт,Алматы,2025-05-20,30000031967,875.0,40,180,50.0,525.0,400.0,above_Q3_plus_3IQR_and_at_least_8_medians,0.0,review_only,2025-05-01,True,False,480.0,False,monthly_and_transactions_not_reconciled
280300174_,шт,Алматы,2025-06-18,20000063189,2275.0,53,180,50.0,505.0,400.0,above_Q3_plus_3IQR_and_at_least_8_medians,0.0,review_only,2025-06-01,True,False,764.0,False,monthly_and_transactions_not_reconciled
280300174_,шт,Алматы,2025-08-13,20000087093,1400.0,66,180,45.0,651.0,360.0,above_Q3_plus_3IQR_and_at_least_8_medians,0.0,review_only,2025-08-01,True,False,621.0,False,monthly_and_transactions_not_reconciled
280300174_,шт,Алматы,2025-09-26,20000106619,2800.0,69,180,40.0,682.0,320.0,above_Q3_plus_3IQR_and_at_least_8_medians,0.0,review_only,2025-09-01,True,False,959.0,False,monthly_and_transactions_not_reconciled
280300174_,шт,Алматы,2026-02-25,20000020416,1000.0,69,180,20.0,388.0,160.0,above_Q3_plus_3IQR_and_at_least_8_medians,0.0,review_only,2026-02-01,True,False,1411.0,False,monthly_and_transactions_not_reconciled
280300174_,шт,Алматы,2026-03-12,20000025677,880.0,67,180,20.0,388.0,160.0,above_Q3_plus_3IQR_and_at_least_8_medians,0.0,review_only,2026-03-01,True,False,1586.0,False,monthly_and_transactions_not_reconciled
280300174_,шт,Алматы,2026-03-30,20000031245,525.0,65,180,20.0,271.0,160.0,above_Q3_plus_3IQR_and_at_least_8_medians,0.0,review_only,2026-03-01,True,False,1586.0,False,monthly_and_transactions_not_reconciled
280300174_,шт,Алматы,2026-05-04,20000046240,1750.0,61,180,20.0,391.0,160.0,above_Q3_plus_3IQR_and_at_least_8_medians,0.0,review_only,2026-05-01,True,False,535.0,False,monthly_and_transactions_not_reconciled
280300174_,шт,Алматы,2026-06-08,20000060916,1575.0,63,180,10.0,391.0,80.0,above_Q3_plus_3IQR_and_at_least_8_medians,0.0,review_only,2026-06-01,True,False,227.0,False,monthly_and_transactions_not_reconciled
280300174_,шт,Алматы,2026-07-07,30000001863,525.0,68,180,15.0,401.0,120.0,above_Q3_plus_3IQR_and_at_least_8_medians,0.0,review_only,2026-07-01,True,False,1232.0,False,monthly_and_transactions_not_reconciled
280300174_,шт,Алматы,2026-07-14,20000077461,525.0,66,180,20.0,421.0,160.0,above_Q3_plus_3IQR_and_at_least_8_medians,0.0,review_only,2026-07-01,True,False,1232.0,False,monthly_and_transactions_not_reconciled
280300174_,шт,Алматы,2026-07-15,20000077885,1750.0,66,180,20.0,626.0,160.0,above_Q3_plus_3IQR_and_at_least_8_medians,0.0,review_only,2026-07-01,True,False,1232.0,False,monthly_and_transactions_not_reconciled
280300174_,шт,Алматы,2026-07-23,30000002051,700.0,70,180,20.0,688.0,160.0,above_Q3_plus_3IQR_and_at_least_8_medians,0.0,review_only,2026-07-01,True,False,1232.0,False,monthly_and_transactions_not_reconciled
280300174_,шт,Алматы,2026-08-10,20000090072,714.0,73,180,13.0,388.0,104.0,above_Q3_plus_3IQR_and_at_least_8_medians,0.0,review_only,2026-08-01,True,False,1701.0,False,monthly_and_transactions_not_reconciled
300200283_,шт,Алматы,2025-08-27,20000092881,146.0,45,180,8.0,55.0,64.0,above_Q3_plus_3IQR_and_at_least_8_medians,0.0,review_only,2025-08-01,True,False,299.0,False,monthly_and_transactions_not_reconciled
300200284_,шт,Алматы,2025-02-25,20000019019,40.0,26,180,4.0,37.0,32.0,above_Q3_plus_3IQR_and_at_least_8_medians,0.0,review_only,2025-02-01,True,False,117.0,False,monthly_and_transactions_not_reconciled
300200284_,шт,Алматы,2025-03-19,20000026680,40.0,39,180,5.0,37.0,40.0,above_Q3_plus_3IQR_and_at_least_8_medians,0.0,review_only,2025-03-01,True,False,139.0,False,monthly_and_transactions_not_reconciled
300200284_,шт,Алматы,2025-05-15,20000048330,80.0,61,180,5.0,37.0,40.0,above_Q3_plus_3IQR_and_at_least_8_medians,0.0,review_only,2025-05-01,True,False,119.0,False,monthly_and_transactions_not_reconciled
300200284_,шт,Алматы,2025-07-10,20000072003,40.0,83,180,5.0,37.0,40.0,above_Q3_plus_3IQR_and_at_least_8_medians,0.0,review_only,2025-07-01,True,False,68.0,False,monthly_and_transactions_not_reconciled
300200284_,шт,Алматы,2025-11-28,20000134832,40.0,68,180,3.0,34.0,24.0,above_Q3_plus_3IQR_and_at_least_8_medians,0.0,review_only,2025-11-01,True,False,38.0,False,monthly_and_transactions_not_reconciled
300200284_,шт,Алматы,2026-01-14,20000003593,40.0,67,180,3.0,25.0,24.0,above_Q3_plus_3IQR_and_at_least_8_medians,0.0,review_only,2026-01-01,True,False,15.0,False,monthly_and_transactions_not_reconciled
300200284_,шт,Алматы,2026-02-11,20000014872,40.0,64,180,2.0,17.0,16.0,above_Q3_plus_3IQR_and_at_least_8_medians,0.0,review_only,2026-02-01,True,False,28.0,False,monthly_and_transactions_not_reconciled
300200284_,шт,Алматы,2026-03-11,20000024803,20.0,61,180,2.0,17.0,16.0,above_Q3_plus_3IQR_and_at_least_8_medians,0.0,review_only,2026-03-01,True,False,67.0,False,monthly_and_transactions_not_reconciled
300200284_,шт,Алматы,2026-04-20,20000040431,100.0,60,180,3.5,37.0,28.0,above_Q3_plus_3IQR_and_at_least_8_medians,0.0,review_only,2026-04-01,True,False,41.0,False,monthly_and_transactions_not_reconciled
300200284_,шт,Алматы,2026-07-03,20000073273,60.0,52,180,5.5,37.0,44.0,above_Q3_plus_3IQR_and_at_least_8_medians,0.0,review_only,2026-07-01,True,False,45.0,False,monthly_and_transactions_not_reconciled
300200284_,шт,Алматы,2026-08-11,20000090534,40.0,61,180,3.0,37.0,24.0,above_Q3_plus_3IQR_and_at_least_8_medians,0.0,review_only,2026-08-01,True,False,84.0,False,monthly_and_transactions_not_reconciled
300200284_,шт,Алматы,2026-09-21,20000110903,40.0,61,180,2.0,37.0,16.0,above_Q3_plus_3IQR_and_at_least_8_medians,0.0,review_only,2026-09-01,,,,False,monthly_and_transactions_not_reconciled
300200286_,шт,Алматы,2025-01-10,30000000056,320.0,16,180,37.5,95.25,300.0,above_Q3_plus_3IQR_and_at_least_8_medians,0.0,review_only,2025-01-01,True,False,6557.0,False,monthly_and_transactions_not_reconciled
300200286_,шт,Алматы,2025-01-14,20000002776,320.0,35,180,40.0,236.0,320.0,above_Q3_plus_3IQR_and_at_least_8_medians,0.0,review_only,2025-01-01,True,False,6557.0,False,monthly_and_transactions_not_reconciled
300200286_,шт,Алматы,2025-02-03,20000010670,1000.0,111,180,40.0,183.0,320.0,above_Q3_plus_3IQR_and_at_least_8_medians,0.0,review_only,2025-02-01,True,False,6663.0,False,monthly_and_transactions_not_reconciled
300200286_,шт,Алматы,2025-02-11,20000013449,381.0,141,180,35.0,186.0,280.0,above_Q3_plus_3IQR_and_at_least_8_medians,0.0,review_only,2025-02-01,True,False,6663.0,False,monthly_and_transactions_not_reconciled
300200286_,шт,Алматы,2025-02-12,20000014333,300.0,146,180,35.5,186.0,284.0,above_Q3_plus_3IQR_and_at_least_8_medians,0.0,review_only,2025-02-01,True,False,6663.0,False,monthly_and_transactions_not_reconciled
300200286_,шт,Алматы,2025-02-21,20000017829,526.0,178,180,36.5,213.0,292.0,above_Q3_plus_3IQR_and_at_least_8_medians,0.0,review_only,2025-02-01,True,False,6663.0,False,monthly_and_transactions_not_reconciled
300200286_,шт,Алматы,2025-03-07,20000022926,1000.0,223,180,37.0,267.5,296.0,above_Q3_plus_3IQR_and_at_least_8_medians,0.0,review_only,2025-03-01,True,False,5776.0,False,monthly_and_transactions_not_reconciled
300200286_,шт,Алматы,2025-03-13,20000024819,400.0,240,180,36.5,257.0,292.0,above_Q3_plus_3IQR_and_at_least_8_medians,0.0,review_only,2025-03-01,True,False,5776.0,False,monthly_and_transactions_not_reconciled
300200286_,шт,Алматы,2025-03-25,20000027918,320.0,277,180,35.0,221.0,280.0,above_Q3_plus_3IQR_and_at_least_8_medians,0.0,review_only,2025-03-01,True,False,5776.0,False,monthly_and_transactions_not_reconciled
300200286_,шт,Алматы,2025-03-26,30000000709,660.0,283,180,35.0,205.0,280.0,above_Q3_plus_3IQR_and_at_least_8_medians,0.0,review_only,2025-03-01,True,False,5776.0,False,monthly_and_transactions_not_reconciled
300200286_,шт,Алматы,2025-04-01,20000030146,320.0,303,180,36.0,202.5,288.0,above_Q3_plus_3IQR_and_at_least_8_medians,0.0,review_only,2025-04-01,True,False,6383.0,False,monthly_and_transactions_not_reconciled
300200286_,шт,Алматы,2025-04-15,20000036278,800.0,345,180,37.0,263.0,296.0,above_Q3_plus_3IQR_and_at_least_8_medians,0.0,review_only,2025-04-01,True,False,6383.0,False,monthly_and_transactions_not_reconciled
300200286_,шт,Алматы,2025-04-15,20000036282,4580.0,345,180,37.0,263.0,296.0,above_Q3_plus_3IQR_and_at_least_8_medians,0.0,review_only,2025-04-01,True,False,6383.0,False,monthly_and_transactions_not_reconciled
300200286_,шт,Алматы,2025-04-16,20000036939,433.0,355,180,37.0,273.5,296.0,above_Q3_plus_3IQR_and_at_least_8_medians,0.0,review_only,2025-04-01,True,False,6383.0,False,monthly_and_transactions_not_reconciled
300200286_,шт,Алматы,2025-04-25,20000041171,420.0,383,180,39.0,246.0,312.0,above_Q3_plus_3IQR_and_at_least_8_medians,0.0,review_only,2025-04-01,True,False,6383.0,False,monthly_and_transactions_not_reconciled
300200286_,шт,Алматы,2025-05-15,20000048034,446.0,453,180,37.0,227.0,296.0,above_Q3_plus_3IQR_and_at_least_8_medians,0.0,review_only,2025-05-01,True,False,7671.0,False,monthly_and_transactions_not_reconciled
300200286_,шт,Алматы,2025-05-15,20000048330,1580.0,453,180,37.0,227.0,296.0,above_Q3_plus_3IQR_and_at_least_8_medians,0.0,review_only,2025-05-01,True,False,7671.0,False,monthly_and_transactions_not_reconciled
300200286_,шт,Алматы,2025-05-26,20000052818,368.0,499,180,36.0,259.0,288.0,above_Q3_plus_3IQR_and_at_least_8_medians,0.0,review_only,2025-05-01,True,False,7671.0,False,monthly_and_transactions_not_reconciled
300200286_,шт,Алматы,2025-05-30,20000054908,400.0,517,180,37.0,271.0,296.0,above_Q3_plus_3IQR_and_at_least_8_medians,0.0,review_only,2025-05-01,True,False,7671.0,False,monthly_and_transactions_not_reconciled
300200286_,шт,Алматы,2025-06-07,20000057805,300.0,545,180,37.0,275.0,296.0,above_Q3_plus_3IQR_and_at_least_8_medians,0.0,review_only,2025-06-01,True,False,7033.0,False,monthly_and_transactions_not_reconciled
300200286_,шт,Алматы,2025-06-12,20000060308,300.0,566,180,37.0,270.25,296.0,above_Q3_plus_3IQR_and_at_least_8_medians,0.0,review_only,2025-06-01,True,False,7033.0,False,monthly_and_transactions_not_reconciled
300200286_,шт,Алматы,2025-06-20,20000064187,300.0,593,180,35.0,255.0,280.0,above_Q3_plus_3IQR_and_at_least_8_medians,0.0,review_only,2025-06-01,True,False,7033.0,False,monthly_and_transactions_not_reconciled
300200286_,шт,Алматы,2025-06-23,30000032346,800.0,604,180,35.0,240.75,280.0,above_Q3_plus_3IQR_and_at_least_8_medians,0.0,review_only,2025-06-01,True,False,7033.0,False,monthly_and_transactions_not_reconciled
300200286_,шт,Алматы,2025-06-30,20000067982,718.0,632,180,35.5,272.0,284.0,above_Q3_plus_3IQR_and_at_least_8_medians,0.0,review_only,2025-06-01,True,False,7033.0,False,monthly_and_transactions_not_reconciled
300200286_,шт,Алматы,2025-07-10,20000072284,304.0,643,180,35.0,270.0,280.0,above_Q3_plus_3IQR_and_at_least_8_medians,0.0,review_only,2025-07-01,True,False,5770.0,False,monthly_and_transactions_not_reconciled
300200286_,шт,Алматы,2025-07-17,20000075661,700.0,642,180,35.0,274.0,280.0,above_Q3_plus_3IQR_and_at_least_8_medians,0.0,review_only,2025-07-01,True,False,5770.0,False,monthly_and_transactions_not_reconciled
300200286_,шт,Алматы,2025-08-06,20000083655,600.0,643,180,35.0,281.0,280.0,above_Q3_plus_3IQR_and_at_least_8_medians,0.0,review_only,2025-08-01,True,False,7503.0,False,monthly_and_transactions_not_reconciled
300200286_,шт,Алматы,2025-08-07,20000084231,340.0,644,180,35.0,281.0,280.0,above_Q3_plus_3IQR_and_at_least_8_medians,0.0,review_only,2025-08-01,True,False,7503.0,False,monthly_and_transactions_not_reconciled
300200286_,шт,Алматы,2025-08-11,20000085034,600.0,641,180,37.0,278.0,296.0,above_Q3_plus_3IQR_and_at_least_8_medians,0.0,review_only,2025-08-01,True,False,7503.0,False,monthly_and_transactions_not_reconciled
300200286_,шт,Алматы,2025-08-13,20000086924,300.0,641,180,37.0,281.0,296.0,above_Q3_plus_3IQR_and_at_least_8_medians,0.0,review_only,2025-08-01,True,False,7503.0,False,monthly_and_transactions_not_reconciled
300200286_,шт,Алматы,2025-08-15,20000088279,303.0,646,180,37.0,278.0,296.0,above_Q3_plus_3IQR_and_at_least_8_medians,0.0,review_only,2025-08-01,True,False,7503.0,False,monthly_and_transactions_not_reconciled
300200286_,шт,Алматы,2025-09-17,20000101404,300.0,668,180,35.0,281.0,280.0,above_Q3_plus_3IQR_and_at_least_8_medians,0.0,review_only,2025-09-01,True,False,6226.0,False,monthly_and_transactions_not_reconciled
300200286_,шт,Алматы,2025-09-24,20000105235,335.0,690,180,35.0,281.0,280.0,above_Q3_plus_3IQR_and_at_least_8_medians,0.0,review_only,2025-09-01,True,False,6226.0,False,monthly_and_transactions_not_reconciled
300200286_,шт,Алматы,2025-11-21,20000131731,540.0,663,180,35.0,248.0,280.0,above_Q3_plus_3IQR_and_at_least_8_medians,0.0,review_only,2025-11-01,True,False,5453.0,False,monthly_and_transactions_not_reconciled
300200286_,шт,Алматы,2025-11-26,20000133001,360.0,657,180,35.0,244.0,280.0,above_Q3_plus_3IQR_and_at_least_8_medians,0.0,review_only,2025-11-01,True,False,5453.0,False,monthly_and_transactions_not_reconciled
300200286_,шт,Алматы,2025-12-19,20000143859,300.0,658,180,34.5,243.0,276.0,above_Q3_plus_3IQR_and_at_least_8_medians,0.0,review_only,2025-12-01,True,False,7214.0,False,monthly_and_transactions_not_reconciled
300200286_,шт,Алматы,2025-12-23,20000146079,1492.0,655,180,34.0,238.0,272.0,above_Q3_plus_3IQR_and_at_least_8_medians,0.0,review_only,2025-12-01,True,False,7214.0,False,monthly_and_transactions_not_reconciled
300200286_,шт,Алматы,2025-12-26,20000147232,380.0,658,180,34.0,211.0,272.0,above_Q3_plus_3IQR_and_at_least_8_medians,0.0,review_only,2025-12-01,True,False,7214.0,False,monthly_and_transactions_not_reconciled
300200286_,шт,Алматы,2025-12-26,20000147839,691.0,658,180,34.0,211.0,272.0,above_Q3_plus_3IQR_and_at_least_8_medians,0.0,review_only,2025-12-01,True,False,7214.0,False,monthly_and_transactions_not_reconciled
300200286_,шт,Алматы,2026-02-11,20000014928,1300.0,603,180,30.0,207.0,240.0,above_Q3_plus_3IQR_and_at_least_8_medians,0.0,review_only,2026-02-01,True,False,4627.0,False,monthly_and_transactions_not_reconciled
300200286_,шт,Алматы,2026-02-14,20000015633,300.0,603,180,30.0,208.5,240.0,above_Q3_plus_3IQR_and_at_least_8_medians,0.0,review_only,2026-02-01,True,False,4627.0,False,monthly_and_transactions_not_reconciled
300200286_,шт,Алматы,2026-02-25,20000020178,1840.0,586,180,31.0,225.25,248.0,above_Q3_plus_3IQR_and_at_least_8_medians,0.0,review_only,2026-02-01,True,False,4627.0,False,monthly_and_transactions_not_reconciled
300200286_,шт,Алматы,2026-03-03,20000022809,300.0,583,180,32.0,210.0,256.0,above_Q3_plus_3IQR_and_at_least_8_medians,0.0,review_only,2026-03-01,True,False,4163.0,False,monthly_and_transactions_not_reconciled
300200286_,шт,Алматы,2026-03-10,20000024662,300.0,576,180,32.0,221.0,256.0,above_Q3_plus_3IQR_and_at_least_8_medians,0.0,review_only,2026-03-01,True,False,4163.0,False,monthly_and_transactions_not_reconciled
300200286_,шт,Алматы,2026-03-19,20000028169,300.0,561,180,34.0,237.0,272.0,above_Q3_plus_3IQR_and_at_least_8_medians,0.0,review_only,2026-03-01,True,False,4163.0,False,monthly_and_transactions_not_reconciled
300200286_,шт,Алматы,2026-04-06,20000033986,780.0,546,180,36.0,244.0,288.0,above_Q3_plus_3IQR_and_at_least_8_medians,0.0,review_only,2026-04-01,True,False,4744.0,False,monthly_and_transactions_not_reconciled
300200286_,шт,Алматы,2026-04-22,20000041367,300.0,546,180,35.0,258.25,280.0,above_Q3_plus_3IQR_and_at_least_8_medians,0.0,review_only,2026-04-01,True,False,4744.0,False,monthly_and_transactions_not_reconciled
300200286_,шт,Алматы,2026-06-08,20000060916,1200.0,522,180,33.0,237.0,264.0,above_Q3_plus_3IQR_and_at_least_8_medians,0.0,review_only,2026-06-01,True,False,4661.0,False,monthly_and_transactions_not_reconciled
300200286_,шт,Алматы,2026-06-09,20000061129,312.0,519,180,34.0,244.0,272.0,above_Q3_plus_3IQR_and_at_least_8_medians,0.0,review_only,2026-06-01,True,False,4661.0,False,monthly_and_transactions_not_reconciled
300200286_,шт,Алматы,2026-06-24,20000067927,400.0,520,180,30.0,224.75,240.0,above_Q3_plus_3IQR_and_at_least_8_medians,0.0,review_only,2026-06-01,True,False,4661.0,False,monthly_and_transactions_not_reconciled
300200286_,шт,Алматы,2026-06-24,20000068747,400.0,520,180,30.0,224.75,240.0,above_Q3_plus_3IQR_and_at_least_8_medians,0.0,review_only,2026-06-01,True,False,4661.0,False,monthly_and_transactions_not_reconciled
300200286_,шт,Алматы,2026-07-03,20000073235,400.0,539,180,31.0,250.0,248.0,above_Q3_plus_3IQR_and_at_least_8_medians,0.0,review_only,2026-07-01,True,False,6295.0,False,monthly_and_transactions_not_reconciled
300200286_,шт,Алматы,2026-07-09,20000075481,320.0,542,180,30.0,250.0,240.0,above_Q3_plus_3IQR_and_at_least_8_medians,0.0,review_only,2026-07-01,True,False,6295.0,False,monthly_and_transactions_not_reconciled
300200286_,шт,Алматы,2026-07-14,20000077409,520.0,556,180,30.0,250.0,240.0,above_Q3_plus_3IQR_and_at_least_8_medians,0.0,review_only,2026-07-01,True,False,6295.0,False,monthly_and_transactions_not_reconciled
300200286_,шт,Алматы,2026-07-17,20000079498,280.0,560,180,30.0,250.0,240.0,above_Q3_plus_3IQR_and_at_least_8_medians,0.0,review_only,2026-07-01,True,False,6295.0,False,monthly_and_transactions_not_reconciled
300200286_,шт,Алматы,2026-07-27,20000083341,400.0,557,180,30.0,250.0,240.0,above_Q3_plus_3IQR_and_at_least_8_medians,0.0,review_only,2026-07-01,True,False,6295.0,False,monthly_and_transactions_not_reconciled
300200286_,шт,Алматы,2026-07-28,20000083523,320.0,556,180,30.0,250.0,240.0,above_Q3_plus_3IQR_and_at_least_8_medians,0.0,review_only,2026-07-01,True,False,6295.0,False,monthly_and_transactions_not_reconciled
300200286_,шт,Алматы,2026-07-28,20000083590,260.0,556,180,30.0,250.0,240.0,above_Q3_plus_3IQR_and_at_least_8_medians,0.0,review_only,2026-07-01,True,False,6295.0,False,monthly_and_transactions_not_reconciled
300200286_,шт,Алматы,2026-07-28,20000084354,400.0,556,180,30.0,250.0,240.0,above_Q3_plus_3IQR_and_at_least_8_medians,0.0,review_only,2026-07-01,True,False,6295.0,False,monthly_and_transactions_not_reconciled
300200286_,шт,Алматы,2026-08-03,20000086678,460.0,566,180,30.0,249.25,240.0,above_Q3_plus_3IQR_and_at_least_8_medians,0.0,review_only,2026-08-01,True,False,5686.0,False,monthly_and_transactions_not_reconciled
300200286_,шт,Алматы,2026-08-05,20000086220,260.0,571,180,30.0,245.0,240.0,above_Q3_plus_3IQR_and_at_least_8_medians,0.0,review_only,2026-08-01,True,False,5686.0,False,monthly_and_transactions_not_reconciled
300200286_,шт,Алматы,2026-08-10,20000090151,800.0,578,180,30.0,242.0,240.0,above_Q3_plus_3IQR_and_at_least_8_medians,0.0,review_only,2026-08-01,True,False,5686.0,False,monthly_and_transactions_not_reconciled
300200286_,шт,Алматы,2026-08-14,20000092322,260.0,586,180,30.0,229.0,240.0,above_Q3_plus_3IQR_and_at_least_8_medians,0.0,review_only,2026-08-01,True,False,5686.0,False,monthly_and_transactions_not_reconciled
300200286_,шт,Алматы,2026-08-20,20000094605,300.0,590,180,30.0,213.0,240.0,above_Q3_plus_3IQR_and_at_least_8_medians,0.0,review_only,2026-08-01,True,False,5686.0,False,monthly_and_transactions_not_reconciled
300200286_,шт,Алматы,2026-08-24,20000097297,400.0,596,180,30.0,210.0,240.0,above_Q3_plus_3IQR_and_at_least_8_medians,0.0,review_only,2026-08-01,True,False,5686.0,False,monthly_and_transactions_not_reconciled
300200286_,шт,Алматы,2026-09-02,20000099834,300.0,594,180,30.0,210.0,240.0,above_Q3_plus_3IQR_and_at_least_8_medians,0.0,review_only,2026-09-01,,,,False,monthly_and_transactions_not_reconciled
300200286_,шт,Алматы,2026-09-21,20000110903,600.0,615,180,27.0,213.0,216.0,above_Q3_plus_3IQR_and_at_least_8_medians,0.0,review_only,2026-09-01,,,,False,monthly_and_transactions_not_reconciled
300200288_,шт,Алматы,2025-11-28,20000134832,40.0,28,180,5.0,31.75,40.0,above_Q3_plus_3IQR_and_at_least_8_medians,0.0,review_only,2025-11-01,True,False,19.0,False,monthly_and_transactions_not_reconciled
300200289_,шт,Алматы,2025-02-21,20000017829,76.0,53,180,4.0,34.0,32.0,above_Q3_plus_3IQR_and_at_least_8_medians,0.0,review_only,2025-02-01,True,False,356.0,False,monthly_and_transactions_not_reconciled
300200289_,шт,Алматы,2025-03-04,20000021546,40.0,68,180,4.0,39.0,32.0,above_Q3_plus_3IQR_and_at_least_8_medians,0.0,review_only,2025-03-01,True,False,223.0,False,monthly_and_transactions_not_reconciled
300200289_,шт,Алматы,2025-05-15,20000048330,60.0,127,180,4.0,48.0,32.0,above_Q3_plus_3IQR_and_at_least_8_medians,0.0,review_only,2025-05-01,True,False,322.0,False,monthly_and_transactions_not_reconciled
300200289_,шт,Алматы,2025-07-10,20000072003,40.0,176,180,4.0,36.0,32.0,above_Q3_plus_3IQR_and_at_least_8_medians,0.0,review_only,2025-07-01,True,False,335.0,False,monthly_and_transactions_not_reconciled
300200289_,шт,Алматы,2026-01-08,20000000916,72.0,181,180,4.0,34.0,32.0,above_Q3_plus_3IQR_and_at_least_8_medians,0.0,review_only,2026-01-01,True,False,212.0,False,monthly_and_transactions_not_reconciled
300200289_,шт,Алматы,2026-03-10,20000024662,40.0,157,180,4.0,34.0,32.0,above_Q3_plus_3IQR_and_at_least_8_medians,0.0,review_only,2026-03-01,True,False,96.0,False,monthly_and_transactions_not_reconciled
300200289_,шт,Алматы,2026-08-05,20000087501,30.0,139,180,3.0,24.0,24.0,above_Q3_plus_3IQR_and_at_least_8_medians,0.0,review_only,2026-08-01,True,False,198.0,False,monthly_and_transactions_not_reconciled
300200291_,шт,Алматы,2025-05-05,30000031838,20.0,33,180,2.0,17.0,16.0,above_Q3_plus_3IQR_and_at_least_8_medians,0.0,review_only,2025-05-01,True,False,69.0,False,monthly_and_transactions_not_reconciled
300200291_,шт,Алматы,2025-05-06,20000044041,20.0,35,180,2.0,17.0,16.0,above_Q3_plus_3IQR_and_at_least_8_medians,0.0,review_only,2025-05-01,True,False,69.0,False,monthly_and_transactions_not_reconciled
300200291_,шт,Алматы,2026-01-23,30000000164,20.0,45,180,2.0,17.0,16.0,above_Q3_plus_3IQR_and_at_least_8_medians,0.0,review_only,2026-01-01,True,True,51.0,True,quantity_matches_but_scope_customer_and_exception_not_confirmed
300200291_,шт,Алматы,2026-08-11,20000090534,20.0,50,180,2.0,17.0,16.0,above_Q3_plus_3IQR_and_at_least_8_medians,0.0,review_only,2026-08-01,True,True,56.0,True,quantity_matches_but_scope_customer_and_exception_not_confirmed
300200293_,шт,Алматы,2025-02-21,20000017829,107.0,63,180,5.0,34.0,40.0,above_Q3_plus_3IQR_and_at_least_8_medians,0.0,review_only,2025-02-01,True,False,372.0,False,monthly_and_transactions_not_reconciled
300200293_,шт,Алматы,2025-03-04,20000021546,40.0,75,180,5.0,34.0,40.0,above_Q3_plus_3IQR_and_at_least_8_medians,0.0,review_only,2025-03-01,True,False,211.0,False,monthly_and_transactions_not_reconciled
300200293_,шт,Алматы,2025-04-15,20000036278,50.0,128,180,4.0,34.0,32.0,above_Q3_plus_3IQR_and_at_least_8_medians,0.0,review_only,2025-04-01,True,False,219.0,False,monthly_and_transactions_not_reconciled
300200293_,шт,Алматы,2025-05-26,20000052818,50.0,170,180,4.0,34.0,32.0,above_Q3_plus_3IQR_and_at_least_8_medians,0.0,review_only,2025-05-01,True,False,309.0,False,monthly_and_transactions_not_reconciled
300200293_,шт,Алматы,2025-06-02,20000055893,100.0,179,180,4.0,34.0,32.0,above_Q3_plus_3IQR_and_at_least_8_medians,0.0,review_only,2025-06-01,True,False,386.0,False,monthly_and_transactions_not_reconciled
300200293_,шт,Алматы,2025-06-12,20000060308,50.0,194,180,4.0,34.0,32.0,above_Q3_plus_3IQR_and_at_least_8_medians,0.0,review_only,2025-06-01,True,False,386.0,False,monthly_and_transactions_not_reconciled
300200293_,шт,Алматы,2025-06-18,20000063189,120.0,202,180,4.0,34.0,32.0,above_Q3_plus_3IQR_and_at_least_8_medians,0.0,review_only,2025-06-01,True,False,386.0,False,monthly_and_transactions_not_reconciled
300200293_,шт,Алматы,2025-07-10,20000072003,60.0,209,180,4.0,34.0,32.0,above_Q3_plus_3IQR_and_at_least_8_medians,0.0,review_only,2025-07-01,True,False,226.0,False,monthly_and_transactions_not_reconciled
300200293_,шт,Алматы,2025-07-11,30000032580,50.0,214,180,4.0,34.0,32.0,above_Q3_plus_3IQR_and_at_least_8_medians,0.0,review_only,2025-07-01,True,False,226.0,False,monthly_and_transactions_not_reconciled
300200293_,шт,Алматы,2025-07-14,20000073318,50.0,213,180,4.0,34.0,32.0,above_Q3_plus_3IQR_and_at_least_8_medians,0.0,review_only,2025-07-01,True,False,226.0,False,monthly_and_transactions_not_reconciled
300200293_,шт,Алматы,2025-08-06,20000083954,67.0,203,180,4.0,34.0,32.0,above_Q3_plus_3IQR_and_at_least_8_medians,0.0,review_only,2025-08-01,True,False,280.0,False,monthly_and_transactions_not_reconciled
300200293_,шт,Алматы,2026-01-26,20000008334,33.0,164,180,3.0,23.0,24.0,above_Q3_plus_3IQR_and_at_least_8_medians,0.0,review_only,2026-01-01,True,False,135.0,False,monthly_and_transactions_not_reconciled
300200293_,шт,Алматы,2026-02-05,20000011961,50.0,155,180,3.0,22.0,24.0,above_Q3_plus_3IQR_and_at_least_8_medians,0.0,review_only,2026-02-01,True,False,187.0,False,monthly_and_transactions_not_reconciled
300200293_,шт,Алматы,2026-02-10,20000014190,210.0,155,180,3.0,22.0,24.0,above_Q3_plus_3IQR_and_at_least_8_medians,0.0,review_only,2026-02-01,True,False,187.0,False,monthly_and_transactions_not_reconciled
300200293_,шт,Алматы,2026-02-11,20000014872,100.0,152,180,3.0,23.0,24.0,above_Q3_plus_3IQR_and_at_least_8_medians,0.0,review_only,2026-02-01,True,False,187.0,False,monthly_and_transactions_not_reconciled
300200293_,шт,Алматы,2026-02-11,20000014928,60.0,152,180,3.0,23.0,24.0,above_Q3_plus_3IQR_and_at_least_8_medians,0.0,review_only,2026-02-01,True,False,187.0,False,monthly_and_transactions_not_reconciled
300200293_,шт,Алматы,2026-02-21,20000018871,30.0,154,180,3.5,29.0,28.0,above_Q3_plus_3IQR_and_at_least_8_medians,0.0,review_only,2026-02-01,True,False,187.0,False,monthly_and_transactions_not_reconciled
300200293_,шт,Алматы,2026-03-31,20000030729,50.0,139,180,3.0,34.0,24.0,above_Q3_plus_3IQR_and_at_least_8_medians,0.0,review_only,2026-03-01,True,False,179.0,False,monthly_and_transactions_not_reconciled
300200293_,шт,Алматы,2026-04-09,20000035745,50.0,136,180,4.0,34.0,32.0,above_Q3_plus_3IQR_and_at_least_8_medians,0.0,review_only,2026-04-01,True,False,103.0,False,monthly_and_transactions_not_reconciled
300200293_,шт,Алматы,2026-05-14,20000050039,46.0,136,180,4.0,34.0,32.0,above_Q3_plus_3IQR_and_at_least_8_medians,0.0,review_only,2026-05-01,True,False,188.0,False,monthly_and_transactions_not_reconciled
300200293_,шт,Алматы,2026-06-09,20000061129,36.0,141,180,4.0,34.0,32.0,above_Q3_plus_3IQR_and_at_least_8_medians,0.0,review_only,2026-06-01,True,False,245.0,False,monthly_and_transactions_not_reconciled
300200293_,шт,Алматы,2026-07-03,20000073235,40.0,157,180,4.0,34.0,32.0,above_Q3_plus_3IQR_and_at_least_8_medians,0.0,review_only,2026-07-01,True,False,98.0,False,monthly_and_transactions_not_reconciled
300200294_,шт,Алматы,2025-02-21,20000017829,90.0,17,180,3.0,29.0,24.0,above_Q3_plus_3IQR_and_at_least_8_medians,0.0,review_only,2025-02-01,True,False,215.0,False,monthly_and_transactions_not_reconciled
300200294_,шт,Алматы,2025-03-04,20000021546,70.0,26,180,4.0,37.0,32.0,above_Q3_plus_3IQR_and_at_least_8_medians,0.0,review_only,2025-03-01,True,False,55.0,False,monthly_and_transactions_not_reconciled
300200294_,шт,Алматы,2025-04-15,20000036278,60.0,36,180,5.0,34.75,40.0,above_Q3_plus_3IQR_and_at_least_8_medians,0.0,review_only,2025-04-01,True,False,50.0,False,monthly_and_transactions_not_reconciled
300200294_,шт,Алматы,2025-05-02,20000043417,40.0,40,180,5.0,34.75,40.0,above_Q3_plus_3IQR_and_at_least_8_medians,0.0,review_only,2025-05-01,True,False,56.0,False,monthly_and_transactions_not_reconciled
300200294_,шт,Алматы,2025-08-06,20000083954,239.0,54,180,4.0,37.0,32.0,above_Q3_plus_3IQR_and_at_least_8_medians,0.0,review_only,2025-08-01,True,False,281.0,False,monthly_and_transactions_not_reconciled
300200294_,шт,Алматы,2025-10-31,20000122065,85.0,45,180,4.0,18.0,32.0,above_Q3_plus_3IQR_and_at_least_8_medians,0.0,review_only,2025-10-01,True,True,114.0,True,quantity_matches_but_scope_customer_and_exception_not_confirmed
300200294_,шт,Алматы,2025-12-01,20000135935,53.0,55,180,4.0,34.0,32.0,above_Q3_plus_3IQR_and_at_least_8_medians,0.0,review_only,2025-12-01,True,False,129.0,False,monthly_and_transactions_not_reconciled
300200294_,шт,Алматы,2025-12-11,20000140922,240.0,56,180,4.0,34.0,32.0,above_Q3_plus_3IQR_and_at_least_8_medians,0.0,review_only,2025-12-01,True,False,129.0,False,monthly_and_transactions_not_reconciled
300200294_,шт,Алматы,2026-03-10,20000024984,90.0,54,180,4.0,49.0,32.0,above_Q3_plus_3IQR_and_at_least_8_medians,0.0,review_only,2026-03-01,True,False,50.0,False,monthly_and_transactions_not_reconciled
300200294_,шт,Алматы,2026-09-16,20000108363,79.0,40,180,4.0,34.0,32.0,above_Q3_plus_3IQR_and_at_least_8_medians,0.0,review_only,2026-09-01,,,,False,monthly_and_transactions_not_reconciled
300200295_,шт,Алматы,2025-02-11,20000013449,38.0,11,180,2.0,34.0,16.0,above_Q3_plus_3IQR_and_at_least_8_medians,0.0,review_only,2025-02-01,True,False,202.0,False,monthly_and_transactions_not_reconciled
300200296_,шт,Алматы,2025-01-10,20000002187,40.0,8,180,1.5,13.0,12.0,above_Q3_plus_3IQR_and_at_least_8_medians,0.0,review_only,2025-01-01,True,False,298.0,False,monthly_and_transactions_not_reconciled
300200296_,шт,Алматы,2025-01-10,20000002188,20.0,8,180,1.5,13.0,12.0,above_Q3_plus_3IQR_and_at_least_8_medians,0.0,review_only,2025-01-01,True,False,298.0,False,monthly_and_transactions_not_reconciled
300200296_,шт,Алматы,2025-01-10,20000002192,30.0,8,180,1.5,13.0,12.0,above_Q3_plus_3IQR_and_at_least_8_medians,0.0,review_only,2025-01-01,True,False,298.0,False,monthly_and_transactions_not_reconciled
300200296_,шт,Алматы,2025-02-03,20000010670,900.0,28,180,3.5,25.75,28.0,above_Q3_plus_3IQR_and_at_least_8_medians,0.0,review_only,2025-02-01,True,False,572.0,False,monthly_and_transactions_not_reconciled
300200296_,шт,Алматы,2025-02-03,20000010675,210.0,28,180,3.5,25.75,28.0,above_Q3_plus_3IQR_and_at_least_8_medians,0.0,review_only,2025-02-01,True,False,572.0,False,monthly_and_transactions_not_reconciled
300200296_,шт,Алматы,2025-02-03,20000010678,105.0,28,180,3.5,25.75,28.0,above_Q3_plus_3IQR_and_at_least_8_medians,0.0,review_only,2025-02-01,True,False,572.0,False,monthly_and_transactions_not_reconciled
300200296_,шт,Алматы,2025-02-10,20000013085,90.0,40,180,4.5,59.0,36.0,above_Q3_plus_3IQR_and_at_least_8_medians,0.0,review_only,2025-02-01,True,False,572.0,False,monthly_and_transactions_not_reconciled
300200296_,шт,Алматы,2025-02-18,20000016727,233.0,57,180,5.0,74.0,40.0,above_Q3_plus_3IQR_and_at_least_8_medians,0.0,review_only,2025-02-01,True,False,572.0,False,monthly_and_transactions_not_reconciled
300200296_,шт,Алматы,2025-03-07,20000022926,60.0,76,180,5.0,54.0,40.0,above_Q3_plus_3IQR_and_at_least_8_medians,0.0,review_only,2025-03-01,True,False,414.0,False,monthly_and_transactions_not_reconciled
300200296_,шт,Алматы,2025-03-12,20000024399,60.0,83,180,5.0,54.0,40.0,above_Q3_plus_3IQR_and_at_least_8_medians,0.0,review_only,2025-03-01,True,False,414.0,False,monthly_and_transactions_not_reconciled
300200296_,шт,Алматы,2025-03-14,20000025459,60.0,87,180,5.0,54.0,40.0,above_Q3_plus_3IQR_and_at_least_8_medians,0.0,review_only,2025-03-01,True,False,414.0,False,monthly_and_transactions_not_reconciled
300200296_,шт,Алматы,2025-03-26,30000000709,240.0,98,180,5.0,54.0,40.0,above_Q3_plus_3IQR_and_at_least_8_medians,0.0,review_only,2025-03-01,True,False,414.0,False,monthly_and_transactions_not_reconciled
300200296_,шт,Алматы,2025-04-04,20000031881,60.0,115,180,5.0,54.0,40.0,above_Q3_plus_3IQR_and_at_least_8_medians,0.0,review_only,2025-04-01,True,False,782.0,False,monthly_and_transactions_not_reconciled
300200296_,шт,Алматы,2025-04-25,20000040806,75.0,138,180,5.0,54.0,40.0,above_Q3_plus_3IQR_and_at_least_8_medians,0.0,review_only,2025-04-01,True,False,782.0,False,monthly_and_transactions_not_reconciled
300200296_,шт,Алматы,2025-04-25,20000040830,110.0,138,180,5.0,54.0,40.0,above_Q3_plus_3IQR_and_at_least_8_medians,0.0,review_only,2025-04-01,True,False,782.0,False,monthly_and_transactions_not_reconciled
300200296_,шт,Алматы,2025-04-25,20000041171,180.0,138,180,5.0,54.0,40.0,above_Q3_plus_3IQR_and_at_least_8_medians,0.0,review_only,2025-04-01,True,False,782.0,False,monthly_and_transactions_not_reconciled
300200296_,шт,Алматы,2025-04-30,20000042687,159.0,142,180,5.0,54.0,40.0,above_Q3_plus_3IQR_and_at_least_8_medians,0.0,review_only,2025-04-01,True,False,782.0,False,monthly_and_transactions_not_reconciled
300200296_,шт,Алматы,2025-05-16,20000048893,66.0,160,180,5.0,54.0,40.0,above_Q3_plus_3IQR_and_at_least_8_medians,0.0,review_only,2025-05-01,True,False,506.0,False,monthly_and_transactions_not_reconciled
300200296_,шт,Алматы,2025-06-12,20000059647,60.0,198,180,5.0,54.0,40.0,above_Q3_plus_3IQR_and_at_least_8_medians,0.0,review_only,2025-06-01,True,False,421.0,False,monthly_and_transactions_not_reconciled
300200296_,шт,Алматы,2025-06-20,20000063763,60.0,211,180,5.0,54.0,40.0,above_Q3_plus_3IQR_and_at_least_8_medians,0.0,review_only,2025-06-01,True,False,421.0,False,monthly_and_transactions_not_reconciled
300200296_,шт,Алматы,2025-06-20,20000064187,225.0,211,180,5.0,54.0,40.0,above_Q3_plus_3IQR_and_at_least_8_medians,0.0,review_only,2025-06-01,True,False,421.0,False,monthly_and_transactions_not_reconciled
300200296_,шт,Алматы,2025-07-11,30000032580,90.0,221,180,5.0,54.0,40.0,above_Q3_plus_3IQR_and_at_least_8_medians,0.0,review_only,2025-07-01,True,False,513.0,False,monthly_and_transactions_not_reconciled
300200296_,шт,Алматы,2025-07-21,20000075187,127.0,223,180,5.0,74.0,40.0,above_Q3_plus_3IQR_and_at_least_8_medians,0.0,review_only,2025-07-01,True,False,513.0,False,monthly_and_transactions_not_reconciled
300200296_,шт,Алматы,2025-08-12,20000085926,90.0,221,180,5.0,74.0,40.0,above_Q3_plus_3IQR_and_at_least_8_medians,0.0,review_only,2025-08-01,True,False,787.0,False,monthly_and_transactions_not_reconciled
300200296_,шт,Алматы,2025-09-12,20000098635,80.0,233,180,5.0,74.0,40.0,above_Q3_plus_3IQR_and_at_least_8_medians,0.0,review_only,2025-09-01,True,False,402.0,False,monthly_and_transactions_not_reconciled
300200296_,шт,Алматы,2025-09-19,20000102969,90.0,240,180,5.0,74.0,40.0,above_Q3_plus_3IQR_and_at_least_8_medians,0.0,review_only,2025-09-01,True,False,402.0,False,monthly_and_transactions_not_reconciled
300200296_,шт,Алматы,2025-09-26,20000106623,150.0,243,180,5.0,74.0,40.0,above_Q3_plus_3IQR_and_at_least_8_medians,0.0,review_only,2025-09-01,True,False,402.0,False,monthly_and_transactions_not_reconciled
300200296_,шт,Алматы,2025-11-07,20000125451,120.0,240,180,5.0,68.0,40.0,above_Q3_plus_3IQR_and_at_least_8_medians,0.0,review_only,2025-11-01,True,False,479.0,False,monthly_and_transactions_not_reconciled
300200296_,шт,Алматы,2025-11-21,20000131623,90.0,232,180,6.0,60.0,48.0,above_Q3_plus_3IQR_and_at_least_8_medians,0.0,review_only,2025-11-01,True,False,479.0,False,monthly_and_transactions_not_reconciled
300200296_,шт,Алматы,2025-11-21,20000131731,210.0,232,180,6.0,60.0,48.0,above_Q3_plus_3IQR_and_at_least_8_medians,0.0,review_only,2025-11-01,True,False,479.0,False,monthly_and_transactions_not_reconciled
300200296_,шт,Алматы,2025-11-27,20000134239,73.0,237,180,6.0,62.0,48.0,above_Q3_plus_3IQR_and_at_least_8_medians,0.0,review_only,2025-11-01,True,False,479.0,False,monthly_and_transactions_not_reconciled
300200296_,шт,Алматы,2025-12-08,20000139291,90.0,240,180,6.0,65.75,48.0,above_Q3_plus_3IQR_and_at_least_8_medians,0.0,review_only,2025-12-01,True,False,459.0,False,monthly_and_transactions_not_reconciled
300200296_,шт,Алматы,2025-12-10,20000140677,71.0,243,180,6.0,67.0,48.0,above_Q3_plus_3IQR_and_at_least_8_medians,0.0,review_only,2025-12-01,True,False,459.0,False,monthly_and_transactions_not_reconciled
300200296_,шт,Алматы,2026-01-14,20000003527,75.0,246,180,6.0,69.0,48.0,above_Q3_plus_3IQR_and_at_least_8_medians,0.0,review_only,2026-01-01,True,False,407.0,False,monthly_and_transactions_not_reconciled
300200296_,шт,Алматы,2026-02-04,20000012265,70.0,240,180,6.0,55.75,48.0,above_Q3_plus_3IQR_and_at_least_8_medians,0.0,review_only,2026-02-01,True,False,377.0,False,monthly_and_transactions_not_reconciled
300200296_,шт,Алматы,2026-02-11,20000014928,180.0,234,180,6.0,58.0,48.0,above_Q3_plus_3IQR_and_at_least_8_medians,0.0,review_only,2026-02-01,True,False,377.0,False,monthly_and_transactions_not_reconciled
300200296_,шт,Алматы,2026-02-11,20000014987,75.0,234,180,6.0,58.0,48.0,above_Q3_plus_3IQR_and_at_least_8_medians,0.0,review_only,2026-02-01,True,False,377.0,False,monthly_and_transactions_not_reconciled
300200296_,шт,Алматы,2026-02-25,20000020178,135.0,228,180,6.0,74.0,48.0,above_Q3_plus_3IQR_and_at_least_8_medians,0.0,review_only,2026-02-01,True,False,377.0,False,monthly_and_transactions_not_reconciled
300200296_,шт,Алматы,2026-03-03,20000022725,75.0,229,180,6.0,74.0,48.0,above_Q3_plus_3IQR_and_at_least_8_medians,0.0,review_only,2026-03-01,True,False,242.0,False,monthly_and_transactions_not_reconciled
300200296_,шт,Алматы,2026-03-27,20000030355,60.0,215,180,7.0,55.0,56.0,above_Q3_plus_3IQR_and_at_least_8_medians,0.0,review_only,2026-03-01,True,False,242.0,False,monthly_and_transactions_not_reconciled
300200296_,шт,Алматы,2026-03-27,20000030369,60.0,215,180,7.0,55.0,56.0,above_Q3_plus_3IQR_and_at_least_8_medians,0.0,review_only,2026-03-01,True,False,242.0,False,monthly_and_transactions_not_reconciled
300200296_,шт,Алматы,2026-04-06,20000033986,360.0,215,180,7.0,68.0,56.0,above_Q3_plus_3IQR_and_at_least_8_medians,0.0,review_only,2026-04-01,True,False,780.0,False,monthly_and_transactions_not_reconciled
300200296_,шт,Алматы,2026-04-09,20000035745,90.0,215,180,7.0,74.0,56.0,above_Q3_plus_3IQR_and_at_least_8_medians,0.0,review_only,2026-04-01,True,False,780.0,False,monthly_and_transactions_not_reconciled
300200296_,шт,Алматы,2026-04-15,20000038237,80.0,216,180,7.5,71.0,60.0,above_Q3_plus_3IQR_and_at_least_8_medians,0.0,review_only,2026-04-01,True,False,780.0,False,monthly_and_transactions_not_reconciled
300200296_,шт,Алматы,2026-05-14,20000050209,75.0,213,180,7.0,74.0,56.0,above_Q3_plus_3IQR_and_at_least_8_medians,0.0,review_only,2026-05-01,True,False,556.0,False,monthly_and_transactions_not_reconciled
300200296_,шт,Алматы,2026-05-26,20000055217,184.0,202,180,6.0,74.0,48.0,above_Q3_plus_3IQR_and_at_least_8_medians,0.0,review_only,2026-05-01,True,False,556.0,False,monthly_and_transactions_not_reconciled
300200296_,шт,Алматы,2026-06-08,20000060916,195.0,196,180,6.0,74.0,48.0,above_Q3_plus_3IQR_and_at_least_8_medians,0.0,review_only,2026-06-01,True,False,481.0,False,monthly_and_transactions_not_reconciled
300200296_,шт,Алматы,2026-06-30,20000071222,150.0,201,180,5.0,62.0,40.0,above_Q3_plus_3IQR_and_at_least_8_medians,0.0,review_only,2026-06-01,True,False,481.0,False,monthly_and_transactions_not_reconciled
300200296_,шт,Алматы,2026-07-17,20000079498,60.0,211,180,5.0,54.0,40.0,above_Q3_plus_3IQR_and_at_least_8_medians,0.0,review_only,2026-07-01,True,False,717.0,False,monthly_and_transactions_not_reconciled
300200296_,шт,Алматы,2026-07-21,20000080997,150.0,217,180,6.0,62.0,48.0,above_Q3_plus_3IQR_and_at_least_8_medians,0.0,review_only,2026-07-01,True,False,717.0,False,monthly_and_transactions_not_reconciled
300200296_,шт,Алматы,2026-07-27,20000083341,180.0,216,180,6.0,65.0,48.0,above_Q3_plus_3IQR_and_at_least_8_medians,0.0,review_only,2026-07-01,True,False,717.0,False,monthly_and_transactions_not_reconciled
300200296_,шт,Алматы,2026-07-28,20000084365,75.0,219,180,6.0,68.0,48.0,above_Q3_plus_3IQR_and_at_least_8_medians,0.0,review_only,2026-07-01,True,False,717.0,False,monthly_and_transactions_not_reconciled
300200296_,шт,Алматы,2026-08-03,20000086678,160.0,220,180,6.0,74.0,48.0,above_Q3_plus_3IQR_and_at_least_8_medians,0.0,review_only,2026-08-01,True,False,586.0,False,monthly_and_transactions_not_reconciled
300200296_,шт,Алматы,2026-09-02,20000101838,75.0,221,180,7.0,74.0,56.0,above_Q3_plus_3IQR_and_at_least_8_medians,0.0,review_only,2026-09-01,,,,False,monthly_and_transactions_not_reconciled
300200296_,шт,Алматы,2026-09-21,20000110903,105.0,232,180,7.0,74.0,56.0,above_Q3_plus_3IQR_and_at_least_8_medians,0.0,review_only,2026-09-01,,,,False,monthly_and_transactions_not_reconciled
300200297_,шт,Алматы,2025-02-12,20000014333,180.0,38,180,20.0,109.5,160.0,above_Q3_plus_3IQR_and_at_least_8_medians,0.0,review_only,2025-02-01,True,False,539.0,False,monthly_and_transactions_not_reconciled
300200297_,шт,Алматы,2025-04-15,20000036278,195.0,94,180,20.0,150.0,160.0,above_Q3_plus_3IQR_and_at_least_8_medians,0.0,review_only,2025-04-01,True,False,672.0,False,monthly_and_transactions_not_reconciled
300200297_,шт,Алматы,2025-04-25,20000041189,210.0,105,180,20.0,150.0,160.0,above_Q3_plus_3IQR_and_at_least_8_medians,0.0,review_only,2025-04-01,True,False,672.0,False,monthly_and_transactions_not_reconciled
300200297_,шт,Алматы,2025-05-15,20000048330,225.0,120,180,20.0,164.0,160.0,above_Q3_plus_3IQR_and_at_least_8_medians,0.0,review_only,2025-05-01,True,False,681.0,False,monthly_and_transactions_not_reconciled
300200297_,шт,Алматы,2025-07-10,20000072003,195.0,167,180,20.0,130.0,160.0,above_Q3_plus_3IQR_and_at_least_8_medians,0.0,review_only,2025-07-01,True,False,848.0,False,monthly_and_transactions_not_reconciled
300200297_,шт,Алматы,2025-09-19,20000102969,240.0,180,180,30.0,144.0,240.0,above_Q3_plus_3IQR_and_at_least_8_medians,0.0,review_only,2025-09-01,True,False,707.0,False,monthly_and_transactions_not_reconciled
300200297_,шт,Алматы,2025-10-29,20000120529,180.0,190,180,20.0,90.0,160.0,above_Q3_plus_3IQR_and_at_least_8_medians,0.0,review_only,2025-10-01,True,False,691.0,False,monthly_and_transactions_not_reconciled
300200297_,шт,Алматы,2025-11-07,20000125451,210.0,194,180,20.0,90.0,160.0,above_Q3_plus_3IQR_and_at_least_8_medians,0.0,review_only,2025-11-01,True,False,706.0,False,monthly_and_transactions_not_reconciled
300200297_,шт,Алматы,2026-02-11,20000014928,255.0,163,180,25.0,90.0,200.0,above_Q3_plus_3IQR_and_at_least_8_medians,0.0,review_only,2026-02-01,True,False,470.0,False,monthly_and_transactions_not_reconciled
300200297_,шт,Алматы,2026-02-25,20000020178,270.0,159,180,20.0,90.0,160.0,above_Q3_plus_3IQR_and_at_least_8_medians,0.0,review_only,2026-02-01,True,False,470.0,False,monthly_and_transactions_not_reconciled
300200297_,шт,Алматы,2026-09-21,20000110903,150.0,153,180,15.0,99.0,120.0,above_Q3_plus_3IQR_and_at_least_8_medians,0.0,review_only,2026-09-01,,,,False,monthly_and_transactions_not_reconciled
300200298_,шт,Алматы,2025-02-03,20000010670,220.0,37,180,20.0,99.0,160.0,above_Q3_plus_3IQR_and_at_least_8_medians,0.0,review_only,2025-02-01,True,False,996.0,False,monthly_and_transactions_not_reconciled
300200298_,шт,Алматы,2025-02-12,20000014333,240.0,54,180,20.0,125.25,160.0,above_Q3_plus_3IQR_and_at_least_8_medians,0.0,review_only,2025-02-01,True,False,996.0,False,monthly_and_transactions_not_reconciled
300200298_,шт,Алматы,2025-03-04,20000021546,230.0,87,180,15.0,103.5,120.0,above_Q3_plus_3IQR_and_at_least_8_medians,0.0,review_only,2025-03-01,True,False,515.0,False,monthly_and_transactions_not_reconciled
300200298_,шт,Алматы,2025-04-25,20000041171,120.0,154,180,12.0,107.25,96.0,above_Q3_plus_3IQR_and_at_least_8_medians,0.0,review_only,2025-04-01,True,False,1002.0,False,monthly_and_transactions_not_reconciled
300200298_,шт,Алматы,2025-06-20,20000064190,120.0,236,180,11.0,111.0,88.0,above_Q3_plus_3IQR_and_at_least_8_medians,0.0,review_only,2025-06-01,True,False,880.0,False,monthly_and_transactions_not_reconciled
300200298_,шт,Алматы,2025-07-21,20000075187,196.0,252,180,12.0,111.0,96.0,above_Q3_plus_3IQR_and_at_least_8_medians,0.0,review_only,2025-07-01,True,False,1079.0,False,monthly_and_transactions_not_reconciled
300200298_,шт,Алматы,2025-09-19,20000102969,240.0,269,180,11.0,111.0,88.0,above_Q3_plus_3IQR_and_at_least_8_medians,0.0,review_only,2025-09-01,True,False,686.0,False,monthly_and_transactions_not_reconciled
300200298_,шт,Алматы,2025-11-19,20000129562,100.0,271,180,10.0,75.0,80.0,above_Q3_plus_3IQR_and_at_least_8_medians,0.0,review_only,2025-11-01,True,False,1203.0,False,monthly_and_transactions_not_reconciled
300200298_,шт,Алматы,2025-11-21,20000131731,120.0,275,180,10.0,83.0,80.0,above_Q3_plus_3IQR_and_at_least_8_medians,0.0,review_only,2025-11-01,True,False,1203.0,False,monthly_and_transactions_not_reconciled
300200298_,шт,Алматы,2025-11-27,20000134239,171.0,274,180,11.5,111.0,92.0,above_Q3_plus_3IQR_and_at_least_8_medians,0.0,review_only,2025-11-01,True,False,1203.0,False,monthly_and_transactions_not_reconciled
300200298_,шт,Алматы,2026-01-06,20000000753,180.0,263,180,13.0,108.0,104.0,above_Q3_plus_3IQR_and_at_least_8_medians,0.0,review_only,2026-01-01,True,False,782.0,False,monthly_and_transactions_not_reconciled
300200298_,шт,Алматы,2026-02-03,20000011312,100.0,257,180,11.0,92.0,88.0,above_Q3_plus_3IQR_and_at_least_8_medians,0.0,review_only,2026-02-01,True,False,607.0,False,monthly_and_transactions_not_reconciled
300200298_,шт,Алматы,2026-02-03,20000011581,110.0,257,180,11.0,92.0,88.0,above_Q3_plus_3IQR_and_at_least_8_medians,0.0,review_only,2026-02-01,True,False,607.0,False,monthly_and_transactions_not_reconciled
300200298_,шт,Алматы,2026-03-03,20000022809,120.0,237,180,13.0,108.0,104.0,above_Q3_plus_3IQR_and_at_least_8_medians,0.0,review_only,2026-03-01,True,False,482.0,False,monthly_and_transactions_not_reconciled
300200298_,шт,Алматы,2026-04-06,20000033986,250.0,215,180,15.0,105.0,120.0,above_Q3_plus_3IQR_and_at_least_8_medians,0.0,review_only,2026-04-01,True,False,781.0,False,monthly_and_transactions_not_reconciled
300200298_,шт,Алматы,2026-05-26,20000055217,200.0,203,180,15.0,106.5,120.0,above_Q3_plus_3IQR_and_at_least_8_medians,0.0,review_only,2026-05-01,True,False,739.0,False,monthly_and_transactions_not_reconciled
300200298_,шт,Алматы,2026-06-08,20000060916,120.0,199,180,12.0,108.0,96.0,above_Q3_plus_3IQR_and_at_least_8_medians,0.0,review_only,2026-06-01,True,False,987.0,False,monthly_and_transactions_not_reconciled
300200298_,шт,Алматы,2026-06-16,20000064504,119.0,197,180,11.0,108.0,88.0,above_Q3_plus_3IQR_and_at_least_8_medians,0.0,review_only,2026-06-01,True,False,987.0,False,monthly_and_transactions_not_reconciled
300200298_,шт,Алматы,2026-07-09,20000075481,180.0,216,180,11.0,108.0,88.0,above_Q3_plus_3IQR_and_at_least_8_medians,0.0,review_only,2026-07-01,True,False,1275.0,False,monthly_and_transactions_not_reconciled
300200298_,шт,Алматы,2026-07-27,20000083341,125.0,220,180,14.5,105.75,116.0,above_Q3_plus_3IQR_and_at_least_8_medians,0.0,review_only,2026-07-01,True,False,1275.0,False,monthly_and_transactions_not_reconciled
300200298_,шт,Алматы,2026-07-28,20000083523,180.0,220,180,12.5,108.0,100.0,above_Q3_plus_3IQR_and_at_least_8_medians,0.0,review_only,2026-07-01,True,False,1275.0,False,monthly_and_transactions_not_reconciled
300200298_,шт,Алматы,2026-07-31,20000085912,180.0,227,180,14.0,108.0,112.0,above_Q3_plus_3IQR_and_at_least_8_medians,0.0,review_only,2026-07-01,True,False,1275.0,False,monthly_and_transactions_not_reconciled
300200298_,шт,Алматы,2026-08-10,20000090073,180.0,231,180,11.0,108.0,88.0,above_Q3_plus_3IQR_and_at_least_8_medians,0.0,review_only,2026-08-01,True,False,1367.0,False,monthly_and_transactions_not_reconciled
300200298_,шт,Алматы,2026-08-11,20000091095,120.0,236,180,12.5,108.0,100.0,above_Q3_plus_3IQR_and_at_least_8_medians,0.0,review_only,2026-08-01,True,False,1367.0,False,monthly_and_transactions_not_reconciled
300200301_,шт,Алматы,2025-02-03,20000010678,180.0,13,180,13.0,59.0,104.0,above_Q3_plus_3IQR_and_at_least_8_medians,0.0,review_only,2025-02-01,True,False,657.0,False,monthly_and_transactions_not_reconciled
300200301_,шт,Алматы,2025-02-12,20000014330,135.0,21,180,15.0,105.0,120.0,above_Q3_plus_3IQR_and_at_least_8_medians,0.0,review_only,2025-02-01,True,False,657.0,False,monthly_and_transactions_not_reconciled
300200301_,шт,Алматы,2025-02-12,20000014333,120.0,21,180,15.0,105.0,120.0,above_Q3_plus_3IQR_and_at_least_8_medians,0.0,review_only,2025-02-01,True,False,657.0,False,monthly_and_transactions_not_reconciled
300200301_,шт,Алматы,2025-02-18,20000016727,367.0,28,180,16.0,187.75,128.0,above_Q3_plus_3IQR_and_at_least_8_medians,0.0,review_only,2025-02-01,True,False,657.0,False,monthly_and_transactions_not_reconciled
300200301_,шт,Алматы,2025-04-25,20000041189,285.0,68,180,15.0,115.75,120.0,above_Q3_plus_3IQR_and_at_least_8_medians,0.0,review_only,2025-04-01,True,False,925.0,False,monthly_and_transactions_not_reconciled
300200301_,шт,Алматы,2025-04-30,20000042687,177.0,70,180,15.0,151.0,120.0,above_Q3_plus_3IQR_and_at_least_8_medians,0.0,review_only,2025-04-01,True,False,925.0,False,monthly_and_transactions_not_reconciled
300200301_,шт,Алматы,2025-06-12,20000060529,180.0,95,180,15.0,160.5,120.0,above_Q3_plus_3IQR_and_at_least_8_medians,0.0,review_only,2025-06-01,True,False,236.0,False,monthly_and_transactions_not_reconciled
300200301_,шт,Алматы,2025-07-15,20000074135,370.0,113,180,15.0,165.0,120.0,above_Q3_plus_3IQR_and_at_least_8_medians,0.0,review_only,2025-07-01,True,False,897.0,False,monthly_and_transactions_not_reconciled
300200301_,шт,Алматы,2025-11-21,20000131731,195.0,116,180,10.0,108.0,80.0,above_Q3_plus_3IQR_and_at_least_8_medians,0.0,review_only,2025-11-01,True,False,786.0,False,monthly_and_transactions_not_reconciled
300200301_,шт,Алматы,2025-11-26,20000133712,162.0,116,180,11.0,108.0,88.0,above_Q3_plus_3IQR_and_at_least_8_medians,0.0,review_only,2025-11-01,True,False,786.0,False,monthly_and_transactions_not_reconciled
300200301_,шт,Алматы,2025-11-29,20000135280,234.0,120,180,11.0,114.0,88.0,above_Q3_plus_3IQR_and_at_least_8_medians,0.0,review_only,2025-11-01,True,False,786.0,False,monthly_and_transactions_not_reconciled
300200301_,шт,Алматы,2026-01-13,20000002746,368.0,116,180,11.0,113.75,88.0,above_Q3_plus_3IQR_and_at_least_8_medians,0.0,review_only,2026-01-01,True,False,790.0,False,monthly_and_transactions_not_reconciled
300200301_,шт,Алматы,2026-01-29,20000009664,200.0,121,180,10.0,91.0,80.0,above_Q3_plus_3IQR_and_at_least_8_medians,0.0,review_only,2026-01-01,True,False,790.0,False,monthly_and_transactions_not_reconciled
300200301_,шт,Алматы,2026-02-04,20000012265,121.0,122,180,10.0,90.0,80.0,above_Q3_plus_3IQR_and_at_least_8_medians,0.0,review_only,2026-02-01,True,False,439.0,False,monthly_and_transactions_not_reconciled
300200301_,шт,Алматы,2026-02-12,20000015210,100.0,122,180,9.0,78.0,72.0,above_Q3_plus_3IQR_and_at_least_8_medians,0.0,review_only,2026-02-01,True,False,439.0,False,monthly_and_transactions_not_reconciled
300200301_,шт,Алматы,2026-02-25,20000020178,195.0,121,180,9.0,94.0,72.0,above_Q3_plus_3IQR_and_at_least_8_medians,0.0,review_only,2026-02-01,True,False,439.0,False,monthly_and_transactions_not_reconciled
300200301_,шт,Алматы,2026-03-03,20000022809,120.0,120,180,9.5,96.0,76.0,above_Q3_plus_3IQR_and_at_least_8_medians,0.0,review_only,2026-03-01,True,False,258.0,False,monthly_and_transactions_not_reconciled
300200301_,шт,Алматы,2026-03-27,20000030369,120.0,117,180,10.0,111.0,80.0,above_Q3_plus_3IQR_and_at_least_8_medians,0.0,review_only,2026-03-01,True,False,258.0,False,monthly_and_transactions_not_reconciled
300200301_,шт,Алматы,2026-04-18,20000039790,120.0,127,180,10.0,112.5,80.0,above_Q3_plus_3IQR_and_at_least_8_medians,0.0,review_only,2026-04-01,True,False,313.0,False,monthly_and_transactions_not_reconciled
300200301_,шт,Алматы,2026-05-15,20000050855,140.0,114,180,12.0,111.0,96.0,above_Q3_plus_3IQR_and_at_least_8_medians,0.0,review_only,2026-05-01,True,False,372.0,False,monthly_and_transactions_not_reconciled
300200302_,шт,Алматы,2025-02-03,20000010678,60.0,27,180,3.0,30.0,24.0,above_Q3_plus_3IQR_and_at_least_8_medians,0.0,review_only,2025-02-01,True,False,462.0,False,monthly_and_transactions_not_reconciled
300200302_,шт,Алматы,2025-02-10,20000013090,60.0,39,180,4.0,54.0,32.0,above_Q3_plus_3IQR_and_at_least_8_medians,0.0,review_only,2025-02-01,True,False,462.0,False,monthly_and_transactions_not_reconciled
300200302_,шт,Алматы,2025-02-12,20000014331,75.0,42,180,3.5,54.0,28.0,above_Q3_plus_3IQR_and_at_least_8_medians,0.0,review_only,2025-02-01,True,False,462.0,False,monthly_and_transactions_not_reconciled
300200302_,шт,Алматы,2025-02-12,20000014333,60.0,42,180,3.5,54.0,28.0,above_Q3_plus_3IQR_and_at_least_8_medians,0.0,review_only,2025-02-01,True,False,462.0,False,monthly_and_transactions_not_reconciled
300200302_,шт,Алматы,2025-02-14,20000015429,60.0,48,180,4.0,54.0,32.0,above_Q3_plus_3IQR_and_at_least_8_medians,0.0,review_only,2025-02-01,True,False,462.0,False,monthly_and_transactions_not_reconciled
300200302_,шт,Алматы,2025-04-25,20000041171,60.0,115,180,4.0,54.0,32.0,above_Q3_plus_3IQR_and_at_least_8_medians,0.0,review_only,2025-04-01,True,False,361.0,False,monthly_and_transactions_not_reconciled
300200302_,шт,Алматы,2025-05-15,20000048330,270.0,130,180,4.0,54.0,32.0,above_Q3_plus_3IQR_and_at_least_8_medians,0.0,review_only,2025-05-01,True,False,105.0,False,monthly_and_transactions_not_reconciled
300200302_,шт,Алматы,2025-07-11,30000032580,120.0,168,180,4.0,54.0,32.0,above_Q3_plus_3IQR_and_at_least_8_medians,0.0,review_only,2025-07-01,True,False,336.0,False,monthly_and_transactions_not_reconciled
300200302_,шт,Алматы,2025-07-21,20000075187,81.0,166,180,5.0,54.0,40.0,above_Q3_plus_3IQR_and_at_least_8_medians,0.0,review_only,2025-07-01,True,False,336.0,False,monthly_and_transactions_not_reconciled
300200302_,шт,Алматы,2025-08-05,20000083165,90.0,171,180,5.0,54.0,40.0,above_Q3_plus_3IQR_and_at_least_8_medians,0.0,review_only,2025-08-01,True,False,520.0,False,monthly_and_transactions_not_reconciled
300200302_,шт,Алматы,2025-08-07,20000084236,90.0,171,180,5.0,54.0,40.0,above_Q3_plus_3IQR_and_at_least_8_medians,0.0,review_only,2025-08-01,True,False,520.0,False,monthly_and_transactions_not_reconciled
300200302_,шт,Алматы,2025-08-12,20000085926,60.0,164,180,5.0,54.0,40.0,above_Q3_plus_3IQR_and_at_least_8_medians,0.0,review_only,2025-08-01,True,False,520.0,False,monthly_and_transactions_not_reconciled
300200302_,шт,Алматы,2025-08-20,20000089508,70.0,167,180,5.0,54.0,40.0,above_Q3_plus_3IQR_and_at_least_8_medians,0.0,review_only,2025-08-01,True,False,520.0,False,monthly_and_transactions_not_reconciled
300200302_,шт,Алматы,2025-09-12,20000098635,50.0,169,180,5.0,34.0,40.0,above_Q3_plus_3IQR_and_at_least_8_medians,0.0,review_only,2025-09-01,True,False,368.0,False,monthly_and_transactions_not_reconciled
300200302_,шт,Алматы,2025-09-26,20000106623,105.0,181,180,5.0,54.0,40.0,above_Q3_plus_3IQR_and_at_least_8_medians,0.0,review_only,2025-09-01,True,False,368.0,False,monthly_and_transactions_not_reconciled
300200302_,шт,Алматы,2025-11-07,20000125451,60.0,181,180,5.0,54.0,40.0,above_Q3_plus_3IQR_and_at_least_8_medians,0.0,review_only,2025-11-01,True,False,281.0,False,monthly_and_transactions_not_reconciled
300200302_,шт,Алматы,2025-11-21,20000131731,150.0,187,180,5.0,54.0,40.0,above_Q3_plus_3IQR_and_at_least_8_medians,0.0,review_only,2025-11-01,True,False,281.0,False,monthly_and_transactions_not_reconciled
300200302_,шт,Алматы,2026-02-11,20000014928,90.0,182,180,4.0,57.0,32.0,above_Q3_plus_3IQR_and_at_least_8_medians,0.0,review_only,2026-02-01,True,False,121.0,False,monthly_and_transactions_not_reconciled
300200302_,шт,Алматы,2026-02-25,20000020178,150.0,175,180,4.0,57.0,32.0,above_Q3_plus_3IQR_and_at_least_8_medians,0.0,review_only,2026-02-01,True,False,121.0,False,monthly_and_transactions_not_reconciled
300200302_,шт,Алматы,2026-03-10,20000024662,60.0,168,180,5.0,54.75,40.0,above_Q3_plus_3IQR_and_at_least_8_medians,0.0,review_only,2026-03-01,True,False,161.0,False,monthly_and_transactions_not_reconciled
300200302_,шт,Алматы,2026-03-27,20000030369,60.0,154,180,4.0,54.0,32.0,above_Q3_plus_3IQR_and_at_least_8_medians,0.0,review_only,2026-03-01,True,False,161.0,False,monthly_and_transactions_not_reconciled
300200302_,шт,Алматы,2026-04-06,20000033986,100.0,152,180,5.0,55.0,40.0,above_Q3_plus_3IQR_and_at_least_8_medians,0.0,review_only,2026-04-01,True,False,371.0,False,monthly_and_transactions_not_reconciled
300200302_,шт,Алматы,2026-04-15,20000038237,80.0,154,180,5.0,66.0,40.0,above_Q3_plus_3IQR_and_at_least_8_medians,0.0,review_only,2026-04-01,True,False,371.0,False,monthly_and_transactions_not_reconciled
300200302_,шт,Алматы,2026-04-29,20000044513,60.0,156,180,4.0,54.0,32.0,above_Q3_plus_3IQR_and_at_least_8_medians,0.0,review_only,2026-04-01,True,False,371.0,False,monthly_and_transactions_not_reconciled
300200302_,шт,Алматы,2026-05-15,20000050457,75.0,144,180,5.0,74.0,40.0,above_Q3_plus_3IQR_and_at_least_8_medians,0.0,review_only,2026-05-01,True,False,244.0,False,monthly_and_transactions_not_reconciled
300200302_,шт,Алматы,2026-06-08,20000060916,105.0,137,180,6.0,74.0,48.0,above_Q3_plus_3IQR_and_at_least_8_medians,0.0,review_only,2026-06-01,True,False,262.0,False,monthly_and_transactions_not_reconciled
300200302_,шт,Алматы,2026-06-30,20000071222,100.0,142,180,5.0,70.0,40.0,above_Q3_plus_3IQR_and_at_least_8_medians,0.0,review_only,2026-06-01,True,False,262.0,False,monthly_and_transactions_not_reconciled
300200302_,шт,Алматы,2026-07-03,20000073235,120.0,145,180,5.0,74.0,40.0,above_Q3_plus_3IQR_and_at_least_8_medians,0.0,review_only,2026-07-01,True,False,279.0,False,monthly_and_transactions_not_reconciled
300200302_,шт,Алматы,2026-09-02,20000101838,75.0,165,180,4.0,61.0,32.0,above_Q3_plus_3IQR_and_at_least_8_medians,0.0,review_only,2026-09-01,,,,False,monthly_and_transactions_not_reconciled
300200303_,шт,Алматы,2025-01-08,20000001025,315.0,10,180,12.0,125.5,96.0,above_Q3_plus_3IQR_and_at_least_8_medians,0.0,review_only,2025-01-01,True,False,4019.0,False,monthly_and_transactions_not_reconciled
300200303_,шт,Алматы,2025-01-10,20000002190,200.0,19,180,11.0,100.5,88.0,above_Q3_plus_3IQR_and_at_least_8_medians,0.0,review_only,2025-01-01,True,False,4019.0,False,monthly_and_transactions_not_reconciled
300200303_,шт,Алматы,2025-01-10,20000002191,180.0,19,180,11.0,100.5,88.0,above_Q3_plus_3IQR_and_at_least_8_medians,0.0,review_only,2025-01-01,True,False,4019.0,False,monthly_and_transactions_not_reconciled
300200303_,шт,Алматы,2025-01-14,20000002855,270.0,33,180,13.0,219.0,104.0,above_Q3_plus_3IQR_and_at_least_8_medians,0.0,review_only,2025-01-01,True,False,4019.0,False,monthly_and_transactions_not_reconciled
300200303_,шт,Алматы,2025-02-03,20000010670,720.0,103,180,12.0,162.0,96.0,above_Q3_plus_3IQR_and_at_least_8_medians,0.0,review_only,2025-02-01,True,False,4666.0,False,monthly_and_transactions_not_reconciled
300200303_,шт,Алматы,2025-02-03,30000000355,450.0,103,180,12.0,162.0,96.0,above_Q3_plus_3IQR_and_at_least_8_medians,0.0,review_only,2025-02-01,True,False,4666.0,False,monthly_and_transactions_not_reconciled
300200303_,шт,Алматы,2025-02-06,20000011724,200.0,114,180,12.0,162.0,96.0,above_Q3_plus_3IQR_and_at_least_8_medians,0.0,review_only,2025-02-01,True,False,4666.0,False,monthly_and_transactions_not_reconciled
300200303_,шт,Алматы,2025-02-11,20000013449,186.0,134,180,12.0,162.0,96.0,above_Q3_plus_3IQR_and_at_least_8_medians,0.0,review_only,2025-02-01,True,False,4666.0,False,monthly_and_transactions_not_reconciled
300200303_,шт,Алматы,2025-02-12,20000014330,315.0,139,180,12.0,162.0,96.0,above_Q3_plus_3IQR_and_at_least_8_medians,0.0,review_only,2025-02-01,True,False,4666.0,False,monthly_and_transactions_not_reconciled
300200303_,шт,Алматы,2025-02-14,20000015417,180.0,151,180,12.0,174.0,96.0,above_Q3_plus_3IQR_and_at_least_8_medians,0.0,review_only,2025-02-01,True,False,4666.0,False,monthly_and_transactions_not_reconciled
300200303_,шт,Алматы,2025-02-21,20000017829,401.0,171,180,13.0,182.0,104.0,above_Q3_plus_3IQR_and_at_least_8_medians,0.0,review_only,2025-02-01,True,False,4666.0,False,monthly_and_transactions_not_reconciled
300200303_,шт,Алматы,2025-02-25,20000018794,200.0,180,180,13.5,176.0,108.0,above_Q3_plus_3IQR_and_at_least_8_medians,0.0,review_only,2025-02-01,True,False,4666.0,False,monthly_and_transactions_not_reconciled
300200303_,шт,Алматы,2025-02-25,20000019350,270.0,180,180,13.5,176.0,108.0,above_Q3_plus_3IQR_and_at_least_8_medians,0.0,review_only,2025-02-01,True,False,4666.0,False,monthly_and_transactions_not_reconciled
300200303_,шт,Алматы,2025-02-28,20000020736,200.0,194,180,13.0,177.0,104.0,above_Q3_plus_3IQR_and_at_least_8_medians,0.0,review_only,2025-02-01,True,False,4666.0,False,monthly_and_transactions_not_reconciled
300200303_,шт,Алматы,2025-03-04,20000021546,450.0,206,180,14.0,174.0,112.0,above_Q3_plus_3IQR_and_at_least_8_medians,0.0,review_only,2025-03-01,True,False,3815.0,False,monthly_and_transactions_not_reconciled
300200303_,шт,Алматы,2025-03-07,20000022926,200.0,216,180,14.5,174.0,116.0,above_Q3_plus_3IQR_and_at_least_8_medians,0.0,review_only,2025-03-01,True,False,3815.0,False,monthly_and_transactions_not_reconciled
300200303_,шт,Алматы,2025-03-14,20000025458,200.0,241,180,16.0,174.0,128.0,above_Q3_plus_3IQR_and_at_least_8_medians,0.0,review_only,2025-03-01,True,False,3815.0,False,monthly_and_transactions_not_reconciled
300200303_,шт,Алматы,2025-03-14,20000025459,200.0,241,180,16.0,174.0,128.0,above_Q3_plus_3IQR_and_at_least_8_medians,0.0,review_only,2025-03-01,True,False,3815.0,False,monthly_and_transactions_not_reconciled
300200303_,шт,Алматы,2025-03-26,30000000709,225.0,277,180,16.0,171.0,128.0,above_Q3_plus_3IQR_and_at_least_8_medians,0.0,review_only,2025-03-01,True,False,3815.0,False,monthly_and_transactions_not_reconciled
300200303_,шт,Алматы,2025-03-28,20000029630,200.0,287,180,16.0,171.0,128.0,above_Q3_plus_3IQR_and_at_least_8_medians,0.0,review_only,2025-03-01,True,False,3815.0,False,monthly_and_transactions_not_reconciled
300200303_,шт,Алматы,2025-04-14,20000035410,200.0,335,180,16.0,171.0,128.0,above_Q3_plus_3IQR_and_at_least_8_medians,0.0,review_only,2025-04-01,True,False,4939.0,False,monthly_and_transactions_not_reconciled
300200303_,шт,Алматы,2025-04-15,20000036117,180.0,338,180,16.0,177.0,128.0,above_Q3_plus_3IQR_and_at_least_8_medians,0.0,review_only,2025-04-01,True,False,4939.0,False,monthly_and_transactions_not_reconciled
300200303_,шт,Алматы,2025-04-15,20000036278,405.0,338,180,16.0,177.0,128.0,above_Q3_plus_3IQR_and_at_least_8_medians,0.0,review_only,2025-04-01,True,False,4939.0,False,monthly_and_transactions_not_reconciled
300200303_,шт,Алматы,2025-04-15,20000036282,405.0,338,180,16.0,177.0,128.0,above_Q3_plus_3IQR_and_at_least_8_medians,0.0,review_only,2025-04-01,True,False,4939.0,False,monthly_and_transactions_not_reconciled
300200303_,шт,Алматы,2025-04-16,20000036939,461.0,345,180,17.0,179.0,136.0,above_Q3_plus_3IQR_and_at_least_8_medians,0.0,review_only,2025-04-01,True,False,4939.0,False,monthly_and_transactions_not_reconciled
300200303_,шт,Алматы,2025-04-25,20000041171,360.0,379,180,18.0,179.0,144.0,above_Q3_plus_3IQR_and_at_least_8_medians,0.0,review_only,2025-04-01,True,False,4939.0,False,monthly_and_transactions_not_reconciled
300200303_,шт,Алматы,2025-04-30,20000042611,180.0,389,180,19.0,179.0,152.0,above_Q3_plus_3IQR_and_at_least_8_medians,0.0,review_only,2025-04-01,True,False,4939.0,False,monthly_and_transactions_not_reconciled
300200303_,шт,Алматы,2025-05-15,20000048330,720.0,435,180,18.0,179.0,144.0,above_Q3_plus_3IQR_and_at_least_8_medians,0.0,review_only,2025-05-01,True,False,5786.0,False,monthly_and_transactions_not_reconciled
300200303_,шт,Алматы,2025-05-16,20000048887,250.0,439,180,18.0,179.0,144.0,above_Q3_plus_3IQR_and_at_least_8_medians,0.0,review_only,2025-05-01,True,False,5786.0,False,monthly_and_transactions_not_reconciled
300200303_,шт,Алматы,2025-05-16,20000048897,180.0,439,180,18.0,179.0,144.0,above_Q3_plus_3IQR_and_at_least_8_medians,0.0,review_only,2025-05-01,True,False,5786.0,False,monthly_and_transactions_not_reconciled
300200303_,шт,Алматы,2025-05-19,20000049444,270.0,447,180,19.0,179.0,152.0,above_Q3_plus_3IQR_and_at_least_8_medians,0.0,review_only,2025-05-01,True,False,5786.0,False,monthly_and_transactions_not_reconciled
300200303_,шт,Алматы,2025-05-26,20000052552,270.0,480,180,18.0,180.75,144.0,above_Q3_plus_3IQR_and_at_least_8_medians,0.0,review_only,2025-05-01,True,False,5786.0,False,monthly_and_transactions_not_reconciled
300200303_,шт,Алматы,2025-05-28,20000053426,273.0,490,180,18.5,179.0,148.0,above_Q3_plus_3IQR_and_at_least_8_medians,0.0,review_only,2025-05-01,True,False,5786.0,False,monthly_and_transactions_not_reconciled
300200303_,шт,Алматы,2025-06-04,20000056378,300.0,521,180,19.0,182.0,152.0,above_Q3_plus_3IQR_and_at_least_8_medians,0.0,review_only,2025-06-01,True,False,4713.0,False,monthly_and_transactions_not_reconciled
300200303_,шт,Алматы,2025-06-07,20000057805,200.0,530,180,18.5,182.0,148.0,above_Q3_plus_3IQR_and_at_least_8_medians,0.0,review_only,2025-06-01,True,False,4713.0,False,monthly_and_transactions_not_reconciled
300200303_,шт,Алматы,2025-06-09,20000058523,300.0,531,180,19.0,184.0,152.0,above_Q3_plus_3IQR_and_at_least_8_medians,0.0,review_only,2025-06-01,True,False,4713.0,False,monthly_and_transactions_not_reconciled
300200303_,шт,Алматы,2025-06-12,20000059647,200.0,548,180,18.0,182.0,144.0,above_Q3_plus_3IQR_and_at_least_8_medians,0.0,review_only,2025-06-01,True,False,4713.0,False,monthly_and_transactions_not_reconciled
300200303_,шт,Алматы,2025-06-14,20000060916,200.0,556,180,18.0,182.0,144.0,above_Q3_plus_3IQR_and_at_least_8_medians,0.0,review_only,2025-06-01,True,False,4713.0,False,monthly_and_transactions_not_reconciled
300200303_,шт,Алматы,2025-06-17,20000061531,270.0,565,180,18.0,182.0,144.0,above_Q3_plus_3IQR_and_at_least_8_medians,0.0,review_only,2025-06-01,True,False,4713.0,False,monthly_and_transactions_not_reconciled
300200303_,шт,Алматы,2025-06-18,20000063189,450.0,567,180,18.0,180.5,144.0,above_Q3_plus_3IQR_and_at_least_8_medians,0.0,review_only,2025-06-01,True,False,4713.0,False,monthly_and_transactions_not_reconciled
300200303_,шт,Алматы,2025-06-23,30000032347,450.0,587,180,18.0,182.0,144.0,above_Q3_plus_3IQR_and_at_least_8_medians,0.0,review_only,2025-06-01,True,False,4713.0,False,monthly_and_transactions_not_reconciled
300200303_,шт,Алматы,2025-06-24,20000064626,225.0,591,180,18.0,182.0,144.0,above_Q3_plus_3IQR_and_at_least_8_medians,0.0,review_only,2025-06-01,True,False,4713.0,False,monthly_and_transactions_not_reconciled
300200303_,шт,Алматы,2025-07-01,20000067792,270.0,615,180,19.0,182.0,152.0,above_Q3_plus_3IQR_and_at_least_8_medians,0.0,review_only,2025-07-01,True,False,3254.0,False,monthly_and_transactions_not_reconciled
300200303_,шт,Алматы,2025-07-10,20000072003,765.0,614,180,18.0,182.0,144.0,above_Q3_plus_3IQR_and_at_least_8_medians,0.0,review_only,2025-07-01,True,False,3254.0,False,monthly_and_transactions_not_reconciled
300200303_,шт,Алматы,2025-07-29,20000079660,200.0,613,180,20.0,182.0,160.0,above_Q3_plus_3IQR_and_at_least_8_medians,0.0,review_only,2025-07-01,True,False,3254.0,False,monthly_and_transactions_not_reconciled
300200303_,шт,Алматы,2025-08-06,20000083655,270.0,615,180,20.0,182.0,160.0,above_Q3_plus_3IQR_and_at_least_8_medians,0.0,review_only,2025-08-01,True,False,5456.0,False,monthly_and_transactions_not_reconciled
300200303_,шт,Алматы,2025-08-06,20000083682,200.0,615,180,20.0,182.0,160.0,above_Q3_plus_3IQR_and_at_least_8_medians,0.0,review_only,2025-08-01,True,False,5456.0,False,monthly_and_transactions_not_reconciled
300200303_,шт,Алматы,2025-08-06,20000083954,306.0,615,180,20.0,182.0,160.0,above_Q3_plus_3IQR_and_at_least_8_medians,0.0,review_only,2025-08-01,True,False,5456.0,False,monthly_and_transactions_not_reconciled
300200303_,шт,Алматы,2025-08-07,20000084231,450.0,617,180,20.0,198.0,160.0,above_Q3_plus_3IQR_and_at_least_8_medians,0.0,review_only,2025-08-01,True,False,5456.0,False,monthly_and_transactions_not_reconciled
300200303_,шт,Алматы,2025-08-12,20000085891,200.0,606,180,20.0,198.0,160.0,above_Q3_plus_3IQR_and_at_least_8_medians,0.0,review_only,2025-08-01,True,False,5456.0,False,monthly_and_transactions_not_reconciled
300200303_,шт,Алматы,2025-08-19,20000088588,270.0,615,180,20.0,199.0,160.0,above_Q3_plus_3IQR_and_at_least_8_medians,0.0,review_only,2025-08-01,True,False,5456.0,False,monthly_and_transactions_not_reconciled
300200303_,шт,Алматы,2025-08-27,20000092881,266.0,630,180,20.0,198.0,160.0,above_Q3_plus_3IQR_and_at_least_8_medians,0.0,review_only,2025-08-01,True,False,5456.0,False,monthly_and_transactions_not_reconciled
300200303_,шт,Алматы,2025-09-17,20000101404,300.0,634,180,20.0,182.0,160.0,above_Q3_plus_3IQR_and_at_least_8_medians,0.0,review_only,2025-09-01,True,False,3753.0,False,monthly_and_transactions_not_reconciled
300200303_,шт,Алматы,2025-09-26,20000106623,225.0,653,180,20.0,185.0,160.0,above_Q3_plus_3IQR_and_at_least_8_medians,0.0,review_only,2025-09-01,True,False,3753.0,False,monthly_and_transactions_not_reconciled
300200303_,шт,Алматы,2025-10-01,20000107696,200.0,654,180,20.0,185.0,160.0,above_Q3_plus_3IQR_and_at_least_8_medians,0.0,review_only,2025-10-01,True,False,2809.0,False,monthly_and_transactions_not_reconciled
300200303_,шт,Алматы,2025-10-14,20000113660,200.0,645,180,19.0,169.0,152.0,above_Q3_plus_3IQR_and_at_least_8_medians,0.0,review_only,2025-10-01,True,False,2809.0,False,monthly_and_transactions_not_reconciled
300200303_,шт,Алматы,2025-11-03,20000121715,200.0,636,180,18.0,169.0,144.0,above_Q3_plus_3IQR_and_at_least_8_medians,0.0,review_only,2025-11-01,True,False,3403.0,False,monthly_and_transactions_not_reconciled
300200303_,шт,Алматы,2025-11-07,20000125451,180.0,648,180,17.0,169.0,136.0,above_Q3_plus_3IQR_and_at_least_8_medians,0.0,review_only,2025-11-01,True,False,3403.0,False,monthly_and_transactions_not_reconciled
300200303_,шт,Алматы,2025-11-21,20000131623,225.0,630,180,17.0,165.0,136.0,above_Q3_plus_3IQR_and_at_least_8_medians,0.0,review_only,2025-11-01,True,False,3403.0,False,monthly_and_transactions_not_reconciled
300200303_,шт,Алматы,2025-11-26,20000133074,250.0,620,180,17.0,165.0,136.0,above_Q3_plus_3IQR_and_at_least_8_medians,0.0,review_only,2025-11-01,True,False,3403.0,False,monthly_and_transactions_not_reconciled
300200303_,шт,Алматы,2025-11-28,20000134339,200.0,625,180,17.0,165.0,136.0,above_Q3_plus_3IQR_and_at_least_8_medians,0.0,review_only,2025-11-01,True,False,3403.0,False,monthly_and_transactions_not_reconciled
300200303_,шт,Алматы,2025-11-28,20000134832,765.0,625,180,17.0,165.0,136.0,above_Q3_plus_3IQR_and_at_least_8_medians,0.0,review_only,2025-11-01,True,False,3403.0,False,monthly_and_transactions_not_reconciled
300200303_,шт,Алматы,2025-12-02,20000135912,200.0,617,180,16.0,165.0,128.0,above_Q3_plus_3IQR_and_at_least_8_medians,0.0,review_only,2025-12-01,True,False,3830.0,False,monthly_and_transactions_not_reconciled
300200303_,шт,Алматы,2025-12-11,20000140922,810.0,612,180,16.0,165.0,128.0,above_Q3_plus_3IQR_and_at_least_8_medians,0.0,review_only,2025-12-01,True,False,3830.0,False,monthly_and_transactions_not_reconciled
300200303_,шт,Алматы,2025-12-15,20000142331,180.0,614,180,16.5,165.0,132.0,above_Q3_plus_3IQR_and_at_least_8_medians,0.0,review_only,2025-12-01,True,False,3830.0,False,monthly_and_transactions_not_reconciled
300200303_,шт,Алматы,2025-12-17,20000143541,270.0,607,180,17.0,165.0,136.0,above_Q3_plus_3IQR_and_at_least_8_medians,0.0,review_only,2025-12-01,True,False,3830.0,False,monthly_and_transactions_not_reconciled
300200303_,шт,Алматы,2025-12-19,20000143859,400.0,611,180,19.0,162.0,152.0,above_Q3_plus_3IQR_and_at_least_8_medians,0.0,review_only,2025-12-01,True,False,3830.0,False,monthly_and_transactions_not_reconciled
300200303_,шт,Алматы,2025-12-23,20000146079,196.0,612,180,17.0,165.0,136.0,above_Q3_plus_3IQR_and_at_least_8_medians,0.0,review_only,2025-12-01,True,False,3830.0,False,monthly_and_transactions_not_reconciled
300200303_,шт,Алматы,2025-12-26,20000147232,200.0,622,180,17.0,165.0,136.0,above_Q3_plus_3IQR_and_at_least_8_medians,0.0,review_only,2025-12-01,True,False,3830.0,False,monthly_and_transactions_not_reconciled
300200303_,шт,Алматы,2026-01-08,20000000940,200.0,607,180,16.0,165.0,128.0,above_Q3_plus_3IQR_and_at_least_8_medians,0.0,review_only,2026-01-01,True,False,2600.0,False,monthly_and_transactions_not_reconciled
300200303_,шт,Алматы,2026-01-23,20000006934,200.0,609,180,16.0,165.0,128.0,above_Q3_plus_3IQR_and_at_least_8_medians,0.0,review_only,2026-01-01,True,False,2600.0,False,monthly_and_transactions_not_reconciled
300200303_,шт,Алматы,2026-01-23,30000000164,200.0,609,180,16.0,165.0,128.0,above_Q3_plus_3IQR_and_at_least_8_medians,0.0,review_only,2026-01-01,True,False,2600.0,False,monthly_and_transactions_not_reconciled
300200303_,шт,Алматы,2026-01-30,20000010436,180.0,607,180,16.0,165.0,128.0,above_Q3_plus_3IQR_and_at_least_8_medians,0.0,review_only,2026-01-01,True,False,2600.0,False,monthly_and_transactions_not_reconciled
300200303_,шт,Алматы,2026-02-11,20000014928,540.0,577,180,16.0,165.0,128.0,above_Q3_plus_3IQR_and_at_least_8_medians,0.0,review_only,2026-02-01,True,False,2695.0,False,monthly_and_transactions_not_reconciled
300200303_,шт,Алматы,2026-02-14,20000015633,200.0,579,180,16.0,165.0,128.0,above_Q3_plus_3IQR_and_at_least_8_medians,0.0,review_only,2026-02-01,True,False,2695.0,False,monthly_and_transactions_not_reconciled
300200303_,шт,Алматы,2026-02-25,20000019759,200.0,550,180,16.0,165.0,128.0,above_Q3_plus_3IQR_and_at_least_8_medians,0.0,review_only,2026-02-01,True,False,2695.0,False,monthly_and_transactions_not_reconciled
300200303_,шт,Алматы,2026-02-25,20000020178,675.0,550,180,16.0,165.0,128.0,above_Q3_plus_3IQR_and_at_least_8_medians,0.0,review_only,2026-02-01,True,False,2695.0,False,monthly_and_transactions_not_reconciled
300200303_,шт,Алматы,2026-03-03,20000022782,225.0,547,180,16.0,165.0,128.0,above_Q3_plus_3IQR_and_at_least_8_medians,0.0,review_only,2026-03-01,True,False,2412.0,False,monthly_and_transactions_not_reconciled
300200303_,шт,Алматы,2026-03-13,20000025611,200.0,524,180,16.0,165.0,128.0,above_Q3_plus_3IQR_and_at_least_8_medians,0.0,review_only,2026-03-01,True,False,2412.0,False,monthly_and_transactions_not_reconciled
300200303_,шт,Алматы,2026-03-19,20000028169,200.0,519,180,16.0,165.0,128.0,above_Q3_plus_3IQR_and_at_least_8_medians,0.0,review_only,2026-03-01,True,False,2412.0,False,monthly_and_transactions_not_reconciled
300200303_,шт,Алматы,2026-03-27,20000030357,180.0,501,180,16.0,165.0,128.0,above_Q3_plus_3IQR_and_at_least_8_medians,0.0,review_only,2026-03-01,True,False,2412.0,False,monthly_and_transactions_not_reconciled
300200303_,шт,Алматы,2026-04-06,20000033986,780.0,496,180,17.0,165.0,136.0,above_Q3_plus_3IQR_and_at_least_8_medians,0.0,review_only,2026-04-01,True,False,3192.0,False,monthly_and_transactions_not_reconciled
300200303_,шт,Алматы,2026-04-20,20000040431,810.0,498,180,18.0,165.0,144.0,above_Q3_plus_3IQR_and_at_least_8_medians,0.0,review_only,2026-04-01,True,False,3192.0,False,monthly_and_transactions_not_reconciled
300200303_,шт,Алматы,2026-05-04,20000046240,180.0,504,180,17.0,165.0,136.0,above_Q3_plus_3IQR_and_at_least_8_medians,0.0,review_only,2026-05-01,True,False,1967.0,False,monthly_and_transactions_not_reconciled
300200303_,шт,Алматы,2026-05-25,20000054525,180.0,504,180,17.0,165.0,136.0,above_Q3_plus_3IQR_and_at_least_8_medians,0.0,review_only,2026-05-01,True,False,1967.0,False,monthly_and_transactions_not_reconciled
300200303_,шт,Алматы,2026-06-03,20000058167,200.0,489,180,17.0,165.0,136.0,above_Q3_plus_3IQR_and_at_least_8_medians,0.0,review_only,2026-06-01,True,False,3823.0,False,monthly_and_transactions_not_reconciled
300200303_,шт,Алматы,2026-06-03,20000058590,190.0,489,180,17.0,165.0,136.0,above_Q3_plus_3IQR_and_at_least_8_medians,0.0,review_only,2026-06-01,True,False,3823.0,False,monthly_and_transactions_not_reconciled
300200303_,шт,Алматы,2026-06-09,20000061129,180.0,490,180,17.0,165.0,136.0,above_Q3_plus_3IQR_and_at_least_8_medians,0.0,review_only,2026-06-01,True,False,3823.0,False,monthly_and_transactions_not_reconciled
300200303_,шт,Алматы,2026-06-09,20000061198,200.0,490,180,17.0,165.0,136.0,above_Q3_plus_3IQR_and_at_least_8_medians,0.0,review_only,2026-06-01,True,False,3823.0,False,monthly_and_transactions_not_reconciled
300200303_,шт,Алматы,2026-06-24,20000068747,315.0,485,180,15.0,165.0,120.0,above_Q3_plus_3IQR_and_at_least_8_medians,0.0,review_only,2026-06-01,True,False,3823.0,False,monthly_and_transactions_not_reconciled
300200303_,шт,Алматы,2026-06-30,20000070660,500.0,492,180,15.5,165.0,124.0,above_Q3_plus_3IQR_and_at_least_8_medians,0.0,review_only,2026-06-01,True,False,3823.0,False,monthly_and_transactions_not_reconciled
300200303_,шт,Алматы,2026-07-02,20000071965,225.0,497,180,15.0,165.0,120.0,above_Q3_plus_3IQR_and_at_least_8_medians,0.0,review_only,2026-07-01,True,False,4663.0,False,monthly_and_transactions_not_reconciled
300200303_,шт,Алматы,2026-07-03,20000073235,180.0,499,180,16.0,165.0,128.0,above_Q3_plus_3IQR_and_at_least_8_medians,0.0,review_only,2026-07-01,True,False,4663.0,False,monthly_and_transactions_not_reconciled
300200303_,шт,Алматы,2026-07-03,20000073273,900.0,499,180,16.0,165.0,128.0,above_Q3_plus_3IQR_and_at_least_8_medians,0.0,review_only,2026-07-01,True,False,4663.0,False,monthly_and_transactions_not_reconciled
300200303_,шт,Алматы,2026-07-09,20000074856,250.0,502,180,15.0,165.0,120.0,above_Q3_plus_3IQR_and_at_least_8_medians,0.0,review_only,2026-07-01,True,False,4663.0,False,monthly_and_transactions_not_reconciled
300200303_,шт,Алматы,2026-07-09,20000075481,320.0,502,180,15.0,165.0,120.0,above_Q3_plus_3IQR_and_at_least_8_medians,0.0,review_only,2026-07-01,True,False,4663.0,False,monthly_and_transactions_not_reconciled
300200303_,шт,Алматы,2026-07-17,20000079498,180.0,517,180,15.0,165.0,120.0,above_Q3_plus_3IQR_and_at_least_8_medians,0.0,review_only,2026-07-01,True,False,4663.0,False,monthly_and_transactions_not_reconciled
300200303_,шт,Алматы,2026-07-23,30000002051,180.0,510,180,15.0,165.0,120.0,above_Q3_plus_3IQR_and_at_least_8_medians,0.0,review_only,2026-07-01,True,False,4663.0,False,monthly_and_transactions_not_reconciled
300200303_,шт,Алматы,2026-07-27,20000083341,464.0,511,180,15.0,165.0,120.0,above_Q3_plus_3IQR_and_at_least_8_medians,0.0,review_only,2026-07-01,True,False,4663.0,False,monthly_and_transactions_not_reconciled
300200303_,шт,Алматы,2026-07-28,20000083523,480.0,508,180,15.0,165.0,120.0,above_Q3_plus_3IQR_and_at_least_8_medians,0.0,review_only,2026-07-01,True,False,4663.0,False,monthly_and_transactions_not_reconciled
300200303_,шт,Алматы,2026-07-31,20000085912,480.0,518,180,15.0,165.0,120.0,above_Q3_plus_3IQR_and_at_least_8_medians,0.0,review_only,2026-07-01,True,False,4663.0,False,monthly_and_transactions_not_reconciled
300200303_,шт,Алматы,2026-08-03,20000086678,460.0,521,180,15.0,165.0,120.0,above_Q3_plus_3IQR_and_at_least_8_medians,0.0,review_only,2026-08-01,True,False,3530.0,False,monthly_and_transactions_not_reconciled
300200303_,шт,Алматы,2026-08-05,20000086220,300.0,527,180,15.0,165.0,120.0,above_Q3_plus_3IQR_and_at_least_8_medians,0.0,review_only,2026-08-01,True,False,3530.0,False,monthly_and_transactions_not_reconciled
300200303_,шт,Алматы,2026-08-10,20000090151,180.0,535,180,15.0,165.0,120.0,above_Q3_plus_3IQR_and_at_least_8_medians,0.0,review_only,2026-08-01,True,False,3530.0,False,monthly_and_transactions_not_reconciled
300200303_,шт,Алматы,2026-08-11,20000090788,200.0,542,180,15.0,165.0,120.0,above_Q3_plus_3IQR_and_at_least_8_medians,0.0,review_only,2026-08-01,True,False,3530.0,False,monthly_and_transactions_not_reconciled
300200303_,шт,Алматы,2026-08-24,20000097297,1350.0,543,180,15.0,165.0,120.0,above_Q3_plus_3IQR_and_at_least_8_medians,0.0,review_only,2026-08-01,True,False,3530.0,False,monthly_and_transactions_not_reconciled
300200304_,шт,Алматы,2025-01-10,20000001900,300.0,14,180,9.0,157.5,72.0,above_Q3_plus_3IQR_and_at_least_8_medians,0.0,review_only,2025-01-01,True,False,2083.0,False,monthly_and_transactions_not_reconciled
300200304_,шт,Алматы,2025-01-28,20000008553,200.0,57,180,10.0,108.0,80.0,above_Q3_plus_3IQR_and_at_least_8_medians,0.0,review_only,2025-01-01,True,False,2083.0,False,monthly_and_transactions_not_reconciled
300200304_,шт,Алматы,2025-02-03,20000010670,120.0,82,180,8.0,108.0,64.0,above_Q3_plus_3IQR_and_at_least_8_medians,0.0,review_only,2025-02-01,True,False,1926.0,False,monthly_and_transactions_not_reconciled
300200304_,шт,Алматы,2025-02-11,20000013449,117.0,107,180,8.0,111.0,64.0,above_Q3_plus_3IQR_and_at_least_8_medians,0.0,review_only,2025-02-01,True,False,1926.0,False,monthly_and_transactions_not_reconciled
300200304_,шт,Алматы,2025-02-21,20000017829,123.0,145,180,8.0,111.0,64.0,above_Q3_plus_3IQR_and_at_least_8_medians,0.0,review_only,2025-02-01,True,False,1926.0,False,monthly_and_transactions_not_reconciled
300200304_,шт,Алматы,2025-02-25,20000019350,120.0,154,180,9.5,111.0,76.0,above_Q3_plus_3IQR_and_at_least_8_medians,0.0,review_only,2025-02-01,True,False,1926.0,False,monthly_and_transactions_not_reconciled
300200304_,шт,Алматы,2025-03-04,20000021546,180.0,171,180,10.0,111.0,80.0,above_Q3_plus_3IQR_and_at_least_8_medians,0.0,review_only,2025-03-01,True,False,990.0,False,monthly_and_transactions_not_reconciled
300200304_,шт,Алматы,2025-03-26,30000000709,120.0,230,180,9.0,111.0,72.0,above_Q3_plus_3IQR_and_at_least_8_medians,0.0,review_only,2025-03-01,True,False,990.0,False,monthly_and_transactions_not_reconciled
300200304_,шт,Алматы,2025-04-11,20000035323,210.0,270,180,8.5,111.0,68.0,above_Q3_plus_3IQR_and_at_least_8_medians,0.0,review_only,2025-04-01,True,False,2717.0,False,monthly_and_transactions_not_reconciled
300200304_,шт,Алматы,2025-04-24,20000040486,1000.0,311,180,9.0,111.0,72.0,above_Q3_plus_3IQR_and_at_least_8_medians,0.0,review_only,2025-04-01,True,False,2717.0,False,monthly_and_transactions_not_reconciled
300200304_,шт,Алматы,2025-04-25,20000041171,360.0,317,180,9.0,111.0,72.0,above_Q3_plus_3IQR_and_at_least_8_medians,0.0,review_only,2025-04-01,True,False,2717.0,False,monthly_and_transactions_not_reconciled
300200304_,шт,Алматы,2025-04-25,20000041189,240.0,317,180,9.0,111.0,72.0,above_Q3_plus_3IQR_and_at_least_8_medians,0.0,review_only,2025-04-01,True,False,2717.0,False,monthly_and_transactions_not_reconciled
300200304_,шт,Алматы,2025-05-15,20000048330,510.0,361,180,9.0,111.0,72.0,above_Q3_plus_3IQR_and_at_least_8_medians,0.0,review_only,2025-05-01,True,False,2020.0,False,monthly_and_transactions_not_reconciled
300200304_,шт,Алматы,2025-05-26,20000052789,500.0,400,180,9.0,111.0,72.0,above_Q3_plus_3IQR_and_at_least_8_medians,0.0,review_only,2025-05-01,True,False,2020.0,False,monthly_and_transactions_not_reconciled
300200304_,шт,Алматы,2025-06-18,20000063189,300.0,471,180,9.0,111.0,72.0,above_Q3_plus_3IQR_and_at_least_8_medians,0.0,review_only,2025-06-01,True,False,1649.0,False,monthly_and_transactions_not_reconciled
300200304_,шт,Алматы,2025-07-10,20000072003,270.0,508,180,9.0,111.0,72.0,above_Q3_plus_3IQR_and_at_least_8_medians,0.0,review_only,2025-07-01,True,False,1615.0,False,monthly_and_transactions_not_reconciled
300200304_,шт,Алматы,2025-07-11,30000032580,120.0,518,180,9.0,111.0,72.0,above_Q3_plus_3IQR_and_at_least_8_medians,0.0,review_only,2025-07-01,True,False,1615.0,False,monthly_and_transactions_not_reconciled
300200304_,шт,Алматы,2025-07-17,20000075661,150.0,510,180,9.0,111.0,72.0,above_Q3_plus_3IQR_and_at_least_8_medians,0.0,review_only,2025-07-01,True,False,1615.0,False,monthly_and_transactions_not_reconciled
300200304_,шт,Алматы,2025-08-06,20000083655,300.0,509,180,10.0,111.0,80.0,above_Q3_plus_3IQR_and_at_least_8_medians,0.0,review_only,2025-08-01,True,False,2239.0,False,monthly_and_transactions_not_reconciled
300200304_,шт,Алматы,2025-08-07,20000084231,150.0,510,180,10.0,111.0,80.0,above_Q3_plus_3IQR_and_at_least_8_medians,0.0,review_only,2025-08-01,True,False,2239.0,False,monthly_and_transactions_not_reconciled
300200304_,шт,Алматы,2025-08-13,20000087097,120.0,504,180,10.0,111.0,80.0,above_Q3_plus_3IQR_and_at_least_8_medians,0.0,review_only,2025-08-01,True,False,2239.0,False,monthly_and_transactions_not_reconciled
300200304_,шт,Алматы,2025-08-15,20000088279,164.0,509,180,10.0,111.0,80.0,above_Q3_plus_3IQR_and_at_least_8_medians,0.0,review_only,2025-08-01,True,False,2239.0,False,monthly_and_transactions_not_reconciled
300200304_,шт,Алматы,2025-08-19,20000089235,200.0,510,180,10.0,111.0,80.0,above_Q3_plus_3IQR_and_at_least_8_medians,0.0,review_only,2025-08-01,True,False,2239.0,False,monthly_and_transactions_not_reconciled
300200304_,шт,Алматы,2025-09-23,30000033121,150.0,540,180,10.0,111.0,80.0,above_Q3_plus_3IQR_and_at_least_8_medians,0.0,review_only,2025-09-01,True,False,1809.0,False,monthly_and_transactions_not_reconciled
300200304_,шт,Алматы,2025-09-24,20000105235,285.0,541,180,10.0,111.0,80.0,above_Q3_plus_3IQR_and_at_least_8_medians,0.0,review_only,2025-09-01,True,False,1809.0,False,monthly_and_transactions_not_reconciled
300200304_,шт,Алматы,2025-09-26,20000106623,180.0,539,180,10.0,111.0,80.0,above_Q3_plus_3IQR_and_at_least_8_medians,0.0,review_only,2025-09-01,True,False,1809.0,False,monthly_and_transactions_not_reconciled
300200304_,шт,Алматы,2025-12-23,20000146079,351.0,518,180,9.0,111.0,72.0,above_Q3_plus_3IQR_and_at_least_8_medians,0.0,review_only,2025-12-01,True,False,1740.0,False,monthly_and_transactions_not_reconciled
300200304_,шт,Алматы,2026-02-03,20000011581,120.0,508,180,8.0,111.0,64.0,above_Q3_plus_3IQR_and_at_least_8_medians,0.0,review_only,2026-02-01,True,False,1133.0,False,monthly_and_transactions_not_reconciled
300200304_,шт,Алматы,2026-02-11,20000014928,180.0,493,180,8.0,103.0,64.0,above_Q3_plus_3IQR_and_at_least_8_medians,0.0,review_only,2026-02-01,True,False,1133.0,False,monthly_and_transactions_not_reconciled
300200304_,шт,Алматы,2026-02-25,20000020178,390.0,475,180,8.0,111.0,64.0,above_Q3_plus_3IQR_and_at_least_8_medians,0.0,review_only,2026-02-01,True,False,1133.0,False,monthly_and_transactions_not_reconciled
300200304_,шт,Алматы,2026-06-24,20000068732,150.0,423,180,8.0,87.0,64.0,above_Q3_plus_3IQR_and_at_least_8_medians,0.0,review_only,2026-06-01,True,False,1390.0,False,monthly_and_transactions_not_reconciled
300200304_,шт,Алматы,2026-07-02,20000071965,120.0,434,180,9.0,94.0,72.0,above_Q3_plus_3IQR_and_at_least_8_medians,0.0,review_only,2026-07-01,True,False,937.0,False,monthly_and_transactions_not_reconciled
300200304_,шт,Алматы,2026-07-03,20000073235,120.0,438,180,9.0,94.0,72.0,above_Q3_plus_3IQR_and_at_least_8_medians,0.0,review_only,2026-07-01,True,False,937.0,False,monthly_and_transactions_not_reconciled
300200304_,шт,Алматы,2026-07-21,20000080997,510.0,450,180,8.0,82.0,64.0,above_Q3_plus_3IQR_and_at_least_8_medians,0.0,review_only,2026-07-01,True,False,937.0,False,monthly_and_transactions_not_reconciled
300200304_,шт,Алматы,2026-08-01,20000085466,100.0,451,180,8.0,71.0,64.0,above_Q3_plus_3IQR_and_at_least_8_medians,0.0,review_only,2026-08-01,True,False,1547.0,False,monthly_and_transactions_not_reconciled
300200304_,шт,Алматы,2026-08-14,20000092322,80.0,461,180,8.0,71.0,64.0,above_Q3_plus_3IQR_and_at_least_8_medians,0.0,review_only,2026-08-01,True,False,1547.0,False,monthly_and_transactions_not_reconciled
300200304_,шт,Алматы,2026-08-20,20000094605,200.0,465,180,8.0,71.0,64.0,above_Q3_plus_3IQR_and_at_least_8_medians,0.0,review_only,2026-08-01,True,False,1547.0,False,monthly_and_transactions_not_reconciled
300200304_,шт,Алматы,2026-09-02,20000101838,120.0,468,180,8.0,71.0,64.0,above_Q3_plus_3IQR_and_at_least_8_medians,0.0,review_only,2026-09-01,,,,False,monthly_and_transactions_not_reconciled
300200305_,шт,Алматы,2025-01-14,20000003138,90.0,24,180,5.5,54.0,44.0,above_Q3_plus_3IQR_and_at_least_8_medians,0.0,review_only,2025-01-01,True,False,672.0,False,monthly_and_transactions_not_reconciled
300200305_,шт,Алматы,2025-02-21,20000017829,68.0,105,180,5.0,54.0,40.0,above_Q3_plus_3IQR_and_at_least_8_medians,0.0,review_only,2025-02-01,True,False,695.0,False,monthly_and_transactions_not_reconciled
300200305_,шт,Алматы,2025-03-13,20000024819,60.0,143,180,5.0,54.0,40.0,above_Q3_plus_3IQR_and_at_least_8_medians,0.0,review_only,2025-03-01,True,False,576.0,False,monthly_and_transactions_not_reconciled
300200305_,шт,Алматы,2025-04-11,20000035323,90.0,204,180,5.0,54.0,40.0,above_Q3_plus_3IQR_and_at_least_8_medians,0.0,review_only,2025-04-01,True,False,731.0,False,monthly_and_transactions_not_reconciled
300200305_,шт,Алматы,2025-04-25,20000041171,60.0,238,180,5.0,54.0,40.0,above_Q3_plus_3IQR_and_at_least_8_medians,0.0,review_only,2025-04-01,True,False,731.0,False,monthly_and_transactions_not_reconciled
300200305_,шт,Алматы,2025-04-25,20000041189,135.0,238,180,5.0,54.0,40.0,above_Q3_plus_3IQR_and_at_least_8_medians,0.0,review_only,2025-04-01,True,False,731.0,False,monthly_and_transactions_not_reconciled
300200305_,шт,Алматы,2025-05-15,20000047779,60.0,280,180,5.0,54.0,40.0,above_Q3_plus_3IQR_and_at_least_8_medians,0.0,review_only,2025-05-01,True,False,891.0,False,monthly_and_transactions_not_reconciled
300200305_,шт,Алматы,2025-05-15,20000048034,81.0,280,180,5.0,54.0,40.0,above_Q3_plus_3IQR_and_at_least_8_medians,0.0,review_only,2025-05-01,True,False,891.0,False,monthly_and_transactions_not_reconciled
300200305_,шт,Алматы,2025-05-15,20000048330,210.0,280,180,5.0,54.0,40.0,above_Q3_plus_3IQR_and_at_least_8_medians,0.0,review_only,2025-05-01,True,False,891.0,False,monthly_and_transactions_not_reconciled
300200305_,шт,Алматы,2025-07-17,20000075661,75.0,380,180,5.5,54.0,44.0,above_Q3_plus_3IQR_and_at_least_8_medians,0.0,review_only,2025-07-01,True,False,608.0,False,monthly_and_transactions_not_reconciled
300200305_,шт,Алматы,2025-08-07,20000084231,90.0,392,180,6.0,54.0,48.0,above_Q3_plus_3IQR_and_at_least_8_medians,0.0,review_only,2025-08-01,True,False,784.0,False,monthly_and_transactions_not_reconciled
300200305_,шт,Алматы,2025-09-23,30000033121,60.0,409,180,6.0,54.0,48.0,above_Q3_plus_3IQR_and_at_least_8_medians,0.0,review_only,2025-09-01,True,False,605.0,False,monthly_and_transactions_not_reconciled
300200305_,шт,Алматы,2025-10-07,20000110422,90.0,411,180,6.0,54.0,48.0,above_Q3_plus_3IQR_and_at_least_8_medians,0.0,review_only,2025-10-01,True,False,578.0,False,monthly_and_transactions_not_reconciled
300200305_,шт,Алматы,2025-10-29,20000120529,105.0,392,180,5.0,54.0,40.0,above_Q3_plus_3IQR_and_at_least_8_medians,0.0,review_only,2025-10-01,True,False,578.0,False,monthly_and_transactions_not_reconciled
300200305_,шт,Алматы,2025-11-04,20000122934,60.0,396,180,5.0,54.0,40.0,above_Q3_plus_3IQR_and_at_least_8_medians,0.0,review_only,2025-11-01,True,False,644.0,False,monthly_and_transactions_not_reconciled
300200305_,шт,Алматы,2025-11-21,20000131731,75.0,392,180,5.0,54.0,40.0,above_Q3_plus_3IQR_and_at_least_8_medians,0.0,review_only,2025-11-01,True,False,644.0,False,monthly_and_transactions_not_reconciled
300200305_,шт,Алматы,2025-11-28,20000134832,75.0,392,180,5.0,54.0,40.0,above_Q3_plus_3IQR_and_at_least_8_medians,0.0,review_only,2025-11-01,True,False,644.0,False,monthly_and_transactions_not_reconciled
300200305_,шт,Алматы,2025-12-11,20000140922,210.0,396,180,4.0,54.0,32.0,above_Q3_plus_3IQR_and_at_least_8_medians,0.0,review_only,2025-12-01,True,False,574.0,False,monthly_and_transactions_not_reconciled
300200305_,шт,Алматы,2026-01-27,20000008889,165.0,420,180,4.0,54.0,32.0,above_Q3_plus_3IQR_and_at_least_8_medians,0.0,review_only,2026-01-01,True,False,668.0,False,monthly_and_transactions_not_reconciled
300200305_,шт,Алматы,2026-02-10,20000014190,165.0,407,180,4.0,54.0,32.0,above_Q3_plus_3IQR_and_at_least_8_medians,0.0,review_only,2026-02-01,True,False,318.0,False,monthly_and_transactions_not_reconciled
300200305_,шт,Алматы,2026-02-11,20000014928,105.0,404,180,4.0,54.0,32.0,above_Q3_plus_3IQR_and_at_least_8_medians,0.0,review_only,2026-02-01,True,False,318.0,False,monthly_and_transactions_not_reconciled
300200305_,шт,Алматы,2026-02-25,20000020178,120.0,390,180,4.0,54.0,32.0,above_Q3_plus_3IQR_and_at_least_8_medians,0.0,review_only,2026-02-01,True,False,318.0,False,monthly_and_transactions_not_reconciled
300200305_,шт,Алматы,2026-03-03,20000022809,60.0,383,180,4.0,54.0,32.0,above_Q3_plus_3IQR_and_at_least_8_medians,0.0,review_only,2026-03-01,True,False,426.0,False,monthly_and_transactions_not_reconciled
300200305_,шт,Алматы,2026-03-10,20000024984,120.0,377,180,4.0,54.0,32.0,above_Q3_plus_3IQR_and_at_least_8_medians,0.0,review_only,2026-03-01,True,False,426.0,False,monthly_and_transactions_not_reconciled
300200305_,шт,Алматы,2026-03-27,20000030369,105.0,359,180,5.0,54.0,40.0,above_Q3_plus_3IQR_and_at_least_8_medians,0.0,review_only,2026-03-01,True,False,426.0,False,monthly_and_transactions_not_reconciled
300200305_,шт,Алматы,2026-04-09,20000035745,90.0,363,180,4.0,54.0,32.0,above_Q3_plus_3IQR_and_at_least_8_medians,0.0,review_only,2026-04-01,True,False,501.0,False,monthly_and_transactions_not_reconciled
300200305_,шт,Алматы,2026-07-03,20000073235,60.0,338,180,5.0,54.0,40.0,above_Q3_plus_3IQR_and_at_least_8_medians,0.0,review_only,2026-07-01,True,False,446.0,False,monthly_and_transactions_not_reconciled
300200305_,шт,Алматы,2026-07-21,20000080997,60.0,344,180,5.0,47.0,40.0,above_Q3_plus_3IQR_and_at_least_8_medians,0.0,review_only,2026-07-01,True,False,446.0,False,monthly_and_transactions_not_reconciled
300200305_,шт,Алматы,2026-07-23,30000002051,60.0,343,180,5.0,48.0,40.0,above_Q3_plus_3IQR_and_at_least_8_medians,0.0,review_only,2026-07-01,True,False,446.0,False,monthly_and_transactions_not_reconciled
300200305_,шт,Алматы,2026-08-04,20000087320,50.0,342,180,4.0,34.0,32.0,above_Q3_plus_3IQR_and_at_least_8_medians,0.0,review_only,2026-08-01,True,False,568.0,False,monthly_and_transactions_not_reconciled
300200305_,шт,Алматы,2026-08-10,20000090151,45.0,347,180,4.0,34.0,32.0,above_Q3_plus_3IQR_and_at_least_8_medians,0.0,review_only,2026-08-01,True,False,568.0,False,monthly_and_transactions_not_reconciled
300200305_,шт,Алматы,2026-08-11,20000090788,50.0,348,180,4.0,34.0,32.0,above_Q3_plus_3IQR_and_at_least_8_medians,0.0,review_only,2026-08-01,True,False,568.0,False,monthly_and_transactions_not_reconciled
300200305_,шт,Алматы,2026-08-20,20000094605,50.0,350,180,4.5,34.0,36.0,above_Q3_plus_3IQR_and_at_least_8_medians,0.0,review_only,2026-08-01,True,False,568.0,False,monthly_and_transactions_not_reconciled
300200305_,шт,Алматы,2026-09-19,20000109825,40.0,368,180,4.0,34.0,32.0,above_Q3_plus_3IQR_and_at_least_8_medians,0.0,review_only,2026-09-01,,,,False,monthly_and_transactions_not_reconciled
300200305_,шт,Алматы,2026-09-21,20000110903,150.0,371,180,4.0,34.0,32.0,above_Q3_plus_3IQR_and_at_least_8_medians,0.0,review_only,2026-09-01,,,,False,monthly_and_transactions_not_reconciled
300200306_,шт,Алматы,2025-02-03,20000010670,30.0,41,180,2.0,21.0,16.0,above_Q3_plus_3IQR_and_at_least_8_medians,0.0,review_only,2025-02-01,True,False,355.0,False,monthly_and_transactions_not_reconciled
300200306_,шт,Алматы,2025-02-11,20000013449,38.0,53,180,2.0,37.0,16.0,above_Q3_plus_3IQR_and_at_least_8_medians,0.0,review_only,2025-02-01,True,False,355.0,False,monthly_and_transactions_not_reconciled
300200306_,шт,Алматы,2025-02-28,20000020476,45.0,77,180,3.0,37.0,24.0,above_Q3_plus_3IQR_and_at_least_8_medians,0.0,review_only,2025-02-01,True,False,355.0,False,monthly_and_transactions_not_reconciled
300200306_,шт,Алматы,2025-03-04,20000021546,75.0,83,180,3.0,37.0,24.0,above_Q3_plus_3IQR_and_at_least_8_medians,0.0,review_only,2025-03-01,True,False,176.0,False,monthly_and_transactions_not_reconciled
300200306_,шт,Алматы,2025-04-25,20000041189,135.0,149,180,3.0,37.0,24.0,above_Q3_plus_3IQR_and_at_least_8_medians,0.0,review_only,2025-04-01,True,False,182.0,False,monthly_and_transactions_not_reconciled
300200306_,шт,Алматы,2025-05-15,20000048330,120.0,170,180,3.0,37.0,24.0,above_Q3_plus_3IQR_and_at_least_8_medians,0.0,review_only,2025-05-01,True,False,313.0,False,monthly_and_transactions_not_reconciled
300200306_,шт,Алматы,2025-05-26,20000052818,50.0,189,180,3.0,37.0,24.0,above_Q3_plus_3IQR_and_at_least_8_medians,0.0,review_only,2025-05-01,True,False,313.0,False,monthly_and_transactions_not_reconciled
300200306_,шт,Алматы,2025-07-17,20000075661,45.0,227,180,2.0,37.0,16.0,above_Q3_plus_3IQR_and_at_least_8_medians,0.0,review_only,2025-07-01,True,False,270.0,False,monthly_and_transactions_not_reconciled
300200306_,шт,Алматы,2025-07-25,20000078569,64.0,228,180,2.0,37.0,16.0,above_Q3_plus_3IQR_and_at_least_8_medians,0.0,review_only,2025-07-01,True,False,270.0,False,monthly_and_transactions_not_reconciled
300200306_,шт,Алматы,2025-09-03,20000095229,40.0,225,180,2.0,37.0,16.0,above_Q3_plus_3IQR_and_at_least_8_medians,0.0,review_only,2025-09-01,True,False,223.0,False,monthly_and_transactions_not_reconciled
300200306_,шт,Алматы,2025-10-07,20000110422,90.0,234,180,2.0,37.0,16.0,above_Q3_plus_3IQR_and_at_least_8_medians,0.0,review_only,2025-10-01,True,False,242.0,False,monthly_and_transactions_not_reconciled
300200306_,шт,Алматы,2025-11-26,20000133001,30.0,234,180,2.0,28.0,16.0,above_Q3_plus_3IQR_and_at_least_8_medians,0.0,review_only,2025-11-01,True,False,248.0,False,monthly_and_transactions_not_reconciled
300200306_,шт,Алматы,2025-11-28,20000134832,75.0,236,180,2.0,26.0,16.0,above_Q3_plus_3IQR_and_at_least_8_medians,0.0,review_only,2025-11-01,True,False,248.0,False,monthly_and_transactions_not_reconciled
300200306_,шт,Алматы,2025-12-23,20000146079,213.0,238,180,2.0,25.0,16.0,above_Q3_plus_3IQR_and_at_least_8_medians,0.0,review_only,2025-12-01,True,False,523.0,False,monthly_and_transactions_not_reconciled
300200306_,шт,Алматы,2025-12-26,20000147839,160.0,237,180,2.0,21.0,16.0,above_Q3_plus_3IQR_and_at_least_8_medians,0.0,review_only,2025-12-01,True,False,523.0,False,monthly_and_transactions_not_reconciled
300200306_,шт,Алматы,2026-01-06,20000000837,24.0,241,180,2.0,21.0,16.0,above_Q3_plus_3IQR_and_at_least_8_medians,0.0,review_only,2026-01-01,True,False,259.0,False,monthly_and_transactions_not_reconciled
300200306_,шт,Алматы,2026-01-13,20000002978,30.0,246,180,2.0,21.0,16.0,above_Q3_plus_3IQR_and_at_least_8_medians,0.0,review_only,2026-01-01,True,False,259.0,False,monthly_and_transactions_not_reconciled
300200306_,шт,Алматы,2026-01-21,20000006381,22.0,238,180,2.5,21.0,20.0,above_Q3_plus_3IQR_and_at_least_8_medians,0.0,review_only,2026-01-01,True,False,259.0,False,monthly_and_transactions_not_reconciled
300200306_,шт,Алматы,2026-01-26,20000008334,31.0,239,180,2.0,21.0,16.0,above_Q3_plus_3IQR_and_at_least_8_medians,0.0,review_only,2026-01-01,True,False,259.0,False,monthly_and_transactions_not_reconciled
300200306_,шт,Алматы,2026-02-25,20000020178,90.0,222,180,3.0,29.0,24.0,above_Q3_plus_3IQR_and_at_least_8_medians,0.0,review_only,2026-02-01,True,False,128.0,False,monthly_and_transactions_not_reconciled
300200306_,шт,Алматы,2026-03-10,20000024662,45.0,217,180,3.0,29.0,24.0,above_Q3_plus_3IQR_and_at_least_8_medians,0.0,review_only,2026-03-01,True,False,112.0,False,monthly_and_transactions_not_reconciled
300200306_,шт,Алматы,2026-03-10,20000024984,105.0,217,180,3.0,29.0,24.0,above_Q3_plus_3IQR_and_at_least_8_medians,0.0,review_only,2026-03-01,True,False,112.0,False,monthly_and_transactions_not_reconciled
300200306_,шт,Алматы,2026-04-09,20000035745,30.0,206,180,3.0,29.0,24.0,above_Q3_plus_3IQR_and_at_least_8_medians,0.0,review_only,2026-04-01,True,False,140.0,False,monthly_and_transactions_not_reconciled
300200306_,шт,Алматы,2026-07-03,20000073273,45.0,191,180,3.0,37.0,24.0,above_Q3_plus_3IQR_and_at_least_8_medians,0.0,review_only,2026-07-01,True,False,139.0,False,monthly_and_transactions_not_reconciled
300200306_,шт,Алматы,2026-09-21,20000110903,150.0,207,180,3.0,33.0,24.0,above_Q3_plus_3IQR_and_at_least_8_medians,0.0,review_only,2026-09-01,,,,False,monthly_and_transactions_not_reconciled
300200307_,шт,Алматы,2025-02-12,20000014330,25.0,15,180,2.0,7.0,16.0,above_Q3_plus_3IQR_and_at_least_8_medians,0.0,review_only,2025-02-01,True,False,49.0,False,monthly_and_transactions_not_reconciled
300200307_,шт,Алматы,2025-05-15,20000048330,25.0,67,180,2.0,17.0,16.0,above_Q3_plus_3IQR_and_at_least_8_medians,0.0,review_only,2025-05-01,True,False,35.0,False,monthly_and_transactions_not_reconciled
300200307_,шт,Алматы,2025-06-26,20000066302,30.0,93,180,2.0,17.0,16.0,above_Q3_plus_3IQR_and_at_least_8_medians,0.0,review_only,2025-06-01,True,False,116.0,False,monthly_and_transactions_not_reconciled
300200307_,шт,Алматы,2025-07-11,30000032580,20.0,95,180,2.0,17.0,16.0,above_Q3_plus_3IQR_and_at_least_8_medians,0.0,review_only,2025-07-01,True,False,53.0,False,monthly_and_transactions_not_reconciled
300200307_,шт,Алматы,2025-07-24,20000078366,30.0,91,180,2.0,17.0,16.0,above_Q3_plus_3IQR_and_at_least_8_medians,0.0,review_only,2025-07-01,True,False,53.0,False,monthly_and_transactions_not_reconciled
300200307_,шт,Алматы,2025-10-07,20000110422,30.0,91,180,2.0,17.0,16.0,above_Q3_plus_3IQR_and_at_least_8_medians,0.0,review_only,2025-10-01,True,False,135.0,False,monthly_and_transactions_not_reconciled
300200307_,шт,Алматы,2025-10-24,20000119552,70.0,89,180,2.0,17.0,16.0,above_Q3_plus_3IQR_and_at_least_8_medians,0.0,review_only,2025-10-01,True,False,135.0,False,monthly_and_transactions_not_reconciled
300200307_,шт,Алматы,2025-11-25,20000132441,20.0,96,180,2.0,17.0,16.0,above_Q3_plus_3IQR_and_at_least_8_medians,0.0,review_only,2025-11-01,True,False,97.0,False,monthly_and_transactions_not_reconciled
300200307_,шт,Алматы,2026-04-20,20000040431,30.0,64,180,2.0,17.0,16.0,above_Q3_plus_3IQR_and_at_least_8_medians,0.0,review_only,2026-04-01,True,False,36.0,False,monthly_and_transactions_not_reconciled
300200307_,шт,Алматы,2026-07-03,20000073273,30.0,53,180,2.0,17.0,16.0,above_Q3_plus_3IQR_and_at_least_8_medians,0.0,review_only,2026-07-01,True,False,13.0,False,monthly_and_transactions_not_reconciled
300200308_,шт,Алматы,2025-09-24,20000105235,20.0,24,180,2.5,15.0,20.0,above_Q3_plus_3IQR_and_at_least_8_medians,0.0,review_only,2025-09-01,True,False,50.0,False,monthly_and_transactions_not_reconciled
300200308_,шт,Алматы,2025-11-13,20000127605,23.0,26,180,2.5,13.0,20.0,above_Q3_plus_3IQR_and_at_least_8_medians,0.0,review_only,2025-11-01,True,True,38.0,True,quantity_matches_but_scope_customer_and_exception_not_confirmed
300200308_,шт,Алматы,2025-12-23,20000146222,25.0,34,180,2.5,19.0,20.0,above_Q3_plus_3IQR_and_at_least_8_medians,0.0,review_only,2025-12-01,True,False,59.0,False,monthly_and_transactions_not_reconciled
300200308_,шт,Алматы,2026-02-24,20000019320,48.0,30,180,2.5,27.0,20.0,above_Q3_plus_3IQR_and_at_least_8_medians,0.0,review_only,2026-02-01,True,False,64.0,False,monthly_and_transactions_not_reconciled
300200308_,шт,Алматы,2026-08-01,20000086319,30.0,20,180,2.5,20.75,20.0,above_Q3_plus_3IQR_and_at_least_8_medians,0.0,review_only,2026-08-01,True,False,49.0,False,monthly_and_transactions_not_reconciled
300200311_,шт,Алматы,2025-04-03,20000031996,50.0,25,180,5.0,34.0,40.0,above_Q3_plus_3IQR_and_at_least_8_medians,0.0,review_only,2025-04-01,True,False,137.0,False,monthly_and_transactions_not_reconciled
300200311_,шт,Алматы,2025-04-15,20000036282,225.0,27,180,6.0,36.5,48.0,above_Q3_plus_3IQR_and_at_least_8_medians,0.0,review_only,2025-04-01,True,False,137.0,False,monthly_and_transactions_not_reconciled
300200311_,шт,Алматы,2025-05-15,20000048330,165.0,40,180,6.0,28.75,48.0,above_Q3_plus_3IQR_and_at_least_8_medians,0.0,review_only,2025-05-01,True,False,137.0,False,monthly_and_transactions_not_reconciled
300200311_,шт,Алматы,2025-05-21,20000050880,60.0,45,180,6.0,36.0,48.0,above_Q3_plus_3IQR_and_at_least_8_medians,0.0,review_only,2025-05-01,True,False,137.0,False,monthly_and_transactions_not_reconciled
300200311_,шт,Алматы,2025-07-24,20000078366,130.0,59,180,6.0,42.0,48.0,above_Q3_plus_3IQR_and_at_least_8_medians,0.0,review_only,2025-07-01,True,False,157.0,False,monthly_and_transactions_not_reconciled
300200311_,шт,Алматы,2025-07-29,20000080425,210.0,59,180,6.0,42.0,48.0,above_Q3_plus_3IQR_and_at_least_8_medians,0.0,review_only,2025-07-01,True,False,157.0,False,monthly_and_transactions_not_reconciled
300200311_,шт,Алматы,2025-11-21,20000131791,60.0,60,180,4.0,42.75,32.0,above_Q3_plus_3IQR_and_at_least_8_medians,0.0,review_only,2025-11-01,True,False,150.0,False,monthly_and_transactions_not_reconciled
300200311_,шт,Алматы,2025-12-23,20000146222,55.0,68,180,3.5,37.0,28.0,above_Q3_plus_3IQR_and_at_least_8_medians,0.0,review_only,2025-12-01,True,False,139.0,False,monthly_and_transactions_not_reconciled
300200311_,шт,Алматы,2026-01-27,20000008889,60.0,74,180,3.0,27.25,24.0,above_Q3_plus_3IQR_and_at_least_8_medians,0.0,review_only,2026-01-01,True,False,155.0,False,monthly_and_transactions_not_reconciled
300200311_,шт,Алматы,2026-01-29,20000009784,120.0,74,180,3.0,28.25,24.0,above_Q3_plus_3IQR_and_at_least_8_medians,0.0,review_only,2026-01-01,True,False,155.0,False,monthly_and_transactions_not_reconciled
300200311_,шт,Алматы,2026-01-29,20000009880,30.0,74,180,3.0,28.25,24.0,above_Q3_plus_3IQR_and_at_least_8_medians,0.0,review_only,2026-01-01,True,False,155.0,False,monthly_and_transactions_not_reconciled
300200311_,шт,Алматы,2026-02-11,20000014928,120.0,74,180,3.0,34.25,24.0,above_Q3_plus_3IQR_and_at_least_8_medians,0.0,review_only,2026-02-01,True,False,190.0,False,monthly_and_transactions_not_reconciled
300200311_,шт,Алматы,2026-02-24,20000019320,114.0,72,180,3.0,28.75,24.0,above_Q3_plus_3IQR_and_at_least_8_medians,0.0,review_only,2026-02-01,True,False,190.0,False,monthly_and_transactions_not_reconciled
300200311_,шт,Алматы,2026-02-25,20000020178,180.0,73,180,3.0,34.0,24.0,above_Q3_plus_3IQR_and_at_least_8_medians,0.0,review_only,2026-02-01,True,False,190.0,False,monthly_and_transactions_not_reconciled
300200311_,шт,Алматы,2026-06-01,20000057598,33.0,58,180,4.0,26.0,32.0,above_Q3_plus_3IQR_and_at_least_8_medians,0.0,review_only,2026-06-01,True,True,160.0,True,quantity_matches_but_scope_customer_and_exception_not_confirmed
300200311_,шт,Алматы,2026-06-10,20000061949,80.0,53,180,4.0,34.0,32.0,above_Q3_plus_3IQR_and_at_least_8_medians,0.0,review_only,2026-06-01,True,True,160.0,True,quantity_matches_but_scope_customer_and_exception_not_confirmed
300200313_,шт,Алматы,2025-02-12,20000014330,210.0,8,180,5.5,72.5,44.0,above_Q3_plus_3IQR_and_at_least_8_medians,0.0,review_only,2025-02-01,True,False,63.0,False,monthly_and_transactions_not_reconciled
300200313_,шт,Алматы,2025-02-12,20000014331,180.0,8,180,5.5,72.5,44.0,above_Q3_plus_3IQR_and_at_least_8_medians,0.0,review_only,2025-02-01,True,False,63.0,False,monthly_and_transactions_not_reconciled
300200313_,шт,Алматы,2025-02-12,20000014333,360.0,8,180,5.5,72.5,44.0,above_Q3_plus_3IQR_and_at_least_8_medians,0.0,review_only,2025-02-01,True,False,63.0,False,monthly_and_transactions_not_reconciled
300200313_,шт,Алматы,2025-03-12,20000024400,180.0,22,180,5.0,73.25,40.0,above_Q3_plus_3IQR_and_at_least_8_medians,0.0,review_only,2025-03-01,True,False,20.0,False,monthly_and_transactions_not_reconciled
300200313_,шт,Алматы,2025-04-09,20000033251,284.0,26,180,5.0,74.0,40.0,above_Q3_plus_3IQR_and_at_least_8_medians,0.0,review_only,2025-04-01,True,False,374.0,False,monthly_and_transactions_not_reconciled
300200313_,шт,Алматы,2025-04-25,20000041171,360.0,30,180,5.0,74.0,40.0,above_Q3_plus_3IQR_and_at_least_8_medians,0.0,review_only,2025-04-01,True,False,374.0,False,monthly_and_transactions_not_reconciled
300200313_,шт,Алматы,2025-07-17,20000075662,180.0,41,180,5.0,151.0,40.0,above_Q3_plus_3IQR_and_at_least_8_medians,0.0,review_only,2025-07-01,True,False,54.0,False,monthly_and_transactions_not_reconciled
300200313_,шт,Алматы,2025-11-21,20000131684,120.0,39,180,10.0,95.0,80.0,above_Q3_plus_3IQR_and_at_least_8_medians,0.0,review_only,2025-11-01,True,False,22.0,False,monthly_and_transactions_not_reconciled
300200313_,шт,Алматы,2026-02-12,20000015139,120.0,31,180,6.0,51.0,48.0,above_Q3_plus_3IQR_and_at_least_8_medians,0.0,review_only,2026-02-01,True,False,12.0,False,monthly_and_transactions_not_reconciled
300200313_,шт,Алматы,2026-03-04,20000022724,410.0,33,180,6.0,55.0,48.0,above_Q3_plus_3IQR_and_at_least_8_medians,0.0,review_only,2026-03-01,True,False,414.0,False,monthly_and_transactions_not_reconciled
300200313_,шт,Алматы,2026-03-27,20000030355,60.0,27,180,6.0,45.0,48.0,above_Q3_plus_3IQR_and_at_least_8_medians,0.0,review_only,2026-03-01,True,False,414.0,False,monthly_and_transactions_not_reconciled
300200314_,шт,Алматы,2025-09-19,20000102969,180.0,25,180,10.0,66.0,80.0,above_Q3_plus_3IQR_and_at_least_8_medians,0.0,review_only,2025-09-01,True,False,3.0,False,monthly_and_transactions_not_reconciled
300200314_,шт,Алматы,2026-02-12,20000015139,30.0,18,180,2.0,23.0,16.0,above_Q3_plus_3IQR_and_at_least_8_medians,0.0,review_only,2026-02-01,True,False,9.0,False,monthly_and_transactions_not_reconciled
300200314_,шт,Алматы,2026-03-04,20000022724,360.0,19,180,4.0,71.0,32.0,above_Q3_plus_3IQR_and_at_least_8_medians,0.0,review_only,2026-03-01,True,False,360.0,False,monthly_and_transactions_not_reconciled
300200314_,шт,Алматы,2026-08-04,20000087706,40.0,22,180,5.0,25.0,40.0,above_Q3_plus_3IQR_and_at_least_8_medians,0.0,review_only,2026-08-01,True,False,9.0,False,monthly_and_transactions_not_reconciled
300200317_,шт,Алматы,2025-04-25,20000041171,120.0,27,180,10.0,55.0,80.0,above_Q3_plus_3IQR_and_at_least_8_medians,0.0,review_only,2025-04-01,True,False,131.0,False,monthly_and_transactions_not_reconciled
300200317_,шт,Алматы,2025-05-05,20000044455,120.0,32,180,10.5,105.0,84.0,above_Q3_plus_3IQR_and_at_least_8_medians,0.0,review_only,2025-05-01,True,False,69.0,False,monthly_and_transactions_not_reconciled
300200317_,шт,Алматы,2025-07-09,20000071434,120.0,40,180,11.0,75.0,88.0,above_Q3_plus_3IQR_and_at_least_8_medians,0.0,review_only,2025-07-01,True,False,342.0,False,monthly_and_transactions_not_reconciled
300200317_,шт,Алматы,2025-07-17,20000075662,120.0,41,180,11.0,105.0,88.0,above_Q3_plus_3IQR_and_at_least_8_medians,0.0,review_only,2025-07-01,True,False,342.0,False,monthly_and_transactions_not_reconciled
300200317_,шт,Алматы,2025-07-31,20000080647,311.0,41,180,11.0,105.0,88.0,above_Q3_plus_3IQR_and_at_least_8_medians,0.0,review_only,2025-07-01,True,False,342.0,False,monthly_and_transactions_not_reconciled
300200317_,шт,Алматы,2025-08-07,20000084233,240.0,44,180,11.0,122.75,88.0,above_Q3_plus_3IQR_and_at_least_8_medians,0.0,review_only,2025-08-01,True,False,160.0,False,monthly_and_transactions_not_reconciled
300200317_,шт,Алматы,2025-09-08,20000098060,151.0,41,180,11.0,105.0,88.0,above_Q3_plus_3IQR_and_at_least_8_medians,0.0,review_only,2025-09-01,True,False,27.0,False,monthly_and_transactions_not_reconciled
300200317_,шт,Алматы,2025-09-19,20000102969,120.0,45,180,11.0,105.0,88.0,above_Q3_plus_3IQR_and_at_least_8_medians,0.0,review_only,2025-09-01,True,False,27.0,False,monthly_and_transactions_not_reconciled
300200317_,шт,Алматы,2025-11-21,20000131684,360.0,35,180,10.0,206.5,80.0,above_Q3_plus_3IQR_and_at_least_8_medians,0.0,review_only,2025-11-01,True,False,31.0,False,monthly_and_transactions_not_reconciled
300200317_,шт,Алматы,2026-02-12,20000015139,120.0,32,180,10.0,57.0,80.0,above_Q3_plus_3IQR_and_at_least_8_medians,0.0,review_only,2026-02-01,True,False,26.0,False,monthly_and_transactions_not_reconciled
300200317_,шт,Алматы,2026-03-04,20000022724,420.0,31,180,10.0,87.0,80.0,above_Q3_plus_3IQR_and_at_least_8_medians,0.0,review_only,2026-03-01,True,True,421.0,True,quantity_matches_but_scope_customer_and_exception_not_confirmed
300200317_,шт,Алматы,2026-04-07,20000034819,120.0,25,180,10.0,69.0,80.0,above_Q3_plus_3IQR_and_at_least_8_medians,0.0,review_only,2026-04-01,True,False,227.0,False,monthly_and_transactions_not_reconciled
300200318_,шт,Алматы,2025-02-12,20000014330,150.0,11,180,12.0,106.0,96.0,above_Q3_plus_3IQR_and_at_least_8_medians,0.0,review_only,2025-02-01,True,False,66.0,False,monthly_and_transactions_not_reconciled
300200318_,шт,Алматы,2025-02-12,20000014333,120.0,11,180,12.0,106.0,96.0,above_Q3_plus_3IQR_and_at_least_8_medians,0.0,review_only,2025-02-01,True,False,66.0,False,monthly_and_transactions_not_reconciled
300200318_,шт,Алматы,2025-04-09,20000033251,500.0,28,180,12.0,126.75,96.0,above_Q3_plus_3IQR_and_at_least_8_medians,0.0,review_only,2025-04-01,True,False,586.0,False,monthly_and_transactions_not_reconciled
300200318_,шт,Алматы,2025-04-25,20000041171,360.0,32,180,12.0,126.0,96.0,above_Q3_plus_3IQR_and_at_least_8_medians,0.0,review_only,2025-04-01,True,False,586.0,False,monthly_and_transactions_not_reconciled
300200318_,шт,Алматы,2025-09-19,20000102969,300.0,36,180,10.0,96.75,80.0,above_Q3_plus_3IQR_and_at_least_8_medians,0.0,review_only,2025-09-01,True,False,71.0,False,monthly_and_transactions_not_reconciled
300200318_,шт,Алматы,2025-11-21,20000131623,168.0,36,180,11.0,126.75,88.0,above_Q3_plus_3IQR_and_at_least_8_medians,0.0,review_only,2025-11-01,True,False,34.0,False,monthly_and_transactions_not_reconciled
300200318_,шт,Алматы,2026-01-13,20000003435,180.0,35,180,12.0,137.0,96.0,above_Q3_plus_3IQR_and_at_least_8_medians,0.0,review_only,2026-01-01,True,False,68.0,False,monthly_and_transactions_not_reconciled
300200318_,шт,Алматы,2026-03-04,20000022724,500.0,40,180,11.0,111.0,88.0,above_Q3_plus_3IQR_and_at_least_8_medians,0.0,review_only,2026-03-01,True,False,541.0,False,monthly_and_transactions_not_reconciled
300200318_,шт,Алматы,2026-08-18,20000094038,240.0,44,180,11.0,129.75,88.0,above_Q3_plus_3IQR_and_at_least_8_medians,0.0,review_only,2026-08-01,True,False,50.0,False,monthly_and_transactions_not_reconciled
300200319_,шт,Алматы,2025-01-14,20000002855,30.0,14,180,3.5,25.0,28.0,above_Q3_plus_3IQR_and_at_least_8_medians,0.0,review_only,2025-01-01,True,False,552.0,False,monthly_and_transactions_not_reconciled
300200319_,шт,Алматы,2025-01-16,20000003997,90.0,19,180,3.0,30.0,24.0,above_Q3_plus_3IQR_and_at_least_8_medians,0.0,review_only,2025-01-01,True,False,552.0,False,monthly_and_transactions_not_reconciled
300200319_,шт,Алматы,2025-01-30,20000009368,50.0,40,180,5.0,48.0,40.0,above_Q3_plus_3IQR_and_at_least_8_medians,0.0,review_only,2025-01-01,True,False,552.0,False,monthly_and_transactions_not_reconciled
300200319_,шт,Алматы,2025-02-03,30000000355,450.0,45,180,6.0,54.0,48.0,above_Q3_plus_3IQR_and_at_least_8_medians,0.0,review_only,2025-02-01,True,False,393.0,False,monthly_and_transactions_not_reconciled
300200319_,шт,Алматы,2025-02-10,20000013085,120.0,50,180,7.0,69.0,56.0,above_Q3_plus_3IQR_and_at_least_8_medians,0.0,review_only,2025-02-01,True,False,393.0,False,monthly_and_transactions_not_reconciled
300200319_,шт,Алматы,2025-02-10,20000013090,360.0,50,180,7.0,69.0,56.0,above_Q3_plus_3IQR_and_at_least_8_medians,0.0,review_only,2025-02-01,True,False,393.0,False,monthly_and_transactions_not_reconciled
300200319_,шт,Алматы,2025-02-12,20000014331,720.0,54,180,7.0,74.0,56.0,above_Q3_plus_3IQR_and_at_least_8_medians,0.0,review_only,2025-02-01,True,False,393.0,False,monthly_and_transactions_not_reconciled
300200319_,шт,Алматы,2025-02-12,20000014333,450.0,54,180,7.0,74.0,56.0,above_Q3_plus_3IQR_and_at_least_8_medians,0.0,review_only,2025-02-01,True,False,393.0,False,monthly_and_transactions_not_reconciled
300200319_,шт,Алматы,2025-02-14,20000015041,90.0,61,180,7.0,74.0,56.0,above_Q3_plus_3IQR_and_at_least_8_medians,0.0,review_only,2025-02-01,True,False,393.0,False,monthly_and_transactions_not_reconciled
300200319_,шт,Алматы,2025-03-12,20000024399,240.0,87,180,5.0,56.0,40.0,above_Q3_plus_3IQR_and_at_least_8_medians,0.0,review_only,2025-03-01,True,False,295.0,False,monthly_and_transactions_not_reconciled
300200319_,шт,Алматы,2025-04-11,20000035323,180.0,134,180,4.0,34.0,32.0,above_Q3_plus_3IQR_and_at_least_8_medians,0.0,review_only,2025-04-01,True,False,395.0,False,monthly_and_transactions_not_reconciled
300200319_,шт,Алматы,2025-04-15,20000036278,90.0,137,180,4.0,34.0,32.0,above_Q3_plus_3IQR_and_at_least_8_medians,0.0,review_only,2025-04-01,True,False,395.0,False,monthly_and_transactions_not_reconciled
300200319_,шт,Алматы,2025-04-15,20000036282,90.0,137,180,4.0,34.0,32.0,above_Q3_plus_3IQR_and_at_least_8_medians,0.0,review_only,2025-04-01,True,False,395.0,False,monthly_and_transactions_not_reconciled
300200319_,шт,Алматы,2025-04-25,20000041171,480.0,155,180,4.0,36.0,32.0,above_Q3_plus_3IQR_and_at_least_8_medians,0.0,review_only,2025-04-01,True,False,395.0,False,monthly_and_transactions_not_reconciled
300200319_,шт,Алматы,2025-04-30,20000042541,71.0,163,180,4.0,36.0,32.0,above_Q3_plus_3IQR_and_at_least_8_medians,0.0,review_only,2025-04-01,True,False,395.0,False,monthly_and_transactions_not_reconciled
300200319_,шт,Алматы,2025-05-12,20000046130,51.0,177,180,4.0,38.0,32.0,above_Q3_plus_3IQR_and_at_least_8_medians,0.0,review_only,2025-05-01,True,False,435.0,False,monthly_and_transactions_not_reconciled
300200319_,шт,Алматы,2025-05-15,20000048330,240.0,185,180,4.0,38.0,32.0,above_Q3_plus_3IQR_and_at_least_8_medians,0.0,review_only,2025-05-01,True,False,435.0,False,monthly_and_transactions_not_reconciled
300200319_,шт,Алматы,2025-05-19,20000049419,45.0,188,180,4.0,40.0,32.0,above_Q3_plus_3IQR_and_at_least_8_medians,0.0,review_only,2025-05-01,True,False,435.0,False,monthly_and_transactions_not_reconciled
300200319_,шт,Алматы,2025-06-10,20000059143,240.0,221,180,4.0,34.0,32.0,above_Q3_plus_3IQR_and_at_least_8_medians,0.0,review_only,2025-06-01,True,False,327.0,False,monthly_and_transactions_not_reconciled
300200319_,шт,Алматы,2025-06-12,20000060529,150.0,224,180,4.0,34.0,32.0,above_Q3_plus_3IQR_and_at_least_8_medians,0.0,review_only,2025-06-01,True,False,327.0,False,monthly_and_transactions_not_reconciled
300200319_,шт,Алматы,2025-06-20,20000064187,90.0,237,180,4.0,34.0,32.0,above_Q3_plus_3IQR_and_at_least_8_medians,0.0,review_only,2025-06-01,True,False,327.0,False,monthly_and_transactions_not_reconciled
300200319_,шт,Алматы,2025-06-23,30000032346,180.0,241,180,4.0,34.0,32.0,above_Q3_plus_3IQR_and_at_least_8_medians,0.0,review_only,2025-06-01,True,False,327.0,False,monthly_and_transactions_not_reconciled
300200319_,шт,Алматы,2025-06-25,20000065223,75.0,247,180,4.0,34.0,32.0,above_Q3_plus_3IQR_and_at_least_8_medians,0.0,review_only,2025-06-01,True,False,327.0,False,monthly_and_transactions_not_reconciled
300200319_,шт,Алматы,2025-06-25,20000066254,180.0,247,180,4.0,34.0,32.0,above_Q3_plus_3IQR_and_at_least_8_medians,0.0,review_only,2025-06-01,True,False,327.0,False,monthly_and_transactions_not_reconciled
300200319_,шт,Алматы,2025-07-03,20000069451,90.0,263,180,4.0,34.0,32.0,above_Q3_plus_3IQR_and_at_least_8_medians,0.0,review_only,2025-07-01,True,False,608.0,False,monthly_and_transactions_not_reconciled
300200319_,шт,Алматы,2025-07-10,20000072003,360.0,257,180,4.0,34.0,32.0,above_Q3_plus_3IQR_and_at_least_8_medians,0.0,review_only,2025-07-01,True,False,608.0,False,monthly_and_transactions_not_reconciled
300200319_,шт,Алматы,2025-07-18,20000075815,270.0,247,180,4.0,34.0,32.0,above_Q3_plus_3IQR_and_at_least_8_medians,0.0,review_only,2025-07-01,True,False,608.0,False,monthly_and_transactions_not_reconciled
300200319_,шт,Алматы,2025-07-31,20000080647,187.0,256,180,4.0,34.0,32.0,above_Q3_plus_3IQR_and_at_least_8_medians,0.0,review_only,2025-07-01,True,False,608.0,False,monthly_and_transactions_not_reconciled
300200319_,шт,Алматы,2025-08-05,20000083169,90.0,256,180,4.0,34.0,32.0,above_Q3_plus_3IQR_and_at_least_8_medians,0.0,review_only,2025-08-01,True,False,668.0,False,monthly_and_transactions_not_reconciled
300200319_,шт,Алматы,2025-08-07,20000084221,180.0,265,180,4.0,34.0,32.0,above_Q3_plus_3IQR_and_at_least_8_medians,0.0,review_only,2025-08-01,True,False,668.0,False,monthly_and_transactions_not_reconciled
300200319_,шт,Алматы,2025-08-07,20000084233,270.0,265,180,4.0,34.0,32.0,above_Q3_plus_3IQR_and_at_least_8_medians,0.0,review_only,2025-08-01,True,False,668.0,False,monthly_and_transactions_not_reconciled
300200319_,шт,Алматы,2025-08-11,20000085958,90.0,272,180,4.0,34.0,32.0,above_Q3_plus_3IQR_and_at_least_8_medians,0.0,review_only,2025-08-01,True,False,668.0,False,monthly_and_transactions_not_reconciled
300200319_,шт,Алматы,2025-08-13,20000086242,90.0,274,180,4.0,34.0,32.0,above_Q3_plus_3IQR_and_at_least_8_medians,0.0,review_only,2025-08-01,True,False,668.0,False,monthly_and_transactions_not_reconciled
300200319_,шт,Алматы,2025-08-13,20000087097,90.0,274,180,4.0,34.0,32.0,above_Q3_plus_3IQR_and_at_least_8_medians,0.0,review_only,2025-08-01,True,False,668.0,False,monthly_and_transactions_not_reconciled
300200319_,шт,Алматы,2025-08-15,30000032827,90.0,279,180,4.0,34.0,32.0,above_Q3_plus_3IQR_and_at_least_8_medians,0.0,review_only,2025-08-01,True,False,668.0,False,monthly_and_transactions_not_reconciled
300200319_,шт,Алматы,2025-09-19,20000102969,180.0,308,180,4.0,37.0,32.0,above_Q3_plus_3IQR_and_at_least_8_medians,0.0,review_only,2025-09-01,True,False,328.0,False,monthly_and_transactions_not_reconciled
300200319_,шт,Алматы,2025-09-19,20000102977,180.0,308,180,4.0,37.0,32.0,above_Q3_plus_3IQR_and_at_least_8_medians,0.0,review_only,2025-09-01,True,False,328.0,False,monthly_and_transactions_not_reconciled
300200319_,шт,Алматы,2025-09-26,20000106623,210.0,322,180,4.0,37.0,32.0,above_Q3_plus_3IQR_and_at_least_8_medians,0.0,review_only,2025-09-01,True,False,328.0,False,monthly_and_transactions_not_reconciled
300200319_,шт,Алматы,2025-10-10,20000112247,40.0,323,180,4.0,37.0,32.0,above_Q3_plus_3IQR_and_at_least_8_medians,0.0,review_only,2025-10-01,True,False,461.0,False,monthly_and_transactions_not_reconciled
300200319_,шт,Алматы,2025-10-28,30000033406,180.0,333,180,4.0,37.0,32.0,above_Q3_plus_3IQR_and_at_least_8_medians,0.0,review_only,2025-10-01,True,False,461.0,False,monthly_and_transactions_not_reconciled
300200319_,шт,Алматы,2025-11-05,30000033483,90.0,335,180,4.0,37.0,32.0,above_Q3_plus_3IQR_and_at_least_8_medians,0.0,review_only,2025-11-01,True,False,602.0,False,monthly_and_transactions_not_reconciled
300200319_,шт,Алматы,2025-11-21,20000131623,240.0,335,180,4.0,37.0,32.0,above_Q3_plus_3IQR_and_at_least_8_medians,0.0,review_only,2025-11-01,True,False,602.0,False,monthly_and_transactions_not_reconciled
300200319_,шт,Алматы,2025-11-21,20000131684,180.0,335,180,4.0,37.0,32.0,above_Q3_plus_3IQR_and_at_least_8_medians,0.0,review_only,2025-11-01,True,False,602.0,False,monthly_and_transactions_not_reconciled
300200319_,шт,Алматы,2025-11-21,20000131731,270.0,335,180,4.0,37.0,32.0,above_Q3_plus_3IQR_and_at_least_8_medians,0.0,review_only,2025-11-01,True,False,602.0,False,monthly_and_transactions_not_reconciled
300200319_,шт,Алматы,2025-11-25,20000133177,50.0,341,180,4.0,37.0,32.0,above_Q3_plus_3IQR_and_at_least_8_medians,0.0,review_only,2025-11-01,True,False,602.0,False,monthly_and_transactions_not_reconciled
300200319_,шт,Алматы,2025-11-26,20000133720,200.0,345,180,4.0,37.0,32.0,above_Q3_plus_3IQR_and_at_least_8_medians,0.0,review_only,2025-11-01,True,False,602.0,False,monthly_and_transactions_not_reconciled
300200319_,шт,Алматы,2025-12-01,30000033833,90.0,351,180,4.0,37.0,32.0,above_Q3_plus_3IQR_and_at_least_8_medians,0.0,review_only,2025-12-01,True,False,507.0,False,monthly_and_transactions_not_reconciled
300200319_,шт,Алматы,2025-12-08,20000139291,90.0,357,180,4.0,37.0,32.0,above_Q3_plus_3IQR_and_at_least_8_medians,0.0,review_only,2025-12-01,True,False,507.0,False,monthly_and_transactions_not_reconciled
300200319_,шт,Алматы,2025-12-09,20000139804,60.0,358,180,4.0,37.0,32.0,above_Q3_plus_3IQR_and_at_least_8_medians,0.0,review_only,2025-12-01,True,False,507.0,False,monthly_and_transactions_not_reconciled
300200319_,шт,Алматы,2025-12-15,20000141881,80.0,361,180,4.0,37.0,32.0,above_Q3_plus_3IQR_and_at_least_8_medians,0.0,review_only,2025-12-01,True,False,507.0,False,monthly_and_transactions_not_reconciled
300200319_,шт,Алматы,2025-12-17,20000143541,165.0,362,180,4.0,37.0,32.0,above_Q3_plus_3IQR_and_at_least_8_medians,0.0,review_only,2025-12-01,True,False,507.0,False,monthly_and_transactions_not_reconciled
300200319_,шт,Алматы,2025-12-17,20000143543,180.0,362,180,4.0,37.0,32.0,above_Q3_plus_3IQR_and_at_least_8_medians,0.0,review_only,2025-12-01,True,False,507.0,False,monthly_and_transactions_not_reconciled
300200319_,шт,Алматы,2025-12-19,20000144337,50.0,366,180,4.0,37.0,32.0,above_Q3_plus_3IQR_and_at_least_8_medians,0.0,review_only,2025-12-01,True,False,507.0,False,monthly_and_transactions_not_reconciled
300200319_,шт,Алматы,2025-12-29,20000148331,44.0,363,180,4.0,37.0,32.0,above_Q3_plus_3IQR_and_at_least_8_medians,0.0,review_only,2025-12-01,True,False,507.0,False,monthly_and_transactions_not_reconciled
300200319_,шт,Алматы,2026-01-13,20000002978,90.0,360,180,4.0,37.0,32.0,above_Q3_plus_3IQR_and_at_least_8_medians,0.0,review_only,2026-01-01,True,False,268.0,False,monthly_and_transactions_not_reconciled
300200319_,шт,Алматы,2026-01-13,30000000089,90.0,360,180,4.0,37.0,32.0,above_Q3_plus_3IQR_and_at_least_8_medians,0.0,review_only,2026-01-01,True,False,268.0,False,monthly_and_transactions_not_reconciled
300200319_,шт,Алматы,2026-01-29,20000009880,300.0,360,180,3.0,37.0,24.0,above_Q3_plus_3IQR_and_at_least_8_medians,0.0,review_only,2026-01-01,True,False,268.0,False,monthly_and_transactions_not_reconciled
300200319_,шт,Алматы,2026-01-29,20000009919,180.0,360,180,3.0,37.0,24.0,above_Q3_plus_3IQR_and_at_least_8_medians,0.0,review_only,2026-01-01,True,False,268.0,False,monthly_and_transactions_not_reconciled
300200319_,шт,Алматы,2026-03-03,20000022725,45.0,310,180,3.0,37.0,24.0,above_Q3_plus_3IQR_and_at_least_8_medians,0.0,review_only,2026-03-01,True,False,239.0,False,monthly_and_transactions_not_reconciled
300200319_,шт,Алматы,2026-03-03,20000022801,270.0,310,180,3.0,37.0,24.0,above_Q3_plus_3IQR_and_at_least_8_medians,0.0,review_only,2026-03-01,True,False,239.0,False,monthly_and_transactions_not_reconciled
300200319_,шт,Алматы,2026-03-03,20000022806,90.0,310,180,3.0,37.0,24.0,above_Q3_plus_3IQR_and_at_least_8_medians,0.0,review_only,2026-03-01,True,False,239.0,False,monthly_and_transactions_not_reconciled
300200319_,шт,Алматы,2026-03-03,20000022809,90.0,310,180,3.0,37.0,24.0,above_Q3_plus_3IQR_and_at_least_8_medians,0.0,review_only,2026-03-01,True,False,239.0,False,monthly_and_transactions_not_reconciled
300200319_,шт,Алматы,2026-03-12,20000025913,80.0,316,180,4.0,37.0,32.0,above_Q3_plus_3IQR_and_at_least_8_medians,0.0,review_only,2026-03-01,True,False,239.0,False,monthly_and_transactions_not_reconciled
300200319_,шт,Алматы,2026-03-27,20000030355,180.0,295,180,4.0,37.0,32.0,above_Q3_plus_3IQR_and_at_least_8_medians,0.0,review_only,2026-03-01,True,False,239.0,False,monthly_and_transactions_not_reconciled
300200319_,шт,Алматы,2026-03-27,20000030369,180.0,295,180,4.0,37.0,32.0,above_Q3_plus_3IQR_and_at_least_8_medians,0.0,review_only,2026-03-01,True,False,239.0,False,monthly_and_transactions_not_reconciled
300200319_,шт,Алматы,2026-03-30,20000031273,240.0,290,180,4.0,37.0,32.0,above_Q3_plus_3IQR_and_at_least_8_medians,0.0,review_only,2026-03-01,True,False,239.0,False,monthly_and_transactions_not_reconciled
300200319_,шт,Алматы,2026-04-01,20000032262,90.0,290,180,4.0,37.0,32.0,above_Q3_plus_3IQR_and_at_least_8_medians,0.0,review_only,2026-04-01,True,False,401.0,False,monthly_and_transactions_not_reconciled
300200319_,шт,Алматы,2026-04-13,20000037441,150.0,288,180,4.0,37.0,32.0,above_Q3_plus_3IQR_and_at_least_8_medians,0.0,review_only,2026-04-01,True,False,401.0,False,monthly_and_transactions_not_reconciled
300200319_,шт,Алматы,2026-04-22,20000041355,225.0,277,180,4.0,34.0,32.0,above_Q3_plus_3IQR_and_at_least_8_medians,0.0,review_only,2026-04-01,True,False,401.0,False,monthly_and_transactions_not_reconciled
300200319_,шт,Алматы,2026-04-22,20000041373,360.0,277,180,4.0,34.0,32.0,above_Q3_plus_3IQR_and_at_least_8_medians,0.0,review_only,2026-04-01,True,False,401.0,False,monthly_and_transactions_not_reconciled
300200319_,шт,Алматы,2026-04-22,20000041379,90.0,277,180,4.0,34.0,32.0,above_Q3_plus_3IQR_and_at_least_8_medians,0.0,review_only,2026-04-01,True,False,401.0,False,monthly_and_transactions_not_reconciled
300200319_,шт,Алматы,2026-04-29,20000044513,75.0,280,180,4.0,34.0,32.0,above_Q3_plus_3IQR_and_at_least_8_medians,0.0,review_only,2026-04-01,True,False,401.0,False,monthly_and_transactions_not_reconciled
300200319_,шт,Алматы,2026-05-04,20000046240,150.0,281,180,4.0,34.0,32.0,above_Q3_plus_3IQR_and_at_least_8_medians,0.0,review_only,2026-05-01,True,False,276.0,False,monthly_and_transactions_not_reconciled
300200319_,шт,Алматы,2026-05-06,20000047003,270.0,280,180,4.0,34.0,32.0,above_Q3_plus_3IQR_and_at_least_8_medians,0.0,review_only,2026-05-01,True,False,276.0,False,monthly_and_transactions_not_reconciled
300200319_,шт,Алматы,2026-05-13,20000049229,90.0,278,180,4.0,34.0,32.0,above_Q3_plus_3IQR_and_at_least_8_medians,0.0,review_only,2026-05-01,True,False,276.0,False,monthly_and_transactions_not_reconciled
300200319_,шт,Алматы,2026-05-20,20000052593,180.0,277,180,4.0,34.0,32.0,above_Q3_plus_3IQR_and_at_least_8_medians,0.0,review_only,2026-05-01,True,False,276.0,False,monthly_and_transactions_not_reconciled
300200319_,шт,Алматы,2026-05-20,20000052603,180.0,277,180,4.0,34.0,32.0,above_Q3_plus_3IQR_and_at_least_8_medians,0.0,review_only,2026-05-01,True,False,276.0,False,monthly_and_transactions_not_reconciled
300200319_,шт,Алматы,2026-05-25,20000054525,300.0,272,180,4.0,34.0,32.0,above_Q3_plus_3IQR_and_at_least_8_medians,0.0,review_only,2026-05-01,True,False,276.0,False,monthly_and_transactions_not_reconciled
300200319_,шт,Алматы,2026-06-24,20000068750,90.0,260,180,4.0,34.0,32.0,above_Q3_plus_3IQR_and_at_least_8_medians,0.0,review_only,2026-06-01,True,False,311.0,False,monthly_and_transactions_not_reconciled
300200319_,шт,Алматы,2026-06-24,20000068754,90.0,260,180,4.0,34.0,32.0,above_Q3_plus_3IQR_and_at_least_8_medians,0.0,review_only,2026-06-01,True,False,311.0,False,monthly_and_transactions_not_reconciled
300200319_,шт,Алматы,2026-07-03,20000073235,45.0,273,180,4.0,34.0,32.0,above_Q3_plus_3IQR_and_at_least_8_medians,0.0,review_only,2026-07-01,True,False,611.0,False,monthly_and_transactions_not_reconciled
300200319_,шт,Алматы,2026-07-07,30000001863,180.0,273,180,4.0,34.0,32.0,above_Q3_plus_3IQR_and_at_least_8_medians,0.0,review_only,2026-07-01,True,False,611.0,False,monthly_and_transactions_not_reconciled
300200319_,шт,Алматы,2026-07-09,20000075352,90.0,272,180,4.0,34.0,32.0,above_Q3_plus_3IQR_and_at_least_8_medians,0.0,review_only,2026-07-01,True,False,611.0,False,monthly_and_transactions_not_reconciled
300200319_,шт,Алматы,2026-07-11,20000076250,100.0,281,180,4.0,34.0,32.0,above_Q3_plus_3IQR_and_at_least_8_medians,0.0,review_only,2026-07-01,True,False,611.0,False,monthly_and_transactions_not_reconciled
300200319_,шт,Алматы,2026-07-17,20000078273,50.0,286,180,4.0,34.0,32.0,above_Q3_plus_3IQR_and_at_least_8_medians,0.0,review_only,2026-07-01,True,False,611.0,False,monthly_and_transactions_not_reconciled
300200319_,шт,Алматы,2026-07-17,20000079465,150.0,286,180,4.0,34.0,32.0,above_Q3_plus_3IQR_and_at_least_8_medians,0.0,review_only,2026-07-01,True,False,611.0,False,monthly_and_transactions_not_reconciled
300200319_,шт,Алматы,2026-07-17,20000079476,90.0,286,180,4.0,34.0,32.0,above_Q3_plus_3IQR_and_at_least_8_medians,0.0,review_only,2026-07-01,True,False,611.0,False,monthly_and_transactions_not_reconciled
300200319_,шт,Алматы,2026-07-17,20000079487,90.0,286,180,4.0,34.0,32.0,above_Q3_plus_3IQR_and_at_least_8_medians,0.0,review_only,2026-07-01,True,False,611.0,False,monthly_and_transactions_not_reconciled
300200319_,шт,Алматы,2026-07-17,30000001988,90.0,286,180,4.0,34.0,32.0,above_Q3_plus_3IQR_and_at_least_8_medians,0.0,review_only,2026-07-01,True,False,611.0,False,monthly_and_transactions_not_reconciled
300200319_,шт,Алматы,2026-07-21,20000080997,150.0,293,180,4.0,34.0,32.0,above_Q3_plus_3IQR_and_at_least_8_medians,0.0,review_only,2026-07-01,True,False,611.0,False,monthly_and_transactions_not_reconciled
300200319_,шт,Алматы,2026-07-23,30000002051,90.0,296,180,4.0,34.0,32.0,above_Q3_plus_3IQR_and_at_least_8_medians,0.0,review_only,2026-07-01,True,False,611.0,False,monthly_and_transactions_not_reconciled
300200319_,шт,Алматы,2026-07-28,20000084365,90.0,292,180,4.0,34.0,32.0,above_Q3_plus_3IQR_and_at_least_8_medians,0.0,review_only,2026-07-01,True,False,611.0,False,monthly_and_transactions_not_reconciled
300200319_,шт,Алматы,2026-08-04,20000087706,300.0,286,180,4.0,34.0,32.0,above_Q3_plus_3IQR_and_at_least_8_medians,0.0,review_only,2026-08-01,True,False,299.0,False,monthly_and_transactions_not_reconciled
300200319_,шт,Алматы,2026-08-04,20000087710,90.0,286,180,4.0,34.0,32.0,above_Q3_plus_3IQR_and_at_least_8_medians,0.0,review_only,2026-08-01,True,False,299.0,False,monthly_and_transactions_not_reconciled
300200319_,шт,Алматы,2026-08-06,20000088661,105.0,288,180,4.5,35.0,36.0,above_Q3_plus_3IQR_and_at_least_8_medians,0.0,review_only,2026-08-01,True,False,299.0,False,monthly_and_transactions_not_reconciled
300200319_,шт,Алматы,2026-08-10,20000090151,60.0,295,180,4.0,34.0,32.0,above_Q3_plus_3IQR_and_at_least_8_medians,0.0,review_only,2026-08-01,True,False,299.0,False,monthly_and_transactions_not_reconciled
300200319_,шт,Алматы,2026-08-24,20000097297,150.0,310,180,4.0,34.0,32.0,above_Q3_plus_3IQR_and_at_least_8_medians,0.0,review_only,2026-08-01,True,False,299.0,False,monthly_and_transactions_not_reconciled
300200319_,шт,Алматы,2026-08-27,30000002392,270.0,318,180,4.0,34.0,32.0,above_Q3_plus_3IQR_and_at_least_8_medians,0.0,review_only,2026-08-01,True,False,299.0,False,monthly_and_transactions_not_reconciled
300200319_,шт,Алматы,2026-09-02,20000101838,90.0,317,180,4.0,34.0,32.0,above_Q3_plus_3IQR_and_at_least_8_medians,0.0,review_only,2026-09-01,,,,False,monthly_and_transactions_not_reconciled
300200319_,шт,Алматы,2026-09-07,20000103687,300.0,325,180,4.0,34.0,32.0,above_Q3_plus_3IQR_and_at_least_8_medians,0.0,review_only,2026-09-01,,,,False,monthly_and_transactions_not_reconciled
300200320_,шт,Алматы,2025-02-10,20000013085,120.0,21,180,3.0,77.0,24.0,above_Q3_plus_3IQR_and_at_least_8_medians,0.0,review_only,2025-02-01,True,False,57.0,False,monthly_and_transactions_not_reconciled
300200320_,шт,Алматы,2025-02-10,20000013090,90.0,21,180,3.0,77.0,24.0,above_Q3_plus_3IQR_and_at_least_8_medians,0.0,review_only,2025-02-01,True,False,57.0,False,monthly_and_transactions_not_reconciled
300200320_,шт,Алматы,2025-02-12,20000014331,270.0,24,180,4.0,82.0,32.0,above_Q3_plus_3IQR_and_at_least_8_medians,0.0,review_only,2025-02-01,True,False,57.0,False,monthly_and_transactions_not_reconciled
300200320_,шт,Алматы,2025-02-12,20000014333,240.0,24,180,4.0,82.0,32.0,above_Q3_plus_3IQR_and_at_least_8_medians,0.0,review_only,2025-02-01,True,False,57.0,False,monthly_and_transactions_not_reconciled
300200320_,шт,Алматы,2025-03-12,20000024400,90.0,44,180,3.0,62.0,24.0,above_Q3_plus_3IQR_and_at_least_8_medians,0.0,review_only,2025-03-01,True,False,108.0,False,monthly_and_transactions_not_reconciled
300200320_,шт,Алматы,2025-04-11,20000035323,90.0,61,180,3.0,57.0,24.0,above_Q3_plus_3IQR_and_at_least_8_medians,0.0,review_only,2025-04-01,True,False,110.0,False,monthly_and_transactions_not_reconciled
300200320_,шт,Алматы,2025-04-15,20000036278,60.0,63,180,3.0,57.0,24.0,above_Q3_plus_3IQR_and_at_least_8_medians,0.0,review_only,2025-04-01,True,False,110.0,False,monthly_and_transactions_not_reconciled
300200320_,шт,Алматы,2025-04-25,20000041171,240.0,72,180,3.0,54.75,24.0,above_Q3_plus_3IQR_and_at_least_8_medians,0.0,review_only,2025-04-01,True,False,110.0,False,monthly_and_transactions_not_reconciled
300200320_,шт,Алматы,2025-05-15,20000048330,60.0,85,180,3.0,57.0,24.0,above_Q3_plus_3IQR_and_at_least_8_medians,0.0,review_only,2025-05-01,True,False,127.0,False,monthly_and_transactions_not_reconciled
300200320_,шт,Алматы,2025-06-20,20000064187,180.0,103,180,3.0,51.0,24.0,above_Q3_plus_3IQR_and_at_least_8_medians,0.0,review_only,2025-06-01,True,False,81.0,False,monthly_and_transactions_not_reconciled
300200320_,шт,Алматы,2025-07-10,20000071998,60.0,114,180,3.0,40.0,24.0,above_Q3_plus_3IQR_and_at_least_8_medians,0.0,review_only,2025-07-01,True,False,139.0,False,monthly_and_transactions_not_reconciled
300200320_,шт,Алматы,2025-08-05,20000083169,360.0,119,180,3.0,37.0,24.0,above_Q3_plus_3IQR_and_at_least_8_medians,0.0,review_only,2025-08-01,True,False,252.0,False,monthly_and_transactions_not_reconciled
300200320_,шт,Алматы,2025-08-07,20000084221,240.0,123,180,3.0,37.0,24.0,above_Q3_plus_3IQR_and_at_least_8_medians,0.0,review_only,2025-08-01,True,False,252.0,False,monthly_and_transactions_not_reconciled
300200320_,шт,Алматы,2025-08-07,20000084233,90.0,123,180,3.0,37.0,24.0,above_Q3_plus_3IQR_and_at_least_8_medians,0.0,review_only,2025-08-01,True,False,252.0,False,monthly_and_transactions_not_reconciled
300200320_,шт,Алматы,2025-08-11,20000085958,90.0,124,180,3.0,37.0,24.0,above_Q3_plus_3IQR_and_at_least_8_medians,0.0,review_only,2025-08-01,True,False,252.0,False,monthly_and_transactions_not_reconciled
300200320_,шт,Алматы,2025-08-13,20000086242,90.0,124,180,3.5,37.0,28.0,above_Q3_plus_3IQR_and_at_least_8_medians,0.0,review_only,2025-08-01,True,False,252.0,False,monthly_and_transactions_not_reconciled
300200320_,шт,Алматы,2025-08-13,20000087097,90.0,124,180,3.5,37.0,28.0,above_Q3_plus_3IQR_and_at_least_8_medians,0.0,review_only,2025-08-01,True,False,252.0,False,monthly_and_transactions_not_reconciled
300200320_,шт,Алматы,2025-09-19,20000102969,60.0,131,180,3.0,37.0,24.0,above_Q3_plus_3IQR_and_at_least_8_medians,0.0,review_only,2025-09-01,True,False,91.0,False,monthly_and_transactions_not_reconciled
300200320_,шт,Алматы,2025-09-19,20000102977,90.0,131,180,3.0,37.0,24.0,above_Q3_plus_3IQR_and_at_least_8_medians,0.0,review_only,2025-09-01,True,False,91.0,False,monthly_and_transactions_not_reconciled
300200320_,шт,Алматы,2025-11-05,30000033483,60.0,138,180,3.0,37.0,24.0,above_Q3_plus_3IQR_and_at_least_8_medians,0.0,review_only,2025-11-01,True,False,141.0,False,monthly_and_transactions_not_reconciled
300200320_,шт,Алматы,2025-11-21,20000131623,180.0,140,180,3.0,37.0,24.0,above_Q3_plus_3IQR_and_at_least_8_medians,0.0,review_only,2025-11-01,True,False,141.0,False,monthly_and_transactions_not_reconciled
300200320_,шт,Алматы,2025-11-26,20000133720,100.0,144,180,3.0,37.0,24.0,above_Q3_plus_3IQR_and_at_least_8_medians,0.0,review_only,2025-11-01,True,False,141.0,False,monthly_and_transactions_not_reconciled
300200320_,шт,Алматы,2025-11-28,20000134832,90.0,146,180,3.0,37.0,24.0,above_Q3_plus_3IQR_and_at_least_8_medians,0.0,review_only,2025-11-01,True,False,141.0,False,monthly_and_transactions_not_reconciled
300200320_,шт,Алматы,2025-12-09,20000139804,90.0,153,180,3.0,37.0,24.0,above_Q3_plus_3IQR_and_at_least_8_medians,0.0,review_only,2025-12-01,True,False,55.0,False,monthly_and_transactions_not_reconciled
300200320_,шт,Алматы,2026-01-29,20000009880,105.0,143,180,3.0,37.0,24.0,above_Q3_plus_3IQR_and_at_least_8_medians,0.0,review_only,2026-01-01,True,False,145.0,False,monthly_and_transactions_not_reconciled
300200320_,шт,Алматы,2026-01-29,20000009919,90.0,143,180,3.0,37.0,24.0,above_Q3_plus_3IQR_and_at_least_8_medians,0.0,review_only,2026-01-01,True,False,145.0,False,monthly_and_transactions_not_reconciled
300200320_,шт,Алматы,2026-01-29,30000000204,90.0,143,180,3.0,37.0,24.0,above_Q3_plus_3IQR_and_at_least_8_medians,0.0,review_only,2026-01-01,True,False,145.0,False,monthly_and_transactions_not_reconciled
300200320_,шт,Алматы,2026-02-25,20000020178,60.0,126,180,3.0,32.0,24.0,above_Q3_plus_3IQR_and_at_least_8_medians,0.0,review_only,2026-02-01,True,False,86.0,False,monthly_and_transactions_not_reconciled
300200320_,шт,Алматы,2026-03-03,20000022801,180.0,124,180,3.0,37.0,24.0,above_Q3_plus_3IQR_and_at_least_8_medians,0.0,review_only,2026-03-01,True,False,63.0,False,monthly_and_transactions_not_reconciled
300200320_,шт,Алматы,2026-04-01,20000032262,90.0,112,180,3.0,34.75,24.0,above_Q3_plus_3IQR_and_at_least_8_medians,0.0,review_only,2026-04-01,True,False,169.0,False,monthly_and_transactions_not_reconciled
300200320_,шт,Алматы,2026-04-22,20000041355,60.0,116,180,3.0,30.0,24.0,above_Q3_plus_3IQR_and_at_least_8_medians,0.0,review_only,2026-04-01,True,False,169.0,False,monthly_and_transactions_not_reconciled
300200320_,шт,Алматы,2026-04-29,20000044513,45.0,119,180,3.0,31.0,24.0,above_Q3_plus_3IQR_and_at_least_8_medians,0.0,review_only,2026-04-01,True,False,169.0,False,monthly_and_transactions_not_reconciled
300200320_,шт,Алматы,2026-05-15,20000050457,60.0,117,180,3.0,29.0,24.0,above_Q3_plus_3IQR_and_at_least_8_medians,0.0,review_only,2026-05-01,True,False,84.0,False,monthly_and_transactions_not_reconciled
300200320_,шт,Алматы,2026-05-20,20000052603,90.0,117,180,3.0,37.0,24.0,above_Q3_plus_3IQR_and_at_least_8_medians,0.0,review_only,2026-05-01,True,False,84.0,False,monthly_and_transactions_not_reconciled
300200320_,шт,Алматы,2026-06-24,20000068732,75.0,117,180,3.0,25.0,24.0,above_Q3_plus_3IQR_and_at_least_8_medians,0.0,review_only,2026-06-01,True,False,95.0,False,monthly_and_transactions_not_reconciled
300200320_,шт,Алматы,2026-06-24,20000068754,90.0,117,180,3.0,25.0,24.0,above_Q3_plus_3IQR_and_at_least_8_medians,0.0,review_only,2026-06-01,True,False,95.0,False,monthly_and_transactions_not_reconciled
300200320_,шт,Алматы,2026-07-07,30000001863,30.0,130,180,3.0,28.0,24.0,above_Q3_plus_3IQR_and_at_least_8_medians,0.0,review_only,2026-07-01,True,False,170.0,False,monthly_and_transactions_not_reconciled
300200320_,шт,Алматы,2026-07-17,20000078273,50.0,136,180,3.0,26.0,24.0,above_Q3_plus_3IQR_and_at_least_8_medians,0.0,review_only,2026-07-01,True,False,170.0,False,monthly_and_transactions_not_reconciled
300200320_,шт,Алматы,2026-07-17,20000079465,30.0,136,180,3.0,26.0,24.0,above_Q3_plus_3IQR_and_at_least_8_medians,0.0,review_only,2026-07-01,True,False,170.0,False,monthly_and_transactions_not_reconciled
300200320_,шт,Алматы,2026-07-17,20000079476,90.0,136,180,3.0,26.0,24.0,above_Q3_plus_3IQR_and_at_least_8_medians,0.0,review_only,2026-07-01,True,False,170.0,False,monthly_and_transactions_not_reconciled
300200320_,шт,Алматы,2026-07-21,20000080997,30.0,140,180,3.0,29.0,24.0,above_Q3_plus_3IQR_and_at_least_8_medians,0.0,review_only,2026-07-01,True,False,170.0,False,monthly_and_transactions_not_reconciled
300200320_,шт,Алматы,2026-07-22,20000081556,90.0,143,180,3.0,33.0,24.0,above_Q3_plus_3IQR_and_at_least_8_medians,0.0,review_only,2026-07-01,True,False,170.0,False,monthly_and_transactions_not_reconciled
300200320_,шт,Алматы,2026-07-23,30000002051,90.0,144,180,3.0,37.0,24.0,above_Q3_plus_3IQR_and_at_least_8_medians,0.0,review_only,2026-07-01,True,False,170.0,False,monthly_and_transactions_not_reconciled
300200320_,шт,Алматы,2026-08-04,20000087706,90.0,144,180,3.0,31.0,24.0,above_Q3_plus_3IQR_and_at_least_8_medians,0.0,review_only,2026-08-01,True,False,61.0,False,monthly_and_transactions_not_reconciled
300200320_,шт,Алматы,2026-09-02,20000101838,30.0,155,180,2.0,27.0,16.0,above_Q3_plus_3IQR_and_at_least_8_medians,0.0,review_only,2026-09-01,,,,False,monthly_and_transactions_not_reconciled
300200320_,шт,Алматы,2026-09-07,20000103687,30.0,163,180,2.0,25.0,16.0,above_Q3_plus_3IQR_and_at_least_8_medians,0.0,review_only,2026-09-01,,,,False,monthly_and_transactions_not_reconciled
300200320_,шт,Алматы,2026-09-07,20000103726,90.0,163,180,2.0,25.0,16.0,above_Q3_plus_3IQR_and_at_least_8_medians,0.0,review_only,2026-09-01,,,,False,monthly_and_transactions_not_reconciled
300200320_,шт,Алматы,2026-09-07,20000103774,90.0,163,180,2.0,25.0,16.0,above_Q3_plus_3IQR_and_at_least_8_medians,0.0,review_only,2026-09-01,,,,False,monthly_and_transactions_not_reconciled
300200320_,шт,Алматы,2026-09-10,20000104988,37.0,163,180,2.0,29.0,16.0,above_Q3_plus_3IQR_and_at_least_8_medians,0.0,review_only,2026-09-01,,,,False,monthly_and_transactions_not_reconciled
300200320_,шт,Алматы,2026-09-11,20000106295,30.0,165,180,2.0,29.0,16.0,above_Q3_plus_3IQR_and_at_least_8_medians,0.0,review_only,2026-09-01,,,,False,monthly_and_transactions_not_reconciled
300200321_,шт,Алматы,2025-06-23,30000032352,180.0,44,180,10.0,159.0,80.0,above_Q3_plus_3IQR_and_at_least_8_medians,0.0,review_only,2025-06-01,True,False,85.0,False,monthly_and_transactions_not_reconciled
300200321_,шт,Алматы,2026-09-07,20000103687,252.0,41,180,14.0,138.0,112.0,above_Q3_plus_3IQR_and_at_least_8_medians,0.0,review_only,2026-09-01,,,,False,monthly_and_transactions_not_reconciled
300200322_,шт,Алматы,2025-02-10,20000013085,300.0,14,180,13.0,206.25,104.0,above_Q3_plus_3IQR_and_at_least_8_medians,0.0,review_only,2025-02-01,True,False,63.0,False,monthly_and_transactions_not_reconciled
300200322_,шт,Алматы,2025-02-10,20000013090,540.0,14,180,13.0,206.25,104.0,above_Q3_plus_3IQR_and_at_least_8_medians,0.0,review_only,2025-02-01,True,False,63.0,False,monthly_and_transactions_not_reconciled
300200322_,шт,Алматы,2025-02-12,20000014331,1080.0,17,180,16.0,234.0,128.0,above_Q3_plus_3IQR_and_at_least_8_medians,0.0,review_only,2025-02-01,True,False,63.0,False,monthly_and_transactions_not_reconciled
300200322_,шт,Алматы,2025-02-12,20000014333,540.0,17,180,16.0,234.0,128.0,above_Q3_plus_3IQR_and_at_least_8_medians,0.0,review_only,2025-02-01,True,False,63.0,False,monthly_and_transactions_not_reconciled
300200322_,шт,Алматы,2025-03-12,20000024399,300.0,23,180,16.0,225.0,128.0,above_Q3_plus_3IQR_and_at_least_8_medians,0.0,review_only,2025-03-01,True,False,97.0,False,monthly_and_transactions_not_reconciled
300200322_,шт,Алматы,2025-03-14,20000025050,300.0,28,180,18.0,219.75,144.0,above_Q3_plus_3IQR_and_at_least_8_medians,0.0,review_only,2025-03-01,True,False,97.0,False,monthly_and_transactions_not_reconciled
300200322_,шт,Алматы,2025-04-25,20000041171,600.0,41,180,10.0,234.0,80.0,above_Q3_plus_3IQR_and_at_least_8_medians,0.0,review_only,2025-04-01,True,False,143.0,False,monthly_and_transactions_not_reconciled
300200322_,шт,Алматы,2025-06-23,30000032346,360.0,61,180,10.0,138.0,80.0,above_Q3_plus_3IQR_and_at_least_8_medians,0.0,review_only,2025-06-01,True,False,190.0,False,monthly_and_transactions_not_reconciled
300200322_,шт,Алматы,2025-07-17,20000075662,480.0,63,180,10.0,114.0,80.0,above_Q3_plus_3IQR_and_at_least_8_medians,0.0,review_only,2025-07-01,True,False,39.0,False,monthly_and_transactions_not_reconciled
300200322_,шт,Алматы,2025-07-18,20000075815,360.0,62,180,10.0,131.25,80.0,above_Q3_plus_3IQR_and_at_least_8_medians,0.0,review_only,2025-07-01,True,False,39.0,False,monthly_and_transactions_not_reconciled
300200322_,шт,Алматы,2025-08-07,20000084221,120.0,67,180,9.0,114.0,72.0,above_Q3_plus_3IQR_and_at_least_8_medians,0.0,review_only,2025-08-01,True,False,155.0,False,monthly_and_transactions_not_reconciled
300200322_,шт,Алматы,2025-08-07,20000084233,600.0,67,180,9.0,114.0,72.0,above_Q3_plus_3IQR_and_at_least_8_medians,0.0,review_only,2025-08-01,True,False,155.0,False,monthly_and_transactions_not_reconciled
300200322_,шт,Алматы,2025-08-13,20000087097,120.0,65,180,6.0,114.0,48.0,above_Q3_plus_3IQR_and_at_least_8_medians,0.0,review_only,2025-08-01,True,False,155.0,False,monthly_and_transactions_not_reconciled
300200322_,шт,Алматы,2025-09-19,20000102969,480.0,73,180,3.0,82.0,24.0,above_Q3_plus_3IQR_and_at_least_8_medians,0.0,review_only,2025-09-01,True,False,87.0,False,monthly_and_transactions_not_reconciled
300200322_,шт,Алматы,2025-09-23,30000033121,120.0,76,180,3.0,94.0,24.0,above_Q3_plus_3IQR_and_at_least_8_medians,0.0,review_only,2025-09-01,True,False,87.0,False,monthly_and_transactions_not_reconciled
300200322_,шт,Алматы,2025-09-26,20000106623,300.0,78,180,3.0,94.0,24.0,above_Q3_plus_3IQR_and_at_least_8_medians,0.0,review_only,2025-09-01,True,False,87.0,False,monthly_and_transactions_not_reconciled
300200322_,шт,Алматы,2025-09-30,30000033182,120.0,79,180,3.0,104.0,24.0,above_Q3_plus_3IQR_and_at_least_8_medians,0.0,review_only,2025-09-01,True,False,87.0,False,monthly_and_transactions_not_reconciled
300200322_,шт,Алматы,2025-10-28,30000033406,120.0,81,180,4.0,97.0,32.0,above_Q3_plus_3IQR_and_at_least_8_medians,0.0,review_only,2025-10-01,True,False,151.0,False,monthly_and_transactions_not_reconciled
300200322_,шт,Алматы,2025-11-05,30000033483,180.0,84,180,4.0,98.0,32.0,above_Q3_plus_3IQR_and_at_least_8_medians,0.0,review_only,2025-11-01,True,False,172.0,False,monthly_and_transactions_not_reconciled
300200322_,шт,Алматы,2025-11-07,20000125451,180.0,85,180,5.0,101.0,40.0,above_Q3_plus_3IQR_and_at_least_8_medians,0.0,review_only,2025-11-01,True,False,172.0,False,monthly_and_transactions_not_reconciled
300200322_,шт,Алматы,2025-11-21,20000131623,360.0,85,180,5.0,94.0,40.0,above_Q3_plus_3IQR_and_at_least_8_medians,0.0,review_only,2025-11-01,True,False,172.0,False,monthly_and_transactions_not_reconciled
300200322_,шт,Алматы,2025-12-01,30000033833,120.0,95,180,6.0,96.0,48.0,above_Q3_plus_3IQR_and_at_least_8_medians,0.0,review_only,2025-12-01,True,False,41.0,False,monthly_and_transactions_not_reconciled
300200322_,шт,Алматы,2025-12-09,20000139804,120.0,97,180,5.0,98.0,40.0,above_Q3_plus_3IQR_and_at_least_8_medians,0.0,review_only,2025-12-01,True,False,41.0,False,monthly_and_transactions_not_reconciled
300200322_,шт,Алматы,2025-12-17,20000143541,140.0,97,180,5.0,114.0,40.0,above_Q3_plus_3IQR_and_at_least_8_medians,0.0,review_only,2025-12-01,True,False,41.0,False,monthly_and_transactions_not_reconciled
300200322_,шт,Алматы,2026-01-14,20000003527,120.0,94,180,4.5,93.0,36.0,above_Q3_plus_3IQR_and_at_least_8_medians,0.0,review_only,2026-01-01,True,False,45.0,False,monthly_and_transactions_not_reconciled
300200322_,шт,Алматы,2026-01-29,20000009880,180.0,91,180,5.0,96.0,40.0,above_Q3_plus_3IQR_and_at_least_8_medians,0.0,review_only,2026-01-01,True,False,45.0,False,monthly_and_transactions_not_reconciled
300200322_,шт,Алматы,2026-02-11,20000014987,120.0,89,180,6.0,90.0,48.0,above_Q3_plus_3IQR_and_at_least_8_medians,0.0,review_only,2026-02-01,True,False,93.0,False,monthly_and_transactions_not_reconciled
300200322_,шт,Алматы,2026-03-03,20000022725,240.0,83,180,8.0,114.0,64.0,above_Q3_plus_3IQR_and_at_least_8_medians,0.0,review_only,2026-03-01,True,False,76.0,False,monthly_and_transactions_not_reconciled
300200322_,шт,Алматы,2026-03-03,20000022782,180.0,83,180,8.0,114.0,64.0,above_Q3_plus_3IQR_and_at_least_8_medians,0.0,review_only,2026-03-01,True,False,76.0,False,monthly_and_transactions_not_reconciled
300200322_,шт,Алматы,2026-03-03,20000022801,360.0,83,180,8.0,114.0,64.0,above_Q3_plus_3IQR_and_at_least_8_medians,0.0,review_only,2026-03-01,True,False,76.0,False,monthly_and_transactions_not_reconciled
300200322_,шт,Алматы,2026-04-22,20000041355,300.0,74,180,10.0,230.25,80.0,above_Q3_plus_3IQR_and_at_least_8_medians,0.0,review_only,2026-04-01,True,False,73.0,False,monthly_and_transactions_not_reconciled
300200322_,шт,Алматы,2026-07-23,30000002051,420.0,73,180,12.0,225.0,96.0,above_Q3_plus_3IQR_and_at_least_8_medians,0.0,review_only,2026-07-01,True,False,114.0,False,monthly_and_transactions_not_reconciled
300200322_,шт,Алматы,2026-08-04,20000087706,240.0,75,180,12.0,222.0,96.0,above_Q3_plus_3IQR_and_at_least_8_medians,0.0,review_only,2026-08-01,True,False,84.0,False,monthly_and_transactions_not_reconciled
300200322_,шт,Алматы,2026-09-02,20000101838,240.0,75,180,10.0,228.0,80.0,above_Q3_plus_3IQR_and_at_least_8_medians,0.0,review_only,2026-09-01,,,,False,monthly_and_transactions_not_reconciled
300200322_,шт,Алматы,2026-09-07,20000103687,300.0,76,180,10.0,231.0,80.0,above_Q3_plus_3IQR_and_at_least_8_medians,0.0,review_only,2026-09-01,,,,False,monthly_and_transactions_not_reconciled
300200323_,шт,Алматы,2025-02-03,20000010670,144.0,31,180,10.0,72.5,80.0,above_Q3_plus_3IQR_and_at_least_8_medians,0.0,review_only,2025-02-01,True,False,287.0,False,monthly_and_transactions_not_reconciled
300200323_,шт,Алматы,2025-02-03,20000010675,192.0,31,180,10.0,72.5,80.0,above_Q3_plus_3IQR_and_at_least_8_medians,0.0,review_only,2025-02-01,True,False,287.0,False,monthly_and_transactions_not_reconciled
300200323_,шт,Алматы,2025-02-10,20000013085,180.0,36,180,8.5,71.75,68.0,above_Q3_plus_3IQR_and_at_least_8_medians,0.0,review_only,2025-02-01,True,False,287.0,False,monthly_and_transactions_not_reconciled
300200323_,шт,Алматы,2025-02-12,20000014333,300.0,39,180,7.0,71.0,56.0,above_Q3_plus_3IQR_and_at_least_8_medians,0.0,review_only,2025-02-01,True,False,287.0,False,monthly_and_transactions_not_reconciled
300200323_,шт,Алматы,2025-03-04,20000021546,120.0,70,180,6.0,71.0,48.0,above_Q3_plus_3IQR_and_at_least_8_medians,0.0,review_only,2025-03-01,True,False,252.0,False,monthly_and_transactions_not_reconciled
300200323_,шт,Алматы,2025-03-12,20000024399,120.0,77,180,7.0,71.0,56.0,above_Q3_plus_3IQR_and_at_least_8_medians,0.0,review_only,2025-03-01,True,False,252.0,False,monthly_and_transactions_not_reconciled
300200323_,шт,Алматы,2025-03-12,20000024400,72.0,77,180,7.0,71.0,56.0,above_Q3_plus_3IQR_and_at_least_8_medians,0.0,review_only,2025-03-01,True,False,252.0,False,monthly_and_transactions_not_reconciled
300200323_,шт,Алматы,2025-04-11,20000035323,360.0,115,180,6.0,45.0,48.0,above_Q3_plus_3IQR_and_at_least_8_medians,0.0,review_only,2025-04-01,True,False,593.0,False,monthly_and_transactions_not_reconciled
300200323_,шт,Алматы,2025-04-15,20000036278,60.0,116,180,6.0,51.0,48.0,above_Q3_plus_3IQR_and_at_least_8_medians,0.0,review_only,2025-04-01,True,False,593.0,False,monthly_and_transactions_not_reconciled
300200323_,шт,Алматы,2025-04-15,20000036420,140.0,116,180,6.0,51.0,48.0,above_Q3_plus_3IQR_and_at_least_8_medians,0.0,review_only,2025-04-01,True,False,593.0,False,monthly_and_transactions_not_reconciled
300200323_,шт,Алматы,2025-04-25,20000041171,480.0,127,180,6.0,49.0,48.0,above_Q3_plus_3IQR_and_at_least_8_medians,0.0,review_only,2025-04-01,True,False,593.0,False,monthly_and_transactions_not_reconciled
300200323_,шт,Алматы,2025-04-30,20000042541,65.0,139,180,7.0,49.0,56.0,above_Q3_plus_3IQR_and_at_least_8_medians,0.0,review_only,2025-04-01,True,False,593.0,False,monthly_and_transactions_not_reconciled
300200323_,шт,Алматы,2025-05-19,20000049419,90.0,158,180,7.0,64.0,56.0,above_Q3_plus_3IQR_and_at_least_8_medians,0.0,review_only,2025-05-01,True,False,633.0,False,monthly_and_transactions_not_reconciled
300200323_,шт,Алматы,2025-06-10,20000059143,240.0,196,180,7.0,55.0,56.0,above_Q3_plus_3IQR_and_at_least_8_medians,0.0,review_only,2025-06-01,True,False,483.0,False,monthly_and_transactions_not_reconciled
300200323_,шт,Алматы,2025-06-12,20000060529,72.0,200,180,7.0,55.0,56.0,above_Q3_plus_3IQR_and_at_least_8_medians,0.0,review_only,2025-06-01,True,False,483.0,False,monthly_and_transactions_not_reconciled
300200323_,шт,Алматы,2025-06-20,20000064187,72.0,216,180,7.0,68.0,56.0,above_Q3_plus_3IQR_and_at_least_8_medians,0.0,review_only,2025-06-01,True,False,483.0,False,monthly_and_transactions_not_reconciled
300200323_,шт,Алматы,2025-06-23,30000032346,72.0,219,180,7.0,71.0,56.0,above_Q3_plus_3IQR_and_at_least_8_medians,0.0,review_only,2025-06-01,True,False,483.0,False,monthly_and_transactions_not_reconciled
300200323_,шт,Алматы,2025-06-25,20000066254,96.0,225,180,7.0,71.0,56.0,above_Q3_plus_3IQR_and_at_least_8_medians,0.0,review_only,2025-06-01,True,False,483.0,False,monthly_and_transactions_not_reconciled
300200323_,шт,Алматы,2025-07-09,20000071434,144.0,235,180,7.0,61.0,56.0,above_Q3_plus_3IQR_and_at_least_8_medians,0.0,review_only,2025-07-01,True,False,418.0,False,monthly_and_transactions_not_reconciled
300200323_,шт,Алматы,2025-07-10,20000072003,192.0,235,180,7.0,69.0,56.0,above_Q3_plus_3IQR_and_at_least_8_medians,0.0,review_only,2025-07-01,True,False,418.0,False,monthly_and_transactions_not_reconciled
300200323_,шт,Алматы,2025-07-17,20000075662,300.0,236,180,7.0,58.0,56.0,above_Q3_plus_3IQR_and_at_least_8_medians,0.0,review_only,2025-07-01,True,False,418.0,False,monthly_and_transactions_not_reconciled
300200323_,шт,Алматы,2025-07-18,20000075815,144.0,237,180,7.0,67.0,56.0,above_Q3_plus_3IQR_and_at_least_8_medians,0.0,review_only,2025-07-01,True,False,418.0,False,monthly_and_transactions_not_reconciled
300200323_,шт,Алматы,2025-08-05,20000083169,360.0,248,180,6.0,51.0,48.0,above_Q3_plus_3IQR_and_at_least_8_medians,0.0,review_only,2025-08-01,True,False,636.0,False,monthly_and_transactions_not_reconciled
300200323_,шт,Алматы,2025-08-07,20000084221,120.0,254,180,6.5,51.0,52.0,above_Q3_plus_3IQR_and_at_least_8_medians,0.0,review_only,2025-08-01,True,False,636.0,False,monthly_and_transactions_not_reconciled
300200323_,шт,Алматы,2025-08-07,20000084233,72.0,254,180,6.5,51.0,52.0,above_Q3_plus_3IQR_and_at_least_8_medians,0.0,review_only,2025-08-01,True,False,636.0,False,monthly_and_transactions_not_reconciled
300200323_,шт,Алматы,2025-08-11,20000085958,72.0,259,180,6.0,51.0,48.0,above_Q3_plus_3IQR_and_at_least_8_medians,0.0,review_only,2025-08-01,True,False,636.0,False,monthly_and_transactions_not_reconciled
300200323_,шт,Алматы,2025-08-12,20000086197,75.0,263,180,6.0,54.0,48.0,above_Q3_plus_3IQR_and_at_least_8_medians,0.0,review_only,2025-08-01,True,False,636.0,False,monthly_and_transactions_not_reconciled
300200323_,шт,Алматы,2025-08-13,20000086242,72.0,267,180,6.0,54.0,48.0,above_Q3_plus_3IQR_and_at_least_8_medians,0.0,review_only,2025-08-01,True,False,636.0,False,monthly_and_transactions_not_reconciled
300200323_,шт,Алматы,2025-08-13,20000087097,72.0,267,180,6.0,54.0,48.0,above_Q3_plus_3IQR_and_at_least_8_medians,0.0,review_only,2025-08-01,True,False,636.0,False,monthly_and_transactions_not_reconciled
300200323_,шт,Алматы,2025-08-21,30000032876,72.0,274,180,7.0,64.25,56.0,above_Q3_plus_3IQR_and_at_least_8_medians,0.0,review_only,2025-08-01,True,False,636.0,False,monthly_and_transactions_not_reconciled
300200323_,шт,Алматы,2025-09-08,20000098060,84.0,276,180,6.0,54.0,48.0,above_Q3_plus_3IQR_and_at_least_8_medians,0.0,review_only,2025-09-01,True,False,264.0,False,monthly_and_transactions_not_reconciled
300200323_,шт,Алматы,2025-09-19,20000102969,180.0,282,180,6.0,54.0,48.0,above_Q3_plus_3IQR_and_at_least_8_medians,0.0,review_only,2025-09-01,True,False,264.0,False,monthly_and_transactions_not_reconciled
300200323_,шт,Алматы,2025-09-19,20000102977,288.0,282,180,6.0,54.0,48.0,above_Q3_plus_3IQR_and_at_least_8_medians,0.0,review_only,2025-09-01,True,False,264.0,False,monthly_and_transactions_not_reconciled
300200323_,шт,Алматы,2025-09-23,30000033121,60.0,290,180,6.0,54.0,48.0,above_Q3_plus_3IQR_and_at_least_8_medians,0.0,review_only,2025-09-01,True,False,264.0,False,monthly_and_transactions_not_reconciled
300200323_,шт,Алматы,2025-09-26,20000106619,72.0,291,180,6.0,54.0,48.0,above_Q3_plus_3IQR_and_at_least_8_medians,0.0,review_only,2025-09-01,True,False,264.0,False,monthly_and_transactions_not_reconciled
300200323_,шт,Алматы,2025-09-30,30000033182,72.0,295,180,6.0,54.0,48.0,above_Q3_plus_3IQR_and_at_least_8_medians,0.0,review_only,2025-09-01,True,False,264.0,False,monthly_and_transactions_not_reconciled
300200323_,шт,Алматы,2025-11-21,20000131623,180.0,303,180,5.0,48.0,40.0,above_Q3_plus_3IQR_and_at_least_8_medians,0.0,review_only,2025-11-01,True,False,481.0,False,monthly_and_transactions_not_reconciled
300200323_,шт,Алматы,2025-11-21,20000131731,216.0,303,180,5.0,48.0,40.0,above_Q3_plus_3IQR_and_at_least_8_medians,0.0,review_only,2025-11-01,True,False,481.0,False,monthly_and_transactions_not_reconciled
300200323_,шт,Алматы,2025-11-26,20000133720,100.0,304,180,5.0,54.0,40.0,above_Q3_plus_3IQR_and_at_least_8_medians,0.0,review_only,2025-11-01,True,False,481.0,False,monthly_and_transactions_not_reconciled
300200323_,шт,Алматы,2025-12-10,20000140549,68.0,314,180,5.0,42.0,40.0,above_Q3_plus_3IQR_and_at_least_8_medians,0.0,review_only,2025-12-01,True,False,835.0,False,monthly_and_transactions_not_reconciled
300200323_,шт,Алматы,2025-12-15,20000141881,80.0,312,180,5.0,42.0,40.0,above_Q3_plus_3IQR_and_at_least_8_medians,0.0,review_only,2025-12-01,True,False,835.0,False,monthly_and_transactions_not_reconciled
300200323_,шт,Алматы,2025-12-15,20000142402,250.0,312,180,5.0,42.0,40.0,above_Q3_plus_3IQR_and_at_least_8_medians,0.0,review_only,2025-12-01,True,False,835.0,False,monthly_and_transactions_not_reconciled
300200323_,шт,Алматы,2025-12-15,30000033997,60.0,312,180,5.0,42.0,40.0,above_Q3_plus_3IQR_and_at_least_8_medians,0.0,review_only,2025-12-01,True,False,835.0,False,monthly_and_transactions_not_reconciled
300200323_,шт,Алматы,2025-12-17,20000143332,46.0,315,180,5.0,42.0,40.0,above_Q3_plus_3IQR_and_at_least_8_medians,0.0,review_only,2025-12-01,True,False,835.0,False,monthly_and_transactions_not_reconciled
300200323_,шт,Алматы,2025-12-17,20000143541,132.0,315,180,5.0,42.0,40.0,above_Q3_plus_3IQR_and_at_least_8_medians,0.0,review_only,2025-12-01,True,False,835.0,False,monthly_and_transactions_not_reconciled
300200323_,шт,Алматы,2025-12-29,20000148331,44.0,321,180,5.0,42.0,40.0,above_Q3_plus_3IQR_and_at_least_8_medians,0.0,review_only,2025-12-01,True,False,835.0,False,monthly_and_transactions_not_reconciled
300200323_,шт,Алматы,2026-01-14,30000000090,72.0,313,180,5.0,42.0,40.0,above_Q3_plus_3IQR_and_at_least_8_medians,0.0,review_only,2026-01-01,True,False,357.0,False,monthly_and_transactions_not_reconciled
300200323_,шт,Алматы,2026-01-19,20000004476,50.0,313,180,5.0,42.0,40.0,above_Q3_plus_3IQR_and_at_least_8_medians,0.0,review_only,2026-01-01,True,False,357.0,False,monthly_and_transactions_not_reconciled
300200323_,шт,Алматы,2026-01-27,20000008889,108.0,309,180,5.0,42.0,40.0,above_Q3_plus_3IQR_and_at_least_8_medians,0.0,review_only,2026-01-01,True,False,357.0,False,monthly_and_transactions_not_reconciled
300200323_,шт,Алматы,2026-01-29,20000009880,240.0,310,180,5.0,42.0,40.0,above_Q3_plus_3IQR_and_at_least_8_medians,0.0,review_only,2026-01-01,True,False,357.0,False,monthly_and_transactions_not_reconciled
300200323_,шт,Алматы,2026-02-11,20000014987,72.0,294,180,5.0,42.0,40.0,above_Q3_plus_3IQR_and_at_least_8_medians,0.0,review_only,2026-02-01,True,False,257.0,False,monthly_and_transactions_not_reconciled
300200323_,шт,Алматы,2026-03-03,20000022782,144.0,275,180,5.0,42.0,40.0,above_Q3_plus_3IQR_and_at_least_8_medians,0.0,review_only,2026-03-01,True,False,288.0,False,monthly_and_transactions_not_reconciled
300200323_,шт,Алматы,2026-03-03,20000022806,288.0,275,180,5.0,42.0,40.0,above_Q3_plus_3IQR_and_at_least_8_medians,0.0,review_only,2026-03-01,True,False,288.0,False,monthly_and_transactions_not_reconciled
300200323_,шт,Алматы,2026-03-03,20000022809,360.0,275,180,5.0,42.0,40.0,above_Q3_plus_3IQR_and_at_least_8_medians,0.0,review_only,2026-03-01,True,False,288.0,False,monthly_and_transactions_not_reconciled
300200323_,шт,Алматы,2026-03-10,20000024662,144.0,280,180,5.0,42.0,40.0,above_Q3_plus_3IQR_and_at_least_8_medians,0.0,review_only,2026-03-01,True,False,288.0,False,monthly_and_transactions_not_reconciled
300200323_,шт,Алматы,2026-03-12,20000025913,60.0,280,180,5.0,42.0,40.0,above_Q3_plus_3IQR_and_at_least_8_medians,0.0,review_only,2026-03-01,True,False,288.0,False,monthly_and_transactions_not_reconciled
300200323_,шт,Алматы,2026-03-27,20000030355,180.0,261,180,5.0,42.0,40.0,above_Q3_plus_3IQR_and_at_least_8_medians,0.0,review_only,2026-03-01,True,False,288.0,False,monthly_and_transactions_not_reconciled
300200323_,шт,Алматы,2026-03-27,20000030369,360.0,261,180,5.0,42.0,40.0,above_Q3_plus_3IQR_and_at_least_8_medians,0.0,review_only,2026-03-01,True,False,288.0,False,monthly_and_transactions_not_reconciled
300200323_,шт,Алматы,2026-03-30,20000031273,240.0,259,180,5.0,42.0,40.0,above_Q3_plus_3IQR_and_at_least_8_medians,0.0,review_only,2026-03-01,True,False,288.0,False,monthly_and_transactions_not_reconciled
300200323_,шт,Алматы,2026-04-01,20000032262,72.0,263,180,5.0,42.0,40.0,above_Q3_plus_3IQR_and_at_least_8_medians,0.0,review_only,2026-04-01,True,False,378.0,False,monthly_and_transactions_not_reconciled
300200323_,шт,Алматы,2026-04-18,30000000987,72.0,257,180,5.0,42.0,40.0,above_Q3_plus_3IQR_and_at_least_8_medians,0.0,review_only,2026-04-01,True,False,378.0,False,monthly_and_transactions_not_reconciled
300200323_,шт,Алматы,2026-04-22,20000041355,84.0,258,180,5.0,42.0,40.0,above_Q3_plus_3IQR_and_at_least_8_medians,0.0,review_only,2026-04-01,True,False,378.0,False,monthly_and_transactions_not_reconciled
300200323_,шт,Алматы,2026-04-22,20000041373,72.0,258,180,5.0,42.0,40.0,above_Q3_plus_3IQR_and_at_least_8_medians,0.0,review_only,2026-04-01,True,False,378.0,False,monthly_and_transactions_not_reconciled
300200323_,шт,Алматы,2026-05-06,20000047003,360.0,259,180,5.0,42.0,40.0,above_Q3_plus_3IQR_and_at_least_8_medians,0.0,review_only,2026-05-01,True,False,396.0,False,monthly_and_transactions_not_reconciled
300200323_,шт,Алматы,2026-05-13,20000049226,144.0,256,180,5.0,46.0,40.0,above_Q3_plus_3IQR_and_at_least_8_medians,0.0,review_only,2026-05-01,True,False,396.0,False,monthly_and_transactions_not_reconciled
300200323_,шт,Алматы,2026-05-19,20000051998,120.0,253,180,5.0,46.0,40.0,above_Q3_plus_3IQR_and_at_least_8_medians,0.0,review_only,2026-05-01,True,False,396.0,False,monthly_and_transactions_not_reconciled
300200323_,шт,Алматы,2026-05-20,20000052603,216.0,256,180,5.0,47.0,40.0,above_Q3_plus_3IQR_and_at_least_8_medians,0.0,review_only,2026-05-01,True,False,396.0,False,monthly_and_transactions_not_reconciled
300200323_,шт,Алматы,2026-05-25,20000054525,108.0,255,180,5.0,42.0,40.0,above_Q3_plus_3IQR_and_at_least_8_medians,0.0,review_only,2026-05-01,True,False,396.0,False,monthly_and_transactions_not_reconciled
300200323_,шт,Алматы,2026-06-03,20000058401,48.0,246,180,5.0,42.0,40.0,above_Q3_plus_3IQR_and_at_least_8_medians,0.0,review_only,2026-06-01,True,False,379.0,False,monthly_and_transactions_not_reconciled
300200323_,шт,Алматы,2026-06-11,20000062249,72.0,242,180,5.0,46.0,40.0,above_Q3_plus_3IQR_and_at_least_8_medians,0.0,review_only,2026-06-01,True,False,379.0,False,monthly_and_transactions_not_reconciled
300200323_,шт,Алматы,2026-06-24,20000068732,84.0,243,180,5.0,45.0,40.0,above_Q3_plus_3IQR_and_at_least_8_medians,0.0,review_only,2026-06-01,True,False,379.0,False,monthly_and_transactions_not_reconciled
300200323_,шт,Алматы,2026-06-24,20000068750,72.0,243,180,5.0,45.0,40.0,above_Q3_plus_3IQR_and_at_least_8_medians,0.0,review_only,2026-06-01,True,False,379.0,False,monthly_and_transactions_not_reconciled
300200323_,шт,Алматы,2026-06-25,20000069094,216.0,243,180,5.0,44.0,40.0,above_Q3_plus_3IQR_and_at_least_8_medians,0.0,review_only,2026-06-01,True,False,379.0,False,monthly_and_transactions_not_reconciled
300200323_,шт,Алматы,2026-06-30,20000070996,45.0,248,180,5.0,43.0,40.0,above_Q3_plus_3IQR_and_at_least_8_medians,0.0,review_only,2026-06-01,True,False,379.0,False,monthly_and_transactions_not_reconciled
300200323_,шт,Алматы,2026-07-03,20000073235,96.0,258,180,5.0,42.0,40.0,above_Q3_plus_3IQR_and_at_least_8_medians,0.0,review_only,2026-07-01,True,False,716.0,False,monthly_and_transactions_not_reconciled
300200323_,шт,Алматы,2026-07-07,30000001863,72.0,262,180,5.0,48.0,40.0,above_Q3_plus_3IQR_and_at_least_8_medians,0.0,review_only,2026-07-01,True,False,716.0,False,monthly_and_transactions_not_reconciled
300200323_,шт,Алматы,2026-07-08,20000074721,50.0,265,180,5.0,49.0,40.0,above_Q3_plus_3IQR_and_at_least_8_medians,0.0,review_only,2026-07-01,True,False,716.0,False,monthly_and_transactions_not_reconciled
300200323_,шт,Алматы,2026-07-09,20000075352,72.0,264,180,5.0,49.0,40.0,above_Q3_plus_3IQR_and_at_least_8_medians,0.0,review_only,2026-07-01,True,False,716.0,False,monthly_and_transactions_not_reconciled
300200323_,шт,Алматы,2026-07-17,20000079465,180.0,278,180,5.0,42.0,40.0,above_Q3_plus_3IQR_and_at_least_8_medians,0.0,review_only,2026-07-01,True,False,716.0,False,monthly_and_transactions_not_reconciled
300200323_,шт,Алматы,2026-07-17,20000079476,72.0,278,180,5.0,42.0,40.0,above_Q3_plus_3IQR_and_at_least_8_medians,0.0,review_only,2026-07-01,True,False,716.0,False,monthly_and_transactions_not_reconciled
300200323_,шт,Алматы,2026-07-17,20000079487,72.0,278,180,5.0,42.0,40.0,above_Q3_plus_3IQR_and_at_least_8_medians,0.0,review_only,2026-07-01,True,False,716.0,False,monthly_and_transactions_not_reconciled
300200323_,шт,Алматы,2026-07-17,30000001988,72.0,278,180,5.0,42.0,40.0,above_Q3_plus_3IQR_and_at_least_8_medians,0.0,review_only,2026-07-01,True,False,716.0,False,monthly_and_transactions_not_reconciled
300200323_,шт,Алматы,2026-07-21,20000080997,360.0,279,180,5.0,48.0,40.0,above_Q3_plus_3IQR_and_at_least_8_medians,0.0,review_only,2026-07-01,True,False,716.0,False,monthly_and_transactions_not_reconciled
300200323_,шт,Алматы,2026-07-23,30000002051,120.0,282,180,5.0,53.0,40.0,above_Q3_plus_3IQR_and_at_least_8_medians,0.0,review_only,2026-07-01,True,False,716.0,False,monthly_and_transactions_not_reconciled
300200323_,шт,Алматы,2026-08-04,20000087706,360.0,284,180,5.0,54.0,40.0,above_Q3_plus_3IQR_and_at_least_8_medians,0.0,review_only,2026-08-01,True,False,492.0,False,monthly_and_transactions_not_reconciled
300200323_,шт,Алматы,2026-08-04,20000087710,72.0,284,180,5.0,54.0,40.0,above_Q3_plus_3IQR_and_at_least_8_medians,0.0,review_only,2026-08-01,True,False,492.0,False,monthly_and_transactions_not_reconciled
300200323_,шт,Алматы,2026-08-06,20000088661,72.0,283,180,5.0,54.0,40.0,above_Q3_plus_3IQR_and_at_least_8_medians,0.0,review_only,2026-08-01,True,False,492.0,False,monthly_and_transactions_not_reconciled
300200323_,шт,Алматы,2026-08-27,30000002392,120.0,318,180,5.0,42.0,40.0,above_Q3_plus_3IQR_and_at_least_8_medians,0.0,review_only,2026-08-01,True,False,492.0,False,monthly_and_transactions_not_reconciled
300200323_,шт,Алматы,2026-08-29,20000099885,72.0,323,180,5.0,42.0,40.0,above_Q3_plus_3IQR_and_at_least_8_medians,0.0,review_only,2026-08-01,True,False,492.0,False,monthly_and_transactions_not_reconciled
300200323_,шт,Алматы,2026-09-07,20000103774,72.0,326,180,5.0,42.0,40.0,above_Q3_plus_3IQR_and_at_least_8_medians,0.0,review_only,2026-09-01,,,,False,monthly_and_transactions_not_reconciled
300200323_,шт,Алматы,2026-09-09,20000105000,60.0,322,180,4.0,42.0,32.0,above_Q3_plus_3IQR_and_at_least_8_medians,0.0,review_only,2026-09-01,,,,False,monthly_and_transactions_not_reconciled
300200323_,шт,Алматы,2026-09-09,20000105278,82.0,322,180,4.0,42.0,32.0,above_Q3_plus_3IQR_and_at_least_8_medians,0.0,review_only,2026-09-01,,,,False,monthly_and_transactions_not_reconciled
300200323_,шт,Алматы,2026-09-10,20000104988,110.0,322,180,4.0,42.0,32.0,above_Q3_plus_3IQR_and_at_least_8_medians,0.0,review_only,2026-09-01,,,,False,monthly_and_transactions_not_reconciled
300200323_,шт,Алматы,2026-09-21,20000110734,72.0,331,180,5.0,42.0,40.0,above_Q3_plus_3IQR_and_at_least_8_medians,0.0,review_only,2026-09-01,,,,False,monthly_and_transactions_not_reconciled
300200324_,шт,Алматы,2025-02-03,20000010670,176.0,46,180,10.0,68.0,80.0,above_Q3_plus_3IQR_and_at_least_8_medians,0.0,review_only,2025-02-01,True,False,921.0,False,monthly_and_transactions_not_reconciled
300200324_,шт,Алматы,2025-02-03,20000010678,96.0,46,180,10.0,68.0,80.0,above_Q3_plus_3IQR_and_at_least_8_medians,0.0,review_only,2025-02-01,True,False,921.0,False,monthly_and_transactions_not_reconciled
300200324_,шт,Алматы,2025-02-10,20000013072,96.0,58,180,10.0,70.25,80.0,above_Q3_plus_3IQR_and_at_least_8_medians,0.0,review_only,2025-02-01,True,False,921.0,False,monthly_and_transactions_not_reconciled
300200324_,шт,Алматы,2025-02-10,20000013085,160.0,58,180,10.0,70.25,80.0,above_Q3_plus_3IQR_and_at_least_8_medians,0.0,review_only,2025-02-01,True,False,921.0,False,monthly_and_transactions_not_reconciled
300200324_,шт,Алматы,2025-02-10,20000013090,240.0,58,180,10.0,70.25,80.0,above_Q3_plus_3IQR_and_at_least_8_medians,0.0,review_only,2025-02-01,True,False,921.0,False,monthly_and_transactions_not_reconciled
300200324_,шт,Алматы,2025-02-12,20000014330,120.0,62,180,10.0,80.0,80.0,above_Q3_plus_3IQR_and_at_least_8_medians,0.0,review_only,2025-02-01,True,False,921.0,False,monthly_and_transactions_not_reconciled
300200324_,шт,Алматы,2025-02-12,20000014331,384.0,62,180,10.0,80.0,80.0,above_Q3_plus_3IQR_and_at_least_8_medians,0.0,review_only,2025-02-01,True,False,921.0,False,monthly_and_transactions_not_reconciled
300200324_,шт,Алматы,2025-02-12,20000014333,600.0,62,180,10.0,80.0,80.0,above_Q3_plus_3IQR_and_at_least_8_medians,0.0,review_only,2025-02-01,True,False,921.0,False,monthly_and_transactions_not_reconciled
300200324_,шт,Алматы,2025-02-12,20000014466,100.0,62,180,10.0,80.0,80.0,above_Q3_plus_3IQR_and_at_least_8_medians,0.0,review_only,2025-02-01,True,False,921.0,False,monthly_and_transactions_not_reconciled
300200324_,шт,Алматы,2025-03-04,20000021546,440.0,103,180,10.0,85.5,80.0,above_Q3_plus_3IQR_and_at_least_8_medians,0.0,review_only,2025-03-01,True,False,814.0,False,monthly_and_transactions_not_reconciled
300200324_,шт,Алматы,2025-03-04,20000021633,90.0,103,180,10.0,85.5,80.0,above_Q3_plus_3IQR_and_at_least_8_medians,0.0,review_only,2025-03-01,True,False,814.0,False,monthly_and_transactions_not_reconciled
300200324_,шт,Алматы,2025-03-12,20000024399,240.0,119,180,10.0,87.0,80.0,above_Q3_plus_3IQR_and_at_least_8_medians,0.0,review_only,2025-03-01,True,False,814.0,False,monthly_and_transactions_not_reconciled
300200324_,шт,Алматы,2025-03-12,20000024400,96.0,119,180,10.0,87.0,80.0,above_Q3_plus_3IQR_and_at_least_8_medians,0.0,review_only,2025-03-01,True,False,814.0,False,monthly_and_transactions_not_reconciled
300200324_,шт,Алматы,2025-03-14,20000025050,96.0,129,180,10.0,84.0,80.0,above_Q3_plus_3IQR_and_at_least_8_medians,0.0,review_only,2025-03-01,True,False,814.0,False,monthly_and_transactions_not_reconciled
300200324_,шт,Алматы,2025-04-07,30000031584,96.0,176,180,9.5,71.0,76.0,above_Q3_plus_3IQR_and_at_least_8_medians,0.0,review_only,2025-04-01,True,False,978.0,False,monthly_and_transactions_not_reconciled
300200324_,шт,Алматы,2025-04-11,20000035323,720.0,186,180,9.5,71.0,76.0,above_Q3_plus_3IQR_and_at_least_8_medians,0.0,review_only,2025-04-01,True,False,978.0,False,monthly_and_transactions_not_reconciled
300200324_,шт,Алматы,2025-04-15,20000036278,384.0,194,180,8.0,71.0,64.0,above_Q3_plus_3IQR_and_at_least_8_medians,0.0,review_only,2025-04-01,True,False,978.0,False,monthly_and_transactions_not_reconciled
300200324_,шт,Алматы,2025-04-15,20000036282,248.0,194,180,8.0,71.0,64.0,above_Q3_plus_3IQR_and_at_least_8_medians,0.0,review_only,2025-04-01,True,False,978.0,False,monthly_and_transactions_not_reconciled
300200324_,шт,Алматы,2025-04-24,20000040361,100.0,214,180,8.0,71.0,64.0,above_Q3_plus_3IQR_and_at_least_8_medians,0.0,review_only,2025-04-01,True,False,978.0,False,monthly_and_transactions_not_reconciled
300200324_,шт,Алматы,2025-04-25,20000041171,720.0,218,180,8.0,71.0,64.0,above_Q3_plus_3IQR_and_at_least_8_medians,0.0,review_only,2025-04-01,True,False,978.0,False,monthly_and_transactions_not_reconciled
300200324_,шт,Алматы,2025-04-25,20000041189,152.0,218,180,8.0,71.0,64.0,above_Q3_plus_3IQR_and_at_least_8_medians,0.0,review_only,2025-04-01,True,False,978.0,False,monthly_and_transactions_not_reconciled
300200324_,шт,Алматы,2025-05-12,20000046130,104.0,246,180,7.5,71.0,60.0,above_Q3_plus_3IQR_and_at_least_8_medians,0.0,review_only,2025-05-01,True,False,1089.0,False,monthly_and_transactions_not_reconciled
300200324_,шт,Алматы,2025-05-12,20000046463,98.0,246,180,7.5,71.0,60.0,above_Q3_plus_3IQR_and_at_least_8_medians,0.0,review_only,2025-05-01,True,False,1089.0,False,monthly_and_transactions_not_reconciled
300200324_,шт,Алматы,2025-05-15,20000048330,800.0,256,180,8.0,71.0,64.0,above_Q3_plus_3IQR_and_at_least_8_medians,0.0,review_only,2025-05-01,True,False,1089.0,False,monthly_and_transactions_not_reconciled
300200324_,шт,Алматы,2025-05-19,20000049707,96.0,264,180,8.0,71.0,64.0,above_Q3_plus_3IQR_and_at_least_8_medians,0.0,review_only,2025-05-01,True,False,1089.0,False,monthly_and_transactions_not_reconciled
300200324_,шт,Алматы,2025-05-26,20000052800,125.0,275,180,8.0,71.0,64.0,above_Q3_plus_3IQR_and_at_least_8_medians,0.0,review_only,2025-05-01,True,False,1089.0,False,monthly_and_transactions_not_reconciled
300200324_,шт,Алматы,2025-06-10,20000059143,240.0,302,180,7.0,71.0,56.0,above_Q3_plus_3IQR_and_at_least_8_medians,0.0,review_only,2025-06-01,True,False,759.0,False,monthly_and_transactions_not_reconciled
300200324_,шт,Алматы,2025-06-18,20000063189,104.0,324,180,7.0,71.0,56.0,above_Q3_plus_3IQR_and_at_least_8_medians,0.0,review_only,2025-06-01,True,False,759.0,False,monthly_and_transactions_not_reconciled
300200324_,шт,Алматы,2025-06-19,20000063560,102.0,328,180,7.0,71.0,56.0,above_Q3_plus_3IQR_and_at_least_8_medians,0.0,review_only,2025-06-01,True,False,759.0,False,monthly_and_transactions_not_reconciled
300200324_,шт,Алматы,2025-06-20,20000064187,720.0,332,180,7.0,71.0,56.0,above_Q3_plus_3IQR_and_at_least_8_medians,0.0,review_only,2025-06-01,True,False,759.0,False,monthly_and_transactions_not_reconciled
300200324_,шт,Алматы,2025-06-23,30000032346,480.0,337,180,7.0,71.0,56.0,above_Q3_plus_3IQR_and_at_least_8_medians,0.0,review_only,2025-06-01,True,False,759.0,False,monthly_and_transactions_not_reconciled
300200324_,шт,Алматы,2025-07-10,20000072003,488.0,368,180,7.0,71.0,56.0,above_Q3_plus_3IQR_and_at_least_8_medians,0.0,review_only,2025-07-01,True,False,967.0,False,monthly_and_transactions_not_reconciled
300200324_,шт,Алматы,2025-07-18,20000075815,720.0,375,180,7.0,71.0,56.0,above_Q3_plus_3IQR_and_at_least_8_medians,0.0,review_only,2025-07-01,True,False,967.0,False,monthly_and_transactions_not_reconciled
300200324_,шт,Алматы,2025-08-05,20000083169,1104.0,381,180,7.0,71.0,56.0,above_Q3_plus_3IQR_and_at_least_8_medians,0.0,review_only,2025-08-01,True,False,1306.0,False,monthly_and_transactions_not_reconciled
300200324_,шт,Алматы,2025-08-07,20000084221,400.0,391,180,7.0,71.0,56.0,above_Q3_plus_3IQR_and_at_least_8_medians,0.0,review_only,2025-08-01,True,False,1306.0,False,monthly_and_transactions_not_reconciled
300200324_,шт,Алматы,2025-08-07,20000084233,480.0,391,180,7.0,71.0,56.0,above_Q3_plus_3IQR_and_at_least_8_medians,0.0,review_only,2025-08-01,True,False,1306.0,False,monthly_and_transactions_not_reconciled
300200324_,шт,Алматы,2025-08-11,20000085958,144.0,401,180,7.0,71.0,56.0,above_Q3_plus_3IQR_and_at_least_8_medians,0.0,review_only,2025-08-01,True,False,1306.0,False,monthly_and_transactions_not_reconciled
300200324_,шт,Алматы,2025-08-13,20000086841,100.0,405,180,7.0,71.0,56.0,above_Q3_plus_3IQR_and_at_least_8_medians,0.0,review_only,2025-08-01,True,False,1306.0,False,monthly_and_transactions_not_reconciled
300200324_,шт,Алматы,2025-08-13,20000087097,336.0,405,180,7.0,71.0,56.0,above_Q3_plus_3IQR_and_at_least_8_medians,0.0,review_only,2025-08-01,True,False,1306.0,False,monthly_and_transactions_not_reconciled
300200324_,шт,Алматы,2025-08-25,20000091680,96.0,420,180,7.0,71.0,56.0,above_Q3_plus_3IQR_and_at_least_8_medians,0.0,review_only,2025-08-01,True,False,1306.0,False,monthly_and_transactions_not_reconciled
300200324_,шт,Алматы,2025-09-03,20000096085,135.0,425,180,6.0,71.0,48.0,above_Q3_plus_3IQR_and_at_least_8_medians,0.0,review_only,2025-09-01,True,False,1043.0,False,monthly_and_transactions_not_reconciled
300200324_,шт,Алматы,2025-09-12,20000099921,120.0,427,180,6.0,69.0,48.0,above_Q3_plus_3IQR_and_at_least_8_medians,0.0,review_only,2025-09-01,True,False,1043.0,False,monthly_and_transactions_not_reconciled
300200324_,шт,Алматы,2025-09-19,20000102969,480.0,438,180,6.0,71.0,48.0,above_Q3_plus_3IQR_and_at_least_8_medians,0.0,review_only,2025-09-01,True,False,1043.0,False,monthly_and_transactions_not_reconciled
300200324_,шт,Алматы,2025-09-19,20000102972,80.0,438,180,6.0,71.0,48.0,above_Q3_plus_3IQR_and_at_least_8_medians,0.0,review_only,2025-09-01,True,False,1043.0,False,monthly_and_transactions_not_reconciled
300200324_,шт,Алматы,2025-09-23,30000033121,144.0,450,180,6.0,73.0,48.0,above_Q3_plus_3IQR_and_at_least_8_medians,0.0,review_only,2025-09-01,True,False,1043.0,False,monthly_and_transactions_not_reconciled
300200324_,шт,Алматы,2025-09-26,20000106623,480.0,457,180,6.0,74.0,48.0,above_Q3_plus_3IQR_and_at_least_8_medians,0.0,review_only,2025-09-01,True,False,1043.0,False,monthly_and_transactions_not_reconciled
300200324_,шт,Алматы,2025-09-30,30000033182,240.0,458,180,6.0,74.0,48.0,above_Q3_plus_3IQR_and_at_least_8_medians,0.0,review_only,2025-09-01,True,False,1043.0,False,monthly_and_transactions_not_reconciled
300200324_,шт,Алматы,2025-10-02,30000033203,96.0,458,180,6.0,74.0,48.0,above_Q3_plus_3IQR_and_at_least_8_medians,0.0,review_only,2025-10-01,True,False,1029.0,False,monthly_and_transactions_not_reconciled
300200324_,шт,Алматы,2025-10-28,30000033406,240.0,462,180,6.0,72.0,48.0,above_Q3_plus_3IQR_and_at_least_8_medians,0.0,review_only,2025-10-01,True,False,1029.0,False,monthly_and_transactions_not_reconciled
300200324_,шт,Алматы,2025-11-05,30000033483,192.0,468,180,6.0,63.75,48.0,above_Q3_plus_3IQR_and_at_least_8_medians,0.0,review_only,2025-11-01,True,False,1368.0,False,monthly_and_transactions_not_reconciled
300200324_,шт,Алматы,2025-11-07,20000125349,108.0,473,180,6.0,63.0,48.0,above_Q3_plus_3IQR_and_at_least_8_medians,0.0,review_only,2025-11-01,True,False,1368.0,False,monthly_and_transactions_not_reconciled
300200324_,шт,Алматы,2025-11-12,20000127225,120.0,472,180,6.0,55.75,48.0,above_Q3_plus_3IQR_and_at_least_8_medians,0.0,review_only,2025-11-01,True,False,1368.0,False,monthly_and_transactions_not_reconciled
300200324_,шт,Алматы,2025-11-18,20000129917,60.0,484,180,6.0,56.0,48.0,above_Q3_plus_3IQR_and_at_least_8_medians,0.0,review_only,2025-11-01,True,False,1368.0,False,monthly_and_transactions_not_reconciled
300200324_,шт,Алматы,2025-11-21,20000131623,456.0,494,180,6.0,57.25,48.0,above_Q3_plus_3IQR_and_at_least_8_medians,0.0,review_only,2025-11-01,True,False,1368.0,False,monthly_and_transactions_not_reconciled
300200324_,шт,Алматы,2025-11-21,20000131731,960.0,494,180,6.0,57.25,48.0,above_Q3_plus_3IQR_and_at_least_8_medians,0.0,review_only,2025-11-01,True,False,1368.0,False,monthly_and_transactions_not_reconciled
300200324_,шт,Алматы,2025-11-26,20000133720,200.0,502,180,6.0,55.0,48.0,above_Q3_plus_3IQR_and_at_least_8_medians,0.0,review_only,2025-11-01,True,False,1368.0,False,monthly_and_transactions_not_reconciled
300200324_,шт,Алматы,2025-11-28,20000134832,160.0,513,180,6.0,55.0,48.0,above_Q3_plus_3IQR_and_at_least_8_medians,0.0,review_only,2025-11-01,True,False,1368.0,False,monthly_and_transactions_not_reconciled
300200324_,шт,Алматы,2025-12-01,30000033833,96.0,508,180,6.0,62.0,48.0,above_Q3_plus_3IQR_and_at_least_8_medians,0.0,review_only,2025-12-01,True,False,955.0,False,monthly_and_transactions_not_reconciled
300200324_,шт,Алматы,2025-12-02,20000136494,58.0,511,180,6.0,57.0,48.0,above_Q3_plus_3IQR_and_at_least_8_medians,0.0,review_only,2025-12-01,True,False,955.0,False,monthly_and_transactions_not_reconciled
300200324_,шт,Алматы,2025-12-08,20000139291,240.0,520,180,6.0,56.0,48.0,above_Q3_plus_3IQR_and_at_least_8_medians,0.0,review_only,2025-12-01,True,False,955.0,False,monthly_and_transactions_not_reconciled
300200324_,шт,Алматы,2025-12-09,20000139804,320.0,520,180,6.0,55.0,48.0,above_Q3_plus_3IQR_and_at_least_8_medians,0.0,review_only,2025-12-01,True,False,955.0,False,monthly_and_transactions_not_reconciled
300200324_,шт,Алматы,2025-12-11,20000140922,192.0,522,180,6.0,55.0,48.0,above_Q3_plus_3IQR_and_at_least_8_medians,0.0,review_only,2025-12-01,True,False,955.0,False,monthly_and_transactions_not_reconciled
300200324_,шт,Алматы,2025-12-15,20000142402,250.0,521,180,6.0,58.0,48.0,above_Q3_plus_3IQR_and_at_least_8_medians,0.0,review_only,2025-12-01,True,False,955.0,False,monthly_and_transactions_not_reconciled
300200324_,шт,Алматы,2025-12-17,20000143541,216.0,520,180,6.0,55.75,48.0,above_Q3_plus_3IQR_and_at_least_8_medians,0.0,review_only,2025-12-01,True,False,955.0,False,monthly_and_transactions_not_reconciled
300200324_,шт,Алматы,2025-12-17,20000143542,72.0,520,180,6.0,55.75,48.0,above_Q3_plus_3IQR_and_at_least_8_medians,0.0,review_only,2025-12-01,True,False,955.0,False,monthly_and_transactions_not_reconciled
300200324_,шт,Алматы,2026-01-22,30000000161,96.0,513,180,5.0,50.0,40.0,above_Q3_plus_3IQR_and_at_least_8_medians,0.0,review_only,2026-01-01,True,False,996.0,False,monthly_and_transactions_not_reconciled
300200324_,шт,Алматы,2026-01-27,20000008597,96.0,508,180,5.0,50.0,40.0,above_Q3_plus_3IQR_and_at_least_8_medians,0.0,review_only,2026-01-01,True,False,996.0,False,monthly_and_transactions_not_reconciled
300200324_,шт,Алматы,2026-01-28,20000009235,62.0,513,180,5.0,50.0,40.0,above_Q3_plus_3IQR_and_at_least_8_medians,0.0,review_only,2026-01-01,True,False,996.0,False,monthly_and_transactions_not_reconciled
300200324_,шт,Алматы,2026-01-29,20000009664,100.0,515,180,5.0,50.0,40.0,above_Q3_plus_3IQR_and_at_least_8_medians,0.0,review_only,2026-01-01,True,False,996.0,False,monthly_and_transactions_not_reconciled
300200324_,шт,Алматы,2026-01-29,20000009880,800.0,515,180,5.0,50.0,40.0,above_Q3_plus_3IQR_and_at_least_8_medians,0.0,review_only,2026-01-01,True,False,996.0,False,monthly_and_transactions_not_reconciled
300200324_,шт,Алматы,2026-01-29,20000009919,144.0,515,180,5.0,50.0,40.0,above_Q3_plus_3IQR_and_at_least_8_medians,0.0,review_only,2026-01-01,True,False,996.0,False,monthly_and_transactions_not_reconciled
300200324_,шт,Алматы,2026-01-29,20000009922,384.0,515,180,5.0,50.0,40.0,above_Q3_plus_3IQR_and_at_least_8_medians,0.0,review_only,2026-01-01,True,False,996.0,False,monthly_and_transactions_not_reconciled
300200324_,шт,Алматы,2026-01-29,30000000204,96.0,515,180,5.0,50.0,40.0,above_Q3_plus_3IQR_and_at_least_8_medians,0.0,review_only,2026-01-01,True,False,996.0,False,monthly_and_transactions_not_reconciled
300200324_,шт,Алматы,2026-02-03,20000011581,248.0,511,180,5.0,54.0,40.0,above_Q3_plus_3IQR_and_at_least_8_medians,0.0,review_only,2026-02-01,True,False,648.0,False,monthly_and_transactions_not_reconciled
300200324_,шт,Алматы,2026-02-11,20000014928,80.0,490,180,5.0,45.0,40.0,above_Q3_plus_3IQR_and_at_least_8_medians,0.0,review_only,2026-02-01,True,False,648.0,False,monthly_and_transactions_not_reconciled
300200324_,шт,Алматы,2026-02-27,30000000490,96.0,478,180,5.0,46.0,40.0,above_Q3_plus_3IQR_and_at_least_8_medians,0.0,review_only,2026-02-01,True,False,648.0,False,monthly_and_transactions_not_reconciled
300200324_,шт,Алматы,2026-03-03,20000022725,96.0,479,180,5.0,42.0,40.0,above_Q3_plus_3IQR_and_at_least_8_medians,0.0,review_only,2026-03-01,True,False,680.0,False,monthly_and_transactions_not_reconciled
300200324_,шт,Алматы,2026-03-03,20000022782,360.0,479,180,5.0,42.0,40.0,above_Q3_plus_3IQR_and_at_least_8_medians,0.0,review_only,2026-03-01,True,False,680.0,False,monthly_and_transactions_not_reconciled
300200324_,шт,Алматы,2026-03-03,20000022801,288.0,479,180,5.0,42.0,40.0,above_Q3_plus_3IQR_and_at_least_8_medians,0.0,review_only,2026-03-01,True,False,680.0,False,monthly_and_transactions_not_reconciled
300200324_,шт,Алматы,2026-03-03,20000022809,240.0,479,180,5.0,42.0,40.0,above_Q3_plus_3IQR_and_at_least_8_medians,0.0,review_only,2026-03-01,True,False,680.0,False,monthly_and_transactions_not_reconciled
300200324_,шт,Алматы,2026-03-10,20000024662,96.0,487,180,5.0,46.0,40.0,above_Q3_plus_3IQR_and_at_least_8_medians,0.0,review_only,2026-03-01,True,False,680.0,False,monthly_and_transactions_not_reconciled
300200324_,шт,Алматы,2026-03-10,20000024984,600.0,487,180,5.0,46.0,40.0,above_Q3_plus_3IQR_and_at_least_8_medians,0.0,review_only,2026-03-01,True,False,680.0,False,monthly_and_transactions_not_reconciled
300200324_,шт,Алматы,2026-03-27,20000030355,480.0,462,180,6.0,47.0,48.0,above_Q3_plus_3IQR_and_at_least_8_medians,0.0,review_only,2026-03-01,True,False,680.0,False,monthly_and_transactions_not_reconciled
300200324_,шт,Алматы,2026-03-27,20000030369,1056.0,462,180,6.0,47.0,48.0,above_Q3_plus_3IQR_and_at_least_8_medians,0.0,review_only,2026-03-01,True,False,680.0,False,monthly_and_transactions_not_reconciled
300200324_,шт,Алматы,2026-03-30,20000031273,320.0,461,180,6.0,51.0,48.0,above_Q3_plus_3IQR_and_at_least_8_medians,0.0,review_only,2026-03-01,True,False,680.0,False,monthly_and_transactions_not_reconciled
300200324_,шт,Алматы,2026-04-01,20000032262,96.0,464,180,6.0,47.0,48.0,above_Q3_plus_3IQR_and_at_least_8_medians,0.0,review_only,2026-04-01,True,False,1016.0,False,monthly_and_transactions_not_reconciled
300200324_,шт,Алматы,2026-04-02,20000032864,63.0,467,180,6.0,49.0,48.0,above_Q3_plus_3IQR_and_at_least_8_medians,0.0,review_only,2026-04-01,True,False,1016.0,False,monthly_and_transactions_not_reconciled
300200324_,шт,Алматы,2026-04-14,20000037789,100.0,462,180,6.0,54.0,48.0,above_Q3_plus_3IQR_and_at_least_8_medians,0.0,review_only,2026-04-01,True,False,1016.0,False,monthly_and_transactions_not_reconciled
300200324_,шт,Алматы,2026-04-22,20000041355,160.0,463,180,6.0,54.0,48.0,above_Q3_plus_3IQR_and_at_least_8_medians,0.0,review_only,2026-04-01,True,False,1016.0,False,monthly_and_transactions_not_reconciled
300200324_,шт,Алматы,2026-04-22,20000041379,96.0,463,180,6.0,54.0,48.0,above_Q3_plus_3IQR_and_at_least_8_medians,0.0,review_only,2026-04-01,True,False,1016.0,False,monthly_and_transactions_not_reconciled
300200324_,шт,Алматы,2026-04-29,20000044513,336.0,470,180,6.0,54.0,48.0,above_Q3_plus_3IQR_and_at_least_8_medians,0.0,review_only,2026-04-01,True,False,1016.0,False,monthly_and_transactions_not_reconciled
300200324_,шт,Алматы,2026-05-04,20000046240,80.0,476,180,6.0,55.0,48.0,above_Q3_plus_3IQR_and_at_least_8_medians,0.0,review_only,2026-05-01,True,False,807.0,False,monthly_and_transactions_not_reconciled
300200324_,шт,Алматы,2026-05-15,30000001313,48.0,464,180,6.0,47.0,48.0,above_Q3_plus_3IQR_and_at_least_8_medians,0.0,review_only,2026-05-01,True,False,807.0,False,monthly_and_transactions_not_reconciled
300200324_,шт,Алматы,2026-05-18,20000051381,80.0,462,180,5.0,42.0,40.0,above_Q3_plus_3IQR_and_at_least_8_medians,0.0,review_only,2026-05-01,True,False,807.0,False,monthly_and_transactions_not_reconciled
300200324_,шт,Алматы,2026-05-20,20000052593,96.0,456,180,6.0,47.0,48.0,above_Q3_plus_3IQR_and_at_least_8_medians,0.0,review_only,2026-05-01,True,False,807.0,False,monthly_and_transactions_not_reconciled
300200324_,шт,Алматы,2026-05-20,20000052603,960.0,456,180,6.0,47.0,48.0,above_Q3_plus_3IQR_and_at_least_8_medians,0.0,review_only,2026-05-01,True,False,807.0,False,monthly_and_transactions_not_reconciled
300200324_,шт,Алматы,2026-05-25,20000054525,600.0,452,180,6.0,50.0,48.0,above_Q3_plus_3IQR_and_at_least_8_medians,0.0,review_only,2026-05-01,True,False,807.0,False,monthly_and_transactions_not_reconciled
300200324_,шт,Алматы,2026-05-29,20000056565,96.0,448,180,6.0,54.0,48.0,above_Q3_plus_3IQR_and_at_least_8_medians,0.0,review_only,2026-05-01,True,False,807.0,False,monthly_and_transactions_not_reconciled
300200324_,шт,Алматы,2026-06-08,20000060916,200.0,442,180,6.0,53.0,48.0,above_Q3_plus_3IQR_and_at_least_8_medians,0.0,review_only,2026-06-01,True,False,1213.0,False,monthly_and_transactions_not_reconciled
300200324_,шт,Алматы,2026-06-09,30000001610,96.0,440,180,6.0,54.0,48.0,above_Q3_plus_3IQR_and_at_least_8_medians,0.0,review_only,2026-06-01,True,False,1213.0,False,monthly_and_transactions_not_reconciled
300200324_,шт,Алматы,2026-06-12,20000063059,100.0,444,180,6.0,54.0,48.0,above_Q3_plus_3IQR_and_at_least_8_medians,0.0,review_only,2026-06-01,True,False,1213.0,False,monthly_and_transactions_not_reconciled
300200324_,шт,Алматы,2026-06-15,20000064092,145.0,443,180,6.0,54.0,48.0,above_Q3_plus_3IQR_and_at_least_8_medians,0.0,review_only,2026-06-01,True,False,1213.0,False,monthly_and_transactions_not_reconciled
300200324_,шт,Алматы,2026-06-22,20000067257,60.0,447,180,6.0,54.0,48.0,above_Q3_plus_3IQR_and_at_least_8_medians,0.0,review_only,2026-06-01,True,False,1213.0,False,monthly_and_transactions_not_reconciled
300200324_,шт,Алматы,2026-06-23,20000068033,70.0,447,180,6.0,54.0,48.0,above_Q3_plus_3IQR_and_at_least_8_medians,0.0,review_only,2026-06-01,True,False,1213.0,False,monthly_and_transactions_not_reconciled
300200324_,шт,Алматы,2026-06-24,20000068488,75.0,452,180,6.0,58.0,48.0,above_Q3_plus_3IQR_and_at_least_8_medians,0.0,review_only,2026-06-01,True,False,1213.0,False,monthly_and_transactions_not_reconciled
300200324_,шт,Алматы,2026-06-24,20000068732,272.0,452,180,6.0,58.0,48.0,above_Q3_plus_3IQR_and_at_least_8_medians,0.0,review_only,2026-06-01,True,False,1213.0,False,monthly_and_transactions_not_reconciled
300200324_,шт,Алматы,2026-06-24,20000068747,80.0,452,180,6.0,58.0,48.0,above_Q3_plus_3IQR_and_at_least_8_medians,0.0,review_only,2026-06-01,True,False,1213.0,False,monthly_and_transactions_not_reconciled
300200324_,шт,Алматы,2026-06-24,20000068750,144.0,452,180,6.0,58.0,48.0,above_Q3_plus_3IQR_and_at_least_8_medians,0.0,review_only,2026-06-01,True,False,1213.0,False,monthly_and_transactions_not_reconciled
300200324_,шт,Алматы,2026-06-24,20000068754,432.0,452,180,6.0,58.0,48.0,above_Q3_plus_3IQR_and_at_least_8_medians,0.0,review_only,2026-06-01,True,False,1213.0,False,monthly_and_transactions_not_reconciled
300200324_,шт,Алматы,2026-07-03,20000073235,240.0,476,180,6.0,58.0,48.0,above_Q3_plus_3IQR_and_at_least_8_medians,0.0,review_only,2026-07-01,True,False,799.0,False,monthly_and_transactions_not_reconciled
300200324_,шт,Алматы,2026-07-07,30000001863,480.0,479,180,6.0,58.0,48.0,above_Q3_plus_3IQR_and_at_least_8_medians,0.0,review_only,2026-07-01,True,False,799.0,False,monthly_and_transactions_not_reconciled
300200324_,шт,Алматы,2026-07-17,20000079465,320.0,497,180,6.0,54.0,48.0,above_Q3_plus_3IQR_and_at_least_8_medians,0.0,review_only,2026-07-01,True,False,799.0,False,monthly_and_transactions_not_reconciled
300200324_,шт,Алматы,2026-07-17,20000079487,192.0,497,180,6.0,54.0,48.0,above_Q3_plus_3IQR_and_at_least_8_medians,0.0,review_only,2026-07-01,True,False,799.0,False,monthly_and_transactions_not_reconciled
300200324_,шт,Алматы,2026-07-21,20000080997,400.0,496,180,6.0,54.0,48.0,above_Q3_plus_3IQR_and_at_least_8_medians,0.0,review_only,2026-07-01,True,False,799.0,False,monthly_and_transactions_not_reconciled
300200324_,шт,Алматы,2026-07-23,30000002051,240.0,501,180,6.0,54.0,48.0,above_Q3_plus_3IQR_and_at_least_8_medians,0.0,review_only,2026-07-01,True,False,799.0,False,monthly_and_transactions_not_reconciled
300200324_,шт,Алматы,2026-08-04,20000087706,320.0,491,180,6.0,54.0,48.0,above_Q3_plus_3IQR_and_at_least_8_medians,0.0,review_only,2026-08-01,True,False,886.0,False,monthly_and_transactions_not_reconciled
300200324_,шт,Алматы,2026-08-04,20000087710,192.0,491,180,6.0,54.0,48.0,above_Q3_plus_3IQR_and_at_least_8_medians,0.0,review_only,2026-08-01,True,False,886.0,False,monthly_and_transactions_not_reconciled
300200324_,шт,Алматы,2026-08-04,20000087711,768.0,491,180,6.0,54.0,48.0,above_Q3_plus_3IQR_and_at_least_8_medians,0.0,review_only,2026-08-01,True,False,886.0,False,monthly_and_transactions_not_reconciled
300200324_,шт,Алматы,2026-08-10,20000090151,104.0,504,180,6.0,54.0,48.0,above_Q3_plus_3IQR_and_at_least_8_medians,0.0,review_only,2026-08-01,True,False,886.0,False,monthly_and_transactions_not_reconciled
300200324_,шт,Алматы,2026-08-24,20000097297,320.0,519,180,6.0,54.0,48.0,above_Q3_plus_3IQR_and_at_least_8_medians,0.0,review_only,2026-08-01,True,False,886.0,False,monthly_and_transactions_not_reconciled
300200324_,шт,Алматы,2026-08-27,30000002392,144.0,524,180,6.0,54.0,48.0,above_Q3_plus_3IQR_and_at_least_8_medians,0.0,review_only,2026-08-01,True,False,886.0,False,monthly_and_transactions_not_reconciled
300200324_,шт,Алматы,2026-08-29,20000099885,96.0,533,180,6.0,54.0,48.0,above_Q3_plus_3IQR_and_at_least_8_medians,0.0,review_only,2026-08-01,True,False,886.0,False,monthly_and_transactions_not_reconciled
300200324_,шт,Алматы,2026-09-02,20000101838,384.0,525,180,6.0,54.0,48.0,above_Q3_plus_3IQR_and_at_least_8_medians,0.0,review_only,2026-09-01,,,,False,monthly_and_transactions_not_reconciled
300200324_,шт,Алматы,2026-09-04,20000102657,84.0,529,180,6.0,54.0,48.0,above_Q3_plus_3IQR_and_at_least_8_medians,0.0,review_only,2026-09-01,,,,False,monthly_and_transactions_not_reconciled
300200324_,шт,Алматы,2026-09-07,20000103687,560.0,532,180,6.0,54.0,48.0,above_Q3_plus_3IQR_and_at_least_8_medians,0.0,review_only,2026-09-01,,,,False,monthly_and_transactions_not_reconciled
300200324_,шт,Алматы,2026-09-07,20000103726,288.0,532,180,6.0,54.0,48.0,above_Q3_plus_3IQR_and_at_least_8_medians,0.0,review_only,2026-09-01,,,,False,monthly_and_transactions_not_reconciled
300200324_,шт,Алматы,2026-09-09,20000105261,96.0,534,180,5.5,54.0,44.0,above_Q3_plus_3IQR_and_at_least_8_medians,0.0,review_only,2026-09-01,,,,False,monthly_and_transactions_not_reconciled
300200325_,шт,Алматы,2025-09-19,20000102969,180.0,48,180,5.0,138.75,40.0,above_Q3_plus_3IQR_and_at_least_8_medians,0.0,review_only,2025-09-01,True,False,102.0,False,monthly_and_transactions_not_reconciled
300200325_,шт,Алматы,2026-04-22,20000041373,144.0,49,180,12.0,135.0,96.0,above_Q3_plus_3IQR_and_at_least_8_medians,0.0,review_only,2026-04-01,True,False,26.0,False,monthly_and_transactions_not_reconciled
300200325_,шт,Алматы,2026-04-29,20000044513,180.0,50,180,12.0,170.25,96.0,above_Q3_plus_3IQR_and_at_least_8_medians,0.0,review_only,2026-04-01,True,False,26.0,False,monthly_and_transactions_not_reconciled
300200325_,шт,Алматы,2026-06-24,20000068732,156.0,53,180,10.0,132.0,80.0,above_Q3_plus_3IQR_and_at_least_8_medians,0.0,review_only,2026-06-01,True,False,33.0,False,monthly_and_transactions_not_reconciled
300200326_,шт,Алматы,2025-02-12,20000014333,240.0,41,180,5.0,114.0,40.0,above_Q3_plus_3IQR_and_at_least_8_medians,0.0,review_only,2025-02-01,True,False,423.0,False,monthly_and_transactions_not_reconciled
300200326_,шт,Алматы,2025-03-04,20000021546,200.0,70,180,5.0,105.25,40.0,above_Q3_plus_3IQR_and_at_least_8_medians,0.0,review_only,2025-03-01,True,False,261.0,False,monthly_and_transactions_not_reconciled
300200326_,шт,Алматы,2025-03-14,20000025050,130.0,83,180,5.0,78.0,40.0,above_Q3_plus_3IQR_and_at_least_8_medians,0.0,review_only,2025-03-01,True,False,261.0,False,monthly_and_transactions_not_reconciled
300200326_,шт,Алматы,2025-04-15,20000036278,120.0,115,180,5.0,54.0,40.0,above_Q3_plus_3IQR_and_at_least_8_medians,0.0,review_only,2025-04-01,True,False,305.0,False,monthly_and_transactions_not_reconciled
300200326_,шт,Алматы,2025-04-25,20000041171,360.0,128,180,5.0,59.0,40.0,above_Q3_plus_3IQR_and_at_least_8_medians,0.0,review_only,2025-04-01,True,False,305.0,False,monthly_and_transactions_not_reconciled
300200326_,шт,Алматы,2025-04-25,20000041189,90.0,128,180,5.0,59.0,40.0,above_Q3_plus_3IQR_and_at_least_8_medians,0.0,review_only,2025-04-01,True,False,305.0,False,monthly_and_transactions_not_reconciled
300200326_,шт,Алматы,2025-05-15,20000048330,55.0,150,180,5.0,53.25,40.0,above_Q3_plus_3IQR_and_at_least_8_medians,0.0,review_only,2025-05-01,True,False,262.0,False,monthly_and_transactions_not_reconciled
300200326_,шт,Алматы,2025-06-10,20000059143,120.0,176,180,5.0,54.0,40.0,above_Q3_plus_3IQR_and_at_least_8_medians,0.0,review_only,2025-06-01,True,False,248.0,False,monthly_and_transactions_not_reconciled
300200326_,шт,Алматы,2025-06-23,30000032346,180.0,187,180,5.0,54.0,40.0,above_Q3_plus_3IQR_and_at_least_8_medians,0.0,review_only,2025-06-01,True,False,248.0,False,monthly_and_transactions_not_reconciled
300200326_,шт,Алматы,2025-07-09,20000071434,90.0,195,180,5.0,54.0,40.0,above_Q3_plus_3IQR_and_at_least_8_medians,0.0,review_only,2025-07-01,True,False,307.0,False,monthly_and_transactions_not_reconciled
300200326_,шт,Алматы,2025-07-18,20000075815,120.0,196,180,5.0,54.0,40.0,above_Q3_plus_3IQR_and_at_least_8_medians,0.0,review_only,2025-07-01,True,False,307.0,False,monthly_and_transactions_not_reconciled
300200326_,шт,Алматы,2025-08-07,20000084231,120.0,199,180,4.0,54.0,32.0,above_Q3_plus_3IQR_and_at_least_8_medians,0.0,review_only,2025-08-01,True,False,309.0,False,monthly_and_transactions_not_reconciled
300200326_,шт,Алматы,2025-08-07,20000084233,120.0,199,180,4.0,54.0,32.0,above_Q3_plus_3IQR_and_at_least_8_medians,0.0,review_only,2025-08-01,True,False,309.0,False,monthly_and_transactions_not_reconciled
300200326_,шт,Алматы,2025-08-13,20000086693,62.0,203,180,4.0,54.0,32.0,above_Q3_plus_3IQR_and_at_least_8_medians,0.0,review_only,2025-08-01,True,False,309.0,False,monthly_and_transactions_not_reconciled
300200326_,шт,Алматы,2025-09-19,20000102972,55.0,208,180,4.0,42.0,32.0,above_Q3_plus_3IQR_and_at_least_8_medians,0.0,review_only,2025-09-01,True,False,301.0,False,monthly_and_transactions_not_reconciled
300200326_,шт,Алматы,2025-09-26,20000106619,90.0,220,180,4.0,42.0,32.0,above_Q3_plus_3IQR_and_at_least_8_medians,0.0,review_only,2025-09-01,True,False,301.0,False,monthly_and_transactions_not_reconciled
300200326_,шт,Алматы,2025-09-30,30000033182,90.0,217,180,4.0,46.0,32.0,above_Q3_plus_3IQR_and_at_least_8_medians,0.0,review_only,2025-09-01,True,False,301.0,False,monthly_and_transactions_not_reconciled
300200326_,шт,Алматы,2025-10-28,30000033406,90.0,214,180,4.0,42.0,32.0,above_Q3_plus_3IQR_and_at_least_8_medians,0.0,review_only,2025-10-01,True,False,401.0,False,monthly_and_transactions_not_reconciled
300200326_,шт,Алматы,2025-10-30,20000121343,100.0,220,180,4.0,42.0,32.0,above_Q3_plus_3IQR_and_at_least_8_medians,0.0,review_only,2025-10-01,True,False,401.0,False,monthly_and_transactions_not_reconciled
300200326_,шт,Алматы,2025-11-07,20000125451,120.0,225,180,4.0,42.0,32.0,above_Q3_plus_3IQR_and_at_least_8_medians,0.0,review_only,2025-11-01,True,False,201.0,False,monthly_and_transactions_not_reconciled
300200326_,шт,Алматы,2025-11-28,20000134832,180.0,236,180,4.0,39.0,32.0,above_Q3_plus_3IQR_and_at_least_8_medians,0.0,review_only,2025-11-01,True,False,201.0,False,monthly_and_transactions_not_reconciled
300200326_,шт,Алматы,2025-12-29,20000148331,44.0,267,180,4.0,34.0,32.0,above_Q3_plus_3IQR_and_at_least_8_medians,0.0,review_only,2025-12-01,True,False,358.0,False,monthly_and_transactions_not_reconciled
300200326_,шт,Алматы,2025-12-30,20000148962,85.0,265,180,4.0,34.0,32.0,above_Q3_plus_3IQR_and_at_least_8_medians,0.0,review_only,2025-12-01,True,False,358.0,False,monthly_and_transactions_not_reconciled
300200326_,шт,Алматы,2025-12-30,20000148964,80.0,265,180,4.0,34.0,32.0,above_Q3_plus_3IQR_and_at_least_8_medians,0.0,review_only,2025-12-01,True,False,358.0,False,monthly_and_transactions_not_reconciled
300200326_,шт,Алматы,2025-12-30,20000148970,120.0,265,180,4.0,34.0,32.0,above_Q3_plus_3IQR_and_at_least_8_medians,0.0,review_only,2025-12-01,True,False,358.0,False,monthly_and_transactions_not_reconciled
300200326_,шт,Алматы,2026-01-10,20000002260,200.0,263,180,4.0,34.0,32.0,above_Q3_plus_3IQR_and_at_least_8_medians,0.0,review_only,2026-01-01,True,False,533.0,False,monthly_and_transactions_not_reconciled
300200326_,шт,Алматы,2026-01-12,20000002738,36.0,263,180,4.0,34.0,32.0,above_Q3_plus_3IQR_and_at_least_8_medians,0.0,review_only,2026-01-01,True,False,533.0,False,monthly_and_transactions_not_reconciled
300200326_,шт,Алматы,2026-01-14,20000003527,90.0,265,180,4.0,34.0,32.0,above_Q3_plus_3IQR_and_at_least_8_medians,0.0,review_only,2026-01-01,True,False,533.0,False,monthly_and_transactions_not_reconciled
300200326_,шт,Алматы,2026-01-29,20000009880,60.0,273,180,4.0,34.0,32.0,above_Q3_plus_3IQR_and_at_least_8_medians,0.0,review_only,2026-01-01,True,False,533.0,False,monthly_and_transactions_not_reconciled
300200326_,шт,Алматы,2026-02-10,30000000326,90.0,272,180,4.0,34.0,32.0,above_Q3_plus_3IQR_and_at_least_8_medians,0.0,review_only,2026-02-01,True,False,347.0,False,monthly_and_transactions_not_reconciled
300200326_,шт,Алматы,2026-02-12,20000015210,100.0,274,180,4.0,34.0,32.0,above_Q3_plus_3IQR_and_at_least_8_medians,0.0,review_only,2026-02-01,True,False,347.0,False,monthly_and_transactions_not_reconciled
300200326_,шт,Алматы,2026-02-25,20000020178,105.0,274,180,4.0,34.0,32.0,above_Q3_plus_3IQR_and_at_least_8_medians,0.0,review_only,2026-02-01,True,False,347.0,False,monthly_and_transactions_not_reconciled
300200326_,шт,Алматы,2026-03-03,20000022782,120.0,277,180,4.0,34.0,32.0,above_Q3_plus_3IQR_and_at_least_8_medians,0.0,review_only,2026-03-01,True,False,198.0,False,monthly_and_transactions_not_reconciled
300200326_,шт,Алматы,2026-03-10,20000024662,120.0,278,180,4.0,34.0,32.0,above_Q3_plus_3IQR_and_at_least_8_medians,0.0,review_only,2026-03-01,True,False,198.0,False,monthly_and_transactions_not_reconciled
300200326_,шт,Алматы,2026-03-19,20000028666,60.0,266,180,4.0,34.0,32.0,above_Q3_plus_3IQR_and_at_least_8_medians,0.0,review_only,2026-03-01,True,False,198.0,False,monthly_and_transactions_not_reconciled
300200326_,шт,Алматы,2026-04-10,20000036396,100.0,264,180,5.0,34.0,40.0,above_Q3_plus_3IQR_and_at_least_8_medians,0.0,review_only,2026-04-01,True,False,524.0,False,monthly_and_transactions_not_reconciled
300200326_,шт,Алматы,2026-04-13,20000037441,60.0,264,180,5.0,34.0,40.0,above_Q3_plus_3IQR_and_at_least_8_medians,0.0,review_only,2026-04-01,True,False,524.0,False,monthly_and_transactions_not_reconciled
300200326_,шт,Алматы,2026-04-14,20000037597,40.0,263,180,5.0,34.0,40.0,above_Q3_plus_3IQR_and_at_least_8_medians,0.0,review_only,2026-04-01,True,False,524.0,False,monthly_and_transactions_not_reconciled
300200326_,шт,Алматы,2026-04-20,20000040431,100.0,267,180,5.0,34.0,40.0,above_Q3_plus_3IQR_and_at_least_8_medians,0.0,review_only,2026-04-01,True,False,524.0,False,monthly_and_transactions_not_reconciled
300200326_,шт,Алматы,2026-04-22,20000041367,230.0,272,180,5.0,34.0,40.0,above_Q3_plus_3IQR_and_at_least_8_medians,0.0,review_only,2026-04-01,True,False,524.0,False,monthly_and_transactions_not_reconciled
300200326_,шт,Алматы,2026-04-22,20000041368,60.0,272,180,5.0,34.0,40.0,above_Q3_plus_3IQR_and_at_least_8_medians,0.0,review_only,2026-04-01,True,False,524.0,False,monthly_and_transactions_not_reconciled
300200326_,шт,Алматы,2026-04-29,20000044513,60.0,268,180,5.0,34.0,40.0,above_Q3_plus_3IQR_and_at_least_8_medians,0.0,review_only,2026-04-01,True,False,524.0,False,monthly_and_transactions_not_reconciled
300200326_,шт,Алматы,2026-05-16,20000051053,50.0,267,180,5.0,34.0,40.0,above_Q3_plus_3IQR_and_at_least_8_medians,0.0,review_only,2026-05-01,True,False,246.0,False,monthly_and_transactions_not_reconciled
300200326_,шт,Алматы,2026-05-20,20000052547,40.0,268,180,5.0,34.0,40.0,above_Q3_plus_3IQR_and_at_least_8_medians,0.0,review_only,2026-05-01,True,False,246.0,False,monthly_and_transactions_not_reconciled
300200326_,шт,Алматы,2026-05-25,20000054525,60.0,268,180,5.0,34.0,40.0,above_Q3_plus_3IQR_and_at_least_8_medians,0.0,review_only,2026-05-01,True,False,246.0,False,monthly_and_transactions_not_reconciled
300200326_,шт,Алматы,2026-06-03,20000058367,60.0,255,180,5.0,34.0,40.0,above_Q3_plus_3IQR_and_at_least_8_medians,0.0,review_only,2026-06-01,True,False,544.0,False,monthly_and_transactions_not_reconciled
300200326_,шт,Алматы,2026-06-03,20000058463,48.0,255,180,5.0,34.0,40.0,above_Q3_plus_3IQR_and_at_least_8_medians,0.0,review_only,2026-06-01,True,False,544.0,False,monthly_and_transactions_not_reconciled
300200326_,шт,Алматы,2026-06-09,30000001610,90.0,258,180,5.0,34.0,40.0,above_Q3_plus_3IQR_and_at_least_8_medians,0.0,review_only,2026-06-01,True,False,544.0,False,monthly_and_transactions_not_reconciled
300200326_,шт,Алматы,2026-06-13,20000063472,185.0,257,180,5.0,42.0,40.0,above_Q3_plus_3IQR_and_at_least_8_medians,0.0,review_only,2026-06-01,True,False,544.0,False,monthly_and_transactions_not_reconciled
300200326_,шт,Алматы,2026-07-03,20000073235,60.0,262,180,5.0,42.0,40.0,above_Q3_plus_3IQR_and_at_least_8_medians,0.0,review_only,2026-07-01,True,False,397.0,False,monthly_and_transactions_not_reconciled
300200326_,шт,Алматы,2026-07-03,20000073273,60.0,262,180,5.0,42.0,40.0,above_Q3_plus_3IQR_and_at_least_8_medians,0.0,review_only,2026-07-01,True,False,397.0,False,monthly_and_transactions_not_reconciled
300200326_,шт,Алматы,2026-07-17,20000079465,90.0,268,180,5.0,36.0,40.0,above_Q3_plus_3IQR_and_at_least_8_medians,0.0,review_only,2026-07-01,True,False,397.0,False,monthly_and_transactions_not_reconciled
300200326_,шт,Алматы,2026-07-17,20000079498,50.0,268,180,5.0,36.0,40.0,above_Q3_plus_3IQR_and_at_least_8_medians,0.0,review_only,2026-07-01,True,False,397.0,False,monthly_and_transactions_not_reconciled
300200326_,шт,Алматы,2026-07-23,30000002051,70.0,270,180,5.0,54.0,40.0,above_Q3_plus_3IQR_and_at_least_8_medians,0.0,review_only,2026-07-01,True,False,397.0,False,monthly_and_transactions_not_reconciled
300200326_,шт,Алматы,2026-08-24,20000097297,60.0,271,180,5.0,54.0,40.0,above_Q3_plus_3IQR_and_at_least_8_medians,0.0,review_only,2026-08-01,True,False,426.0,False,monthly_and_transactions_not_reconciled
300200326_,шт,Алматы,2026-08-25,20000097734,102.0,270,180,5.0,54.0,40.0,above_Q3_plus_3IQR_and_at_least_8_medians,0.0,review_only,2026-08-01,True,False,426.0,False,monthly_and_transactions_not_reconciled
300200326_,шт,Алматы,2026-09-02,20000101838,150.0,273,180,5.0,54.0,40.0,above_Q3_plus_3IQR_and_at_least_8_medians,0.0,review_only,2026-09-01,,,,False,monthly_and_transactions_not_reconciled
300200326_,шт,Алматы,2026-09-07,20000103726,90.0,278,180,5.0,54.0,40.0,above_Q3_plus_3IQR_and_at_least_8_medians,0.0,review_only,2026-09-01,,,,False,monthly_and_transactions_not_reconciled
300200326_,шт,Алматы,2026-09-21,20000110903,60.0,293,180,5.0,34.0,40.0,above_Q3_plus_3IQR_and_at_least_8_medians,0.0,review_only,2026-09-01,,,,False,monthly_and_transactions_not_reconciled
300200327_,шт,Алматы,2025-02-10,20000013090,120.0,9,180,6.0,111.0,48.0,above_Q3_plus_3IQR_and_at_least_8_medians,0.0,review_only,2025-02-01,True,False,69.0,False,monthly_and_transactions_not_reconciled
300200327_,шт,Алматы,2025-02-12,20000014331,300.0,12,180,6.5,246.5,52.0,above_Q3_plus_3IQR_and_at_least_8_medians,0.0,review_only,2025-02-01,True,False,69.0,False,monthly_and_transactions_not_reconciled
300200327_,шт,Алматы,2025-04-15,20000036278,420.0,29,180,10.0,311.0,80.0,above_Q3_plus_3IQR_and_at_least_8_medians,0.0,review_only,2025-04-01,True,False,23.0,False,monthly_and_transactions_not_reconciled
300200327_,шт,Алматы,2025-09-19,20000102969,180.0,43,180,3.0,77.0,24.0,above_Q3_plus_3IQR_and_at_least_8_medians,0.0,review_only,2025-09-01,True,False,104.0,False,monthly_and_transactions_not_reconciled
300200327_,шт,Алматы,2025-09-26,20000106623,120.0,47,180,3.0,67.0,24.0,above_Q3_plus_3IQR_and_at_least_8_medians,0.0,review_only,2025-09-01,True,False,104.0,False,monthly_and_transactions_not_reconciled
300200327_,шт,Алматы,2025-12-17,20000143541,150.0,52,180,5.0,87.0,40.0,above_Q3_plus_3IQR_and_at_least_8_medians,0.0,review_only,2025-12-01,True,False,70.0,False,monthly_and_transactions_not_reconciled
300200327_,шт,Алматы,2025-12-17,20000143543,90.0,52,180,5.0,87.0,40.0,above_Q3_plus_3IQR_and_at_least_8_medians,0.0,review_only,2025-12-01,True,False,70.0,False,monthly_and_transactions_not_reconciled
300200327_,шт,Алматы,2026-01-29,20000009880,180.0,53,180,5.0,93.0,40.0,above_Q3_plus_3IQR_and_at_least_8_medians,0.0,review_only,2026-01-01,True,False,21.0,False,monthly_and_transactions_not_reconciled
300200327_,шт,Алматы,2026-04-22,20000041355,150.0,59,180,4.0,117.0,32.0,above_Q3_plus_3IQR_and_at_least_8_medians,0.0,review_only,2026-04-01,True,False,29.0,False,monthly_and_transactions_not_reconciled
300200327_,шт,Алматы,2026-04-22,20000041373,150.0,59,180,4.0,117.0,32.0,above_Q3_plus_3IQR_and_at_least_8_medians,0.0,review_only,2026-04-01,True,False,29.0,False,monthly_and_transactions_not_reconciled
300200327_,шт,Алматы,2026-06-24,20000068750,120.0,54,180,3.5,117.0,28.0,above_Q3_plus_3IQR_and_at_least_8_medians,0.0,review_only,2026-06-01,True,False,16.0,False,monthly_and_transactions_not_reconciled
300200327_,шт,Алматы,2026-07-03,20000073235,150.0,58,180,3.0,117.0,24.0,above_Q3_plus_3IQR_and_at_least_8_medians,0.0,review_only,2026-07-01,True,False,45.0,False,monthly_and_transactions_not_reconciled
300200327_,шт,Алматы,2026-07-17,20000079487,150.0,61,180,5.0,117.0,40.0,above_Q3_plus_3IQR_and_at_least_8_medians,0.0,review_only,2026-07-01,True,False,45.0,False,monthly_and_transactions_not_reconciled
300200328_,шт,Алматы,2025-03-04,20000021546,148.0,63,180,6.0,66.0,48.0,above_Q3_plus_3IQR_and_at_least_8_medians,0.0,review_only,2025-03-01,True,False,223.0,False,monthly_and_transactions_not_reconciled
300200328_,шт,Алматы,2025-03-12,20000024399,80.0,74,180,6.0,57.0,48.0,above_Q3_plus_3IQR_and_at_least_8_medians,0.0,review_only,2025-03-01,True,False,223.0,False,monthly_and_transactions_not_reconciled
300200328_,шт,Алматы,2025-03-12,20000024402,100.0,74,180,6.0,57.0,48.0,above_Q3_plus_3IQR_and_at_least_8_medians,0.0,review_only,2025-03-01,True,False,223.0,False,monthly_and_transactions_not_reconciled
300200328_,шт,Алматы,2025-03-14,20000025050,100.0,83,180,6.0,74.0,48.0,above_Q3_plus_3IQR_and_at_least_8_medians,0.0,review_only,2025-03-01,True,False,223.0,False,monthly_and_transactions_not_reconciled
300200328_,шт,Алматы,2025-04-15,20000036278,72.0,114,180,4.5,70.0,36.0,above_Q3_plus_3IQR_and_at_least_8_medians,0.0,review_only,2025-04-01,True,False,287.0,False,monthly_and_transactions_not_reconciled
300200328_,шт,Алматы,2025-04-25,20000041171,120.0,129,180,4.0,54.0,32.0,above_Q3_plus_3IQR_and_at_least_8_medians,0.0,review_only,2025-04-01,True,False,287.0,False,monthly_and_transactions_not_reconciled
300200328_,шт,Алматы,2025-05-15,20000048330,76.0,143,180,4.0,54.0,32.0,above_Q3_plus_3IQR_and_at_least_8_medians,0.0,review_only,2025-05-01,True,False,142.0,False,monthly_and_transactions_not_reconciled
300200328_,шт,Алматы,2025-05-26,20000052800,56.0,148,180,4.0,54.0,32.0,above_Q3_plus_3IQR_and_at_least_8_medians,0.0,review_only,2025-05-01,True,False,142.0,False,monthly_and_transactions_not_reconciled
300200328_,шт,Алматы,2025-06-23,30000032347,120.0,172,180,4.0,55.0,32.0,above_Q3_plus_3IQR_and_at_least_8_medians,0.0,review_only,2025-06-01,True,False,319.0,False,monthly_and_transactions_not_reconciled
300200328_,шт,Алматы,2025-07-04,20000070060,112.0,185,180,4.0,54.0,32.0,above_Q3_plus_3IQR_and_at_least_8_medians,0.0,review_only,2025-07-01,True,False,209.0,False,monthly_and_transactions_not_reconciled
300200328_,шт,Алматы,2025-07-17,20000075661,100.0,180,180,4.0,45.0,32.0,above_Q3_plus_3IQR_and_at_least_8_medians,0.0,review_only,2025-07-01,True,False,209.0,False,monthly_and_transactions_not_reconciled
300200328_,шт,Алматы,2025-07-17,20000075662,180.0,180,180,4.0,45.0,32.0,above_Q3_plus_3IQR_and_at_least_8_medians,0.0,review_only,2025-07-01,True,False,209.0,False,monthly_and_transactions_not_reconciled
300200328_,шт,Алматы,2025-07-18,20000075815,168.0,182,180,4.0,54.0,32.0,above_Q3_plus_3IQR_and_at_least_8_medians,0.0,review_only,2025-07-01,True,False,209.0,False,monthly_and_transactions_not_reconciled
300200328_,шт,Алматы,2025-08-07,20000084231,120.0,181,180,4.0,74.0,32.0,above_Q3_plus_3IQR_and_at_least_8_medians,0.0,review_only,2025-08-01,True,False,242.0,False,monthly_and_transactions_not_reconciled
300200328_,шт,Алматы,2025-08-07,20000084233,168.0,181,180,4.0,74.0,32.0,above_Q3_plus_3IQR_and_at_least_8_medians,0.0,review_only,2025-08-01,True,False,242.0,False,monthly_and_transactions_not_reconciled
300200328_,шт,Алматы,2025-08-11,20000085958,96.0,182,180,4.0,74.0,32.0,above_Q3_plus_3IQR_and_at_least_8_medians,0.0,review_only,2025-08-01,True,False,242.0,False,monthly_and_transactions_not_reconciled
300200328_,шт,Алматы,2025-09-19,20000102972,220.0,164,180,4.0,74.0,32.0,above_Q3_plus_3IQR_and_at_least_8_medians,0.0,review_only,2025-09-01,True,False,151.0,False,monthly_and_transactions_not_reconciled
300200328_,шт,Алматы,2025-09-26,20000106619,80.0,168,180,4.0,74.0,32.0,above_Q3_plus_3IQR_and_at_least_8_medians,0.0,review_only,2025-09-01,True,False,151.0,False,monthly_and_transactions_not_reconciled
300200328_,шт,Алматы,2025-10-28,30000033406,120.0,154,180,4.0,74.0,32.0,above_Q3_plus_3IQR_and_at_least_8_medians,0.0,review_only,2025-10-01,True,False,170.0,False,monthly_and_transactions_not_reconciled
300200328_,шт,Алматы,2025-11-28,20000134832,128.0,175,180,4.0,74.0,32.0,above_Q3_plus_3IQR_and_at_least_8_medians,0.0,review_only,2025-11-01,True,False,201.0,False,monthly_and_transactions_not_reconciled
300200328_,шт,Алматы,2025-12-09,20000139804,92.0,172,180,4.0,74.75,32.0,above_Q3_plus_3IQR_and_at_least_8_medians,0.0,review_only,2025-12-01,True,False,335.0,False,monthly_and_transactions_not_reconciled
300200328_,шт,Алматы,2025-12-15,20000142402,200.0,173,180,4.0,74.0,32.0,above_Q3_plus_3IQR_and_at_least_8_medians,0.0,review_only,2025-12-01,True,False,335.0,False,monthly_and_transactions_not_reconciled
300200328_,шт,Алматы,2025-12-17,20000143542,88.0,171,180,4.0,74.0,32.0,above_Q3_plus_3IQR_and_at_least_8_medians,0.0,review_only,2025-12-01,True,False,335.0,False,monthly_and_transactions_not_reconciled
300200328_,шт,Алматы,2026-01-24,20000007675,40.0,181,180,4.0,34.0,32.0,above_Q3_plus_3IQR_and_at_least_8_medians,0.0,review_only,2026-01-01,True,False,303.0,False,monthly_and_transactions_not_reconciled
300200328_,шт,Алматы,2026-01-29,20000009880,180.0,185,180,4.0,34.0,32.0,above_Q3_plus_3IQR_and_at_least_8_medians,0.0,review_only,2026-01-01,True,False,303.0,False,monthly_and_transactions_not_reconciled
300200328_,шт,Алматы,2026-01-29,20000009895,40.0,185,180,4.0,34.0,32.0,above_Q3_plus_3IQR_and_at_least_8_medians,0.0,review_only,2026-01-01,True,False,303.0,False,monthly_and_transactions_not_reconciled
300200328_,шт,Алматы,2026-01-29,20000009922,48.0,185,180,4.0,34.0,32.0,above_Q3_plus_3IQR_and_at_least_8_medians,0.0,review_only,2026-01-01,True,False,303.0,False,monthly_and_transactions_not_reconciled
300200328_,шт,Алматы,2026-02-11,20000014928,68.0,193,180,4.0,42.0,32.0,above_Q3_plus_3IQR_and_at_least_8_medians,0.0,review_only,2026-02-01,True,False,167.0,False,monthly_and_transactions_not_reconciled
300200328_,шт,Алматы,2026-03-03,20000022725,48.0,194,180,4.0,45.0,32.0,above_Q3_plus_3IQR_and_at_least_8_medians,0.0,review_only,2026-03-01,True,False,149.0,False,monthly_and_transactions_not_reconciled
300200328_,шт,Алматы,2026-03-03,20000022809,48.0,194,180,4.0,45.0,32.0,above_Q3_plus_3IQR_and_at_least_8_medians,0.0,review_only,2026-03-01,True,False,149.0,False,monthly_and_transactions_not_reconciled
300200328_,шт,Алматы,2026-03-10,20000024662,120.0,196,180,4.0,43.0,32.0,above_Q3_plus_3IQR_and_at_least_8_medians,0.0,review_only,2026-03-01,True,False,149.0,False,monthly_and_transactions_not_reconciled
300200328_,шт,Алматы,2026-03-27,20000030369,120.0,197,180,4.0,42.0,32.0,above_Q3_plus_3IQR_and_at_least_8_medians,0.0,review_only,2026-03-01,True,False,149.0,False,monthly_and_transactions_not_reconciled
300200328_,шт,Алматы,2026-03-30,20000031273,68.0,198,180,4.0,42.0,32.0,above_Q3_plus_3IQR_and_at_least_8_medians,0.0,review_only,2026-03-01,True,False,149.0,False,monthly_and_transactions_not_reconciled
300200328_,шт,Алматы,2026-04-01,20000032262,48.0,199,180,4.0,42.0,32.0,above_Q3_plus_3IQR_and_at_least_8_medians,0.0,review_only,2026-04-01,True,False,282.0,False,monthly_and_transactions_not_reconciled
300200328_,шт,Алматы,2026-04-21,20000040654,72.0,213,180,4.0,42.0,32.0,above_Q3_plus_3IQR_and_at_least_8_medians,0.0,review_only,2026-04-01,True,False,282.0,False,monthly_and_transactions_not_reconciled
300200328_,шт,Алматы,2026-04-22,20000041355,72.0,213,180,4.0,42.0,32.0,above_Q3_plus_3IQR_and_at_least_8_medians,0.0,review_only,2026-04-01,True,False,282.0,False,monthly_and_transactions_not_reconciled
300200328_,шт,Алматы,2026-04-22,20000041367,140.0,213,180,4.0,42.0,32.0,above_Q3_plus_3IQR_and_at_least_8_medians,0.0,review_only,2026-04-01,True,False,282.0,False,monthly_and_transactions_not_reconciled
300200328_,шт,Алматы,2026-04-29,20000044513,48.0,215,180,4.0,42.0,32.0,above_Q3_plus_3IQR_and_at_least_8_medians,0.0,review_only,2026-04-01,True,False,282.0,False,monthly_and_transactions_not_reconciled
300200328_,шт,Алматы,2026-05-15,20000050457,120.0,204,180,4.0,42.0,32.0,above_Q3_plus_3IQR_and_at_least_8_medians,0.0,review_only,2026-05-01,True,False,219.0,False,monthly_and_transactions_not_reconciled
300200328_,шт,Алматы,2026-05-28,20000055474,50.0,209,180,4.0,42.0,32.0,above_Q3_plus_3IQR_and_at_least_8_medians,0.0,review_only,2026-05-01,True,False,219.0,False,monthly_and_transactions_not_reconciled
300200328_,шт,Алматы,2026-05-29,20000056635,50.0,211,180,4.0,44.0,32.0,above_Q3_plus_3IQR_and_at_least_8_medians,0.0,review_only,2026-05-01,True,False,219.0,False,monthly_and_transactions_not_reconciled
300200328_,шт,Алматы,2026-06-12,20000063059,100.0,218,180,4.0,42.0,32.0,above_Q3_plus_3IQR_and_at_least_8_medians,0.0,review_only,2026-06-01,True,False,398.0,False,monthly_and_transactions_not_reconciled
300200328_,шт,Алматы,2026-06-17,20000065265,100.0,213,180,4.0,42.0,32.0,above_Q3_plus_3IQR_and_at_least_8_medians,0.0,review_only,2026-06-01,True,False,398.0,False,monthly_and_transactions_not_reconciled
300200328_,шт,Алматы,2026-06-24,20000068732,100.0,210,180,4.0,42.0,32.0,above_Q3_plus_3IQR_and_at_least_8_medians,0.0,review_only,2026-06-01,True,False,398.0,False,monthly_and_transactions_not_reconciled
300200328_,шт,Алматы,2026-07-07,30000001863,120.0,223,180,5.0,42.0,40.0,above_Q3_plus_3IQR_and_at_least_8_medians,0.0,review_only,2026-07-01,True,False,242.0,False,monthly_and_transactions_not_reconciled
300200328_,шт,Алматы,2026-07-17,20000079498,52.0,224,180,4.0,42.0,32.0,above_Q3_plus_3IQR_and_at_least_8_medians,0.0,review_only,2026-07-01,True,False,242.0,False,monthly_and_transactions_not_reconciled
300200328_,шт,Алматы,2026-07-23,30000002051,120.0,221,180,5.0,42.0,40.0,above_Q3_plus_3IQR_and_at_least_8_medians,0.0,review_only,2026-07-01,True,False,242.0,False,monthly_and_transactions_not_reconciled
300200328_,шт,Алматы,2026-07-28,20000084365,48.0,224,180,4.0,42.0,32.0,above_Q3_plus_3IQR_and_at_least_8_medians,0.0,review_only,2026-07-01,True,False,242.0,False,monthly_and_transactions_not_reconciled
300200328_,шт,Алматы,2026-08-04,20000087320,50.0,220,180,4.0,42.0,32.0,above_Q3_plus_3IQR_and_at_least_8_medians,0.0,review_only,2026-08-01,True,False,255.0,False,monthly_and_transactions_not_reconciled
300200328_,шт,Алматы,2026-08-06,20000088661,48.0,221,180,4.0,42.0,32.0,above_Q3_plus_3IQR_and_at_least_8_medians,0.0,review_only,2026-08-01,True,False,255.0,False,monthly_and_transactions_not_reconciled
300200328_,шт,Алматы,2026-08-24,20000097297,40.0,231,180,4.0,38.0,32.0,above_Q3_plus_3IQR_and_at_least_8_medians,0.0,review_only,2026-08-01,True,False,255.0,False,monthly_and_transactions_not_reconciled
300200328_,шт,Алматы,2026-08-27,30000002392,132.0,231,180,4.0,38.0,32.0,above_Q3_plus_3IQR_and_at_least_8_medians,0.0,review_only,2026-08-01,True,False,255.0,False,monthly_and_transactions_not_reconciled
300200328_,шт,Алматы,2026-09-07,20000103774,48.0,240,180,4.0,36.0,32.0,above_Q3_plus_3IQR_and_at_least_8_medians,0.0,review_only,2026-09-01,,,,False,monthly_and_transactions_not_reconciled
300200328_,шт,Алматы,2026-09-21,30000002725,48.0,251,180,4.0,34.0,32.0,above_Q3_plus_3IQR_and_at_least_8_medians,0.0,review_only,2026-09-01,,,,False,monthly_and_transactions_not_reconciled
300200330_,шт,Алматы,2025-07-17,20000075307,22.0,10,180,1.0,1.0,8.0,above_Q3_plus_3IQR_and_at_least_8_medians,0.0,review_only,2025-07-01,True,False,24.0,False,monthly_and_transactions_not_reconciled
300200330_,шт,Алматы,2025-08-05,20000083169,48.0,11,180,1.0,11.0,8.0,above_Q3_plus_3IQR_and_at_least_8_medians,0.0,review_only,2025-08-01,True,False,1.0,False,monthly_and_transactions_not_reconciled
300200330_,шт,Алматы,2025-12-09,20000139804,288.0,9,180,1.0,85.0,8.0,above_Q3_plus_3IQR_and_at_least_8_medians,0.0,review_only,2025-12-01,True,False,2.0,False,monthly_and_transactions_not_reconciled
300200330_,шт,Алматы,2026-09-03,20000102189,10.0,10,180,1.0,1.0,8.0,above_Q3_plus_3IQR_and_at_least_8_medians,0.0,review_only,2026-09-01,,,,False,monthly_and_transactions_not_reconciled
300200331_,шт,Алматы,2025-01-10,20000001521,90.0,15,180,7.0,50.5,56.0,above_Q3_plus_3IQR_and_at_least_8_medians,0.0,review_only,2025-01-01,True,False,1575.0,False,monthly_and_transactions_not_reconciled
300200331_,шт,Алматы,2025-01-10,30000000056,60.0,15,180,7.0,50.5,56.0,above_Q3_plus_3IQR_and_at_least_8_medians,0.0,review_only,2025-01-01,True,False,1575.0,False,monthly_and_transactions_not_reconciled
300200331_,шт,Алматы,2025-01-14,20000003138,100.0,23,180,10.0,66.5,80.0,above_Q3_plus_3IQR_and_at_least_8_medians,0.0,review_only,2025-01-01,True,False,1575.0,False,monthly_and_transactions_not_reconciled
300200331_,шт,Алматы,2025-01-28,20000008553,300.0,65,180,7.0,74.0,56.0,above_Q3_plus_3IQR_and_at_least_8_medians,0.0,review_only,2025-01-01,True,False,1575.0,False,monthly_and_transactions_not_reconciled
300200331_,шт,Алматы,2025-02-11,20000013449,273.0,93,180,7.0,71.0,56.0,above_Q3_plus_3IQR_and_at_least_8_medians,0.0,review_only,2025-02-01,True,False,1564.0,False,monthly_and_transactions_not_reconciled
300200331_,шт,Алматы,2025-02-12,20000014333,240.0,98,180,8.0,70.25,64.0,above_Q3_plus_3IQR_and_at_least_8_medians,0.0,review_only,2025-02-01,True,False,1564.0,False,monthly_and_transactions_not_reconciled
300200331_,шт,Алматы,2025-04-01,20000030146,160.0,214,180,8.5,103.0,68.0,above_Q3_plus_3IQR_and_at_least_8_medians,0.0,review_only,2025-04-01,True,False,1323.0,False,monthly_and_transactions_not_reconciled
300200331_,шт,Алматы,2025-04-25,20000041189,320.0,262,180,9.0,108.0,72.0,above_Q3_plus_3IQR_and_at_least_8_medians,0.0,review_only,2025-04-01,True,False,1323.0,False,monthly_and_transactions_not_reconciled
300200331_,шт,Алматы,2025-05-15,20000048330,200.0,308,180,9.0,108.0,72.0,above_Q3_plus_3IQR_and_at_least_8_medians,0.0,review_only,2025-05-01,True,False,1892.0,False,monthly_and_transactions_not_reconciled
300200331_,шт,Алматы,2025-05-28,20000053422,225.0,351,180,10.0,106.0,80.0,above_Q3_plus_3IQR_and_at_least_8_medians,0.0,review_only,2025-05-01,True,False,1892.0,False,monthly_and_transactions_not_reconciled
300200331_,шт,Алматы,2025-09-02,20000094923,120.0,431,180,10.0,106.0,80.0,above_Q3_plus_3IQR_and_at_least_8_medians,0.0,review_only,2025-09-01,True,False,1491.0,False,monthly_and_transactions_not_reconciled
300200331_,шт,Алматы,2025-10-08,20000111500,145.0,461,180,11.0,104.0,88.0,above_Q3_plus_3IQR_and_at_least_8_medians,0.0,review_only,2025-10-01,True,False,897.0,False,monthly_and_transactions_not_reconciled
300200331_,шт,Алматы,2025-10-23,20000117824,80.0,452,180,10.0,77.0,80.0,above_Q3_plus_3IQR_and_at_least_8_medians,0.0,review_only,2025-10-01,True,False,897.0,False,monthly_and_transactions_not_reconciled
300200331_,шт,Алматы,2025-11-05,20000123943,100.0,452,180,10.0,69.0,80.0,above_Q3_plus_3IQR_and_at_least_8_medians,0.0,review_only,2025-11-01,True,False,1172.0,False,monthly_and_transactions_not_reconciled
300200331_,шт,Алматы,2025-12-02,20000135912,100.0,441,180,9.0,68.0,72.0,above_Q3_plus_3IQR_and_at_least_8_medians,0.0,review_only,2025-12-01,True,False,1185.0,False,monthly_and_transactions_not_reconciled
300200331_,шт,Алматы,2025-12-11,20000140922,280.0,435,180,9.0,69.5,72.0,above_Q3_plus_3IQR_and_at_least_8_medians,0.0,review_only,2025-12-01,True,False,1185.0,False,monthly_and_transactions_not_reconciled
300200331_,шт,Алматы,2025-12-15,20000142331,95.0,432,180,9.0,68.0,72.0,above_Q3_plus_3IQR_and_at_least_8_medians,0.0,review_only,2025-12-01,True,False,1185.0,False,monthly_and_transactions_not_reconciled
300200331_,шт,Алматы,2025-12-19,20000143859,150.0,431,180,10.0,68.0,80.0,above_Q3_plus_3IQR_and_at_least_8_medians,0.0,review_only,2025-12-01,True,False,1185.0,False,monthly_and_transactions_not_reconciled
300200331_,шт,Алматы,2025-12-23,20000146079,175.0,430,180,9.0,71.0,72.0,above_Q3_plus_3IQR_and_at_least_8_medians,0.0,review_only,2025-12-01,True,False,1185.0,False,monthly_and_transactions_not_reconciled
300200331_,шт,Алматы,2026-01-08,20000000916,173.0,419,180,9.0,71.0,72.0,above_Q3_plus_3IQR_and_at_least_8_medians,0.0,review_only,2026-01-01,True,False,1043.0,False,monthly_and_transactions_not_reconciled
300200331_,шт,Алматы,2026-02-11,20000014928,200.0,408,180,9.0,71.0,72.0,above_Q3_plus_3IQR_and_at_least_8_medians,0.0,review_only,2026-02-01,True,False,681.0,False,monthly_and_transactions_not_reconciled
300200331_,шт,Алматы,2026-02-25,20000020178,80.0,391,180,9.0,71.0,72.0,above_Q3_plus_3IQR_and_at_least_8_medians,0.0,review_only,2026-02-01,True,False,681.0,False,monthly_and_transactions_not_reconciled
300200331_,шт,Алматы,2026-03-30,20000031273,100.0,343,180,9.0,68.0,72.0,above_Q3_plus_3IQR_and_at_least_8_medians,0.0,review_only,2026-03-01,True,False,822.0,False,monthly_and_transactions_not_reconciled
300200331_,шт,Алматы,2026-04-09,20000035745,100.0,346,180,9.0,68.0,72.0,above_Q3_plus_3IQR_and_at_least_8_medians,0.0,review_only,2026-04-01,True,False,861.0,False,monthly_and_transactions_not_reconciled
300200331_,шт,Алматы,2026-04-15,20000037577,100.0,347,180,9.0,68.0,72.0,above_Q3_plus_3IQR_and_at_least_8_medians,0.0,review_only,2026-04-01,True,False,861.0,False,monthly_and_transactions_not_reconciled
300200331_,шт,Алматы,2026-04-20,20000040431,140.0,344,180,9.0,68.0,72.0,above_Q3_plus_3IQR_and_at_least_8_medians,0.0,review_only,2026-04-01,True,False,861.0,False,monthly_and_transactions_not_reconciled
300200331_,шт,Алматы,2026-05-04,20000046240,80.0,341,180,9.0,68.0,72.0,above_Q3_plus_3IQR_and_at_least_8_medians,0.0,review_only,2026-05-01,True,False,619.0,False,monthly_and_transactions_not_reconciled
300200331_,шт,Алматы,2026-06-18,20000064655,80.0,335,180,8.0,71.0,64.0,above_Q3_plus_3IQR_and_at_least_8_medians,0.0,review_only,2026-06-01,True,False,1002.0,False,monthly_and_transactions_not_reconciled
300200331_,шт,Алматы,2026-06-24,20000068747,80.0,326,180,8.0,68.0,64.0,above_Q3_plus_3IQR_and_at_least_8_medians,0.0,review_only,2026-06-01,True,False,1002.0,False,monthly_and_transactions_not_reconciled
300200331_,шт,Алматы,2026-06-30,20000070660,120.0,333,180,9.0,68.0,72.0,above_Q3_plus_3IQR_and_at_least_8_medians,0.0,review_only,2026-06-01,True,False,1002.0,False,monthly_and_transactions_not_reconciled
300200331_,шт,Алматы,2026-07-02,20000071965,200.0,339,180,9.0,68.0,72.0,above_Q3_plus_3IQR_and_at_least_8_medians,0.0,review_only,2026-07-01,True,False,1675.0,False,monthly_and_transactions_not_reconciled
300200331_,шт,Алматы,2026-07-03,20000073273,80.0,341,180,9.0,68.0,72.0,above_Q3_plus_3IQR_and_at_least_8_medians,0.0,review_only,2026-07-01,True,False,1675.0,False,monthly_and_transactions_not_reconciled
300200331_,шт,Алматы,2026-07-14,20000077459,160.0,351,180,8.0,71.0,64.0,above_Q3_plus_3IQR_and_at_least_8_medians,0.0,review_only,2026-07-01,True,False,1675.0,False,monthly_and_transactions_not_reconciled
300200331_,шт,Алматы,2026-07-17,20000079498,180.0,359,180,8.0,71.0,64.0,above_Q3_plus_3IQR_and_at_least_8_medians,0.0,review_only,2026-07-01,True,False,1675.0,False,monthly_and_transactions_not_reconciled
300200331_,шт,Алматы,2026-07-28,20000083523,160.0,355,180,8.0,71.0,64.0,above_Q3_plus_3IQR_and_at_least_8_medians,0.0,review_only,2026-07-01,True,False,1675.0,False,monthly_and_transactions_not_reconciled
300200331_,шт,Алматы,2026-07-31,20000085912,160.0,360,180,8.0,71.0,64.0,above_Q3_plus_3IQR_and_at_least_8_medians,0.0,review_only,2026-07-01,True,False,1675.0,False,monthly_and_transactions_not_reconciled
300200331_,шт,Алматы,2026-08-05,20000086220,80.0,365,180,8.0,71.0,64.0,above_Q3_plus_3IQR_and_at_least_8_medians,0.0,review_only,2026-08-01,True,False,1107.0,False,monthly_and_transactions_not_reconciled
300200331_,шт,Алматы,2026-08-11,20000090788,100.0,375,180,8.0,71.0,64.0,above_Q3_plus_3IQR_and_at_least_8_medians,0.0,review_only,2026-08-01,True,False,1107.0,False,monthly_and_transactions_not_reconciled
300200331_,шт,Алматы,2026-08-25,20000097830,100.0,378,180,8.0,71.0,64.0,above_Q3_plus_3IQR_and_at_least_8_medians,0.0,review_only,2026-08-01,True,False,1107.0,False,monthly_and_transactions_not_reconciled
300200331_,шт,Алматы,2026-09-21,20000110903,100.0,395,180,8.0,71.0,64.0,above_Q3_plus_3IQR_and_at_least_8_medians,0.0,review_only,2026-09-01,,,,False,monthly_and_transactions_not_reconciled
300200332_,шт,Алматы,2025-06-12,20000060529,480.0,126,180,40.0,180.0,320.0,above_Q3_plus_3IQR_and_at_least_8_medians,0.0,review_only,2025-06-01,True,False,1298.0,False,monthly_and_transactions_not_reconciled
300200332_,шт,Алматы,2025-08-07,20000084231,320.0,150,180,40.0,180.0,320.0,above_Q3_plus_3IQR_and_at_least_8_medians,0.0,review_only,2025-08-01,True,False,869.0,False,monthly_and_transactions_not_reconciled
300200332_,шт,Алматы,2026-09-02,20000101838,300.0,110,180,27.0,140.0,216.0,above_Q3_plus_3IQR_and_at_least_8_medians,0.0,review_only,2026-09-01,,,,False,monthly_and_transactions_not_reconciled
300200332_,шт,Алматы,2026-09-21,20000110903,160.0,122,180,20.0,142.25,160.0,above_Q3_plus_3IQR_and_at_least_8_medians,0.0,review_only,2026-09-01,,,,False,monthly_and_transactions_not_reconciled
300200333_,шт,Алматы,2025-01-10,20000001521,60.0,10,180,5.0,36.25,40.0,above_Q3_plus_3IQR_and_at_least_8_medians,0.0,review_only,2025-01-01,True,False,922.0,False,monthly_and_transactions_not_reconciled
300200333_,шт,Алматы,2025-01-10,20000002191,45.0,10,180,5.0,36.25,40.0,above_Q3_plus_3IQR_and_at_least_8_medians,0.0,review_only,2025-01-01,True,False,922.0,False,monthly_and_transactions_not_reconciled
300200333_,шт,Алматы,2025-01-10,30000000056,40.0,10,180,5.0,36.25,40.0,above_Q3_plus_3IQR_and_at_least_8_medians,0.0,review_only,2025-01-01,True,False,922.0,False,monthly_and_transactions_not_reconciled
300200333_,шт,Алматы,2025-01-14,20000003138,100.0,17,180,7.0,71.0,56.0,above_Q3_plus_3IQR_and_at_least_8_medians,0.0,review_only,2025-01-01,True,False,922.0,False,monthly_and_transactions_not_reconciled
300200333_,шт,Алматы,2025-02-11,20000013584,60.0,74,180,5.0,54.0,40.0,above_Q3_plus_3IQR_and_at_least_8_medians,0.0,review_only,2025-02-01,True,False,948.0,False,monthly_and_transactions_not_reconciled
300200333_,шт,Алматы,2025-02-12,20000014333,120.0,78,180,5.0,70.0,40.0,above_Q3_plus_3IQR_and_at_least_8_medians,0.0,review_only,2025-02-01,True,False,948.0,False,monthly_and_transactions_not_reconciled
300200333_,шт,Алматы,2025-02-21,20000017829,147.0,95,180,6.0,74.0,48.0,above_Q3_plus_3IQR_and_at_least_8_medians,0.0,review_only,2025-02-01,True,False,948.0,False,monthly_and_transactions_not_reconciled
300200333_,шт,Алматы,2025-03-13,20000024310,100.0,135,180,5.0,74.0,40.0,above_Q3_plus_3IQR_and_at_least_8_medians,0.0,review_only,2025-03-01,True,False,610.0,False,monthly_and_transactions_not_reconciled
300200333_,шт,Алматы,2025-04-25,20000041171,120.0,216,180,6.0,74.0,48.0,above_Q3_plus_3IQR_and_at_least_8_medians,0.0,review_only,2025-04-01,True,False,890.0,False,monthly_and_transactions_not_reconciled
300200333_,шт,Алматы,2025-04-25,20000041189,80.0,216,180,6.0,74.0,48.0,above_Q3_plus_3IQR_and_at_least_8_medians,0.0,review_only,2025-04-01,True,False,890.0,False,monthly_and_transactions_not_reconciled
300200333_,шт,Алматы,2025-05-05,30000031838,80.0,227,180,6.0,74.0,48.0,above_Q3_plus_3IQR_and_at_least_8_medians,0.0,review_only,2025-05-01,True,False,1030.0,False,monthly_and_transactions_not_reconciled
300200333_,шт,Алматы,2025-05-15,20000048330,120.0,247,180,6.0,74.0,48.0,above_Q3_plus_3IQR_and_at_least_8_medians,0.0,review_only,2025-05-01,True,False,1030.0,False,monthly_and_transactions_not_reconciled
300200333_,шт,Алматы,2025-05-19,20000049444,80.0,256,180,6.0,74.0,48.0,above_Q3_plus_3IQR_and_at_least_8_medians,0.0,review_only,2025-05-01,True,False,1030.0,False,monthly_and_transactions_not_reconciled
300200333_,шт,Алматы,2025-07-10,20000072003,120.0,342,180,6.0,74.0,48.0,above_Q3_plus_3IQR_and_at_least_8_medians,0.0,review_only,2025-07-01,True,False,550.0,False,monthly_and_transactions_not_reconciled
300200333_,шт,Алматы,2025-08-06,20000083655,160.0,325,180,6.0,71.0,48.0,above_Q3_plus_3IQR_and_at_least_8_medians,0.0,review_only,2025-08-01,True,False,923.0,False,monthly_and_transactions_not_reconciled
300200333_,шт,Алматы,2025-09-02,20000094923,80.0,328,180,6.0,71.0,48.0,above_Q3_plus_3IQR_and_at_least_8_medians,0.0,review_only,2025-09-01,True,False,830.0,False,monthly_and_transactions_not_reconciled
300200333_,шт,Алматы,2025-09-19,20000102969,120.0,335,180,7.0,71.0,56.0,above_Q3_plus_3IQR_and_at_least_8_medians,0.0,review_only,2025-09-01,True,False,830.0,False,monthly_and_transactions_not_reconciled
300200333_,шт,Алматы,2025-09-23,20000104124,80.0,335,180,7.0,71.0,56.0,above_Q3_plus_3IQR_and_at_least_8_medians,0.0,review_only,2025-09-01,True,False,830.0,False,monthly_and_transactions_not_reconciled
300200333_,шт,Алматы,2025-11-28,20000134832,100.0,326,180,6.0,74.0,48.0,above_Q3_plus_3IQR_and_at_least_8_medians,0.0,review_only,2025-11-01,True,False,559.0,False,monthly_and_transactions_not_reconciled
300200333_,шт,Алматы,2025-12-19,20000143859,80.0,326,180,6.0,74.0,48.0,above_Q3_plus_3IQR_and_at_least_8_medians,0.0,review_only,2025-12-01,True,False,802.0,False,monthly_and_transactions_not_reconciled
300200333_,шт,Алматы,2025-12-23,20000146079,188.0,323,180,6.0,74.0,48.0,above_Q3_plus_3IQR_and_at_least_8_medians,0.0,review_only,2025-12-01,True,False,802.0,False,monthly_and_transactions_not_reconciled
300200333_,шт,Алматы,2026-07-03,20000073273,140.0,255,180,6.0,72.5,48.0,above_Q3_plus_3IQR_and_at_least_8_medians,0.0,review_only,2026-07-01,True,False,624.0,False,monthly_and_transactions_not_reconciled
300200333_,шт,Алматы,2026-07-31,20000085912,160.0,261,180,5.0,74.0,40.0,above_Q3_plus_3IQR_and_at_least_8_medians,0.0,review_only,2026-07-01,True,False,624.0,False,monthly_and_transactions_not_reconciled
300200343_,шт,Алматы,2025-02-03,20000010670,400.0,59,180,30.0,196.0,240.0,above_Q3_plus_3IQR_and_at_least_8_medians,0.0,review_only,2025-02-01,True,False,2518.0,False,monthly_and_transactions_not_reconciled
300200343_,шт,Алматы,2025-03-04,20000021546,600.0,120,180,30.0,164.0,240.0,above_Q3_plus_3IQR_and_at_least_8_medians,0.0,review_only,2025-03-01,True,False,2730.0,False,monthly_and_transactions_not_reconciled
300200343_,шт,Алматы,2025-03-18,20000026361,360.0,144,180,30.0,186.75,240.0,above_Q3_plus_3IQR_and_at_least_8_medians,0.0,review_only,2025-03-01,True,False,2730.0,False,monthly_and_transactions_not_reconciled
300200343_,шт,Алматы,2025-06-10,20000059143,480.0,281,180,30.0,210.0,240.0,above_Q3_plus_3IQR_and_at_least_8_medians,0.0,review_only,2025-06-01,True,False,1938.0,False,monthly_and_transactions_not_reconciled
300200343_,шт,Алматы,2025-06-12,20000060306,300.0,288,180,30.0,210.0,240.0,above_Q3_plus_3IQR_and_at_least_8_medians,0.0,review_only,2025-06-01,True,False,1938.0,False,monthly_and_transactions_not_reconciled
300200343_,шт,Алматы,2025-08-04,20000082844,291.0,307,180,30.0,170.0,240.0,above_Q3_plus_3IQR_and_at_least_8_medians,0.0,review_only,2025-08-01,True,False,2595.0,False,monthly_and_transactions_not_reconciled
300200343_,шт,Алматы,2025-09-24,20000104993,316.0,331,180,30.0,173.0,240.0,above_Q3_plus_3IQR_and_at_least_8_medians,0.0,review_only,2025-09-01,True,False,2620.0,False,monthly_and_transactions_not_reconciled
300200343_,шт,Алматы,2025-12-18,20000143204,370.0,345,180,27.0,157.0,216.0,above_Q3_plus_3IQR_and_at_least_8_medians,0.0,review_only,2025-12-01,True,False,2172.0,False,monthly_and_transactions_not_reconciled
300200343_,шт,Алматы,2026-02-25,20000020178,310.0,324,180,24.0,140.0,192.0,above_Q3_plus_3IQR_and_at_least_8_medians,0.0,review_only,2026-02-01,True,False,1621.0,False,monthly_and_transactions_not_reconciled
300200343_,шт,Алматы,2026-02-26,20000021023,400.0,323,180,24.0,140.0,192.0,above_Q3_plus_3IQR_and_at_least_8_medians,0.0,review_only,2026-02-01,True,False,1621.0,False,monthly_and_transactions_not_reconciled
300200343_,шт,Алматы,2026-05-16,20000051071,221.0,302,180,20.0,138.25,160.0,above_Q3_plus_3IQR_and_at_least_8_medians,0.0,review_only,2026-05-01,True,False,1709.0,False,monthly_and_transactions_not_reconciled
300200343_,шт,Алматы,2026-05-23,20000054132,198.0,298,180,20.0,136.0,160.0,above_Q3_plus_3IQR_and_at_least_8_medians,0.0,review_only,2026-05-01,True,False,1709.0,False,monthly_and_transactions_not_reconciled
300200343_,шт,Алматы,2026-06-02,20000058315,240.0,285,180,20.0,136.0,160.0,above_Q3_plus_3IQR_and_at_least_8_medians,0.0,review_only,2026-06-01,True,False,1270.0,False,monthly_and_transactions_not_reconciled
300200343_,шт,Алматы,2026-07-14,20000077409,280.0,263,180,20.0,145.0,160.0,above_Q3_plus_3IQR_and_at_least_8_medians,0.0,review_only,2026-07-01,True,False,1396.0,False,monthly_and_transactions_not_reconciled
300200343_,шт,Алматы,2026-07-17,20000079465,200.0,262,180,20.0,148.0,160.0,above_Q3_plus_3IQR_and_at_least_8_medians,0.0,review_only,2026-07-01,True,False,1396.0,False,monthly_and_transactions_not_reconciled
300200343_,шт,Алматы,2026-09-02,20000101838,200.0,265,180,20.0,160.0,160.0,above_Q3_plus_3IQR_and_at_least_8_medians,0.0,review_only,2026-09-01,,,,False,monthly_and_transactions_not_reconciled
300200343_,шт,Алматы,2026-09-10,20000106021,215.0,264,180,20.0,160.75,160.0,above_Q3_plus_3IQR_and_at_least_8_medians,0.0,review_only,2026-09-01,,,,False,monthly_and_transactions_not_reconciled
300200365_,шт,Алматы,2026-03-03,20000022809,290.0,29,180,27.0,150.0,216.0,above_Q3_plus_3IQR_and_at_least_8_medians,0.0,review_only,2026-03-01,True,False,194.0,False,monthly_and_transactions_not_reconciled
300200367_,шт,Алматы,2025-06-02,20000055785,20.0,12,180,2.0,9.0,16.0,above_Q3_plus_3IQR_and_at_least_8_medians,0.0,review_only,2025-06-01,True,False,43.0,False,monthly_and_transactions_not_reconciled
300200375_,шт,Алматы,2025-03-12,20000024402,40.0,8,180,4.0,39.0,32.0,above_Q3_plus_3IQR_and_at_least_8_medians,0.0,review_only,2025-03-01,True,False,108.0,False,monthly_and_transactions_not_reconciled
300200375_,шт,Алматы,2025-09-23,20000104792,29.0,32,180,2.0,17.0,16.0,above_Q3_plus_3IQR_and_at_least_8_medians,0.0,review_only,2025-09-01,True,False,39.0,False,monthly_and_transactions_not_reconciled
300200376_,шт,Алматы,2025-02-12,20000014127,100.0,10,180,8.5,27.25,68.0,above_Q3_plus_3IQR_and_at_least_8_medians,0.0,review_only,2025-02-01,True,True,317.0,True,quantity_matches_but_scope_customer_and_exception_not_confirmed
300200376_,шт,Алматы,2025-04-11,20000035323,140.0,32,180,14.0,62.75,112.0,above_Q3_plus_3IQR_and_at_least_8_medians,0.0,review_only,2025-04-01,True,False,96.0,False,monthly_and_transactions_not_reconciled
300200376_,шт,Алматы,2025-05-15,20000048330,120.0,40,180,14.0,62.75,112.0,above_Q3_plus_3IQR_and_at_least_8_medians,0.0,review_only,2025-05-01,True,False,153.0,False,monthly_and_transactions_not_reconciled
300200376_,шт,Алматы,2026-03-03,20000022809,100.0,30,180,10.0,71.25,80.0,above_Q3_plus_3IQR_and_at_least_8_medians,0.0,review_only,2026-03-01,True,False,102.0,False,monthly_and_transactions_not_reconciled
300200376_,шт,Алматы,2026-09-07,20000103700,120.0,48,180,14.0,60.75,112.0,above_Q3_plus_3IQR_and_at_least_8_medians,0.0,review_only,2026-09-01,,,,False,monthly_and_transactions_not_reconciled
300200377_,шт,Алматы,2025-02-06,20000012281,30.0,9,180,3.0,17.0,24.0,above_Q3_plus_3IQR_and_at_least_8_medians,0.0,review_only,2025-02-01,True,False,124.0,False,monthly_and_transactions_not_reconciled
300200378_,шт,Алматы,2026-07-17,20000079498,40.0,33,180,3.0,14.0,24.0,above_Q3_plus_3IQR_and_at_least_8_medians,0.0,review_only,2026-07-01,True,False,10.0,False,monthly_and_transactions_not_reconciled
300200379_,шт,Алматы,2025-05-17,20000049218,16.0,16,180,2.0,14.0,16.0,above_Q3_plus_3IQR_and_at_least_8_medians,0.0,review_only,2025-05-01,True,False,30.0,False,monthly_and_transactions_not_reconciled
300200413_,шт,Алматы,2025-04-04,20000032147,16.0,13,180,1.0,9.0,8.0,above_Q3_plus_3IQR_and_at_least_8_medians,0.0,review_only,2025-04-01,True,False,31.0,False,monthly_and_transactions_not_reconciled
300200413_,шт,Алматы,2025-05-06,20000044832,60.0,17,180,1.0,9.0,8.0,above_Q3_plus_3IQR_and_at_least_8_medians,0.0,review_only,2025-05-01,True,False,11.0,False,monthly_and_transactions_not_reconciled
300200413_,шт,Алматы,2025-09-26,20000106619,18.0,21,180,2.0,17.0,16.0,above_Q3_plus_3IQR_and_at_least_8_medians,0.0,review_only,2025-09-01,True,False,6.0,False,monthly_and_transactions_not_reconciled
300200413_,шт,Алматы,2026-01-29,20000009880,18.0,29,180,1.0,13.0,8.0,above_Q3_plus_3IQR_and_at_least_8_medians,0.0,review_only,2026-01-01,True,False,9.0,False,monthly_and_transactions_not_reconciled
300200413_,шт,Алматы,2026-03-03,20000022782,60.0,30,180,1.0,9.0,8.0,above_Q3_plus_3IQR_and_at_least_8_medians,0.0,review_only,2026-03-01,True,False,15.0,False,monthly_and_transactions_not_reconciled
300200413_,шт,Алматы,2026-03-03,20000022785,10.0,30,180,1.0,9.0,8.0,above_Q3_plus_3IQR_and_at_least_8_medians,0.0,review_only,2026-03-01,True,False,15.0,False,monthly_and_transactions_not_reconciled
300200413_,шт,Алматы,2026-04-22,20000041355,30.0,33,180,1.0,9.0,8.0,above_Q3_plus_3IQR_and_at_least_8_medians,0.0,review_only,2026-04-01,True,False,11.0,False,monthly_and_transactions_not_reconciled
300200413_,шт,Алматы,2026-05-20,20000052547,42.0,31,180,1.0,9.0,8.0,above_Q3_plus_3IQR_and_at_least_8_medians,0.0,review_only,2026-05-01,True,False,13.0,False,monthly_and_transactions_not_reconciled
300200413_,шт,Алматы,2026-06-24,20000068732,24.0,32,180,1.5,9.0,12.0,above_Q3_plus_3IQR_and_at_least_8_medians,0.0,review_only,2026-06-01,True,False,9.0,False,monthly_and_transactions_not_reconciled
300200413_,шт,Алматы,2026-08-04,20000087330,25.0,35,180,2.0,9.0,16.0,above_Q3_plus_3IQR_and_at_least_8_medians,0.0,review_only,2026-08-01,True,False,29.0,False,monthly_and_transactions_not_reconciled
300200413_,шт,Алматы,2026-09-07,20000103687,60.0,32,180,1.0,9.0,8.0,above_Q3_plus_3IQR_and_at_least_8_medians,0.0,review_only,2026-09-01,,,,False,monthly_and_transactions_not_reconciled
300200428_,шт,Алматы,2025-12-01,20000135901,300.0,76,180,24.5,154.75,196.0,above_Q3_plus_3IQR_and_at_least_8_medians,0.0,review_only,2025-12-01,True,False,724.0,False,monthly_and_transactions_not_reconciled
300200430_,шт,Алматы,2025-03-31,20000029620,80.0,8,180,5.0,32.5,40.0,above_Q3_plus_3IQR_and_at_least_8_medians,0.0,review_only,2025-03-01,True,False,3.0,False,monthly_and_transactions_not_reconciled
300200430_,шт,Алматы,2025-12-01,20000135901,100.0,26,180,3.0,18.0,24.0,above_Q3_plus_3IQR_and_at_least_8_medians,0.0,review_only,2025-12-01,True,False,132.0,False,monthly_and_transactions_not_reconciled
300200433_,шт,Алматы,2026-04-15,20000037722,25.0,8,180,2.0,10.75,16.0,above_Q3_plus_3IQR_and_at_least_8_medians,0.0,review_only,2026-04-01,True,True,26.0,True,quantity_matches_but_scope_customer_and_exception_not_confirmed
300200435_,шт,Алматы,2025-05-14,20000047016,200.0,47,180,15.0,89.5,120.0,above_Q3_plus_3IQR_and_at_least_8_medians,0.0,review_only,2025-05-01,True,False,538.0,False,monthly_and_transactions_not_reconciled
300200435_,шт,Алматы,2025-12-29,20000148265,130.0,69,180,13.0,65.0,104.0,above_Q3_plus_3IQR_and_at_least_8_medians,0.0,review_only,2025-12-01,True,False,316.0,False,monthly_and_transactions_not_reconciled
300200435_,шт,Алматы,2026-01-05,20000000265,130.0,70,180,13.5,68.0,108.0,above_Q3_plus_3IQR_and_at_least_8_medians,0.0,review_only,2026-01-01,True,False,275.0,False,monthly_and_transactions_not_reconciled
300200436_,шт,Алматы,2025-05-14,20000047016,100.0,20,180,12.0,44.0,96.0,above_Q3_plus_3IQR_and_at_least_8_medians,0.0,review_only,2025-05-01,True,False,201.0,False,monthly_and_transactions_not_reconciled
300200437_,шт,Алматы,2025-05-14,20000047016,80.0,33,180,10.0,48.0,80.0,above_Q3_plus_3IQR_and_at_least_8_medians,0.0,review_only,2025-05-01,True,False,259.0,False,monthly_and_transactions_not_reconciled
300200437_,шт,Алматы,2025-05-29,20000054592,80.0,36,180,10.0,62.0,80.0,above_Q3_plus_3IQR_and_at_least_8_medians,0.0,review_only,2025-05-01,True,False,259.0,False,monthly_and_transactions_not_reconciled
300200437_,шт,Алматы,2025-09-24,20000104888,82.0,46,180,6.5,74.0,52.0,above_Q3_plus_3IQR_and_at_least_8_medians,0.0,review_only,2025-09-01,True,False,186.0,False,monthly_and_transactions_not_reconciled
300200438_,шт,Алматы,2025-12-01,20000135901,100.0,43,180,4.0,34.0,32.0,above_Q3_plus_3IQR_and_at_least_8_medians,0.0,review_only,2025-12-01,True,False,123.0,False,monthly_and_transactions_not_reconciled
300200440_,шт,Алматы,2025-06-27,20000067065,60.0,21,180,4.0,17.0,32.0,above_Q3_plus_3IQR_and_at_least_8_medians,0.0,review_only,2025-06-01,True,False,61.0,False,monthly_and_transactions_not_reconciled
300200440_,шт,Алматы,2026-06-12,20000063037,12.0,13,180,1.0,9.0,8.0,above_Q3_plus_3IQR_and_at_least_8_medians,0.0,review_only,2026-06-01,True,True,27.0,True,quantity_matches_but_scope_customer_and_exception_not_confirmed
300200440_,шт,Алматы,2026-06-29,20000070446,9.0,14,180,1.0,8.0,8.0,above_Q3_plus_3IQR_and_at_least_8_medians,0.0,review_only,2026-06-01,True,True,27.0,True,quantity_matches_but_scope_customer_and_exception_not_confirmed
300200440_,шт,Алматы,2026-07-28,20000083490,10.0,15,180,1.0,9.0,8.0,above_Q3_plus_3IQR_and_at_least_8_medians,0.0,review_only,2026-07-01,True,True,11.0,True,quantity_matches_but_scope_customer_and_exception_not_confirmed
300200459_,шт,Алматы,2025-02-03,20000010670,50.0,10,180,3.5,29.0,28.0,above_Q3_plus_3IQR_and_at_least_8_medians,0.0,review_only,2025-02-01,True,False,168.0,False,monthly_and_transactions_not_reconciled
300200459_,шт,Алматы,2025-03-04,20000021546,60.0,19,180,5.0,53.0,40.0,above_Q3_plus_3IQR_and_at_least_8_medians,0.0,review_only,2025-03-01,True,False,81.0,False,monthly_and_transactions_not_reconciled
300200459_,шт,Алматы,2025-03-31,20000029620,200.0,25,180,5.0,55.0,40.0,above_Q3_plus_3IQR_and_at_least_8_medians,0.0,review_only,2025-03-01,True,False,81.0,False,monthly_and_transactions_not_reconciled
300200459_,шт,Алматы,2025-04-01,20000030918,120.0,27,180,10.0,83.0,80.0,above_Q3_plus_3IQR_and_at_least_8_medians,0.0,review_only,2025-04-01,True,False,74.0,False,monthly_and_transactions_not_reconciled
300200459_,шт,Алматы,2026-03-27,20000030355,30.0,63,180,2.0,29.0,16.0,above_Q3_plus_3IQR_and_at_least_8_medians,0.0,review_only,2026-03-01,True,False,51.0,False,monthly_and_transactions_not_reconciled
300200459_,шт,Алматы,2026-05-13,20000049594,35.0,65,180,2.0,33.0,16.0,above_Q3_plus_3IQR_and_at_least_8_medians,0.0,review_only,2026-05-01,True,False,78.0,False,monthly_and_transactions_not_reconciled
300200459_,шт,Алматы,2026-05-29,20000056404,45.0,66,180,2.0,33.0,16.0,above_Q3_plus_3IQR_and_at_least_8_medians,0.0,review_only,2026-05-01,True,False,78.0,False,monthly_and_transactions_not_reconciled
300200459_,шт,Алматы,2026-08-14,20000092780,75.0,63,180,2.0,29.0,16.0,above_Q3_plus_3IQR_and_at_least_8_medians,0.0,review_only,2026-08-01,True,False,30.0,False,monthly_and_transactions_not_reconciled
300200459_,шт,Алматы,2026-08-21,20000096099,40.0,66,180,3.0,29.0,24.0,above_Q3_plus_3IQR_and_at_least_8_medians,0.0,review_only,2026-08-01,True,False,30.0,False,monthly_and_transactions_not_reconciled
300200460_,шт,Алматы,2025-06-19,20000062997,50.0,44,180,5.5,39.0,44.0,above_Q3_plus_3IQR_and_at_least_8_medians,0.0,review_only,2025-06-01,True,False,73.0,False,monthly_and_transactions_not_reconciled
300200460_,шт,Алматы,2025-06-20,20000064187,50.0,45,180,6.0,42.0,48.0,above_Q3_plus_3IQR_and_at_least_8_medians,0.0,review_only,2025-06-01,True,False,73.0,False,monthly_and_transactions_not_reconciled
300200460_,шт,Алматы,2025-07-23,20000077951,55.0,55,180,5.0,34.0,40.0,above_Q3_plus_3IQR_and_at_least_8_medians,0.0,review_only,2025-07-01,True,False,69.0,False,monthly_and_transactions_not_reconciled
300200460_,шт,Алматы,2025-08-07,20000084221,40.0,53,180,5.0,34.0,40.0,above_Q3_plus_3IQR_and_at_least_8_medians,0.0,review_only,2025-08-01,True,False,38.0,False,monthly_and_transactions_not_reconciled
300200460_,шт,Алматы,2025-09-25,20000105929,40.0,60,180,5.0,34.0,40.0,above_Q3_plus_3IQR_and_at_least_8_medians,0.0,review_only,2025-09-01,True,False,161.0,False,monthly_and_transactions_not_reconciled
300200460_,шт,Алматы,2026-08-10,20000090151,20.0,60,180,2.0,18.0,16.0,above_Q3_plus_3IQR_and_at_least_8_medians,0.0,review_only,2026-08-01,True,False,29.0,False,monthly_and_transactions_not_reconciled
300200460_,шт,Алматы,2026-09-02,20000101838,30.0,57,180,2.0,17.0,16.0,above_Q3_plus_3IQR_and_at_least_8_medians,0.0,review_only,2026-09-01,,,,False,monthly_and_transactions_not_reconciled
300200461_,шт,Алматы,2025-09-02,20000095454,10.0,65,180,1.0,9.0,8.0,above_Q3_plus_3IQR_and_at_least_8_medians,0.0,review_only,2025-09-01,True,False,16.0,False,monthly_and_transactions_not_reconciled
300200461_,шт,Алматы,2025-11-05,20000123943,10.0,63,180,1.0,9.0,8.0,above_Q3_plus_3IQR_and_at_least_8_medians,0.0,review_only,2025-11-01,True,False,29.0,False,monthly_and_transactions_not_reconciled
300200461_,шт,Алматы,2026-01-21,20000005732,10.0,63,180,1.0,7.0,8.0,above_Q3_plus_3IQR_and_at_least_8_medians,0.0,review_only,2026-01-01,True,False,23.0,False,monthly_and_transactions_not_reconciled
300200462_,шт,Алматы,2025-03-12,20000023759,40.0,38,180,4.0,34.0,32.0,above_Q3_plus_3IQR_and_at_least_8_medians,0.0,review_only,2025-03-01,True,False,135.0,False,monthly_and_transactions_not_reconciled
300200462_,шт,Алматы,2025-03-26,30000000709,60.0,44,180,4.0,34.0,32.0,above_Q3_plus_3IQR_and_at_least_8_medians,0.0,review_only,2025-03-01,True,False,135.0,False,monthly_and_transactions_not_reconciled
300200462_,шт,Алматы,2025-09-25,20000105587,35.0,101,180,4.0,30.0,32.0,above_Q3_plus_3IQR_and_at_least_8_medians,0.0,review_only,2025-09-01,True,False,132.0,False,monthly_and_transactions_not_reconciled
300200463_,шт,Алматы,2025-01-14,20000002855,240.0,10,180,24.5,118.5,196.0,above_Q3_plus_3IQR_and_at_least_8_medians,0.0,review_only,2025-01-01,True,False,1524.0,False,monthly_and_transactions_not_reconciled
300200463_,шт,Алматы,2025-02-03,20000010670,280.0,45,180,11.0,103.0,88.0,above_Q3_plus_3IQR_and_at_least_8_medians,0.0,review_only,2025-02-01,True,False,1177.0,False,monthly_and_transactions_not_reconciled
300200463_,шт,Алматы,2025-02-07,20000012783,150.0,58,180,10.0,99.25,80.0,above_Q3_plus_3IQR_and_at_least_8_medians,0.0,review_only,2025-02-01,True,False,1177.0,False,monthly_and_transactions_not_reconciled
300200463_,шт,Алматы,2025-03-04,20000021546,220.0,110,180,11.5,94.0,92.0,above_Q3_plus_3IQR_and_at_least_8_medians,0.0,review_only,2025-03-01,True,False,1311.0,False,monthly_and_transactions_not_reconciled
300200463_,шт,Алматы,2025-03-18,20000025961,120.0,135,180,12.0,91.0,96.0,above_Q3_plus_3IQR_and_at_least_8_medians,0.0,review_only,2025-03-01,True,False,1311.0,False,monthly_and_transactions_not_reconciled
300200463_,шт,Алматы,2025-03-31,20000030097,155.0,149,180,13.0,101.0,104.0,above_Q3_plus_3IQR_and_at_least_8_medians,0.0,review_only,2025-03-01,True,False,1311.0,False,monthly_and_transactions_not_reconciled
300200463_,шт,Алматы,2025-04-25,20000040567,200.0,188,180,13.0,102.75,104.0,above_Q3_plus_3IQR_and_at_least_8_medians,0.0,review_only,2025-04-01,True,False,1172.0,False,monthly_and_transactions_not_reconciled
300200463_,шт,Алматы,2025-04-25,20000041189,180.0,188,180,13.0,102.75,104.0,above_Q3_plus_3IQR_and_at_least_8_medians,0.0,review_only,2025-04-01,True,False,1172.0,False,monthly_and_transactions_not_reconciled
300200463_,шт,Алматы,2025-05-06,20000044041,120.0,202,180,13.0,104.25,104.0,above_Q3_plus_3IQR_and_at_least_8_medians,0.0,review_only,2025-05-01,True,False,1177.0,False,monthly_and_transactions_not_reconciled
300200463_,шт,Алматы,2025-05-24,20000052378,120.0,225,180,13.0,102.0,104.0,above_Q3_plus_3IQR_and_at_least_8_medians,0.0,review_only,2025-05-01,True,False,1177.0,False,monthly_and_transactions_not_reconciled
300200463_,шт,Алматы,2025-05-26,20000052789,150.0,228,180,13.0,105.0,104.0,above_Q3_plus_3IQR_and_at_least_8_medians,0.0,review_only,2025-05-01,True,False,1177.0,False,monthly_and_transactions_not_reconciled
300200463_,шт,Алматы,2025-06-09,20000058523,300.0,250,180,14.5,101.25,116.0,above_Q3_plus_3IQR_and_at_least_8_medians,0.0,review_only,2025-06-01,True,False,1237.0,False,monthly_and_transactions_not_reconciled
300200463_,шт,Алматы,2025-06-25,20000066254,120.0,284,180,14.0,105.0,112.0,above_Q3_plus_3IQR_and_at_least_8_medians,0.0,review_only,2025-06-01,True,False,1237.0,False,monthly_and_transactions_not_reconciled
300200463_,шт,Алматы,2025-07-10,20000072003,120.0,301,180,13.0,101.0,104.0,above_Q3_plus_3IQR_and_at_least_8_medians,0.0,review_only,2025-07-01,True,False,1052.0,False,monthly_and_transactions_not_reconciled
300200463_,шт,Алматы,2025-10-31,20000122065,108.0,290,180,12.0,81.0,96.0,above_Q3_plus_3IQR_and_at_least_8_medians,0.0,review_only,2025-10-01,True,False,568.0,False,monthly_and_transactions_not_reconciled
300200463_,шт,Алматы,2025-11-19,20000129562,100.0,295,180,12.0,78.5,96.0,above_Q3_plus_3IQR_and_at_least_8_medians,0.0,review_only,2025-11-01,True,False,1074.0,False,monthly_and_transactions_not_reconciled
300200463_,шт,Алматы,2025-11-26,20000133003,100.0,295,180,12.0,81.0,96.0,above_Q3_plus_3IQR_and_at_least_8_medians,0.0,review_only,2025-11-01,True,False,1074.0,False,monthly_and_transactions_not_reconciled
300200463_,шт,Алматы,2025-12-18,20000143204,346.0,299,180,12.0,75.0,96.0,above_Q3_plus_3IQR_and_at_least_8_medians,0.0,review_only,2025-12-01,True,False,1429.0,False,monthly_and_transactions_not_reconciled
300200463_,шт,Алматы,2025-12-19,20000143859,100.0,299,180,12.0,80.5,96.0,above_Q3_plus_3IQR_and_at_least_8_medians,0.0,review_only,2025-12-01,True,False,1429.0,False,monthly_and_transactions_not_reconciled
300200463_,шт,Алматы,2026-02-25,20000019759,100.0,275,180,11.0,66.5,88.0,above_Q3_plus_3IQR_and_at_least_8_medians,0.0,review_only,2026-02-01,True,False,747.0,False,monthly_and_transactions_not_reconciled
300200463_,шт,Алматы,2026-04-13,20000037441,120.0,264,180,12.0,68.0,96.0,above_Q3_plus_3IQR_and_at_least_8_medians,0.0,review_only,2026-04-01,True,False,502.0,False,monthly_and_transactions_not_reconciled
300200463_,шт,Алматы,2026-05-23,20000054250,176.0,268,180,11.0,68.0,88.0,above_Q3_plus_3IQR_and_at_least_8_medians,0.0,review_only,2026-05-01,True,False,651.0,False,monthly_and_transactions_not_reconciled
300200463_,шт,Алматы,2026-05-28,20000055124,90.0,255,180,11.0,68.0,88.0,above_Q3_plus_3IQR_and_at_least_8_medians,0.0,review_only,2026-05-01,True,False,651.0,False,monthly_and_transactions_not_reconciled
300200463_,шт,Алматы,2026-06-03,20000058167,150.0,256,180,11.0,68.0,88.0,above_Q3_plus_3IQR_and_at_least_8_medians,0.0,review_only,2026-06-01,True,False,546.0,False,monthly_and_transactions_not_reconciled
300200463_,шт,Алматы,2026-07-22,20000080644,100.0,237,180,10.0,68.0,80.0,above_Q3_plus_3IQR_and_at_least_8_medians,0.0,review_only,2026-07-01,True,False,866.0,False,monthly_and_transactions_not_reconciled
300200463_,шт,Алматы,2026-07-28,20000083590,80.0,237,180,10.0,71.0,80.0,above_Q3_plus_3IQR_and_at_least_8_medians,0.0,review_only,2026-07-01,True,False,866.0,False,monthly_and_transactions_not_reconciled
300200463_,шт,Алматы,2026-07-29,20000084835,90.0,239,180,10.0,69.5,80.0,above_Q3_plus_3IQR_and_at_least_8_medians,0.0,review_only,2026-07-01,True,False,866.0,False,monthly_and_transactions_not_reconciled
300200463_,шт,Алматы,2026-09-03,20000101632,100.0,232,180,10.5,68.0,84.0,above_Q3_plus_3IQR_and_at_least_8_medians,0.0,review_only,2026-09-01,,,,False,monthly_and_transactions_not_reconciled
300200463_,шт,Алматы,2026-09-10,20000106021,220.0,232,180,10.5,71.0,84.0,above_Q3_plus_3IQR_and_at_least_8_medians,0.0,review_only,2026-09-01,,,,False,monthly_and_transactions_not_reconciled
300200463_,шт,Алматы,2026-09-21,20000110903,80.0,226,180,10.0,70.25,80.0,above_Q3_plus_3IQR_and_at_least_8_medians,0.0,review_only,2026-09-01,,,,False,monthly_and_transactions_not_reconciled
300200464_,шт,Алматы,2025-03-04,20000021546,180.0,96,180,9.0,68.0,72.0,above_Q3_plus_3IQR_and_at_least_8_medians,0.0,review_only,2025-03-01,True,False,567.0,False,monthly_and_transactions_not_reconciled
300200464_,шт,Алматы,2025-03-12,20000024399,120.0,112,180,9.5,68.0,76.0,above_Q3_plus_3IQR_and_at_least_8_medians,0.0,review_only,2025-03-01,True,False,567.0,False,monthly_and_transactions_not_reconciled
300200464_,шт,Алматы,2025-03-18,20000026361,140.0,121,180,10.0,68.0,80.0,above_Q3_plus_3IQR_and_at_least_8_medians,0.0,review_only,2025-03-01,True,False,567.0,False,monthly_and_transactions_not_reconciled
300200464_,шт,Алматы,2025-03-26,30000000709,100.0,131,180,10.0,68.0,80.0,above_Q3_plus_3IQR_and_at_least_8_medians,0.0,review_only,2025-03-01,True,False,567.0,False,monthly_and_transactions_not_reconciled
300200464_,шт,Алматы,2025-04-25,20000040567,80.0,167,180,10.0,68.0,80.0,above_Q3_plus_3IQR_and_at_least_8_medians,0.0,review_only,2025-04-01,True,False,526.0,False,monthly_and_transactions_not_reconciled
300200464_,шт,Алматы,2025-05-15,20000048330,100.0,196,180,10.0,68.0,80.0,above_Q3_plus_3IQR_and_at_least_8_medians,0.0,review_only,2025-05-01,True,False,768.0,False,monthly_and_transactions_not_reconciled
300200464_,шт,Алматы,2025-05-22,20000051184,100.0,208,180,10.0,68.0,80.0,above_Q3_plus_3IQR_and_at_least_8_medians,0.0,review_only,2025-05-01,True,False,768.0,False,monthly_and_transactions_not_reconciled
300200464_,шт,Алматы,2025-05-26,20000052552,120.0,215,180,10.0,68.0,80.0,above_Q3_plus_3IQR_and_at_least_8_medians,0.0,review_only,2025-05-01,True,False,768.0,False,monthly_and_transactions_not_reconciled
300200464_,шт,Алматы,2025-06-10,20000059143,240.0,240,180,9.5,71.0,76.0,above_Q3_plus_3IQR_and_at_least_8_medians,0.0,review_only,2025-06-01,True,False,396.0,False,monthly_and_transactions_not_reconciled
300200464_,шт,Алматы,2025-09-24,20000104993,158.0,273,180,7.0,51.0,56.0,above_Q3_plus_3IQR_and_at_least_8_medians,0.0,review_only,2025-09-01,True,False,667.0,False,monthly_and_transactions_not_reconciled
300200464_,шт,Алматы,2025-12-18,20000143204,79.0,266,180,6.5,39.0,52.0,above_Q3_plus_3IQR_and_at_least_8_medians,0.0,review_only,2025-12-01,True,False,600.0,False,monthly_and_transactions_not_reconciled
300200464_,шт,Алматы,2026-02-11,20000014928,70.0,265,180,7.0,43.0,56.0,above_Q3_plus_3IQR_and_at_least_8_medians,0.0,review_only,2026-02-01,True,False,552.0,False,monthly_and_transactions_not_reconciled
300200464_,шт,Алматы,2026-02-25,20000020178,100.0,256,180,7.0,43.0,56.0,above_Q3_plus_3IQR_and_at_least_8_medians,0.0,review_only,2026-02-01,True,False,552.0,False,monthly_and_transactions_not_reconciled
300200464_,шт,Алматы,2026-02-26,20000021023,200.0,257,180,7.0,43.0,56.0,above_Q3_plus_3IQR_and_at_least_8_medians,0.0,review_only,2026-02-01,True,False,552.0,False,monthly_and_transactions_not_reconciled
300200464_,шт,Алматы,2026-05-23,20000054132,65.0,243,180,8.0,53.0,64.0,above_Q3_plus_3IQR_and_at_least_8_medians,0.0,review_only,2026-05-01,True,False,485.0,False,monthly_and_transactions_not_reconciled
300200464_,шт,Алматы,2026-05-29,20000056404,90.0,237,180,8.0,55.0,64.0,above_Q3_plus_3IQR_and_at_least_8_medians,0.0,review_only,2026-05-01,True,False,485.0,False,monthly_and_transactions_not_reconciled
300200464_,шт,Алматы,2026-06-02,20000058315,120.0,236,180,8.0,56.0,64.0,above_Q3_plus_3IQR_and_at_least_8_medians,0.0,review_only,2026-06-01,True,False,216.0,False,monthly_and_transactions_not_reconciled
300200464_,шт,Алматы,2026-07-03,20000073273,60.0,220,180,7.0,55.0,56.0,above_Q3_plus_3IQR_and_at_least_8_medians,0.0,review_only,2026-07-01,True,False,359.0,False,monthly_and_transactions_not_reconciled
300200464_,шт,Алматы,2026-07-17,20000079465,60.0,226,180,7.0,54.0,56.0,above_Q3_plus_3IQR_and_at_least_8_medians,0.0,review_only,2026-07-01,True,False,359.0,False,monthly_and_transactions_not_reconciled
300200464_,шт,Алматы,2026-09-02,20000101838,70.0,217,180,7.0,55.0,56.0,above_Q3_plus_3IQR_and_at_least_8_medians,0.0,review_only,2026-09-01,,,,False,monthly_and_transactions_not_reconciled
300200464_,шт,Алматы,2026-09-08,20000104335,80.0,215,180,6.0,55.0,48.0,above_Q3_plus_3IQR_and_at_least_8_medians,0.0,review_only,2026-09-01,,,,False,monthly_and_transactions_not_reconciled
300200465_,шт,Алматы,2025-01-20,20000005303,64.0,15,180,4.0,11.0,32.0,above_Q3_plus_3IQR_and_at_least_8_medians,0.0,review_only,2025-01-01,True,False,362.0,False,monthly_and_transactions_not_reconciled
300200465_,шт,Алматы,2025-02-03,20000010670,60.0,25,180,4.0,14.0,32.0,above_Q3_plus_3IQR_and_at_least_8_medians,0.0,review_only,2025-02-01,True,False,305.0,False,monthly_and_transactions_not_reconciled
300200465_,шт,Алматы,2025-02-21,20000017802,36.0,49,180,4.0,34.0,32.0,above_Q3_plus_3IQR_and_at_least_8_medians,0.0,review_only,2025-02-01,True,False,305.0,False,monthly_and_transactions_not_reconciled
300200465_,шт,Алматы,2025-03-04,20000021546,40.0,65,180,4.0,34.0,32.0,above_Q3_plus_3IQR_and_at_least_8_medians,0.0,review_only,2025-03-01,True,False,307.0,False,monthly_and_transactions_not_reconciled
300200465_,шт,Алматы,2025-03-17,20000026064,45.0,81,180,4.0,34.0,32.0,above_Q3_plus_3IQR_and_at_least_8_medians,0.0,review_only,2025-03-01,True,False,307.0,False,monthly_and_transactions_not_reconciled
300200465_,шт,Алматы,2025-03-26,30000000709,45.0,92,180,4.0,34.0,32.0,above_Q3_plus_3IQR_and_at_least_8_medians,0.0,review_only,2025-03-01,True,False,307.0,False,monthly_and_transactions_not_reconciled
300200465_,шт,Алматы,2025-03-31,20000030097,38.0,99,180,4.0,34.0,32.0,above_Q3_plus_3IQR_and_at_least_8_medians,0.0,review_only,2025-03-01,True,False,307.0,False,monthly_and_transactions_not_reconciled
300200465_,шт,Алматы,2025-05-20,30000031967,60.0,161,180,4.0,34.0,32.0,above_Q3_plus_3IQR_and_at_least_8_medians,0.0,review_only,2025-05-01,True,False,290.0,False,monthly_and_transactions_not_reconciled
300200465_,шт,Алматы,2025-06-10,20000059143,40.0,185,180,4.0,34.0,32.0,above_Q3_plus_3IQR_and_at_least_8_medians,0.0,review_only,2025-06-01,True,False,156.0,False,monthly_and_transactions_not_reconciled
300200465_,шт,Алматы,2025-06-25,20000066254,60.0,205,180,4.0,34.0,32.0,above_Q3_plus_3IQR_and_at_least_8_medians,0.0,review_only,2025-06-01,True,False,156.0,False,monthly_and_transactions_not_reconciled
300200465_,шт,Алматы,2025-08-13,20000087093,35.0,224,180,4.0,34.0,32.0,above_Q3_plus_3IQR_and_at_least_8_medians,0.0,review_only,2025-08-01,True,False,245.0,False,monthly_and_transactions_not_reconciled
300200465_,шт,Алматы,2025-12-18,20000143204,34.0,221,180,3.0,26.0,24.0,above_Q3_plus_3IQR_and_at_least_8_medians,0.0,review_only,2025-12-01,True,False,272.0,False,monthly_and_transactions_not_reconciled
300200465_,шт,Алматы,2026-04-01,20000032197,30.0,187,180,3.0,23.0,24.0,above_Q3_plus_3IQR_and_at_least_8_medians,0.0,review_only,2026-04-01,True,False,174.0,False,monthly_and_transactions_not_reconciled
300200465_,шт,Алматы,2026-05-13,20000049594,39.0,193,180,3.0,25.0,24.0,above_Q3_plus_3IQR_and_at_least_8_medians,0.0,review_only,2026-05-01,True,False,197.0,False,monthly_and_transactions_not_reconciled
300200465_,шт,Алматы,2026-06-13,20000063301,65.0,191,180,4.0,24.0,32.0,above_Q3_plus_3IQR_and_at_least_8_medians,0.0,review_only,2026-06-01,True,False,186.0,False,monthly_and_transactions_not_reconciled
300200465_,шт,Алматы,2026-07-03,20000073273,40.0,171,180,4.0,26.0,32.0,above_Q3_plus_3IQR_and_at_least_8_medians,0.0,review_only,2026-07-01,True,False,204.0,False,monthly_and_transactions_not_reconciled
300200465_,шт,Алматы,2026-07-09,20000074856,40.0,175,180,3.0,26.0,24.0,above_Q3_plus_3IQR_and_at_least_8_medians,0.0,review_only,2026-07-01,True,False,204.0,False,monthly_and_transactions_not_reconciled
300200466_,шт,Алматы,2025-03-07,20000023215,20.0,46,180,2.5,17.0,20.0,above_Q3_plus_3IQR_and_at_least_8_medians,0.0,review_only,2025-03-01,True,True,120.0,True,quantity_matches_but_scope_customer_and_exception_not_confirmed
300200466_,шт,Алматы,2025-03-12,20000023759,20.0,50,180,2.5,17.0,20.0,above_Q3_plus_3IQR_and_at_least_8_medians,0.0,review_only,2025-03-01,True,True,120.0,True,quantity_matches_but_scope_customer_and_exception_not_confirmed
300200466_,шт,Алматы,2025-04-11,20000035323,25.0,65,180,3.0,17.0,24.0,above_Q3_plus_3IQR_and_at_least_8_medians,0.0,review_only,2025-04-01,True,False,79.0,False,monthly_and_transactions_not_reconciled
300200466_,шт,Алматы,2025-04-15,20000036282,90.0,67,180,3.0,17.0,24.0,above_Q3_plus_3IQR_and_at_least_8_medians,0.0,review_only,2025-04-01,True,False,79.0,False,monthly_and_transactions_not_reconciled
300200466_,шт,Алматы,2025-08-15,20000087874,30.0,117,180,3.0,17.0,24.0,above_Q3_plus_3IQR_and_at_least_8_medians,0.0,review_only,2025-08-01,True,False,138.0,False,monthly_and_transactions_not_reconciled
300200466_,шт,Алматы,2025-09-03,20000095229,20.0,116,180,2.0,17.0,16.0,above_Q3_plus_3IQR_and_at_least_8_medians,0.0,review_only,2025-09-01,True,True,152.0,True,quantity_matches_but_scope_customer_and_exception_not_confirmed
300200466_,шт,Алматы,2025-09-13,20000100419,19.0,118,180,2.0,17.0,16.0,above_Q3_plus_3IQR_and_at_least_8_medians,0.0,review_only,2025-09-01,True,True,152.0,True,quantity_matches_but_scope_customer_and_exception_not_confirmed
300200466_,шт,Алматы,2025-10-15,20000114221,20.0,125,180,2.0,17.0,16.0,above_Q3_plus_3IQR_and_at_least_8_medians,0.0,review_only,2025-10-01,True,False,145.0,False,monthly_and_transactions_not_reconciled
300200466_,шт,Алматы,2025-10-31,20000122065,60.0,125,180,2.0,17.0,16.0,above_Q3_plus_3IQR_and_at_least_8_medians,0.0,review_only,2025-10-01,True,False,145.0,False,monthly_and_transactions_not_reconciled
300200466_,шт,Алматы,2026-02-17,20000017011,30.0,115,180,2.0,13.0,16.0,above_Q3_plus_3IQR_and_at_least_8_medians,0.0,review_only,2026-02-01,True,True,97.0,True,quantity_matches_but_scope_customer_and_exception_not_confirmed
300200466_,шт,Алматы,2026-05-13,20000049594,45.0,89,180,2.0,13.0,16.0,above_Q3_plus_3IQR_and_at_least_8_medians,0.0,review_only,2026-05-01,True,False,95.0,False,monthly_and_transactions_not_reconciled
300200466_,шт,Алматы,2026-07-03,20000073273,20.0,93,180,2.0,13.0,16.0,above_Q3_plus_3IQR_and_at_least_8_medians,0.0,review_only,2026-07-01,True,False,256.0,False,monthly_and_transactions_not_reconciled
300200466_,шт,Алматы,2026-07-14,20000077409,205.0,95,180,2.0,15.0,16.0,above_Q3_plus_3IQR_and_at_least_8_medians,0.0,review_only,2026-07-01,True,False,256.0,False,monthly_and_transactions_not_reconciled
300200467_,шт,Алматы,2025-11-05,20000123943,10.0,40,180,1.0,9.0,8.0,above_Q3_plus_3IQR_and_at_least_8_medians,0.0,review_only,2025-11-01,True,False,31.0,False,monthly_and_transactions_not_reconciled
300200467_,шт,Алматы,2025-12-08,20000139042,10.0,46,180,1.0,9.0,8.0,above_Q3_plus_3IQR_and_at_least_8_medians,0.0,review_only,2025-12-01,True,False,31.0,False,monthly_and_transactions_not_reconciled
300200468_,шт,Алматы,2025-03-26,30000000709,174.0,9,180,20.0,114.0,160.0,above_Q3_plus_3IQR_and_at_least_8_medians,0.0,review_only,2025-03-01,False,False,,False,monthly_and_transactions_not_reconciled
300200471_,шт,Алматы,2025-06-03,20000056384,30.0,21,180,3.0,14.0,24.0,above_Q3_plus_3IQR_and_at_least_8_medians,0.0,review_only,2025-06-01,True,False,10.0,False,monthly_and_transactions_not_reconciled
300200472_,шт,Алматы,2025-01-20,20000005305,62.0,15,180,3.0,14.0,24.0,above_Q3_plus_3IQR_and_at_least_8_medians,0.0,review_only,2025-01-01,True,False,179.0,False,monthly_and_transactions_not_reconciled
300200472_,шт,Алматы,2025-02-03,20000010402,30.0,19,180,3.0,24.0,24.0,above_Q3_plus_3IQR_and_at_least_8_medians,0.0,review_only,2025-02-01,True,True,175.0,True,quantity_matches_but_scope_customer_and_exception_not_confirmed
300200472_,шт,Алматы,2025-02-03,20000010670,25.0,19,180,3.0,24.0,24.0,above_Q3_plus_3IQR_and_at_least_8_medians,0.0,review_only,2025-02-01,True,True,175.0,True,quantity_matches_but_scope_customer_and_exception_not_confirmed
300200472_,шт,Алматы,2025-06-12,20000060308,50.0,91,180,3.0,34.0,24.0,above_Q3_plus_3IQR_and_at_least_8_medians,0.0,review_only,2025-06-01,True,False,155.0,False,monthly_and_transactions_not_reconciled
300200472_,шт,Алматы,2025-08-04,20000082844,24.0,103,180,3.0,20.0,24.0,above_Q3_plus_3IQR_and_at_least_8_medians,0.0,review_only,2025-08-01,True,False,142.0,False,monthly_and_transactions_not_reconciled
300200472_,шт,Алматы,2025-08-08,20000084779,30.0,106,180,3.0,18.0,24.0,above_Q3_plus_3IQR_and_at_least_8_medians,0.0,review_only,2025-08-01,True,False,142.0,False,monthly_and_transactions_not_reconciled
300200472_,шт,Алматы,2025-08-12,20000086222,25.0,106,180,3.0,18.0,24.0,above_Q3_plus_3IQR_and_at_least_8_medians,0.0,review_only,2025-08-01,True,False,142.0,False,monthly_and_transactions_not_reconciled
300200472_,шт,Алматы,2025-11-19,20000130055,29.0,105,180,3.0,14.0,24.0,above_Q3_plus_3IQR_and_at_least_8_medians,0.0,review_only,2025-11-01,True,False,95.0,False,monthly_and_transactions_not_reconciled
300200472_,шт,Алматы,2026-02-05,20000012467,30.0,102,180,3.0,13.0,24.0,above_Q3_plus_3IQR_and_at_least_8_medians,0.0,review_only,2026-02-01,True,False,99.0,False,monthly_and_transactions_not_reconciled
300200472_,шт,Алматы,2026-03-31,20000030729,50.0,94,180,3.0,16.25,24.0,above_Q3_plus_3IQR_and_at_least_8_medians,0.0,review_only,2026-03-01,True,False,75.0,False,monthly_and_transactions_not_reconciled
300200472_,шт,Алматы,2026-05-23,20000054250,49.0,89,180,3.0,14.0,24.0,above_Q3_plus_3IQR_and_at_least_8_medians,0.0,review_only,2026-05-01,True,False,113.0,False,monthly_and_transactions_not_reconciled
300200472_,шт,Алматы,2026-05-29,20000056404,45.0,90,180,3.0,17.0,24.0,above_Q3_plus_3IQR_and_at_least_8_medians,0.0,review_only,2026-05-01,True,False,113.0,False,monthly_and_transactions_not_reconciled
300200472_,шт,Алматы,2026-06-23,20000067085,38.0,71,180,4.0,16.0,32.0,above_Q3_plus_3IQR_and_at_least_8_medians,0.0,review_only,2026-06-01,True,False,62.0,False,monthly_and_transactions_not_reconciled
300200496_,шт,Алматы,2025-07-05,20000070514,68.0,10,180,2.0,56.0,16.0,above_Q3_plus_3IQR_and_at_least_8_medians,0.0,review_only,2025-07-01,True,True,80.0,True,quantity_matches_but_scope_customer_and_exception_not_confirmed
300200496_,шт,Алматы,2026-04-15,20000038426,64.0,8,180,8.0,31.75,64.0,above_Q3_plus_3IQR_and_at_least_8_medians,0.0,review_only,2026-04-01,True,True,73.0,True,quantity_matches_but_scope_customer_and_exception_not_confirmed
300200496_,шт,Алматы,2026-07-27,20000083341,64.0,13,180,5.0,33.0,40.0,above_Q3_plus_3IQR_and_at_least_8_medians,0.0,review_only,2026-07-01,True,False,64.0,False,monthly_and_transactions_not_reconciled
300200498_,шт,Алматы,2025-02-12,20000014330,20.0,23,180,2.0,14.0,16.0,above_Q3_plus_3IQR_and_at_least_8_medians,0.0,review_only,2025-02-01,True,False,115.0,False,monthly_and_transactions_not_reconciled
300200498_,шт,Алматы,2025-02-12,20000014434,20.0,23,180,2.0,14.0,16.0,above_Q3_plus_3IQR_and_at_least_8_medians,0.0,review_only,2025-02-01,True,False,115.0,False,monthly_and_transactions_not_reconciled
300200498_,шт,Алматы,2025-02-14,20000015427,20.0,25,180,2.0,18.0,16.0,above_Q3_plus_3IQR_and_at_least_8_medians,0.0,review_only,2025-02-01,True,False,115.0,False,monthly_and_transactions_not_reconciled
300200498_,шт,Алматы,2025-02-21,20000017829,20.0,30,180,2.5,18.0,20.0,above_Q3_plus_3IQR_and_at_least_8_medians,0.0,review_only,2025-02-01,True,False,115.0,False,monthly_and_transactions_not_reconciled
300200498_,шт,Алматы,2025-05-21,20000050880,75.0,89,180,4.0,34.0,32.0,above_Q3_plus_3IQR_and_at_least_8_medians,0.0,review_only,2025-05-01,True,False,311.0,False,monthly_and_transactions_not_reconciled
300200498_,шт,Алматы,2025-06-02,20000055892,100.0,99,180,4.0,34.0,32.0,above_Q3_plus_3IQR_and_at_least_8_medians,0.0,review_only,2025-06-01,True,False,277.0,False,monthly_and_transactions_not_reconciled
300200498_,шт,Алматы,2025-06-18,20000063189,40.0,116,180,4.0,34.0,32.0,above_Q3_plus_3IQR_and_at_least_8_medians,0.0,review_only,2025-06-01,True,False,277.0,False,monthly_and_transactions_not_reconciled
300200498_,шт,Алматы,2026-01-08,20000000916,92.0,106,180,4.0,34.0,32.0,above_Q3_plus_3IQR_and_at_least_8_medians,0.0,review_only,2026-01-01,True,False,209.0,False,monthly_and_transactions_not_reconciled
300200498_,шт,Алматы,2026-02-05,20000012328,60.0,117,180,4.0,26.0,32.0,above_Q3_plus_3IQR_and_at_least_8_medians,0.0,review_only,2026-02-01,True,False,100.0,False,monthly_and_transactions_not_reconciled
300200498_,шт,Алматы,2026-08-19,20000094734,26.0,110,180,3.0,18.0,24.0,above_Q3_plus_3IQR_and_at_least_8_medians,0.0,review_only,2026-08-01,True,True,183.0,True,quantity_matches_but_scope_customer_and_exception_not_confirmed
300200498_,шт,Алматы,2026-08-27,20000098876,40.0,112,180,3.0,28.0,24.0,above_Q3_plus_3IQR_and_at_least_8_medians,0.0,review_only,2026-08-01,True,True,183.0,True,quantity_matches_but_scope_customer_and_exception_not_confirmed
300200515_,шт,Алматы,2025-03-12,20000024399,120.0,27,180,10.0,62.0,80.0,above_Q3_plus_3IQR_and_at_least_8_medians,0.0,review_only,2025-03-01,True,False,69.0,False,monthly_and_transactions_not_reconciled
300200515_,шт,Алматы,2025-10-15,20000115120,100.0,89,180,5.0,42.0,40.0,above_Q3_plus_3IQR_and_at_least_8_medians,0.0,review_only,2025-10-01,True,False,158.0,False,monthly_and_transactions_not_reconciled
300200515_,шт,Алматы,2026-03-06,20000023901,50.0,60,180,5.0,34.75,40.0,above_Q3_plus_3IQR_and_at_least_8_medians,0.0,review_only,2026-03-01,True,False,101.0,False,monthly_and_transactions_not_reconciled
300200515_,шт,Алматы,2026-04-21,20000040856,55.0,52,180,5.0,38.0,40.0,above_Q3_plus_3IQR_and_at_least_8_medians,0.0,review_only,2026-04-01,True,True,109.0,True,quantity_matches_but_scope_customer_and_exception_not_confirmed
300200516_,шт,Алматы,2025-04-15,20000036278,80.0,14,180,9.0,64.0,72.0,above_Q3_plus_3IQR_and_at_least_8_medians,0.0,review_only,2025-04-01,True,False,253.0,False,monthly_and_transactions_not_reconciled
300200516_,шт,Алматы,2025-04-25,20000041189,135.0,15,180,10.0,111.0,80.0,above_Q3_plus_3IQR_and_at_least_8_medians,0.0,review_only,2025-04-01,True,False,253.0,False,monthly_and_transactions_not_reconciled
300200516_,шт,Алматы,2025-06-20,20000064190,240.0,30,180,10.0,113.25,80.0,above_Q3_plus_3IQR_and_at_least_8_medians,0.0,review_only,2025-06-01,True,False,89.0,False,monthly_and_transactions_not_reconciled
300200516_,шт,Алматы,2025-12-06,20000138862,145.0,31,180,8.0,107.0,64.0,above_Q3_plus_3IQR_and_at_least_8_medians,0.0,review_only,2025-12-01,True,False,268.0,False,monthly_and_transactions_not_reconciled
300200518_,шт,Алматы,2025-07-10,20000072003,55.0,28,180,6.0,39.75,48.0,above_Q3_plus_3IQR_and_at_least_8_medians,0.0,review_only,2025-07-01,True,False,4.0,False,monthly_and_transactions_not_reconciled
300200518_,шт,Алматы,2026-03-17,20000027312,60.0,21,180,2.0,9.0,16.0,above_Q3_plus_3IQR_and_at_least_8_medians,0.0,review_only,2026-03-01,True,False,67.0,False,monthly_and_transactions_not_reconciled
300200518_,шт,Алматы,2026-06-05,20000060042,23.0,18,180,2.0,15.0,16.0,above_Q3_plus_3IQR_and_at_least_8_medians,0.0,review_only,2026-06-01,True,True,29.0,True,quantity_matches_but_scope_customer_and_exception_not_confirmed
300200519_,шт,Алматы,2025-03-05,20000022155,60.0,28,180,6.0,28.0,48.0,above_Q3_plus_3IQR_and_at_least_8_medians,0.0,review_only,2025-03-01,True,False,196.0,False,monthly_and_transactions_not_reconciled
300200519_,шт,Алматы,2025-03-18,20000026361,50.0,36,180,6.0,30.75,48.0,above_Q3_plus_3IQR_and_at_least_8_medians,0.0,review_only,2025-03-01,True,False,196.0,False,monthly_and_transactions_not_reconciled
300200520_,шт,Алматы,2025-09-22,20000103813,360.0,27,180,18.0,93.5,144.0,above_Q3_plus_3IQR_and_at_least_8_medians,0.0,review_only,2025-09-01,True,False,514.0,False,monthly_and_transactions_not_reconciled
300200520_,шт,Алматы,2025-10-21,20000117223,110.0,33,180,13.0,108.0,104.0,above_Q3_plus_3IQR_and_at_least_8_medians,0.0,review_only,2025-10-01,True,False,209.0,False,monthly_and_transactions_not_reconciled
300200520_,шт,Алматы,2026-02-23,20000019308,155.0,40,180,18.0,137.75,144.0,above_Q3_plus_3IQR_and_at_least_8_medians,0.0,review_only,2026-02-01,True,False,267.0,False,monthly_and_transactions_not_reconciled
300200521_,шт,Алматы,2025-12-15,20000142417,50.0,11,180,2.0,10.0,16.0,above_Q3_plus_3IQR_and_at_least_8_medians,0.0,review_only,2025-12-01,True,False,59.0,False,monthly_and_transactions_not_reconciled
300200536_,шт,Алматы,2025-09-22,20000103813,130.0,25,180,16.0,69.0,128.0,above_Q3_plus_3IQR_and_at_least_8_medians,0.0,review_only,2025-09-01,True,True,196.0,True,quantity_matches_but_scope_customer_and_exception_not_confirmed
300200536_,шт,Алматы,2025-10-21,20000117223,82.0,31,180,9.0,72.5,72.0,above_Q3_plus_3IQR_and_at_least_8_medians,0.0,review_only,2025-10-01,True,False,113.0,False,monthly_and_transactions_not_reconciled
300200536_,шт,Алматы,2025-12-15,20000142417,100.0,36,180,9.5,71.75,76.0,above_Q3_plus_3IQR_and_at_least_8_medians,0.0,review_only,2025-12-01,True,False,305.0,False,monthly_and_transactions_not_reconciled
300200539_,шт,Алматы,2025-09-22,20000103813,40.0,10,180,1.0,8.0,8.0,above_Q3_plus_3IQR_and_at_least_8_medians,0.0,review_only,2025-09-01,True,True,44.0,True,quantity_matches_but_scope_customer_and_exception_not_confirmed
300200539_,шт,Алматы,2026-01-27,20000008535,30.0,18,180,2.0,9.0,16.0,above_Q3_plus_3IQR_and_at_least_8_medians,0.0,review_only,2026-01-01,True,False,32.0,False,monthly_and_transactions_not_reconciled
300200539_,шт,Алматы,2026-02-23,20000019308,32.0,19,180,2.0,9.0,16.0,above_Q3_plus_3IQR_and_at_least_8_medians,0.0,review_only,2026-02-01,True,True,35.0,True,quantity_matches_but_scope_customer_and_exception_not_confirmed
300200539_,шт,Алматы,2026-05-28,20000056063,50.0,11,180,2.0,9.0,16.0,above_Q3_plus_3IQR_and_at_least_8_medians,0.0,review_only,2026-05-01,True,True,59.0,True,quantity_matches_but_scope_customer_and_exception_not_confirmed
300200542_,шт,Алматы,2026-04-06,20000034260,198.0,88,180,21.5,152.75,172.0,above_Q3_plus_3IQR_and_at_least_8_medians,0.0,review_only,2026-04-01,True,False,998.0,False,monthly_and_transactions_not_reconciled
300200543_,шт,Алматы,2025-03-31,20000029892,25.0,23,180,3.0,14.0,24.0,above_Q3_plus_3IQR_and_at_least_8_medians,0.0,review_only,2025-03-01,True,False,78.0,False,monthly_and_transactions_not_reconciled
300200543_,шт,Алматы,2025-04-11,20000034957,26.0,25,180,3.0,14.0,24.0,above_Q3_plus_3IQR_and_at_least_8_medians,0.0,review_only,2025-04-01,True,False,94.0,False,monthly_and_transactions_not_reconciled
300200543_,шт,Алматы,2026-06-03,20000058908,100.0,41,180,4.0,26.0,32.0,above_Q3_plus_3IQR_and_at_least_8_medians,0.0,review_only,2026-06-01,True,False,129.0,False,monthly_and_transactions_not_reconciled
300200545_,шт,Алматы,2025-03-19,20000027164,30.0,8,180,3.5,19.0,28.0,above_Q3_plus_3IQR_and_at_least_8_medians,0.0,review_only,2025-03-01,True,False,36.0,False,monthly_and_transactions_not_reconciled
300200545_,шт,Алматы,2026-08-03,20000086926,19.0,25,180,2.0,17.0,16.0,above_Q3_plus_3IQR_and_at_least_8_medians,0.0,review_only,2026-08-01,True,False,26.0,False,monthly_and_transactions_not_reconciled
300200547_,шт,Алматы,2026-05-19,20000051595,10.0,12,180,1.0,2.0,8.0,above_Q3_plus_3IQR_and_at_least_8_medians,0.0,review_only,2026-05-01,True,False,14.0,False,monthly_and_transactions_not_reconciled
300200547_,шт,Алматы,2026-08-25,20000097704,10.0,18,180,1.0,8.0,8.0,above_Q3_plus_3IQR_and_at_least_8_medians,0.0,review_only,2026-08-01,True,False,22.0,False,monthly_and_transactions_not_reconciled
300200548_,шт,Алматы,2026-04-06,20000034260,101.0,33,180,3.0,14.0,24.0,above_Q3_plus_3IQR_and_at_least_8_medians,0.0,review_only,2026-04-01,True,False,148.0,False,monthly_and_transactions_not_reconciled
300200549_,шт,Алматы,2025-02-19,20000016292,20.0,10,180,2.5,11.25,20.0,above_Q3_plus_3IQR_and_at_least_8_medians,0.0,review_only,2025-02-01,True,False,60.0,False,monthly_and_transactions_not_reconciled
300200549_,шт,Алматы,2025-04-29,20000042438,270.0,28,180,3.0,22.0,24.0,above_Q3_plus_3IQR_and_at_least_8_medians,0.0,review_only,2025-04-01,True,False,320.0,False,monthly_and_transactions_not_reconciled
300200549_,шт,Алматы,2026-04-17,20000039543,20.0,28,180,2.0,19.0,16.0,above_Q3_plus_3IQR_and_at_least_8_medians,0.0,review_only,2026-04-01,True,True,67.0,True,quantity_matches_but_scope_customer_and_exception_not_confirmed
300200549_,шт,Алматы,2026-07-02,20000072486,20.0,35,180,2.0,16.0,16.0,above_Q3_plus_3IQR_and_at_least_8_medians,0.0,review_only,2026-07-01,True,True,30.0,True,quantity_matches_but_scope_customer_and_exception_not_confirmed
300200551_,шт,Алматы,2026-09-19,20000110379,10.0,12,180,1.0,7.0,8.0,above_Q3_plus_3IQR_and_at_least_8_medians,0.0,review_only,2026-09-01,,,,False,monthly_and_transactions_not_reconciled
300200553_,шт,Алматы,2026-08-25,20000097938,50.0,25,180,3.0,34.0,24.0,above_Q3_plus_3IQR_and_at_least_8_medians,0.0,review_only,2026-08-01,True,False,92.0,False,monthly_and_transactions_not_reconciled
300200558_,шт,Алматы,2025-07-15,20000073557,200.0,130,180,15.5,129.25,124.0,above_Q3_plus_3IQR_and_at_least_8_medians,0.0,review_only,2025-07-01,True,False,1061.0,False,monthly_and_transactions_not_reconciled
300200558_,шт,Алматы,2026-04-06,20000034260,104.0,86,180,10.0,71.0,80.0,above_Q3_plus_3IQR_and_at_least_8_medians,0.0,review_only,2026-04-01,True,False,399.0,False,monthly_and_transactions_not_reconciled
300200558_,шт,Алматы,2026-04-15,20000037577,100.0,88,180,10.0,71.0,80.0,above_Q3_plus_3IQR_and_at_least_8_medians,0.0,review_only,2026-04-01,True,False,399.0,False,monthly_and_transactions_not_reconciled
300200558_,шт,Алматы,2026-06-03,20000058908,300.0,98,180,10.0,67.25,80.0,above_Q3_plus_3IQR_and_at_least_8_medians,0.0,review_only,2026-06-01,True,True,459.0,True,quantity_matches_but_scope_customer_and_exception_not_confirmed
300200559_,шт,Алматы,2025-03-04,20000021546,60.0,29,180,7.0,56.0,56.0,above_Q3_plus_3IQR_and_at_least_8_medians,0.0,review_only,2025-03-01,True,False,212.0,False,monthly_and_transactions_not_reconciled
300200559_,шт,Алматы,2025-04-25,20000041175,80.0,57,180,9.0,68.0,72.0,above_Q3_plus_3IQR_and_at_least_8_medians,0.0,review_only,2025-04-01,True,False,340.0,False,monthly_and_transactions_not_reconciled
300200559_,шт,Алматы,2025-04-25,20000041189,140.0,57,180,9.0,68.0,72.0,above_Q3_plus_3IQR_and_at_least_8_medians,0.0,review_only,2025-04-01,True,False,340.0,False,monthly_and_transactions_not_reconciled
300200559_,шт,Алматы,2025-10-01,20000107696,80.0,99,180,10.0,57.0,80.0,above_Q3_plus_3IQR_and_at_least_8_medians,0.0,review_only,2025-10-01,True,False,250.0,False,monthly_and_transactions_not_reconciled
300200559_,шт,Алматы,2026-04-06,20000034260,84.0,78,180,8.0,49.0,64.0,above_Q3_plus_3IQR_and_at_least_8_medians,0.0,review_only,2026-04-01,True,False,400.0,False,monthly_and_transactions_not_reconciled
300200559_,шт,Алматы,2026-04-20,20000040115,96.0,78,180,8.0,46.0,64.0,above_Q3_plus_3IQR_and_at_least_8_medians,0.0,review_only,2026-04-01,True,False,400.0,False,monthly_and_transactions_not_reconciled
300200559_,шт,Алматы,2026-06-03,20000058908,100.0,82,180,6.0,42.0,48.0,above_Q3_plus_3IQR_and_at_least_8_medians,0.0,review_only,2026-06-01,True,False,208.0,False,monthly_and_transactions_not_reconciled
300200559_,шт,Алматы,2026-08-04,20000087320,50.0,93,180,5.0,38.0,40.0,above_Q3_plus_3IQR_and_at_least_8_medians,0.0,review_only,2026-08-01,True,False,311.0,False,monthly_and_transactions_not_reconciled
300200560_,шт,Алматы,2025-12-02,20000136344,40.0,87,180,4.0,24.0,32.0,above_Q3_plus_3IQR_and_at_least_8_medians,0.0,review_only,2025-12-01,True,False,111.0,False,monthly_and_transactions_not_reconciled
300200562_,шт,Алматы,2025-05-26,20000052830,24.0,8,180,1.5,11.0,12.0,above_Q3_plus_3IQR_and_at_least_8_medians,0.0,review_only,2025-05-01,True,True,28.0,True,quantity_matches_but_scope_customer_and_exception_not_confirmed
300200563_,шт,Алматы,2025-04-25,20000041175,96.0,24,180,9.0,28.75,72.0,above_Q3_plus_3IQR_and_at_least_8_medians,0.0,review_only,2025-04-01,True,False,158.0,False,monthly_and_transactions_not_reconciled
300200563_,шт,Алматы,2026-05-26,20000055519,19.0,30,180,2.0,16.0,16.0,above_Q3_plus_3IQR_and_at_least_8_medians,0.0,review_only,2026-05-01,True,True,48.0,True,quantity_matches_but_scope_customer_and_exception_not_confirmed
300200563_,шт,Алматы,2026-07-31,20000085838,20.0,38,180,2.0,18.0,16.0,above_Q3_plus_3IQR_and_at_least_8_medians,0.0,review_only,2026-07-01,True,False,46.0,False,monthly_and_transactions_not_reconciled
300200564_,шт,Алматы,2025-06-26,20000066303,186.0,29,180,15.0,119.0,120.0,above_Q3_plus_3IQR_and_at_least_8_medians,0.0,review_only,2025-06-01,True,False,285.0,False,monthly_and_transactions_not_reconciled
300200564_,шт,Алматы,2026-09-15,20000108220,56.0,23,180,7.0,46.0,56.0,above_Q3_plus_3IQR_and_at_least_8_medians,0.0,review_only,2026-09-01,,,,False,monthly_and_transactions_not_reconciled
300200565_,шт,Алматы,2025-05-14,20000047667,18.0,8,180,1.0,6.0,8.0,above_Q3_plus_3IQR_and_at_least_8_medians,0.0,review_only,2025-05-01,True,True,18.0,True,quantity_matches_but_scope_customer_and_exception_not_confirmed
300200565_,шт,Алматы,2025-06-02,20000055846,15.0,9,180,1.0,9.0,8.0,above_Q3_plus_3IQR_and_at_least_8_medians,0.0,review_only,2025-06-01,True,False,15.0,False,monthly_and_transactions_not_reconciled
300200565_,шт,Алматы,2025-06-10,20000059143,40.0,10,180,1.5,12.0,12.0,above_Q3_plus_3IQR_and_at_least_8_medians,0.0,review_only,2025-06-01,True,False,15.0,False,monthly_and_transactions_not_reconciled
300200579_,шт,Алматы,2025-05-14,20000047667,76.0,8,180,9.0,43.25,72.0,above_Q3_plus_3IQR_and_at_least_8_medians,0.0,review_only,2025-05-01,True,False,103.0,False,monthly_and_transactions_not_reconciled
300200579_,шт,Алматы,2026-08-27,20000099008,65.0,16,180,3.0,16.75,24.0,above_Q3_plus_3IQR_and_at_least_8_medians,0.0,review_only,2026-08-01,True,True,74.0,True,quantity_matches_but_scope_customer_and_exception_not_confirmed
300200579_,шт,Алматы,2026-09-15,20000108220,24.0,21,180,3.0,22.0,24.0,above_Q3_plus_3IQR_and_at_least_8_medians,0.0,review_only,2026-09-01,,,,False,monthly_and_transactions_not_reconciled
300200580_,шт,Алматы,2025-12-05,20000138201,30.0,26,180,3.0,25.0,24.0,above_Q3_plus_3IQR_and_at_least_8_medians,0.0,review_only,2025-12-01,True,False,39.0,False,monthly_and_transactions_not_reconciled
300200581_,шт,Алматы,2025-06-26,20000066303,62.0,17,180,2.0,21.0,16.0,above_Q3_plus_3IQR_and_at_least_8_medians,0.0,review_only,2025-06-01,True,False,64.0,False,monthly_and_transactions_not_reconciled
300200590_,шт,Алматы,2025-09-24,20000104328,20.0,17,180,2.0,17.0,16.0,above_Q3_plus_3IQR_and_at_least_8_medians,0.0,review_only,2025-09-01,True,False,45.0,False,monthly_and_transactions_not_reconciled
300200592_,шт,Алматы,2026-04-06,20000034260,54.0,44,180,5.0,40.0,40.0,above_Q3_plus_3IQR_and_at_least_8_medians,0.0,review_only,2026-04-01,True,False,236.0,False,monthly_and_transactions_not_reconciled
300200592_,шт,Алматы,2026-04-20,20000040115,76.0,46,180,6.0,42.0,48.0,above_Q3_plus_3IQR_and_at_least_8_medians,0.0,review_only,2026-04-01,True,False,236.0,False,monthly_and_transactions_not_reconciled
300200700_,шт,Алматы,2026-02-12,20000014781,45.0,55,180,5.0,34.0,40.0,above_Q3_plus_3IQR_and_at_least_8_medians,0.0,review_only,2026-02-01,True,False,146.0,False,monthly_and_transactions_not_reconciled
300200700_,шт,Алматы,2026-09-14,20000107297,87.0,51,180,8.0,54.0,64.0,above_Q3_plus_3IQR_and_at_least_8_medians,0.0,review_only,2026-09-01,,,,False,monthly_and_transactions_not_reconciled
300200720_,шт,Алматы,2026-06-16,20000063866,30.0,25,180,3.0,14.0,24.0,above_Q3_plus_3IQR_and_at_least_8_medians,0.0,review_only,2026-06-01,True,False,53.0,False,monthly_and_transactions_not_reconciled
300200726_,шт,Алматы,2026-07-03,20000072939,30.0,23,180,2.0,10.0,16.0,above_Q3_plus_3IQR_and_at_least_8_medians,0.0,review_only,2026-07-01,True,True,60.0,True,quantity_matches_but_scope_customer_and_exception_not_confirmed
300200735_,шт,Алматы,2025-11-10,20000125887,134.0,77,180,15.0,107.0,120.0,above_Q3_plus_3IQR_and_at_least_8_medians,0.0,review_only,2025-11-01,True,False,356.0,False,monthly_and_transactions_not_reconciled
300200735_,шт,Алматы,2026-03-13,20000025611,100.0,60,180,9.5,65.0,76.0,above_Q3_plus_3IQR_and_at_least_8_medians,0.0,review_only,2026-03-01,True,False,242.0,False,monthly_and_transactions_not_reconciled
300200735_,шт,Алматы,2026-08-31,20000100422,88.0,70,180,11.0,78.0,88.0,above_Q3_plus_3IQR_and_at_least_8_medians,0.0,review_only,2026-08-01,True,False,356.0,False,monthly_and_transactions_not_reconciled
300200737_,шт,Алматы,2025-04-16,20000036135,50.0,34,180,4.0,20.25,32.0,above_Q3_plus_3IQR_and_at_least_8_medians,0.0,review_only,2025-04-01,True,False,92.0,False,monthly_and_transactions_not_reconciled
300200741_,шт,Алматы,2025-04-25,20000040809,50.0,24,180,5.0,31.0,40.0,above_Q3_plus_3IQR_and_at_least_8_medians,0.0,review_only,2025-04-01,True,False,58.0,False,monthly_and_transactions_not_reconciled
300200741_,шт,Алматы,2026-06-16,20000063866,50.0,28,180,5.5,33.0,44.0,above_Q3_plus_3IQR_and_at_least_8_medians,0.0,review_only,2026-06-01,True,False,78.0,False,monthly_and_transactions_not_reconciled
300200742_,шт,Алматы,2025-02-11,20000013661,108.0,8,180,2.0,14.0,16.0,above_Q3_plus_3IQR_and_at_least_8_medians,0.0,review_only,2025-02-01,True,False,138.0,False,monthly_and_transactions_not_reconciled
300200742_,шт,Алматы,2025-02-18,20000016727,81.0,9,180,3.0,17.0,24.0,above_Q3_plus_3IQR_and_at_least_8_medians,0.0,review_only,2025-02-01,True,False,138.0,False,monthly_and_transactions_not_reconciled
300200742_,шт,Алматы,2025-03-04,20000021546,156.0,21,180,3.0,17.0,24.0,above_Q3_plus_3IQR_and_at_least_8_medians,0.0,review_only,2025-03-01,True,False,78.0,False,monthly_and_transactions_not_reconciled
300200742_,шт,Алматы,2025-03-17,20000026126,30.0,23,180,3.0,21.0,24.0,above_Q3_plus_3IQR_and_at_least_8_medians,0.0,review_only,2025-03-01,True,False,78.0,False,monthly_and_transactions_not_reconciled
300200742_,шт,Алматы,2025-04-25,20000041171,180.0,37,180,4.0,26.0,32.0,above_Q3_plus_3IQR_and_at_least_8_medians,0.0,review_only,2025-04-01,True,False,70.0,False,monthly_and_transactions_not_reconciled
300200742_,шт,Алматы,2025-05-28,20000053422,68.0,48,180,3.0,26.0,24.0,above_Q3_plus_3IQR_and_at_least_8_medians,0.0,review_only,2025-05-01,True,False,101.0,False,monthly_and_transactions_not_reconciled
300200742_,шт,Алматы,2025-06-10,20000059222,30.0,53,180,3.0,29.0,24.0,above_Q3_plus_3IQR_and_at_least_8_medians,0.0,review_only,2025-06-01,True,False,60.0,False,monthly_and_transactions_not_reconciled
300200742_,шт,Алматы,2025-07-10,20000072003,60.0,59,180,3.0,25.5,24.0,above_Q3_plus_3IQR_and_at_least_8_medians,0.0,review_only,2025-07-01,True,False,56.0,False,monthly_and_transactions_not_reconciled
300200742_,шт,Алматы,2025-08-07,20000084221,48.0,60,180,3.0,26.0,24.0,above_Q3_plus_3IQR_and_at_least_8_medians,0.0,review_only,2025-08-01,True,False,44.0,False,monthly_and_transactions_not_reconciled
300200742_,шт,Алматы,2025-09-19,20000102969,60.0,60,180,3.0,15.0,24.0,above_Q3_plus_3IQR_and_at_least_8_medians,0.0,review_only,2025-09-01,True,False,83.0,False,monthly_and_transactions_not_reconciled
300200742_,шт,Алматы,2025-11-19,20000130370,30.0,71,180,3.0,26.0,24.0,above_Q3_plus_3IQR_and_at_least_8_medians,0.0,review_only,2025-11-01,True,False,160.0,False,monthly_and_transactions_not_reconciled
300200742_,шт,Алматы,2025-11-26,20000133720,50.0,76,180,4.0,30.0,32.0,above_Q3_plus_3IQR_and_at_least_8_medians,0.0,review_only,2025-11-01,True,False,160.0,False,monthly_and_transactions_not_reconciled
300200742_,шт,Алматы,2025-12-23,20000145784,34.0,82,180,3.0,28.25,24.0,above_Q3_plus_3IQR_and_at_least_8_medians,0.0,review_only,2025-12-01,True,False,121.0,False,monthly_and_transactions_not_reconciled
300200742_,шт,Алматы,2025-12-23,20000146123,41.0,82,180,3.0,28.25,24.0,above_Q3_plus_3IQR_and_at_least_8_medians,0.0,review_only,2025-12-01,True,False,121.0,False,monthly_and_transactions_not_reconciled
300200742_,шт,Алматы,2026-03-27,20000030355,96.0,93,180,3.0,34.0,24.0,above_Q3_plus_3IQR_and_at_least_8_medians,0.0,review_only,2026-03-01,True,False,40.0,False,monthly_and_transactions_not_reconciled
300200742_,шт,Алматы,2026-05-25,20000054525,36.0,82,180,3.0,34.0,24.0,above_Q3_plus_3IQR_and_at_least_8_medians,0.0,review_only,2026-05-01,True,False,53.0,False,monthly_and_transactions_not_reconciled
300200742_,шт,Алматы,2026-06-08,20000060916,36.0,85,180,4.0,34.0,32.0,above_Q3_plus_3IQR_and_at_least_8_medians,0.0,review_only,2026-06-01,True,False,104.0,False,monthly_and_transactions_not_reconciled
300200742_,шт,Алматы,2026-08-10,20000090528,64.0,83,180,3.0,34.0,24.0,above_Q3_plus_3IQR_and_at_least_8_medians,0.0,review_only,2026-08-01,True,True,197.0,True,quantity_matches_but_scope_customer_and_exception_not_confirmed
300200742_,шт,Алматы,2026-08-28,20000099455,52.0,82,180,3.0,32.0,24.0,above_Q3_plus_3IQR_and_at_least_8_medians,0.0,review_only,2026-08-01,True,True,197.0,True,quantity_matches_but_scope_customer_and_exception_not_confirmed
300200742_,шт,Алматы,2026-09-14,20000107257,45.0,81,180,3.0,34.0,24.0,above_Q3_plus_3IQR_and_at_least_8_medians,0.0,review_only,2026-09-01,,,,False,monthly_and_transactions_not_reconciled
300200743_,шт,Алматы,2025-07-29,20000080425,144.0,24,180,2.0,11.0,16.0,above_Q3_plus_3IQR_and_at_least_8_medians,0.0,review_only,2025-07-01,True,False,25.0,False,monthly_and_transactions_not_reconciled
300200744_,шт,Алматы,2025-05-06,20000044832,180.0,31,180,6.0,77.5,48.0,above_Q3_plus_3IQR_and_at_least_8_medians,0.0,review_only,2025-05-01,True,False,89.0,False,monthly_and_transactions_not_reconciled
300200744_,шт,Алматы,2025-07-04,20000070329,120.0,60,180,5.5,47.0,44.0,above_Q3_plus_3IQR_and_at_least_8_medians,0.0,review_only,2025-07-01,True,False,98.0,False,monthly_and_transactions_not_reconciled
300200744_,шт,Алматы,2025-08-29,20000094512,60.0,75,180,5.0,31.0,40.0,above_Q3_plus_3IQR_and_at_least_8_medians,0.0,review_only,2025-08-01,True,False,99.0,False,monthly_and_transactions_not_reconciled
300200744_,шт,Алматы,2025-09-19,20000102969,84.0,75,180,5.0,32.5,40.0,above_Q3_plus_3IQR_and_at_least_8_medians,0.0,review_only,2025-09-01,True,False,82.0,False,monthly_and_transactions_not_reconciled
300200744_,шт,Алматы,2025-12-17,20000143541,72.0,97,180,5.0,34.0,40.0,above_Q3_plus_3IQR_and_at_least_8_medians,0.0,review_only,2025-12-01,True,False,64.0,False,monthly_and_transactions_not_reconciled
300200744_,шт,Алматы,2026-01-29,20000009880,48.0,90,180,5.0,33.25,40.0,above_Q3_plus_3IQR_and_at_least_8_medians,0.0,review_only,2026-01-01,True,False,58.0,False,monthly_and_transactions_not_reconciled
300200744_,шт,Алматы,2026-03-10,20000025039,60.0,86,180,4.5,37.0,36.0,above_Q3_plus_3IQR_and_at_least_8_medians,0.0,review_only,2026-03-01,True,False,87.0,False,monthly_and_transactions_not_reconciled
300200744_,шт,Алматы,2026-04-22,20000041355,48.0,86,180,4.0,37.0,32.0,above_Q3_plus_3IQR_and_at_least_8_medians,0.0,review_only,2026-04-01,True,False,76.0,False,monthly_and_transactions_not_reconciled
300200744_,шт,Алматы,2026-05-29,20000056604,180.0,81,180,4.0,37.0,32.0,above_Q3_plus_3IQR_and_at_least_8_medians,0.0,review_only,2026-05-01,True,False,285.0,False,monthly_and_transactions_not_reconciled
300200744_,шт,Алматы,2026-06-05,20000059846,72.0,85,180,4.0,37.0,32.0,above_Q3_plus_3IQR_and_at_least_8_medians,0.0,review_only,2026-06-01,True,False,162.0,False,monthly_and_transactions_not_reconciled
300200744_,шт,Алматы,2026-08-24,20000097297,48.0,101,180,5.0,37.0,40.0,above_Q3_plus_3IQR_and_at_least_8_medians,0.0,review_only,2026-08-01,True,False,202.0,False,monthly_and_transactions_not_reconciled
300200744_,шт,Алматы,2026-08-28,20000099455,63.0,106,180,5.0,37.0,40.0,above_Q3_plus_3IQR_and_at_least_8_medians,0.0,review_only,2026-08-01,True,False,202.0,False,monthly_and_transactions_not_reconciled
300200744_,шт,Алматы,2026-09-09,20000105278,166.0,110,180,4.0,37.0,32.0,above_Q3_plus_3IQR_and_at_least_8_medians,0.0,review_only,2026-09-01,,,,False,monthly_and_transactions_not_reconciled
300200744_,шт,Алматы,2026-09-14,20000107297,71.0,110,180,4.0,37.0,32.0,above_Q3_plus_3IQR_and_at_least_8_medians,0.0,review_only,2026-09-01,,,,False,monthly_and_transactions_not_reconciled
300200745_,шт,Алматы,2025-02-10,20000013085,120.0,8,180,6.0,84.0,48.0,above_Q3_plus_3IQR_and_at_least_8_medians,0.0,review_only,2025-02-01,True,False,79.0,False,monthly_and_transactions_not_reconciled
300200745_,шт,Алматы,2025-02-12,20000014333,120.0,9,180,10.0,114.0,80.0,above_Q3_plus_3IQR_and_at_least_8_medians,0.0,review_only,2025-02-01,True,False,79.0,False,monthly_and_transactions_not_reconciled
300200745_,шт,Алматы,2025-06-18,20000063189,48.0,37,180,4.0,42.0,32.0,above_Q3_plus_3IQR_and_at_least_8_medians,0.0,review_only,2025-06-01,True,False,52.0,False,monthly_and_transactions_not_reconciled
300200745_,шт,Алматы,2025-06-20,20000064190,180.0,40,180,4.0,50.0,32.0,above_Q3_plus_3IQR_and_at_least_8_medians,0.0,review_only,2025-06-01,True,False,52.0,False,monthly_and_transactions_not_reconciled
300200745_,шт,Алматы,2025-08-07,20000084221,120.0,57,180,4.0,42.0,32.0,above_Q3_plus_3IQR_and_at_least_8_medians,0.0,review_only,2025-08-01,True,False,136.0,False,monthly_and_transactions_not_reconciled
300200745_,шт,Алматы,2025-08-13,20000086752,40.0,55,180,4.0,39.5,32.0,above_Q3_plus_3IQR_and_at_least_8_medians,0.0,review_only,2025-08-01,True,False,136.0,False,monthly_and_transactions_not_reconciled
300200745_,шт,Алматы,2025-09-26,20000106644,180.0,64,180,4.0,34.0,32.0,above_Q3_plus_3IQR_and_at_least_8_medians,0.0,review_only,2025-09-01,True,False,96.0,False,monthly_and_transactions_not_reconciled
300200745_,шт,Алматы,2025-11-21,20000131623,90.0,74,180,4.0,21.0,32.0,above_Q3_plus_3IQR_and_at_least_8_medians,0.0,review_only,2025-11-01,True,False,173.0,False,monthly_and_transactions_not_reconciled
300200745_,шт,Алматы,2025-11-26,20000133720,100.0,76,180,4.0,34.0,32.0,above_Q3_plus_3IQR_and_at_least_8_medians,0.0,review_only,2025-11-01,True,False,173.0,False,monthly_and_transactions_not_reconciled
300200745_,шт,Алматы,2025-12-20,20000144990,50.0,76,180,4.0,34.0,32.0,above_Q3_plus_3IQR_and_at_least_8_medians,0.0,review_only,2025-12-01,True,False,77.0,False,monthly_and_transactions_not_reconciled
300200745_,шт,Алматы,2026-03-03,20000022782,60.0,63,180,4.0,34.0,32.0,above_Q3_plus_3IQR_and_at_least_8_medians,0.0,review_only,2026-03-01,True,False,61.0,False,monthly_and_transactions_not_reconciled
300200745_,шт,Алматы,2026-03-27,20000030355,120.0,57,180,4.0,34.0,32.0,above_Q3_plus_3IQR_and_at_least_8_medians,0.0,review_only,2026-03-01,True,False,61.0,False,monthly_and_transactions_not_reconciled
300200745_,шт,Алматы,2026-04-22,20000041355,78.0,56,180,6.0,48.75,48.0,above_Q3_plus_3IQR_and_at_least_8_medians,0.0,review_only,2026-04-01,True,False,87.0,False,monthly_and_transactions_not_reconciled
300200746_,шт,Алматы,2025-05-06,20000044832,36.0,25,180,4.0,34.0,32.0,above_Q3_plus_3IQR_and_at_least_8_medians,0.0,review_only,2025-05-01,True,False,119.0,False,monthly_and_transactions_not_reconciled
300200746_,шт,Алматы,2025-05-23,20000052104,50.0,31,180,4.0,34.0,32.0,above_Q3_plus_3IQR_and_at_least_8_medians,0.0,review_only,2025-05-01,True,False,119.0,False,monthly_and_transactions_not_reconciled
300200746_,шт,Алматы,2025-07-18,20000075794,40.0,47,180,4.0,34.0,32.0,above_Q3_plus_3IQR_and_at_least_8_medians,0.0,review_only,2025-07-01,True,False,67.0,False,monthly_and_transactions_not_reconciled
300200746_,шт,Алматы,2025-07-29,20000080425,132.0,48,180,4.0,35.0,32.0,above_Q3_plus_3IQR_and_at_least_8_medians,0.0,review_only,2025-07-01,True,False,67.0,False,monthly_and_transactions_not_reconciled
300200746_,шт,Алматы,2025-07-31,20000081674,84.0,49,180,4.0,38.0,32.0,above_Q3_plus_3IQR_and_at_least_8_medians,0.0,review_only,2025-07-01,True,False,67.0,False,monthly_and_transactions_not_reconciled
300200746_,шт,Алматы,2025-12-23,20000146222,66.0,76,180,4.0,26.0,32.0,above_Q3_plus_3IQR_and_at_least_8_medians,0.0,review_only,2025-12-01,True,False,147.0,False,monthly_and_transactions_not_reconciled
300200746_,шт,Алматы,2026-01-29,20000009880,36.0,79,180,4.0,26.0,32.0,above_Q3_plus_3IQR_and_at_least_8_medians,0.0,review_only,2026-01-01,True,False,70.0,False,monthly_and_transactions_not_reconciled
300200746_,шт,Алматы,2026-02-25,20000020178,48.0,76,180,4.0,26.0,32.0,above_Q3_plus_3IQR_and_at_least_8_medians,0.0,review_only,2026-02-01,True,False,46.0,False,monthly_and_transactions_not_reconciled
300200746_,шт,Алматы,2026-06-15,20000064162,50.0,75,180,4.0,34.0,32.0,above_Q3_plus_3IQR_and_at_least_8_medians,0.0,review_only,2026-06-01,True,True,196.0,True,quantity_matches_but_scope_customer_and_exception_not_confirmed
300200746_,шт,Алматы,2026-08-28,20000099455,36.0,83,180,4.0,34.0,32.0,above_Q3_plus_3IQR_and_at_least_8_medians,0.0,review_only,2026-08-01,True,False,59.0,False,monthly_and_transactions_not_reconciled
300200746_,шт,Алматы,2026-09-02,20000099834,36.0,85,180,4.0,34.0,32.0,above_Q3_plus_3IQR_and_at_least_8_medians,0.0,review_only,2026-09-01,,,,False,monthly_and_transactions_not_reconciled
300200748_,шт,Алматы,2026-03-10,20000025039,12.0,9,180,1.0,5.0,8.0,above_Q3_plus_3IQR_and_at_least_8_medians,0.0,review_only,2026-03-01,True,False,2.0,False,monthly_and_transactions_not_reconciled
300200749_,шт,Алматы,2025-04-15,20000036282,48.0,24,180,3.0,28.0,24.0,above_Q3_plus_3IQR_and_at_least_8_medians,0.0,review_only,2025-04-01,True,False,41.0,False,monthly_and_transactions_not_reconciled
300200749_,шт,Алматы,2025-05-22,20000051647,30.0,42,180,2.0,17.0,16.0,above_Q3_plus_3IQR_and_at_least_8_medians,0.0,review_only,2025-05-01,True,False,62.0,False,monthly_and_transactions_not_reconciled
300200749_,шт,Алматы,2025-07-10,20000072343,90.0,51,180,2.0,17.0,16.0,above_Q3_plus_3IQR_and_at_least_8_medians,0.0,review_only,2025-07-01,True,False,128.0,False,monthly_and_transactions_not_reconciled
300200749_,шт,Алматы,2025-11-18,20000129705,25.0,71,180,2.0,9.0,16.0,above_Q3_plus_3IQR_and_at_least_8_medians,0.0,review_only,2025-11-01,True,False,93.0,False,monthly_and_transactions_not_reconciled
300200749_,шт,Алматы,2025-11-21,20000131623,36.0,73,180,2.0,9.0,16.0,above_Q3_plus_3IQR_and_at_least_8_medians,0.0,review_only,2025-11-01,True,False,93.0,False,monthly_and_transactions_not_reconciled
300200749_,шт,Алматы,2026-04-22,20000041355,24.0,78,180,2.0,13.0,16.0,above_Q3_plus_3IQR_and_at_least_8_medians,0.0,review_only,2026-04-01,True,False,51.0,False,monthly_and_transactions_not_reconciled
300200749_,шт,Алматы,2026-07-14,20000077535,32.0,70,180,1.5,9.0,12.0,above_Q3_plus_3IQR_and_at_least_8_medians,0.0,review_only,2026-07-01,True,False,55.0,False,monthly_and_transactions_not_reconciled
300200749_,шт,Алматы,2026-07-17,20000079465,12.0,72,180,1.5,9.0,12.0,above_Q3_plus_3IQR_and_at_least_8_medians,0.0,review_only,2026-07-01,True,False,55.0,False,monthly_and_transactions_not_reconciled
300200750_,шт,Алматы,2025-04-19,20000037812,10.0,13,180,1.0,5.0,8.0,above_Q3_plus_3IQR_and_at_least_8_medians,0.0,review_only,2025-04-01,True,False,31.0,False,monthly_and_transactions_not_reconciled
300200750_,шт,Алматы,2025-09-30,20000106999,12.0,55,180,1.0,5.0,8.0,above_Q3_plus_3IQR_and_at_least_8_medians,0.0,review_only,2025-09-01,True,False,35.0,False,monthly_and_transactions_not_reconciled
300200750_,шт,Алматы,2025-10-15,20000114221,10.0,56,180,1.0,5.0,8.0,above_Q3_plus_3IQR_and_at_least_8_medians,0.0,review_only,2025-10-01,True,False,18.0,False,monthly_and_transactions_not_reconciled
300200750_,шт,Алматы,2025-11-20,20000130649,12.0,52,180,1.0,5.0,8.0,above_Q3_plus_3IQR_and_at_least_8_medians,0.0,review_only,2025-11-01,True,False,24.0,False,monthly_and_transactions_not_reconciled
300200750_,шт,Алматы,2025-12-04,20000137641,8.0,52,180,1.0,5.0,8.0,above_Q3_plus_3IQR_and_at_least_8_medians,0.0,review_only,2025-12-01,True,False,14.0,False,monthly_and_transactions_not_reconciled
300200750_,шт,Алматы,2026-02-12,20000015139,12.0,40,180,1.0,5.0,8.0,above_Q3_plus_3IQR_and_at_least_8_medians,0.0,review_only,2026-02-01,True,False,2.0,False,monthly_and_transactions_not_reconciled
300200750_,шт,Алматы,2026-03-27,20000030355,36.0,28,180,1.0,12.0,8.0,above_Q3_plus_3IQR_and_at_least_8_medians,0.0,review_only,2026-03-01,True,False,19.0,False,monthly_and_transactions_not_reconciled
300200750_,шт,Алматы,2026-05-20,20000052547,24.0,34,180,1.0,9.0,8.0,above_Q3_plus_3IQR_and_at_least_8_medians,0.0,review_only,2026-05-01,True,False,24.0,False,monthly_and_transactions_not_reconciled
300200750_,шт,Алматы,2026-07-03,20000073273,12.0,38,180,1.0,5.0,8.0,above_Q3_plus_3IQR_and_at_least_8_medians,0.0,review_only,2026-07-01,True,False,12.0,False,monthly_and_transactions_not_reconciled
300200750_,шт,Алматы,2026-09-07,20000103687,24.0,57,180,1.0,5.0,8.0,above_Q3_plus_3IQR_and_at_least_8_medians,0.0,review_only,2026-09-01,,,,False,monthly_and_transactions_not_reconciled
300200750_,шт,Алматы,2026-09-09,20000104269,10.0,58,180,1.0,5.0,8.0,above_Q3_plus_3IQR_and_at_least_8_medians,0.0,review_only,2026-09-01,,,,False,monthly_and_transactions_not_reconciled
300200751_,шт,Алматы,2025-04-25,20000041189,36.0,22,180,3.0,32.0,24.0,above_Q3_plus_3IQR_and_at_least_8_medians,0.0,review_only,2025-04-01,True,False,54.0,False,monthly_and_transactions_not_reconciled
300200751_,шт,Алматы,2025-05-22,20000051647,82.0,32,180,2.0,20.0,16.0,above_Q3_plus_3IQR_and_at_least_8_medians,0.0,review_only,2025-05-01,True,False,126.0,False,monthly_and_transactions_not_reconciled
300200751_,шт,Алматы,2025-07-09,20000070938,20.0,54,180,2.0,17.0,16.0,above_Q3_plus_3IQR_and_at_least_8_medians,0.0,review_only,2025-07-01,True,False,98.0,False,monthly_and_transactions_not_reconciled
300200751_,шт,Алматы,2025-10-07,20000110561,20.0,73,180,2.0,17.0,16.0,above_Q3_plus_3IQR_and_at_least_8_medians,0.0,review_only,2025-10-01,True,False,83.0,False,monthly_and_transactions_not_reconciled
300200751_,шт,Алматы,2025-11-18,20000129705,90.0,79,180,3.0,17.0,24.0,above_Q3_plus_3IQR_and_at_least_8_medians,0.0,review_only,2025-11-01,True,False,165.0,False,monthly_and_transactions_not_reconciled
300200751_,шт,Алматы,2025-11-21,20000131623,48.0,79,180,3.0,19.0,24.0,above_Q3_plus_3IQR_and_at_least_8_medians,0.0,review_only,2025-11-01,True,False,165.0,False,monthly_and_transactions_not_reconciled
300200751_,шт,Алматы,2025-12-30,20000149031,25.0,81,180,3.0,21.0,24.0,above_Q3_plus_3IQR_and_at_least_8_medians,0.0,review_only,2025-12-01,True,False,91.0,False,monthly_and_transactions_not_reconciled
300200751_,шт,Алматы,2026-03-10,20000024964,108.0,74,180,3.0,37.0,24.0,above_Q3_plus_3IQR_and_at_least_8_medians,0.0,review_only,2026-03-01,True,False,38.0,False,monthly_and_transactions_not_reconciled
300200751_,шт,Алматы,2026-05-20,20000052547,48.0,82,180,3.0,34.25,24.0,above_Q3_plus_3IQR_and_at_least_8_medians,0.0,review_only,2026-05-01,True,False,78.0,False,monthly_and_transactions_not_reconciled
300200751_,шт,Алматы,2026-08-06,20000087701,65.0,100,180,3.0,19.0,24.0,above_Q3_plus_3IQR_and_at_least_8_medians,0.0,review_only,2026-08-01,True,False,164.0,False,monthly_and_transactions_not_reconciled
300200751_,шт,Алматы,2026-09-02,20000099834,48.0,114,180,3.0,25.0,24.0,above_Q3_plus_3IQR_and_at_least_8_medians,0.0,review_only,2026-09-01,,,,False,monthly_and_transactions_not_reconciled
300200751_,шт,Алматы,2026-09-07,20000103687,36.0,113,180,3.0,26.0,24.0,above_Q3_plus_3IQR_and_at_least_8_medians,0.0,review_only,2026-09-01,,,,False,monthly_and_transactions_not_reconciled
300200752_,шт,Алматы,2025-02-12,20000014333,30.0,8,180,3.0,13.0,24.0,above_Q3_plus_3IQR_and_at_least_8_medians,0.0,review_only,2025-02-01,True,False,84.0,False,monthly_and_transactions_not_reconciled
300200752_,шт,Алматы,2025-03-19,20000026533,39.0,20,180,4.0,31.0,32.0,above_Q3_plus_3IQR_and_at_least_8_medians,0.0,review_only,2025-03-01,True,False,119.0,False,monthly_and_transactions_not_reconciled
300200752_,шт,Алматы,2025-04-25,20000041189,42.0,34,180,3.5,28.0,28.0,above_Q3_plus_3IQR_and_at_least_8_medians,0.0,review_only,2025-04-01,True,False,38.0,False,monthly_and_transactions_not_reconciled
300200752_,шт,Алматы,2025-08-05,20000083176,30.0,63,180,3.0,27.0,24.0,above_Q3_plus_3IQR_and_at_least_8_medians,0.0,review_only,2025-08-01,True,False,60.0,False,monthly_and_transactions_not_reconciled
300200752_,шт,Алматы,2025-08-13,20000087099,36.0,66,180,2.5,24.0,20.0,above_Q3_plus_3IQR_and_at_least_8_medians,0.0,review_only,2025-08-01,True,False,60.0,False,monthly_and_transactions_not_reconciled
300200752_,шт,Алматы,2025-10-07,20000110561,30.0,78,180,2.0,28.0,16.0,above_Q3_plus_3IQR_and_at_least_8_medians,0.0,review_only,2025-10-01,True,False,96.0,False,monthly_and_transactions_not_reconciled
300200752_,шт,Алматы,2025-11-21,20000131623,24.0,86,180,2.0,21.0,16.0,above_Q3_plus_3IQR_and_at_least_8_medians,0.0,review_only,2025-11-01,True,False,45.0,False,monthly_and_transactions_not_reconciled
300200752_,шт,Алматы,2025-12-08,20000139355,72.0,88,180,2.0,21.0,16.0,above_Q3_plus_3IQR_and_at_least_8_medians,0.0,review_only,2025-12-01,True,False,147.0,False,monthly_and_transactions_not_reconciled
300200752_,шт,Алматы,2025-12-30,20000148962,30.0,89,180,2.0,21.0,16.0,above_Q3_plus_3IQR_and_at_least_8_medians,0.0,review_only,2025-12-01,True,False,147.0,False,monthly_and_transactions_not_reconciled
300200752_,шт,Алматы,2026-01-20,20000005994,41.0,89,180,2.0,21.0,16.0,above_Q3_plus_3IQR_and_at_least_8_medians,0.0,review_only,2026-01-01,True,False,69.0,False,monthly_and_transactions_not_reconciled
300200752_,шт,Алматы,2026-02-18,20000017141,30.0,87,180,2.0,21.0,16.0,above_Q3_plus_3IQR_and_at_least_8_medians,0.0,review_only,2026-02-01,True,False,52.0,False,monthly_and_transactions_not_reconciled
300200752_,шт,Алматы,2026-03-10,20000024964,48.0,81,180,2.0,21.0,16.0,above_Q3_plus_3IQR_and_at_least_8_medians,0.0,review_only,2026-03-01,True,False,30.0,False,monthly_and_transactions_not_reconciled
300200752_,шт,Алматы,2026-04-22,20000041355,24.0,70,180,2.0,21.0,16.0,above_Q3_plus_3IQR_and_at_least_8_medians,0.0,review_only,2026-04-01,True,False,56.0,False,monthly_and_transactions_not_reconciled
300200752_,шт,Алматы,2026-05-20,20000052547,42.0,73,180,2.0,21.0,16.0,above_Q3_plus_3IQR_and_at_least_8_medians,0.0,review_only,2026-05-01,False,False,32.0,False,monthly_and_transactions_not_reconciled
300200752_,шт,Алматы,2026-07-08,20000074578,24.0,88,180,2.0,17.0,16.0,above_Q3_plus_3IQR_and_at_least_8_medians,0.0,review_only,2026-07-01,True,False,50.0,False,monthly_and_transactions_not_reconciled
300200752_,шт,Алматы,2026-09-17,20000109103,30.0,114,180,2.0,13.0,16.0,above_Q3_plus_3IQR_and_at_least_8_medians,0.0,review_only,2026-09-01,,,,False,monthly_and_transactions_not_reconciled
300200753_,шт,Алматы,2025-05-22,20000051647,18.0,13,180,2.0,2.0,16.0,above_Q3_plus_3IQR_and_at_least_8_medians,0.0,review_only,2025-05-01,True,False,45.0,False,monthly_and_transactions_not_reconciled
300200753_,шт,Алматы,2025-06-05,20000057959,18.0,17,180,2.0,10.0,16.0,above_Q3_plus_3IQR_and_at_least_8_medians,0.0,review_only,2025-06-01,True,False,13.0,False,monthly_and_transactions_not_reconciled
300200753_,шт,Алматы,2025-12-19,20000144350,26.0,29,180,3.0,10.0,24.0,above_Q3_plus_3IQR_and_at_least_8_medians,0.0,review_only,2025-12-01,True,False,45.0,False,monthly_and_transactions_not_reconciled
300200753_,шт,Алматы,2026-06-17,20000064919,24.0,28,180,2.0,10.0,16.0,above_Q3_plus_3IQR_and_at_least_8_medians,0.0,review_only,2026-06-01,True,True,56.0,True,quantity_matches_but_scope_customer_and_exception_not_confirmed
300200754_,шт,Алматы,2025-06-04,20000056378,10.0,8,180,1.0,1.0,8.0,above_Q3_plus_3IQR_and_at_least_8_medians,0.0,review_only,2025-06-01,True,True,11.0,True,quantity_matches_but_scope_customer_and_exception_not_confirmed
300200755_,шт,Алматы,2025-08-06,20000083088,10.0,13,180,1.0,1.0,8.0,above_Q3_plus_3IQR_and_at_least_8_medians,0.0,review_only,2025-08-01,True,False,17.0,False,monthly_and_transactions_not_reconciled
300200755_,шт,Алматы,2025-10-16,20000115804,10.0,20,180,1.0,2.0,8.0,above_Q3_plus_3IQR_and_at_least_8_medians,0.0,review_only,2025-10-01,True,False,19.0,False,monthly_and_transactions_not_reconciled
300200755_,шт,Алматы,2026-01-28,20000009445,10.0,20,180,1.0,5.0,8.0,above_Q3_plus_3IQR_and_at_least_8_medians,0.0,review_only,2026-01-01,True,True,12.0,True,quantity_matches_but_scope_customer_and_exception_not_confirmed
300200771_,шт,Алматы,2025-03-04,20000021546,20.0,17,180,2.0,17.0,16.0,above_Q3_plus_3IQR_and_at_least_8_medians,0.0,review_only,2025-03-01,True,False,37.0,False,monthly_and_transactions_not_reconciled
300200771_,шт,Алматы,2025-05-06,20000044832,30.0,38,180,2.0,17.0,16.0,above_Q3_plus_3IQR_and_at_least_8_medians,0.0,review_only,2025-05-01,True,False,24.0,False,monthly_and_transactions_not_reconciled
300200772_,шт,Алматы,2026-02-25,20000019759,10.0,23,180,1.0,5.0,8.0,above_Q3_plus_3IQR_and_at_least_8_medians,0.0,review_only,2026-02-01,True,False,21.0,False,monthly_and_transactions_not_reconciled
300200773_,шт,Алматы,2025-03-12,20000024181,12.0,8,180,1.0,5.0,8.0,above_Q3_plus_3IQR_and_at_least_8_medians,0.0,review_only,2025-03-01,True,False,12.0,False,monthly_and_transactions_not_reconciled
300200777_,шт,Алматы,2025-04-25,20000040809,50.0,27,180,6.0,31.0,48.0,above_Q3_plus_3IQR_and_at_least_8_medians,0.0,review_only,2025-04-01,True,False,72.0,False,monthly_and_transactions_not_reconciled
300200779_,шт,Алматы,2025-08-12,20000086222,64.0,35,180,2.0,12.0,16.0,above_Q3_plus_3IQR_and_at_least_8_medians,0.0,review_only,2025-08-01,True,True,79.0,True,quantity_matches_but_scope_customer_and_exception_not_confirmed
300200779_,шт,Алматы,2025-12-09,20000139481,55.0,42,180,2.0,14.0,16.0,above_Q3_plus_3IQR_and_at_least_8_medians,0.0,review_only,2025-12-01,True,False,69.0,False,monthly_and_transactions_not_reconciled
300200812_,шт,Алматы,2025-02-11,20000013661,80.0,8,180,4.0,32.5,32.0,above_Q3_plus_3IQR_and_at_least_8_medians,0.0,review_only,2025-02-01,True,False,78.0,False,monthly_and_transactions_not_reconciled
300200814_,шт,Алматы,2025-06-19,20000063543,50.0,40,180,5.0,37.0,40.0,above_Q3_plus_3IQR_and_at_least_8_medians,0.0,review_only,2025-06-01,True,True,112.0,True,quantity_matches_but_scope_customer_and_exception_not_confirmed
300200814_,шт,Алматы,2025-06-30,20000067911,50.0,44,180,4.5,37.0,36.0,above_Q3_plus_3IQR_and_at_least_8_medians,0.0,review_only,2025-06-01,True,True,112.0,True,quantity_matches_but_scope_customer_and_exception_not_confirmed
300200814_,шт,Алматы,2026-03-10,20000024984,40.0,30,180,3.5,34.0,28.0,above_Q3_plus_3IQR_and_at_least_8_medians,0.0,review_only,2026-03-01,True,False,7.0,False,monthly_and_transactions_not_reconciled
300200822_,шт,Алматы,2025-04-14,20000035033,90.0,29,180,9.0,51.0,72.0,above_Q3_plus_3IQR_and_at_least_8_medians,0.0,review_only,2025-04-01,True,False,189.0,False,monthly_and_transactions_not_reconciled
300200822_,шт,Алматы,2026-03-10,20000024984,60.0,35,180,5.0,34.0,40.0,above_Q3_plus_3IQR_and_at_least_8_medians,0.0,review_only,2026-03-01,True,False,13.0,False,monthly_and_transactions_not_reconciled
300200826_,шт,Алматы,2025-04-14,20000035033,40.0,12,180,4.5,26.0,36.0,above_Q3_plus_3IQR_and_at_least_8_medians,0.0,review_only,2025-04-01,True,False,53.0,False,monthly_and_transactions_not_reconciled
300200833_,шт,Алматы,2025-02-05,20000011801,16.0,10,180,2.0,15.25,16.0,above_Q3_plus_3IQR_and_at_least_8_medians,0.0,review_only,2025-02-01,True,False,39.0,False,monthly_and_transactions_not_reconciled
300200833_,шт,Алматы,2025-02-11,20000013661,80.0,12,180,2.0,18.0,16.0,above_Q3_plus_3IQR_and_at_least_8_medians,0.0,review_only,2025-02-01,True,False,39.0,False,monthly_and_transactions_not_reconciled
300200833_,шт,Алматы,2025-07-10,20000072003,50.0,26,180,5.0,24.25,40.0,above_Q3_plus_3IQR_and_at_least_8_medians,0.0,review_only,2025-07-01,True,False,-2.0,False,monthly_and_transactions_not_reconciled
300200835_,шт,Алматы,2025-07-10,20000072003,55.0,28,180,6.5,29.75,52.0,above_Q3_plus_3IQR_and_at_least_8_medians,0.0,review_only,2025-07-01,True,False,-5.0,False,monthly_and_transactions_not_reconciled
300200835_,шт,Алматы,2026-03-31,30000000779,18.0,9,180,2.0,13.0,16.0,above_Q3_plus_3IQR_and_at_least_8_medians,0.0,review_only,2026-03-01,True,False,36.0,False,monthly_and_transactions_not_reconciled
300200838_,шт,Алматы,2025-07-29,20000080425,45.0,17,180,3.0,14.0,24.0,above_Q3_plus_3IQR_and_at_least_8_medians,0.0,review_only,2025-07-01,True,False,3.0,False,monthly_and_transactions_not_reconciled
300200842_,шт,Алматы,2025-02-11,20000013661,300.0,13,180,34.0,222.0,272.0,above_Q3_plus_3IQR_and_at_least_8_medians,0.0,review_only,2025-02-01,True,False,236.0,False,monthly_and_transactions_not_reconciled
300200842_,шт,Алматы,2025-04-14,20000035033,300.0,28,180,33.0,224.25,264.0,above_Q3_plus_3IQR_and_at_least_8_medians,0.0,review_only,2025-04-01,True,False,674.0,False,monthly_and_transactions_not_reconciled
300200842_,шт,Алматы,2025-07-10,20000072003,270.0,40,180,33.5,219.0,268.0,above_Q3_plus_3IQR_and_at_least_8_medians,0.0,review_only,2025-07-01,True,False,-23.0,False,monthly_and_transactions_not_reconciled
300200844_,шт,Алматы,2025-07-23,20000077590,30.0,9,180,3.0,26.0,24.0,above_Q3_plus_3IQR_and_at_least_8_medians,0.0,review_only,2025-07-01,False,False,,False,monthly_and_transactions_not_reconciled
300200846_,шт,Алматы,2025-02-03,20000010675,250.0,11,180,17.0,74.0,136.0,above_Q3_plus_3IQR_and_at_least_8_medians,0.0,review_only,2025-02-01,True,False,108.0,False,monthly_and_transactions_not_reconciled
300200846_,шт,Алматы,2025-09-19,20000102969,60.0,32,180,5.5,55.0,44.0,above_Q3_plus_3IQR_and_at_least_8_medians,0.0,review_only,2025-09-01,True,False,-22.0,False,monthly_and_transactions_not_reconciled
300200846_,шт,Алматы,2026-01-20,20000005687,52.0,24,180,4.0,49.0,32.0,above_Q3_plus_3IQR_and_at_least_8_medians,0.0,review_only,2026-01-01,True,False,80.0,False,monthly_and_transactions_not_reconciled
300200847_,шт,Алматы,2025-02-03,20000010670,100.0,10,180,9.5,35.0,76.0,above_Q3_plus_3IQR_and_at_least_8_medians,0.0,review_only,2025-02-01,True,False,62.0,False,monthly_and_transactions_not_reconciled
300200847_,шт,Алматы,2025-07-10,20000072003,75.0,28,180,9.0,35.5,72.0,above_Q3_plus_3IQR_and_at_least_8_medians,0.0,review_only,2025-07-01,True,False,5.0,False,monthly_and_transactions_not_reconciled
300200848_,шт,Алматы,2025-02-03,20000010675,50.0,8,180,3.0,10.0,24.0,above_Q3_plus_3IQR_and_at_least_8_medians,0.0,review_only,2025-02-01,True,False,14.0,False,monthly_and_transactions_not_reconciled
300200848_,шт,Алматы,2025-04-24,20000040487,40.0,15,180,3.0,18.0,24.0,above_Q3_plus_3IQR_and_at_least_8_medians,0.0,review_only,2025-04-01,True,False,42.0,False,monthly_and_transactions_not_reconciled
300200848_,шт,Алматы,2026-03-05,20000023520,15.0,8,180,1.0,6.0,8.0,above_Q3_plus_3IQR_and_at_least_8_medians,0.0,review_only,2026-03-01,True,False,39.0,False,monthly_and_transactions_not_reconciled
300200848_,шт,Алматы,2026-03-31,30000000779,27.0,9,180,1.0,9.0,8.0,above_Q3_plus_3IQR_and_at_least_8_medians,0.0,review_only,2026-03-01,True,False,39.0,False,monthly_and_transactions_not_reconciled
300200856_,шт,Алматы,2025-02-11,20000013661,400.0,13,180,30.0,124.0,240.0,above_Q3_plus_3IQR_and_at_least_8_medians,0.0,review_only,2025-02-01,True,False,690.0,False,monthly_and_transactions_not_reconciled
300200856_,шт,Алматы,2025-03-17,20000026006,500.0,29,180,34.0,150.0,272.0,above_Q3_plus_3IQR_and_at_least_8_medians,0.0,review_only,2025-03-01,True,False,1011.0,False,monthly_and_transactions_not_reconciled
300200856_,шт,Алматы,2025-08-13,20000087093,260.0,56,180,27.5,177.0,220.0,above_Q3_plus_3IQR_and_at_least_8_medians,0.0,review_only,2025-08-01,True,False,100.0,False,monthly_and_transactions_not_reconciled
300200857_,шт,Алматы,2025-02-03,20000010675,100.0,9,180,5.0,29.0,40.0,above_Q3_plus_3IQR_and_at_least_8_medians,0.0,review_only,2025-02-01,True,False,75.0,False,monthly_and_transactions_not_reconciled
300200857_,шт,Алматы,2025-04-28,20000040860,100.0,33,180,4.0,34.0,32.0,above_Q3_plus_3IQR_and_at_least_8_medians,0.0,review_only,2025-04-01,True,False,155.0,False,monthly_and_transactions_not_reconciled
300200857_,шт,Алматы,2025-07-30,20000081012,100.0,52,180,4.5,34.0,36.0,above_Q3_plus_3IQR_and_at_least_8_medians,0.0,review_only,2025-07-01,True,False,33.0,False,monthly_and_transactions_not_reconciled
300200857_,шт,Алматы,2025-08-13,20000087093,55.0,50,180,5.0,33.25,40.0,above_Q3_plus_3IQR_and_at_least_8_medians,0.0,review_only,2025-08-01,True,False,15.0,False,monthly_and_transactions_not_reconciled
300200857_,шт,Алматы,2026-06-18,20000065547,42.0,19,180,5.0,23.5,40.0,above_Q3_plus_3IQR_and_at_least_8_medians,0.0,review_only,2026-06-01,True,False,79.0,False,monthly_and_transactions_not_reconciled
300200859_,шт,Алматы,2025-02-03,20000010675,100.0,8,180,5.5,31.0,44.0,above_Q3_plus_3IQR_and_at_least_8_medians,0.0,review_only,2025-02-01,True,False,95.0,False,monthly_and_transactions_not_reconciled
300200859_,шт,Алматы,2025-04-28,20000040860,100.0,26,180,5.0,32.25,40.0,above_Q3_plus_3IQR_and_at_least_8_medians,0.0,review_only,2025-04-01,True,False,120.0,False,monthly_and_transactions_not_reconciled
300200859_,шт,Алматы,2026-06-18,20000065547,29.0,18,180,2.0,20.0,16.0,above_Q3_plus_3IQR_and_at_least_8_medians,0.0,review_only,2026-06-01,True,True,60.0,True,quantity_matches_but_scope_customer_and_exception_not_confirmed
300200861_,шт,Алматы,2025-06-26,20000066518,16.0,32,180,2.0,14.0,16.0,above_Q3_plus_3IQR_and_at_least_8_medians,0.0,review_only,2025-06-01,True,False,32.0,False,monthly_and_transactions_not_reconciled
300200861_,шт,Алматы,2026-05-14,20000049991,50.0,13,180,3.0,26.0,24.0,above_Q3_plus_3IQR_and_at_least_8_medians,0.0,review_only,2026-05-01,True,True,56.0,True,quantity_matches_but_scope_customer_and_exception_not_confirmed
300200862_,шт,Алматы,2026-07-29,20000084534,16.0,15,180,2.0,2.0,16.0,above_Q3_plus_3IQR_and_at_least_8_medians,0.0,review_only,2026-07-01,True,True,45.0,True,quantity_matches_but_scope_customer_and_exception_not_confirmed
300200868_,шт,Алматы,2025-02-03,20000010675,220.0,11,180,13.0,72.5,104.0,above_Q3_plus_3IQR_and_at_least_8_medians,0.0,review_only,2025-02-01,True,False,279.0,False,monthly_and_transactions_not_reconciled
300200868_,шт,Алматы,2025-04-14,20000035033,100.0,40,180,12.0,73.0,96.0,above_Q3_plus_3IQR_and_at_least_8_medians,0.0,review_only,2025-04-01,True,False,271.0,False,monthly_and_transactions_not_reconciled
300200868_,шт,Алматы,2025-09-26,20000106619,90.0,61,180,10.0,60.0,80.0,above_Q3_plus_3IQR_and_at_least_8_medians,0.0,review_only,2025-09-01,True,False,136.0,False,monthly_and_transactions_not_reconciled
300200869_,шт,Алматы,2025-12-11,20000140922,60.0,51,180,5.0,47.0,40.0,above_Q3_plus_3IQR_and_at_least_8_medians,0.0,review_only,2025-12-01,True,False,47.0,False,monthly_and_transactions_not_reconciled
300200870_,шт,Алматы,2025-09-26,20000106619,30.0,41,180,3.0,14.0,24.0,above_Q3_plus_3IQR_and_at_least_8_medians,0.0,review_only,2025-09-01,False,False,,False,monthly_and_transactions_not_reconciled
300200870_,шт,Алматы,2026-07-29,20000084534,35.0,26,180,3.0,25.0,24.0,above_Q3_plus_3IQR_and_at_least_8_medians,0.0,review_only,2026-07-01,True,False,99.0,False,monthly_and_transactions_not_reconciled
300200871_,шт,Алматы,2025-10-22,20000118011,12.0,28,180,1.0,5.0,8.0,above_Q3_plus_3IQR_and_at_least_8_medians,0.0,review_only,2025-10-01,True,False,4.0,False,monthly_and_transactions_not_reconciled
300200873_,шт,Алматы,2025-06-09,20000058523,40.0,19,180,5.0,19.0,40.0,above_Q3_plus_3IQR_and_at_least_8_medians,0.0,review_only,2025-06-01,True,True,110.0,True,quantity_matches_but_scope_customer_and_exception_not_confirmed
300200873_,шт,Алматы,2025-06-30,20000067911,50.0,22,180,5.0,30.5,40.0,above_Q3_plus_3IQR_and_at_least_8_medians,0.0,review_only,2025-06-01,True,True,110.0,True,quantity_matches_but_scope_customer_and_exception_not_confirmed
300200882_,шт,Алматы,2025-05-23,20000052078,26.0,11,180,2.0,15.5,16.0,above_Q3_plus_3IQR_and_at_least_8_medians,0.0,review_only,2025-05-01,True,False,29.0,False,monthly_and_transactions_not_reconciled
300200887_,шт,Алматы,2025-08-18,20000088751,120.0,9,180,10.0,74.0,80.0,above_Q3_plus_3IQR_and_at_least_8_medians,0.0,review_only,2025-08-01,True,False,122.0,False,monthly_and_transactions_not_reconciled
300200898_,шт,Алматы,2026-09-03,20000102119,72.0,14,180,5.5,66.25,44.0,above_Q3_plus_3IQR_and_at_least_8_medians,0.0,review_only,2026-09-01,,,,False,monthly_and_transactions_not_reconciled
300200910_,шт,Алматы,2025-02-19,20000016926,100.0,11,180,8.0,41.0,64.0,above_Q3_plus_3IQR_and_at_least_8_medians,0.0,review_only,2025-02-01,True,False,129.0,False,monthly_and_transactions_not_reconciled
300200910_,шт,Алматы,2025-07-14,20000073318,200.0,32,180,24.5,140.75,196.0,above_Q3_plus_3IQR_and_at_least_8_medians,0.0,review_only,2025-07-01,True,False,270.0,False,monthly_and_transactions_not_reconciled
300200914_,шт,Алматы,2025-02-11,20000013661,30.0,9,180,2.0,29.0,16.0,above_Q3_plus_3IQR_and_at_least_8_medians,0.0,review_only,2025-02-01,True,False,28.0,False,monthly_and_transactions_not_reconciled
300200914_,шт,Алматы,2025-04-15,20000036282,50.0,18,180,5.5,36.25,44.0,above_Q3_plus_3IQR_and_at_least_8_medians,0.0,review_only,2025-04-01,True,False,46.0,False,monthly_and_transactions_not_reconciled
300200914_,шт,Алматы,2026-06-01,20000057516,16.0,15,180,2.0,7.0,16.0,above_Q3_plus_3IQR_and_at_least_8_medians,0.0,review_only,2026-06-01,True,True,27.0,True,quantity_matches_but_scope_customer_and_exception_not_confirmed
300200921_,шт,Алматы,2025-02-03,20000010746,50.0,8,180,2.0,22.75,16.0,above_Q3_plus_3IQR_and_at_least_8_medians,0.0,review_only,2025-02-01,True,False,73.0,False,monthly_and_transactions_not_reconciled
300200921_,шт,Алматы,2025-02-19,20000016926,100.0,13,180,2.0,37.0,16.0,above_Q3_plus_3IQR_and_at_least_8_medians,0.0,review_only,2025-02-01,True,False,73.0,False,monthly_and_transactions_not_reconciled
300200922_,шт,Алматы,2025-04-14,20000035033,100.0,14,180,7.0,65.0,56.0,above_Q3_plus_3IQR_and_at_least_8_medians,0.0,review_only,2025-04-01,True,False,126.0,False,monthly_and_transactions_not_reconciled
300200924_,шт,Алматы,2025-08-05,20000083245,18.0,8,180,2.0,8.75,16.0,above_Q3_plus_3IQR_and_at_least_8_medians,0.0,review_only,2025-08-01,True,True,22.0,True,quantity_matches_but_scope_customer_and_exception_not_confirmed
300200934_,шт,Алматы,2026-08-14,20000092710,30.0,20,180,3.5,22.0,28.0,above_Q3_plus_3IQR_and_at_least_8_medians,0.0,review_only,2026-08-01,True,False,61.0,False,monthly_and_transactions_not_reconciled
300200945_,шт,Алматы,2025-02-03,20000010670,70.0,8,180,8.0,28.25,64.0,above_Q3_plus_3IQR_and_at_least_8_medians,0.0,review_only,2025-02-01,True,False,86.0,False,monthly_and_transactions_not_reconciled
300200945_,шт,Алматы,2026-06-10,20000062113,55.0,18,180,4.5,42.25,36.0,above_Q3_plus_3IQR_and_at_least_8_medians,0.0,review_only,2026-06-01,True,True,105.0,True,quantity_matches_but_scope_customer_and_exception_not_confirmed
300200946_,шт,Алматы,2025-09-26,20000106619,70.0,26,180,8.0,41.25,64.0,above_Q3_plus_3IQR_and_at_least_8_medians,0.0,review_only,2025-09-01,True,False,43.0,False,monthly_and_transactions_not_reconciled
300200947_,шт,Алматы,2026-05-05,20000046830,16.0,10,180,2.0,9.0,16.0,above_Q3_plus_3IQR_and_at_least_8_medians,0.0,review_only,2026-05-01,True,True,16.0,True,quantity_matches_but_scope_customer_and_exception_not_confirmed
300200948_,шт,Алматы,2026-06-25,20000069146,14.0,8,180,1.5,6.0,12.0,above_Q3_plus_3IQR_and_at_least_8_medians,0.0,review_only,2026-06-01,True,True,17.0,True,quantity_matches_but_scope_customer_and_exception_not_confirmed
300200959_,шт,Алматы,2025-04-16,20000036939,59.0,22,180,3.5,16.25,28.0,above_Q3_plus_3IQR_and_at_least_8_medians,0.0,review_only,2025-04-01,True,False,136.0,False,monthly_and_transactions_not_reconciled
300200967_,шт,Алматы,2025-09-30,30000033182,120.0,62,180,4.0,37.0,32.0,above_Q3_plus_3IQR_and_at_least_8_medians,0.0,review_only,2025-09-01,True,False,66.0,False,monthly_and_transactions_not_reconciled
300200967_,шт,Алматы,2025-10-02,20000108949,96.0,65,180,4.0,37.0,32.0,above_Q3_plus_3IQR_and_at_least_8_medians,0.0,review_only,2025-10-01,True,False,301.0,False,monthly_and_transactions_not_reconciled
300200967_,шт,Алматы,2025-10-29,20000120529,40.0,82,180,4.0,37.0,32.0,above_Q3_plus_3IQR_and_at_least_8_medians,0.0,review_only,2025-10-01,True,False,301.0,False,monthly_and_transactions_not_reconciled
300200967_,шт,Алматы,2026-02-11,20000014809,120.0,123,180,3.0,29.0,24.0,above_Q3_plus_3IQR_and_at_least_8_medians,0.0,review_only,2026-02-01,True,False,249.0,False,monthly_and_transactions_not_reconciled
300200967_,шт,Алматы,2026-02-11,20000014872,32.0,123,180,3.0,29.0,24.0,above_Q3_plus_3IQR_and_at_least_8_medians,0.0,review_only,2026-02-01,True,False,249.0,False,monthly_and_transactions_not_reconciled
300200967_,шт,Алматы,2026-02-21,20000018644,50.0,122,180,4.0,35.0,32.0,above_Q3_plus_3IQR_and_at_least_8_medians,0.0,review_only,2026-02-01,True,False,249.0,False,monthly_and_transactions_not_reconciled
300200967_,шт,Алматы,2026-03-05,20000023420,40.0,119,180,4.0,35.5,32.0,above_Q3_plus_3IQR_and_at_least_8_medians,0.0,review_only,2026-03-01,True,False,239.0,False,monthly_and_transactions_not_reconciled
300200967_,шт,Алматы,2026-03-16,20000027130,103.0,126,180,4.0,34.0,32.0,above_Q3_plus_3IQR_and_at_least_8_medians,0.0,review_only,2026-03-01,True,False,239.0,False,monthly_and_transactions_not_reconciled
300200967_,шт,Алматы,2026-04-08,20000035460,120.0,114,180,5.0,40.0,40.0,above_Q3_plus_3IQR_and_at_least_8_medians,0.0,review_only,2026-04-01,True,False,212.0,False,monthly_and_transactions_not_reconciled
300200967_,шт,Алматы,2026-06-11,20000062366,40.0,104,180,3.0,26.0,24.0,above_Q3_plus_3IQR_and_at_least_8_medians,0.0,review_only,2026-06-01,True,False,153.0,False,monthly_and_transactions_not_reconciled
300200967_,шт,Алматы,2026-06-16,20000064361,88.0,107,180,3.0,29.0,24.0,above_Q3_plus_3IQR_and_at_least_8_medians,0.0,review_only,2026-06-01,True,False,153.0,False,monthly_and_transactions_not_reconciled
300200967_,шт,Алматы,2026-07-23,30000002051,160.0,107,180,4.0,35.5,32.0,above_Q3_plus_3IQR_and_at_least_8_medians,0.0,review_only,2026-07-01,True,False,122.0,False,monthly_and_transactions_not_reconciled
300200967_,шт,Алматы,2026-08-17,20000093758,120.0,110,180,4.0,37.0,32.0,above_Q3_plus_3IQR_and_at_least_8_medians,0.0,review_only,2026-08-01,True,False,251.0,False,monthly_and_transactions_not_reconciled
300200967_,шт,Алматы,2026-09-14,20000107405,130.0,114,180,3.5,37.0,28.0,above_Q3_plus_3IQR_and_at_least_8_medians,0.0,review_only,2026-09-01,,,,False,monthly_and_transactions_not_reconciled
300200967_,шт,Алматы,2026-09-21,30000002725,240.0,119,180,3.0,37.0,24.0,above_Q3_plus_3IQR_and_at_least_8_medians,0.0,review_only,2026-09-01,,,,False,monthly_and_transactions_not_reconciled
300200968_,шт,Алматы,2025-07-02,20000068961,70.0,19,180,4.0,42.0,32.0,above_Q3_plus_3IQR_and_at_least_8_medians,0.0,review_only,2025-07-01,True,False,100.0,False,monthly_and_transactions_not_reconciled
300200968_,шт,Алматы,2025-07-11,30000032580,48.0,21,180,5.0,42.0,40.0,above_Q3_plus_3IQR_and_at_least_8_medians,0.0,review_only,2025-07-01,True,False,100.0,False,monthly_and_transactions_not_reconciled
300200968_,шт,Алматы,2025-07-29,20000080030,48.0,29,180,4.0,42.0,32.0,above_Q3_plus_3IQR_and_at_least_8_medians,0.0,review_only,2025-07-01,True,False,100.0,False,monthly_and_transactions_not_reconciled
300200968_,шт,Алматы,2025-10-13,20000113728,70.0,59,180,4.0,34.0,32.0,above_Q3_plus_3IQR_and_at_least_8_medians,0.0,review_only,2025-10-01,True,False,138.0,False,monthly_and_transactions_not_reconciled
300200968_,шт,Алматы,2025-10-28,30000033406,48.0,59,180,5.0,34.0,40.0,above_Q3_plus_3IQR_and_at_least_8_medians,0.0,review_only,2025-10-01,True,False,138.0,False,monthly_and_transactions_not_reconciled
300200968_,шт,Алматы,2026-08-12,30000002247,36.0,71,180,3.0,32.0,24.0,above_Q3_plus_3IQR_and_at_least_8_medians,0.0,review_only,2026-08-01,True,False,78.0,False,monthly_and_transactions_not_reconciled
300200968_,шт,Алматы,2026-09-21,30000002725,96.0,75,180,3.0,38.0,24.0,above_Q3_plus_3IQR_and_at_least_8_medians,0.0,review_only,2026-09-01,,,,False,monthly_and_transactions_not_reconciled
300201148_,шт,Алматы,2025-07-11,30000032580,90.0,24,180,1.5,42.0,12.0,above_Q3_plus_3IQR_and_at_least_8_medians,0.0,review_only,2025-07-01,True,False,38.0,False,monthly_and_transactions_not_reconciled
300201148_,шт,Алматы,2025-07-29,20000080030,45.0,28,180,1.5,42.0,12.0,above_Q3_plus_3IQR_and_at_least_8_medians,0.0,review_only,2025-07-01,True,False,38.0,False,monthly_and_transactions_not_reconciled
300201148_,шт,Алматы,2025-09-30,30000033182,45.0,50,180,2.0,21.0,16.0,above_Q3_plus_3IQR_and_at_least_8_medians,0.0,review_only,2025-09-01,True,False,52.0,False,monthly_and_transactions_not_reconciled
300201148_,шт,Алматы,2025-10-28,30000033406,30.0,60,180,2.5,28.0,20.0,above_Q3_plus_3IQR_and_at_least_8_medians,0.0,review_only,2025-10-01,True,False,101.0,False,monthly_and_transactions_not_reconciled
300201148_,шт,Алматы,2025-11-21,20000131731,30.0,74,180,2.5,21.0,20.0,above_Q3_plus_3IQR_and_at_least_8_medians,0.0,review_only,2025-11-01,True,False,84.0,False,monthly_and_transactions_not_reconciled
300201148_,шт,Алматы,2025-12-01,30000033833,60.0,73,180,3.0,21.0,24.0,above_Q3_plus_3IQR_and_at_least_8_medians,0.0,review_only,2025-12-01,True,False,67.0,False,monthly_and_transactions_not_reconciled
300201148_,шт,Алматы,2025-12-15,30000033997,30.0,75,180,3.0,21.0,24.0,above_Q3_plus_3IQR_and_at_least_8_medians,0.0,review_only,2025-12-01,True,False,67.0,False,monthly_and_transactions_not_reconciled
300201148_,шт,Алматы,2026-01-27,20000008597,30.0,81,180,2.0,17.0,16.0,above_Q3_plus_3IQR_and_at_least_8_medians,0.0,review_only,2026-01-01,True,False,38.0,False,monthly_and_transactions_not_reconciled
300201148_,шт,Алматы,2026-02-23,20000019407,30.0,84,180,2.0,17.0,16.0,above_Q3_plus_3IQR_and_at_least_8_medians,0.0,review_only,2026-02-01,True,False,34.0,False,monthly_and_transactions_not_reconciled
300201148_,шт,Алматы,2026-06-25,20000069094,20.0,77,180,2.0,13.0,16.0,above_Q3_plus_3IQR_and_at_least_8_medians,0.0,review_only,2026-06-01,True,False,40.0,False,monthly_and_transactions_not_reconciled
300201148_,шт,Алматы,2026-07-23,30000002051,90.0,78,180,3.0,17.0,24.0,above_Q3_plus_3IQR_and_at_least_8_medians,0.0,review_only,2026-07-01,True,False,38.0,False,monthly_and_transactions_not_reconciled
300201148_,шт,Алматы,2026-08-12,30000002247,45.0,77,180,3.0,14.0,24.0,above_Q3_plus_3IQR_and_at_least_8_medians,0.0,review_only,2026-08-01,True,False,72.0,False,monthly_and_transactions_not_reconciled
300201148_,шт,Алматы,2026-09-09,20000105171,20.0,90,180,2.5,17.0,20.0,above_Q3_plus_3IQR_and_at_least_8_medians,0.0,review_only,2026-09-01,,,,False,monthly_and_transactions_not_reconciled
300201149_,шт,Алматы,2025-09-30,30000033182,45.0,37,180,3.0,37.0,24.0,above_Q3_plus_3IQR_and_at_least_8_medians,0.0,review_only,2025-09-01,True,False,37.0,False,monthly_and_transactions_not_reconciled
300201149_,шт,Алматы,2026-03-26,30000000725,30.0,39,180,2.0,15.0,16.0,above_Q3_plus_3IQR_and_at_least_8_medians,0.0,review_only,2026-03-01,True,False,12.0,False,monthly_and_transactions_not_reconciled
300201149_,шт,Алматы,2026-06-10,20000061781,10.0,38,180,1.0,5.0,8.0,above_Q3_plus_3IQR_and_at_least_8_medians,0.0,review_only,2026-06-01,True,False,48.0,False,monthly_and_transactions_not_reconciled
300201149_,шт,Алматы,2026-06-11,20000062366,9.0,40,180,1.0,5.0,8.0,above_Q3_plus_3IQR_and_at_least_8_medians,0.0,review_only,2026-06-01,True,False,48.0,False,monthly_and_transactions_not_reconciled
300201149_,шт,Алматы,2026-06-12,20000063109,10.0,40,180,1.0,5.0,8.0,above_Q3_plus_3IQR_and_at_least_8_medians,0.0,review_only,2026-06-01,True,False,48.0,False,monthly_and_transactions_not_reconciled
300201149_,шт,Алматы,2026-06-23,20000067754,14.0,42,180,1.0,5.0,8.0,above_Q3_plus_3IQR_and_at_least_8_medians,0.0,review_only,2026-06-01,True,False,48.0,False,monthly_and_transactions_not_reconciled
300201149_,шт,Алматы,2026-07-07,30000001863,45.0,45,180,1.0,5.0,8.0,above_Q3_plus_3IQR_and_at_least_8_medians,0.0,review_only,2026-07-01,True,False,9.0,False,monthly_and_transactions_not_reconciled
300201149_,шт,Алматы,2026-08-06,20000088661,105.0,45,180,1.0,5.0,8.0,above_Q3_plus_3IQR_and_at_least_8_medians,0.0,review_only,2026-08-01,True,False,28.0,False,monthly_and_transactions_not_reconciled
300201149_,шт,Алматы,2026-08-12,20000090622,10.0,47,180,1.0,7.0,8.0,above_Q3_plus_3IQR_and_at_least_8_medians,0.0,review_only,2026-08-01,True,False,28.0,False,monthly_and_transactions_not_reconciled
300201149_,шт,Алматы,2026-09-09,20000105171,10.0,52,180,1.0,9.0,8.0,above_Q3_plus_3IQR_and_at_least_8_medians,0.0,review_only,2026-09-01,,,,False,monthly_and_transactions_not_reconciled
300201149_,шт,Алматы,2026-09-18,20000108850,10.0,55,180,1.0,9.0,8.0,above_Q3_plus_3IQR_and_at_least_8_medians,0.0,review_only,2026-09-01,,,,False,monthly_and_transactions_not_reconciled
300201149_,шт,Алматы,2026-09-21,30000002725,15.0,56,180,1.0,10.0,8.0,above_Q3_plus_3IQR_and_at_least_8_medians,0.0,review_only,2026-09-01,,,,False,monthly_and_transactions_not_reconciled
300201150_,шт,Алматы,2026-04-01,20000032197,40.0,11,180,1.0,5.0,8.0,above_Q3_plus_3IQR_and_at_least_8_medians,0.0,review_only,2026-04-01,True,False,6.0,False,monthly_and_transactions_not_reconciled
300201150_,шт,Алматы,2026-06-24,20000068754,18.0,9,180,2.0,9.0,16.0,above_Q3_plus_3IQR_and_at_least_8_medians,0.0,review_only,2026-06-01,True,False,4.0,False,monthly_and_transactions_not_reconciled
300201151_,шт,Алматы,2025-09-11,20000098492,144.0,25,180,6.0,31.0,48.0,above_Q3_plus_3IQR_and_at_least_8_medians,0.0,review_only,2025-09-01,True,False,222.0,False,monthly_and_transactions_not_reconciled
300201151_,шт,Алматы,2025-09-23,30000033121,50.0,29,180,6.0,43.0,48.0,above_Q3_plus_3IQR_and_at_least_8_medians,0.0,review_only,2025-09-01,True,False,222.0,False,monthly_and_transactions_not_reconciled
300201151_,шт,Алматы,2025-11-05,30000033483,90.0,38,180,7.5,70.25,60.0,above_Q3_plus_3IQR_and_at_least_8_medians,0.0,review_only,2025-11-01,True,False,27.0,False,monthly_and_transactions_not_reconciled
300201151_,шт,Алматы,2025-12-01,30000033833,70.0,46,180,5.0,52.0,40.0,above_Q3_plus_3IQR_and_at_least_8_medians,0.0,review_only,2025-12-01,True,False,58.0,False,monthly_and_transactions_not_reconciled
300201151_,шт,Алматы,2026-07-07,30000001863,60.0,29,180,4.0,26.0,32.0,above_Q3_plus_3IQR_and_at_least_8_medians,0.0,review_only,2026-07-01,True,False,17.0,False,monthly_and_transactions_not_reconciled
300201151_,шт,Алматы,2026-08-27,30000002392,60.0,36,180,3.5,34.75,28.0,above_Q3_plus_3IQR_and_at_least_8_medians,0.0,review_only,2026-08-01,True,False,23.0,False,monthly_and_transactions_not_reconciled
300201152_,шт,Алматы,2025-07-26,20000079412,63.0,8,180,6.0,57.75,48.0,above_Q3_plus_3IQR_and_at_least_8_medians,0.0,review_only,2025-07-01,True,False,67.0,False,monthly_and_transactions_not_reconciled
300201153_,шт,Алматы,2025-07-29,20000080030,60.0,23,180,5.0,35.5,40.0,above_Q3_plus_3IQR_and_at_least_8_medians,0.0,review_only,2025-07-01,True,False,38.0,False,monthly_and_transactions_not_reconciled
300201153_,шт,Алматы,2025-09-11,20000099694,85.0,35,180,5.0,34.0,40.0,above_Q3_plus_3IQR_and_at_least_8_medians,0.0,review_only,2025-09-01,True,False,121.0,False,monthly_and_transactions_not_reconciled
300201153_,шт,Алматы,2025-12-01,30000033833,40.0,56,180,5.0,34.0,40.0,above_Q3_plus_3IQR_and_at_least_8_medians,0.0,review_only,2025-12-01,True,False,130.0,False,monthly_and_transactions_not_reconciled
300201154_,шт,Алматы,2026-06-06,20000059956,10.0,12,180,1.0,8.0,8.0,above_Q3_plus_3IQR_and_at_least_8_medians,0.0,review_only,2026-06-01,True,True,10.0,True,quantity_matches_but_scope_customer_and_exception_not_confirmed
300201155_,шт,Алматы,2025-12-15,20000142753,40.0,41,180,3.0,26.0,24.0,above_Q3_plus_3IQR_and_at_least_8_medians,0.0,review_only,2025-12-01,True,False,86.0,False,monthly_and_transactions_not_reconciled
300201155_,шт,Алматы,2026-01-27,20000008597,32.0,51,180,3.0,21.5,24.0,above_Q3_plus_3IQR_and_at_least_8_medians,0.0,review_only,2026-01-01,True,False,45.0,False,monthly_and_transactions_not_reconciled
300201155_,шт,Алматы,2026-03-07,20000024369,100.0,52,180,2.0,22.0,16.0,above_Q3_plus_3IQR_and_at_least_8_medians,0.0,review_only,2026-03-01,True,False,158.0,False,monthly_and_transactions_not_reconciled
300201155_,шт,Алматы,2026-03-27,20000030233,30.0,52,180,2.0,29.0,16.0,above_Q3_plus_3IQR_and_at_least_8_medians,0.0,review_only,2026-03-01,True,False,158.0,False,monthly_and_transactions_not_reconciled
