sku,month_number,seasonal_factor,status,trained_before
010400432_,1,0.8354121808864158,estimated_from_past,2026-09-01
010400432_,2,0.5317561990607181,estimated_from_past,2026-09-01
010400432_,3,0.8368275861062624,estimated_from_past,2026-09-01
010400432_,4,0.9940879019577694,estimated_from_past,2026-09-01
010400432_,5,0.6922598646832654,estimated_from_past,2026-09-01
010400432_,6,1.235349480378939,estimated_from_past,2026-09-01
010400432_,7,1.6742639054724031,estimated_from_past,2026-09-01
010400432_,8,1.4336705491125163,estimated_from_past,2026-09-01
010400432_,9,0.8252238608658728,estimated_from_past,2026-09-01
010400432_,10,1.2960030924162274,estimated_from_past,2026-09-01
010400432_,11,0.8826910389621265,estimated_from_past,2026-09-01
010400432_,12,0.7624543400974825,estimated_from_past,2026-09-01
010400433_,1,1.0,insufficient_history,2026-09-01
010400433_,2,1.0,insufficient_history,2026-09-01
010400433_,3,1.0,insufficient_history,2026-09-01
010400433_,4,1.0,insufficient_history,2026-09-01
010400433_,5,1.0,insufficient_history,2026-09-01
010400433_,6,1.0,insufficient_history,2026-09-01
010400433_,7,1.0,insufficient_history,2026-09-01
010400433_,8,1.0,insufficient_history,2026-09-01
010400433_,9,1.0,insufficient_history,2026-09-01
010400433_,10,1.0,insufficient_history,2026-09-01
010400433_,11,1.0,insufficient_history,2026-09-01
010400433_,12,1.0,insufficient_history,2026-09-01
010400436_,1,0.6251467414351413,estimated_from_past,2026-09-01
010400436_,2,0.5358844323692036,estimated_from_past,2026-09-01
010400436_,3,0.6094898068431835,estimated_from_past,2026-09-01
010400436_,4,1.083115646202093,estimated_from_past,2026-09-01
010400436_,5,0.9345442372027241,estimated_from_past,2026-09-01
010400436_,6,1.2186698566788003,estimated_from_past,2026-09-01
010400436_,7,1.4325609002694124,estimated_from_past,2026-09-01
010400436_,8,0.9212674267941305,estimated_from_past,2026-09-01
010400436_,9,1.1534674964842644,estimated_from_past,2026-09-01
010400436_,10,1.4241533040572896,estimated_from_past,2026-09-01
010400436_,11,1.2391438242386543,estimated_from_past,2026-09-01
010400436_,12,0.8225563274251015,estimated_from_past,2026-09-01
010400437_,1,0.8206261203409788,estimated_from_past,2026-09-01
010400437_,2,0.7737682190607714,estimated_from_past,2026-09-01
010400437_,3,0.5805238825557588,estimated_from_past,2026-09-01
010400437_,4,0.6948998222522763,estimated_from_past,2026-09-01
010400437_,5,1.0461125957316535,estimated_from_past,2026-09-01
010400437_,6,0.9194325144208163,estimated_from_past,2026-09-01
010400437_,7,1.3168765385313268,estimated_from_past,2026-09-01
010400437_,8,1.1491729306624172,estimated_from_past,2026-09-01
010400437_,9,1.4048172125666525,estimated_from_past,2026-09-01
010400437_,10,1.3208209254661853,estimated_from_past,2026-09-01
010400437_,11,1.18758757956644,estimated_from_past,2026-09-01
010400437_,12,0.7853616588447235,estimated_from_past,2026-09-01
010400440_,1,0.8633217840198101,estimated_from_past,2026-09-01
010400440_,2,0.8511564239417387,estimated_from_past,2026-09-01
010400440_,3,0.5525440835221935,estimated_from_past,2026-09-01
010400440_,4,1.2446302634835076,estimated_from_past,2026-09-01
010400440_,5,1.2232915931154946,estimated_from_past,2026-09-01
010400440_,6,1.0223137753557263,estimated_from_past,2026-09-01
010400440_,7,1.0391376151012068,estimated_from_past,2026-09-01
010400440_,8,1.2179684288045607,estimated_from_past,2026-09-01
010400440_,9,0.9679375860400986,estimated_from_past,2026-09-01
010400440_,10,1.1724743185419388,estimated_from_past,2026-09-01
010400440_,11,0.986673001066168,estimated_from_past,2026-09-01
010400440_,12,0.8585511270075575,estimated_from_past,2026-09-01
010400441_,1,1.0119707874167578,estimated_from_past,2026-09-01
010400441_,2,0.8670935299852414,estimated_from_past,2026-09-01
010400441_,3,0.7397262941467534,estimated_from_past,2026-09-01
010400441_,4,0.872957819000243,estimated_from_past,2026-09-01
010400441_,5,0.9173010112784279,estimated_from_past,2026-09-01
010400441_,6,0.8243978135060667,estimated_from_past,2026-09-01
010400441_,7,1.0815307850017628,estimated_from_past,2026-09-01
010400441_,8,1.1171956648559804,estimated_from_past,2026-09-01
010400441_,9,0.8143929399347781,estimated_from_past,2026-09-01
010400441_,10,1.574216601105284,estimated_from_past,2026-09-01
010400441_,11,0.9236760484647344,estimated_from_past,2026-09-01
010400441_,12,1.255540705303969,estimated_from_past,2026-09-01
010400444_,1,0.7281788748424204,estimated_from_past,2026-09-01
010400444_,2,0.8107179888296474,estimated_from_past,2026-09-01
010400444_,3,0.542941662503162,estimated_from_past,2026-09-01
010400444_,4,1.0937084463478766,estimated_from_past,2026-09-01
010400444_,5,1.0624058687674192,estimated_from_past,2026-09-01
010400444_,6,1.1811194751206475,estimated_from_past,2026-09-01
010400444_,7,1.1681310962904436,estimated_from_past,2026-09-01
010400444_,8,1.2757945193063056,estimated_from_past,2026-09-01
010400444_,9,1.128263475531712,estimated_from_past,2026-09-01
010400444_,10,1.092259703430532,estimated_from_past,2026-09-01
010400444_,11,0.9845298503954765,estimated_from_past,2026-09-01
010400444_,12,0.9319490386343586,estimated_from_past,2026-09-01
010400445_,1,0.8596289292356057,estimated_from_past,2026-09-01
010400445_,2,0.5681552386849125,estimated_from_past,2026-09-01
010400445_,3,0.8018696822240363,estimated_from_past,2026-09-01
010400445_,4,0.9966400976996693,estimated_from_past,2026-09-01
010400445_,5,0.9125110396181153,estimated_from_past,2026-09-01
010400445_,6,0.8266647158250822,estimated_from_past,2026-09-01
010400445_,7,0.9045270342036744,estimated_from_past,2026-09-01
010400445_,8,1.1300040260135613,estimated_from_past,2026-09-01
010400445_,9,1.2369437028246972,estimated_from_past,2026-09-01
010400445_,10,1.601683694507715,estimated_from_past,2026-09-01
010400445_,11,1.1896229753847534,estimated_from_past,2026-09-01
010400445_,12,0.9717488637781766,estimated_from_past,2026-09-01
010400447_,1,0.7182636683806986,estimated_from_past,2026-09-01
010400447_,2,0.8551060994985514,estimated_from_past,2026-09-01
010400447_,3,0.8612064510035824,estimated_from_past,2026-09-01
010400447_,4,1.0906052502047783,estimated_from_past,2026-09-01
010400447_,5,1.0628597964079456,estimated_from_past,2026-09-01
010400447_,6,0.9862253184200374,estimated_from_past,2026-09-01
010400447_,7,1.257879504574653,estimated_from_past,2026-09-01
010400447_,8,1.2072016394631442,estimated_from_past,2026-09-01
010400447_,9,0.9913103045366031,estimated_from_past,2026-09-01
010400447_,10,1.125487433876048,estimated_from_past,2026-09-01
010400447_,11,0.9402460618513419,estimated_from_past,2026-09-01
010400447_,12,0.9036084717826168,estimated_from_past,2026-09-01
010400448_,1,0.7893919310112752,estimated_from_past,2026-09-01
010400448_,2,0.6019862648575234,estimated_from_past,2026-09-01
010400448_,3,0.7391565528274492,estimated_from_past,2026-09-01
010400448_,4,0.9685723286211468,estimated_from_past,2026-09-01
010400448_,5,0.9976095260323037,estimated_from_past,2026-09-01
010400448_,6,1.0316949888043523,estimated_from_past,2026-09-01
010400448_,7,1.0899762555575492,estimated_from_past,2026-09-01
010400448_,8,1.1405947553587794,estimated_from_past,2026-09-01
010400448_,9,1.047929285104331,estimated_from_past,2026-09-01
010400448_,10,1.253651730041044,estimated_from_past,2026-09-01
010400448_,11,1.0083588379369886,estimated_from_past,2026-09-01
010400448_,12,1.3310775438472602,estimated_from_past,2026-09-01
020100158_,1,0.729012906839694,estimated_from_past,2026-09-01
020100158_,2,0.8506282547319791,estimated_from_past,2026-09-01
020100158_,3,0.9550930545562922,estimated_from_past,2026-09-01
020100158_,4,1.0183762231829605,estimated_from_past,2026-09-01
020100158_,5,1.0367235959902281,estimated_from_past,2026-09-01
020100158_,6,1.0656748108985363,estimated_from_past,2026-09-01
020100158_,7,0.9230991634896735,estimated_from_past,2026-09-01
020100158_,8,1.1580682445347121,estimated_from_past,2026-09-01
020100158_,9,1.2578606739659077,estimated_from_past,2026-09-01
020100158_,10,0.9139708062327903,estimated_from_past,2026-09-01
020100158_,11,0.99967950066422,estimated_from_past,2026-09-01
020100158_,12,1.0918127649130052,estimated_from_past,2026-09-01
020100159_,1,1.0,insufficient_history,2026-09-01
020100159_,2,1.0,insufficient_history,2026-09-01
020100159_,3,1.0,insufficient_history,2026-09-01
020100159_,4,1.0,insufficient_history,2026-09-01
020100159_,5,1.0,insufficient_history,2026-09-01
020100159_,6,1.0,insufficient_history,2026-09-01
020100159_,7,1.0,insufficient_history,2026-09-01
020100159_,8,1.0,insufficient_history,2026-09-01
020100159_,9,1.0,insufficient_history,2026-09-01
020100159_,10,1.0,insufficient_history,2026-09-01
020100159_,11,1.0,insufficient_history,2026-09-01
020100159_,12,1.0,insufficient_history,2026-09-01
020100160_,1,0.8775620580452596,estimated_from_past,2026-09-01
020100160_,2,0.881331945489566,estimated_from_past,2026-09-01
020100160_,3,0.9000920933751071,estimated_from_past,2026-09-01
020100160_,4,0.9493936010471445,estimated_from_past,2026-09-01
020100160_,5,0.9921613743356221,estimated_from_past,2026-09-01
020100160_,6,0.8807767717402875,estimated_from_past,2026-09-01
020100160_,7,1.2486767088646715,estimated_from_past,2026-09-01
020100160_,8,1.2985608660802015,estimated_from_past,2026-09-01
020100160_,9,0.9766714844323985,estimated_from_past,2026-09-01
020100160_,10,1.0212616567348478,estimated_from_past,2026-09-01
020100160_,11,0.9686173603440666,estimated_from_past,2026-09-01
020100160_,12,1.004894079510829,estimated_from_past,2026-09-01
020100161_,1,1.0,insufficient_history,2026-09-01
020100161_,2,1.0,insufficient_history,2026-09-01
020100161_,3,1.0,insufficient_history,2026-09-01
020100161_,4,1.0,insufficient_history,2026-09-01
020100161_,5,1.0,insufficient_history,2026-09-01
020100161_,6,1.0,insufficient_history,2026-09-01
020100161_,7,1.0,insufficient_history,2026-09-01
020100161_,8,1.0,insufficient_history,2026-09-01
020100161_,9,1.0,insufficient_history,2026-09-01
020100161_,10,1.0,insufficient_history,2026-09-01
020100161_,11,1.0,insufficient_history,2026-09-01
020100161_,12,1.0,insufficient_history,2026-09-01
020100162_,1,0.9706747974161916,estimated_from_past,2026-09-01
020100162_,2,0.9367383179149457,estimated_from_past,2026-09-01
020100162_,3,1.0287877096299796,estimated_from_past,2026-09-01
020100162_,4,0.8901091987974897,estimated_from_past,2026-09-01
020100162_,5,1.5197444964891205,estimated_from_past,2026-09-01
020100162_,6,0.8659434353230636,estimated_from_past,2026-09-01
020100162_,7,0.6890711606151827,estimated_from_past,2026-09-01
020100162_,8,1.5201369047613007,estimated_from_past,2026-09-01
020100162_,9,0.7220339700997878,estimated_from_past,2026-09-01
020100162_,10,0.9457428037003766,estimated_from_past,2026-09-01
020100162_,11,1.0503846306898152,estimated_from_past,2026-09-01
020100162_,12,0.8606325745627447,estimated_from_past,2026-09-01
020100163_,1,0.642779766931857,estimated_from_past,2026-09-01
020100163_,2,0.7959773587659034,estimated_from_past,2026-09-01
020100163_,3,0.9219498070603118,estimated_from_past,2026-09-01
020100163_,4,1.025560791938912,estimated_from_past,2026-09-01
020100163_,5,0.5257181268826167,estimated_from_past,2026-09-01
020100163_,6,0.9932121029732207,estimated_from_past,2026-09-01
020100163_,7,1.7285965312140332,estimated_from_past,2026-09-01
020100163_,8,1.682139582909454,estimated_from_past,2026-09-01
020100163_,9,1.0147752353011223,estimated_from_past,2026-09-01
020100163_,10,1.0257926273677516,estimated_from_past,2026-09-01
020100163_,11,0.857691374073426,estimated_from_past,2026-09-01
020100163_,12,0.7858066945813919,estimated_from_past,2026-09-01
030200002_,1,1.0,insufficient_history,2026-09-01
030200002_,2,1.0,insufficient_history,2026-09-01
030200002_,3,1.0,insufficient_history,2026-09-01
030200002_,4,1.0,insufficient_history,2026-09-01
030200002_,5,1.0,insufficient_history,2026-09-01
030200002_,6,1.0,insufficient_history,2026-09-01
030200002_,7,1.0,insufficient_history,2026-09-01
030200002_,8,1.0,insufficient_history,2026-09-01
030200002_,9,1.0,insufficient_history,2026-09-01
030200002_,10,1.0,insufficient_history,2026-09-01
030200002_,11,1.0,insufficient_history,2026-09-01
030200002_,12,1.0,insufficient_history,2026-09-01
030200003_,1,1.0,insufficient_history,2026-09-01
030200003_,2,1.0,insufficient_history,2026-09-01
030200003_,3,1.0,insufficient_history,2026-09-01
030200003_,4,1.0,insufficient_history,2026-09-01
030200003_,5,1.0,insufficient_history,2026-09-01
030200003_,6,1.0,insufficient_history,2026-09-01
030200003_,7,1.0,insufficient_history,2026-09-01
030200003_,8,1.0,insufficient_history,2026-09-01
030200003_,9,1.0,insufficient_history,2026-09-01
030200003_,10,1.0,insufficient_history,2026-09-01
030200003_,11,1.0,insufficient_history,2026-09-01
030200003_,12,1.0,insufficient_history,2026-09-01
030200005_,1,1.0,insufficient_history,2026-09-01
030200005_,2,1.0,insufficient_history,2026-09-01
030200005_,3,1.0,insufficient_history,2026-09-01
030200005_,4,1.0,insufficient_history,2026-09-01
030200005_,5,1.0,insufficient_history,2026-09-01
030200005_,6,1.0,insufficient_history,2026-09-01
030200005_,7,1.0,insufficient_history,2026-09-01
030200005_,8,1.0,insufficient_history,2026-09-01
030200005_,9,1.0,insufficient_history,2026-09-01
030200005_,10,1.0,insufficient_history,2026-09-01
030200005_,11,1.0,insufficient_history,2026-09-01
030200005_,12,1.0,insufficient_history,2026-09-01
030200006_,1,1.0,insufficient_history,2026-09-01
030200006_,2,1.0,insufficient_history,2026-09-01
030200006_,3,1.0,insufficient_history,2026-09-01
030200006_,4,1.0,insufficient_history,2026-09-01
030200006_,5,1.0,insufficient_history,2026-09-01
030200006_,6,1.0,insufficient_history,2026-09-01
030200006_,7,1.0,insufficient_history,2026-09-01
030200006_,8,1.0,insufficient_history,2026-09-01
030200006_,9,1.0,insufficient_history,2026-09-01
030200006_,10,1.0,insufficient_history,2026-09-01
030200006_,11,1.0,insufficient_history,2026-09-01
030200006_,12,1.0,insufficient_history,2026-09-01
030200007_,1,1.0,insufficient_history,2026-09-01
030200007_,2,1.0,insufficient_history,2026-09-01
030200007_,3,1.0,insufficient_history,2026-09-01
030200007_,4,1.0,insufficient_history,2026-09-01
030200007_,5,1.0,insufficient_history,2026-09-01
030200007_,6,1.0,insufficient_history,2026-09-01
030200007_,7,1.0,insufficient_history,2026-09-01
030200007_,8,1.0,insufficient_history,2026-09-01
030200007_,9,1.0,insufficient_history,2026-09-01
030200007_,10,1.0,insufficient_history,2026-09-01
030200007_,11,1.0,insufficient_history,2026-09-01
030200007_,12,1.0,insufficient_history,2026-09-01
030200008_,1,1.0,insufficient_history,2026-09-01
030200008_,2,1.0,insufficient_history,2026-09-01
030200008_,3,1.0,insufficient_history,2026-09-01
030200008_,4,1.0,insufficient_history,2026-09-01
030200008_,5,1.0,insufficient_history,2026-09-01
030200008_,6,1.0,insufficient_history,2026-09-01
030200008_,7,1.0,insufficient_history,2026-09-01
030200008_,8,1.0,insufficient_history,2026-09-01
030200008_,9,1.0,insufficient_history,2026-09-01
030200008_,10,1.0,insufficient_history,2026-09-01
030200008_,11,1.0,insufficient_history,2026-09-01
030200008_,12,1.0,insufficient_history,2026-09-01
030200009_,1,1.0,insufficient_history,2026-09-01
030200009_,2,1.0,insufficient_history,2026-09-01
030200009_,3,1.0,insufficient_history,2026-09-01
030200009_,4,1.0,insufficient_history,2026-09-01
030200009_,5,1.0,insufficient_history,2026-09-01
030200009_,6,1.0,insufficient_history,2026-09-01
030200009_,7,1.0,insufficient_history,2026-09-01
030200009_,8,1.0,insufficient_history,2026-09-01
030200009_,9,1.0,insufficient_history,2026-09-01
030200009_,10,1.0,insufficient_history,2026-09-01
030200009_,11,1.0,insufficient_history,2026-09-01
030200009_,12,1.0,insufficient_history,2026-09-01
030200010_,1,1.0,insufficient_history,2026-09-01
030200010_,2,1.0,insufficient_history,2026-09-01
030200010_,3,1.0,insufficient_history,2026-09-01
030200010_,4,1.0,insufficient_history,2026-09-01
030200010_,5,1.0,insufficient_history,2026-09-01
030200010_,6,1.0,insufficient_history,2026-09-01
030200010_,7,1.0,insufficient_history,2026-09-01
030200010_,8,1.0,insufficient_history,2026-09-01
030200010_,9,1.0,insufficient_history,2026-09-01
030200010_,10,1.0,insufficient_history,2026-09-01
030200010_,11,1.0,insufficient_history,2026-09-01
030200010_,12,1.0,insufficient_history,2026-09-01
030200011_,1,1.0,insufficient_history,2026-09-01
030200011_,2,1.0,insufficient_history,2026-09-01
030200011_,3,1.0,insufficient_history,2026-09-01
030200011_,4,1.0,insufficient_history,2026-09-01
030200011_,5,1.0,insufficient_history,2026-09-01
030200011_,6,1.0,insufficient_history,2026-09-01
030200011_,7,1.0,insufficient_history,2026-09-01
030200011_,8,1.0,insufficient_history,2026-09-01
030200011_,9,1.0,insufficient_history,2026-09-01
030200011_,10,1.0,insufficient_history,2026-09-01
030200011_,11,1.0,insufficient_history,2026-09-01
030200011_,12,1.0,insufficient_history,2026-09-01
030200012_,1,1.0,insufficient_history,2026-09-01
030200012_,2,1.0,insufficient_history,2026-09-01
030200012_,3,1.0,insufficient_history,2026-09-01
030200012_,4,1.0,insufficient_history,2026-09-01
030200012_,5,1.0,insufficient_history,2026-09-01
030200012_,6,1.0,insufficient_history,2026-09-01
030200012_,7,1.0,insufficient_history,2026-09-01
030200012_,8,1.0,insufficient_history,2026-09-01
030200012_,9,1.0,insufficient_history,2026-09-01
030200012_,10,1.0,insufficient_history,2026-09-01
030200012_,11,1.0,insufficient_history,2026-09-01
030200012_,12,1.0,insufficient_history,2026-09-01
030200013_,1,1.0,insufficient_history,2026-09-01
030200013_,2,1.0,insufficient_history,2026-09-01
030200013_,3,1.0,insufficient_history,2026-09-01
030200013_,4,1.0,insufficient_history,2026-09-01
030200013_,5,1.0,insufficient_history,2026-09-01
030200013_,6,1.0,insufficient_history,2026-09-01
030200013_,7,1.0,insufficient_history,2026-09-01
030200013_,8,1.0,insufficient_history,2026-09-01
030200013_,9,1.0,insufficient_history,2026-09-01
030200013_,10,1.0,insufficient_history,2026-09-01
030200013_,11,1.0,insufficient_history,2026-09-01
030200013_,12,1.0,insufficient_history,2026-09-01
030200015_,1,1.0,insufficient_history,2026-09-01
030200015_,2,1.0,insufficient_history,2026-09-01
030200015_,3,1.0,insufficient_history,2026-09-01
030200015_,4,1.0,insufficient_history,2026-09-01
030200015_,5,1.0,insufficient_history,2026-09-01
030200015_,6,1.0,insufficient_history,2026-09-01
030200015_,7,1.0,insufficient_history,2026-09-01
030200015_,8,1.0,insufficient_history,2026-09-01
030200015_,9,1.0,insufficient_history,2026-09-01
030200015_,10,1.0,insufficient_history,2026-09-01
030200015_,11,1.0,insufficient_history,2026-09-01
030200015_,12,1.0,insufficient_history,2026-09-01
030200016_,1,1.0,insufficient_history,2026-09-01
030200016_,2,1.0,insufficient_history,2026-09-01
030200016_,3,1.0,insufficient_history,2026-09-01
030200016_,4,1.0,insufficient_history,2026-09-01
030200016_,5,1.0,insufficient_history,2026-09-01
030200016_,6,1.0,insufficient_history,2026-09-01
030200016_,7,1.0,insufficient_history,2026-09-01
030200016_,8,1.0,insufficient_history,2026-09-01
030200016_,9,1.0,insufficient_history,2026-09-01
030200016_,10,1.0,insufficient_history,2026-09-01
030200016_,11,1.0,insufficient_history,2026-09-01
030200016_,12,1.0,insufficient_history,2026-09-01
030200025_,1,1.0,insufficient_history,2026-09-01
030200025_,2,1.0,insufficient_history,2026-09-01
030200025_,3,1.0,insufficient_history,2026-09-01
030200025_,4,1.0,insufficient_history,2026-09-01
030200025_,5,1.0,insufficient_history,2026-09-01
030200025_,6,1.0,insufficient_history,2026-09-01
030200025_,7,1.0,insufficient_history,2026-09-01
030200025_,8,1.0,insufficient_history,2026-09-01
030200025_,9,1.0,insufficient_history,2026-09-01
030200025_,10,1.0,insufficient_history,2026-09-01
030200025_,11,1.0,insufficient_history,2026-09-01
030200025_,12,1.0,insufficient_history,2026-09-01
030200026_,1,1.0,insufficient_history,2026-09-01
030200026_,2,1.0,insufficient_history,2026-09-01
030200026_,3,1.0,insufficient_history,2026-09-01
030200026_,4,1.0,insufficient_history,2026-09-01
030200026_,5,1.0,insufficient_history,2026-09-01
030200026_,6,1.0,insufficient_history,2026-09-01
030200026_,7,1.0,insufficient_history,2026-09-01
030200026_,8,1.0,insufficient_history,2026-09-01
030200026_,9,1.0,insufficient_history,2026-09-01
030200026_,10,1.0,insufficient_history,2026-09-01
030200026_,11,1.0,insufficient_history,2026-09-01
030200026_,12,1.0,insufficient_history,2026-09-01
030200027_,1,1.0,insufficient_history,2026-09-01
030200027_,2,1.0,insufficient_history,2026-09-01
030200027_,3,1.0,insufficient_history,2026-09-01
030200027_,4,1.0,insufficient_history,2026-09-01
030200027_,5,1.0,insufficient_history,2026-09-01
030200027_,6,1.0,insufficient_history,2026-09-01
030200027_,7,1.0,insufficient_history,2026-09-01
030200027_,8,1.0,insufficient_history,2026-09-01
030200027_,9,1.0,insufficient_history,2026-09-01
030200027_,10,1.0,insufficient_history,2026-09-01
030200027_,11,1.0,insufficient_history,2026-09-01
030200027_,12,1.0,insufficient_history,2026-09-01
030200028_,1,1.0,insufficient_history,2026-09-01
030200028_,2,1.0,insufficient_history,2026-09-01
030200028_,3,1.0,insufficient_history,2026-09-01
030200028_,4,1.0,insufficient_history,2026-09-01
030200028_,5,1.0,insufficient_history,2026-09-01
030200028_,6,1.0,insufficient_history,2026-09-01
030200028_,7,1.0,insufficient_history,2026-09-01
030200028_,8,1.0,insufficient_history,2026-09-01
030200028_,9,1.0,insufficient_history,2026-09-01
030200028_,10,1.0,insufficient_history,2026-09-01
030200028_,11,1.0,insufficient_history,2026-09-01
030200028_,12,1.0,insufficient_history,2026-09-01
030200029_,1,1.0,insufficient_history,2026-09-01
030200029_,2,1.0,insufficient_history,2026-09-01
030200029_,3,1.0,insufficient_history,2026-09-01
030200029_,4,1.0,insufficient_history,2026-09-01
030200029_,5,1.0,insufficient_history,2026-09-01
030200029_,6,1.0,insufficient_history,2026-09-01
030200029_,7,1.0,insufficient_history,2026-09-01
030200029_,8,1.0,insufficient_history,2026-09-01
030200029_,9,1.0,insufficient_history,2026-09-01
030200029_,10,1.0,insufficient_history,2026-09-01
030200029_,11,1.0,insufficient_history,2026-09-01
030200029_,12,1.0,insufficient_history,2026-09-01
030200030_,1,1.0,insufficient_history,2026-09-01
030200030_,2,1.0,insufficient_history,2026-09-01
030200030_,3,1.0,insufficient_history,2026-09-01
030200030_,4,1.0,insufficient_history,2026-09-01
030200030_,5,1.0,insufficient_history,2026-09-01
030200030_,6,1.0,insufficient_history,2026-09-01
030200030_,7,1.0,insufficient_history,2026-09-01
030200030_,8,1.0,insufficient_history,2026-09-01
030200030_,9,1.0,insufficient_history,2026-09-01
030200030_,10,1.0,insufficient_history,2026-09-01
030200030_,11,1.0,insufficient_history,2026-09-01
030200030_,12,1.0,insufficient_history,2026-09-01
030200031_,1,1.0,insufficient_history,2026-09-01
030200031_,2,1.0,insufficient_history,2026-09-01
030200031_,3,1.0,insufficient_history,2026-09-01
030200031_,4,1.0,insufficient_history,2026-09-01
030200031_,5,1.0,insufficient_history,2026-09-01
030200031_,6,1.0,insufficient_history,2026-09-01
030200031_,7,1.0,insufficient_history,2026-09-01
030200031_,8,1.0,insufficient_history,2026-09-01
030200031_,9,1.0,insufficient_history,2026-09-01
030200031_,10,1.0,insufficient_history,2026-09-01
030200031_,11,1.0,insufficient_history,2026-09-01
030200031_,12,1.0,insufficient_history,2026-09-01
030200032_,1,1.0,insufficient_history,2026-09-01
030200032_,2,1.0,insufficient_history,2026-09-01
030200032_,3,1.0,insufficient_history,2026-09-01
030200032_,4,1.0,insufficient_history,2026-09-01
030200032_,5,1.0,insufficient_history,2026-09-01
030200032_,6,1.0,insufficient_history,2026-09-01
030200032_,7,1.0,insufficient_history,2026-09-01
030200032_,8,1.0,insufficient_history,2026-09-01
030200032_,9,1.0,insufficient_history,2026-09-01
030200032_,10,1.0,insufficient_history,2026-09-01
030200032_,11,1.0,insufficient_history,2026-09-01
030200032_,12,1.0,insufficient_history,2026-09-01
030200034_,1,1.0,insufficient_history,2026-09-01
030200034_,2,1.0,insufficient_history,2026-09-01
030200034_,3,1.0,insufficient_history,2026-09-01
030200034_,4,1.0,insufficient_history,2026-09-01
030200034_,5,1.0,insufficient_history,2026-09-01
030200034_,6,1.0,insufficient_history,2026-09-01
030200034_,7,1.0,insufficient_history,2026-09-01
030200034_,8,1.0,insufficient_history,2026-09-01
030200034_,9,1.0,insufficient_history,2026-09-01
030200034_,10,1.0,insufficient_history,2026-09-01
030200034_,11,1.0,insufficient_history,2026-09-01
030200034_,12,1.0,insufficient_history,2026-09-01
030200036_,1,1.0,insufficient_history,2026-09-01
030200036_,2,1.0,insufficient_history,2026-09-01
030200036_,3,1.0,insufficient_history,2026-09-01
030200036_,4,1.0,insufficient_history,2026-09-01
030200036_,5,1.0,insufficient_history,2026-09-01
030200036_,6,1.0,insufficient_history,2026-09-01
030200036_,7,1.0,insufficient_history,2026-09-01
030200036_,8,1.0,insufficient_history,2026-09-01
030200036_,9,1.0,insufficient_history,2026-09-01
030200036_,10,1.0,insufficient_history,2026-09-01
030200036_,11,1.0,insufficient_history,2026-09-01
030200036_,12,1.0,insufficient_history,2026-09-01
030200037_,1,1.0,insufficient_history,2026-09-01
030200037_,2,1.0,insufficient_history,2026-09-01
030200037_,3,1.0,insufficient_history,2026-09-01
030200037_,4,1.0,insufficient_history,2026-09-01
030200037_,5,1.0,insufficient_history,2026-09-01
030200037_,6,1.0,insufficient_history,2026-09-01
030200037_,7,1.0,insufficient_history,2026-09-01
030200037_,8,1.0,insufficient_history,2026-09-01
030200037_,9,1.0,insufficient_history,2026-09-01
030200037_,10,1.0,insufficient_history,2026-09-01
030200037_,11,1.0,insufficient_history,2026-09-01
030200037_,12,1.0,insufficient_history,2026-09-01
030200038_,1,1.0,insufficient_history,2026-09-01
030200038_,2,1.0,insufficient_history,2026-09-01
030200038_,3,1.0,insufficient_history,2026-09-01
030200038_,4,1.0,insufficient_history,2026-09-01
030200038_,5,1.0,insufficient_history,2026-09-01
030200038_,6,1.0,insufficient_history,2026-09-01
030200038_,7,1.0,insufficient_history,2026-09-01
030200038_,8,1.0,insufficient_history,2026-09-01
030200038_,9,1.0,insufficient_history,2026-09-01
030200038_,10,1.0,insufficient_history,2026-09-01
030200038_,11,1.0,insufficient_history,2026-09-01
030200038_,12,1.0,insufficient_history,2026-09-01
030200039_,1,1.0,insufficient_history,2026-09-01
030200039_,2,1.0,insufficient_history,2026-09-01
030200039_,3,1.0,insufficient_history,2026-09-01
030200039_,4,1.0,insufficient_history,2026-09-01
030200039_,5,1.0,insufficient_history,2026-09-01
030200039_,6,1.0,insufficient_history,2026-09-01
030200039_,7,1.0,insufficient_history,2026-09-01
030200039_,8,1.0,insufficient_history,2026-09-01
030200039_,9,1.0,insufficient_history,2026-09-01
030200039_,10,1.0,insufficient_history,2026-09-01
030200039_,11,1.0,insufficient_history,2026-09-01
030200039_,12,1.0,insufficient_history,2026-09-01
030200042_,1,1.0,insufficient_history,2026-09-01
030200042_,2,1.0,insufficient_history,2026-09-01
030200042_,3,1.0,insufficient_history,2026-09-01
030200042_,4,1.0,insufficient_history,2026-09-01
030200042_,5,1.0,insufficient_history,2026-09-01
030200042_,6,1.0,insufficient_history,2026-09-01
030200042_,7,1.0,insufficient_history,2026-09-01
030200042_,8,1.0,insufficient_history,2026-09-01
030200042_,9,1.0,insufficient_history,2026-09-01
030200042_,10,1.0,insufficient_history,2026-09-01
030200042_,11,1.0,insufficient_history,2026-09-01
030200042_,12,1.0,insufficient_history,2026-09-01
030200045_,1,1.0,insufficient_history,2026-09-01
030200045_,2,1.0,insufficient_history,2026-09-01
030200045_,3,1.0,insufficient_history,2026-09-01
030200045_,4,1.0,insufficient_history,2026-09-01
030200045_,5,1.0,insufficient_history,2026-09-01
030200045_,6,1.0,insufficient_history,2026-09-01
030200045_,7,1.0,insufficient_history,2026-09-01
030200045_,8,1.0,insufficient_history,2026-09-01
030200045_,9,1.0,insufficient_history,2026-09-01
030200045_,10,1.0,insufficient_history,2026-09-01
030200045_,11,1.0,insufficient_history,2026-09-01
030200045_,12,1.0,insufficient_history,2026-09-01
030200047_,1,1.0,insufficient_history,2026-09-01
030200047_,2,1.0,insufficient_history,2026-09-01
030200047_,3,1.0,insufficient_history,2026-09-01
030200047_,4,1.0,insufficient_history,2026-09-01
030200047_,5,1.0,insufficient_history,2026-09-01
030200047_,6,1.0,insufficient_history,2026-09-01
030200047_,7,1.0,insufficient_history,2026-09-01
030200047_,8,1.0,insufficient_history,2026-09-01
030200047_,9,1.0,insufficient_history,2026-09-01
030200047_,10,1.0,insufficient_history,2026-09-01
030200047_,11,1.0,insufficient_history,2026-09-01
030200047_,12,1.0,insufficient_history,2026-09-01
030200052_,1,1.0,insufficient_history,2026-09-01
030200052_,2,1.0,insufficient_history,2026-09-01
030200052_,3,1.0,insufficient_history,2026-09-01
030200052_,4,1.0,insufficient_history,2026-09-01
030200052_,5,1.0,insufficient_history,2026-09-01
030200052_,6,1.0,insufficient_history,2026-09-01
030200052_,7,1.0,insufficient_history,2026-09-01
030200052_,8,1.0,insufficient_history,2026-09-01
030200052_,9,1.0,insufficient_history,2026-09-01
030200052_,10,1.0,insufficient_history,2026-09-01
030200052_,11,1.0,insufficient_history,2026-09-01
030200052_,12,1.0,insufficient_history,2026-09-01
030200053_,1,1.0,insufficient_history,2026-09-01
030200053_,2,1.0,insufficient_history,2026-09-01
030200053_,3,1.0,insufficient_history,2026-09-01
030200053_,4,1.0,insufficient_history,2026-09-01
030200053_,5,1.0,insufficient_history,2026-09-01
030200053_,6,1.0,insufficient_history,2026-09-01
030200053_,7,1.0,insufficient_history,2026-09-01
030200053_,8,1.0,insufficient_history,2026-09-01
030200053_,9,1.0,insufficient_history,2026-09-01
030200053_,10,1.0,insufficient_history,2026-09-01
030200053_,11,1.0,insufficient_history,2026-09-01
030200053_,12,1.0,insufficient_history,2026-09-01
030200054_,1,1.0,insufficient_history,2026-09-01
030200054_,2,1.0,insufficient_history,2026-09-01
030200054_,3,1.0,insufficient_history,2026-09-01
030200054_,4,1.0,insufficient_history,2026-09-01
030200054_,5,1.0,insufficient_history,2026-09-01
030200054_,6,1.0,insufficient_history,2026-09-01
030200054_,7,1.0,insufficient_history,2026-09-01
030200054_,8,1.0,insufficient_history,2026-09-01
030200054_,9,1.0,insufficient_history,2026-09-01
030200054_,10,1.0,insufficient_history,2026-09-01
030200054_,11,1.0,insufficient_history,2026-09-01
030200054_,12,1.0,insufficient_history,2026-09-01
030200060_,1,1.0,insufficient_history,2026-09-01
030200060_,2,1.0,insufficient_history,2026-09-01
030200060_,3,1.0,insufficient_history,2026-09-01
030200060_,4,1.0,insufficient_history,2026-09-01
030200060_,5,1.0,insufficient_history,2026-09-01
030200060_,6,1.0,insufficient_history,2026-09-01
030200060_,7,1.0,insufficient_history,2026-09-01
030200060_,8,1.0,insufficient_history,2026-09-01
030200060_,9,1.0,insufficient_history,2026-09-01
030200060_,10,1.0,insufficient_history,2026-09-01
030200060_,11,1.0,insufficient_history,2026-09-01
030200060_,12,1.0,insufficient_history,2026-09-01
030200062_,1,1.0,insufficient_history,2026-09-01
030200062_,2,1.0,insufficient_history,2026-09-01
030200062_,3,1.0,insufficient_history,2026-09-01
030200062_,4,1.0,insufficient_history,2026-09-01
030200062_,5,1.0,insufficient_history,2026-09-01
030200062_,6,1.0,insufficient_history,2026-09-01
030200062_,7,1.0,insufficient_history,2026-09-01
030200062_,8,1.0,insufficient_history,2026-09-01
030200062_,9,1.0,insufficient_history,2026-09-01
030200062_,10,1.0,insufficient_history,2026-09-01
030200062_,11,1.0,insufficient_history,2026-09-01
030200062_,12,1.0,insufficient_history,2026-09-01
030200063_,1,1.0,insufficient_history,2026-09-01
030200063_,2,1.0,insufficient_history,2026-09-01
030200063_,3,1.0,insufficient_history,2026-09-01
030200063_,4,1.0,insufficient_history,2026-09-01
030200063_,5,1.0,insufficient_history,2026-09-01
030200063_,6,1.0,insufficient_history,2026-09-01
030200063_,7,1.0,insufficient_history,2026-09-01
030200063_,8,1.0,insufficient_history,2026-09-01
030200063_,9,1.0,insufficient_history,2026-09-01
030200063_,10,1.0,insufficient_history,2026-09-01
030200063_,11,1.0,insufficient_history,2026-09-01
030200063_,12,1.0,insufficient_history,2026-09-01
030200069_,1,1.0,insufficient_history,2026-09-01
030200069_,2,1.0,insufficient_history,2026-09-01
030200069_,3,1.0,insufficient_history,2026-09-01
030200069_,4,1.0,insufficient_history,2026-09-01
030200069_,5,1.0,insufficient_history,2026-09-01
030200069_,6,1.0,insufficient_history,2026-09-01
030200069_,7,1.0,insufficient_history,2026-09-01
030200069_,8,1.0,insufficient_history,2026-09-01
030200069_,9,1.0,insufficient_history,2026-09-01
030200069_,10,1.0,insufficient_history,2026-09-01
030200069_,11,1.0,insufficient_history,2026-09-01
030200069_,12,1.0,insufficient_history,2026-09-01
030200072_,1,1.0,insufficient_history,2026-09-01
030200072_,2,1.0,insufficient_history,2026-09-01
030200072_,3,1.0,insufficient_history,2026-09-01
030200072_,4,1.0,insufficient_history,2026-09-01
030200072_,5,1.0,insufficient_history,2026-09-01
030200072_,6,1.0,insufficient_history,2026-09-01
030200072_,7,1.0,insufficient_history,2026-09-01
030200072_,8,1.0,insufficient_history,2026-09-01
030200072_,9,1.0,insufficient_history,2026-09-01
030200072_,10,1.0,insufficient_history,2026-09-01
030200072_,11,1.0,insufficient_history,2026-09-01
030200072_,12,1.0,insufficient_history,2026-09-01
030200073_,1,1.0,insufficient_history,2026-09-01
030200073_,2,1.0,insufficient_history,2026-09-01
030200073_,3,1.0,insufficient_history,2026-09-01
030200073_,4,1.0,insufficient_history,2026-09-01
030200073_,5,1.0,insufficient_history,2026-09-01
030200073_,6,1.0,insufficient_history,2026-09-01
030200073_,7,1.0,insufficient_history,2026-09-01
030200073_,8,1.0,insufficient_history,2026-09-01
030200073_,9,1.0,insufficient_history,2026-09-01
030200073_,10,1.0,insufficient_history,2026-09-01
030200073_,11,1.0,insufficient_history,2026-09-01
030200073_,12,1.0,insufficient_history,2026-09-01
030200075_,1,1.0,insufficient_history,2026-09-01
030200075_,2,1.0,insufficient_history,2026-09-01
030200075_,3,1.0,insufficient_history,2026-09-01
030200075_,4,1.0,insufficient_history,2026-09-01
030200075_,5,1.0,insufficient_history,2026-09-01
030200075_,6,1.0,insufficient_history,2026-09-01
030200075_,7,1.0,insufficient_history,2026-09-01
030200075_,8,1.0,insufficient_history,2026-09-01
030200075_,9,1.0,insufficient_history,2026-09-01
030200075_,10,1.0,insufficient_history,2026-09-01
030200075_,11,1.0,insufficient_history,2026-09-01
030200075_,12,1.0,insufficient_history,2026-09-01
030200076_,1,1.0,insufficient_history,2026-09-01
030200076_,2,1.0,insufficient_history,2026-09-01
030200076_,3,1.0,insufficient_history,2026-09-01
030200076_,4,1.0,insufficient_history,2026-09-01
030200076_,5,1.0,insufficient_history,2026-09-01
030200076_,6,1.0,insufficient_history,2026-09-01
030200076_,7,1.0,insufficient_history,2026-09-01
030200076_,8,1.0,insufficient_history,2026-09-01
030200076_,9,1.0,insufficient_history,2026-09-01
030200076_,10,1.0,insufficient_history,2026-09-01
030200076_,11,1.0,insufficient_history,2026-09-01
030200076_,12,1.0,insufficient_history,2026-09-01
030200090_,1,1.0,insufficient_history,2026-09-01
030200090_,2,1.0,insufficient_history,2026-09-01
030200090_,3,1.0,insufficient_history,2026-09-01
030200090_,4,1.0,insufficient_history,2026-09-01
030200090_,5,1.0,insufficient_history,2026-09-01
030200090_,6,1.0,insufficient_history,2026-09-01
030200090_,7,1.0,insufficient_history,2026-09-01
030200090_,8,1.0,insufficient_history,2026-09-01
030200090_,9,1.0,insufficient_history,2026-09-01
030200090_,10,1.0,insufficient_history,2026-09-01
030200090_,11,1.0,insufficient_history,2026-09-01
030200090_,12,1.0,insufficient_history,2026-09-01
030200092_,1,1.0,insufficient_history,2026-09-01
030200092_,2,1.0,insufficient_history,2026-09-01
030200092_,3,1.0,insufficient_history,2026-09-01
030200092_,4,1.0,insufficient_history,2026-09-01
030200092_,5,1.0,insufficient_history,2026-09-01
030200092_,6,1.0,insufficient_history,2026-09-01
030200092_,7,1.0,insufficient_history,2026-09-01
030200092_,8,1.0,insufficient_history,2026-09-01
030200092_,9,1.0,insufficient_history,2026-09-01
030200092_,10,1.0,insufficient_history,2026-09-01
030200092_,11,1.0,insufficient_history,2026-09-01
030200092_,12,1.0,insufficient_history,2026-09-01
030200093_,1,1.0,insufficient_history,2026-09-01
030200093_,2,1.0,insufficient_history,2026-09-01
030200093_,3,1.0,insufficient_history,2026-09-01
030200093_,4,1.0,insufficient_history,2026-09-01
030200093_,5,1.0,insufficient_history,2026-09-01
030200093_,6,1.0,insufficient_history,2026-09-01
030200093_,7,1.0,insufficient_history,2026-09-01
030200093_,8,1.0,insufficient_history,2026-09-01
030200093_,9,1.0,insufficient_history,2026-09-01
030200093_,10,1.0,insufficient_history,2026-09-01
030200093_,11,1.0,insufficient_history,2026-09-01
030200093_,12,1.0,insufficient_history,2026-09-01
030200094_,1,1.0,insufficient_history,2026-09-01
030200094_,2,1.0,insufficient_history,2026-09-01
030200094_,3,1.0,insufficient_history,2026-09-01
030200094_,4,1.0,insufficient_history,2026-09-01
030200094_,5,1.0,insufficient_history,2026-09-01
030200094_,6,1.0,insufficient_history,2026-09-01
030200094_,7,1.0,insufficient_history,2026-09-01
030200094_,8,1.0,insufficient_history,2026-09-01
030200094_,9,1.0,insufficient_history,2026-09-01
030200094_,10,1.0,insufficient_history,2026-09-01
030200094_,11,1.0,insufficient_history,2026-09-01
030200094_,12,1.0,insufficient_history,2026-09-01
030200095_,1,1.0,insufficient_history,2026-09-01
030200095_,2,1.0,insufficient_history,2026-09-01
030200095_,3,1.0,insufficient_history,2026-09-01
030200095_,4,1.0,insufficient_history,2026-09-01
030200095_,5,1.0,insufficient_history,2026-09-01
030200095_,6,1.0,insufficient_history,2026-09-01
030200095_,7,1.0,insufficient_history,2026-09-01
030200095_,8,1.0,insufficient_history,2026-09-01
030200095_,9,1.0,insufficient_history,2026-09-01
030200095_,10,1.0,insufficient_history,2026-09-01
030200095_,11,1.0,insufficient_history,2026-09-01
030200095_,12,1.0,insufficient_history,2026-09-01
030200096_,1,1.0,insufficient_history,2026-09-01
030200096_,2,1.0,insufficient_history,2026-09-01
030200096_,3,1.0,insufficient_history,2026-09-01
030200096_,4,1.0,insufficient_history,2026-09-01
030200096_,5,1.0,insufficient_history,2026-09-01
030200096_,6,1.0,insufficient_history,2026-09-01
030200096_,7,1.0,insufficient_history,2026-09-01
030200096_,8,1.0,insufficient_history,2026-09-01
030200096_,9,1.0,insufficient_history,2026-09-01
030200096_,10,1.0,insufficient_history,2026-09-01
030200096_,11,1.0,insufficient_history,2026-09-01
030200096_,12,1.0,insufficient_history,2026-09-01
030200097_,1,1.0,insufficient_history,2026-09-01
030200097_,2,1.0,insufficient_history,2026-09-01
030200097_,3,1.0,insufficient_history,2026-09-01
030200097_,4,1.0,insufficient_history,2026-09-01
030200097_,5,1.0,insufficient_history,2026-09-01
030200097_,6,1.0,insufficient_history,2026-09-01
030200097_,7,1.0,insufficient_history,2026-09-01
030200097_,8,1.0,insufficient_history,2026-09-01
030200097_,9,1.0,insufficient_history,2026-09-01
030200097_,10,1.0,insufficient_history,2026-09-01
030200097_,11,1.0,insufficient_history,2026-09-01
030200097_,12,1.0,insufficient_history,2026-09-01
030200105_,1,1.0,insufficient_history,2026-09-01
030200105_,2,1.0,insufficient_history,2026-09-01
030200105_,3,1.0,insufficient_history,2026-09-01
030200105_,4,1.0,insufficient_history,2026-09-01
030200105_,5,1.0,insufficient_history,2026-09-01
030200105_,6,1.0,insufficient_history,2026-09-01
030200105_,7,1.0,insufficient_history,2026-09-01
030200105_,8,1.0,insufficient_history,2026-09-01
030200105_,9,1.0,insufficient_history,2026-09-01
030200105_,10,1.0,insufficient_history,2026-09-01
030200105_,11,1.0,insufficient_history,2026-09-01
030200105_,12,1.0,insufficient_history,2026-09-01
030200125_,1,1.0,insufficient_history,2026-09-01
030200125_,2,1.0,insufficient_history,2026-09-01
030200125_,3,1.0,insufficient_history,2026-09-01
030200125_,4,1.0,insufficient_history,2026-09-01
030200125_,5,1.0,insufficient_history,2026-09-01
030200125_,6,1.0,insufficient_history,2026-09-01
030200125_,7,1.0,insufficient_history,2026-09-01
030200125_,8,1.0,insufficient_history,2026-09-01
030200125_,9,1.0,insufficient_history,2026-09-01
030200125_,10,1.0,insufficient_history,2026-09-01
030200125_,11,1.0,insufficient_history,2026-09-01
030200125_,12,1.0,insufficient_history,2026-09-01
030200126_,1,1.0,insufficient_history,2026-09-01
030200126_,2,1.0,insufficient_history,2026-09-01
030200126_,3,1.0,insufficient_history,2026-09-01
030200126_,4,1.0,insufficient_history,2026-09-01
030200126_,5,1.0,insufficient_history,2026-09-01
030200126_,6,1.0,insufficient_history,2026-09-01
030200126_,7,1.0,insufficient_history,2026-09-01
030200126_,8,1.0,insufficient_history,2026-09-01
030200126_,9,1.0,insufficient_history,2026-09-01
030200126_,10,1.0,insufficient_history,2026-09-01
030200126_,11,1.0,insufficient_history,2026-09-01
030200126_,12,1.0,insufficient_history,2026-09-01
030200127_,1,1.0,insufficient_history,2026-09-01
030200127_,2,1.0,insufficient_history,2026-09-01
030200127_,3,1.0,insufficient_history,2026-09-01
030200127_,4,1.0,insufficient_history,2026-09-01
030200127_,5,1.0,insufficient_history,2026-09-01
030200127_,6,1.0,insufficient_history,2026-09-01
030200127_,7,1.0,insufficient_history,2026-09-01
030200127_,8,1.0,insufficient_history,2026-09-01
030200127_,9,1.0,insufficient_history,2026-09-01
030200127_,10,1.0,insufficient_history,2026-09-01
030200127_,11,1.0,insufficient_history,2026-09-01
030200127_,12,1.0,insufficient_history,2026-09-01
030200128_,1,1.0,insufficient_history,2026-09-01
030200128_,2,1.0,insufficient_history,2026-09-01
030200128_,3,1.0,insufficient_history,2026-09-01
030200128_,4,1.0,insufficient_history,2026-09-01
030200128_,5,1.0,insufficient_history,2026-09-01
030200128_,6,1.0,insufficient_history,2026-09-01
030200128_,7,1.0,insufficient_history,2026-09-01
030200128_,8,1.0,insufficient_history,2026-09-01
030200128_,9,1.0,insufficient_history,2026-09-01
030200128_,10,1.0,insufficient_history,2026-09-01
030200128_,11,1.0,insufficient_history,2026-09-01
030200128_,12,1.0,insufficient_history,2026-09-01
030200129_,1,1.0,insufficient_history,2026-09-01
030200129_,2,1.0,insufficient_history,2026-09-01
030200129_,3,1.0,insufficient_history,2026-09-01
030200129_,4,1.0,insufficient_history,2026-09-01
030200129_,5,1.0,insufficient_history,2026-09-01
030200129_,6,1.0,insufficient_history,2026-09-01
030200129_,7,1.0,insufficient_history,2026-09-01
030200129_,8,1.0,insufficient_history,2026-09-01
030200129_,9,1.0,insufficient_history,2026-09-01
030200129_,10,1.0,insufficient_history,2026-09-01
030200129_,11,1.0,insufficient_history,2026-09-01
030200129_,12,1.0,insufficient_history,2026-09-01
030200134_,1,1.0,insufficient_history,2026-09-01
030200134_,2,1.0,insufficient_history,2026-09-01
030200134_,3,1.0,insufficient_history,2026-09-01
030200134_,4,1.0,insufficient_history,2026-09-01
030200134_,5,1.0,insufficient_history,2026-09-01
030200134_,6,1.0,insufficient_history,2026-09-01
030200134_,7,1.0,insufficient_history,2026-09-01
030200134_,8,1.0,insufficient_history,2026-09-01
030200134_,9,1.0,insufficient_history,2026-09-01
030200134_,10,1.0,insufficient_history,2026-09-01
030200134_,11,1.0,insufficient_history,2026-09-01
030200134_,12,1.0,insufficient_history,2026-09-01
030200135_,1,1.0,insufficient_history,2026-09-01
030200135_,2,1.0,insufficient_history,2026-09-01
030200135_,3,1.0,insufficient_history,2026-09-01
030200135_,4,1.0,insufficient_history,2026-09-01
030200135_,5,1.0,insufficient_history,2026-09-01
030200135_,6,1.0,insufficient_history,2026-09-01
030200135_,7,1.0,insufficient_history,2026-09-01
030200135_,8,1.0,insufficient_history,2026-09-01
030200135_,9,1.0,insufficient_history,2026-09-01
030200135_,10,1.0,insufficient_history,2026-09-01
030200135_,11,1.0,insufficient_history,2026-09-01
030200135_,12,1.0,insufficient_history,2026-09-01
030200136_,1,1.0,insufficient_history,2026-09-01
030200136_,2,1.0,insufficient_history,2026-09-01
030200136_,3,1.0,insufficient_history,2026-09-01
030200136_,4,1.0,insufficient_history,2026-09-01
030200136_,5,1.0,insufficient_history,2026-09-01
030200136_,6,1.0,insufficient_history,2026-09-01
030200136_,7,1.0,insufficient_history,2026-09-01
030200136_,8,1.0,insufficient_history,2026-09-01
030200136_,9,1.0,insufficient_history,2026-09-01
030200136_,10,1.0,insufficient_history,2026-09-01
030200136_,11,1.0,insufficient_history,2026-09-01
030200136_,12,1.0,insufficient_history,2026-09-01
030200140_,1,1.0,insufficient_history,2026-09-01
030200140_,2,1.0,insufficient_history,2026-09-01
030200140_,3,1.0,insufficient_history,2026-09-01
030200140_,4,1.0,insufficient_history,2026-09-01
030200140_,5,1.0,insufficient_history,2026-09-01
030200140_,6,1.0,insufficient_history,2026-09-01
030200140_,7,1.0,insufficient_history,2026-09-01
030200140_,8,1.0,insufficient_history,2026-09-01
030200140_,9,1.0,insufficient_history,2026-09-01
030200140_,10,1.0,insufficient_history,2026-09-01
030200140_,11,1.0,insufficient_history,2026-09-01
030200140_,12,1.0,insufficient_history,2026-09-01
030200141_,1,1.0,insufficient_history,2026-09-01
030200141_,2,1.0,insufficient_history,2026-09-01
030200141_,3,1.0,insufficient_history,2026-09-01
030200141_,4,1.0,insufficient_history,2026-09-01
030200141_,5,1.0,insufficient_history,2026-09-01
030200141_,6,1.0,insufficient_history,2026-09-01
030200141_,7,1.0,insufficient_history,2026-09-01
030200141_,8,1.0,insufficient_history,2026-09-01
030200141_,9,1.0,insufficient_history,2026-09-01
030200141_,10,1.0,insufficient_history,2026-09-01
030200141_,11,1.0,insufficient_history,2026-09-01
030200141_,12,1.0,insufficient_history,2026-09-01
030200142_,1,1.0,insufficient_history,2026-09-01
030200142_,2,1.0,insufficient_history,2026-09-01
030200142_,3,1.0,insufficient_history,2026-09-01
030200142_,4,1.0,insufficient_history,2026-09-01
030200142_,5,1.0,insufficient_history,2026-09-01
030200142_,6,1.0,insufficient_history,2026-09-01
030200142_,7,1.0,insufficient_history,2026-09-01
030200142_,8,1.0,insufficient_history,2026-09-01
030200142_,9,1.0,insufficient_history,2026-09-01
030200142_,10,1.0,insufficient_history,2026-09-01
030200142_,11,1.0,insufficient_history,2026-09-01
030200142_,12,1.0,insufficient_history,2026-09-01
030200143_,1,1.0,insufficient_history,2026-09-01
030200143_,2,1.0,insufficient_history,2026-09-01
030200143_,3,1.0,insufficient_history,2026-09-01
030200143_,4,1.0,insufficient_history,2026-09-01
030200143_,5,1.0,insufficient_history,2026-09-01
030200143_,6,1.0,insufficient_history,2026-09-01
030200143_,7,1.0,insufficient_history,2026-09-01
030200143_,8,1.0,insufficient_history,2026-09-01
030200143_,9,1.0,insufficient_history,2026-09-01
030200143_,10,1.0,insufficient_history,2026-09-01
030200143_,11,1.0,insufficient_history,2026-09-01
030200143_,12,1.0,insufficient_history,2026-09-01
030200174_,1,1.0,insufficient_history,2026-09-01
030200174_,2,1.0,insufficient_history,2026-09-01
030200174_,3,1.0,insufficient_history,2026-09-01
030200174_,4,1.0,insufficient_history,2026-09-01
030200174_,5,1.0,insufficient_history,2026-09-01
030200174_,6,1.0,insufficient_history,2026-09-01
030200174_,7,1.0,insufficient_history,2026-09-01
030200174_,8,1.0,insufficient_history,2026-09-01
030200174_,9,1.0,insufficient_history,2026-09-01
030200174_,10,1.0,insufficient_history,2026-09-01
030200174_,11,1.0,insufficient_history,2026-09-01
030200174_,12,1.0,insufficient_history,2026-09-01
030200175_,1,1.0,insufficient_history,2026-09-01
030200175_,2,1.0,insufficient_history,2026-09-01
030200175_,3,1.0,insufficient_history,2026-09-01
030200175_,4,1.0,insufficient_history,2026-09-01
030200175_,5,1.0,insufficient_history,2026-09-01
030200175_,6,1.0,insufficient_history,2026-09-01
030200175_,7,1.0,insufficient_history,2026-09-01
030200175_,8,1.0,insufficient_history,2026-09-01
030200175_,9,1.0,insufficient_history,2026-09-01
030200175_,10,1.0,insufficient_history,2026-09-01
030200175_,11,1.0,insufficient_history,2026-09-01
030200175_,12,1.0,insufficient_history,2026-09-01
030200176_,1,1.0,insufficient_history,2026-09-01
030200176_,2,1.0,insufficient_history,2026-09-01
030200176_,3,1.0,insufficient_history,2026-09-01
030200176_,4,1.0,insufficient_history,2026-09-01
030200176_,5,1.0,insufficient_history,2026-09-01
030200176_,6,1.0,insufficient_history,2026-09-01
030200176_,7,1.0,insufficient_history,2026-09-01
030200176_,8,1.0,insufficient_history,2026-09-01
030200176_,9,1.0,insufficient_history,2026-09-01
030200176_,10,1.0,insufficient_history,2026-09-01
030200176_,11,1.0,insufficient_history,2026-09-01
030200176_,12,1.0,insufficient_history,2026-09-01
030200179_,1,1.0,insufficient_history,2026-09-01
030200179_,2,1.0,insufficient_history,2026-09-01
030200179_,3,1.0,insufficient_history,2026-09-01
030200179_,4,1.0,insufficient_history,2026-09-01
030200179_,5,1.0,insufficient_history,2026-09-01
030200179_,6,1.0,insufficient_history,2026-09-01
030200179_,7,1.0,insufficient_history,2026-09-01
030200179_,8,1.0,insufficient_history,2026-09-01
030200179_,9,1.0,insufficient_history,2026-09-01
030200179_,10,1.0,insufficient_history,2026-09-01
030200179_,11,1.0,insufficient_history,2026-09-01
030200179_,12,1.0,insufficient_history,2026-09-01
030200183_,1,1.0,insufficient_history,2026-09-01
030200183_,2,1.0,insufficient_history,2026-09-01
030200183_,3,1.0,insufficient_history,2026-09-01
030200183_,4,1.0,insufficient_history,2026-09-01
030200183_,5,1.0,insufficient_history,2026-09-01
030200183_,6,1.0,insufficient_history,2026-09-01
030200183_,7,1.0,insufficient_history,2026-09-01
030200183_,8,1.0,insufficient_history,2026-09-01
030200183_,9,1.0,insufficient_history,2026-09-01
030200183_,10,1.0,insufficient_history,2026-09-01
030200183_,11,1.0,insufficient_history,2026-09-01
030200183_,12,1.0,insufficient_history,2026-09-01
030200184_,1,1.0,insufficient_history,2026-09-01
030200184_,2,1.0,insufficient_history,2026-09-01
030200184_,3,1.0,insufficient_history,2026-09-01
030200184_,4,1.0,insufficient_history,2026-09-01
030200184_,5,1.0,insufficient_history,2026-09-01
030200184_,6,1.0,insufficient_history,2026-09-01
030200184_,7,1.0,insufficient_history,2026-09-01
030200184_,8,1.0,insufficient_history,2026-09-01
030200184_,9,1.0,insufficient_history,2026-09-01
030200184_,10,1.0,insufficient_history,2026-09-01
030200184_,11,1.0,insufficient_history,2026-09-01
030200184_,12,1.0,insufficient_history,2026-09-01
030200191_,1,1.0,insufficient_history,2026-09-01
030200191_,2,1.0,insufficient_history,2026-09-01
030200191_,3,1.0,insufficient_history,2026-09-01
030200191_,4,1.0,insufficient_history,2026-09-01
030200191_,5,1.0,insufficient_history,2026-09-01
030200191_,6,1.0,insufficient_history,2026-09-01
030200191_,7,1.0,insufficient_history,2026-09-01
030200191_,8,1.0,insufficient_history,2026-09-01
030200191_,9,1.0,insufficient_history,2026-09-01
030200191_,10,1.0,insufficient_history,2026-09-01
030200191_,11,1.0,insufficient_history,2026-09-01
030200191_,12,1.0,insufficient_history,2026-09-01
030200192_,1,0.9303037948168712,estimated_from_past,2026-09-01
030200192_,2,0.7691242129255141,estimated_from_past,2026-09-01
030200192_,3,0.8633739267222577,estimated_from_past,2026-09-01
030200192_,4,1.0722381607466676,estimated_from_past,2026-09-01
030200192_,5,0.9612753743524868,estimated_from_past,2026-09-01
030200192_,6,1.0654505347597176,estimated_from_past,2026-09-01
030200192_,7,1.0754151108011998,estimated_from_past,2026-09-01
030200192_,8,1.0444136846186112,estimated_from_past,2026-09-01
030200192_,9,1.171332088475295,estimated_from_past,2026-09-01
030200192_,10,1.0556338063679382,estimated_from_past,2026-09-01
030200192_,11,1.0645888451201961,estimated_from_past,2026-09-01
030200192_,12,0.9268504602932436,estimated_from_past,2026-09-01
030200193_,1,0.9142383255021458,estimated_from_past,2026-09-01
030200193_,2,0.9395079965155949,estimated_from_past,2026-09-01
030200193_,3,0.8730170566610881,estimated_from_past,2026-09-01
030200193_,4,1.1414622443641949,estimated_from_past,2026-09-01
030200193_,5,0.9181142085510772,estimated_from_past,2026-09-01
030200193_,6,1.084931726012742,estimated_from_past,2026-09-01
030200193_,7,1.075414391402299,estimated_from_past,2026-09-01
030200193_,8,1.114671205379514,estimated_from_past,2026-09-01
030200193_,9,0.9149109217367354,estimated_from_past,2026-09-01
030200193_,10,1.0878562670068996,estimated_from_past,2026-09-01
030200193_,11,1.0148693178508534,estimated_from_past,2026-09-01
030200193_,12,0.9210063390168562,estimated_from_past,2026-09-01
030200194_,1,1.0,insufficient_history,2026-09-01
030200194_,2,1.0,insufficient_history,2026-09-01
030200194_,3,1.0,insufficient_history,2026-09-01
030200194_,4,1.0,insufficient_history,2026-09-01
030200194_,5,1.0,insufficient_history,2026-09-01
030200194_,6,1.0,insufficient_history,2026-09-01
030200194_,7,1.0,insufficient_history,2026-09-01
030200194_,8,1.0,insufficient_history,2026-09-01
030200194_,9,1.0,insufficient_history,2026-09-01
030200194_,10,1.0,insufficient_history,2026-09-01
030200194_,11,1.0,insufficient_history,2026-09-01
030200194_,12,1.0,insufficient_history,2026-09-01
030200198_,1,1.0,insufficient_history,2026-09-01
030200198_,2,1.0,insufficient_history,2026-09-01
030200198_,3,1.0,insufficient_history,2026-09-01
030200198_,4,1.0,insufficient_history,2026-09-01
030200198_,5,1.0,insufficient_history,2026-09-01
030200198_,6,1.0,insufficient_history,2026-09-01
030200198_,7,1.0,insufficient_history,2026-09-01
030200198_,8,1.0,insufficient_history,2026-09-01
030200198_,9,1.0,insufficient_history,2026-09-01
030200198_,10,1.0,insufficient_history,2026-09-01
030200198_,11,1.0,insufficient_history,2026-09-01
030200198_,12,1.0,insufficient_history,2026-09-01
030200200_,1,1.0,insufficient_history,2026-09-01
030200200_,2,1.0,insufficient_history,2026-09-01
030200200_,3,1.0,insufficient_history,2026-09-01
030200200_,4,1.0,insufficient_history,2026-09-01
030200200_,5,1.0,insufficient_history,2026-09-01
030200200_,6,1.0,insufficient_history,2026-09-01
030200200_,7,1.0,insufficient_history,2026-09-01
030200200_,8,1.0,insufficient_history,2026-09-01
030200200_,9,1.0,insufficient_history,2026-09-01
030200200_,10,1.0,insufficient_history,2026-09-01
030200200_,11,1.0,insufficient_history,2026-09-01
030200200_,12,1.0,insufficient_history,2026-09-01
030200201_,1,1.047468920759216,estimated_from_past,2026-09-01
030200201_,2,0.7989091794320854,estimated_from_past,2026-09-01
030200201_,3,0.9319628167731112,estimated_from_past,2026-09-01
030200201_,4,1.0874543900592335,estimated_from_past,2026-09-01
030200201_,5,0.9974938009076946,estimated_from_past,2026-09-01
030200201_,6,1.046436634201298,estimated_from_past,2026-09-01
030200201_,7,1.0644255809092613,estimated_from_past,2026-09-01
030200201_,8,1.0134266625174904,estimated_from_past,2026-09-01
030200201_,9,1.1627496999750189,estimated_from_past,2026-09-01
030200201_,10,1.033010237971488,estimated_from_past,2026-09-01
030200201_,11,0.929189793693554,estimated_from_past,2026-09-01
030200201_,12,0.8874722828005499,estimated_from_past,2026-09-01
030200203_,1,0.7792967018558717,estimated_from_past,2026-09-01
030200203_,2,0.7338844630211844,estimated_from_past,2026-09-01
030200203_,3,1.036105161995971,estimated_from_past,2026-09-01
030200203_,4,1.0650304673894015,estimated_from_past,2026-09-01
030200203_,5,0.9745268978918917,estimated_from_past,2026-09-01
030200203_,6,0.7098499162158032,estimated_from_past,2026-09-01
030200203_,7,1.3555971570061185,estimated_from_past,2026-09-01
030200203_,8,1.2179548985160646,estimated_from_past,2026-09-01
030200203_,9,1.0822134648332358,estimated_from_past,2026-09-01
030200203_,10,1.0223240177155501,estimated_from_past,2026-09-01
030200203_,11,1.0325867173953345,estimated_from_past,2026-09-01
030200203_,12,0.9906301361635734,estimated_from_past,2026-09-01
030200219_,1,0.6882500919775065,estimated_from_past,2026-09-01
030200219_,2,1.880148775250031,estimated_from_past,2026-09-01
030200219_,3,0.6894213990655598,estimated_from_past,2026-09-01
030200219_,4,0.9504707629665867,estimated_from_past,2026-09-01
030200219_,5,1.1464225904436014,estimated_from_past,2026-09-01
030200219_,6,0.907555649805537,estimated_from_past,2026-09-01
030200219_,7,1.1006602577874949,estimated_from_past,2026-09-01
030200219_,8,0.9437508606714289,estimated_from_past,2026-09-01
030200219_,9,0.9432921784332783,estimated_from_past,2026-09-01
030200219_,10,0.8691776418919188,estimated_from_past,2026-09-01
030200219_,11,1.1681692099744252,estimated_from_past,2026-09-01
030200219_,12,0.7126805817326314,estimated_from_past,2026-09-01
030200220_,1,0.7821052479987889,estimated_from_past,2026-09-01
030200220_,2,0.725462384932694,estimated_from_past,2026-09-01
030200220_,3,0.8467494911683646,estimated_from_past,2026-09-01
030200220_,4,0.9951525533086748,estimated_from_past,2026-09-01
030200220_,5,1.2543332207526312,estimated_from_past,2026-09-01
030200220_,6,1.1657905532554238,estimated_from_past,2026-09-01
030200220_,7,1.0749099727962974,estimated_from_past,2026-09-01
030200220_,8,1.0793826849058166,estimated_from_past,2026-09-01
030200220_,9,1.0070468391651444,estimated_from_past,2026-09-01
030200220_,10,1.1459350638916743,estimated_from_past,2026-09-01
030200220_,11,1.0660727863102735,estimated_from_past,2026-09-01
030200220_,12,0.8570592015142139,estimated_from_past,2026-09-01
030200221_,1,1.0846460010266747,estimated_from_past,2026-09-01
030200221_,2,1.1570226314928922,estimated_from_past,2026-09-01
030200221_,3,1.1565046372091545,estimated_from_past,2026-09-01
030200221_,4,1.0017313090533226,estimated_from_past,2026-09-01
030200221_,5,1.1260549215758713,estimated_from_past,2026-09-01
030200221_,6,1.1313272095224045,estimated_from_past,2026-09-01
030200221_,7,0.7167816565081591,estimated_from_past,2026-09-01
030200221_,8,0.9966840181300732,estimated_from_past,2026-09-01
030200221_,9,0.8369100166252582,estimated_from_past,2026-09-01
030200221_,10,1.2361940964133822,estimated_from_past,2026-09-01
030200221_,11,0.8159261398503042,estimated_from_past,2026-09-01
030200221_,12,0.7402173625925028,estimated_from_past,2026-09-01
030200222_,1,0.8194818819388415,estimated_from_past,2026-09-01
030200222_,2,0.9860720475490965,estimated_from_past,2026-09-01
030200222_,3,0.8262109720410786,estimated_from_past,2026-09-01
030200222_,4,1.0371783853802719,estimated_from_past,2026-09-01
030200222_,5,0.739124103997137,estimated_from_past,2026-09-01
030200222_,6,1.245638638037259,estimated_from_past,2026-09-01
030200222_,7,1.1035957424192657,estimated_from_past,2026-09-01
030200222_,8,0.7723050404489143,estimated_from_past,2026-09-01
030200222_,9,1.2468257802024252,estimated_from_past,2026-09-01
030200222_,10,1.244986094692218,estimated_from_past,2026-09-01
030200222_,11,0.8808975324268813,estimated_from_past,2026-09-01
030200222_,12,1.0976837808666102,estimated_from_past,2026-09-01
030200223_,1,0.9037536531836594,estimated_from_past,2026-09-01
030200223_,2,1.0213182555996008,estimated_from_past,2026-09-01
030200223_,3,0.7565988035753878,estimated_from_past,2026-09-01
030200223_,4,1.0669261526078395,estimated_from_past,2026-09-01
030200223_,5,1.0617034780906258,estimated_from_past,2026-09-01
030200223_,6,0.744207787454727,estimated_from_past,2026-09-01
030200223_,7,1.0497646105528526,estimated_from_past,2026-09-01
030200223_,8,1.0324309049152958,estimated_from_past,2026-09-01
030200223_,9,1.2878465412334559,estimated_from_past,2026-09-01
030200223_,10,1.2346730611464707,estimated_from_past,2026-09-01
030200223_,11,1.131405848079845,estimated_from_past,2026-09-01
030200223_,12,0.7093709035602397,estimated_from_past,2026-09-01
030200224_,1,1.0221409817374254,estimated_from_past,2026-09-01
030200224_,2,0.8974280720230661,estimated_from_past,2026-09-01
030200224_,3,0.8377341499709859,estimated_from_past,2026-09-01
030200224_,4,1.0006089082786422,estimated_from_past,2026-09-01
030200224_,5,0.9006634630512089,estimated_from_past,2026-09-01
030200224_,6,1.069727472109153,estimated_from_past,2026-09-01
030200224_,7,1.1090560248400951,estimated_from_past,2026-09-01
030200224_,8,0.8928573533940121,estimated_from_past,2026-09-01
030200224_,9,1.1289350310101374,estimated_from_past,2026-09-01
030200224_,10,1.3263985922065682,estimated_from_past,2026-09-01
030200224_,11,0.9525449554001904,estimated_from_past,2026-09-01
030200224_,12,0.8619049959785177,estimated_from_past,2026-09-01
030200225_,1,0.8298607444365489,estimated_from_past,2026-09-01
030200225_,2,0.4646758055933245,estimated_from_past,2026-09-01
030200225_,3,0.6026819345176205,estimated_from_past,2026-09-01
030200225_,4,1.0362045293920739,estimated_from_past,2026-09-01
030200225_,5,0.9936123870437673,estimated_from_past,2026-09-01
030200225_,6,1.0329298443815904,estimated_from_past,2026-09-01
030200225_,7,1.0253922301865788,estimated_from_past,2026-09-01
030200225_,8,1.0347838723459273,estimated_from_past,2026-09-01
030200225_,9,1.4063010130673874,estimated_from_past,2026-09-01
030200225_,10,1.0820212540023804,estimated_from_past,2026-09-01
030200225_,11,1.5969498056628189,estimated_from_past,2026-09-01
030200225_,12,0.894586579369981,estimated_from_past,2026-09-01
030200226_,1,1.1879572080167575,estimated_from_past,2026-09-01
030200226_,2,1.175880842506287,estimated_from_past,2026-09-01
030200226_,3,0.8845850097176903,estimated_from_past,2026-09-01
030200226_,4,1.0313245184327837,estimated_from_past,2026-09-01
030200226_,5,0.6115389701934659,estimated_from_past,2026-09-01
030200226_,6,0.5609848445994978,estimated_from_past,2026-09-01
030200226_,7,0.5109127446491507,estimated_from_past,2026-09-01
030200226_,8,1.459055536520624,estimated_from_past,2026-09-01
030200226_,9,1.0120860809677665,estimated_from_past,2026-09-01
030200226_,10,1.581400839114371,estimated_from_past,2026-09-01
030200226_,11,0.7558973561305563,estimated_from_past,2026-09-01
030200226_,12,1.2283760491510471,estimated_from_past,2026-09-01
030200227_,1,1.1205244427352157,estimated_from_past,2026-09-01
030200227_,2,0.7134754603190404,estimated_from_past,2026-09-01
030200227_,3,0.7495979307443696,estimated_from_past,2026-09-01
030200227_,4,0.7765931447377009,estimated_from_past,2026-09-01
030200227_,5,0.7551720028358284,estimated_from_past,2026-09-01
030200227_,6,0.7554616194527735,estimated_from_past,2026-09-01
030200227_,7,1.9432707187338714,estimated_from_past,2026-09-01
030200227_,8,1.1538463909791632,estimated_from_past,2026-09-01
030200227_,9,0.644682135074803,estimated_from_past,2026-09-01
030200227_,10,1.1628819900003895,estimated_from_past,2026-09-01
030200227_,11,0.8764410637328073,estimated_from_past,2026-09-01
030200227_,12,1.3480531006540375,estimated_from_past,2026-09-01
030200239_,1,1.0,insufficient_history,2026-09-01
030200239_,2,1.0,insufficient_history,2026-09-01
030200239_,3,1.0,insufficient_history,2026-09-01
030200239_,4,1.0,insufficient_history,2026-09-01
030200239_,5,1.0,insufficient_history,2026-09-01
030200239_,6,1.0,insufficient_history,2026-09-01
030200239_,7,1.0,insufficient_history,2026-09-01
030200239_,8,1.0,insufficient_history,2026-09-01
030200239_,9,1.0,insufficient_history,2026-09-01
030200239_,10,1.0,insufficient_history,2026-09-01
030200239_,11,1.0,insufficient_history,2026-09-01
030200239_,12,1.0,insufficient_history,2026-09-01
030200240_,1,1.0,insufficient_history,2026-09-01
030200240_,2,1.0,insufficient_history,2026-09-01
030200240_,3,1.0,insufficient_history,2026-09-01
030200240_,4,1.0,insufficient_history,2026-09-01
030200240_,5,1.0,insufficient_history,2026-09-01
030200240_,6,1.0,insufficient_history,2026-09-01
030200240_,7,1.0,insufficient_history,2026-09-01
030200240_,8,1.0,insufficient_history,2026-09-01
030200240_,9,1.0,insufficient_history,2026-09-01
030200240_,10,1.0,insufficient_history,2026-09-01
030200240_,11,1.0,insufficient_history,2026-09-01
030200240_,12,1.0,insufficient_history,2026-09-01
030200243_,1,1.0,insufficient_history,2026-09-01
030200243_,2,1.0,insufficient_history,2026-09-01
030200243_,3,1.0,insufficient_history,2026-09-01
030200243_,4,1.0,insufficient_history,2026-09-01
030200243_,5,1.0,insufficient_history,2026-09-01
030200243_,6,1.0,insufficient_history,2026-09-01
030200243_,7,1.0,insufficient_history,2026-09-01
030200243_,8,1.0,insufficient_history,2026-09-01
030200243_,9,1.0,insufficient_history,2026-09-01
030200243_,10,1.0,insufficient_history,2026-09-01
030200243_,11,1.0,insufficient_history,2026-09-01
030200243_,12,1.0,insufficient_history,2026-09-01
030200244_,1,1.0,insufficient_history,2026-09-01
030200244_,2,1.0,insufficient_history,2026-09-01
030200244_,3,1.0,insufficient_history,2026-09-01
030200244_,4,1.0,insufficient_history,2026-09-01
030200244_,5,1.0,insufficient_history,2026-09-01
030200244_,6,1.0,insufficient_history,2026-09-01
030200244_,7,1.0,insufficient_history,2026-09-01
030200244_,8,1.0,insufficient_history,2026-09-01
030200244_,9,1.0,insufficient_history,2026-09-01
030200244_,10,1.0,insufficient_history,2026-09-01
030200244_,11,1.0,insufficient_history,2026-09-01
030200244_,12,1.0,insufficient_history,2026-09-01
030200245_,1,1.0,insufficient_history,2026-09-01
030200245_,2,1.0,insufficient_history,2026-09-01
030200245_,3,1.0,insufficient_history,2026-09-01
030200245_,4,1.0,insufficient_history,2026-09-01
030200245_,5,1.0,insufficient_history,2026-09-01
030200245_,6,1.0,insufficient_history,2026-09-01
030200245_,7,1.0,insufficient_history,2026-09-01
030200245_,8,1.0,insufficient_history,2026-09-01
030200245_,9,1.0,insufficient_history,2026-09-01
030200245_,10,1.0,insufficient_history,2026-09-01
030200245_,11,1.0,insufficient_history,2026-09-01
030200245_,12,1.0,insufficient_history,2026-09-01
030200246_,1,1.0,insufficient_history,2026-09-01
030200246_,2,1.0,insufficient_history,2026-09-01
030200246_,3,1.0,insufficient_history,2026-09-01
030200246_,4,1.0,insufficient_history,2026-09-01
030200246_,5,1.0,insufficient_history,2026-09-01
030200246_,6,1.0,insufficient_history,2026-09-01
030200246_,7,1.0,insufficient_history,2026-09-01
030200246_,8,1.0,insufficient_history,2026-09-01
030200246_,9,1.0,insufficient_history,2026-09-01
030200246_,10,1.0,insufficient_history,2026-09-01
030200246_,11,1.0,insufficient_history,2026-09-01
030200246_,12,1.0,insufficient_history,2026-09-01
030200247_,1,1.0,insufficient_history,2026-09-01
030200247_,2,1.0,insufficient_history,2026-09-01
030200247_,3,1.0,insufficient_history,2026-09-01
030200247_,4,1.0,insufficient_history,2026-09-01
030200247_,5,1.0,insufficient_history,2026-09-01
030200247_,6,1.0,insufficient_history,2026-09-01
030200247_,7,1.0,insufficient_history,2026-09-01
030200247_,8,1.0,insufficient_history,2026-09-01
030200247_,9,1.0,insufficient_history,2026-09-01
030200247_,10,1.0,insufficient_history,2026-09-01
030200247_,11,1.0,insufficient_history,2026-09-01
030200247_,12,1.0,insufficient_history,2026-09-01
030200248_,1,1.0,insufficient_history,2026-09-01
030200248_,2,1.0,insufficient_history,2026-09-01
030200248_,3,1.0,insufficient_history,2026-09-01
030200248_,4,1.0,insufficient_history,2026-09-01
030200248_,5,1.0,insufficient_history,2026-09-01
030200248_,6,1.0,insufficient_history,2026-09-01
030200248_,7,1.0,insufficient_history,2026-09-01
030200248_,8,1.0,insufficient_history,2026-09-01
030200248_,9,1.0,insufficient_history,2026-09-01
030200248_,10,1.0,insufficient_history,2026-09-01
030200248_,11,1.0,insufficient_history,2026-09-01
030200248_,12,1.0,insufficient_history,2026-09-01
030200249_,1,1.0,insufficient_history,2026-09-01
030200249_,2,1.0,insufficient_history,2026-09-01
030200249_,3,1.0,insufficient_history,2026-09-01
030200249_,4,1.0,insufficient_history,2026-09-01
030200249_,5,1.0,insufficient_history,2026-09-01
030200249_,6,1.0,insufficient_history,2026-09-01
030200249_,7,1.0,insufficient_history,2026-09-01
030200249_,8,1.0,insufficient_history,2026-09-01
030200249_,9,1.0,insufficient_history,2026-09-01
030200249_,10,1.0,insufficient_history,2026-09-01
030200249_,11,1.0,insufficient_history,2026-09-01
030200249_,12,1.0,insufficient_history,2026-09-01
030200250_,1,1.0,insufficient_history,2026-09-01
030200250_,2,1.0,insufficient_history,2026-09-01
030200250_,3,1.0,insufficient_history,2026-09-01
030200250_,4,1.0,insufficient_history,2026-09-01
030200250_,5,1.0,insufficient_history,2026-09-01
030200250_,6,1.0,insufficient_history,2026-09-01
030200250_,7,1.0,insufficient_history,2026-09-01
030200250_,8,1.0,insufficient_history,2026-09-01
030200250_,9,1.0,insufficient_history,2026-09-01
030200250_,10,1.0,insufficient_history,2026-09-01
030200250_,11,1.0,insufficient_history,2026-09-01
030200250_,12,1.0,insufficient_history,2026-09-01
030200251_,1,1.0,insufficient_history,2026-09-01
030200251_,2,1.0,insufficient_history,2026-09-01
030200251_,3,1.0,insufficient_history,2026-09-01
030200251_,4,1.0,insufficient_history,2026-09-01
030200251_,5,1.0,insufficient_history,2026-09-01
030200251_,6,1.0,insufficient_history,2026-09-01
030200251_,7,1.0,insufficient_history,2026-09-01
030200251_,8,1.0,insufficient_history,2026-09-01
030200251_,9,1.0,insufficient_history,2026-09-01
030200251_,10,1.0,insufficient_history,2026-09-01
030200251_,11,1.0,insufficient_history,2026-09-01
030200251_,12,1.0,insufficient_history,2026-09-01
030200252_,1,1.0,insufficient_history,2026-09-01
030200252_,2,1.0,insufficient_history,2026-09-01
030200252_,3,1.0,insufficient_history,2026-09-01
030200252_,4,1.0,insufficient_history,2026-09-01
030200252_,5,1.0,insufficient_history,2026-09-01
030200252_,6,1.0,insufficient_history,2026-09-01
030200252_,7,1.0,insufficient_history,2026-09-01
030200252_,8,1.0,insufficient_history,2026-09-01
030200252_,9,1.0,insufficient_history,2026-09-01
030200252_,10,1.0,insufficient_history,2026-09-01
030200252_,11,1.0,insufficient_history,2026-09-01
030200252_,12,1.0,insufficient_history,2026-09-01
030200253_,1,1.0,insufficient_history,2026-09-01
030200253_,2,1.0,insufficient_history,2026-09-01
030200253_,3,1.0,insufficient_history,2026-09-01
030200253_,4,1.0,insufficient_history,2026-09-01
030200253_,5,1.0,insufficient_history,2026-09-01
030200253_,6,1.0,insufficient_history,2026-09-01
030200253_,7,1.0,insufficient_history,2026-09-01
030200253_,8,1.0,insufficient_history,2026-09-01
030200253_,9,1.0,insufficient_history,2026-09-01
030200253_,10,1.0,insufficient_history,2026-09-01
030200253_,11,1.0,insufficient_history,2026-09-01
030200253_,12,1.0,insufficient_history,2026-09-01
030200254_,1,1.0,insufficient_history,2026-09-01
030200254_,2,1.0,insufficient_history,2026-09-01
030200254_,3,1.0,insufficient_history,2026-09-01
030200254_,4,1.0,insufficient_history,2026-09-01
030200254_,5,1.0,insufficient_history,2026-09-01
030200254_,6,1.0,insufficient_history,2026-09-01
030200254_,7,1.0,insufficient_history,2026-09-01
030200254_,8,1.0,insufficient_history,2026-09-01
030200254_,9,1.0,insufficient_history,2026-09-01
030200254_,10,1.0,insufficient_history,2026-09-01
030200254_,11,1.0,insufficient_history,2026-09-01
030200254_,12,1.0,insufficient_history,2026-09-01
030200256_,1,1.0,insufficient_history,2026-09-01
030200256_,2,1.0,insufficient_history,2026-09-01
030200256_,3,1.0,insufficient_history,2026-09-01
030200256_,4,1.0,insufficient_history,2026-09-01
030200256_,5,1.0,insufficient_history,2026-09-01
030200256_,6,1.0,insufficient_history,2026-09-01
030200256_,7,1.0,insufficient_history,2026-09-01
030200256_,8,1.0,insufficient_history,2026-09-01
030200256_,9,1.0,insufficient_history,2026-09-01
030200256_,10,1.0,insufficient_history,2026-09-01
030200256_,11,1.0,insufficient_history,2026-09-01
030200256_,12,1.0,insufficient_history,2026-09-01
030200257_,1,1.0,insufficient_history,2026-09-01
030200257_,2,1.0,insufficient_history,2026-09-01
030200257_,3,1.0,insufficient_history,2026-09-01
030200257_,4,1.0,insufficient_history,2026-09-01
030200257_,5,1.0,insufficient_history,2026-09-01
030200257_,6,1.0,insufficient_history,2026-09-01
030200257_,7,1.0,insufficient_history,2026-09-01
030200257_,8,1.0,insufficient_history,2026-09-01
030200257_,9,1.0,insufficient_history,2026-09-01
030200257_,10,1.0,insufficient_history,2026-09-01
030200257_,11,1.0,insufficient_history,2026-09-01
030200257_,12,1.0,insufficient_history,2026-09-01
030200258_,1,1.0,insufficient_history,2026-09-01
030200258_,2,1.0,insufficient_history,2026-09-01
030200258_,3,1.0,insufficient_history,2026-09-01
030200258_,4,1.0,insufficient_history,2026-09-01
030200258_,5,1.0,insufficient_history,2026-09-01
030200258_,6,1.0,insufficient_history,2026-09-01
030200258_,7,1.0,insufficient_history,2026-09-01
030200258_,8,1.0,insufficient_history,2026-09-01
030200258_,9,1.0,insufficient_history,2026-09-01
030200258_,10,1.0,insufficient_history,2026-09-01
030200258_,11,1.0,insufficient_history,2026-09-01
030200258_,12,1.0,insufficient_history,2026-09-01
030200259_,1,1.0,insufficient_history,2026-09-01
030200259_,2,1.0,insufficient_history,2026-09-01
030200259_,3,1.0,insufficient_history,2026-09-01
030200259_,4,1.0,insufficient_history,2026-09-01
030200259_,5,1.0,insufficient_history,2026-09-01
030200259_,6,1.0,insufficient_history,2026-09-01
030200259_,7,1.0,insufficient_history,2026-09-01
030200259_,8,1.0,insufficient_history,2026-09-01
030200259_,9,1.0,insufficient_history,2026-09-01
030200259_,10,1.0,insufficient_history,2026-09-01
030200259_,11,1.0,insufficient_history,2026-09-01
030200259_,12,1.0,insufficient_history,2026-09-01
030200260_,1,1.0,insufficient_history,2026-09-01
030200260_,2,1.0,insufficient_history,2026-09-01
030200260_,3,1.0,insufficient_history,2026-09-01
030200260_,4,1.0,insufficient_history,2026-09-01
030200260_,5,1.0,insufficient_history,2026-09-01
030200260_,6,1.0,insufficient_history,2026-09-01
030200260_,7,1.0,insufficient_history,2026-09-01
030200260_,8,1.0,insufficient_history,2026-09-01
030200260_,9,1.0,insufficient_history,2026-09-01
030200260_,10,1.0,insufficient_history,2026-09-01
030200260_,11,1.0,insufficient_history,2026-09-01
030200260_,12,1.0,insufficient_history,2026-09-01
030200261_,1,1.0,insufficient_history,2026-09-01
030200261_,2,1.0,insufficient_history,2026-09-01
030200261_,3,1.0,insufficient_history,2026-09-01
030200261_,4,1.0,insufficient_history,2026-09-01
030200261_,5,1.0,insufficient_history,2026-09-01
030200261_,6,1.0,insufficient_history,2026-09-01
030200261_,7,1.0,insufficient_history,2026-09-01
030200261_,8,1.0,insufficient_history,2026-09-01
030200261_,9,1.0,insufficient_history,2026-09-01
030200261_,10,1.0,insufficient_history,2026-09-01
030200261_,11,1.0,insufficient_history,2026-09-01
030200261_,12,1.0,insufficient_history,2026-09-01
030200262_,1,1.0,insufficient_history,2026-09-01
030200262_,2,1.0,insufficient_history,2026-09-01
030200262_,3,1.0,insufficient_history,2026-09-01
030200262_,4,1.0,insufficient_history,2026-09-01
030200262_,5,1.0,insufficient_history,2026-09-01
030200262_,6,1.0,insufficient_history,2026-09-01
030200262_,7,1.0,insufficient_history,2026-09-01
030200262_,8,1.0,insufficient_history,2026-09-01
030200262_,9,1.0,insufficient_history,2026-09-01
030200262_,10,1.0,insufficient_history,2026-09-01
030200262_,11,1.0,insufficient_history,2026-09-01
030200262_,12,1.0,insufficient_history,2026-09-01
030200263_,1,1.0,insufficient_history,2026-09-01
030200263_,2,1.0,insufficient_history,2026-09-01
030200263_,3,1.0,insufficient_history,2026-09-01
030200263_,4,1.0,insufficient_history,2026-09-01
030200263_,5,1.0,insufficient_history,2026-09-01
030200263_,6,1.0,insufficient_history,2026-09-01
030200263_,7,1.0,insufficient_history,2026-09-01
030200263_,8,1.0,insufficient_history,2026-09-01
030200263_,9,1.0,insufficient_history,2026-09-01
030200263_,10,1.0,insufficient_history,2026-09-01
030200263_,11,1.0,insufficient_history,2026-09-01
030200263_,12,1.0,insufficient_history,2026-09-01
030200264_,1,1.0,insufficient_history,2026-09-01
030200264_,2,1.0,insufficient_history,2026-09-01
030200264_,3,1.0,insufficient_history,2026-09-01
030200264_,4,1.0,insufficient_history,2026-09-01
030200264_,5,1.0,insufficient_history,2026-09-01
030200264_,6,1.0,insufficient_history,2026-09-01
030200264_,7,1.0,insufficient_history,2026-09-01
030200264_,8,1.0,insufficient_history,2026-09-01
030200264_,9,1.0,insufficient_history,2026-09-01
030200264_,10,1.0,insufficient_history,2026-09-01
030200264_,11,1.0,insufficient_history,2026-09-01
030200264_,12,1.0,insufficient_history,2026-09-01
030200265_,1,1.0,insufficient_history,2026-09-01
030200265_,2,1.0,insufficient_history,2026-09-01
030200265_,3,1.0,insufficient_history,2026-09-01
030200265_,4,1.0,insufficient_history,2026-09-01
030200265_,5,1.0,insufficient_history,2026-09-01
030200265_,6,1.0,insufficient_history,2026-09-01
030200265_,7,1.0,insufficient_history,2026-09-01
030200265_,8,1.0,insufficient_history,2026-09-01
030200265_,9,1.0,insufficient_history,2026-09-01
030200265_,10,1.0,insufficient_history,2026-09-01
030200265_,11,1.0,insufficient_history,2026-09-01
030200265_,12,1.0,insufficient_history,2026-09-01
030200266_,1,1.0,insufficient_history,2026-09-01
030200266_,2,1.0,insufficient_history,2026-09-01
030200266_,3,1.0,insufficient_history,2026-09-01
030200266_,4,1.0,insufficient_history,2026-09-01
030200266_,5,1.0,insufficient_history,2026-09-01
030200266_,6,1.0,insufficient_history,2026-09-01
030200266_,7,1.0,insufficient_history,2026-09-01
030200266_,8,1.0,insufficient_history,2026-09-01
030200266_,9,1.0,insufficient_history,2026-09-01
030200266_,10,1.0,insufficient_history,2026-09-01
030200266_,11,1.0,insufficient_history,2026-09-01
030200266_,12,1.0,insufficient_history,2026-09-01
030200292_,1,1.0,insufficient_history,2026-09-01
030200292_,2,1.0,insufficient_history,2026-09-01
030200292_,3,1.0,insufficient_history,2026-09-01
030200292_,4,1.0,insufficient_history,2026-09-01
030200292_,5,1.0,insufficient_history,2026-09-01
030200292_,6,1.0,insufficient_history,2026-09-01
030200292_,7,1.0,insufficient_history,2026-09-01
030200292_,8,1.0,insufficient_history,2026-09-01
030200292_,9,1.0,insufficient_history,2026-09-01
030200292_,10,1.0,insufficient_history,2026-09-01
030200292_,11,1.0,insufficient_history,2026-09-01
030200292_,12,1.0,insufficient_history,2026-09-01
030200295_,1,1.0,insufficient_history,2026-09-01
030200295_,2,1.0,insufficient_history,2026-09-01
030200295_,3,1.0,insufficient_history,2026-09-01
030200295_,4,1.0,insufficient_history,2026-09-01
030200295_,5,1.0,insufficient_history,2026-09-01
030200295_,6,1.0,insufficient_history,2026-09-01
030200295_,7,1.0,insufficient_history,2026-09-01
030200295_,8,1.0,insufficient_history,2026-09-01
030200295_,9,1.0,insufficient_history,2026-09-01
030200295_,10,1.0,insufficient_history,2026-09-01
030200295_,11,1.0,insufficient_history,2026-09-01
030200295_,12,1.0,insufficient_history,2026-09-01
030200296_,1,1.0,insufficient_history,2026-09-01
030200296_,2,1.0,insufficient_history,2026-09-01
030200296_,3,1.0,insufficient_history,2026-09-01
030200296_,4,1.0,insufficient_history,2026-09-01
030200296_,5,1.0,insufficient_history,2026-09-01
030200296_,6,1.0,insufficient_history,2026-09-01
030200296_,7,1.0,insufficient_history,2026-09-01
030200296_,8,1.0,insufficient_history,2026-09-01
030200296_,9,1.0,insufficient_history,2026-09-01
030200296_,10,1.0,insufficient_history,2026-09-01
030200296_,11,1.0,insufficient_history,2026-09-01
030200296_,12,1.0,insufficient_history,2026-09-01
030200297_,1,1.0,insufficient_history,2026-09-01
030200297_,2,1.0,insufficient_history,2026-09-01
030200297_,3,1.0,insufficient_history,2026-09-01
030200297_,4,1.0,insufficient_history,2026-09-01
030200297_,5,1.0,insufficient_history,2026-09-01
030200297_,6,1.0,insufficient_history,2026-09-01
030200297_,7,1.0,insufficient_history,2026-09-01
030200297_,8,1.0,insufficient_history,2026-09-01
030200297_,9,1.0,insufficient_history,2026-09-01
030200297_,10,1.0,insufficient_history,2026-09-01
030200297_,11,1.0,insufficient_history,2026-09-01
030200297_,12,1.0,insufficient_history,2026-09-01
030200298_,1,1.0,insufficient_history,2026-09-01
030200298_,2,1.0,insufficient_history,2026-09-01
030200298_,3,1.0,insufficient_history,2026-09-01
030200298_,4,1.0,insufficient_history,2026-09-01
030200298_,5,1.0,insufficient_history,2026-09-01
030200298_,6,1.0,insufficient_history,2026-09-01
030200298_,7,1.0,insufficient_history,2026-09-01
030200298_,8,1.0,insufficient_history,2026-09-01
030200298_,9,1.0,insufficient_history,2026-09-01
030200298_,10,1.0,insufficient_history,2026-09-01
030200298_,11,1.0,insufficient_history,2026-09-01
030200298_,12,1.0,insufficient_history,2026-09-01
030200322_,1,1.0,insufficient_history,2026-09-01
030200322_,2,1.0,insufficient_history,2026-09-01
030200322_,3,1.0,insufficient_history,2026-09-01
030200322_,4,1.0,insufficient_history,2026-09-01
030200322_,5,1.0,insufficient_history,2026-09-01
030200322_,6,1.0,insufficient_history,2026-09-01
030200322_,7,1.0,insufficient_history,2026-09-01
030200322_,8,1.0,insufficient_history,2026-09-01
030200322_,9,1.0,insufficient_history,2026-09-01
030200322_,10,1.0,insufficient_history,2026-09-01
030200322_,11,1.0,insufficient_history,2026-09-01
030200322_,12,1.0,insufficient_history,2026-09-01
030200323_,1,1.0,insufficient_history,2026-09-01
030200323_,2,1.0,insufficient_history,2026-09-01
030200323_,3,1.0,insufficient_history,2026-09-01
030200323_,4,1.0,insufficient_history,2026-09-01
030200323_,5,1.0,insufficient_history,2026-09-01
030200323_,6,1.0,insufficient_history,2026-09-01
030200323_,7,1.0,insufficient_history,2026-09-01
030200323_,8,1.0,insufficient_history,2026-09-01
030200323_,9,1.0,insufficient_history,2026-09-01
030200323_,10,1.0,insufficient_history,2026-09-01
030200323_,11,1.0,insufficient_history,2026-09-01
030200323_,12,1.0,insufficient_history,2026-09-01
030200330_,1,1.0,insufficient_history,2026-09-01
030200330_,2,1.0,insufficient_history,2026-09-01
030200330_,3,1.0,insufficient_history,2026-09-01
030200330_,4,1.0,insufficient_history,2026-09-01
030200330_,5,1.0,insufficient_history,2026-09-01
030200330_,6,1.0,insufficient_history,2026-09-01
030200330_,7,1.0,insufficient_history,2026-09-01
030200330_,8,1.0,insufficient_history,2026-09-01
030200330_,9,1.0,insufficient_history,2026-09-01
030200330_,10,1.0,insufficient_history,2026-09-01
030200330_,11,1.0,insufficient_history,2026-09-01
030200330_,12,1.0,insufficient_history,2026-09-01
030200331_,1,1.0,insufficient_history,2026-09-01
030200331_,2,1.0,insufficient_history,2026-09-01
030200331_,3,1.0,insufficient_history,2026-09-01
030200331_,4,1.0,insufficient_history,2026-09-01
030200331_,5,1.0,insufficient_history,2026-09-01
030200331_,6,1.0,insufficient_history,2026-09-01
030200331_,7,1.0,insufficient_history,2026-09-01
030200331_,8,1.0,insufficient_history,2026-09-01
030200331_,9,1.0,insufficient_history,2026-09-01
030200331_,10,1.0,insufficient_history,2026-09-01
030200331_,11,1.0,insufficient_history,2026-09-01
030200331_,12,1.0,insufficient_history,2026-09-01
030200345,1,1.0,insufficient_history,2026-09-01
030200345,2,1.0,insufficient_history,2026-09-01
030200345,3,1.0,insufficient_history,2026-09-01
030200345,4,1.0,insufficient_history,2026-09-01
030200345,5,1.0,insufficient_history,2026-09-01
030200345,6,1.0,insufficient_history,2026-09-01
030200345,7,1.0,insufficient_history,2026-09-01
030200345,8,1.0,insufficient_history,2026-09-01
030200345,9,1.0,insufficient_history,2026-09-01
030200345,10,1.0,insufficient_history,2026-09-01
030200345,11,1.0,insufficient_history,2026-09-01
030200345,12,1.0,insufficient_history,2026-09-01
030200372_,1,1.0,insufficient_history,2026-09-01
030200372_,2,1.0,insufficient_history,2026-09-01
030200372_,3,1.0,insufficient_history,2026-09-01
030200372_,4,1.0,insufficient_history,2026-09-01
030200372_,5,1.0,insufficient_history,2026-09-01
030200372_,6,1.0,insufficient_history,2026-09-01
030200372_,7,1.0,insufficient_history,2026-09-01
030200372_,8,1.0,insufficient_history,2026-09-01
030200372_,9,1.0,insufficient_history,2026-09-01
030200372_,10,1.0,insufficient_history,2026-09-01
030200372_,11,1.0,insufficient_history,2026-09-01
030200372_,12,1.0,insufficient_history,2026-09-01
030200375_,1,1.0,insufficient_history,2026-09-01
030200375_,2,1.0,insufficient_history,2026-09-01
030200375_,3,1.0,insufficient_history,2026-09-01
030200375_,4,1.0,insufficient_history,2026-09-01
030200375_,5,1.0,insufficient_history,2026-09-01
030200375_,6,1.0,insufficient_history,2026-09-01
030200375_,7,1.0,insufficient_history,2026-09-01
030200375_,8,1.0,insufficient_history,2026-09-01
030200375_,9,1.0,insufficient_history,2026-09-01
030200375_,10,1.0,insufficient_history,2026-09-01
030200375_,11,1.0,insufficient_history,2026-09-01
030200375_,12,1.0,insufficient_history,2026-09-01
030200379_,1,1.0,insufficient_history,2026-09-01
030200379_,2,1.0,insufficient_history,2026-09-01
030200379_,3,1.0,insufficient_history,2026-09-01
030200379_,4,1.0,insufficient_history,2026-09-01
030200379_,5,1.0,insufficient_history,2026-09-01
030200379_,6,1.0,insufficient_history,2026-09-01
030200379_,7,1.0,insufficient_history,2026-09-01
030200379_,8,1.0,insufficient_history,2026-09-01
030200379_,9,1.0,insufficient_history,2026-09-01
030200379_,10,1.0,insufficient_history,2026-09-01
030200379_,11,1.0,insufficient_history,2026-09-01
030200379_,12,1.0,insufficient_history,2026-09-01
030200381_,1,1.0,insufficient_history,2026-09-01
030200381_,2,1.0,insufficient_history,2026-09-01
030200381_,3,1.0,insufficient_history,2026-09-01
030200381_,4,1.0,insufficient_history,2026-09-01
030200381_,5,1.0,insufficient_history,2026-09-01
030200381_,6,1.0,insufficient_history,2026-09-01
030200381_,7,1.0,insufficient_history,2026-09-01
030200381_,8,1.0,insufficient_history,2026-09-01
030200381_,9,1.0,insufficient_history,2026-09-01
030200381_,10,1.0,insufficient_history,2026-09-01
030200381_,11,1.0,insufficient_history,2026-09-01
030200381_,12,1.0,insufficient_history,2026-09-01
030200382_,1,1.0,insufficient_history,2026-09-01
030200382_,2,1.0,insufficient_history,2026-09-01
030200382_,3,1.0,insufficient_history,2026-09-01
030200382_,4,1.0,insufficient_history,2026-09-01
030200382_,5,1.0,insufficient_history,2026-09-01
030200382_,6,1.0,insufficient_history,2026-09-01
030200382_,7,1.0,insufficient_history,2026-09-01
030200382_,8,1.0,insufficient_history,2026-09-01
030200382_,9,1.0,insufficient_history,2026-09-01
030200382_,10,1.0,insufficient_history,2026-09-01
030200382_,11,1.0,insufficient_history,2026-09-01
030200382_,12,1.0,insufficient_history,2026-09-01
030200399_,1,1.0,insufficient_history,2026-09-01
030200399_,2,1.0,insufficient_history,2026-09-01
030200399_,3,1.0,insufficient_history,2026-09-01
030200399_,4,1.0,insufficient_history,2026-09-01
030200399_,5,1.0,insufficient_history,2026-09-01
030200399_,6,1.0,insufficient_history,2026-09-01
030200399_,7,1.0,insufficient_history,2026-09-01
030200399_,8,1.0,insufficient_history,2026-09-01
030200399_,9,1.0,insufficient_history,2026-09-01
030200399_,10,1.0,insufficient_history,2026-09-01
030200399_,11,1.0,insufficient_history,2026-09-01
030200399_,12,1.0,insufficient_history,2026-09-01
030201459_,1,1.0,insufficient_history,2026-09-01
030201459_,2,1.0,insufficient_history,2026-09-01
030201459_,3,1.0,insufficient_history,2026-09-01
030201459_,4,1.0,insufficient_history,2026-09-01
030201459_,5,1.0,insufficient_history,2026-09-01
030201459_,6,1.0,insufficient_history,2026-09-01
030201459_,7,1.0,insufficient_history,2026-09-01
030201459_,8,1.0,insufficient_history,2026-09-01
030201459_,9,1.0,insufficient_history,2026-09-01
030201459_,10,1.0,insufficient_history,2026-09-01
030201459_,11,1.0,insufficient_history,2026-09-01
030201459_,12,1.0,insufficient_history,2026-09-01
030300013_,1,1.0,insufficient_history,2026-09-01
030300013_,2,1.0,insufficient_history,2026-09-01
030300013_,3,1.0,insufficient_history,2026-09-01
030300013_,4,1.0,insufficient_history,2026-09-01
030300013_,5,1.0,insufficient_history,2026-09-01
030300013_,6,1.0,insufficient_history,2026-09-01
030300013_,7,1.0,insufficient_history,2026-09-01
030300013_,8,1.0,insufficient_history,2026-09-01
030300013_,9,1.0,insufficient_history,2026-09-01
030300013_,10,1.0,insufficient_history,2026-09-01
030300013_,11,1.0,insufficient_history,2026-09-01
030300013_,12,1.0,insufficient_history,2026-09-01
030300014_,1,0.9159378410043837,estimated_from_past,2026-09-01
030300014_,2,0.64046832241291,estimated_from_past,2026-09-01
030300014_,3,0.9949841856484174,estimated_from_past,2026-09-01
030300014_,4,0.9222646792494313,estimated_from_past,2026-09-01
030300014_,5,0.915301937043871,estimated_from_past,2026-09-01
030300014_,6,0.9591692181144741,estimated_from_past,2026-09-01
030300014_,7,1.1570448914384521,estimated_from_past,2026-09-01
030300014_,8,1.142360538788829,estimated_from_past,2026-09-01
030300014_,9,1.0487525179851693,estimated_from_past,2026-09-01
030300014_,10,1.6224362764072526,estimated_from_past,2026-09-01
030300014_,11,1.029601155597429,estimated_from_past,2026-09-01
030300014_,12,0.6516784363093808,estimated_from_past,2026-09-01
030300078_,1,1.0,insufficient_history,2026-09-01
030300078_,2,1.0,insufficient_history,2026-09-01
030300078_,3,1.0,insufficient_history,2026-09-01
030300078_,4,1.0,insufficient_history,2026-09-01
030300078_,5,1.0,insufficient_history,2026-09-01
030300078_,6,1.0,insufficient_history,2026-09-01
030300078_,7,1.0,insufficient_history,2026-09-01
030300078_,8,1.0,insufficient_history,2026-09-01
030300078_,9,1.0,insufficient_history,2026-09-01
030300078_,10,1.0,insufficient_history,2026-09-01
030300078_,11,1.0,insufficient_history,2026-09-01
030300078_,12,1.0,insufficient_history,2026-09-01
130300026_,1,0.913257579091887,estimated_from_past,2026-09-01
130300026_,2,0.6378711081914432,estimated_from_past,2026-09-01
130300026_,3,0.6781363895862484,estimated_from_past,2026-09-01
130300026_,4,0.526292756059132,estimated_from_past,2026-09-01
130300026_,5,1.5665897143875478,estimated_from_past,2026-09-01
130300026_,6,0.681167521264341,estimated_from_past,2026-09-01
130300026_,7,1.090370482056513,estimated_from_past,2026-09-01
130300026_,8,1.1333515859030339,estimated_from_past,2026-09-01
130300026_,9,1.1014207601737902,estimated_from_past,2026-09-01
130300026_,10,1.15910930566746,estimated_from_past,2026-09-01
130300026_,11,1.1270636051257303,estimated_from_past,2026-09-01
130300026_,12,1.385369192492872,estimated_from_past,2026-09-01
130300027_,1,0.7883069507428293,estimated_from_past,2026-09-01
130300027_,2,0.7204674539815299,estimated_from_past,2026-09-01
130300027_,3,0.6129226199912046,estimated_from_past,2026-09-01
130300027_,4,0.7932008623425556,estimated_from_past,2026-09-01
130300027_,5,0.6785416091524307,estimated_from_past,2026-09-01
130300027_,6,1.477735368243366,estimated_from_past,2026-09-01
130300027_,7,1.0190445125067227,estimated_from_past,2026-09-01
130300027_,8,1.0884682990039622,estimated_from_past,2026-09-01
130300027_,9,1.4691765023864365,estimated_from_past,2026-09-01
130300027_,10,1.580249666845326,estimated_from_past,2026-09-01
130300027_,11,1.0831367841012203,estimated_from_past,2026-09-01
130300027_,12,0.688749370702417,estimated_from_past,2026-09-01
130300028_,1,1.0,insufficient_history,2026-09-01
130300028_,2,1.0,insufficient_history,2026-09-01
130300028_,3,1.0,insufficient_history,2026-09-01
130300028_,4,1.0,insufficient_history,2026-09-01
130300028_,5,1.0,insufficient_history,2026-09-01
130300028_,6,1.0,insufficient_history,2026-09-01
130300028_,7,1.0,insufficient_history,2026-09-01
130300028_,8,1.0,insufficient_history,2026-09-01
130300028_,9,1.0,insufficient_history,2026-09-01
130300028_,10,1.0,insufficient_history,2026-09-01
130300028_,11,1.0,insufficient_history,2026-09-01
130300028_,12,1.0,insufficient_history,2026-09-01
280300174_,1,1.0053824128306854,estimated_from_past,2026-09-01
280300174_,2,0.7603717641825123,estimated_from_past,2026-09-01
280300174_,3,1.2505526903255493,estimated_from_past,2026-09-01
280300174_,4,0.9567781055959653,estimated_from_past,2026-09-01
280300174_,5,0.8472731720208199,estimated_from_past,2026-09-01
280300174_,6,1.077907797659876,estimated_from_past,2026-09-01
280300174_,7,1.2084084452431871,estimated_from_past,2026-09-01
280300174_,8,0.9474364716364865,estimated_from_past,2026-09-01
280300174_,9,1.1600417741608586,estimated_from_past,2026-09-01
280300174_,10,1.0440937838556206,estimated_from_past,2026-09-01
280300174_,11,0.9974034958011203,estimated_from_past,2026-09-01
280300174_,12,0.7443500866873176,estimated_from_past,2026-09-01
300100003_,1,1.0,insufficient_history,2026-09-01
300100003_,2,1.0,insufficient_history,2026-09-01
300100003_,3,1.0,insufficient_history,2026-09-01
300100003_,4,1.0,insufficient_history,2026-09-01
300100003_,5,1.0,insufficient_history,2026-09-01
300100003_,6,1.0,insufficient_history,2026-09-01
300100003_,7,1.0,insufficient_history,2026-09-01
300100003_,8,1.0,insufficient_history,2026-09-01
300100003_,9,1.0,insufficient_history,2026-09-01
300100003_,10,1.0,insufficient_history,2026-09-01
300100003_,11,1.0,insufficient_history,2026-09-01
300100003_,12,1.0,insufficient_history,2026-09-01
300100004_,1,1.0,insufficient_history,2026-09-01
300100004_,2,1.0,insufficient_history,2026-09-01
300100004_,3,1.0,insufficient_history,2026-09-01
300100004_,4,1.0,insufficient_history,2026-09-01
300100004_,5,1.0,insufficient_history,2026-09-01
300100004_,6,1.0,insufficient_history,2026-09-01
300100004_,7,1.0,insufficient_history,2026-09-01
300100004_,8,1.0,insufficient_history,2026-09-01
300100004_,9,1.0,insufficient_history,2026-09-01
300100004_,10,1.0,insufficient_history,2026-09-01
300100004_,11,1.0,insufficient_history,2026-09-01
300100004_,12,1.0,insufficient_history,2026-09-01
300100006_,1,1.0,insufficient_history,2026-09-01
300100006_,2,1.0,insufficient_history,2026-09-01
300100006_,3,1.0,insufficient_history,2026-09-01
300100006_,4,1.0,insufficient_history,2026-09-01
300100006_,5,1.0,insufficient_history,2026-09-01
300100006_,6,1.0,insufficient_history,2026-09-01
300100006_,7,1.0,insufficient_history,2026-09-01
300100006_,8,1.0,insufficient_history,2026-09-01
300100006_,9,1.0,insufficient_history,2026-09-01
300100006_,10,1.0,insufficient_history,2026-09-01
300100006_,11,1.0,insufficient_history,2026-09-01
300100006_,12,1.0,insufficient_history,2026-09-01
300100012_,1,1.0,insufficient_history,2026-09-01
300100012_,2,1.0,insufficient_history,2026-09-01
300100012_,3,1.0,insufficient_history,2026-09-01
300100012_,4,1.0,insufficient_history,2026-09-01
300100012_,5,1.0,insufficient_history,2026-09-01
300100012_,6,1.0,insufficient_history,2026-09-01
300100012_,7,1.0,insufficient_history,2026-09-01
300100012_,8,1.0,insufficient_history,2026-09-01
300100012_,9,1.0,insufficient_history,2026-09-01
300100012_,10,1.0,insufficient_history,2026-09-01
300100012_,11,1.0,insufficient_history,2026-09-01
300100012_,12,1.0,insufficient_history,2026-09-01
300100015_,1,1.0,insufficient_history,2026-09-01
300100015_,2,1.0,insufficient_history,2026-09-01
300100015_,3,1.0,insufficient_history,2026-09-01
300100015_,4,1.0,insufficient_history,2026-09-01
300100015_,5,1.0,insufficient_history,2026-09-01
300100015_,6,1.0,insufficient_history,2026-09-01
300100015_,7,1.0,insufficient_history,2026-09-01
300100015_,8,1.0,insufficient_history,2026-09-01
300100015_,9,1.0,insufficient_history,2026-09-01
300100015_,10,1.0,insufficient_history,2026-09-01
300100015_,11,1.0,insufficient_history,2026-09-01
300100015_,12,1.0,insufficient_history,2026-09-01
300100018_,1,1.0,insufficient_history,2026-09-01
300100018_,2,1.0,insufficient_history,2026-09-01
300100018_,3,1.0,insufficient_history,2026-09-01
300100018_,4,1.0,insufficient_history,2026-09-01
300100018_,5,1.0,insufficient_history,2026-09-01
300100018_,6,1.0,insufficient_history,2026-09-01
300100018_,7,1.0,insufficient_history,2026-09-01
300100018_,8,1.0,insufficient_history,2026-09-01
300100018_,9,1.0,insufficient_history,2026-09-01
300100018_,10,1.0,insufficient_history,2026-09-01
300100018_,11,1.0,insufficient_history,2026-09-01
300100018_,12,1.0,insufficient_history,2026-09-01
300200283_,1,0.971827076473483,estimated_from_past,2026-09-01
300200283_,2,0.7663131235799809,estimated_from_past,2026-09-01
300200283_,3,1.1269839400382269,estimated_from_past,2026-09-01
300200283_,4,1.1521009718645472,estimated_from_past,2026-09-01
300200283_,5,1.095944539502352,estimated_from_past,2026-09-01
300200283_,6,1.286575443095852,estimated_from_past,2026-09-01
300200283_,7,0.7752410518748247,estimated_from_past,2026-09-01
300200283_,8,1.3022106070788295,estimated_from_past,2026-09-01
300200283_,9,0.9002041819751313,estimated_from_past,2026-09-01
300200283_,10,0.8184172438106231,estimated_from_past,2026-09-01
300200283_,11,1.003402840522948,estimated_from_past,2026-09-01
300200283_,12,0.8007789801832,estimated_from_past,2026-09-01
300200284_,1,0.5713407433194678,estimated_from_past,2026-09-01
300200284_,2,0.7127821396099263,estimated_from_past,2026-09-01
300200284_,3,1.1467405684621792,estimated_from_past,2026-09-01
300200284_,4,0.8815580088004062,estimated_from_past,2026-09-01
300200284_,5,1.364306681835631,estimated_from_past,2026-09-01
300200284_,6,0.9498978694036802,estimated_from_past,2026-09-01
300200284_,7,0.9901057003893583,estimated_from_past,2026-09-01
300200284_,8,1.53608923042258,estimated_from_past,2026-09-01
300200284_,9,0.9672588253399531,estimated_from_past,2026-09-01
300200284_,10,0.8268759377191839,estimated_from_past,2026-09-01
300200284_,11,0.9336635687269611,estimated_from_past,2026-09-01
300200284_,12,1.119380725970675,estimated_from_past,2026-09-01
300200285_,1,1.0,insufficient_history,2026-09-01
300200285_,2,1.0,insufficient_history,2026-09-01
300200285_,3,1.0,insufficient_history,2026-09-01
300200285_,4,1.0,insufficient_history,2026-09-01
300200285_,5,1.0,insufficient_history,2026-09-01
300200285_,6,1.0,insufficient_history,2026-09-01
300200285_,7,1.0,insufficient_history,2026-09-01
300200285_,8,1.0,insufficient_history,2026-09-01
300200285_,9,1.0,insufficient_history,2026-09-01
300200285_,10,1.0,insufficient_history,2026-09-01
300200285_,11,1.0,insufficient_history,2026-09-01
300200285_,12,1.0,insufficient_history,2026-09-01
300200286_,1,0.8304520767211507,estimated_from_past,2026-09-01
300200286_,2,0.8853259748248052,estimated_from_past,2026-09-01
300200286_,3,0.8471148191153961,estimated_from_past,2026-09-01
300200286_,4,0.9386555052374159,estimated_from_past,2026-09-01
300200286_,5,1.0617340275751816,estimated_from_past,2026-09-01
300200286_,6,1.010003855949259,estimated_from_past,2026-09-01
300200286_,7,1.155683631709817,estimated_from_past,2026-09-01
300200286_,8,1.1016913003216706,estimated_from_past,2026-09-01
300200286_,9,1.0630382545254808,estimated_from_past,2026-09-01
300200286_,10,1.0226354726862072,estimated_from_past,2026-09-01
300200286_,11,1.0007047551987487,estimated_from_past,2026-09-01
300200286_,12,1.0829603261348673,estimated_from_past,2026-09-01
300200287_,1,1.0,insufficient_history,2026-09-01
300200287_,2,1.0,insufficient_history,2026-09-01
300200287_,3,1.0,insufficient_history,2026-09-01
300200287_,4,1.0,insufficient_history,2026-09-01
300200287_,5,1.0,insufficient_history,2026-09-01
300200287_,6,1.0,insufficient_history,2026-09-01
300200287_,7,1.0,insufficient_history,2026-09-01
300200287_,8,1.0,insufficient_history,2026-09-01
300200287_,9,1.0,insufficient_history,2026-09-01
300200287_,10,1.0,insufficient_history,2026-09-01
300200287_,11,1.0,insufficient_history,2026-09-01
300200287_,12,1.0,insufficient_history,2026-09-01
300200288_,1,1.0749086958108132,estimated_from_past,2026-09-01
300200288_,2,0.9705794622071756,estimated_from_past,2026-09-01
300200288_,3,0.92915132556862,estimated_from_past,2026-09-01
300200288_,4,1.51599577803932,estimated_from_past,2026-09-01
300200288_,5,1.080178377191431,estimated_from_past,2026-09-01
300200288_,6,1.0956933074698192,estimated_from_past,2026-09-01
300200288_,7,0.8347632825759299,estimated_from_past,2026-09-01
300200288_,8,1.003952840919708,estimated_from_past,2026-09-01
300200288_,9,1.471186843206493,estimated_from_past,2026-09-01
300200288_,10,0.64129261291888,estimated_from_past,2026-09-01
300200288_,11,0.6749780240769769,estimated_from_past,2026-09-01
300200288_,12,0.7073194500148324,estimated_from_past,2026-09-01
300200289_,1,0.9232647840729402,estimated_from_past,2026-09-01
300200289_,2,0.6839109250547812,estimated_from_past,2026-09-01
300200289_,3,0.7579306158547002,estimated_from_past,2026-09-01
300200289_,4,0.9075861170036307,estimated_from_past,2026-09-01
300200289_,5,0.9098757591474133,estimated_from_past,2026-09-01
300200289_,6,1.1138925700890348,estimated_from_past,2026-09-01
300200289_,7,1.2194072259208673,estimated_from_past,2026-09-01
300200289_,8,1.1336036872918558,estimated_from_past,2026-09-01
300200289_,9,1.128597465537469,estimated_from_past,2026-09-01
300200289_,10,1.1916754297938865,estimated_from_past,2026-09-01
300200289_,11,1.116611160544428,estimated_from_past,2026-09-01
300200289_,12,0.9136442596889919,estimated_from_past,2026-09-01
300200290_,1,1.0,insufficient_history,2026-09-01
300200290_,2,1.0,insufficient_history,2026-09-01
300200290_,3,1.0,insufficient_history,2026-09-01
300200290_,4,1.0,insufficient_history,2026-09-01
300200290_,5,1.0,insufficient_history,2026-09-01
300200290_,6,1.0,insufficient_history,2026-09-01
300200290_,7,1.0,insufficient_history,2026-09-01
300200290_,8,1.0,insufficient_history,2026-09-01
300200290_,9,1.0,insufficient_history,2026-09-01
300200290_,10,1.0,insufficient_history,2026-09-01
300200290_,11,1.0,insufficient_history,2026-09-01
300200290_,12,1.0,insufficient_history,2026-09-01
300200291_,1,0.5942493462681383,estimated_from_past,2026-09-01
300200291_,2,0.5145469383999441,estimated_from_past,2026-09-01
300200291_,3,0.6956393186902825,estimated_from_past,2026-09-01
300200291_,4,1.058366560185026,estimated_from_past,2026-09-01
300200291_,5,1.2649646967711548,estimated_from_past,2026-09-01
300200291_,6,1.1976344352424795,estimated_from_past,2026-09-01
300200291_,7,1.0489717807086338,estimated_from_past,2026-09-01
300200291_,8,1.464534770947785,estimated_from_past,2026-09-01
300200291_,9,1.0408304767994971,estimated_from_past,2026-09-01
300200291_,10,0.9656607941975508,estimated_from_past,2026-09-01
300200291_,11,1.2589290747706712,estimated_from_past,2026-09-01
300200291_,12,0.8956718070188351,estimated_from_past,2026-09-01
300200292_,1,1.0,insufficient_history,2026-09-01
300200292_,2,1.0,insufficient_history,2026-09-01
300200292_,3,1.0,insufficient_history,2026-09-01
300200292_,4,1.0,insufficient_history,2026-09-01
300200292_,5,1.0,insufficient_history,2026-09-01
300200292_,6,1.0,insufficient_history,2026-09-01
300200292_,7,1.0,insufficient_history,2026-09-01
300200292_,8,1.0,insufficient_history,2026-09-01
300200292_,9,1.0,insufficient_history,2026-09-01
300200292_,10,1.0,insufficient_history,2026-09-01
300200292_,11,1.0,insufficient_history,2026-09-01
300200292_,12,1.0,insufficient_history,2026-09-01
300200293_,1,0.8295809353999835,estimated_from_past,2026-09-01
300200293_,2,1.0362210820950986,estimated_from_past,2026-09-01
300200293_,3,1.0557890262306135,estimated_from_past,2026-09-01
300200293_,4,0.835430719333652,estimated_from_past,2026-09-01
300200293_,5,1.2133982693934757,estimated_from_past,2026-09-01
300200293_,6,1.2346848362402,estimated_from_past,2026-09-01
300200293_,7,0.9193183511686345,estimated_from_past,2026-09-01
300200293_,8,1.0666045009600262,estimated_from_past,2026-09-01
300200293_,9,1.0801980371703923,estimated_from_past,2026-09-01
300200293_,10,0.8327492901681237,estimated_from_past,2026-09-01
300200293_,11,0.9644337673407051,estimated_from_past,2026-09-01
300200293_,12,0.9315911844990936,estimated_from_past,2026-09-01
300200294_,1,0.5838206727413463,estimated_from_past,2026-09-01
300200294_,2,0.7352452660507846,estimated_from_past,2026-09-01
300200294_,3,0.9094933883403722,estimated_from_past,2026-09-01
300200294_,4,0.7781157859901352,estimated_from_past,2026-09-01
300200294_,5,0.7305858669378194,estimated_from_past,2026-09-01
300200294_,6,0.7327879512826515,estimated_from_past,2026-09-01
300200294_,7,0.9163741667894649,estimated_from_past,2026-09-01
300200294_,8,1.7751790340686964,estimated_from_past,2026-09-01
300200294_,9,1.1997678211901972,estimated_from_past,2026-09-01
300200294_,10,1.083584815700105,estimated_from_past,2026-09-01
300200294_,11,1.3976545577421184,estimated_from_past,2026-09-01
300200294_,12,1.1573906731663104,estimated_from_past,2026-09-01
300200295_,1,0.5191366004201158,estimated_from_past,2026-09-01
300200295_,2,0.7237608869605215,estimated_from_past,2026-09-01
300200295_,3,0.785318305133936,estimated_from_past,2026-09-01
300200295_,4,1.118437028718279,estimated_from_past,2026-09-01
300200295_,5,1.0197122192817003,estimated_from_past,2026-09-01
300200295_,6,0.9553173499035984,estimated_from_past,2026-09-01
300200295_,7,1.6166872900180618,estimated_from_past,2026-09-01
300200295_,8,1.0653197632835238,estimated_from_past,2026-09-01
300200295_,9,1.2893607189791982,estimated_from_past,2026-09-01
300200295_,10,0.8370875513570136,estimated_from_past,2026-09-01
300200295_,11,1.1263986228734568,estimated_from_past,2026-09-01
300200295_,12,0.9434636630705959,estimated_from_past,2026-09-01
300200296_,1,0.8869950131153846,estimated_from_past,2026-09-01
300200296_,2,0.8575095586238083,estimated_from_past,2026-09-01
300200296_,3,0.8379611163008154,estimated_from_past,2026-09-01
300200296_,4,1.2318587512643568,estimated_from_past,2026-09-01
300200296_,5,1.1000141163360484,estimated_from_past,2026-09-01
300200296_,6,1.0148868608230939,estimated_from_past,2026-09-01
300200296_,7,0.9676396346993357,estimated_from_past,2026-09-01
300200296_,8,1.2784947198025416,estimated_from_past,2026-09-01
300200296_,9,0.9781458629456448,estimated_from_past,2026-09-01
300200296_,10,0.887004610368607,estimated_from_past,2026-09-01
300200296_,11,1.0005259954241112,estimated_from_past,2026-09-01
300200296_,12,0.9589637602962533,estimated_from_past,2026-09-01
300200297_,1,0.9148526071735937,estimated_from_past,2026-09-01
300200297_,2,0.8878972051420068,estimated_from_past,2026-09-01
300200297_,3,0.9775507350758351,estimated_from_past,2026-09-01
300200297_,4,0.9652486174223227,estimated_from_past,2026-09-01
300200297_,5,0.9887035301429188,estimated_from_past,2026-09-01
300200297_,6,0.882699439568038,estimated_from_past,2026-09-01
300200297_,7,1.168509335797914,estimated_from_past,2026-09-01
300200297_,8,1.1171575822895359,estimated_from_past,2026-09-01
300200297_,9,1.1405169376066726,estimated_from_past,2026-09-01
300200297_,10,1.1161507646638087,estimated_from_past,2026-09-01
300200297_,11,1.045452552306433,estimated_from_past,2026-09-01
300200297_,12,0.7952606928109228,estimated_from_past,2026-09-01
300200298_,1,0.8447826817881778,estimated_from_past,2026-09-01
300200298_,2,0.7975035176367125,estimated_from_past,2026-09-01
300200298_,3,0.7437415946031937,estimated_from_past,2026-09-01
300200298_,4,1.051748733062737,estimated_from_past,2026-09-01
300200298_,5,1.1192586551707155,estimated_from_past,2026-09-01
300200298_,6,0.9892238219442048,estimated_from_past,2026-09-01
300200298_,7,1.2212475047993196,estimated_from_past,2026-09-01
300200298_,8,1.207476866091424,estimated_from_past,2026-09-01
300200298_,9,1.023072779409804,estimated_from_past,2026-09-01
300200298_,10,0.9473375973126995,estimated_from_past,2026-09-01
300200298_,11,1.095532417110302,estimated_from_past,2026-09-01
300200298_,12,0.959073831070711,estimated_from_past,2026-09-01
300200299_,1,1.0,insufficient_history,2026-09-01
300200299_,2,1.0,insufficient_history,2026-09-01
300200299_,3,1.0,insufficient_history,2026-09-01
300200299_,4,1.0,insufficient_history,2026-09-01
300200299_,5,1.0,insufficient_history,2026-09-01
300200299_,6,1.0,insufficient_history,2026-09-01
300200299_,7,1.0,insufficient_history,2026-09-01
300200299_,8,1.0,insufficient_history,2026-09-01
300200299_,9,1.0,insufficient_history,2026-09-01
300200299_,10,1.0,insufficient_history,2026-09-01
300200299_,11,1.0,insufficient_history,2026-09-01
300200299_,12,1.0,insufficient_history,2026-09-01
300200300_,1,1.0,insufficient_history,2026-09-01
300200300_,2,1.0,insufficient_history,2026-09-01
300200300_,3,1.0,insufficient_history,2026-09-01
300200300_,4,1.0,insufficient_history,2026-09-01
300200300_,5,1.0,insufficient_history,2026-09-01
300200300_,6,1.0,insufficient_history,2026-09-01
300200300_,7,1.0,insufficient_history,2026-09-01
300200300_,8,1.0,insufficient_history,2026-09-01
300200300_,9,1.0,insufficient_history,2026-09-01
300200300_,10,1.0,insufficient_history,2026-09-01
300200300_,11,1.0,insufficient_history,2026-09-01
300200300_,12,1.0,insufficient_history,2026-09-01
300200301_,1,0.7892668149845852,estimated_from_past,2026-09-01
300200301_,2,0.9886154490752088,estimated_from_past,2026-09-01
300200301_,3,0.8459707897477474,estimated_from_past,2026-09-01
300200301_,4,1.032201508147086,estimated_from_past,2026-09-01
300200301_,5,0.8889474954665632,estimated_from_past,2026-09-01
300200301_,6,0.8276136636492082,estimated_from_past,2026-09-01
300200301_,7,1.2807858215501848,estimated_from_past,2026-09-01
300200301_,8,1.207720416769313,estimated_from_past,2026-09-01
300200301_,9,1.0696956437045038,estimated_from_past,2026-09-01
300200301_,10,0.8712701761901933,estimated_from_past,2026-09-01
300200301_,11,1.184109232899942,estimated_from_past,2026-09-01
300200301_,12,1.0138029878154653,estimated_from_past,2026-09-01
300200302_,1,0.8074347870400227,estimated_from_past,2026-09-01
300200302_,2,0.9733572897249163,estimated_from_past,2026-09-01
300200302_,3,0.774039541456222,estimated_from_past,2026-09-01
300200302_,4,1.3113437543320585,estimated_from_past,2026-09-01
300200302_,5,0.9540990149826881,estimated_from_past,2026-09-01
300200302_,6,1.1026766077879886,estimated_from_past,2026-09-01
300200302_,7,0.9908663288423482,estimated_from_past,2026-09-01
300200302_,8,1.2701842163865964,estimated_from_past,2026-09-01
300200302_,9,1.072310373343772,estimated_from_past,2026-09-01
300200302_,10,0.9059494838395092,estimated_from_past,2026-09-01
300200302_,11,0.955781673523886,estimated_from_past,2026-09-01
300200302_,12,0.8819569287399924,estimated_from_past,2026-09-01
300200303_,1,0.7898957556436004,estimated_from_past,2026-09-01
300200303_,2,0.8138742565361894,estimated_from_past,2026-09-01
300200303_,3,0.857829755813346,estimated_from_past,2026-09-01
300200303_,4,0.9229280339842412,estimated_from_past,2026-09-01
300200303_,5,1.1479183516366798,estimated_from_past,2026-09-01
300200303_,6,1.0189329629325246,estimated_from_past,2026-09-01
300200303_,7,1.2171185373494187,estimated_from_past,2026-09-01
300200303_,8,1.147103360494361,estimated_from_past,2026-09-01
300200303_,9,1.0344047057531711,estimated_from_past,2026-09-01
300200303_,10,1.0461364276560121,estimated_from_past,2026-09-01
300200303_,11,1.0788112843265236,estimated_from_past,2026-09-01
300200303_,12,0.9250465678739324,estimated_from_past,2026-09-01
300200304_,1,0.989835434296999,estimated_from_past,2026-09-01
300200304_,2,0.8649751089588646,estimated_from_past,2026-09-01
300200304_,3,0.7537413843575047,estimated_from_past,2026-09-01
300200304_,4,0.9212803813112039,estimated_from_past,2026-09-01
300200304_,5,1.081107888814,estimated_from_past,2026-09-01
300200304_,6,0.967031915413161,estimated_from_past,2026-09-01
300200304_,7,0.9668661926020188,estimated_from_past,2026-09-01
300200304_,8,1.2032615607816999,estimated_from_past,2026-09-01
300200304_,9,1.0953000942633453,estimated_from_past,2026-09-01
300200304_,10,1.0221267601973265,estimated_from_past,2026-09-01
300200304_,11,1.1580260507455593,estimated_from_past,2026-09-01
300200304_,12,0.9764472282583184,estimated_from_past,2026-09-01
300200305_,1,0.9053007302445538,estimated_from_past,2026-09-01
300200305_,2,0.7348163767288168,estimated_from_past,2026-09-01
300200305_,3,0.8625519321619795,estimated_from_past,2026-09-01
300200305_,4,0.961688873504654,estimated_from_past,2026-09-01
300200305_,5,1.1342544951214601,estimated_from_past,2026-09-01
300200305_,6,1.0013105054433984,estimated_from_past,2026-09-01
300200305_,7,0.9545012001055899,estimated_from_past,2026-09-01
300200305_,8,1.1326233662954464,estimated_from_past,2026-09-01
300200305_,9,1.0462655984902431,estimated_from_past,2026-09-01
300200305_,10,1.1131298698443304,estimated_from_past,2026-09-01
300200305_,11,1.1633786122791019,estimated_from_past,2026-09-01
300200305_,12,0.9901784397804266,estimated_from_past,2026-09-01
300200306_,1,0.7956695356935144,estimated_from_past,2026-09-01
300200306_,2,0.7541533204482073,estimated_from_past,2026-09-01
300200306_,3,0.7658697772681838,estimated_from_past,2026-09-01
300200306_,4,0.8118909923061218,estimated_from_past,2026-09-01
300200306_,5,0.9334230284853714,estimated_from_past,2026-09-01
300200306_,6,0.9700134477541293,estimated_from_past,2026-09-01
300200306_,7,1.0159965134830684,estimated_from_past,2026-09-01
300200306_,8,1.1342979628286063,estimated_from_past,2026-09-01
300200306_,9,1.1877608240594242,estimated_from_past,2026-09-01
300200306_,10,1.1055865139681456,estimated_from_past,2026-09-01
300200306_,11,1.2859038609568052,estimated_from_past,2026-09-01
300200306_,12,1.2394342227484236,estimated_from_past,2026-09-01
300200307_,1,0.5481722610986285,estimated_from_past,2026-09-01
300200307_,2,0.9045789184903312,estimated_from_past,2026-09-01
300200307_,3,1.0384093111198363,estimated_from_past,2026-09-01
300200307_,4,0.947129706326708,estimated_from_past,2026-09-01
300200307_,5,0.8469880648105194,estimated_from_past,2026-09-01
300200307_,6,1.1437381788348433,estimated_from_past,2026-09-01
300200307_,7,0.7830936402879405,estimated_from_past,2026-09-01
300200307_,8,0.945628746415546,estimated_from_past,2026-09-01
300200307_,9,1.1151702126529068,estimated_from_past,2026-09-01
300200307_,10,1.5688730356659808,estimated_from_past,2026-09-01
300200307_,11,1.3232924821182774,estimated_from_past,2026-09-01
300200307_,12,0.8349254421784842,estimated_from_past,2026-09-01
300200308_,1,0.5288764483266499,estimated_from_past,2026-09-01
300200308_,2,0.9996553635874644,estimated_from_past,2026-09-01
300200308_,3,1.133598911418686,estimated_from_past,2026-09-01
300200308_,4,0.9031006983544978,estimated_from_past,2026-09-01
300200308_,5,1.0916210495788494,estimated_from_past,2026-09-01
300200308_,6,0.5849249056586715,estimated_from_past,2026-09-01
300200308_,7,0.8855173172812879,estimated_from_past,2026-09-01
300200308_,8,0.9938144303398674,estimated_from_past,2026-09-01
300200308_,9,1.330271129003775,estimated_from_past,2026-09-01
300200308_,10,0.820665995740245,estimated_from_past,2026-09-01
300200308_,11,1.329749510774615,estimated_from_past,2026-09-01
300200308_,12,1.3982042399353887,estimated_from_past,2026-09-01
300200309_,1,0.8088581161378281,estimated_from_past,2026-09-01
300200309_,2,0.9569646563653686,estimated_from_past,2026-09-01
300200309_,3,0.7311037703654506,estimated_from_past,2026-09-01
300200309_,4,0.7286409508238371,estimated_from_past,2026-09-01
300200309_,5,1.163652558921559,estimated_from_past,2026-09-01
300200309_,6,1.4846955208751607,estimated_from_past,2026-09-01
300200309_,7,0.7611501232366615,estimated_from_past,2026-09-01
300200309_,8,1.0633519502578623,estimated_from_past,2026-09-01
300200309_,9,0.7852399884848948,estimated_from_past,2026-09-01
300200309_,10,0.8704274343760808,estimated_from_past,2026-09-01
300200309_,11,1.2136682911136125,estimated_from_past,2026-09-01
300200309_,12,1.4322466390416835,estimated_from_past,2026-09-01
300200310_,1,1.0,insufficient_history,2026-09-01
300200310_,2,1.0,insufficient_history,2026-09-01
300200310_,3,1.0,insufficient_history,2026-09-01
300200310_,4,1.0,insufficient_history,2026-09-01
300200310_,5,1.0,insufficient_history,2026-09-01
300200310_,6,1.0,insufficient_history,2026-09-01
300200310_,7,1.0,insufficient_history,2026-09-01
300200310_,8,1.0,insufficient_history,2026-09-01
300200310_,9,1.0,insufficient_history,2026-09-01
300200310_,10,1.0,insufficient_history,2026-09-01
300200310_,11,1.0,insufficient_history,2026-09-01
300200310_,12,1.0,insufficient_history,2026-09-01
300200311_,1,0.6563775238609073,estimated_from_past,2026-09-01
300200311_,2,0.7038144894806309,estimated_from_past,2026-09-01
300200311_,3,0.716207463960837,estimated_from_past,2026-09-01
300200311_,4,1.1995143833418056,estimated_from_past,2026-09-01
300200311_,5,1.201197910148071,estimated_from_past,2026-09-01
300200311_,6,1.2619925540194854,estimated_from_past,2026-09-01
300200311_,7,1.3230421203572127,estimated_from_past,2026-09-01
300200311_,8,1.0163631696497677,estimated_from_past,2026-09-01
300200311_,9,1.0211058525534245,estimated_from_past,2026-09-01
300200311_,10,0.8523814269414978,estimated_from_past,2026-09-01
300200311_,11,0.9788337674832097,estimated_from_past,2026-09-01
300200311_,12,1.0691693382031504,estimated_from_past,2026-09-01
300200312_,1,1.0,insufficient_history,2026-09-01
300200312_,2,1.0,insufficient_history,2026-09-01
300200312_,3,1.0,insufficient_history,2026-09-01
300200312_,4,1.0,insufficient_history,2026-09-01
300200312_,5,1.0,insufficient_history,2026-09-01
300200312_,6,1.0,insufficient_history,2026-09-01
300200312_,7,1.0,insufficient_history,2026-09-01
300200312_,8,1.0,insufficient_history,2026-09-01
300200312_,9,1.0,insufficient_history,2026-09-01
300200312_,10,1.0,insufficient_history,2026-09-01
300200312_,11,1.0,insufficient_history,2026-09-01
300200312_,12,1.0,insufficient_history,2026-09-01
300200313_,1,0.6552302428589444,estimated_from_past,2026-09-01
300200313_,2,0.8678153624877619,estimated_from_past,2026-09-01
300200313_,3,0.6041888476479557,estimated_from_past,2026-09-01
300200313_,4,1.600292634966368,estimated_from_past,2026-09-01
300200313_,5,1.1613462685876628,estimated_from_past,2026-09-01
300200313_,6,0.6312755269662492,estimated_from_past,2026-09-01
300200313_,7,0.8379140834902462,estimated_from_past,2026-09-01
300200313_,8,1.216173360997995,estimated_from_past,2026-09-01
300200313_,9,0.9816064130538009,estimated_from_past,2026-09-01
300200313_,10,1.1848528588500717,estimated_from_past,2026-09-01
300200313_,11,0.8450256270834215,estimated_from_past,2026-09-01
300200313_,12,1.4142787730095225,estimated_from_past,2026-09-01
300200314_,1,0.8838846424489226,estimated_from_past,2026-09-01
300200314_,2,0.9990285048065516,estimated_from_past,2026-09-01
300200314_,3,0.87410577350936,estimated_from_past,2026-09-01
300200314_,4,1.6737177069795623,estimated_from_past,2026-09-01
300200314_,5,0.623510530413204,estimated_from_past,2026-09-01
300200314_,6,0.7261536097587565,estimated_from_past,2026-09-01
300200314_,7,0.9510048514902447,estimated_from_past,2026-09-01
300200314_,8,0.7806860563453588,estimated_from_past,2026-09-01
300200314_,9,1.0012837571692579,estimated_from_past,2026-09-01
300200314_,10,1.0303866768038408,estimated_from_past,2026-09-01
300200314_,11,0.8018914284920218,estimated_from_past,2026-09-01
300200314_,12,1.654346461782919,estimated_from_past,2026-09-01
300200315_,1,1.0,insufficient_history,2026-09-01
300200315_,2,1.0,insufficient_history,2026-09-01
300200315_,3,1.0,insufficient_history,2026-09-01
300200315_,4,1.0,insufficient_history,2026-09-01
300200315_,5,1.0,insufficient_history,2026-09-01
300200315_,6,1.0,insufficient_history,2026-09-01
300200315_,7,1.0,insufficient_history,2026-09-01
300200315_,8,1.0,insufficient_history,2026-09-01
300200315_,9,1.0,insufficient_history,2026-09-01
300200315_,10,1.0,insufficient_history,2026-09-01
300200315_,11,1.0,insufficient_history,2026-09-01
300200315_,12,1.0,insufficient_history,2026-09-01
300200316_,1,1.0,insufficient_history,2026-09-01
300200316_,2,1.0,insufficient_history,2026-09-01
300200316_,3,1.0,insufficient_history,2026-09-01
300200316_,4,1.0,insufficient_history,2026-09-01
300200316_,5,1.0,insufficient_history,2026-09-01
300200316_,6,1.0,insufficient_history,2026-09-01
300200316_,7,1.0,insufficient_history,2026-09-01
300200316_,8,1.0,insufficient_history,2026-09-01
300200316_,9,1.0,insufficient_history,2026-09-01
300200316_,10,1.0,insufficient_history,2026-09-01
300200316_,11,1.0,insufficient_history,2026-09-01
300200316_,12,1.0,insufficient_history,2026-09-01
300200317_,1,0.7102991658158037,estimated_from_past,2026-09-01
300200317_,2,0.690043988170294,estimated_from_past,2026-09-01
300200317_,3,0.8110244615289466,estimated_from_past,2026-09-01
300200317_,4,1.2059731443046442,estimated_from_past,2026-09-01
300200317_,5,0.941568955193485,estimated_from_past,2026-09-01
300200317_,6,0.6881725266429065,estimated_from_past,2026-09-01
300200317_,7,0.6931322711702937,estimated_from_past,2026-09-01
300200317_,8,1.457108195257357,estimated_from_past,2026-09-01
300200317_,9,0.7995871180849831,estimated_from_past,2026-09-01
300200317_,10,1.2268860738717435,estimated_from_past,2026-09-01
300200317_,11,0.8905262194178071,estimated_from_past,2026-09-01
300200317_,12,1.885677880541736,estimated_from_past,2026-09-01
300200318_,1,0.9768157942640072,estimated_from_past,2026-09-01
300200318_,2,0.9739996081595007,estimated_from_past,2026-09-01
300200318_,3,0.745564493811962,estimated_from_past,2026-09-01
300200318_,4,1.805678335195947,estimated_from_past,2026-09-01
300200318_,5,1.036899052980645,estimated_from_past,2026-09-01
300200318_,6,0.8764775164754546,estimated_from_past,2026-09-01
300200318_,7,0.6521881299847112,estimated_from_past,2026-09-01
300200318_,8,1.0455408177215486,estimated_from_past,2026-09-01
300200318_,9,1.233916882237478,estimated_from_past,2026-09-01
300200318_,10,1.0441367211790673,estimated_from_past,2026-09-01
300200318_,11,0.8620153878225167,estimated_from_past,2026-09-01
300200318_,12,0.74676726016716,estimated_from_past,2026-09-01
300200319_,1,0.7925107527645364,estimated_from_past,2026-09-01
300200319_,2,0.6899054342317107,estimated_from_past,2026-09-01
300200319_,3,0.8275992422086087,estimated_from_past,2026-09-01
300200319_,4,1.0082542297862205,estimated_from_past,2026-09-01
300200319_,5,1.0660265438025998,estimated_from_past,2026-09-01
300200319_,6,0.8978633661189311,estimated_from_past,2026-09-01
300200319_,7,1.2664269678275015,estimated_from_past,2026-09-01
300200319_,8,1.0293707627876918,estimated_from_past,2026-09-01
300200319_,9,1.1377409391159459,estimated_from_past,2026-09-01
300200319_,10,1.1853058754196037,estimated_from_past,2026-09-01
300200319_,11,1.1243795043573537,estimated_from_past,2026-09-01
300200319_,12,0.9746163815792972,estimated_from_past,2026-09-01
300200320_,1,1.0996817732765416,estimated_from_past,2026-09-01
300200320_,2,0.6867510068361943,estimated_from_past,2026-09-01
300200320_,3,0.6978257523649901,estimated_from_past,2026-09-01
300200320_,4,1.204936752507757,estimated_from_past,2026-09-01
300200320_,5,0.9585130655602262,estimated_from_past,2026-09-01
300200320_,6,0.8017968588680057,estimated_from_past,2026-09-01
300200320_,7,1.1984666391667844,estimated_from_past,2026-09-01
300200320_,8,0.9709592414170506,estimated_from_past,2026-09-01
300200320_,9,1.1414082268673733,estimated_from_past,2026-09-01
300200320_,10,1.3122040589593569,estimated_from_past,2026-09-01
300200320_,11,1.0440268183383419,estimated_from_past,2026-09-01
300200320_,12,0.883429805837377,estimated_from_past,2026-09-01
300200321_,1,1.2834551519409896,estimated_from_past,2026-09-01
300200321_,2,0.4891170561808863,estimated_from_past,2026-09-01
300200321_,3,0.8444769661347554,estimated_from_past,2026-09-01
300200321_,4,0.9027894970336604,estimated_from_past,2026-09-01
300200321_,5,0.7837521222313913,estimated_from_past,2026-09-01
300200321_,6,1.1307836830393225,estimated_from_past,2026-09-01
300200321_,7,0.8369518395112608,estimated_from_past,2026-09-01
300200321_,8,1.5184214447565034,estimated_from_past,2026-09-01
300200321_,9,1.1444002342857107,estimated_from_past,2026-09-01
300200321_,10,0.9514678756783349,estimated_from_past,2026-09-01
300200321_,11,1.117771852201221,estimated_from_past,2026-09-01
300200321_,12,0.996612277005962,estimated_from_past,2026-09-01
300200322_,1,0.9656527768628318,estimated_from_past,2026-09-01
300200322_,2,0.8586953613134293,estimated_from_past,2026-09-01
300200322_,3,0.8722047889065037,estimated_from_past,2026-09-01
300200322_,4,0.9619500140150915,estimated_from_past,2026-09-01
300200322_,5,0.7754928558951228,estimated_from_past,2026-09-01
300200322_,6,1.0887014112005424,estimated_from_past,2026-09-01
300200322_,7,1.1816974688121393,estimated_from_past,2026-09-01
300200322_,8,1.1307821728507608,estimated_from_past,2026-09-01
300200322_,9,1.1764578822207152,estimated_from_past,2026-09-01
300200322_,10,1.0892809885884114,estimated_from_past,2026-09-01
300200322_,11,1.1512106276287124,estimated_from_past,2026-09-01
300200322_,12,0.7478736517057389,estimated_from_past,2026-09-01
300200323_,1,0.8489383130970735,estimated_from_past,2026-09-01
300200323_,2,0.7217715107261841,estimated_from_past,2026-09-01
300200323_,3,0.7611388291306005,estimated_from_past,2026-09-01
300200323_,4,1.149698226038664,estimated_from_past,2026-09-01
300200323_,5,1.2005135545076209,estimated_from_past,2026-09-01
300200323_,6,1.009586034630466,estimated_from_past,2026-09-01
300200323_,7,1.021777030679439,estimated_from_past,2026-09-01
300200323_,8,1.0599188816988134,estimated_from_past,2026-09-01
300200323_,9,0.9887418966640099,estimated_from_past,2026-09-01
300200323_,10,1.0495852851265421,estimated_from_past,2026-09-01
300200323_,11,0.9810600312149078,estimated_from_past,2026-09-01
300200323_,12,1.2072704064856772,estimated_from_past,2026-09-01
300200324_,1,0.8481371472796132,estimated_from_past,2026-09-01
300200324_,2,0.7641160646362243,estimated_from_past,2026-09-01
300200324_,3,0.7789509844028598,estimated_from_past,2026-09-01
300200324_,4,1.015882739354107,estimated_from_past,2026-09-01
300200324_,5,1.0798322550604387,estimated_from_past,2026-09-01
300200324_,6,0.9926078481836523,estimated_from_past,2026-09-01
300200324_,7,0.9770090927714712,estimated_from_past,2026-09-01
300200324_,8,1.1610285526759443,estimated_from_past,2026-09-01
300200324_,9,1.1281432109935208,estimated_from_past,2026-09-01
300200324_,10,1.0854157579911992,estimated_from_past,2026-09-01
300200324_,11,1.140034203873944,estimated_from_past,2026-09-01
300200324_,12,1.0288421427770258,estimated_from_past,2026-09-01
300200325_,1,0.8435922218443104,estimated_from_past,2026-09-01
300200325_,2,1.0762726049294722,estimated_from_past,2026-09-01
300200325_,3,0.6344092441565212,estimated_from_past,2026-09-01
300200325_,4,0.8473840383106472,estimated_from_past,2026-09-01
300200325_,5,0.9625378494419072,estimated_from_past,2026-09-01
300200325_,6,1.0256635255923043,estimated_from_past,2026-09-01
300200325_,7,0.873858191057323,estimated_from_past,2026-09-01
300200325_,8,1.1874681569221517,estimated_from_past,2026-09-01
300200325_,9,1.6307085179752314,estimated_from_past,2026-09-01
300200325_,10,1.0457149124572935,estimated_from_past,2026-09-01
300200325_,11,0.7403605995455672,estimated_from_past,2026-09-01
300200325_,12,1.1320301377672723,estimated_from_past,2026-09-01
300200326_,1,1.0366653902327712,estimated_from_past,2026-09-01
300200326_,2,0.9626693538564661,estimated_from_past,2026-09-01
300200326_,3,0.71881960710042,estimated_from_past,2026-09-01
300200326_,4,0.9829754988645445,estimated_from_past,2026-09-01
300200326_,5,0.8803547520755741,estimated_from_past,2026-09-01
300200326_,6,1.19853910527968,estimated_from_past,2026-09-01
300200326_,7,1.0049485128241913,estimated_from_past,2026-09-01
300200326_,8,1.0412211184419284,estimated_from_past,2026-09-01
300200326_,9,1.169969354766504,estimated_from_past,2026-09-01
300200326_,10,1.0284806223529743,estimated_from_past,2026-09-01
300200326_,11,0.910507536281984,estimated_from_past,2026-09-01
300200326_,12,1.0648491479229611,estimated_from_past,2026-09-01
300200327_,1,0.7636340604992592,estimated_from_past,2026-09-01
300200327_,2,1.1139264967450675,estimated_from_past,2026-09-01
300200327_,3,1.139274348845298,estimated_from_past,2026-09-01
300200327_,4,0.9421495111673565,estimated_from_past,2026-09-01
300200327_,5,0.6319040020206795,estimated_from_past,2026-09-01
300200327_,6,0.8481582473033341,estimated_from_past,2026-09-01
300200327_,7,0.77902791664927,estimated_from_past,2026-09-01
300200327_,8,1.0751623176723628,estimated_from_past,2026-09-01
300200327_,9,1.8892352593411763,estimated_from_past,2026-09-01
300200327_,10,0.6691924077940041,estimated_from_past,2026-09-01
300200327_,11,0.7774379666738869,estimated_from_past,2026-09-01
300200327_,12,1.3708974652883064,estimated_from_past,2026-09-01
300200328_,1,1.0746940736493025,estimated_from_past,2026-09-01
300200328_,2,0.8005566915831047,estimated_from_past,2026-09-01
300200328_,3,0.7548220684380358,estimated_from_past,2026-09-01
300200328_,4,1.1266983664336232,estimated_from_past,2026-09-01
300200328_,5,0.9117632530442412,estimated_from_past,2026-09-01
300200328_,6,1.2158170840222156,estimated_from_past,2026-09-01
300200328_,7,0.9563016127508701,estimated_from_past,2026-09-01
300200328_,8,1.0089692701586839,estimated_from_past,2026-09-01
300200328_,9,1.1431150894040625,estimated_from_past,2026-09-01
300200328_,10,1.0607627390230883,estimated_from_past,2026-09-01
300200328_,11,0.9356270760714404,estimated_from_past,2026-09-01
300200328_,12,1.0108726754213315,estimated_from_past,2026-09-01
300200330_,1,1.0,insufficient_history,2026-09-01
300200330_,2,1.0,insufficient_history,2026-09-01
300200330_,3,1.0,insufficient_history,2026-09-01
300200330_,4,1.0,insufficient_history,2026-09-01
300200330_,5,1.0,insufficient_history,2026-09-01
300200330_,6,1.0,insufficient_history,2026-09-01
300200330_,7,1.0,insufficient_history,2026-09-01
300200330_,8,1.0,insufficient_history,2026-09-01
300200330_,9,1.0,insufficient_history,2026-09-01
300200330_,10,1.0,insufficient_history,2026-09-01
300200330_,11,1.0,insufficient_history,2026-09-01
300200330_,12,1.0,insufficient_history,2026-09-01
300200331_,1,0.8949291946654779,estimated_from_past,2026-09-01
300200331_,2,0.7275382991419138,estimated_from_past,2026-09-01
300200331_,3,0.8061562414289087,estimated_from_past,2026-09-01
300200331_,4,0.8357952703258331,estimated_from_past,2026-09-01
300200331_,5,1.170439276546388,estimated_from_past,2026-09-01
300200331_,6,1.0235976499181465,estimated_from_past,2026-09-01
300200331_,7,1.1870307417194312,estimated_from_past,2026-09-01
300200331_,8,1.1587610495094247,estimated_from_past,2026-09-01
300200331_,9,1.1770215350636624,estimated_from_past,2026-09-01
300200331_,10,0.9950917701032403,estimated_from_past,2026-09-01
300200331_,11,1.086322505278882,estimated_from_past,2026-09-01
300200331_,12,0.937316466298689,estimated_from_past,2026-09-01
300200332_,1,0.8569033123815553,estimated_from_past,2026-09-01
300200332_,2,0.8154572225647554,estimated_from_past,2026-09-01
300200332_,3,0.8552935405975193,estimated_from_past,2026-09-01
300200332_,4,0.9846663746680423,estimated_from_past,2026-09-01
300200332_,5,0.8464964728816831,estimated_from_past,2026-09-01
300200332_,6,1.0628659799425404,estimated_from_past,2026-09-01
300200332_,7,1.224746259236104,estimated_from_past,2026-09-01
300200332_,8,1.0320206627658128,estimated_from_past,2026-09-01
300200332_,9,1.2676724922292852,estimated_from_past,2026-09-01
300200332_,10,1.0124896827504326,estimated_from_past,2026-09-01
300200332_,11,1.1673614500407707,estimated_from_past,2026-09-01
300200332_,12,0.8740265499414992,estimated_from_past,2026-09-01
300200333_,1,0.930178275290288,estimated_from_past,2026-09-01
300200333_,2,0.8309239713175045,estimated_from_past,2026-09-01
300200333_,3,0.6483132724793358,estimated_from_past,2026-09-01
300200333_,4,0.9396616587020894,estimated_from_past,2026-09-01
300200333_,5,1.2265090727046282,estimated_from_past,2026-09-01
300200333_,6,1.000110480437945,estimated_from_past,2026-09-01
300200333_,7,1.0530384467012506,estimated_from_past,2026-09-01
300200333_,8,1.1795984818233887,estimated_from_past,2026-09-01
300200333_,9,1.1274402365422238,estimated_from_past,2026-09-01
300200333_,10,1.0218233715338576,estimated_from_past,2026-09-01
300200333_,11,1.0117762213608226,estimated_from_past,2026-09-01
300200333_,12,1.030626511106667,estimated_from_past,2026-09-01
300200335_,1,1.0,insufficient_history,2026-09-01
300200335_,2,1.0,insufficient_history,2026-09-01
300200335_,3,1.0,insufficient_history,2026-09-01
300200335_,4,1.0,insufficient_history,2026-09-01
300200335_,5,1.0,insufficient_history,2026-09-01
300200335_,6,1.0,insufficient_history,2026-09-01
300200335_,7,1.0,insufficient_history,2026-09-01
300200335_,8,1.0,insufficient_history,2026-09-01
300200335_,9,1.0,insufficient_history,2026-09-01
300200335_,10,1.0,insufficient_history,2026-09-01
300200335_,11,1.0,insufficient_history,2026-09-01
300200335_,12,1.0,insufficient_history,2026-09-01
300200343_,1,0.7432772295644281,estimated_from_past,2026-09-01
300200343_,2,0.9865797906397573,estimated_from_past,2026-09-01
300200343_,3,0.8282976323684708,estimated_from_past,2026-09-01
300200343_,4,0.9033704604927794,estimated_from_past,2026-09-01
300200343_,5,1.1139343883494028,estimated_from_past,2026-09-01
300200343_,6,0.9613484367714485,estimated_from_past,2026-09-01
300200343_,7,1.0519432133596043,estimated_from_past,2026-09-01
300200343_,8,1.154762628417425,estimated_from_past,2026-09-01
300200343_,9,1.1502895543204406,estimated_from_past,2026-09-01
300200343_,10,1.0170989604147973,estimated_from_past,2026-09-01
300200343_,11,0.9986967698590007,estimated_from_past,2026-09-01
300200343_,12,1.0904009354424444,estimated_from_past,2026-09-01
300200346_,1,1.0,insufficient_history,2026-09-01
300200346_,2,1.0,insufficient_history,2026-09-01
300200346_,3,1.0,insufficient_history,2026-09-01
300200346_,4,1.0,insufficient_history,2026-09-01
300200346_,5,1.0,insufficient_history,2026-09-01
300200346_,6,1.0,insufficient_history,2026-09-01
300200346_,7,1.0,insufficient_history,2026-09-01
300200346_,8,1.0,insufficient_history,2026-09-01
300200346_,9,1.0,insufficient_history,2026-09-01
300200346_,10,1.0,insufficient_history,2026-09-01
300200346_,11,1.0,insufficient_history,2026-09-01
300200346_,12,1.0,insufficient_history,2026-09-01
300200347_,1,1.0,insufficient_history,2026-09-01
300200347_,2,1.0,insufficient_history,2026-09-01
300200347_,3,1.0,insufficient_history,2026-09-01
300200347_,4,1.0,insufficient_history,2026-09-01
300200347_,5,1.0,insufficient_history,2026-09-01
300200347_,6,1.0,insufficient_history,2026-09-01
300200347_,7,1.0,insufficient_history,2026-09-01
300200347_,8,1.0,insufficient_history,2026-09-01
300200347_,9,1.0,insufficient_history,2026-09-01
300200347_,10,1.0,insufficient_history,2026-09-01
300200347_,11,1.0,insufficient_history,2026-09-01
300200347_,12,1.0,insufficient_history,2026-09-01
300200348_,1,1.0,insufficient_history,2026-09-01
300200348_,2,1.0,insufficient_history,2026-09-01
300200348_,3,1.0,insufficient_history,2026-09-01
300200348_,4,1.0,insufficient_history,2026-09-01
300200348_,5,1.0,insufficient_history,2026-09-01
300200348_,6,1.0,insufficient_history,2026-09-01
300200348_,7,1.0,insufficient_history,2026-09-01
300200348_,8,1.0,insufficient_history,2026-09-01
300200348_,9,1.0,insufficient_history,2026-09-01
300200348_,10,1.0,insufficient_history,2026-09-01
300200348_,11,1.0,insufficient_history,2026-09-01
300200348_,12,1.0,insufficient_history,2026-09-01
300200350_,1,1.0,insufficient_history,2026-09-01
300200350_,2,1.0,insufficient_history,2026-09-01
300200350_,3,1.0,insufficient_history,2026-09-01
300200350_,4,1.0,insufficient_history,2026-09-01
300200350_,5,1.0,insufficient_history,2026-09-01
300200350_,6,1.0,insufficient_history,2026-09-01
300200350_,7,1.0,insufficient_history,2026-09-01
300200350_,8,1.0,insufficient_history,2026-09-01
300200350_,9,1.0,insufficient_history,2026-09-01
300200350_,10,1.0,insufficient_history,2026-09-01
300200350_,11,1.0,insufficient_history,2026-09-01
300200350_,12,1.0,insufficient_history,2026-09-01
300200351_,1,1.0,insufficient_history,2026-09-01
300200351_,2,1.0,insufficient_history,2026-09-01
300200351_,3,1.0,insufficient_history,2026-09-01
300200351_,4,1.0,insufficient_history,2026-09-01
300200351_,5,1.0,insufficient_history,2026-09-01
300200351_,6,1.0,insufficient_history,2026-09-01
300200351_,7,1.0,insufficient_history,2026-09-01
300200351_,8,1.0,insufficient_history,2026-09-01
300200351_,9,1.0,insufficient_history,2026-09-01
300200351_,10,1.0,insufficient_history,2026-09-01
300200351_,11,1.0,insufficient_history,2026-09-01
300200351_,12,1.0,insufficient_history,2026-09-01
300200352_,1,1.0,insufficient_history,2026-09-01
300200352_,2,1.0,insufficient_history,2026-09-01
300200352_,3,1.0,insufficient_history,2026-09-01
300200352_,4,1.0,insufficient_history,2026-09-01
300200352_,5,1.0,insufficient_history,2026-09-01
300200352_,6,1.0,insufficient_history,2026-09-01
300200352_,7,1.0,insufficient_history,2026-09-01
300200352_,8,1.0,insufficient_history,2026-09-01
300200352_,9,1.0,insufficient_history,2026-09-01
300200352_,10,1.0,insufficient_history,2026-09-01
300200352_,11,1.0,insufficient_history,2026-09-01
300200352_,12,1.0,insufficient_history,2026-09-01
300200362_,1,1.0,insufficient_history,2026-09-01
300200362_,2,1.0,insufficient_history,2026-09-01
300200362_,3,1.0,insufficient_history,2026-09-01
300200362_,4,1.0,insufficient_history,2026-09-01
300200362_,5,1.0,insufficient_history,2026-09-01
300200362_,6,1.0,insufficient_history,2026-09-01
300200362_,7,1.0,insufficient_history,2026-09-01
300200362_,8,1.0,insufficient_history,2026-09-01
300200362_,9,1.0,insufficient_history,2026-09-01
300200362_,10,1.0,insufficient_history,2026-09-01
300200362_,11,1.0,insufficient_history,2026-09-01
300200362_,12,1.0,insufficient_history,2026-09-01
300200363_,1,1.0,insufficient_history,2026-09-01
300200363_,2,1.0,insufficient_history,2026-09-01
300200363_,3,1.0,insufficient_history,2026-09-01
300200363_,4,1.0,insufficient_history,2026-09-01
300200363_,5,1.0,insufficient_history,2026-09-01
300200363_,6,1.0,insufficient_history,2026-09-01
300200363_,7,1.0,insufficient_history,2026-09-01
300200363_,8,1.0,insufficient_history,2026-09-01
300200363_,9,1.0,insufficient_history,2026-09-01
300200363_,10,1.0,insufficient_history,2026-09-01
300200363_,11,1.0,insufficient_history,2026-09-01
300200363_,12,1.0,insufficient_history,2026-09-01
300200364_,1,1.0,insufficient_history,2026-09-01
300200364_,2,1.0,insufficient_history,2026-09-01
300200364_,3,1.0,insufficient_history,2026-09-01
300200364_,4,1.0,insufficient_history,2026-09-01
300200364_,5,1.0,insufficient_history,2026-09-01
300200364_,6,1.0,insufficient_history,2026-09-01
300200364_,7,1.0,insufficient_history,2026-09-01
300200364_,8,1.0,insufficient_history,2026-09-01
300200364_,9,1.0,insufficient_history,2026-09-01
300200364_,10,1.0,insufficient_history,2026-09-01
300200364_,11,1.0,insufficient_history,2026-09-01
300200364_,12,1.0,insufficient_history,2026-09-01
300200365_,1,0.7439952829714788,estimated_from_past,2026-09-01
300200365_,2,0.6237585008189861,estimated_from_past,2026-09-01
300200365_,3,1.0981185313940092,estimated_from_past,2026-09-01
300200365_,4,1.182398264138862,estimated_from_past,2026-09-01
300200365_,5,1.0546800743799476,estimated_from_past,2026-09-01
300200365_,6,1.3100881983496901,estimated_from_past,2026-09-01
300200365_,7,1.1294038900238215,estimated_from_past,2026-09-01
300200365_,8,1.0907895549965336,estimated_from_past,2026-09-01
300200365_,9,0.9116823507591705,estimated_from_past,2026-09-01
300200365_,10,0.8903778095644103,estimated_from_past,2026-09-01
300200365_,11,1.0512350336229503,estimated_from_past,2026-09-01
300200365_,12,0.9134725089801407,estimated_from_past,2026-09-01
300200366_,1,1.0,insufficient_history,2026-09-01
300200366_,2,1.0,insufficient_history,2026-09-01
300200366_,3,1.0,insufficient_history,2026-09-01
300200366_,4,1.0,insufficient_history,2026-09-01
300200366_,5,1.0,insufficient_history,2026-09-01
300200366_,6,1.0,insufficient_history,2026-09-01
300200366_,7,1.0,insufficient_history,2026-09-01
300200366_,8,1.0,insufficient_history,2026-09-01
300200366_,9,1.0,insufficient_history,2026-09-01
300200366_,10,1.0,insufficient_history,2026-09-01
300200366_,11,1.0,insufficient_history,2026-09-01
300200366_,12,1.0,insufficient_history,2026-09-01
300200367_,1,1.0,insufficient_history,2026-09-01
300200367_,2,1.0,insufficient_history,2026-09-01
300200367_,3,1.0,insufficient_history,2026-09-01
300200367_,4,1.0,insufficient_history,2026-09-01
300200367_,5,1.0,insufficient_history,2026-09-01
300200367_,6,1.0,insufficient_history,2026-09-01
300200367_,7,1.0,insufficient_history,2026-09-01
300200367_,8,1.0,insufficient_history,2026-09-01
300200367_,9,1.0,insufficient_history,2026-09-01
300200367_,10,1.0,insufficient_history,2026-09-01
300200367_,11,1.0,insufficient_history,2026-09-01
300200367_,12,1.0,insufficient_history,2026-09-01
300200368_,1,1.0,insufficient_history,2026-09-01
300200368_,2,1.0,insufficient_history,2026-09-01
300200368_,3,1.0,insufficient_history,2026-09-01
300200368_,4,1.0,insufficient_history,2026-09-01
300200368_,5,1.0,insufficient_history,2026-09-01
300200368_,6,1.0,insufficient_history,2026-09-01
300200368_,7,1.0,insufficient_history,2026-09-01
300200368_,8,1.0,insufficient_history,2026-09-01
300200368_,9,1.0,insufficient_history,2026-09-01
300200368_,10,1.0,insufficient_history,2026-09-01
300200368_,11,1.0,insufficient_history,2026-09-01
300200368_,12,1.0,insufficient_history,2026-09-01
300200369_,1,1.0,insufficient_history,2026-09-01
300200369_,2,1.0,insufficient_history,2026-09-01
300200369_,3,1.0,insufficient_history,2026-09-01
300200369_,4,1.0,insufficient_history,2026-09-01
300200369_,5,1.0,insufficient_history,2026-09-01
300200369_,6,1.0,insufficient_history,2026-09-01
300200369_,7,1.0,insufficient_history,2026-09-01
300200369_,8,1.0,insufficient_history,2026-09-01
300200369_,9,1.0,insufficient_history,2026-09-01
300200369_,10,1.0,insufficient_history,2026-09-01
300200369_,11,1.0,insufficient_history,2026-09-01
300200369_,12,1.0,insufficient_history,2026-09-01
300200370_,1,1.0,insufficient_history,2026-09-01
300200370_,2,1.0,insufficient_history,2026-09-01
300200370_,3,1.0,insufficient_history,2026-09-01
300200370_,4,1.0,insufficient_history,2026-09-01
300200370_,5,1.0,insufficient_history,2026-09-01
300200370_,6,1.0,insufficient_history,2026-09-01
300200370_,7,1.0,insufficient_history,2026-09-01
300200370_,8,1.0,insufficient_history,2026-09-01
300200370_,9,1.0,insufficient_history,2026-09-01
300200370_,10,1.0,insufficient_history,2026-09-01
300200370_,11,1.0,insufficient_history,2026-09-01
300200370_,12,1.0,insufficient_history,2026-09-01
300200371_,1,1.0,insufficient_history,2026-09-01
300200371_,2,1.0,insufficient_history,2026-09-01
300200371_,3,1.0,insufficient_history,2026-09-01
300200371_,4,1.0,insufficient_history,2026-09-01
300200371_,5,1.0,insufficient_history,2026-09-01
300200371_,6,1.0,insufficient_history,2026-09-01
300200371_,7,1.0,insufficient_history,2026-09-01
300200371_,8,1.0,insufficient_history,2026-09-01
300200371_,9,1.0,insufficient_history,2026-09-01
300200371_,10,1.0,insufficient_history,2026-09-01
300200371_,11,1.0,insufficient_history,2026-09-01
300200371_,12,1.0,insufficient_history,2026-09-01
300200372_,1,1.0,insufficient_history,2026-09-01
300200372_,2,1.0,insufficient_history,2026-09-01
300200372_,3,1.0,insufficient_history,2026-09-01
300200372_,4,1.0,insufficient_history,2026-09-01
300200372_,5,1.0,insufficient_history,2026-09-01
300200372_,6,1.0,insufficient_history,2026-09-01
300200372_,7,1.0,insufficient_history,2026-09-01
300200372_,8,1.0,insufficient_history,2026-09-01
300200372_,9,1.0,insufficient_history,2026-09-01
300200372_,10,1.0,insufficient_history,2026-09-01
300200372_,11,1.0,insufficient_history,2026-09-01
300200372_,12,1.0,insufficient_history,2026-09-01
300200373_,1,1.0,insufficient_history,2026-09-01
300200373_,2,1.0,insufficient_history,2026-09-01
300200373_,3,1.0,insufficient_history,2026-09-01
300200373_,4,1.0,insufficient_history,2026-09-01
300200373_,5,1.0,insufficient_history,2026-09-01
300200373_,6,1.0,insufficient_history,2026-09-01
300200373_,7,1.0,insufficient_history,2026-09-01
300200373_,8,1.0,insufficient_history,2026-09-01
300200373_,9,1.0,insufficient_history,2026-09-01
300200373_,10,1.0,insufficient_history,2026-09-01
300200373_,11,1.0,insufficient_history,2026-09-01
300200373_,12,1.0,insufficient_history,2026-09-01
300200374_,1,1.0,insufficient_history,2026-09-01
300200374_,2,1.0,insufficient_history,2026-09-01
300200374_,3,1.0,insufficient_history,2026-09-01
300200374_,4,1.0,insufficient_history,2026-09-01
300200374_,5,1.0,insufficient_history,2026-09-01
300200374_,6,1.0,insufficient_history,2026-09-01
300200374_,7,1.0,insufficient_history,2026-09-01
300200374_,8,1.0,insufficient_history,2026-09-01
300200374_,9,1.0,insufficient_history,2026-09-01
300200374_,10,1.0,insufficient_history,2026-09-01
300200374_,11,1.0,insufficient_history,2026-09-01
300200374_,12,1.0,insufficient_history,2026-09-01
300200375_,1,0.7820780529074496,estimated_from_past,2026-09-01
300200375_,2,0.97176029301955,estimated_from_past,2026-09-01
300200375_,3,1.511549841422815,estimated_from_past,2026-09-01
300200375_,4,0.8401224519009318,estimated_from_past,2026-09-01
300200375_,5,0.9195526183418444,estimated_from_past,2026-09-01
300200375_,6,0.8624936817657173,estimated_from_past,2026-09-01
300200375_,7,0.6340339713116422,estimated_from_past,2026-09-01
300200375_,8,1.2552862982117852,estimated_from_past,2026-09-01
300200375_,9,1.1475766380524886,estimated_from_past,2026-09-01
300200375_,10,0.9059598395423114,estimated_from_past,2026-09-01
300200375_,11,1.2187234127675834,estimated_from_past,2026-09-01
300200375_,12,0.9508629007558804,estimated_from_past,2026-09-01
300200376_,1,0.5618282774058315,estimated_from_past,2026-09-01
300200376_,2,0.9021802231123472,estimated_from_past,2026-09-01
300200376_,3,0.9041874662302469,estimated_from_past,2026-09-01
300200376_,4,0.7167056383304726,estimated_from_past,2026-09-01
300200376_,5,0.9184959455249607,estimated_from_past,2026-09-01
300200376_,6,1.4428024147765308,estimated_from_past,2026-09-01
300200376_,7,1.3015963255875043,estimated_from_past,2026-09-01
300200376_,8,1.2697127940596973,estimated_from_past,2026-09-01
300200376_,9,1.1468293946384014,estimated_from_past,2026-09-01
300200376_,10,0.9291519577250891,estimated_from_past,2026-09-01
300200376_,11,0.9984932802187027,estimated_from_past,2026-09-01
300200376_,12,0.9080162823902143,estimated_from_past,2026-09-01
300200377_,1,0.527725391932575,estimated_from_past,2026-09-01
300200377_,2,0.7016626554815647,estimated_from_past,2026-09-01
300200377_,3,1.3435997896828573,estimated_from_past,2026-09-01
300200377_,4,0.6954473985122259,estimated_from_past,2026-09-01
300200377_,5,1.413006657890335,estimated_from_past,2026-09-01
300200377_,6,1.13493822667399,estimated_from_past,2026-09-01
300200377_,7,1.0344996012631245,estimated_from_past,2026-09-01
300200377_,8,0.9173072472531816,estimated_from_past,2026-09-01
300200377_,9,1.0650523350682344,estimated_from_past,2026-09-01
300200377_,10,0.8744112690169911,estimated_from_past,2026-09-01
300200377_,11,1.2871459815506874,estimated_from_past,2026-09-01
300200377_,12,1.0052034456742345,estimated_from_past,2026-09-01
300200378_,1,0.5522893323515994,estimated_from_past,2026-09-01
300200378_,2,0.6589191945011666,estimated_from_past,2026-09-01
300200378_,3,1.1452662001334406,estimated_from_past,2026-09-01
300200378_,4,1.2843041595578646,estimated_from_past,2026-09-01
300200378_,5,1.2077790065771654,estimated_from_past,2026-09-01
300200378_,6,1.5009976571812385,estimated_from_past,2026-09-01
300200378_,7,1.0947137560471218,estimated_from_past,2026-09-01
300200378_,8,0.8683488774383629,estimated_from_past,2026-09-01
300200378_,9,0.8541171202166762,estimated_from_past,2026-09-01
300200378_,10,0.9240680277782015,estimated_from_past,2026-09-01
300200378_,11,1.0746915589118888,estimated_from_past,2026-09-01
300200378_,12,0.834505109305273,estimated_from_past,2026-09-01
300200379_,1,0.6109753446259366,estimated_from_past,2026-09-01
300200379_,2,0.8283240992009867,estimated_from_past,2026-09-01
300200379_,3,1.0710500438878787,estimated_from_past,2026-09-01
300200379_,4,0.6016870720004912,estimated_from_past,2026-09-01
300200379_,5,1.5468224377398536,estimated_from_past,2026-09-01
300200379_,6,1.3094880566722207,estimated_from_past,2026-09-01
300200379_,7,0.6906052496616808,estimated_from_past,2026-09-01
300200379_,8,0.9949514349917323,estimated_from_past,2026-09-01
300200379_,9,1.0387981345260449,estimated_from_past,2026-09-01
300200379_,10,1.396625973756014,estimated_from_past,2026-09-01
300200379_,11,1.254884279599004,estimated_from_past,2026-09-01
300200379_,12,0.6557878733381548,estimated_from_past,2026-09-01
300200380_,1,1.0,insufficient_history,2026-09-01
300200380_,2,1.0,insufficient_history,2026-09-01
300200380_,3,1.0,insufficient_history,2026-09-01
300200380_,4,1.0,insufficient_history,2026-09-01
300200380_,5,1.0,insufficient_history,2026-09-01
300200380_,6,1.0,insufficient_history,2026-09-01
300200380_,7,1.0,insufficient_history,2026-09-01
300200380_,8,1.0,insufficient_history,2026-09-01
300200380_,9,1.0,insufficient_history,2026-09-01
300200380_,10,1.0,insufficient_history,2026-09-01
300200380_,11,1.0,insufficient_history,2026-09-01
300200380_,12,1.0,insufficient_history,2026-09-01
300200404_,1,1.0,insufficient_history,2026-09-01
300200404_,2,1.0,insufficient_history,2026-09-01
300200404_,3,1.0,insufficient_history,2026-09-01
300200404_,4,1.0,insufficient_history,2026-09-01
300200404_,5,1.0,insufficient_history,2026-09-01
300200404_,6,1.0,insufficient_history,2026-09-01
300200404_,7,1.0,insufficient_history,2026-09-01
300200404_,8,1.0,insufficient_history,2026-09-01
300200404_,9,1.0,insufficient_history,2026-09-01
300200404_,10,1.0,insufficient_history,2026-09-01
300200404_,11,1.0,insufficient_history,2026-09-01
300200404_,12,1.0,insufficient_history,2026-09-01
300200410_,1,1.0,insufficient_history,2026-09-01
300200410_,2,1.0,insufficient_history,2026-09-01
300200410_,3,1.0,insufficient_history,2026-09-01
300200410_,4,1.0,insufficient_history,2026-09-01
300200410_,5,1.0,insufficient_history,2026-09-01
300200410_,6,1.0,insufficient_history,2026-09-01
300200410_,7,1.0,insufficient_history,2026-09-01
300200410_,8,1.0,insufficient_history,2026-09-01
300200410_,9,1.0,insufficient_history,2026-09-01
300200410_,10,1.0,insufficient_history,2026-09-01
300200410_,11,1.0,insufficient_history,2026-09-01
300200410_,12,1.0,insufficient_history,2026-09-01
300200412_,1,1.0,insufficient_history,2026-09-01
300200412_,2,1.0,insufficient_history,2026-09-01
300200412_,3,1.0,insufficient_history,2026-09-01
300200412_,4,1.0,insufficient_history,2026-09-01
300200412_,5,1.0,insufficient_history,2026-09-01
300200412_,6,1.0,insufficient_history,2026-09-01
300200412_,7,1.0,insufficient_history,2026-09-01
300200412_,8,1.0,insufficient_history,2026-09-01
300200412_,9,1.0,insufficient_history,2026-09-01
300200412_,10,1.0,insufficient_history,2026-09-01
300200412_,11,1.0,insufficient_history,2026-09-01
300200412_,12,1.0,insufficient_history,2026-09-01
300200413_,1,0.7714333453045916,estimated_from_past,2026-09-01
300200413_,2,0.8432698514827729,estimated_from_past,2026-09-01
300200413_,3,0.9040829616142341,estimated_from_past,2026-09-01
300200413_,4,0.9115971896505166,estimated_from_past,2026-09-01
300200413_,5,0.9366131252392892,estimated_from_past,2026-09-01
300200413_,6,0.8240817828175597,estimated_from_past,2026-09-01
300200413_,7,0.7268287440730619,estimated_from_past,2026-09-01
300200413_,8,1.5960678347500685,estimated_from_past,2026-09-01
300200413_,9,1.4194746096929474,estimated_from_past,2026-09-01
300200413_,10,0.9681018217686393,estimated_from_past,2026-09-01
300200413_,11,0.7563632341074834,estimated_from_past,2026-09-01
300200413_,12,1.3420854994988338,estimated_from_past,2026-09-01
300200417_,1,1.0,insufficient_history,2026-09-01
300200417_,2,1.0,insufficient_history,2026-09-01
300200417_,3,1.0,insufficient_history,2026-09-01
300200417_,4,1.0,insufficient_history,2026-09-01
300200417_,5,1.0,insufficient_history,2026-09-01
300200417_,6,1.0,insufficient_history,2026-09-01
300200417_,7,1.0,insufficient_history,2026-09-01
300200417_,8,1.0,insufficient_history,2026-09-01
300200417_,9,1.0,insufficient_history,2026-09-01
300200417_,10,1.0,insufficient_history,2026-09-01
300200417_,11,1.0,insufficient_history,2026-09-01
300200417_,12,1.0,insufficient_history,2026-09-01
300200418_,1,1.0,insufficient_history,2026-09-01
300200418_,2,1.0,insufficient_history,2026-09-01
300200418_,3,1.0,insufficient_history,2026-09-01
300200418_,4,1.0,insufficient_history,2026-09-01
300200418_,5,1.0,insufficient_history,2026-09-01
300200418_,6,1.0,insufficient_history,2026-09-01
300200418_,7,1.0,insufficient_history,2026-09-01
300200418_,8,1.0,insufficient_history,2026-09-01
300200418_,9,1.0,insufficient_history,2026-09-01
300200418_,10,1.0,insufficient_history,2026-09-01
300200418_,11,1.0,insufficient_history,2026-09-01
300200418_,12,1.0,insufficient_history,2026-09-01
300200419_,1,1.0,insufficient_history,2026-09-01
300200419_,2,1.0,insufficient_history,2026-09-01
300200419_,3,1.0,insufficient_history,2026-09-01
300200419_,4,1.0,insufficient_history,2026-09-01
300200419_,5,1.0,insufficient_history,2026-09-01
300200419_,6,1.0,insufficient_history,2026-09-01
300200419_,7,1.0,insufficient_history,2026-09-01
300200419_,8,1.0,insufficient_history,2026-09-01
300200419_,9,1.0,insufficient_history,2026-09-01
300200419_,10,1.0,insufficient_history,2026-09-01
300200419_,11,1.0,insufficient_history,2026-09-01
300200419_,12,1.0,insufficient_history,2026-09-01
300200420_,1,1.0,insufficient_history,2026-09-01
300200420_,2,1.0,insufficient_history,2026-09-01
300200420_,3,1.0,insufficient_history,2026-09-01
300200420_,4,1.0,insufficient_history,2026-09-01
300200420_,5,1.0,insufficient_history,2026-09-01
300200420_,6,1.0,insufficient_history,2026-09-01
300200420_,7,1.0,insufficient_history,2026-09-01
300200420_,8,1.0,insufficient_history,2026-09-01
300200420_,9,1.0,insufficient_history,2026-09-01
300200420_,10,1.0,insufficient_history,2026-09-01
300200420_,11,1.0,insufficient_history,2026-09-01
300200420_,12,1.0,insufficient_history,2026-09-01
300200421_,1,1.0,insufficient_history,2026-09-01
300200421_,2,1.0,insufficient_history,2026-09-01
300200421_,3,1.0,insufficient_history,2026-09-01
300200421_,4,1.0,insufficient_history,2026-09-01
300200421_,5,1.0,insufficient_history,2026-09-01
300200421_,6,1.0,insufficient_history,2026-09-01
300200421_,7,1.0,insufficient_history,2026-09-01
300200421_,8,1.0,insufficient_history,2026-09-01
300200421_,9,1.0,insufficient_history,2026-09-01
300200421_,10,1.0,insufficient_history,2026-09-01
300200421_,11,1.0,insufficient_history,2026-09-01
300200421_,12,1.0,insufficient_history,2026-09-01
300200422_,1,1.0,insufficient_history,2026-09-01
300200422_,2,1.0,insufficient_history,2026-09-01
300200422_,3,1.0,insufficient_history,2026-09-01
300200422_,4,1.0,insufficient_history,2026-09-01
300200422_,5,1.0,insufficient_history,2026-09-01
300200422_,6,1.0,insufficient_history,2026-09-01
300200422_,7,1.0,insufficient_history,2026-09-01
300200422_,8,1.0,insufficient_history,2026-09-01
300200422_,9,1.0,insufficient_history,2026-09-01
300200422_,10,1.0,insufficient_history,2026-09-01
300200422_,11,1.0,insufficient_history,2026-09-01
300200422_,12,1.0,insufficient_history,2026-09-01
300200423_,1,1.0,insufficient_history,2026-09-01
300200423_,2,1.0,insufficient_history,2026-09-01
300200423_,3,1.0,insufficient_history,2026-09-01
300200423_,4,1.0,insufficient_history,2026-09-01
300200423_,5,1.0,insufficient_history,2026-09-01
300200423_,6,1.0,insufficient_history,2026-09-01
300200423_,7,1.0,insufficient_history,2026-09-01
300200423_,8,1.0,insufficient_history,2026-09-01
300200423_,9,1.0,insufficient_history,2026-09-01
300200423_,10,1.0,insufficient_history,2026-09-01
300200423_,11,1.0,insufficient_history,2026-09-01
300200423_,12,1.0,insufficient_history,2026-09-01
300200424_,1,1.0,insufficient_history,2026-09-01
300200424_,2,1.0,insufficient_history,2026-09-01
300200424_,3,1.0,insufficient_history,2026-09-01
300200424_,4,1.0,insufficient_history,2026-09-01
300200424_,5,1.0,insufficient_history,2026-09-01
300200424_,6,1.0,insufficient_history,2026-09-01
300200424_,7,1.0,insufficient_history,2026-09-01
300200424_,8,1.0,insufficient_history,2026-09-01
300200424_,9,1.0,insufficient_history,2026-09-01
300200424_,10,1.0,insufficient_history,2026-09-01
300200424_,11,1.0,insufficient_history,2026-09-01
300200424_,12,1.0,insufficient_history,2026-09-01
300200425_,1,1.0,insufficient_history,2026-09-01
300200425_,2,1.0,insufficient_history,2026-09-01
300200425_,3,1.0,insufficient_history,2026-09-01
300200425_,4,1.0,insufficient_history,2026-09-01
300200425_,5,1.0,insufficient_history,2026-09-01
300200425_,6,1.0,insufficient_history,2026-09-01
300200425_,7,1.0,insufficient_history,2026-09-01
300200425_,8,1.0,insufficient_history,2026-09-01
300200425_,9,1.0,insufficient_history,2026-09-01
300200425_,10,1.0,insufficient_history,2026-09-01
300200425_,11,1.0,insufficient_history,2026-09-01
300200425_,12,1.0,insufficient_history,2026-09-01
300200426_,1,1.0,insufficient_history,2026-09-01
300200426_,2,1.0,insufficient_history,2026-09-01
300200426_,3,1.0,insufficient_history,2026-09-01
300200426_,4,1.0,insufficient_history,2026-09-01
300200426_,5,1.0,insufficient_history,2026-09-01
300200426_,6,1.0,insufficient_history,2026-09-01
300200426_,7,1.0,insufficient_history,2026-09-01
300200426_,8,1.0,insufficient_history,2026-09-01
300200426_,9,1.0,insufficient_history,2026-09-01
300200426_,10,1.0,insufficient_history,2026-09-01
300200426_,11,1.0,insufficient_history,2026-09-01
300200426_,12,1.0,insufficient_history,2026-09-01
300200427_,1,1.0,insufficient_history,2026-09-01
300200427_,2,1.0,insufficient_history,2026-09-01
300200427_,3,1.0,insufficient_history,2026-09-01
300200427_,4,1.0,insufficient_history,2026-09-01
300200427_,5,1.0,insufficient_history,2026-09-01
300200427_,6,1.0,insufficient_history,2026-09-01
300200427_,7,1.0,insufficient_history,2026-09-01
300200427_,8,1.0,insufficient_history,2026-09-01
300200427_,9,1.0,insufficient_history,2026-09-01
300200427_,10,1.0,insufficient_history,2026-09-01
300200427_,11,1.0,insufficient_history,2026-09-01
300200427_,12,1.0,insufficient_history,2026-09-01
300200428_,1,0.8141059670466531,estimated_from_past,2026-09-01
300200428_,2,0.8075513261853651,estimated_from_past,2026-09-01
300200428_,3,1.0875375002328638,estimated_from_past,2026-09-01
300200428_,4,0.8450582852674138,estimated_from_past,2026-09-01
300200428_,5,1.0988252303864658,estimated_from_past,2026-09-01
300200428_,6,1.100580872038927,estimated_from_past,2026-09-01
300200428_,7,1.0406653668449373,estimated_from_past,2026-09-01
300200428_,8,0.6985101875141665,estimated_from_past,2026-09-01
300200428_,9,1.3006824153378005,estimated_from_past,2026-09-01
300200428_,10,0.8845613976522239,estimated_from_past,2026-09-01
300200428_,11,0.9243016216762304,estimated_from_past,2026-09-01
300200428_,12,1.3976198298169553,estimated_from_past,2026-09-01
300200429_,1,1.0,insufficient_history,2026-09-01
300200429_,2,1.0,insufficient_history,2026-09-01
300200429_,3,1.0,insufficient_history,2026-09-01
300200429_,4,1.0,insufficient_history,2026-09-01
300200429_,5,1.0,insufficient_history,2026-09-01
300200429_,6,1.0,insufficient_history,2026-09-01
300200429_,7,1.0,insufficient_history,2026-09-01
300200429_,8,1.0,insufficient_history,2026-09-01
300200429_,9,1.0,insufficient_history,2026-09-01
300200429_,10,1.0,insufficient_history,2026-09-01
300200429_,11,1.0,insufficient_history,2026-09-01
300200429_,12,1.0,insufficient_history,2026-09-01
300200430_,1,1.0,insufficient_history,2026-09-01
300200430_,2,1.0,insufficient_history,2026-09-01
300200430_,3,1.0,insufficient_history,2026-09-01
300200430_,4,1.0,insufficient_history,2026-09-01
300200430_,5,1.0,insufficient_history,2026-09-01
300200430_,6,1.0,insufficient_history,2026-09-01
300200430_,7,1.0,insufficient_history,2026-09-01
300200430_,8,1.0,insufficient_history,2026-09-01
300200430_,9,1.0,insufficient_history,2026-09-01
300200430_,10,1.0,insufficient_history,2026-09-01
300200430_,11,1.0,insufficient_history,2026-09-01
300200430_,12,1.0,insufficient_history,2026-09-01
300200431_,1,1.0,insufficient_history,2026-09-01
300200431_,2,1.0,insufficient_history,2026-09-01
300200431_,3,1.0,insufficient_history,2026-09-01
300200431_,4,1.0,insufficient_history,2026-09-01
300200431_,5,1.0,insufficient_history,2026-09-01
300200431_,6,1.0,insufficient_history,2026-09-01
300200431_,7,1.0,insufficient_history,2026-09-01
300200431_,8,1.0,insufficient_history,2026-09-01
300200431_,9,1.0,insufficient_history,2026-09-01
300200431_,10,1.0,insufficient_history,2026-09-01
300200431_,11,1.0,insufficient_history,2026-09-01
300200431_,12,1.0,insufficient_history,2026-09-01
300200432_,1,1.0,insufficient_history,2026-09-01
300200432_,2,1.0,insufficient_history,2026-09-01
300200432_,3,1.0,insufficient_history,2026-09-01
300200432_,4,1.0,insufficient_history,2026-09-01
300200432_,5,1.0,insufficient_history,2026-09-01
300200432_,6,1.0,insufficient_history,2026-09-01
300200432_,7,1.0,insufficient_history,2026-09-01
300200432_,8,1.0,insufficient_history,2026-09-01
300200432_,9,1.0,insufficient_history,2026-09-01
300200432_,10,1.0,insufficient_history,2026-09-01
300200432_,11,1.0,insufficient_history,2026-09-01
300200432_,12,1.0,insufficient_history,2026-09-01
300200433_,1,0.5622085969956664,estimated_from_past,2026-09-01
300200433_,2,0.8406375717697983,estimated_from_past,2026-09-01
300200433_,3,1.1472368167272236,estimated_from_past,2026-09-01
300200433_,4,1.2184299240569505,estimated_from_past,2026-09-01
300200433_,5,1.3651217941180596,estimated_from_past,2026-09-01
300200433_,6,0.9795281930213765,estimated_from_past,2026-09-01
300200433_,7,0.5676663945838337,estimated_from_past,2026-09-01
300200433_,8,0.7043894135626436,estimated_from_past,2026-09-01
300200433_,9,1.2862146812968482,estimated_from_past,2026-09-01
300200433_,10,1.0018728636519068,estimated_from_past,2026-09-01
300200433_,11,1.0716555777906773,estimated_from_past,2026-09-01
300200433_,12,1.2550381724250181,estimated_from_past,2026-09-01
300200434_,1,1.0,insufficient_history,2026-09-01
300200434_,2,1.0,insufficient_history,2026-09-01
300200434_,3,1.0,insufficient_history,2026-09-01
300200434_,4,1.0,insufficient_history,2026-09-01
300200434_,5,1.0,insufficient_history,2026-09-01
300200434_,6,1.0,insufficient_history,2026-09-01
300200434_,7,1.0,insufficient_history,2026-09-01
300200434_,8,1.0,insufficient_history,2026-09-01
300200434_,9,1.0,insufficient_history,2026-09-01
300200434_,10,1.0,insufficient_history,2026-09-01
300200434_,11,1.0,insufficient_history,2026-09-01
300200434_,12,1.0,insufficient_history,2026-09-01
300200435_,1,0.8837012623224582,estimated_from_past,2026-09-01
300200435_,2,0.7428164686616047,estimated_from_past,2026-09-01
300200435_,3,0.8313572999492312,estimated_from_past,2026-09-01
300200435_,4,0.7082761466998648,estimated_from_past,2026-09-01
300200435_,5,1.4195659087728008,estimated_from_past,2026-09-01
300200435_,6,1.0731450001821365,estimated_from_past,2026-09-01
300200435_,7,0.9945384123374412,estimated_from_past,2026-09-01
300200435_,8,0.7044814183954893,estimated_from_past,2026-09-01
300200435_,9,1.241721942526149,estimated_from_past,2026-09-01
300200435_,10,1.200550429251249,estimated_from_past,2026-09-01
300200435_,11,0.9795770870688745,estimated_from_past,2026-09-01
300200435_,12,1.2202686238327005,estimated_from_past,2026-09-01
300200436_,1,0.6879232795283508,estimated_from_past,2026-09-01
300200436_,2,1.0463889634214998,estimated_from_past,2026-09-01
300200436_,3,0.8775376789602949,estimated_from_past,2026-09-01
300200436_,4,0.8443646681875808,estimated_from_past,2026-09-01
300200436_,5,0.8189662754260808,estimated_from_past,2026-09-01
300200436_,6,1.1635405032419666,estimated_from_past,2026-09-01
300200436_,7,1.2200594760963244,estimated_from_past,2026-09-01
300200436_,8,0.8578454256996467,estimated_from_past,2026-09-01
300200436_,9,0.9383100530140698,estimated_from_past,2026-09-01
300200436_,10,1.4514350325566898,estimated_from_past,2026-09-01
300200436_,11,1.0471825880017105,estimated_from_past,2026-09-01
300200436_,12,1.0464460558657869,estimated_from_past,2026-09-01
300200437_,1,0.9290855679010166,estimated_from_past,2026-09-01
300200437_,2,0.8983815037454155,estimated_from_past,2026-09-01
300200437_,3,1.0059669257225747,estimated_from_past,2026-09-01
300200437_,4,0.9239700834036401,estimated_from_past,2026-09-01
300200437_,5,1.2637921395582248,estimated_from_past,2026-09-01
300200437_,6,1.0643855487004084,estimated_from_past,2026-09-01
300200437_,7,0.9507589536193639,estimated_from_past,2026-09-01
300200437_,8,0.6887705426903822,estimated_from_past,2026-09-01
300200437_,9,1.331468893537346,estimated_from_past,2026-09-01
300200437_,10,0.7687594075754111,estimated_from_past,2026-09-01
300200437_,11,1.2273416563904276,estimated_from_past,2026-09-01
300200437_,12,0.9473187771557885,estimated_from_past,2026-09-01
300200438_,1,0.7186472116139214,estimated_from_past,2026-09-01
300200438_,2,1.0019703801077804,estimated_from_past,2026-09-01
300200438_,3,0.8292508842425502,estimated_from_past,2026-09-01
300200438_,4,1.0250320980893233,estimated_from_past,2026-09-01
300200438_,5,0.9702905201563267,estimated_from_past,2026-09-01
300200438_,6,0.9789077530396764,estimated_from_past,2026-09-01
300200438_,7,0.8821678789398552,estimated_from_past,2026-09-01
300200438_,8,0.7479585976491665,estimated_from_past,2026-09-01
300200438_,9,1.3103374608387475,estimated_from_past,2026-09-01
300200438_,10,0.8781179877803496,estimated_from_past,2026-09-01
300200438_,11,1.1049344260517397,estimated_from_past,2026-09-01
300200438_,12,1.5523848014905628,estimated_from_past,2026-09-01
300200439_,1,1.0,insufficient_history,2026-09-01
300200439_,2,1.0,insufficient_history,2026-09-01
300200439_,3,1.0,insufficient_history,2026-09-01
300200439_,4,1.0,insufficient_history,2026-09-01
300200439_,5,1.0,insufficient_history,2026-09-01
300200439_,6,1.0,insufficient_history,2026-09-01
300200439_,7,1.0,insufficient_history,2026-09-01
300200439_,8,1.0,insufficient_history,2026-09-01
300200439_,9,1.0,insufficient_history,2026-09-01
300200439_,10,1.0,insufficient_history,2026-09-01
300200439_,11,1.0,insufficient_history,2026-09-01
300200439_,12,1.0,insufficient_history,2026-09-01
300200440_,1,1.0,insufficient_history,2026-09-01
300200440_,2,1.0,insufficient_history,2026-09-01
300200440_,3,1.0,insufficient_history,2026-09-01
300200440_,4,1.0,insufficient_history,2026-09-01
300200440_,5,1.0,insufficient_history,2026-09-01
300200440_,6,1.0,insufficient_history,2026-09-01
300200440_,7,1.0,insufficient_history,2026-09-01
300200440_,8,1.0,insufficient_history,2026-09-01
300200440_,9,1.0,insufficient_history,2026-09-01
300200440_,10,1.0,insufficient_history,2026-09-01
300200440_,11,1.0,insufficient_history,2026-09-01
300200440_,12,1.0,insufficient_history,2026-09-01
300200441_,1,1.0,insufficient_history,2026-09-01
300200441_,2,1.0,insufficient_history,2026-09-01
300200441_,3,1.0,insufficient_history,2026-09-01
300200441_,4,1.0,insufficient_history,2026-09-01
300200441_,5,1.0,insufficient_history,2026-09-01
300200441_,6,1.0,insufficient_history,2026-09-01
300200441_,7,1.0,insufficient_history,2026-09-01
300200441_,8,1.0,insufficient_history,2026-09-01
300200441_,9,1.0,insufficient_history,2026-09-01
300200441_,10,1.0,insufficient_history,2026-09-01
300200441_,11,1.0,insufficient_history,2026-09-01
300200441_,12,1.0,insufficient_history,2026-09-01
300200442_,1,1.0,insufficient_history,2026-09-01
300200442_,2,1.0,insufficient_history,2026-09-01
300200442_,3,1.0,insufficient_history,2026-09-01
300200442_,4,1.0,insufficient_history,2026-09-01
300200442_,5,1.0,insufficient_history,2026-09-01
300200442_,6,1.0,insufficient_history,2026-09-01
300200442_,7,1.0,insufficient_history,2026-09-01
300200442_,8,1.0,insufficient_history,2026-09-01
300200442_,9,1.0,insufficient_history,2026-09-01
300200442_,10,1.0,insufficient_history,2026-09-01
300200442_,11,1.0,insufficient_history,2026-09-01
300200442_,12,1.0,insufficient_history,2026-09-01
300200443_,1,1.0,insufficient_history,2026-09-01
300200443_,2,1.0,insufficient_history,2026-09-01
300200443_,3,1.0,insufficient_history,2026-09-01
300200443_,4,1.0,insufficient_history,2026-09-01
300200443_,5,1.0,insufficient_history,2026-09-01
300200443_,6,1.0,insufficient_history,2026-09-01
300200443_,7,1.0,insufficient_history,2026-09-01
300200443_,8,1.0,insufficient_history,2026-09-01
300200443_,9,1.0,insufficient_history,2026-09-01
300200443_,10,1.0,insufficient_history,2026-09-01
300200443_,11,1.0,insufficient_history,2026-09-01
300200443_,12,1.0,insufficient_history,2026-09-01
300200444_,1,1.0,insufficient_history,2026-09-01
300200444_,2,1.0,insufficient_history,2026-09-01
300200444_,3,1.0,insufficient_history,2026-09-01
300200444_,4,1.0,insufficient_history,2026-09-01
300200444_,5,1.0,insufficient_history,2026-09-01
300200444_,6,1.0,insufficient_history,2026-09-01
300200444_,7,1.0,insufficient_history,2026-09-01
300200444_,8,1.0,insufficient_history,2026-09-01
300200444_,9,1.0,insufficient_history,2026-09-01
300200444_,10,1.0,insufficient_history,2026-09-01
300200444_,11,1.0,insufficient_history,2026-09-01
300200444_,12,1.0,insufficient_history,2026-09-01
300200445_,1,1.0,insufficient_history,2026-09-01
300200445_,2,1.0,insufficient_history,2026-09-01
300200445_,3,1.0,insufficient_history,2026-09-01
300200445_,4,1.0,insufficient_history,2026-09-01
300200445_,5,1.0,insufficient_history,2026-09-01
300200445_,6,1.0,insufficient_history,2026-09-01
300200445_,7,1.0,insufficient_history,2026-09-01
300200445_,8,1.0,insufficient_history,2026-09-01
300200445_,9,1.0,insufficient_history,2026-09-01
300200445_,10,1.0,insufficient_history,2026-09-01
300200445_,11,1.0,insufficient_history,2026-09-01
300200445_,12,1.0,insufficient_history,2026-09-01
300200446_,1,1.0,insufficient_history,2026-09-01
300200446_,2,1.0,insufficient_history,2026-09-01
300200446_,3,1.0,insufficient_history,2026-09-01
300200446_,4,1.0,insufficient_history,2026-09-01
300200446_,5,1.0,insufficient_history,2026-09-01
300200446_,6,1.0,insufficient_history,2026-09-01
300200446_,7,1.0,insufficient_history,2026-09-01
300200446_,8,1.0,insufficient_history,2026-09-01
300200446_,9,1.0,insufficient_history,2026-09-01
300200446_,10,1.0,insufficient_history,2026-09-01
300200446_,11,1.0,insufficient_history,2026-09-01
300200446_,12,1.0,insufficient_history,2026-09-01
300200447_,1,1.0,insufficient_history,2026-09-01
300200447_,2,1.0,insufficient_history,2026-09-01
300200447_,3,1.0,insufficient_history,2026-09-01
300200447_,4,1.0,insufficient_history,2026-09-01
300200447_,5,1.0,insufficient_history,2026-09-01
300200447_,6,1.0,insufficient_history,2026-09-01
300200447_,7,1.0,insufficient_history,2026-09-01
300200447_,8,1.0,insufficient_history,2026-09-01
300200447_,9,1.0,insufficient_history,2026-09-01
300200447_,10,1.0,insufficient_history,2026-09-01
300200447_,11,1.0,insufficient_history,2026-09-01
300200447_,12,1.0,insufficient_history,2026-09-01
300200448_,1,1.0,insufficient_history,2026-09-01
300200448_,2,1.0,insufficient_history,2026-09-01
300200448_,3,1.0,insufficient_history,2026-09-01
300200448_,4,1.0,insufficient_history,2026-09-01
300200448_,5,1.0,insufficient_history,2026-09-01
300200448_,6,1.0,insufficient_history,2026-09-01
300200448_,7,1.0,insufficient_history,2026-09-01
300200448_,8,1.0,insufficient_history,2026-09-01
300200448_,9,1.0,insufficient_history,2026-09-01
300200448_,10,1.0,insufficient_history,2026-09-01
300200448_,11,1.0,insufficient_history,2026-09-01
300200448_,12,1.0,insufficient_history,2026-09-01
300200449_,1,1.0,insufficient_history,2026-09-01
300200449_,2,1.0,insufficient_history,2026-09-01
300200449_,3,1.0,insufficient_history,2026-09-01
300200449_,4,1.0,insufficient_history,2026-09-01
300200449_,5,1.0,insufficient_history,2026-09-01
300200449_,6,1.0,insufficient_history,2026-09-01
300200449_,7,1.0,insufficient_history,2026-09-01
300200449_,8,1.0,insufficient_history,2026-09-01
300200449_,9,1.0,insufficient_history,2026-09-01
300200449_,10,1.0,insufficient_history,2026-09-01
300200449_,11,1.0,insufficient_history,2026-09-01
300200449_,12,1.0,insufficient_history,2026-09-01
300200450_,1,1.0,insufficient_history,2026-09-01
300200450_,2,1.0,insufficient_history,2026-09-01
300200450_,3,1.0,insufficient_history,2026-09-01
300200450_,4,1.0,insufficient_history,2026-09-01
300200450_,5,1.0,insufficient_history,2026-09-01
300200450_,6,1.0,insufficient_history,2026-09-01
300200450_,7,1.0,insufficient_history,2026-09-01
300200450_,8,1.0,insufficient_history,2026-09-01
300200450_,9,1.0,insufficient_history,2026-09-01
300200450_,10,1.0,insufficient_history,2026-09-01
300200450_,11,1.0,insufficient_history,2026-09-01
300200450_,12,1.0,insufficient_history,2026-09-01
300200451_,1,1.0,insufficient_history,2026-09-01
300200451_,2,1.0,insufficient_history,2026-09-01
300200451_,3,1.0,insufficient_history,2026-09-01
300200451_,4,1.0,insufficient_history,2026-09-01
300200451_,5,1.0,insufficient_history,2026-09-01
300200451_,6,1.0,insufficient_history,2026-09-01
300200451_,7,1.0,insufficient_history,2026-09-01
300200451_,8,1.0,insufficient_history,2026-09-01
300200451_,9,1.0,insufficient_history,2026-09-01
300200451_,10,1.0,insufficient_history,2026-09-01
300200451_,11,1.0,insufficient_history,2026-09-01
300200451_,12,1.0,insufficient_history,2026-09-01
300200452_,1,1.0,insufficient_history,2026-09-01
300200452_,2,1.0,insufficient_history,2026-09-01
300200452_,3,1.0,insufficient_history,2026-09-01
300200452_,4,1.0,insufficient_history,2026-09-01
300200452_,5,1.0,insufficient_history,2026-09-01
300200452_,6,1.0,insufficient_history,2026-09-01
300200452_,7,1.0,insufficient_history,2026-09-01
300200452_,8,1.0,insufficient_history,2026-09-01
300200452_,9,1.0,insufficient_history,2026-09-01
300200452_,10,1.0,insufficient_history,2026-09-01
300200452_,11,1.0,insufficient_history,2026-09-01
300200452_,12,1.0,insufficient_history,2026-09-01
300200454_,1,1.0,insufficient_history,2026-09-01
300200454_,2,1.0,insufficient_history,2026-09-01
300200454_,3,1.0,insufficient_history,2026-09-01
300200454_,4,1.0,insufficient_history,2026-09-01
300200454_,5,1.0,insufficient_history,2026-09-01
300200454_,6,1.0,insufficient_history,2026-09-01
300200454_,7,1.0,insufficient_history,2026-09-01
300200454_,8,1.0,insufficient_history,2026-09-01
300200454_,9,1.0,insufficient_history,2026-09-01
300200454_,10,1.0,insufficient_history,2026-09-01
300200454_,11,1.0,insufficient_history,2026-09-01
300200454_,12,1.0,insufficient_history,2026-09-01
300200456_,1,1.0,insufficient_history,2026-09-01
300200456_,2,1.0,insufficient_history,2026-09-01
300200456_,3,1.0,insufficient_history,2026-09-01
300200456_,4,1.0,insufficient_history,2026-09-01
300200456_,5,1.0,insufficient_history,2026-09-01
300200456_,6,1.0,insufficient_history,2026-09-01
300200456_,7,1.0,insufficient_history,2026-09-01
300200456_,8,1.0,insufficient_history,2026-09-01
300200456_,9,1.0,insufficient_history,2026-09-01
300200456_,10,1.0,insufficient_history,2026-09-01
300200456_,11,1.0,insufficient_history,2026-09-01
300200456_,12,1.0,insufficient_history,2026-09-01
300200458_,1,1.0,insufficient_history,2026-09-01
300200458_,2,1.0,insufficient_history,2026-09-01
300200458_,3,1.0,insufficient_history,2026-09-01
300200458_,4,1.0,insufficient_history,2026-09-01
300200458_,5,1.0,insufficient_history,2026-09-01
300200458_,6,1.0,insufficient_history,2026-09-01
300200458_,7,1.0,insufficient_history,2026-09-01
300200458_,8,1.0,insufficient_history,2026-09-01
300200458_,9,1.0,insufficient_history,2026-09-01
300200458_,10,1.0,insufficient_history,2026-09-01
300200458_,11,1.0,insufficient_history,2026-09-01
300200458_,12,1.0,insufficient_history,2026-09-01
300200459_,1,0.6745004067892323,estimated_from_past,2026-09-01
300200459_,2,1.113425142599966,estimated_from_past,2026-09-01
300200459_,3,0.8309654704170139,estimated_from_past,2026-09-01
300200459_,4,0.8091479330419191,estimated_from_past,2026-09-01
300200459_,5,1.2613268713700228,estimated_from_past,2026-09-01
300200459_,6,0.8963963019283283,estimated_from_past,2026-09-01
300200459_,7,1.3016473211960589,estimated_from_past,2026-09-01
300200459_,8,1.031938362667004,estimated_from_past,2026-09-01
300200459_,9,1.2483141856334645,estimated_from_past,2026-09-01
300200459_,10,0.9565706900344462,estimated_from_past,2026-09-01
300200459_,11,0.9694770423797018,estimated_from_past,2026-09-01
300200459_,12,0.9062902719428426,estimated_from_past,2026-09-01
300200460_,1,1.0029132985808882,estimated_from_past,2026-09-01
300200460_,2,1.2725605831849887,estimated_from_past,2026-09-01
300200460_,3,0.9236385011260184,estimated_from_past,2026-09-01
300200460_,4,0.7729967918867758,estimated_from_past,2026-09-01
300200460_,5,0.7800907862326687,estimated_from_past,2026-09-01
300200460_,6,1.005733573392385,estimated_from_past,2026-09-01
300200460_,7,1.0012377918633235,estimated_from_past,2026-09-01
300200460_,8,1.1252643419235189,estimated_from_past,2026-09-01
300200460_,9,1.3625148869447983,estimated_from_past,2026-09-01
300200460_,10,0.8219823750873192,estimated_from_past,2026-09-01
300200460_,11,1.0549636646637863,estimated_from_past,2026-09-01
300200460_,12,0.8761034051135285,estimated_from_past,2026-09-01
300200461_,1,0.9616621275137297,estimated_from_past,2026-09-01
300200461_,2,0.7066558062146905,estimated_from_past,2026-09-01
300200461_,3,1.1389578748286875,estimated_from_past,2026-09-01
300200461_,4,0.9864801300181871,estimated_from_past,2026-09-01
300200461_,5,0.9546343643863083,estimated_from_past,2026-09-01
300200461_,6,0.9211959405584899,estimated_from_past,2026-09-01
300200461_,7,1.080207857981183,estimated_from_past,2026-09-01
300200461_,8,1.0392523569766394,estimated_from_past,2026-09-01
300200461_,9,1.2564984548854026,estimated_from_past,2026-09-01
300200461_,10,0.8553335976445737,estimated_from_past,2026-09-01
300200461_,11,0.9515651209677793,estimated_from_past,2026-09-01
300200461_,12,1.1475563680243288,estimated_from_past,2026-09-01
300200462_,1,0.7021281496032812,estimated_from_past,2026-09-01
300200462_,2,0.6069123525423648,estimated_from_past,2026-09-01
300200462_,3,0.8932547660764467,estimated_from_past,2026-09-01
300200462_,4,0.8714822786639156,estimated_from_past,2026-09-01
300200462_,5,1.1867832593243437,estimated_from_past,2026-09-01
300200462_,6,1.0180141305063408,estimated_from_past,2026-09-01
300200462_,7,0.7975056562584559,estimated_from_past,2026-09-01
300200462_,8,1.3533247581176218,estimated_from_past,2026-09-01
300200462_,9,1.1644260413943983,estimated_from_past,2026-09-01
300200462_,10,1.1628412760411446,estimated_from_past,2026-09-01
300200462_,11,1.113820924796215,estimated_from_past,2026-09-01
300200462_,12,1.1295064066754712,estimated_from_past,2026-09-01
300200463_,1,0.7229193978738447,estimated_from_past,2026-09-01
300200463_,2,0.9300394764015693,estimated_from_past,2026-09-01
300200463_,3,0.8952560419007765,estimated_from_past,2026-09-01
300200463_,4,0.9638642069393342,estimated_from_past,2026-09-01
300200463_,5,0.9862782015326291,estimated_from_past,2026-09-01
300200463_,6,1.038312808671665,estimated_from_past,2026-09-01
300200463_,7,1.057881668970917,estimated_from_past,2026-09-01
300200463_,8,1.0389017541566936,estimated_from_past,2026-09-01
300200463_,9,1.0175160066465905,estimated_from_past,2026-09-01
300200463_,10,0.9913172514004656,estimated_from_past,2026-09-01
300200463_,11,1.1803430121017977,estimated_from_past,2026-09-01
300200463_,12,1.1773701734037174,estimated_from_past,2026-09-01
300200464_,1,0.8482945453950834,estimated_from_past,2026-09-01
300200464_,2,0.9932241497231368,estimated_from_past,2026-09-01
300200464_,3,0.9057509922585826,estimated_from_past,2026-09-01
300200464_,4,0.8992422652737537,estimated_from_past,2026-09-01
300200464_,5,1.098818307138942,estimated_from_past,2026-09-01
300200464_,6,0.7856606169086148,estimated_from_past,2026-09-01
300200464_,7,0.968154975755653,estimated_from_past,2026-09-01
300200464_,8,1.0958150820123653,estimated_from_past,2026-09-01
300200464_,9,1.2078318452599563,estimated_from_past,2026-09-01
300200464_,10,1.0132248451683246,estimated_from_past,2026-09-01
300200464_,11,1.0908934989904353,estimated_from_past,2026-09-01
300200464_,12,1.0930888761151516,estimated_from_past,2026-09-01
300200465_,1,0.7749039224011339,estimated_from_past,2026-09-01
300200465_,2,0.7921199400545181,estimated_from_past,2026-09-01
300200465_,3,0.9209907669412587,estimated_from_past,2026-09-01
300200465_,4,0.9890893444322464,estimated_from_past,2026-09-01
300200465_,5,1.0583846197025788,estimated_from_past,2026-09-01
300200465_,6,1.1008835749497874,estimated_from_past,2026-09-01
300200465_,7,0.9939473010178017,estimated_from_past,2026-09-01
300200465_,8,0.9869906583967676,estimated_from_past,2026-09-01
300200465_,9,1.0258664082916085,estimated_from_past,2026-09-01
300200465_,10,1.0676417856527043,estimated_from_past,2026-09-01
300200465_,11,1.15173101260856,estimated_from_past,2026-09-01
300200465_,12,1.137450665551032,estimated_from_past,2026-09-01
300200466_,1,0.6234654482423099,estimated_from_past,2026-09-01
300200466_,2,0.9784901854127701,estimated_from_past,2026-09-01
300200466_,3,0.9947216212830303,estimated_from_past,2026-09-01
300200466_,4,0.8097834339635998,estimated_from_past,2026-09-01
300200466_,5,1.0241043870202926,estimated_from_past,2026-09-01
300200466_,6,0.8866111166428363,estimated_from_past,2026-09-01
300200466_,7,0.9482806312886003,estimated_from_past,2026-09-01
300200466_,8,1.21745036975877,estimated_from_past,2026-09-01
300200466_,9,1.224227401057568,estimated_from_past,2026-09-01
300200466_,10,1.1819891117190682,estimated_from_past,2026-09-01
300200466_,11,1.1225231826018263,estimated_from_past,2026-09-01
300200466_,12,0.9883531110093287,estimated_from_past,2026-09-01
300200467_,1,0.9342448028480645,estimated_from_past,2026-09-01
300200467_,2,0.9269325056069908,estimated_from_past,2026-09-01
300200467_,3,0.8488824518940121,estimated_from_past,2026-09-01
300200467_,4,1.0154215328870844,estimated_from_past,2026-09-01
300200467_,5,1.0416921931342975,estimated_from_past,2026-09-01
300200467_,6,0.7616080544292114,estimated_from_past,2026-09-01
300200467_,7,0.9783536652689498,estimated_from_past,2026-09-01
300200467_,8,1.2100308762190917,estimated_from_past,2026-09-01
300200467_,9,0.9145955412571068,estimated_from_past,2026-09-01
300200467_,10,1.0423096593922203,estimated_from_past,2026-09-01
300200467_,11,1.2892632481582422,estimated_from_past,2026-09-01
300200467_,12,1.0366654689047288,estimated_from_past,2026-09-01
300200468_,1,0.464634760408938,estimated_from_past,2026-09-01
300200468_,2,0.7940642151177915,estimated_from_past,2026-09-01
300200468_,3,0.8820904872527077,estimated_from_past,2026-09-01
300200468_,4,1.2593397598147795,estimated_from_past,2026-09-01
300200468_,5,1.2588307329603512,estimated_from_past,2026-09-01
300200468_,6,1.173741997967007,estimated_from_past,2026-09-01
300200468_,7,1.1822899665095226,estimated_from_past,2026-09-01
300200468_,8,1.206999902548792,estimated_from_past,2026-09-01
300200468_,9,1.1348961707551517,estimated_from_past,2026-09-01
300200468_,10,1.0592427798878088,estimated_from_past,2026-09-01
300200468_,11,0.830999525876114,estimated_from_past,2026-09-01
300200468_,12,0.7528697009010373,estimated_from_past,2026-09-01
300200469_,1,1.0,insufficient_history,2026-09-01
300200469_,2,1.0,insufficient_history,2026-09-01
300200469_,3,1.0,insufficient_history,2026-09-01
300200469_,4,1.0,insufficient_history,2026-09-01
300200469_,5,1.0,insufficient_history,2026-09-01
300200469_,6,1.0,insufficient_history,2026-09-01
300200469_,7,1.0,insufficient_history,2026-09-01
300200469_,8,1.0,insufficient_history,2026-09-01
300200469_,9,1.0,insufficient_history,2026-09-01
300200469_,10,1.0,insufficient_history,2026-09-01
300200469_,11,1.0,insufficient_history,2026-09-01
300200469_,12,1.0,insufficient_history,2026-09-01
300200470_,1,1.0,insufficient_history,2026-09-01
300200470_,2,1.0,insufficient_history,2026-09-01
300200470_,3,1.0,insufficient_history,2026-09-01
300200470_,4,1.0,insufficient_history,2026-09-01
300200470_,5,1.0,insufficient_history,2026-09-01
300200470_,6,1.0,insufficient_history,2026-09-01
300200470_,7,1.0,insufficient_history,2026-09-01
300200470_,8,1.0,insufficient_history,2026-09-01
300200470_,9,1.0,insufficient_history,2026-09-01
300200470_,10,1.0,insufficient_history,2026-09-01
300200470_,11,1.0,insufficient_history,2026-09-01
300200470_,12,1.0,insufficient_history,2026-09-01
300200471_,1,0.48710546905519814,estimated_from_past,2026-09-01
300200471_,2,0.92723971863689,estimated_from_past,2026-09-01
300200471_,3,0.6508599667964136,estimated_from_past,2026-09-01
300200471_,4,1.3498099030663169,estimated_from_past,2026-09-01
300200471_,5,1.0042210495277264,estimated_from_past,2026-09-01
300200471_,6,0.8756450010024915,estimated_from_past,2026-09-01
300200471_,7,1.8804369086102328,estimated_from_past,2026-09-01
300200471_,8,1.3819910542538765,estimated_from_past,2026-09-01
300200471_,9,0.8643048290701993,estimated_from_past,2026-09-01
300200471_,10,0.740741234743973,estimated_from_past,2026-09-01
300200471_,11,1.1775007937943118,estimated_from_past,2026-09-01
300200471_,12,0.660144071442368,estimated_from_past,2026-09-01
300200472_,1,0.7524849393491785,estimated_from_past,2026-09-01
300200472_,2,1.0775933041265684,estimated_from_past,2026-09-01
300200472_,3,0.7537768921082558,estimated_from_past,2026-09-01
300200472_,4,0.7838248220957871,estimated_from_past,2026-09-01
300200472_,5,1.2249542556458726,estimated_from_past,2026-09-01
300200472_,6,1.170189180044514,estimated_from_past,2026-09-01
300200472_,7,0.846877889796825,estimated_from_past,2026-09-01
300200472_,8,1.3219524598805452,estimated_from_past,2026-09-01
300200472_,9,0.8765702226018564,estimated_from_past,2026-09-01
300200472_,10,0.8524473451016645,estimated_from_past,2026-09-01
300200472_,11,1.2219879275658014,estimated_from_past,2026-09-01
300200472_,12,1.1173407616831332,estimated_from_past,2026-09-01
300200473_,1,1.0,insufficient_history,2026-09-01
300200473_,2,1.0,insufficient_history,2026-09-01
300200473_,3,1.0,insufficient_history,2026-09-01
300200473_,4,1.0,insufficient_history,2026-09-01
300200473_,5,1.0,insufficient_history,2026-09-01
300200473_,6,1.0,insufficient_history,2026-09-01
300200473_,7,1.0,insufficient_history,2026-09-01
300200473_,8,1.0,insufficient_history,2026-09-01
300200473_,9,1.0,insufficient_history,2026-09-01
300200473_,10,1.0,insufficient_history,2026-09-01
300200473_,11,1.0,insufficient_history,2026-09-01
300200473_,12,1.0,insufficient_history,2026-09-01
300200474_,1,1.0,insufficient_history,2026-09-01
300200474_,2,1.0,insufficient_history,2026-09-01
300200474_,3,1.0,insufficient_history,2026-09-01
300200474_,4,1.0,insufficient_history,2026-09-01
300200474_,5,1.0,insufficient_history,2026-09-01
300200474_,6,1.0,insufficient_history,2026-09-01
300200474_,7,1.0,insufficient_history,2026-09-01
300200474_,8,1.0,insufficient_history,2026-09-01
300200474_,9,1.0,insufficient_history,2026-09-01
300200474_,10,1.0,insufficient_history,2026-09-01
300200474_,11,1.0,insufficient_history,2026-09-01
300200474_,12,1.0,insufficient_history,2026-09-01
300200495_,1,1.0,insufficient_history,2026-09-01
300200495_,2,1.0,insufficient_history,2026-09-01
300200495_,3,1.0,insufficient_history,2026-09-01
300200495_,4,1.0,insufficient_history,2026-09-01
300200495_,5,1.0,insufficient_history,2026-09-01
300200495_,6,1.0,insufficient_history,2026-09-01
300200495_,7,1.0,insufficient_history,2026-09-01
300200495_,8,1.0,insufficient_history,2026-09-01
300200495_,9,1.0,insufficient_history,2026-09-01
300200495_,10,1.0,insufficient_history,2026-09-01
300200495_,11,1.0,insufficient_history,2026-09-01
300200495_,12,1.0,insufficient_history,2026-09-01
300200496_,1,1.0,insufficient_history,2026-09-01
300200496_,2,1.0,insufficient_history,2026-09-01
300200496_,3,1.0,insufficient_history,2026-09-01
300200496_,4,1.0,insufficient_history,2026-09-01
300200496_,5,1.0,insufficient_history,2026-09-01
300200496_,6,1.0,insufficient_history,2026-09-01
300200496_,7,1.0,insufficient_history,2026-09-01
300200496_,8,1.0,insufficient_history,2026-09-01
300200496_,9,1.0,insufficient_history,2026-09-01
300200496_,10,1.0,insufficient_history,2026-09-01
300200496_,11,1.0,insufficient_history,2026-09-01
300200496_,12,1.0,insufficient_history,2026-09-01
300200497_,1,1.0,insufficient_history,2026-09-01
300200497_,2,1.0,insufficient_history,2026-09-01
300200497_,3,1.0,insufficient_history,2026-09-01
300200497_,4,1.0,insufficient_history,2026-09-01
300200497_,5,1.0,insufficient_history,2026-09-01
300200497_,6,1.0,insufficient_history,2026-09-01
300200497_,7,1.0,insufficient_history,2026-09-01
300200497_,8,1.0,insufficient_history,2026-09-01
300200497_,9,1.0,insufficient_history,2026-09-01
300200497_,10,1.0,insufficient_history,2026-09-01
300200497_,11,1.0,insufficient_history,2026-09-01
300200497_,12,1.0,insufficient_history,2026-09-01
300200498_,1,0.8578990138719645,estimated_from_past,2026-09-01
300200498_,2,0.7891476823057719,estimated_from_past,2026-09-01
300200498_,3,0.8620781173838624,estimated_from_past,2026-09-01
300200498_,4,0.8818817104494686,estimated_from_past,2026-09-01
300200498_,5,1.1858970970807272,estimated_from_past,2026-09-01
300200498_,6,1.1907225089252922,estimated_from_past,2026-09-01
300200498_,7,0.8872661123595265,estimated_from_past,2026-09-01
300200498_,8,1.2693581921740822,estimated_from_past,2026-09-01
300200498_,9,1.155281406035592,estimated_from_past,2026-09-01
300200498_,10,0.8899649257067841,estimated_from_past,2026-09-01
300200498_,11,1.046218073882437,estimated_from_past,2026-09-01
300200498_,12,0.9842851598244916,estimated_from_past,2026-09-01
300200511_,1,1.0,insufficient_history,2026-09-01
300200511_,2,1.0,insufficient_history,2026-09-01
300200511_,3,1.0,insufficient_history,2026-09-01
300200511_,4,1.0,insufficient_history,2026-09-01
300200511_,5,1.0,insufficient_history,2026-09-01
300200511_,6,1.0,insufficient_history,2026-09-01
300200511_,7,1.0,insufficient_history,2026-09-01
300200511_,8,1.0,insufficient_history,2026-09-01
300200511_,9,1.0,insufficient_history,2026-09-01
300200511_,10,1.0,insufficient_history,2026-09-01
300200511_,11,1.0,insufficient_history,2026-09-01
300200511_,12,1.0,insufficient_history,2026-09-01
300200515_,1,0.8354393548436528,estimated_from_past,2026-09-01
300200515_,2,1.0166561435429826,estimated_from_past,2026-09-01
300200515_,3,0.8852271682659553,estimated_from_past,2026-09-01
300200515_,4,1.0907029659388925,estimated_from_past,2026-09-01
300200515_,5,1.1684524910206346,estimated_from_past,2026-09-01
300200515_,6,0.9023764231186149,estimated_from_past,2026-09-01
300200515_,7,1.0611706282450624,estimated_from_past,2026-09-01
300200515_,8,0.9141619849204222,estimated_from_past,2026-09-01
300200515_,9,1.0837440802002816,estimated_from_past,2026-09-01
300200515_,10,1.190422059843073,estimated_from_past,2026-09-01
300200515_,11,0.9099281833583449,estimated_from_past,2026-09-01
300200515_,12,0.9417185167020821,estimated_from_past,2026-09-01
300200516_,1,0.6242895635611321,estimated_from_past,2026-09-01
300200516_,2,0.7501970849809493,estimated_from_past,2026-09-01
300200516_,3,1.1230831110380377,estimated_from_past,2026-09-01
300200516_,4,1.163402730610211,estimated_from_past,2026-09-01
300200516_,5,0.7270590389018808,estimated_from_past,2026-09-01
300200516_,6,0.6514045684572322,estimated_from_past,2026-09-01
300200516_,7,0.841749179855838,estimated_from_past,2026-09-01
300200516_,8,1.0304906200241284,estimated_from_past,2026-09-01
300200516_,9,0.9941845053789611,estimated_from_past,2026-09-01
300200516_,10,1.1273849078477824,estimated_from_past,2026-09-01
300200516_,11,1.0005908660206322,estimated_from_past,2026-09-01
300200516_,12,1.9661638233232168,estimated_from_past,2026-09-01
300200517_,1,1.0,insufficient_history,2026-09-01
300200517_,2,1.0,insufficient_history,2026-09-01
300200517_,3,1.0,insufficient_history,2026-09-01
300200517_,4,1.0,insufficient_history,2026-09-01
300200517_,5,1.0,insufficient_history,2026-09-01
300200517_,6,1.0,insufficient_history,2026-09-01
300200517_,7,1.0,insufficient_history,2026-09-01
300200517_,8,1.0,insufficient_history,2026-09-01
300200517_,9,1.0,insufficient_history,2026-09-01
300200517_,10,1.0,insufficient_history,2026-09-01
300200517_,11,1.0,insufficient_history,2026-09-01
300200517_,12,1.0,insufficient_history,2026-09-01
300200518_,1,1.0,insufficient_history,2026-09-01
300200518_,2,1.0,insufficient_history,2026-09-01
300200518_,3,1.0,insufficient_history,2026-09-01
300200518_,4,1.0,insufficient_history,2026-09-01
300200518_,5,1.0,insufficient_history,2026-09-01
300200518_,6,1.0,insufficient_history,2026-09-01
300200518_,7,1.0,insufficient_history,2026-09-01
300200518_,8,1.0,insufficient_history,2026-09-01
300200518_,9,1.0,insufficient_history,2026-09-01
300200518_,10,1.0,insufficient_history,2026-09-01
300200518_,11,1.0,insufficient_history,2026-09-01
300200518_,12,1.0,insufficient_history,2026-09-01
300200519_,1,0.8770544060025167,estimated_from_past,2026-09-01
300200519_,2,0.8753999066606877,estimated_from_past,2026-09-01
300200519_,3,0.9134433972282098,estimated_from_past,2026-09-01
300200519_,4,0.9244934982784803,estimated_from_past,2026-09-01
300200519_,5,0.8920874299680589,estimated_from_past,2026-09-01
300200519_,6,1.255094435965279,estimated_from_past,2026-09-01
300200519_,7,0.8959935119449949,estimated_from_past,2026-09-01
300200519_,8,1.3258437069146334,estimated_from_past,2026-09-01
300200519_,9,1.0488389754727119,estimated_from_past,2026-09-01
300200519_,10,0.884838073278061,estimated_from_past,2026-09-01
300200519_,11,0.9938401983835695,estimated_from_past,2026-09-01
300200519_,12,1.1130724599027975,estimated_from_past,2026-09-01
300200520_,1,0.6941501557018236,estimated_from_past,2026-09-01
300200520_,2,1.1598614638061209,estimated_from_past,2026-09-01
300200520_,3,0.8023098856961289,estimated_from_past,2026-09-01
300200520_,4,0.6367732662893201,estimated_from_past,2026-09-01
300200520_,5,0.8594889525004878,estimated_from_past,2026-09-01
300200520_,6,0.5215109615123968,estimated_from_past,2026-09-01
300200520_,7,1.101971671630206,estimated_from_past,2026-09-01
300200520_,8,1.0591369157767996,estimated_from_past,2026-09-01
300200520_,9,1.5884075948167455,estimated_from_past,2026-09-01
300200520_,10,1.318675451426035,estimated_from_past,2026-09-01
300200520_,11,0.9093232246228322,estimated_from_past,2026-09-01
300200520_,12,1.3483904562211042,estimated_from_past,2026-09-01
300200521_,1,1.0,insufficient_history,2026-09-01
300200521_,2,1.0,insufficient_history,2026-09-01
300200521_,3,1.0,insufficient_history,2026-09-01
300200521_,4,1.0,insufficient_history,2026-09-01
300200521_,5,1.0,insufficient_history,2026-09-01
300200521_,6,1.0,insufficient_history,2026-09-01
300200521_,7,1.0,insufficient_history,2026-09-01
300200521_,8,1.0,insufficient_history,2026-09-01
300200521_,9,1.0,insufficient_history,2026-09-01
300200521_,10,1.0,insufficient_history,2026-09-01
300200521_,11,1.0,insufficient_history,2026-09-01
300200521_,12,1.0,insufficient_history,2026-09-01
300200522_,1,1.0,insufficient_history,2026-09-01
300200522_,2,1.0,insufficient_history,2026-09-01
300200522_,3,1.0,insufficient_history,2026-09-01
300200522_,4,1.0,insufficient_history,2026-09-01
300200522_,5,1.0,insufficient_history,2026-09-01
300200522_,6,1.0,insufficient_history,2026-09-01
300200522_,7,1.0,insufficient_history,2026-09-01
300200522_,8,1.0,insufficient_history,2026-09-01
300200522_,9,1.0,insufficient_history,2026-09-01
300200522_,10,1.0,insufficient_history,2026-09-01
300200522_,11,1.0,insufficient_history,2026-09-01
300200522_,12,1.0,insufficient_history,2026-09-01
300200523_,1,0.5898765233149942,estimated_from_past,2026-09-01
300200523_,2,0.7626405801687821,estimated_from_past,2026-09-01
300200523_,3,0.9624838509709983,estimated_from_past,2026-09-01
300200523_,4,0.6603827564191839,estimated_from_past,2026-09-01
300200523_,5,0.9286807758379216,estimated_from_past,2026-09-01
300200523_,6,0.8106208245782557,estimated_from_past,2026-09-01
300200523_,7,1.3466223680035374,estimated_from_past,2026-09-01
300200523_,8,1.149257975749545,estimated_from_past,2026-09-01
300200523_,9,1.1748588748804478,estimated_from_past,2026-09-01
300200523_,10,1.467182215391262,estimated_from_past,2026-09-01
300200523_,11,0.8739521352206835,estimated_from_past,2026-09-01
300200523_,12,1.2734411194643869,estimated_from_past,2026-09-01
300200524_,1,1.0,insufficient_history,2026-09-01
300200524_,2,1.0,insufficient_history,2026-09-01
300200524_,3,1.0,insufficient_history,2026-09-01
300200524_,4,1.0,insufficient_history,2026-09-01
300200524_,5,1.0,insufficient_history,2026-09-01
300200524_,6,1.0,insufficient_history,2026-09-01
300200524_,7,1.0,insufficient_history,2026-09-01
300200524_,8,1.0,insufficient_history,2026-09-01
300200524_,9,1.0,insufficient_history,2026-09-01
300200524_,10,1.0,insufficient_history,2026-09-01
300200524_,11,1.0,insufficient_history,2026-09-01
300200524_,12,1.0,insufficient_history,2026-09-01
300200525_,1,1.0,insufficient_history,2026-09-01
300200525_,2,1.0,insufficient_history,2026-09-01
300200525_,3,1.0,insufficient_history,2026-09-01
300200525_,4,1.0,insufficient_history,2026-09-01
300200525_,5,1.0,insufficient_history,2026-09-01
300200525_,6,1.0,insufficient_history,2026-09-01
300200525_,7,1.0,insufficient_history,2026-09-01
300200525_,8,1.0,insufficient_history,2026-09-01
300200525_,9,1.0,insufficient_history,2026-09-01
300200525_,10,1.0,insufficient_history,2026-09-01
300200525_,11,1.0,insufficient_history,2026-09-01
300200525_,12,1.0,insufficient_history,2026-09-01
300200526_,1,0.6625399682580188,estimated_from_past,2026-09-01
300200526_,2,1.019725431326794,estimated_from_past,2026-09-01
300200526_,3,0.9252410125969811,estimated_from_past,2026-09-01
300200526_,4,0.5617249043515323,estimated_from_past,2026-09-01
300200526_,5,1.0598104228901704,estimated_from_past,2026-09-01
300200526_,6,0.7842000791650882,estimated_from_past,2026-09-01
300200526_,7,0.7849253244442627,estimated_from_past,2026-09-01
300200526_,8,0.9473717242911985,estimated_from_past,2026-09-01
300200526_,9,2.0592055583374984,estimated_from_past,2026-09-01
300200526_,10,0.9437319155082529,estimated_from_past,2026-09-01
300200526_,11,1.0353095075574437,estimated_from_past,2026-09-01
300200526_,12,1.2162141512727613,estimated_from_past,2026-09-01
300200527_,1,1.0,insufficient_history,2026-09-01
300200527_,2,1.0,insufficient_history,2026-09-01
300200527_,3,1.0,insufficient_history,2026-09-01
300200527_,4,1.0,insufficient_history,2026-09-01
300200527_,5,1.0,insufficient_history,2026-09-01
300200527_,6,1.0,insufficient_history,2026-09-01
300200527_,7,1.0,insufficient_history,2026-09-01
300200527_,8,1.0,insufficient_history,2026-09-01
300200527_,9,1.0,insufficient_history,2026-09-01
300200527_,10,1.0,insufficient_history,2026-09-01
300200527_,11,1.0,insufficient_history,2026-09-01
300200527_,12,1.0,insufficient_history,2026-09-01
300200528_,1,1.0,insufficient_history,2026-09-01
300200528_,2,1.0,insufficient_history,2026-09-01
300200528_,3,1.0,insufficient_history,2026-09-01
300200528_,4,1.0,insufficient_history,2026-09-01
300200528_,5,1.0,insufficient_history,2026-09-01
300200528_,6,1.0,insufficient_history,2026-09-01
300200528_,7,1.0,insufficient_history,2026-09-01
300200528_,8,1.0,insufficient_history,2026-09-01
300200528_,9,1.0,insufficient_history,2026-09-01
300200528_,10,1.0,insufficient_history,2026-09-01
300200528_,11,1.0,insufficient_history,2026-09-01
300200528_,12,1.0,insufficient_history,2026-09-01
300200529_,1,1.0,insufficient_history,2026-09-01
300200529_,2,1.0,insufficient_history,2026-09-01
300200529_,3,1.0,insufficient_history,2026-09-01
300200529_,4,1.0,insufficient_history,2026-09-01
300200529_,5,1.0,insufficient_history,2026-09-01
300200529_,6,1.0,insufficient_history,2026-09-01
300200529_,7,1.0,insufficient_history,2026-09-01
300200529_,8,1.0,insufficient_history,2026-09-01
300200529_,9,1.0,insufficient_history,2026-09-01
300200529_,10,1.0,insufficient_history,2026-09-01
300200529_,11,1.0,insufficient_history,2026-09-01
300200529_,12,1.0,insufficient_history,2026-09-01
300200530_,1,1.0,insufficient_history,2026-09-01
300200530_,2,1.0,insufficient_history,2026-09-01
300200530_,3,1.0,insufficient_history,2026-09-01
300200530_,4,1.0,insufficient_history,2026-09-01
300200530_,5,1.0,insufficient_history,2026-09-01
300200530_,6,1.0,insufficient_history,2026-09-01
300200530_,7,1.0,insufficient_history,2026-09-01
300200530_,8,1.0,insufficient_history,2026-09-01
300200530_,9,1.0,insufficient_history,2026-09-01
300200530_,10,1.0,insufficient_history,2026-09-01
300200530_,11,1.0,insufficient_history,2026-09-01
300200530_,12,1.0,insufficient_history,2026-09-01
300200531_,1,1.0,insufficient_history,2026-09-01
300200531_,2,1.0,insufficient_history,2026-09-01
300200531_,3,1.0,insufficient_history,2026-09-01
300200531_,4,1.0,insufficient_history,2026-09-01
300200531_,5,1.0,insufficient_history,2026-09-01
300200531_,6,1.0,insufficient_history,2026-09-01
300200531_,7,1.0,insufficient_history,2026-09-01
300200531_,8,1.0,insufficient_history,2026-09-01
300200531_,9,1.0,insufficient_history,2026-09-01
300200531_,10,1.0,insufficient_history,2026-09-01
300200531_,11,1.0,insufficient_history,2026-09-01
300200531_,12,1.0,insufficient_history,2026-09-01
300200532_,1,1.0,insufficient_history,2026-09-01
300200532_,2,1.0,insufficient_history,2026-09-01
300200532_,3,1.0,insufficient_history,2026-09-01
300200532_,4,1.0,insufficient_history,2026-09-01
300200532_,5,1.0,insufficient_history,2026-09-01
300200532_,6,1.0,insufficient_history,2026-09-01
300200532_,7,1.0,insufficient_history,2026-09-01
300200532_,8,1.0,insufficient_history,2026-09-01
300200532_,9,1.0,insufficient_history,2026-09-01
300200532_,10,1.0,insufficient_history,2026-09-01
300200532_,11,1.0,insufficient_history,2026-09-01
300200532_,12,1.0,insufficient_history,2026-09-01
300200533_,1,1.0,insufficient_history,2026-09-01
300200533_,2,1.0,insufficient_history,2026-09-01
300200533_,3,1.0,insufficient_history,2026-09-01
300200533_,4,1.0,insufficient_history,2026-09-01
300200533_,5,1.0,insufficient_history,2026-09-01
300200533_,6,1.0,insufficient_history,2026-09-01
300200533_,7,1.0,insufficient_history,2026-09-01
300200533_,8,1.0,insufficient_history,2026-09-01
300200533_,9,1.0,insufficient_history,2026-09-01
300200533_,10,1.0,insufficient_history,2026-09-01
300200533_,11,1.0,insufficient_history,2026-09-01
300200533_,12,1.0,insufficient_history,2026-09-01
300200534_,1,1.0,insufficient_history,2026-09-01
300200534_,2,1.0,insufficient_history,2026-09-01
300200534_,3,1.0,insufficient_history,2026-09-01
300200534_,4,1.0,insufficient_history,2026-09-01
300200534_,5,1.0,insufficient_history,2026-09-01
300200534_,6,1.0,insufficient_history,2026-09-01
300200534_,7,1.0,insufficient_history,2026-09-01
300200534_,8,1.0,insufficient_history,2026-09-01
300200534_,9,1.0,insufficient_history,2026-09-01
300200534_,10,1.0,insufficient_history,2026-09-01
300200534_,11,1.0,insufficient_history,2026-09-01
300200534_,12,1.0,insufficient_history,2026-09-01
300200535_,1,1.0,insufficient_history,2026-09-01
300200535_,2,1.0,insufficient_history,2026-09-01
300200535_,3,1.0,insufficient_history,2026-09-01
300200535_,4,1.0,insufficient_history,2026-09-01
300200535_,5,1.0,insufficient_history,2026-09-01
300200535_,6,1.0,insufficient_history,2026-09-01
300200535_,7,1.0,insufficient_history,2026-09-01
300200535_,8,1.0,insufficient_history,2026-09-01
300200535_,9,1.0,insufficient_history,2026-09-01
300200535_,10,1.0,insufficient_history,2026-09-01
300200535_,11,1.0,insufficient_history,2026-09-01
300200535_,12,1.0,insufficient_history,2026-09-01
300200536_,1,0.6142100741231552,estimated_from_past,2026-09-01
300200536_,2,0.929417240524387,estimated_from_past,2026-09-01
300200536_,3,0.7233543774197064,estimated_from_past,2026-09-01
300200536_,4,1.005306623846063,estimated_from_past,2026-09-01
300200536_,5,0.9658473379538653,estimated_from_past,2026-09-01
300200536_,6,0.8662514449481802,estimated_from_past,2026-09-01
300200536_,7,1.197802982121317,estimated_from_past,2026-09-01
300200536_,8,0.8058822320792962,estimated_from_past,2026-09-01
300200536_,9,1.329471917551953,estimated_from_past,2026-09-01
300200536_,10,1.1690799097406848,estimated_from_past,2026-09-01
300200536_,11,0.928691346258017,estimated_from_past,2026-09-01
300200536_,12,1.4646845134333757,estimated_from_past,2026-09-01
300200537_,1,0.6766687251104773,estimated_from_past,2026-09-01
300200537_,2,0.900828873637852,estimated_from_past,2026-09-01
300200537_,3,0.8854996908485319,estimated_from_past,2026-09-01
300200537_,4,0.5699649366143563,estimated_from_past,2026-09-01
300200537_,5,0.8773375996745271,estimated_from_past,2026-09-01
300200537_,6,0.9569787912886109,estimated_from_past,2026-09-01
300200537_,7,1.4782701336929025,estimated_from_past,2026-09-01
300200537_,8,1.0022915695544778,estimated_from_past,2026-09-01
300200537_,9,1.0996261905810594,estimated_from_past,2026-09-01
300200537_,10,1.2723510752618044,estimated_from_past,2026-09-01
300200537_,11,1.089560377841609,estimated_from_past,2026-09-01
300200537_,12,1.190622035893791,estimated_from_past,2026-09-01
300200538_,1,0.4676476757819039,estimated_from_past,2026-09-01
300200538_,2,0.8334271128678297,estimated_from_past,2026-09-01
300200538_,3,0.7202085259520145,estimated_from_past,2026-09-01
300200538_,4,0.6500626778865528,estimated_from_past,2026-09-01
300200538_,5,1.0009805321631344,estimated_from_past,2026-09-01
300200538_,6,0.796373308919047,estimated_from_past,2026-09-01
300200538_,7,1.346533066526072,estimated_from_past,2026-09-01
300200538_,8,1.3335640564572444,estimated_from_past,2026-09-01
300200538_,9,1.1973156359932073,estimated_from_past,2026-09-01
300200538_,10,1.1885571050878692,estimated_from_past,2026-09-01
300200538_,11,1.2150915950445758,estimated_from_past,2026-09-01
300200538_,12,1.2502387073205483,estimated_from_past,2026-09-01
300200539_,1,1.057469976336851,estimated_from_past,2026-09-01
300200539_,2,1.1144549730512892,estimated_from_past,2026-09-01
300200539_,3,0.9055992915959638,estimated_from_past,2026-09-01
300200539_,4,0.8062720247020485,estimated_from_past,2026-09-01
300200539_,5,1.0428067791822966,estimated_from_past,2026-09-01
300200539_,6,1.0712461460996177,estimated_from_past,2026-09-01
300200539_,7,0.6621700554070948,estimated_from_past,2026-09-01
300200539_,8,0.779203631001671,estimated_from_past,2026-09-01
300200539_,9,1.570391037491039,estimated_from_past,2026-09-01
300200539_,10,1.2400847772520003,estimated_from_past,2026-09-01
300200539_,11,1.077009282902433,estimated_from_past,2026-09-01
300200539_,12,0.6732920249776944,estimated_from_past,2026-09-01
300200540_,1,1.0,insufficient_history,2026-09-01
300200540_,2,1.0,insufficient_history,2026-09-01
300200540_,3,1.0,insufficient_history,2026-09-01
300200540_,4,1.0,insufficient_history,2026-09-01
300200540_,5,1.0,insufficient_history,2026-09-01
300200540_,6,1.0,insufficient_history,2026-09-01
300200540_,7,1.0,insufficient_history,2026-09-01
300200540_,8,1.0,insufficient_history,2026-09-01
300200540_,9,1.0,insufficient_history,2026-09-01
300200540_,10,1.0,insufficient_history,2026-09-01
300200540_,11,1.0,insufficient_history,2026-09-01
300200540_,12,1.0,insufficient_history,2026-09-01
300200541_,1,1.0,insufficient_history,2026-09-01
300200541_,2,1.0,insufficient_history,2026-09-01
300200541_,3,1.0,insufficient_history,2026-09-01
300200541_,4,1.0,insufficient_history,2026-09-01
300200541_,5,1.0,insufficient_history,2026-09-01
300200541_,6,1.0,insufficient_history,2026-09-01
300200541_,7,1.0,insufficient_history,2026-09-01
300200541_,8,1.0,insufficient_history,2026-09-01
300200541_,9,1.0,insufficient_history,2026-09-01
300200541_,10,1.0,insufficient_history,2026-09-01
300200541_,11,1.0,insufficient_history,2026-09-01
300200541_,12,1.0,insufficient_history,2026-09-01
300200542_,1,0.7748219838532916,estimated_from_past,2026-09-01
300200542_,2,0.834001901405034,estimated_from_past,2026-09-01
300200542_,3,0.8088335193940351,estimated_from_past,2026-09-01
300200542_,4,1.323524029539676,estimated_from_past,2026-09-01
300200542_,5,0.8898560882499446,estimated_from_past,2026-09-01
300200542_,6,0.9058226674527804,estimated_from_past,2026-09-01
300200542_,7,0.945688571677004,estimated_from_past,2026-09-01
300200542_,8,1.3158323132132848,estimated_from_past,2026-09-01
300200542_,9,1.0323026506716835,estimated_from_past,2026-09-01
300200542_,10,1.0817558140799781,estimated_from_past,2026-09-01
300200542_,11,0.9648562598420687,estimated_from_past,2026-09-01
300200542_,12,1.1227042006212222,estimated_from_past,2026-09-01
300200543_,1,0.4983982314365217,estimated_from_past,2026-09-01
300200543_,2,0.7822040331056638,estimated_from_past,2026-09-01
300200543_,3,0.9101424397712978,estimated_from_past,2026-09-01
300200543_,4,1.033908134755807,estimated_from_past,2026-09-01
300200543_,5,0.9864600287762321,estimated_from_past,2026-09-01
300200543_,6,1.3586355435261592,estimated_from_past,2026-09-01
300200543_,7,0.8902514813575068,estimated_from_past,2026-09-01
300200543_,8,1.4150553506408232,estimated_from_past,2026-09-01
300200543_,9,1.0290440728515367,estimated_from_past,2026-09-01
300200543_,10,1.3335524787710056,estimated_from_past,2026-09-01
300200543_,11,0.7455650139060258,estimated_from_past,2026-09-01
300200543_,12,1.0167831911014191,estimated_from_past,2026-09-01
300200544_,1,1.0,insufficient_history,2026-09-01
300200544_,2,1.0,insufficient_history,2026-09-01
300200544_,3,1.0,insufficient_history,2026-09-01
300200544_,4,1.0,insufficient_history,2026-09-01
300200544_,5,1.0,insufficient_history,2026-09-01
300200544_,6,1.0,insufficient_history,2026-09-01
300200544_,7,1.0,insufficient_history,2026-09-01
300200544_,8,1.0,insufficient_history,2026-09-01
300200544_,9,1.0,insufficient_history,2026-09-01
300200544_,10,1.0,insufficient_history,2026-09-01
300200544_,11,1.0,insufficient_history,2026-09-01
300200544_,12,1.0,insufficient_history,2026-09-01
300200545_,1,0.5286378724211269,estimated_from_past,2026-09-01
300200545_,2,0.8809530273388143,estimated_from_past,2026-09-01
300200545_,3,0.9165792848378154,estimated_from_past,2026-09-01
300200545_,4,1.119865483917811,estimated_from_past,2026-09-01
300200545_,5,1.1871793175887964,estimated_from_past,2026-09-01
300200545_,6,1.6408264094289011,estimated_from_past,2026-09-01
300200545_,7,1.4698817813583682,estimated_from_past,2026-09-01
300200545_,8,1.0509323768398682,estimated_from_past,2026-09-01
300200545_,9,0.8196649938505061,estimated_from_past,2026-09-01
300200545_,10,0.7926034054719162,estimated_from_past,2026-09-01
300200545_,11,0.7105329161899899,estimated_from_past,2026-09-01
300200545_,12,0.8823431307560853,estimated_from_past,2026-09-01
300200546_,1,1.0,insufficient_history,2026-09-01
300200546_,2,1.0,insufficient_history,2026-09-01
300200546_,3,1.0,insufficient_history,2026-09-01
300200546_,4,1.0,insufficient_history,2026-09-01
300200546_,5,1.0,insufficient_history,2026-09-01
300200546_,6,1.0,insufficient_history,2026-09-01
300200546_,7,1.0,insufficient_history,2026-09-01
300200546_,8,1.0,insufficient_history,2026-09-01
300200546_,9,1.0,insufficient_history,2026-09-01
300200546_,10,1.0,insufficient_history,2026-09-01
300200546_,11,1.0,insufficient_history,2026-09-01
300200546_,12,1.0,insufficient_history,2026-09-01
300200547_,1,0.8564523461662401,estimated_from_past,2026-09-01
300200547_,2,0.8545401746127572,estimated_from_past,2026-09-01
300200547_,3,0.9031246508135459,estimated_from_past,2026-09-01
300200547_,4,0.5019980087359789,estimated_from_past,2026-09-01
300200547_,5,1.0898352953220034,estimated_from_past,2026-09-01
300200547_,6,0.8716869408316521,estimated_from_past,2026-09-01
300200547_,7,1.0002053001928195,estimated_from_past,2026-09-01
300200547_,8,1.2659357265702886,estimated_from_past,2026-09-01
300200547_,9,1.3294982795340158,estimated_from_past,2026-09-01
300200547_,10,1.0565116026981896,estimated_from_past,2026-09-01
300200547_,11,1.220019764248688,estimated_from_past,2026-09-01
300200547_,12,1.0501919102738209,estimated_from_past,2026-09-01
300200548_,1,0.6300842678096213,estimated_from_past,2026-09-01
300200548_,2,0.6797669844976059,estimated_from_past,2026-09-01
300200548_,3,0.980106195679538,estimated_from_past,2026-09-01
300200548_,4,1.4358832134591548,estimated_from_past,2026-09-01
300200548_,5,1.061212364390939,estimated_from_past,2026-09-01
300200548_,6,0.9727728039670042,estimated_from_past,2026-09-01
300200548_,7,0.9477655838881649,estimated_from_past,2026-09-01
300200548_,8,1.071259747886707,estimated_from_past,2026-09-01
300200548_,9,0.9906609547605865,estimated_from_past,2026-09-01
300200548_,10,0.8728591416504846,estimated_from_past,2026-09-01
300200548_,11,0.995046495297918,estimated_from_past,2026-09-01
300200548_,12,1.3625822467122768,estimated_from_past,2026-09-01
300200549_,1,0.6504687188425242,estimated_from_past,2026-09-01
300200549_,2,0.6873532239606884,estimated_from_past,2026-09-01
300200549_,3,0.8041518537149651,estimated_from_past,2026-09-01
300200549_,4,1.5552236512435649,estimated_from_past,2026-09-01
300200549_,5,0.9007008707341864,estimated_from_past,2026-09-01
300200549_,6,0.9556563866243172,estimated_from_past,2026-09-01
300200549_,7,0.9692585568805353,estimated_from_past,2026-09-01
300200549_,8,1.1208402315944246,estimated_from_past,2026-09-01
300200549_,9,0.9322616498318407,estimated_from_past,2026-09-01
300200549_,10,1.4369287621451834,estimated_from_past,2026-09-01
300200549_,11,0.9508004984482762,estimated_from_past,2026-09-01
300200549_,12,1.0363555959794943,estimated_from_past,2026-09-01
300200550_,1,1.0,insufficient_history,2026-09-01
300200550_,2,1.0,insufficient_history,2026-09-01
300200550_,3,1.0,insufficient_history,2026-09-01
300200550_,4,1.0,insufficient_history,2026-09-01
300200550_,5,1.0,insufficient_history,2026-09-01
300200550_,6,1.0,insufficient_history,2026-09-01
300200550_,7,1.0,insufficient_history,2026-09-01
300200550_,8,1.0,insufficient_history,2026-09-01
300200550_,9,1.0,insufficient_history,2026-09-01
300200550_,10,1.0,insufficient_history,2026-09-01
300200550_,11,1.0,insufficient_history,2026-09-01
300200550_,12,1.0,insufficient_history,2026-09-01
300200551_,1,1.0,insufficient_history,2026-09-01
300200551_,2,1.0,insufficient_history,2026-09-01
300200551_,3,1.0,insufficient_history,2026-09-01
300200551_,4,1.0,insufficient_history,2026-09-01
300200551_,5,1.0,insufficient_history,2026-09-01
300200551_,6,1.0,insufficient_history,2026-09-01
300200551_,7,1.0,insufficient_history,2026-09-01
300200551_,8,1.0,insufficient_history,2026-09-01
300200551_,9,1.0,insufficient_history,2026-09-01
300200551_,10,1.0,insufficient_history,2026-09-01
300200551_,11,1.0,insufficient_history,2026-09-01
300200551_,12,1.0,insufficient_history,2026-09-01
300200552_,1,1.0,insufficient_history,2026-09-01
300200552_,2,1.0,insufficient_history,2026-09-01
300200552_,3,1.0,insufficient_history,2026-09-01
300200552_,4,1.0,insufficient_history,2026-09-01
300200552_,5,1.0,insufficient_history,2026-09-01
300200552_,6,1.0,insufficient_history,2026-09-01
300200552_,7,1.0,insufficient_history,2026-09-01
300200552_,8,1.0,insufficient_history,2026-09-01
300200552_,9,1.0,insufficient_history,2026-09-01
300200552_,10,1.0,insufficient_history,2026-09-01
300200552_,11,1.0,insufficient_history,2026-09-01
300200552_,12,1.0,insufficient_history,2026-09-01
300200553_,1,0.5222403991121296,estimated_from_past,2026-09-01
300200553_,2,0.9123488242444034,estimated_from_past,2026-09-01
300200553_,3,1.0653939420005705,estimated_from_past,2026-09-01
300200553_,4,0.8076574723779175,estimated_from_past,2026-09-01
300200553_,5,1.552384296489121,estimated_from_past,2026-09-01
300200553_,6,0.7697846921204793,estimated_from_past,2026-09-01
300200553_,7,0.6385352234231598,estimated_from_past,2026-09-01
300200553_,8,1.4819833486585312,estimated_from_past,2026-09-01
300200553_,9,1.0436553457039666,estimated_from_past,2026-09-01
300200553_,10,1.2828592213430177,estimated_from_past,2026-09-01
300200553_,11,0.768233761482886,estimated_from_past,2026-09-01
300200553_,12,1.1549234730438143,estimated_from_past,2026-09-01
300200554_,1,1.0,insufficient_history,2026-09-01
300200554_,2,1.0,insufficient_history,2026-09-01
300200554_,3,1.0,insufficient_history,2026-09-01
300200554_,4,1.0,insufficient_history,2026-09-01
300200554_,5,1.0,insufficient_history,2026-09-01
300200554_,6,1.0,insufficient_history,2026-09-01
300200554_,7,1.0,insufficient_history,2026-09-01
300200554_,8,1.0,insufficient_history,2026-09-01
300200554_,9,1.0,insufficient_history,2026-09-01
300200554_,10,1.0,insufficient_history,2026-09-01
300200554_,11,1.0,insufficient_history,2026-09-01
300200554_,12,1.0,insufficient_history,2026-09-01
300200555_,1,1.0,insufficient_history,2026-09-01
300200555_,2,1.0,insufficient_history,2026-09-01
300200555_,3,1.0,insufficient_history,2026-09-01
300200555_,4,1.0,insufficient_history,2026-09-01
300200555_,5,1.0,insufficient_history,2026-09-01
300200555_,6,1.0,insufficient_history,2026-09-01
300200555_,7,1.0,insufficient_history,2026-09-01
300200555_,8,1.0,insufficient_history,2026-09-01
300200555_,9,1.0,insufficient_history,2026-09-01
300200555_,10,1.0,insufficient_history,2026-09-01
300200555_,11,1.0,insufficient_history,2026-09-01
300200555_,12,1.0,insufficient_history,2026-09-01
300200556_,1,0.5738981520742932,estimated_from_past,2026-09-01
300200556_,2,0.8580147960424813,estimated_from_past,2026-09-01
300200556_,3,0.6853394017225476,estimated_from_past,2026-09-01
300200556_,4,0.9585730317329467,estimated_from_past,2026-09-01
300200556_,5,0.9912636641473375,estimated_from_past,2026-09-01
300200556_,6,0.9476702202046118,estimated_from_past,2026-09-01
300200556_,7,1.007264976618484,estimated_from_past,2026-09-01
300200556_,8,2.1943231130285836,estimated_from_past,2026-09-01
300200556_,9,0.9437976068784854,estimated_from_past,2026-09-01
300200556_,10,1.0151231673657597,estimated_from_past,2026-09-01
300200556_,11,0.8986929768221688,estimated_from_past,2026-09-01
300200556_,12,0.9260388933623007,estimated_from_past,2026-09-01
300200557_,1,1.0,insufficient_history,2026-09-01
300200557_,2,1.0,insufficient_history,2026-09-01
300200557_,3,1.0,insufficient_history,2026-09-01
300200557_,4,1.0,insufficient_history,2026-09-01
300200557_,5,1.0,insufficient_history,2026-09-01
300200557_,6,1.0,insufficient_history,2026-09-01
300200557_,7,1.0,insufficient_history,2026-09-01
300200557_,8,1.0,insufficient_history,2026-09-01
300200557_,9,1.0,insufficient_history,2026-09-01
300200557_,10,1.0,insufficient_history,2026-09-01
300200557_,11,1.0,insufficient_history,2026-09-01
300200557_,12,1.0,insufficient_history,2026-09-01
300200558_,1,0.6549308689017629,estimated_from_past,2026-09-01
300200558_,2,0.6566648614032896,estimated_from_past,2026-09-01
300200558_,3,0.6898992564148222,estimated_from_past,2026-09-01
300200558_,4,1.041230961683874,estimated_from_past,2026-09-01
300200558_,5,1.0509146070219721,estimated_from_past,2026-09-01
300200558_,6,1.1571956978561349,estimated_from_past,2026-09-01
300200558_,7,1.3190303600539839,estimated_from_past,2026-09-01
300200558_,8,1.2140707097079166,estimated_from_past,2026-09-01
300200558_,9,1.0201442877503488,estimated_from_past,2026-09-01
300200558_,10,1.0666778528052014,estimated_from_past,2026-09-01
300200558_,11,0.9941245679490694,estimated_from_past,2026-09-01
300200558_,12,1.1351159684516245,estimated_from_past,2026-09-01
300200559_,1,0.6173515737020632,estimated_from_past,2026-09-01
300200559_,2,0.7209665536280844,estimated_from_past,2026-09-01
300200559_,3,0.786011635818876,estimated_from_past,2026-09-01
300200559_,4,1.2373828741226574,estimated_from_past,2026-09-01
300200559_,5,0.9113257936455833,estimated_from_past,2026-09-01
300200559_,6,1.0157705202059872,estimated_from_past,2026-09-01
300200559_,7,0.8824670546644887,estimated_from_past,2026-09-01
300200559_,8,1.3557995251764152,estimated_from_past,2026-09-01
300200559_,9,1.1362833534243955,estimated_from_past,2026-09-01
300200559_,10,1.0447627565066073,estimated_from_past,2026-09-01
300200559_,11,1.0739753749359782,estimated_from_past,2026-09-01
300200559_,12,1.2179029841688642,estimated_from_past,2026-09-01
300200560_,1,0.6166151993589554,estimated_from_past,2026-09-01
300200560_,2,0.7134348919954856,estimated_from_past,2026-09-01
300200560_,3,0.7292002121503051,estimated_from_past,2026-09-01
300200560_,4,1.3897150933722575,estimated_from_past,2026-09-01
300200560_,5,0.8010971985963729,estimated_from_past,2026-09-01
300200560_,6,0.9244792741155052,estimated_from_past,2026-09-01
300200560_,7,0.9823143605583766,estimated_from_past,2026-09-01
300200560_,8,1.4264504858450489,estimated_from_past,2026-09-01
300200560_,9,1.196227407596298,estimated_from_past,2026-09-01
300200560_,10,0.9905503941961188,estimated_from_past,2026-09-01
300200560_,11,1.0321130751775858,estimated_from_past,2026-09-01
300200560_,12,1.1978024070376918,estimated_from_past,2026-09-01
300200561_,1,0.49578055653114383,estimated_from_past,2026-09-01
300200561_,2,0.829356462955808,estimated_from_past,2026-09-01
300200561_,3,1.013264946805179,estimated_from_past,2026-09-01
300200561_,4,1.0911488484232008,estimated_from_past,2026-09-01
300200561_,5,0.9986862056844071,estimated_from_past,2026-09-01
300200561_,6,1.0272778902306443,estimated_from_past,2026-09-01
300200561_,7,0.9936058322207789,estimated_from_past,2026-09-01
300200561_,8,1.1382026344718457,estimated_from_past,2026-09-01
300200561_,9,1.3125382233235392,estimated_from_past,2026-09-01
300200561_,10,0.9304456964626365,estimated_from_past,2026-09-01
300200561_,11,1.072642884430365,estimated_from_past,2026-09-01
300200561_,12,1.0970498184604522,estimated_from_past,2026-09-01
300200562_,1,1.0,insufficient_history,2026-09-01
300200562_,2,1.0,insufficient_history,2026-09-01
300200562_,3,1.0,insufficient_history,2026-09-01
300200562_,4,1.0,insufficient_history,2026-09-01
300200562_,5,1.0,insufficient_history,2026-09-01
300200562_,6,1.0,insufficient_history,2026-09-01
300200562_,7,1.0,insufficient_history,2026-09-01
300200562_,8,1.0,insufficient_history,2026-09-01
300200562_,9,1.0,insufficient_history,2026-09-01
300200562_,10,1.0,insufficient_history,2026-09-01
300200562_,11,1.0,insufficient_history,2026-09-01
300200562_,12,1.0,insufficient_history,2026-09-01
300200563_,1,0.7591734672652033,estimated_from_past,2026-09-01
300200563_,2,0.7845750780346701,estimated_from_past,2026-09-01
300200563_,3,0.9891713749098091,estimated_from_past,2026-09-01
300200563_,4,1.2019132895244573,estimated_from_past,2026-09-01
300200563_,5,1.2683240414152124,estimated_from_past,2026-09-01
300200563_,6,1.1257292752178356,estimated_from_past,2026-09-01
300200563_,7,0.898072774540123,estimated_from_past,2026-09-01
300200563_,8,1.411209802261076,estimated_from_past,2026-09-01
300200563_,9,0.9672917059496012,estimated_from_past,2026-09-01
300200563_,10,0.852830123850789,estimated_from_past,2026-09-01
300200563_,11,0.949458183732948,estimated_from_past,2026-09-01
300200563_,12,0.792250883298273,estimated_from_past,2026-09-01
300200564_,1,0.8236415386794034,estimated_from_past,2026-09-01
300200564_,2,1.053663713095833,estimated_from_past,2026-09-01
300200564_,3,0.8703112363435479,estimated_from_past,2026-09-01
300200564_,4,0.6015701993027283,estimated_from_past,2026-09-01
300200564_,5,1.1968317651151172,estimated_from_past,2026-09-01
300200564_,6,0.9535014107704691,estimated_from_past,2026-09-01
300200564_,7,1.1641698215555254,estimated_from_past,2026-09-01
300200564_,8,0.9695202096095248,estimated_from_past,2026-09-01
300200564_,9,1.0862534637450079,estimated_from_past,2026-09-01
300200564_,10,0.9795635351035287,estimated_from_past,2026-09-01
300200564_,11,1.1609841902760945,estimated_from_past,2026-09-01
300200564_,12,1.139988916403219,estimated_from_past,2026-09-01
300200565_,1,1.0,insufficient_history,2026-09-01
300200565_,2,1.0,insufficient_history,2026-09-01
300200565_,3,1.0,insufficient_history,2026-09-01
300200565_,4,1.0,insufficient_history,2026-09-01
300200565_,5,1.0,insufficient_history,2026-09-01
300200565_,6,1.0,insufficient_history,2026-09-01
300200565_,7,1.0,insufficient_history,2026-09-01
300200565_,8,1.0,insufficient_history,2026-09-01
300200565_,9,1.0,insufficient_history,2026-09-01
300200565_,10,1.0,insufficient_history,2026-09-01
300200565_,11,1.0,insufficient_history,2026-09-01
300200565_,12,1.0,insufficient_history,2026-09-01
300200566_,1,1.0,insufficient_history,2026-09-01
300200566_,2,1.0,insufficient_history,2026-09-01
300200566_,3,1.0,insufficient_history,2026-09-01
300200566_,4,1.0,insufficient_history,2026-09-01
300200566_,5,1.0,insufficient_history,2026-09-01
300200566_,6,1.0,insufficient_history,2026-09-01
300200566_,7,1.0,insufficient_history,2026-09-01
300200566_,8,1.0,insufficient_history,2026-09-01
300200566_,9,1.0,insufficient_history,2026-09-01
300200566_,10,1.0,insufficient_history,2026-09-01
300200566_,11,1.0,insufficient_history,2026-09-01
300200566_,12,1.0,insufficient_history,2026-09-01
300200567_,1,1.0,insufficient_history,2026-09-01
300200567_,2,1.0,insufficient_history,2026-09-01
300200567_,3,1.0,insufficient_history,2026-09-01
300200567_,4,1.0,insufficient_history,2026-09-01
300200567_,5,1.0,insufficient_history,2026-09-01
300200567_,6,1.0,insufficient_history,2026-09-01
300200567_,7,1.0,insufficient_history,2026-09-01
300200567_,8,1.0,insufficient_history,2026-09-01
300200567_,9,1.0,insufficient_history,2026-09-01
300200567_,10,1.0,insufficient_history,2026-09-01
300200567_,11,1.0,insufficient_history,2026-09-01
300200567_,12,1.0,insufficient_history,2026-09-01
300200568_,1,1.0,insufficient_history,2026-09-01
300200568_,2,1.0,insufficient_history,2026-09-01
300200568_,3,1.0,insufficient_history,2026-09-01
300200568_,4,1.0,insufficient_history,2026-09-01
300200568_,5,1.0,insufficient_history,2026-09-01
300200568_,6,1.0,insufficient_history,2026-09-01
300200568_,7,1.0,insufficient_history,2026-09-01
300200568_,8,1.0,insufficient_history,2026-09-01
300200568_,9,1.0,insufficient_history,2026-09-01
300200568_,10,1.0,insufficient_history,2026-09-01
300200568_,11,1.0,insufficient_history,2026-09-01
300200568_,12,1.0,insufficient_history,2026-09-01
300200569_,1,1.0,insufficient_history,2026-09-01
300200569_,2,1.0,insufficient_history,2026-09-01
300200569_,3,1.0,insufficient_history,2026-09-01
300200569_,4,1.0,insufficient_history,2026-09-01
300200569_,5,1.0,insufficient_history,2026-09-01
300200569_,6,1.0,insufficient_history,2026-09-01
300200569_,7,1.0,insufficient_history,2026-09-01
300200569_,8,1.0,insufficient_history,2026-09-01
300200569_,9,1.0,insufficient_history,2026-09-01
300200569_,10,1.0,insufficient_history,2026-09-01
300200569_,11,1.0,insufficient_history,2026-09-01
300200569_,12,1.0,insufficient_history,2026-09-01
300200570_,1,1.0,insufficient_history,2026-09-01
300200570_,2,1.0,insufficient_history,2026-09-01
300200570_,3,1.0,insufficient_history,2026-09-01
300200570_,4,1.0,insufficient_history,2026-09-01
300200570_,5,1.0,insufficient_history,2026-09-01
300200570_,6,1.0,insufficient_history,2026-09-01
300200570_,7,1.0,insufficient_history,2026-09-01
300200570_,8,1.0,insufficient_history,2026-09-01
300200570_,9,1.0,insufficient_history,2026-09-01
300200570_,10,1.0,insufficient_history,2026-09-01
300200570_,11,1.0,insufficient_history,2026-09-01
300200570_,12,1.0,insufficient_history,2026-09-01
300200571_,1,1.0,insufficient_history,2026-09-01
300200571_,2,1.0,insufficient_history,2026-09-01
300200571_,3,1.0,insufficient_history,2026-09-01
300200571_,4,1.0,insufficient_history,2026-09-01
300200571_,5,1.0,insufficient_history,2026-09-01
300200571_,6,1.0,insufficient_history,2026-09-01
300200571_,7,1.0,insufficient_history,2026-09-01
300200571_,8,1.0,insufficient_history,2026-09-01
300200571_,9,1.0,insufficient_history,2026-09-01
300200571_,10,1.0,insufficient_history,2026-09-01
300200571_,11,1.0,insufficient_history,2026-09-01
300200571_,12,1.0,insufficient_history,2026-09-01
300200572_,1,1.0,insufficient_history,2026-09-01
300200572_,2,1.0,insufficient_history,2026-09-01
300200572_,3,1.0,insufficient_history,2026-09-01
300200572_,4,1.0,insufficient_history,2026-09-01
300200572_,5,1.0,insufficient_history,2026-09-01
300200572_,6,1.0,insufficient_history,2026-09-01
300200572_,7,1.0,insufficient_history,2026-09-01
300200572_,8,1.0,insufficient_history,2026-09-01
300200572_,9,1.0,insufficient_history,2026-09-01
300200572_,10,1.0,insufficient_history,2026-09-01
300200572_,11,1.0,insufficient_history,2026-09-01
300200572_,12,1.0,insufficient_history,2026-09-01
300200573_,1,1.0,insufficient_history,2026-09-01
300200573_,2,1.0,insufficient_history,2026-09-01
300200573_,3,1.0,insufficient_history,2026-09-01
300200573_,4,1.0,insufficient_history,2026-09-01
300200573_,5,1.0,insufficient_history,2026-09-01
300200573_,6,1.0,insufficient_history,2026-09-01
300200573_,7,1.0,insufficient_history,2026-09-01
300200573_,8,1.0,insufficient_history,2026-09-01
300200573_,9,1.0,insufficient_history,2026-09-01
300200573_,10,1.0,insufficient_history,2026-09-01
300200573_,11,1.0,insufficient_history,2026-09-01
300200573_,12,1.0,insufficient_history,2026-09-01
300200574_,1,1.0,insufficient_history,2026-09-01
300200574_,2,1.0,insufficient_history,2026-09-01
300200574_,3,1.0,insufficient_history,2026-09-01
300200574_,4,1.0,insufficient_history,2026-09-01
300200574_,5,1.0,insufficient_history,2026-09-01
300200574_,6,1.0,insufficient_history,2026-09-01
300200574_,7,1.0,insufficient_history,2026-09-01
300200574_,8,1.0,insufficient_history,2026-09-01
300200574_,9,1.0,insufficient_history,2026-09-01
300200574_,10,1.0,insufficient_history,2026-09-01
300200574_,11,1.0,insufficient_history,2026-09-01
300200574_,12,1.0,insufficient_history,2026-09-01
300200575_,1,1.0,insufficient_history,2026-09-01
300200575_,2,1.0,insufficient_history,2026-09-01
300200575_,3,1.0,insufficient_history,2026-09-01
300200575_,4,1.0,insufficient_history,2026-09-01
300200575_,5,1.0,insufficient_history,2026-09-01
300200575_,6,1.0,insufficient_history,2026-09-01
300200575_,7,1.0,insufficient_history,2026-09-01
300200575_,8,1.0,insufficient_history,2026-09-01
300200575_,9,1.0,insufficient_history,2026-09-01
300200575_,10,1.0,insufficient_history,2026-09-01
300200575_,11,1.0,insufficient_history,2026-09-01
300200575_,12,1.0,insufficient_history,2026-09-01
300200576_,1,1.0,insufficient_history,2026-09-01
300200576_,2,1.0,insufficient_history,2026-09-01
300200576_,3,1.0,insufficient_history,2026-09-01
300200576_,4,1.0,insufficient_history,2026-09-01
300200576_,5,1.0,insufficient_history,2026-09-01
300200576_,6,1.0,insufficient_history,2026-09-01
300200576_,7,1.0,insufficient_history,2026-09-01
300200576_,8,1.0,insufficient_history,2026-09-01
300200576_,9,1.0,insufficient_history,2026-09-01
300200576_,10,1.0,insufficient_history,2026-09-01
300200576_,11,1.0,insufficient_history,2026-09-01
300200576_,12,1.0,insufficient_history,2026-09-01
300200577_,1,1.0,insufficient_history,2026-09-01
300200577_,2,1.0,insufficient_history,2026-09-01
300200577_,3,1.0,insufficient_history,2026-09-01
300200577_,4,1.0,insufficient_history,2026-09-01
300200577_,5,1.0,insufficient_history,2026-09-01
300200577_,6,1.0,insufficient_history,2026-09-01
300200577_,7,1.0,insufficient_history,2026-09-01
300200577_,8,1.0,insufficient_history,2026-09-01
300200577_,9,1.0,insufficient_history,2026-09-01
300200577_,10,1.0,insufficient_history,2026-09-01
300200577_,11,1.0,insufficient_history,2026-09-01
300200577_,12,1.0,insufficient_history,2026-09-01
300200578_,1,1.0,insufficient_history,2026-09-01
300200578_,2,1.0,insufficient_history,2026-09-01
300200578_,3,1.0,insufficient_history,2026-09-01
300200578_,4,1.0,insufficient_history,2026-09-01
300200578_,5,1.0,insufficient_history,2026-09-01
300200578_,6,1.0,insufficient_history,2026-09-01
300200578_,7,1.0,insufficient_history,2026-09-01
300200578_,8,1.0,insufficient_history,2026-09-01
300200578_,9,1.0,insufficient_history,2026-09-01
300200578_,10,1.0,insufficient_history,2026-09-01
300200578_,11,1.0,insufficient_history,2026-09-01
300200578_,12,1.0,insufficient_history,2026-09-01
300200579_,1,0.9601737939220861,estimated_from_past,2026-09-01
300200579_,2,1.2067228919472421,estimated_from_past,2026-09-01
300200579_,3,0.7848820866600477,estimated_from_past,2026-09-01
300200579_,4,0.5846278772323791,estimated_from_past,2026-09-01
300200579_,5,1.27935098771105,estimated_from_past,2026-09-01
300200579_,6,0.5203234683643686,estimated_from_past,2026-09-01
300200579_,7,0.9530921978139344,estimated_from_past,2026-09-01
300200579_,8,1.1535958619422912,estimated_from_past,2026-09-01
300200579_,9,1.2048616620739852,estimated_from_past,2026-09-01
300200579_,10,1.1151863744379917,estimated_from_past,2026-09-01
300200579_,11,1.360458991579559,estimated_from_past,2026-09-01
300200579_,12,0.8767238063150654,estimated_from_past,2026-09-01
300200580_,1,0.7388135627222338,estimated_from_past,2026-09-01
300200580_,2,0.6795037921947787,estimated_from_past,2026-09-01
300200580_,3,1.1100017386448504,estimated_from_past,2026-09-01
300200580_,4,0.9079681453606548,estimated_from_past,2026-09-01
300200580_,5,1.4766629756341842,estimated_from_past,2026-09-01
300200580_,6,0.9383365848011512,estimated_from_past,2026-09-01
300200580_,7,1.115781040689293,estimated_from_past,2026-09-01
300200580_,8,0.6742685958384385,estimated_from_past,2026-09-01
300200580_,9,1.0636593177189184,estimated_from_past,2026-09-01
300200580_,10,0.9843605518761923,estimated_from_past,2026-09-01
300200580_,11,1.2234881957968078,estimated_from_past,2026-09-01
300200580_,12,1.087155498722496,estimated_from_past,2026-09-01
300200581_,1,0.930465298716384,estimated_from_past,2026-09-01
300200581_,2,1.6369878066542254,estimated_from_past,2026-09-01
300200581_,3,0.8374099016457398,estimated_from_past,2026-09-01
300200581_,4,1.0498711467673802,estimated_from_past,2026-09-01
300200581_,5,0.8566649632133766,estimated_from_past,2026-09-01
300200581_,6,1.2362312942405933,estimated_from_past,2026-09-01
300200581_,7,1.0983717159436457,estimated_from_past,2026-09-01
300200581_,8,0.762051919342099,estimated_from_past,2026-09-01
300200581_,9,0.9620901944893065,estimated_from_past,2026-09-01
300200581_,10,0.9330057682412538,estimated_from_past,2026-09-01
300200581_,11,1.0559980935214315,estimated_from_past,2026-09-01
300200581_,12,0.640851897224566,estimated_from_past,2026-09-01
300200582_,1,1.0,insufficient_history,2026-09-01
300200582_,2,1.0,insufficient_history,2026-09-01
300200582_,3,1.0,insufficient_history,2026-09-01
300200582_,4,1.0,insufficient_history,2026-09-01
300200582_,5,1.0,insufficient_history,2026-09-01
300200582_,6,1.0,insufficient_history,2026-09-01
300200582_,7,1.0,insufficient_history,2026-09-01
300200582_,8,1.0,insufficient_history,2026-09-01
300200582_,9,1.0,insufficient_history,2026-09-01
300200582_,10,1.0,insufficient_history,2026-09-01
300200582_,11,1.0,insufficient_history,2026-09-01
300200582_,12,1.0,insufficient_history,2026-09-01
300200583_,1,1.0,insufficient_history,2026-09-01
300200583_,2,1.0,insufficient_history,2026-09-01
300200583_,3,1.0,insufficient_history,2026-09-01
300200583_,4,1.0,insufficient_history,2026-09-01
300200583_,5,1.0,insufficient_history,2026-09-01
300200583_,6,1.0,insufficient_history,2026-09-01
300200583_,7,1.0,insufficient_history,2026-09-01
300200583_,8,1.0,insufficient_history,2026-09-01
300200583_,9,1.0,insufficient_history,2026-09-01
300200583_,10,1.0,insufficient_history,2026-09-01
300200583_,11,1.0,insufficient_history,2026-09-01
300200583_,12,1.0,insufficient_history,2026-09-01
300200584_,1,1.0,insufficient_history,2026-09-01
300200584_,2,1.0,insufficient_history,2026-09-01
300200584_,3,1.0,insufficient_history,2026-09-01
300200584_,4,1.0,insufficient_history,2026-09-01
300200584_,5,1.0,insufficient_history,2026-09-01
300200584_,6,1.0,insufficient_history,2026-09-01
300200584_,7,1.0,insufficient_history,2026-09-01
300200584_,8,1.0,insufficient_history,2026-09-01
300200584_,9,1.0,insufficient_history,2026-09-01
300200584_,10,1.0,insufficient_history,2026-09-01
300200584_,11,1.0,insufficient_history,2026-09-01
300200584_,12,1.0,insufficient_history,2026-09-01
300200586_,1,1.0,insufficient_history,2026-09-01
300200586_,2,1.0,insufficient_history,2026-09-01
300200586_,3,1.0,insufficient_history,2026-09-01
300200586_,4,1.0,insufficient_history,2026-09-01
300200586_,5,1.0,insufficient_history,2026-09-01
300200586_,6,1.0,insufficient_history,2026-09-01
300200586_,7,1.0,insufficient_history,2026-09-01
300200586_,8,1.0,insufficient_history,2026-09-01
300200586_,9,1.0,insufficient_history,2026-09-01
300200586_,10,1.0,insufficient_history,2026-09-01
300200586_,11,1.0,insufficient_history,2026-09-01
300200586_,12,1.0,insufficient_history,2026-09-01
300200588_,1,0.9393114994308711,estimated_from_past,2026-09-01
300200588_,2,0.6172751032534525,estimated_from_past,2026-09-01
300200588_,3,0.8556217469096457,estimated_from_past,2026-09-01
300200588_,4,0.8712691018312023,estimated_from_past,2026-09-01
300200588_,5,1.128681783153272,estimated_from_past,2026-09-01
300200588_,6,1.3948532194828842,estimated_from_past,2026-09-01
300200588_,7,0.8554753585928372,estimated_from_past,2026-09-01
300200588_,8,0.9394187335780513,estimated_from_past,2026-09-01
300200588_,9,1.0474629713607528,estimated_from_past,2026-09-01
300200588_,10,1.2228205421328648,estimated_from_past,2026-09-01
300200588_,11,0.8729681022097571,estimated_from_past,2026-09-01
300200588_,12,1.2548418380644086,estimated_from_past,2026-09-01
300200589_,1,1.0,insufficient_history,2026-09-01
300200589_,2,1.0,insufficient_history,2026-09-01
300200589_,3,1.0,insufficient_history,2026-09-01
300200589_,4,1.0,insufficient_history,2026-09-01
300200589_,5,1.0,insufficient_history,2026-09-01
300200589_,6,1.0,insufficient_history,2026-09-01
300200589_,7,1.0,insufficient_history,2026-09-01
300200589_,8,1.0,insufficient_history,2026-09-01
300200589_,9,1.0,insufficient_history,2026-09-01
300200589_,10,1.0,insufficient_history,2026-09-01
300200589_,11,1.0,insufficient_history,2026-09-01
300200589_,12,1.0,insufficient_history,2026-09-01
300200590_,1,1.0,insufficient_history,2026-09-01
300200590_,2,1.0,insufficient_history,2026-09-01
300200590_,3,1.0,insufficient_history,2026-09-01
300200590_,4,1.0,insufficient_history,2026-09-01
300200590_,5,1.0,insufficient_history,2026-09-01
300200590_,6,1.0,insufficient_history,2026-09-01
300200590_,7,1.0,insufficient_history,2026-09-01
300200590_,8,1.0,insufficient_history,2026-09-01
300200590_,9,1.0,insufficient_history,2026-09-01
300200590_,10,1.0,insufficient_history,2026-09-01
300200590_,11,1.0,insufficient_history,2026-09-01
300200590_,12,1.0,insufficient_history,2026-09-01
300200591_,1,1.0,insufficient_history,2026-09-01
300200591_,2,1.0,insufficient_history,2026-09-01
300200591_,3,1.0,insufficient_history,2026-09-01
300200591_,4,1.0,insufficient_history,2026-09-01
300200591_,5,1.0,insufficient_history,2026-09-01
300200591_,6,1.0,insufficient_history,2026-09-01
300200591_,7,1.0,insufficient_history,2026-09-01
300200591_,8,1.0,insufficient_history,2026-09-01
300200591_,9,1.0,insufficient_history,2026-09-01
300200591_,10,1.0,insufficient_history,2026-09-01
300200591_,11,1.0,insufficient_history,2026-09-01
300200591_,12,1.0,insufficient_history,2026-09-01
300200592_,1,0.7758698526472821,estimated_from_past,2026-09-01
300200592_,2,0.835035759253048,estimated_from_past,2026-09-01
300200592_,3,0.8088359250606424,estimated_from_past,2026-09-01
300200592_,4,1.2787716549451897,estimated_from_past,2026-09-01
300200592_,5,0.8989661822529944,estimated_from_past,2026-09-01
300200592_,6,0.8156399156659261,estimated_from_past,2026-09-01
300200592_,7,1.2155878886238283,estimated_from_past,2026-09-01
300200592_,8,0.9800360390125018,estimated_from_past,2026-09-01
300200592_,9,1.1353091595494766,estimated_from_past,2026-09-01
300200592_,10,1.1094387604228686,estimated_from_past,2026-09-01
300200592_,11,0.9296900415852498,estimated_from_past,2026-09-01
300200592_,12,1.2168188209809914,estimated_from_past,2026-09-01
300200593_,1,0.742086512718401,estimated_from_past,2026-09-01
300200593_,2,0.8143309422835965,estimated_from_past,2026-09-01
300200593_,3,0.9055418418630868,estimated_from_past,2026-09-01
300200593_,4,1.6101090476071902,estimated_from_past,2026-09-01
300200593_,5,0.8789507019148409,estimated_from_past,2026-09-01
300200593_,6,0.8027022911109549,estimated_from_past,2026-09-01
300200593_,7,1.0293306761399819,estimated_from_past,2026-09-01
300200593_,8,1.0095020580735228,estimated_from_past,2026-09-01
300200593_,9,1.2027265932445945,estimated_from_past,2026-09-01
300200593_,10,0.918147935623759,estimated_from_past,2026-09-01
300200593_,11,0.9769041377840615,estimated_from_past,2026-09-01
300200593_,12,1.1096672616360084,estimated_from_past,2026-09-01
300200594_,1,1.0,insufficient_history,2026-09-01
300200594_,2,1.0,insufficient_history,2026-09-01
300200594_,3,1.0,insufficient_history,2026-09-01
300200594_,4,1.0,insufficient_history,2026-09-01
300200594_,5,1.0,insufficient_history,2026-09-01
300200594_,6,1.0,insufficient_history,2026-09-01
300200594_,7,1.0,insufficient_history,2026-09-01
300200594_,8,1.0,insufficient_history,2026-09-01
300200594_,9,1.0,insufficient_history,2026-09-01
300200594_,10,1.0,insufficient_history,2026-09-01
300200594_,11,1.0,insufficient_history,2026-09-01
300200594_,12,1.0,insufficient_history,2026-09-01
300200595_,1,1.0,insufficient_history,2026-09-01
300200595_,2,1.0,insufficient_history,2026-09-01
300200595_,3,1.0,insufficient_history,2026-09-01
300200595_,4,1.0,insufficient_history,2026-09-01
300200595_,5,1.0,insufficient_history,2026-09-01
300200595_,6,1.0,insufficient_history,2026-09-01
300200595_,7,1.0,insufficient_history,2026-09-01
300200595_,8,1.0,insufficient_history,2026-09-01
300200595_,9,1.0,insufficient_history,2026-09-01
300200595_,10,1.0,insufficient_history,2026-09-01
300200595_,11,1.0,insufficient_history,2026-09-01
300200595_,12,1.0,insufficient_history,2026-09-01
300200622_,1,1.0,insufficient_history,2026-09-01
300200622_,2,1.0,insufficient_history,2026-09-01
300200622_,3,1.0,insufficient_history,2026-09-01
300200622_,4,1.0,insufficient_history,2026-09-01
300200622_,5,1.0,insufficient_history,2026-09-01
300200622_,6,1.0,insufficient_history,2026-09-01
300200622_,7,1.0,insufficient_history,2026-09-01
300200622_,8,1.0,insufficient_history,2026-09-01
300200622_,9,1.0,insufficient_history,2026-09-01
300200622_,10,1.0,insufficient_history,2026-09-01
300200622_,11,1.0,insufficient_history,2026-09-01
300200622_,12,1.0,insufficient_history,2026-09-01
300200623_,1,1.0,insufficient_history,2026-09-01
300200623_,2,1.0,insufficient_history,2026-09-01
300200623_,3,1.0,insufficient_history,2026-09-01
300200623_,4,1.0,insufficient_history,2026-09-01
300200623_,5,1.0,insufficient_history,2026-09-01
300200623_,6,1.0,insufficient_history,2026-09-01
300200623_,7,1.0,insufficient_history,2026-09-01
300200623_,8,1.0,insufficient_history,2026-09-01
300200623_,9,1.0,insufficient_history,2026-09-01
300200623_,10,1.0,insufficient_history,2026-09-01
300200623_,11,1.0,insufficient_history,2026-09-01
300200623_,12,1.0,insufficient_history,2026-09-01
300200624_,1,1.0,insufficient_history,2026-09-01
300200624_,2,1.0,insufficient_history,2026-09-01
300200624_,3,1.0,insufficient_history,2026-09-01
300200624_,4,1.0,insufficient_history,2026-09-01
300200624_,5,1.0,insufficient_history,2026-09-01
300200624_,6,1.0,insufficient_history,2026-09-01
300200624_,7,1.0,insufficient_history,2026-09-01
300200624_,8,1.0,insufficient_history,2026-09-01
300200624_,9,1.0,insufficient_history,2026-09-01
300200624_,10,1.0,insufficient_history,2026-09-01
300200624_,11,1.0,insufficient_history,2026-09-01
300200624_,12,1.0,insufficient_history,2026-09-01
300200627_,1,1.0,insufficient_history,2026-09-01
300200627_,2,1.0,insufficient_history,2026-09-01
300200627_,3,1.0,insufficient_history,2026-09-01
300200627_,4,1.0,insufficient_history,2026-09-01
300200627_,5,1.0,insufficient_history,2026-09-01
300200627_,6,1.0,insufficient_history,2026-09-01
300200627_,7,1.0,insufficient_history,2026-09-01
300200627_,8,1.0,insufficient_history,2026-09-01
300200627_,9,1.0,insufficient_history,2026-09-01
300200627_,10,1.0,insufficient_history,2026-09-01
300200627_,11,1.0,insufficient_history,2026-09-01
300200627_,12,1.0,insufficient_history,2026-09-01
300200632_,1,1.0,insufficient_history,2026-09-01
300200632_,2,1.0,insufficient_history,2026-09-01
300200632_,3,1.0,insufficient_history,2026-09-01
300200632_,4,1.0,insufficient_history,2026-09-01
300200632_,5,1.0,insufficient_history,2026-09-01
300200632_,6,1.0,insufficient_history,2026-09-01
300200632_,7,1.0,insufficient_history,2026-09-01
300200632_,8,1.0,insufficient_history,2026-09-01
300200632_,9,1.0,insufficient_history,2026-09-01
300200632_,10,1.0,insufficient_history,2026-09-01
300200632_,11,1.0,insufficient_history,2026-09-01
300200632_,12,1.0,insufficient_history,2026-09-01
300200635_,1,1.0,insufficient_history,2026-09-01
300200635_,2,1.0,insufficient_history,2026-09-01
300200635_,3,1.0,insufficient_history,2026-09-01
300200635_,4,1.0,insufficient_history,2026-09-01
300200635_,5,1.0,insufficient_history,2026-09-01
300200635_,6,1.0,insufficient_history,2026-09-01
300200635_,7,1.0,insufficient_history,2026-09-01
300200635_,8,1.0,insufficient_history,2026-09-01
300200635_,9,1.0,insufficient_history,2026-09-01
300200635_,10,1.0,insufficient_history,2026-09-01
300200635_,11,1.0,insufficient_history,2026-09-01
300200635_,12,1.0,insufficient_history,2026-09-01
300200700_,1,0.8311932715617825,estimated_from_past,2026-09-01
300200700_,2,1.1486442753277424,estimated_from_past,2026-09-01
300200700_,3,1.1419099499672336,estimated_from_past,2026-09-01
300200700_,4,0.6519659462504364,estimated_from_past,2026-09-01
300200700_,5,0.9251659305628197,estimated_from_past,2026-09-01
300200700_,6,1.2440194200795809,estimated_from_past,2026-09-01
300200700_,7,1.5195901905668507,estimated_from_past,2026-09-01
300200700_,8,1.181744497577,estimated_from_past,2026-09-01
300200700_,9,0.9350200414436218,estimated_from_past,2026-09-01
300200700_,10,0.7699634437606347,estimated_from_past,2026-09-01
300200700_,11,0.8964619364455295,estimated_from_past,2026-09-01
300200700_,12,0.7543210964567698,estimated_from_past,2026-09-01
300200704_,1,1.0,insufficient_history,2026-09-01
300200704_,2,1.0,insufficient_history,2026-09-01
300200704_,3,1.0,insufficient_history,2026-09-01
300200704_,4,1.0,insufficient_history,2026-09-01
300200704_,5,1.0,insufficient_history,2026-09-01
300200704_,6,1.0,insufficient_history,2026-09-01
300200704_,7,1.0,insufficient_history,2026-09-01
300200704_,8,1.0,insufficient_history,2026-09-01
300200704_,9,1.0,insufficient_history,2026-09-01
300200704_,10,1.0,insufficient_history,2026-09-01
300200704_,11,1.0,insufficient_history,2026-09-01
300200704_,12,1.0,insufficient_history,2026-09-01
300200718_,1,0.9396182886907041,estimated_from_past,2026-09-01
300200718_,2,0.9760645870131593,estimated_from_past,2026-09-01
300200718_,3,0.859607558860758,estimated_from_past,2026-09-01
300200718_,4,1.3429098299552893,estimated_from_past,2026-09-01
300200718_,5,0.9844969363364938,estimated_from_past,2026-09-01
300200718_,6,1.0722316138411434,estimated_from_past,2026-09-01
300200718_,7,0.8415773914081774,estimated_from_past,2026-09-01
300200718_,8,1.059651639000123,estimated_from_past,2026-09-01
300200718_,9,0.9744670736352883,estimated_from_past,2026-09-01
300200718_,10,0.9159828042362456,estimated_from_past,2026-09-01
300200718_,11,0.920598924320279,estimated_from_past,2026-09-01
300200718_,12,1.112793352702339,estimated_from_past,2026-09-01
300200719_,1,1.0,insufficient_history,2026-09-01
300200719_,2,1.0,insufficient_history,2026-09-01
300200719_,3,1.0,insufficient_history,2026-09-01
300200719_,4,1.0,insufficient_history,2026-09-01
300200719_,5,1.0,insufficient_history,2026-09-01
300200719_,6,1.0,insufficient_history,2026-09-01
300200719_,7,1.0,insufficient_history,2026-09-01
300200719_,8,1.0,insufficient_history,2026-09-01
300200719_,9,1.0,insufficient_history,2026-09-01
300200719_,10,1.0,insufficient_history,2026-09-01
300200719_,11,1.0,insufficient_history,2026-09-01
300200719_,12,1.0,insufficient_history,2026-09-01
300200720_,1,1.0262788686071154,estimated_from_past,2026-09-01
300200720_,2,0.8513502182735656,estimated_from_past,2026-09-01
300200720_,3,0.656892963138144,estimated_from_past,2026-09-01
300200720_,4,1.176831531779366,estimated_from_past,2026-09-01
300200720_,5,1.272638549934859,estimated_from_past,2026-09-01
300200720_,6,0.9897871365843991,estimated_from_past,2026-09-01
300200720_,7,0.9851511684575682,estimated_from_past,2026-09-01
300200720_,8,1.0886098126956985,estimated_from_past,2026-09-01
300200720_,9,0.7943573986303542,estimated_from_past,2026-09-01
300200720_,10,0.8861775303408067,estimated_from_past,2026-09-01
300200720_,11,1.232741498606627,estimated_from_past,2026-09-01
300200720_,12,1.0391833229514966,estimated_from_past,2026-09-01
300200721_,1,1.0,insufficient_history,2026-09-01
300200721_,2,1.0,insufficient_history,2026-09-01
300200721_,3,1.0,insufficient_history,2026-09-01
300200721_,4,1.0,insufficient_history,2026-09-01
300200721_,5,1.0,insufficient_history,2026-09-01
300200721_,6,1.0,insufficient_history,2026-09-01
300200721_,7,1.0,insufficient_history,2026-09-01
300200721_,8,1.0,insufficient_history,2026-09-01
300200721_,9,1.0,insufficient_history,2026-09-01
300200721_,10,1.0,insufficient_history,2026-09-01
300200721_,11,1.0,insufficient_history,2026-09-01
300200721_,12,1.0,insufficient_history,2026-09-01
300200722_,1,1.0,insufficient_history,2026-09-01
300200722_,2,1.0,insufficient_history,2026-09-01
300200722_,3,1.0,insufficient_history,2026-09-01
300200722_,4,1.0,insufficient_history,2026-09-01
300200722_,5,1.0,insufficient_history,2026-09-01
300200722_,6,1.0,insufficient_history,2026-09-01
300200722_,7,1.0,insufficient_history,2026-09-01
300200722_,8,1.0,insufficient_history,2026-09-01
300200722_,9,1.0,insufficient_history,2026-09-01
300200722_,10,1.0,insufficient_history,2026-09-01
300200722_,11,1.0,insufficient_history,2026-09-01
300200722_,12,1.0,insufficient_history,2026-09-01
300200723_,1,1.0,insufficient_history,2026-09-01
300200723_,2,1.0,insufficient_history,2026-09-01
300200723_,3,1.0,insufficient_history,2026-09-01
300200723_,4,1.0,insufficient_history,2026-09-01
300200723_,5,1.0,insufficient_history,2026-09-01
300200723_,6,1.0,insufficient_history,2026-09-01
300200723_,7,1.0,insufficient_history,2026-09-01
300200723_,8,1.0,insufficient_history,2026-09-01
300200723_,9,1.0,insufficient_history,2026-09-01
300200723_,10,1.0,insufficient_history,2026-09-01
300200723_,11,1.0,insufficient_history,2026-09-01
300200723_,12,1.0,insufficient_history,2026-09-01
300200724_,1,1.0,insufficient_history,2026-09-01
300200724_,2,1.0,insufficient_history,2026-09-01
300200724_,3,1.0,insufficient_history,2026-09-01
300200724_,4,1.0,insufficient_history,2026-09-01
300200724_,5,1.0,insufficient_history,2026-09-01
300200724_,6,1.0,insufficient_history,2026-09-01
300200724_,7,1.0,insufficient_history,2026-09-01
300200724_,8,1.0,insufficient_history,2026-09-01
300200724_,9,1.0,insufficient_history,2026-09-01
300200724_,10,1.0,insufficient_history,2026-09-01
300200724_,11,1.0,insufficient_history,2026-09-01
300200724_,12,1.0,insufficient_history,2026-09-01
300200725_,1,1.0,insufficient_history,2026-09-01
300200725_,2,1.0,insufficient_history,2026-09-01
300200725_,3,1.0,insufficient_history,2026-09-01
300200725_,4,1.0,insufficient_history,2026-09-01
300200725_,5,1.0,insufficient_history,2026-09-01
300200725_,6,1.0,insufficient_history,2026-09-01
300200725_,7,1.0,insufficient_history,2026-09-01
300200725_,8,1.0,insufficient_history,2026-09-01
300200725_,9,1.0,insufficient_history,2026-09-01
300200725_,10,1.0,insufficient_history,2026-09-01
300200725_,11,1.0,insufficient_history,2026-09-01
300200725_,12,1.0,insufficient_history,2026-09-01
300200726_,1,0.7420555194046533,estimated_from_past,2026-09-01
300200726_,2,0.9334361195632326,estimated_from_past,2026-09-01
300200726_,3,0.8692327014044511,estimated_from_past,2026-09-01
300200726_,4,0.9345350459297381,estimated_from_past,2026-09-01
300200726_,5,0.7205597253008323,estimated_from_past,2026-09-01
300200726_,6,1.1588213351600103,estimated_from_past,2026-09-01
300200726_,7,0.8759347442441225,estimated_from_past,2026-09-01
300200726_,8,1.062614763083421,estimated_from_past,2026-09-01
300200726_,9,1.2515426797794955,estimated_from_past,2026-09-01
300200726_,10,1.16674334466568,estimated_from_past,2026-09-01
300200726_,11,1.31542459667491,estimated_from_past,2026-09-01
300200726_,12,0.9690994247894517,estimated_from_past,2026-09-01
300200727_,1,1.0,insufficient_history,2026-09-01
300200727_,2,1.0,insufficient_history,2026-09-01
300200727_,3,1.0,insufficient_history,2026-09-01
300200727_,4,1.0,insufficient_history,2026-09-01
300200727_,5,1.0,insufficient_history,2026-09-01
300200727_,6,1.0,insufficient_history,2026-09-01
300200727_,7,1.0,insufficient_history,2026-09-01
300200727_,8,1.0,insufficient_history,2026-09-01
300200727_,9,1.0,insufficient_history,2026-09-01
300200727_,10,1.0,insufficient_history,2026-09-01
300200727_,11,1.0,insufficient_history,2026-09-01
300200727_,12,1.0,insufficient_history,2026-09-01
300200728_,1,1.0,insufficient_history,2026-09-01
300200728_,2,1.0,insufficient_history,2026-09-01
300200728_,3,1.0,insufficient_history,2026-09-01
300200728_,4,1.0,insufficient_history,2026-09-01
300200728_,5,1.0,insufficient_history,2026-09-01
300200728_,6,1.0,insufficient_history,2026-09-01
300200728_,7,1.0,insufficient_history,2026-09-01
300200728_,8,1.0,insufficient_history,2026-09-01
300200728_,9,1.0,insufficient_history,2026-09-01
300200728_,10,1.0,insufficient_history,2026-09-01
300200728_,11,1.0,insufficient_history,2026-09-01
300200728_,12,1.0,insufficient_history,2026-09-01
300200729_,1,1.0,insufficient_history,2026-09-01
300200729_,2,1.0,insufficient_history,2026-09-01
300200729_,3,1.0,insufficient_history,2026-09-01
300200729_,4,1.0,insufficient_history,2026-09-01
300200729_,5,1.0,insufficient_history,2026-09-01
300200729_,6,1.0,insufficient_history,2026-09-01
300200729_,7,1.0,insufficient_history,2026-09-01
300200729_,8,1.0,insufficient_history,2026-09-01
300200729_,9,1.0,insufficient_history,2026-09-01
300200729_,10,1.0,insufficient_history,2026-09-01
300200729_,11,1.0,insufficient_history,2026-09-01
300200729_,12,1.0,insufficient_history,2026-09-01
300200730_,1,0.6220398643177032,estimated_from_past,2026-09-01
300200730_,2,0.9196987252870741,estimated_from_past,2026-09-01
300200730_,3,1.0482871357442727,estimated_from_past,2026-09-01
300200730_,4,0.9842286861138387,estimated_from_past,2026-09-01
300200730_,5,0.8951742060435067,estimated_from_past,2026-09-01
300200730_,6,1.222859118383276,estimated_from_past,2026-09-01
300200730_,7,0.8137986495714864,estimated_from_past,2026-09-01
300200730_,8,0.8978441321446191,estimated_from_past,2026-09-01
300200730_,9,0.9388884896604781,estimated_from_past,2026-09-01
300200730_,10,0.9638504385559646,estimated_from_past,2026-09-01
300200730_,11,1.595454200624735,estimated_from_past,2026-09-01
300200730_,12,1.0978763535530445,estimated_from_past,2026-09-01
300200731_,1,1.0,insufficient_history,2026-09-01
300200731_,2,1.0,insufficient_history,2026-09-01
300200731_,3,1.0,insufficient_history,2026-09-01
300200731_,4,1.0,insufficient_history,2026-09-01
300200731_,5,1.0,insufficient_history,2026-09-01
300200731_,6,1.0,insufficient_history,2026-09-01
300200731_,7,1.0,insufficient_history,2026-09-01
300200731_,8,1.0,insufficient_history,2026-09-01
300200731_,9,1.0,insufficient_history,2026-09-01
300200731_,10,1.0,insufficient_history,2026-09-01
300200731_,11,1.0,insufficient_history,2026-09-01
300200731_,12,1.0,insufficient_history,2026-09-01
300200732_,1,1.0,insufficient_history,2026-09-01
300200732_,2,1.0,insufficient_history,2026-09-01
300200732_,3,1.0,insufficient_history,2026-09-01
300200732_,4,1.0,insufficient_history,2026-09-01
300200732_,5,1.0,insufficient_history,2026-09-01
300200732_,6,1.0,insufficient_history,2026-09-01
300200732_,7,1.0,insufficient_history,2026-09-01
300200732_,8,1.0,insufficient_history,2026-09-01
300200732_,9,1.0,insufficient_history,2026-09-01
300200732_,10,1.0,insufficient_history,2026-09-01
300200732_,11,1.0,insufficient_history,2026-09-01
300200732_,12,1.0,insufficient_history,2026-09-01
300200733_,1,1.0,insufficient_history,2026-09-01
300200733_,2,1.0,insufficient_history,2026-09-01
300200733_,3,1.0,insufficient_history,2026-09-01
300200733_,4,1.0,insufficient_history,2026-09-01
300200733_,5,1.0,insufficient_history,2026-09-01
300200733_,6,1.0,insufficient_history,2026-09-01
300200733_,7,1.0,insufficient_history,2026-09-01
300200733_,8,1.0,insufficient_history,2026-09-01
300200733_,9,1.0,insufficient_history,2026-09-01
300200733_,10,1.0,insufficient_history,2026-09-01
300200733_,11,1.0,insufficient_history,2026-09-01
300200733_,12,1.0,insufficient_history,2026-09-01
300200734_,1,1.0,insufficient_history,2026-09-01
300200734_,2,1.0,insufficient_history,2026-09-01
300200734_,3,1.0,insufficient_history,2026-09-01
300200734_,4,1.0,insufficient_history,2026-09-01
300200734_,5,1.0,insufficient_history,2026-09-01
300200734_,6,1.0,insufficient_history,2026-09-01
300200734_,7,1.0,insufficient_history,2026-09-01
300200734_,8,1.0,insufficient_history,2026-09-01
300200734_,9,1.0,insufficient_history,2026-09-01
300200734_,10,1.0,insufficient_history,2026-09-01
300200734_,11,1.0,insufficient_history,2026-09-01
300200734_,12,1.0,insufficient_history,2026-09-01
300200735_,1,0.5338952625194505,estimated_from_past,2026-09-01
300200735_,2,0.7764242226550251,estimated_from_past,2026-09-01
300200735_,3,1.1168163553450172,estimated_from_past,2026-09-01
300200735_,4,0.9039200910563675,estimated_from_past,2026-09-01
300200735_,5,1.0242315592278692,estimated_from_past,2026-09-01
300200735_,6,1.036096739548887,estimated_from_past,2026-09-01
300200735_,7,1.2006525296226955,estimated_from_past,2026-09-01
300200735_,8,0.9889521365153103,estimated_from_past,2026-09-01
300200735_,9,0.9835143790124389,estimated_from_past,2026-09-01
300200735_,10,0.8154666675546317,estimated_from_past,2026-09-01
300200735_,11,1.5060496329522988,estimated_from_past,2026-09-01
300200735_,12,1.1139804239900102,estimated_from_past,2026-09-01
300200736_,1,0.5516651903900347,estimated_from_past,2026-09-01
300200736_,2,1.1238995206253608,estimated_from_past,2026-09-01
300200736_,3,0.943900417456834,estimated_from_past,2026-09-01
300200736_,4,1.3286147898058793,estimated_from_past,2026-09-01
300200736_,5,1.2644345990324175,estimated_from_past,2026-09-01
300200736_,6,1.052518532127638,estimated_from_past,2026-09-01
300200736_,7,0.9372546829168997,estimated_from_past,2026-09-01
300200736_,8,0.8668594603635293,estimated_from_past,2026-09-01
300200736_,9,0.9304616212631717,estimated_from_past,2026-09-01
300200736_,10,0.9706871035913209,estimated_from_past,2026-09-01
300200736_,11,0.9626035027020252,estimated_from_past,2026-09-01
300200736_,12,1.0671005797248894,estimated_from_past,2026-09-01
300200737_,1,0.821543016465478,estimated_from_past,2026-09-01
300200737_,2,0.87178264742819,estimated_from_past,2026-09-01
300200737_,3,0.9949058485218018,estimated_from_past,2026-09-01
300200737_,4,1.4680053025057298,estimated_from_past,2026-09-01
300200737_,5,0.9593376409293182,estimated_from_past,2026-09-01
300200737_,6,0.934942959477624,estimated_from_past,2026-09-01
300200737_,7,0.9924961285413969,estimated_from_past,2026-09-01
300200737_,8,0.8872847030989035,estimated_from_past,2026-09-01
300200737_,9,1.029696673518332,estimated_from_past,2026-09-01
300200737_,10,0.9884003784623681,estimated_from_past,2026-09-01
300200737_,11,0.7533278015006732,estimated_from_past,2026-09-01
300200737_,12,1.2982768995501852,estimated_from_past,2026-09-01
300200738_,1,1.0,insufficient_history,2026-09-01
300200738_,2,1.0,insufficient_history,2026-09-01
300200738_,3,1.0,insufficient_history,2026-09-01
300200738_,4,1.0,insufficient_history,2026-09-01
300200738_,5,1.0,insufficient_history,2026-09-01
300200738_,6,1.0,insufficient_history,2026-09-01
300200738_,7,1.0,insufficient_history,2026-09-01
300200738_,8,1.0,insufficient_history,2026-09-01
300200738_,9,1.0,insufficient_history,2026-09-01
300200738_,10,1.0,insufficient_history,2026-09-01
300200738_,11,1.0,insufficient_history,2026-09-01
300200738_,12,1.0,insufficient_history,2026-09-01
300200739_,1,1.0,insufficient_history,2026-09-01
300200739_,2,1.0,insufficient_history,2026-09-01
300200739_,3,1.0,insufficient_history,2026-09-01
300200739_,4,1.0,insufficient_history,2026-09-01
300200739_,5,1.0,insufficient_history,2026-09-01
300200739_,6,1.0,insufficient_history,2026-09-01
300200739_,7,1.0,insufficient_history,2026-09-01
300200739_,8,1.0,insufficient_history,2026-09-01
300200739_,9,1.0,insufficient_history,2026-09-01
300200739_,10,1.0,insufficient_history,2026-09-01
300200739_,11,1.0,insufficient_history,2026-09-01
300200739_,12,1.0,insufficient_history,2026-09-01
300200740_,1,0.7429898130108668,estimated_from_past,2026-09-01
300200740_,2,1.4016874150438519,estimated_from_past,2026-09-01
300200740_,3,0.570737069476294,estimated_from_past,2026-09-01
300200740_,4,1.2853037028324596,estimated_from_past,2026-09-01
300200740_,5,1.13748745536815,estimated_from_past,2026-09-01
300200740_,6,1.026755285584592,estimated_from_past,2026-09-01
300200740_,7,1.3879046879232075,estimated_from_past,2026-09-01
300200740_,8,0.8097561497727115,estimated_from_past,2026-09-01
300200740_,9,0.7345720621969046,estimated_from_past,2026-09-01
300200740_,10,0.8335652781525951,estimated_from_past,2026-09-01
300200740_,11,0.809498935236089,estimated_from_past,2026-09-01
300200740_,12,1.259742145402278,estimated_from_past,2026-09-01
300200741_,1,0.7486680989844817,estimated_from_past,2026-09-01
300200741_,2,0.6812726511473269,estimated_from_past,2026-09-01
300200741_,3,0.9081904145405554,estimated_from_past,2026-09-01
300200741_,4,1.1292262073184993,estimated_from_past,2026-09-01
300200741_,5,1.0760880840517812,estimated_from_past,2026-09-01
300200741_,6,1.37309786622687,estimated_from_past,2026-09-01
300200741_,7,0.9684106351536238,estimated_from_past,2026-09-01
300200741_,8,1.0078313275565556,estimated_from_past,2026-09-01
300200741_,9,1.1811988890411782,estimated_from_past,2026-09-01
300200741_,10,1.1144128283669963,estimated_from_past,2026-09-01
300200741_,11,0.8023847248119617,estimated_from_past,2026-09-01
300200741_,12,1.009218272800171,estimated_from_past,2026-09-01
300200742_,1,0.5212052936154571,estimated_from_past,2026-09-01
300200742_,2,1.045518801143927,estimated_from_past,2026-09-01
300200742_,3,0.7314857028933003,estimated_from_past,2026-09-01
300200742_,4,0.9105278745789634,estimated_from_past,2026-09-01
300200742_,5,0.7314651071603387,estimated_from_past,2026-09-01
300200742_,6,1.034332733576375,estimated_from_past,2026-09-01
300200742_,7,0.7944486509531723,estimated_from_past,2026-09-01
300200742_,8,1.1249271938856016,estimated_from_past,2026-09-01
300200742_,9,1.1855349854004944,estimated_from_past,2026-09-01
300200742_,10,1.3342021932517223,estimated_from_past,2026-09-01
300200742_,11,1.623124692997759,estimated_from_past,2026-09-01
300200742_,12,0.9632267705428885,estimated_from_past,2026-09-01
300200743_,1,0.9618263218196199,estimated_from_past,2026-09-01
300200743_,2,1.1144549688596423,estimated_from_past,2026-09-01
300200743_,3,1.1869639815929518,estimated_from_past,2026-09-01
300200743_,4,0.9441662221963083,estimated_from_past,2026-09-01
300200743_,5,0.8201386670669878,estimated_from_past,2026-09-01
300200743_,6,0.9555023762142212,estimated_from_past,2026-09-01
300200743_,7,0.7148086862032357,estimated_from_past,2026-09-01
300200743_,8,0.8305959760135023,estimated_from_past,2026-09-01
300200743_,9,1.6007644698473584,estimated_from_past,2026-09-01
300200743_,10,1.0362744754534365,estimated_from_past,2026-09-01
300200743_,11,0.7674989943375709,estimated_from_past,2026-09-01
300200743_,12,1.067004860395165,estimated_from_past,2026-09-01
300200744_,1,0.547102143681184,estimated_from_past,2026-09-01
300200744_,2,0.8787368645459828,estimated_from_past,2026-09-01
300200744_,3,0.8691772877568188,estimated_from_past,2026-09-01
300200744_,4,0.8025165552442257,estimated_from_past,2026-09-01
300200744_,5,0.9135039211437546,estimated_from_past,2026-09-01
300200744_,6,1.278269859345159,estimated_from_past,2026-09-01
300200744_,7,0.945207539571035,estimated_from_past,2026-09-01
300200744_,8,1.3098265547673344,estimated_from_past,2026-09-01
300200744_,9,1.2278323590436344,estimated_from_past,2026-09-01
300200744_,10,1.3730198324128118,estimated_from_past,2026-09-01
300200744_,11,0.9758190432950552,estimated_from_past,2026-09-01
300200744_,12,0.878988039193004,estimated_from_past,2026-09-01
300200745_,1,0.6622246934166349,estimated_from_past,2026-09-01
300200745_,2,0.9612584639381947,estimated_from_past,2026-09-01
300200745_,3,0.8348225927571358,estimated_from_past,2026-09-01
300200745_,4,1.0144869068385984,estimated_from_past,2026-09-01
300200745_,5,1.0018725342724535,estimated_from_past,2026-09-01
300200745_,6,0.7632189852839061,estimated_from_past,2026-09-01
300200745_,7,1.1779480549744359,estimated_from_past,2026-09-01
300200745_,8,1.0880118515446966,estimated_from_past,2026-09-01
300200745_,9,1.3764716486652269,estimated_from_past,2026-09-01
300200745_,10,1.0144152492788534,estimated_from_past,2026-09-01
300200745_,11,1.1698215356853083,estimated_from_past,2026-09-01
300200745_,12,0.9354474833445549,estimated_from_past,2026-09-01
300200746_,1,1.0379513769972926,estimated_from_past,2026-09-01
300200746_,2,0.7710612864326855,estimated_from_past,2026-09-01
300200746_,3,0.8622160932041539,estimated_from_past,2026-09-01
300200746_,4,0.7969447009268598,estimated_from_past,2026-09-01
300200746_,5,1.0919865717900235,estimated_from_past,2026-09-01
300200746_,6,0.9185535405270369,estimated_from_past,2026-09-01
300200746_,7,0.8751198772383276,estimated_from_past,2026-09-01
300200746_,8,1.0122756459165547,estimated_from_past,2026-09-01
300200746_,9,0.916739314439795,estimated_from_past,2026-09-01
300200746_,10,1.4099949485512708,estimated_from_past,2026-09-01
300200746_,11,1.0775518283556345,estimated_from_past,2026-09-01
300200746_,12,1.2296048156203652,estimated_from_past,2026-09-01
300200747_,1,1.0,insufficient_history,2026-09-01
300200747_,2,1.0,insufficient_history,2026-09-01
300200747_,3,1.0,insufficient_history,2026-09-01
300200747_,4,1.0,insufficient_history,2026-09-01
300200747_,5,1.0,insufficient_history,2026-09-01
300200747_,6,1.0,insufficient_history,2026-09-01
300200747_,7,1.0,insufficient_history,2026-09-01
300200747_,8,1.0,insufficient_history,2026-09-01
300200747_,9,1.0,insufficient_history,2026-09-01
300200747_,10,1.0,insufficient_history,2026-09-01
300200747_,11,1.0,insufficient_history,2026-09-01
300200747_,12,1.0,insufficient_history,2026-09-01
300200748_,1,1.0,insufficient_history,2026-09-01
300200748_,2,1.0,insufficient_history,2026-09-01
300200748_,3,1.0,insufficient_history,2026-09-01
300200748_,4,1.0,insufficient_history,2026-09-01
300200748_,5,1.0,insufficient_history,2026-09-01
300200748_,6,1.0,insufficient_history,2026-09-01
300200748_,7,1.0,insufficient_history,2026-09-01
300200748_,8,1.0,insufficient_history,2026-09-01
300200748_,9,1.0,insufficient_history,2026-09-01
300200748_,10,1.0,insufficient_history,2026-09-01
300200748_,11,1.0,insufficient_history,2026-09-01
300200748_,12,1.0,insufficient_history,2026-09-01
300200749_,1,0.7579422097894447,estimated_from_past,2026-09-01
300200749_,2,0.6404505326411296,estimated_from_past,2026-09-01
300200749_,3,0.7662605550666818,estimated_from_past,2026-09-01
300200749_,4,0.922393993104341,estimated_from_past,2026-09-01
300200749_,5,1.1888620961159462,estimated_from_past,2026-09-01
300200749_,6,1.0230889625783415,estimated_from_past,2026-09-01
300200749_,7,1.6188305224763317,estimated_from_past,2026-09-01
300200749_,8,1.1034920638013999,estimated_from_past,2026-09-01
300200749_,9,0.9359461334159542,estimated_from_past,2026-09-01
300200749_,10,0.9044258163608959,estimated_from_past,2026-09-01
300200749_,11,1.2358945300155113,estimated_from_past,2026-09-01
300200749_,12,0.9024125846340223,estimated_from_past,2026-09-01
300200750_,1,0.5612123999903564,estimated_from_past,2026-09-01
300200750_,2,0.6513010278694221,estimated_from_past,2026-09-01
300200750_,3,0.9892834378489568,estimated_from_past,2026-09-01
300200750_,4,1.315165930143532,estimated_from_past,2026-09-01
300200750_,5,1.295850215405097,estimated_from_past,2026-09-01
300200750_,6,0.8207797058590702,estimated_from_past,2026-09-01
300200750_,7,1.1944106727641102,estimated_from_past,2026-09-01
300200750_,8,1.0748236261133994,estimated_from_past,2026-09-01
300200750_,9,1.1366202560334593,estimated_from_past,2026-09-01
300200750_,10,0.9879924080207196,estimated_from_past,2026-09-01
300200750_,11,1.050993031618314,estimated_from_past,2026-09-01
300200750_,12,0.9215672883335647,estimated_from_past,2026-09-01
300200751_,1,0.7460162541562605,estimated_from_past,2026-09-01
300200751_,2,0.7163135826938845,estimated_from_past,2026-09-01
300200751_,3,0.6411783470798762,estimated_from_past,2026-09-01
300200751_,4,0.827180912933529,estimated_from_past,2026-09-01
300200751_,5,1.3809712287641198,estimated_from_past,2026-09-01
300200751_,6,0.7404327245665241,estimated_from_past,2026-09-01
300200751_,7,1.1310137173550894,estimated_from_past,2026-09-01
300200751_,8,1.2260493478281838,estimated_from_past,2026-09-01
300200751_,9,0.9747306396018112,estimated_from_past,2026-09-01
300200751_,10,1.3204682873012275,estimated_from_past,2026-09-01
300200751_,11,1.2292960602667027,estimated_from_past,2026-09-01
300200751_,12,1.0663488974527928,estimated_from_past,2026-09-01
300200752_,1,0.7668207530075609,estimated_from_past,2026-09-01
300200752_,2,0.9232888048798344,estimated_from_past,2026-09-01
300200752_,3,0.6570027646131001,estimated_from_past,2026-09-01
300200752_,4,0.6984723057278616,estimated_from_past,2026-09-01
300200752_,5,0.8561984660945614,estimated_from_past,2026-09-01
300200752_,6,1.1019421686097786,estimated_from_past,2026-09-01
300200752_,7,0.9024287185579893,estimated_from_past,2026-09-01
300200752_,8,1.2884288560160688,estimated_from_past,2026-09-01
300200752_,9,1.4345089150357564,estimated_from_past,2026-09-01
300200752_,10,1.0296889439957615,estimated_from_past,2026-09-01
300200752_,11,0.8730718453141096,estimated_from_past,2026-09-01
300200752_,12,1.4681474581476184,estimated_from_past,2026-09-01
300200753_,1,0.7172194817189987,estimated_from_past,2026-09-01
300200753_,2,0.5416407953441985,estimated_from_past,2026-09-01
300200753_,3,0.9526651019503343,estimated_from_past,2026-09-01
300200753_,4,1.0322550407363933,estimated_from_past,2026-09-01
300200753_,5,1.037339840675099,estimated_from_past,2026-09-01
300200753_,6,0.9968522216085326,estimated_from_past,2026-09-01
300200753_,7,1.1677960282007798,estimated_from_past,2026-09-01
300200753_,8,0.8752633808893026,estimated_from_past,2026-09-01
300200753_,9,1.2177360084751085,estimated_from_past,2026-09-01
300200753_,10,0.9800993078113875,estimated_from_past,2026-09-01
300200753_,11,1.0927540204761483,estimated_from_past,2026-09-01
300200753_,12,1.3883787721137182,estimated_from_past,2026-09-01
300200754_,1,1.0,insufficient_history,2026-09-01
300200754_,2,1.0,insufficient_history,2026-09-01
300200754_,3,1.0,insufficient_history,2026-09-01
300200754_,4,1.0,insufficient_history,2026-09-01
300200754_,5,1.0,insufficient_history,2026-09-01
300200754_,6,1.0,insufficient_history,2026-09-01
300200754_,7,1.0,insufficient_history,2026-09-01
300200754_,8,1.0,insufficient_history,2026-09-01
300200754_,9,1.0,insufficient_history,2026-09-01
300200754_,10,1.0,insufficient_history,2026-09-01
300200754_,11,1.0,insufficient_history,2026-09-01
300200754_,12,1.0,insufficient_history,2026-09-01
300200755_,1,1.105484304791038,estimated_from_past,2026-09-01
300200755_,2,0.9635127286000293,estimated_from_past,2026-09-01
300200755_,3,0.6136113724961314,estimated_from_past,2026-09-01
300200755_,4,0.7852208003243389,estimated_from_past,2026-09-01
300200755_,5,0.8575328739508777,estimated_from_past,2026-09-01
300200755_,6,1.2038306231944544,estimated_from_past,2026-09-01
300200755_,7,1.2196553007440916,estimated_from_past,2026-09-01
300200755_,8,0.743123234636037,estimated_from_past,2026-09-01
300200755_,9,1.4263902875619565,estimated_from_past,2026-09-01
300200755_,10,1.376202703495025,estimated_from_past,2026-09-01
300200755_,11,0.9430059736378027,estimated_from_past,2026-09-01
300200755_,12,0.7624297965682175,estimated_from_past,2026-09-01
300200767_,1,1.0,insufficient_history,2026-09-01
300200767_,2,1.0,insufficient_history,2026-09-01
300200767_,3,1.0,insufficient_history,2026-09-01
300200767_,4,1.0,insufficient_history,2026-09-01
300200767_,5,1.0,insufficient_history,2026-09-01
300200767_,6,1.0,insufficient_history,2026-09-01
300200767_,7,1.0,insufficient_history,2026-09-01
300200767_,8,1.0,insufficient_history,2026-09-01
300200767_,9,1.0,insufficient_history,2026-09-01
300200767_,10,1.0,insufficient_history,2026-09-01
300200767_,11,1.0,insufficient_history,2026-09-01
300200767_,12,1.0,insufficient_history,2026-09-01
300200771_,1,1.0809987647240284,estimated_from_past,2026-09-01
300200771_,2,0.7673365468781153,estimated_from_past,2026-09-01
300200771_,3,0.8769692557961704,estimated_from_past,2026-09-01
300200771_,4,1.0165396892977792,estimated_from_past,2026-09-01
300200771_,5,0.9027652961621853,estimated_from_past,2026-09-01
300200771_,6,1.0880289079639383,estimated_from_past,2026-09-01
300200771_,7,0.7301234704906155,estimated_from_past,2026-09-01
300200771_,8,1.0719293201721733,estimated_from_past,2026-09-01
300200771_,9,1.4772272063938294,estimated_from_past,2026-09-01
300200771_,10,1.0468260170199957,estimated_from_past,2026-09-01
300200771_,11,1.173519937230752,estimated_from_past,2026-09-01
300200771_,12,0.7677355878704158,estimated_from_past,2026-09-01
300200772_,1,1.0,nonpositive_reference_level,2026-09-01
300200772_,2,1.0,nonpositive_reference_level,2026-09-01
300200772_,3,1.0,nonpositive_reference_level,2026-09-01
300200772_,4,1.0,nonpositive_reference_level,2026-09-01
300200772_,5,1.0,nonpositive_reference_level,2026-09-01
300200772_,6,1.0,nonpositive_reference_level,2026-09-01
300200772_,7,1.0,nonpositive_reference_level,2026-09-01
300200772_,8,1.0,nonpositive_reference_level,2026-09-01
300200772_,9,1.0,nonpositive_reference_level,2026-09-01
300200772_,10,1.0,nonpositive_reference_level,2026-09-01
300200772_,11,1.0,nonpositive_reference_level,2026-09-01
300200772_,12,1.0,nonpositive_reference_level,2026-09-01
300200773_,1,1.0,insufficient_history,2026-09-01
300200773_,2,1.0,insufficient_history,2026-09-01
300200773_,3,1.0,insufficient_history,2026-09-01
300200773_,4,1.0,insufficient_history,2026-09-01
300200773_,5,1.0,insufficient_history,2026-09-01
300200773_,6,1.0,insufficient_history,2026-09-01
300200773_,7,1.0,insufficient_history,2026-09-01
300200773_,8,1.0,insufficient_history,2026-09-01
300200773_,9,1.0,insufficient_history,2026-09-01
300200773_,10,1.0,insufficient_history,2026-09-01
300200773_,11,1.0,insufficient_history,2026-09-01
300200773_,12,1.0,insufficient_history,2026-09-01
300200774_,1,1.0,insufficient_history,2026-09-01
300200774_,2,1.0,insufficient_history,2026-09-01
300200774_,3,1.0,insufficient_history,2026-09-01
300200774_,4,1.0,insufficient_history,2026-09-01
300200774_,5,1.0,insufficient_history,2026-09-01
300200774_,6,1.0,insufficient_history,2026-09-01
300200774_,7,1.0,insufficient_history,2026-09-01
300200774_,8,1.0,insufficient_history,2026-09-01
300200774_,9,1.0,insufficient_history,2026-09-01
300200774_,10,1.0,insufficient_history,2026-09-01
300200774_,11,1.0,insufficient_history,2026-09-01
300200774_,12,1.0,insufficient_history,2026-09-01
300200775_,1,1.0,insufficient_history,2026-09-01
300200775_,2,1.0,insufficient_history,2026-09-01
300200775_,3,1.0,insufficient_history,2026-09-01
300200775_,4,1.0,insufficient_history,2026-09-01
300200775_,5,1.0,insufficient_history,2026-09-01
300200775_,6,1.0,insufficient_history,2026-09-01
300200775_,7,1.0,insufficient_history,2026-09-01
300200775_,8,1.0,insufficient_history,2026-09-01
300200775_,9,1.0,insufficient_history,2026-09-01
300200775_,10,1.0,insufficient_history,2026-09-01
300200775_,11,1.0,insufficient_history,2026-09-01
300200775_,12,1.0,insufficient_history,2026-09-01
300200776_,1,1.0,insufficient_history,2026-09-01
300200776_,2,1.0,insufficient_history,2026-09-01
300200776_,3,1.0,insufficient_history,2026-09-01
300200776_,4,1.0,insufficient_history,2026-09-01
300200776_,5,1.0,insufficient_history,2026-09-01
300200776_,6,1.0,insufficient_history,2026-09-01
300200776_,7,1.0,insufficient_history,2026-09-01
300200776_,8,1.0,insufficient_history,2026-09-01
300200776_,9,1.0,insufficient_history,2026-09-01
300200776_,10,1.0,insufficient_history,2026-09-01
300200776_,11,1.0,insufficient_history,2026-09-01
300200776_,12,1.0,insufficient_history,2026-09-01
300200777_,1,0.7219726677428722,estimated_from_past,2026-09-01
300200777_,2,1.2541644010762916,estimated_from_past,2026-09-01
300200777_,3,0.9339556489094298,estimated_from_past,2026-09-01
300200777_,4,1.238848145303271,estimated_from_past,2026-09-01
300200777_,5,0.8951532710342193,estimated_from_past,2026-09-01
300200777_,6,1.10759609633717,estimated_from_past,2026-09-01
300200777_,7,1.2717368741108803,estimated_from_past,2026-09-01
300200777_,8,0.8490450447934962,estimated_from_past,2026-09-01
300200777_,9,0.852223181610691,estimated_from_past,2026-09-01
300200777_,10,0.7410304831294183,estimated_from_past,2026-09-01
300200777_,11,1.0155233215255934,estimated_from_past,2026-09-01
300200777_,12,1.1187508644266648,estimated_from_past,2026-09-01
300200778_,1,1.0,insufficient_history,2026-09-01
300200778_,2,1.0,insufficient_history,2026-09-01
300200778_,3,1.0,insufficient_history,2026-09-01
300200778_,4,1.0,insufficient_history,2026-09-01
300200778_,5,1.0,insufficient_history,2026-09-01
300200778_,6,1.0,insufficient_history,2026-09-01
300200778_,7,1.0,insufficient_history,2026-09-01
300200778_,8,1.0,insufficient_history,2026-09-01
300200778_,9,1.0,insufficient_history,2026-09-01
300200778_,10,1.0,insufficient_history,2026-09-01
300200778_,11,1.0,insufficient_history,2026-09-01
300200778_,12,1.0,insufficient_history,2026-09-01
300200779_,1,0.8060278839116933,estimated_from_past,2026-09-01
300200779_,2,0.9132573091353368,estimated_from_past,2026-09-01
300200779_,3,0.9512956501880026,estimated_from_past,2026-09-01
300200779_,4,0.895879814383894,estimated_from_past,2026-09-01
300200779_,5,0.9644701738344821,estimated_from_past,2026-09-01
300200779_,6,0.8569816843163264,estimated_from_past,2026-09-01
300200779_,7,0.6553659078945686,estimated_from_past,2026-09-01
300200779_,8,1.4705502309515042,estimated_from_past,2026-09-01
300200779_,9,0.9703050161312224,estimated_from_past,2026-09-01
300200779_,10,1.0875133277356317,estimated_from_past,2026-09-01
300200779_,11,1.1039174833382301,estimated_from_past,2026-09-01
300200779_,12,1.324435518179107,estimated_from_past,2026-09-01
300200780_,1,1.0,insufficient_history,2026-09-01
300200780_,2,1.0,insufficient_history,2026-09-01
300200780_,3,1.0,insufficient_history,2026-09-01
300200780_,4,1.0,insufficient_history,2026-09-01
300200780_,5,1.0,insufficient_history,2026-09-01
300200780_,6,1.0,insufficient_history,2026-09-01
300200780_,7,1.0,insufficient_history,2026-09-01
300200780_,8,1.0,insufficient_history,2026-09-01
300200780_,9,1.0,insufficient_history,2026-09-01
300200780_,10,1.0,insufficient_history,2026-09-01
300200780_,11,1.0,insufficient_history,2026-09-01
300200780_,12,1.0,insufficient_history,2026-09-01
300200781_,1,1.0,insufficient_history,2026-09-01
300200781_,2,1.0,insufficient_history,2026-09-01
300200781_,3,1.0,insufficient_history,2026-09-01
300200781_,4,1.0,insufficient_history,2026-09-01
300200781_,5,1.0,insufficient_history,2026-09-01
300200781_,6,1.0,insufficient_history,2026-09-01
300200781_,7,1.0,insufficient_history,2026-09-01
300200781_,8,1.0,insufficient_history,2026-09-01
300200781_,9,1.0,insufficient_history,2026-09-01
300200781_,10,1.0,insufficient_history,2026-09-01
300200781_,11,1.0,insufficient_history,2026-09-01
300200781_,12,1.0,insufficient_history,2026-09-01
300200782_,1,1.0,insufficient_history,2026-09-01
300200782_,2,1.0,insufficient_history,2026-09-01
300200782_,3,1.0,insufficient_history,2026-09-01
300200782_,4,1.0,insufficient_history,2026-09-01
300200782_,5,1.0,insufficient_history,2026-09-01
300200782_,6,1.0,insufficient_history,2026-09-01
300200782_,7,1.0,insufficient_history,2026-09-01
300200782_,8,1.0,insufficient_history,2026-09-01
300200782_,9,1.0,insufficient_history,2026-09-01
300200782_,10,1.0,insufficient_history,2026-09-01
300200782_,11,1.0,insufficient_history,2026-09-01
300200782_,12,1.0,insufficient_history,2026-09-01
300200783_,1,1.0,insufficient_history,2026-09-01
300200783_,2,1.0,insufficient_history,2026-09-01
300200783_,3,1.0,insufficient_history,2026-09-01
300200783_,4,1.0,insufficient_history,2026-09-01
300200783_,5,1.0,insufficient_history,2026-09-01
300200783_,6,1.0,insufficient_history,2026-09-01
300200783_,7,1.0,insufficient_history,2026-09-01
300200783_,8,1.0,insufficient_history,2026-09-01
300200783_,9,1.0,insufficient_history,2026-09-01
300200783_,10,1.0,insufficient_history,2026-09-01
300200783_,11,1.0,insufficient_history,2026-09-01
300200783_,12,1.0,insufficient_history,2026-09-01
300200784_,1,1.0,insufficient_history,2026-09-01
300200784_,2,1.0,insufficient_history,2026-09-01
300200784_,3,1.0,insufficient_history,2026-09-01
300200784_,4,1.0,insufficient_history,2026-09-01
300200784_,5,1.0,insufficient_history,2026-09-01
300200784_,6,1.0,insufficient_history,2026-09-01
300200784_,7,1.0,insufficient_history,2026-09-01
300200784_,8,1.0,insufficient_history,2026-09-01
300200784_,9,1.0,insufficient_history,2026-09-01
300200784_,10,1.0,insufficient_history,2026-09-01
300200784_,11,1.0,insufficient_history,2026-09-01
300200784_,12,1.0,insufficient_history,2026-09-01
300200785_,1,1.0,insufficient_history,2026-09-01
300200785_,2,1.0,insufficient_history,2026-09-01
300200785_,3,1.0,insufficient_history,2026-09-01
300200785_,4,1.0,insufficient_history,2026-09-01
300200785_,5,1.0,insufficient_history,2026-09-01
300200785_,6,1.0,insufficient_history,2026-09-01
300200785_,7,1.0,insufficient_history,2026-09-01
300200785_,8,1.0,insufficient_history,2026-09-01
300200785_,9,1.0,insufficient_history,2026-09-01
300200785_,10,1.0,insufficient_history,2026-09-01
300200785_,11,1.0,insufficient_history,2026-09-01
300200785_,12,1.0,insufficient_history,2026-09-01
300200786_,1,1.0,insufficient_history,2026-09-01
300200786_,2,1.0,insufficient_history,2026-09-01
300200786_,3,1.0,insufficient_history,2026-09-01
300200786_,4,1.0,insufficient_history,2026-09-01
300200786_,5,1.0,insufficient_history,2026-09-01
300200786_,6,1.0,insufficient_history,2026-09-01
300200786_,7,1.0,insufficient_history,2026-09-01
300200786_,8,1.0,insufficient_history,2026-09-01
300200786_,9,1.0,insufficient_history,2026-09-01
300200786_,10,1.0,insufficient_history,2026-09-01
300200786_,11,1.0,insufficient_history,2026-09-01
300200786_,12,1.0,insufficient_history,2026-09-01
300200787_,1,1.0,insufficient_history,2026-09-01
300200787_,2,1.0,insufficient_history,2026-09-01
300200787_,3,1.0,insufficient_history,2026-09-01
300200787_,4,1.0,insufficient_history,2026-09-01
300200787_,5,1.0,insufficient_history,2026-09-01
300200787_,6,1.0,insufficient_history,2026-09-01
300200787_,7,1.0,insufficient_history,2026-09-01
300200787_,8,1.0,insufficient_history,2026-09-01
300200787_,9,1.0,insufficient_history,2026-09-01
300200787_,10,1.0,insufficient_history,2026-09-01
300200787_,11,1.0,insufficient_history,2026-09-01
300200787_,12,1.0,insufficient_history,2026-09-01
300200788_,1,1.0,insufficient_history,2026-09-01
300200788_,2,1.0,insufficient_history,2026-09-01
300200788_,3,1.0,insufficient_history,2026-09-01
300200788_,4,1.0,insufficient_history,2026-09-01
300200788_,5,1.0,insufficient_history,2026-09-01
300200788_,6,1.0,insufficient_history,2026-09-01
300200788_,7,1.0,insufficient_history,2026-09-01
300200788_,8,1.0,insufficient_history,2026-09-01
300200788_,9,1.0,insufficient_history,2026-09-01
300200788_,10,1.0,insufficient_history,2026-09-01
300200788_,11,1.0,insufficient_history,2026-09-01
300200788_,12,1.0,insufficient_history,2026-09-01
300200789_,1,1.0,insufficient_history,2026-09-01
300200789_,2,1.0,insufficient_history,2026-09-01
300200789_,3,1.0,insufficient_history,2026-09-01
300200789_,4,1.0,insufficient_history,2026-09-01
300200789_,5,1.0,insufficient_history,2026-09-01
300200789_,6,1.0,insufficient_history,2026-09-01
300200789_,7,1.0,insufficient_history,2026-09-01
300200789_,8,1.0,insufficient_history,2026-09-01
300200789_,9,1.0,insufficient_history,2026-09-01
300200789_,10,1.0,insufficient_history,2026-09-01
300200789_,11,1.0,insufficient_history,2026-09-01
300200789_,12,1.0,insufficient_history,2026-09-01
300200790_,1,1.0,insufficient_history,2026-09-01
300200790_,2,1.0,insufficient_history,2026-09-01
300200790_,3,1.0,insufficient_history,2026-09-01
300200790_,4,1.0,insufficient_history,2026-09-01
300200790_,5,1.0,insufficient_history,2026-09-01
300200790_,6,1.0,insufficient_history,2026-09-01
300200790_,7,1.0,insufficient_history,2026-09-01
300200790_,8,1.0,insufficient_history,2026-09-01
300200790_,9,1.0,insufficient_history,2026-09-01
300200790_,10,1.0,insufficient_history,2026-09-01
300200790_,11,1.0,insufficient_history,2026-09-01
300200790_,12,1.0,insufficient_history,2026-09-01
300200791_,1,1.0,insufficient_history,2026-09-01
300200791_,2,1.0,insufficient_history,2026-09-01
300200791_,3,1.0,insufficient_history,2026-09-01
300200791_,4,1.0,insufficient_history,2026-09-01
300200791_,5,1.0,insufficient_history,2026-09-01
300200791_,6,1.0,insufficient_history,2026-09-01
300200791_,7,1.0,insufficient_history,2026-09-01
300200791_,8,1.0,insufficient_history,2026-09-01
300200791_,9,1.0,insufficient_history,2026-09-01
300200791_,10,1.0,insufficient_history,2026-09-01
300200791_,11,1.0,insufficient_history,2026-09-01
300200791_,12,1.0,insufficient_history,2026-09-01
300200792_,1,1.0,insufficient_history,2026-09-01
300200792_,2,1.0,insufficient_history,2026-09-01
300200792_,3,1.0,insufficient_history,2026-09-01
300200792_,4,1.0,insufficient_history,2026-09-01
300200792_,5,1.0,insufficient_history,2026-09-01
300200792_,6,1.0,insufficient_history,2026-09-01
300200792_,7,1.0,insufficient_history,2026-09-01
300200792_,8,1.0,insufficient_history,2026-09-01
300200792_,9,1.0,insufficient_history,2026-09-01
300200792_,10,1.0,insufficient_history,2026-09-01
300200792_,11,1.0,insufficient_history,2026-09-01
300200792_,12,1.0,insufficient_history,2026-09-01
300200793_,1,1.0,insufficient_history,2026-09-01
300200793_,2,1.0,insufficient_history,2026-09-01
300200793_,3,1.0,insufficient_history,2026-09-01
300200793_,4,1.0,insufficient_history,2026-09-01
300200793_,5,1.0,insufficient_history,2026-09-01
300200793_,6,1.0,insufficient_history,2026-09-01
300200793_,7,1.0,insufficient_history,2026-09-01
300200793_,8,1.0,insufficient_history,2026-09-01
300200793_,9,1.0,insufficient_history,2026-09-01
300200793_,10,1.0,insufficient_history,2026-09-01
300200793_,11,1.0,insufficient_history,2026-09-01
300200793_,12,1.0,insufficient_history,2026-09-01
300200794_,1,1.0,insufficient_history,2026-09-01
300200794_,2,1.0,insufficient_history,2026-09-01
300200794_,3,1.0,insufficient_history,2026-09-01
300200794_,4,1.0,insufficient_history,2026-09-01
300200794_,5,1.0,insufficient_history,2026-09-01
300200794_,6,1.0,insufficient_history,2026-09-01
300200794_,7,1.0,insufficient_history,2026-09-01
300200794_,8,1.0,insufficient_history,2026-09-01
300200794_,9,1.0,insufficient_history,2026-09-01
300200794_,10,1.0,insufficient_history,2026-09-01
300200794_,11,1.0,insufficient_history,2026-09-01
300200794_,12,1.0,insufficient_history,2026-09-01
300200795_,1,1.0,insufficient_history,2026-09-01
300200795_,2,1.0,insufficient_history,2026-09-01
300200795_,3,1.0,insufficient_history,2026-09-01
300200795_,4,1.0,insufficient_history,2026-09-01
300200795_,5,1.0,insufficient_history,2026-09-01
300200795_,6,1.0,insufficient_history,2026-09-01
300200795_,7,1.0,insufficient_history,2026-09-01
300200795_,8,1.0,insufficient_history,2026-09-01
300200795_,9,1.0,insufficient_history,2026-09-01
300200795_,10,1.0,insufficient_history,2026-09-01
300200795_,11,1.0,insufficient_history,2026-09-01
300200795_,12,1.0,insufficient_history,2026-09-01
300200796_,1,1.0,insufficient_history,2026-09-01
300200796_,2,1.0,insufficient_history,2026-09-01
300200796_,3,1.0,insufficient_history,2026-09-01
300200796_,4,1.0,insufficient_history,2026-09-01
300200796_,5,1.0,insufficient_history,2026-09-01
300200796_,6,1.0,insufficient_history,2026-09-01
300200796_,7,1.0,insufficient_history,2026-09-01
300200796_,8,1.0,insufficient_history,2026-09-01
300200796_,9,1.0,insufficient_history,2026-09-01
300200796_,10,1.0,insufficient_history,2026-09-01
300200796_,11,1.0,insufficient_history,2026-09-01
300200796_,12,1.0,insufficient_history,2026-09-01
300200797_,1,1.0,insufficient_history,2026-09-01
300200797_,2,1.0,insufficient_history,2026-09-01
300200797_,3,1.0,insufficient_history,2026-09-01
300200797_,4,1.0,insufficient_history,2026-09-01
300200797_,5,1.0,insufficient_history,2026-09-01
300200797_,6,1.0,insufficient_history,2026-09-01
300200797_,7,1.0,insufficient_history,2026-09-01
300200797_,8,1.0,insufficient_history,2026-09-01
300200797_,9,1.0,insufficient_history,2026-09-01
300200797_,10,1.0,insufficient_history,2026-09-01
300200797_,11,1.0,insufficient_history,2026-09-01
300200797_,12,1.0,insufficient_history,2026-09-01
300200798_,1,1.0,insufficient_history,2026-09-01
300200798_,2,1.0,insufficient_history,2026-09-01
300200798_,3,1.0,insufficient_history,2026-09-01
300200798_,4,1.0,insufficient_history,2026-09-01
300200798_,5,1.0,insufficient_history,2026-09-01
300200798_,6,1.0,insufficient_history,2026-09-01
300200798_,7,1.0,insufficient_history,2026-09-01
300200798_,8,1.0,insufficient_history,2026-09-01
300200798_,9,1.0,insufficient_history,2026-09-01
300200798_,10,1.0,insufficient_history,2026-09-01
300200798_,11,1.0,insufficient_history,2026-09-01
300200798_,12,1.0,insufficient_history,2026-09-01
300200799_,1,1.0,insufficient_history,2026-09-01
300200799_,2,1.0,insufficient_history,2026-09-01
300200799_,3,1.0,insufficient_history,2026-09-01
300200799_,4,1.0,insufficient_history,2026-09-01
300200799_,5,1.0,insufficient_history,2026-09-01
300200799_,6,1.0,insufficient_history,2026-09-01
300200799_,7,1.0,insufficient_history,2026-09-01
300200799_,8,1.0,insufficient_history,2026-09-01
300200799_,9,1.0,insufficient_history,2026-09-01
300200799_,10,1.0,insufficient_history,2026-09-01
300200799_,11,1.0,insufficient_history,2026-09-01
300200799_,12,1.0,insufficient_history,2026-09-01
300200800_,1,1.0,insufficient_history,2026-09-01
300200800_,2,1.0,insufficient_history,2026-09-01
300200800_,3,1.0,insufficient_history,2026-09-01
300200800_,4,1.0,insufficient_history,2026-09-01
300200800_,5,1.0,insufficient_history,2026-09-01
300200800_,6,1.0,insufficient_history,2026-09-01
300200800_,7,1.0,insufficient_history,2026-09-01
300200800_,8,1.0,insufficient_history,2026-09-01
300200800_,9,1.0,insufficient_history,2026-09-01
300200800_,10,1.0,insufficient_history,2026-09-01
300200800_,11,1.0,insufficient_history,2026-09-01
300200800_,12,1.0,insufficient_history,2026-09-01
300200801_,1,1.0,insufficient_history,2026-09-01
300200801_,2,1.0,insufficient_history,2026-09-01
300200801_,3,1.0,insufficient_history,2026-09-01
300200801_,4,1.0,insufficient_history,2026-09-01
300200801_,5,1.0,insufficient_history,2026-09-01
300200801_,6,1.0,insufficient_history,2026-09-01
300200801_,7,1.0,insufficient_history,2026-09-01
300200801_,8,1.0,insufficient_history,2026-09-01
300200801_,9,1.0,insufficient_history,2026-09-01
300200801_,10,1.0,insufficient_history,2026-09-01
300200801_,11,1.0,insufficient_history,2026-09-01
300200801_,12,1.0,insufficient_history,2026-09-01
300200802_,1,1.0,insufficient_history,2026-09-01
300200802_,2,1.0,insufficient_history,2026-09-01
300200802_,3,1.0,insufficient_history,2026-09-01
300200802_,4,1.0,insufficient_history,2026-09-01
300200802_,5,1.0,insufficient_history,2026-09-01
300200802_,6,1.0,insufficient_history,2026-09-01
300200802_,7,1.0,insufficient_history,2026-09-01
300200802_,8,1.0,insufficient_history,2026-09-01
300200802_,9,1.0,insufficient_history,2026-09-01
300200802_,10,1.0,insufficient_history,2026-09-01
300200802_,11,1.0,insufficient_history,2026-09-01
300200802_,12,1.0,insufficient_history,2026-09-01
300200803_,1,1.0,insufficient_history,2026-09-01
300200803_,2,1.0,insufficient_history,2026-09-01
300200803_,3,1.0,insufficient_history,2026-09-01
300200803_,4,1.0,insufficient_history,2026-09-01
300200803_,5,1.0,insufficient_history,2026-09-01
300200803_,6,1.0,insufficient_history,2026-09-01
300200803_,7,1.0,insufficient_history,2026-09-01
300200803_,8,1.0,insufficient_history,2026-09-01
300200803_,9,1.0,insufficient_history,2026-09-01
300200803_,10,1.0,insufficient_history,2026-09-01
300200803_,11,1.0,insufficient_history,2026-09-01
300200803_,12,1.0,insufficient_history,2026-09-01
300200804_,1,1.0,insufficient_history,2026-09-01
300200804_,2,1.0,insufficient_history,2026-09-01
300200804_,3,1.0,insufficient_history,2026-09-01
300200804_,4,1.0,insufficient_history,2026-09-01
300200804_,5,1.0,insufficient_history,2026-09-01
300200804_,6,1.0,insufficient_history,2026-09-01
300200804_,7,1.0,insufficient_history,2026-09-01
300200804_,8,1.0,insufficient_history,2026-09-01
300200804_,9,1.0,insufficient_history,2026-09-01
300200804_,10,1.0,insufficient_history,2026-09-01
300200804_,11,1.0,insufficient_history,2026-09-01
300200804_,12,1.0,insufficient_history,2026-09-01
300200805_,1,1.0,insufficient_history,2026-09-01
300200805_,2,1.0,insufficient_history,2026-09-01
300200805_,3,1.0,insufficient_history,2026-09-01
300200805_,4,1.0,insufficient_history,2026-09-01
300200805_,5,1.0,insufficient_history,2026-09-01
300200805_,6,1.0,insufficient_history,2026-09-01
300200805_,7,1.0,insufficient_history,2026-09-01
300200805_,8,1.0,insufficient_history,2026-09-01
300200805_,9,1.0,insufficient_history,2026-09-01
300200805_,10,1.0,insufficient_history,2026-09-01
300200805_,11,1.0,insufficient_history,2026-09-01
300200805_,12,1.0,insufficient_history,2026-09-01
300200806_,1,1.0,insufficient_history,2026-09-01
300200806_,2,1.0,insufficient_history,2026-09-01
300200806_,3,1.0,insufficient_history,2026-09-01
300200806_,4,1.0,insufficient_history,2026-09-01
300200806_,5,1.0,insufficient_history,2026-09-01
300200806_,6,1.0,insufficient_history,2026-09-01
300200806_,7,1.0,insufficient_history,2026-09-01
300200806_,8,1.0,insufficient_history,2026-09-01
300200806_,9,1.0,insufficient_history,2026-09-01
300200806_,10,1.0,insufficient_history,2026-09-01
300200806_,11,1.0,insufficient_history,2026-09-01
300200806_,12,1.0,insufficient_history,2026-09-01
300200807_,1,1.0,insufficient_history,2026-09-01
300200807_,2,1.0,insufficient_history,2026-09-01
300200807_,3,1.0,insufficient_history,2026-09-01
300200807_,4,1.0,insufficient_history,2026-09-01
300200807_,5,1.0,insufficient_history,2026-09-01
300200807_,6,1.0,insufficient_history,2026-09-01
300200807_,7,1.0,insufficient_history,2026-09-01
300200807_,8,1.0,insufficient_history,2026-09-01
300200807_,9,1.0,insufficient_history,2026-09-01
300200807_,10,1.0,insufficient_history,2026-09-01
300200807_,11,1.0,insufficient_history,2026-09-01
300200807_,12,1.0,insufficient_history,2026-09-01
300200808_,1,1.0,insufficient_history,2026-09-01
300200808_,2,1.0,insufficient_history,2026-09-01
300200808_,3,1.0,insufficient_history,2026-09-01
300200808_,4,1.0,insufficient_history,2026-09-01
300200808_,5,1.0,insufficient_history,2026-09-01
300200808_,6,1.0,insufficient_history,2026-09-01
300200808_,7,1.0,insufficient_history,2026-09-01
300200808_,8,1.0,insufficient_history,2026-09-01
300200808_,9,1.0,insufficient_history,2026-09-01
300200808_,10,1.0,insufficient_history,2026-09-01
300200808_,11,1.0,insufficient_history,2026-09-01
300200808_,12,1.0,insufficient_history,2026-09-01
300200809_,1,1.0,insufficient_history,2026-09-01
300200809_,2,1.0,insufficient_history,2026-09-01
300200809_,3,1.0,insufficient_history,2026-09-01
300200809_,4,1.0,insufficient_history,2026-09-01
300200809_,5,1.0,insufficient_history,2026-09-01
300200809_,6,1.0,insufficient_history,2026-09-01
300200809_,7,1.0,insufficient_history,2026-09-01
300200809_,8,1.0,insufficient_history,2026-09-01
300200809_,9,1.0,insufficient_history,2026-09-01
300200809_,10,1.0,insufficient_history,2026-09-01
300200809_,11,1.0,insufficient_history,2026-09-01
300200809_,12,1.0,insufficient_history,2026-09-01
300200810_,1,0.8802675732268553,estimated_from_past,2026-09-01
300200810_,2,1.1849121079573313,estimated_from_past,2026-09-01
300200810_,3,0.9211511934131683,estimated_from_past,2026-09-01
300200810_,4,0.9470331776183574,estimated_from_past,2026-09-01
300200810_,5,1.1342622342759567,estimated_from_past,2026-09-01
300200810_,6,0.6962689140250784,estimated_from_past,2026-09-01
300200810_,7,1.1778311720070431,estimated_from_past,2026-09-01
300200810_,8,1.011993086005483,estimated_from_past,2026-09-01
300200810_,9,0.9580430754550291,estimated_from_past,2026-09-01
300200810_,10,0.9316418537883562,estimated_from_past,2026-09-01
300200810_,11,1.0647441488973401,estimated_from_past,2026-09-01
300200810_,12,1.091851463330001,estimated_from_past,2026-09-01
300200811_,1,1.0,insufficient_history,2026-09-01
300200811_,2,1.0,insufficient_history,2026-09-01
300200811_,3,1.0,insufficient_history,2026-09-01
300200811_,4,1.0,insufficient_history,2026-09-01
300200811_,5,1.0,insufficient_history,2026-09-01
300200811_,6,1.0,insufficient_history,2026-09-01
300200811_,7,1.0,insufficient_history,2026-09-01
300200811_,8,1.0,insufficient_history,2026-09-01
300200811_,9,1.0,insufficient_history,2026-09-01
300200811_,10,1.0,insufficient_history,2026-09-01
300200811_,11,1.0,insufficient_history,2026-09-01
300200811_,12,1.0,insufficient_history,2026-09-01
300200812_,1,1.0,insufficient_history,2026-09-01
300200812_,2,1.0,insufficient_history,2026-09-01
300200812_,3,1.0,insufficient_history,2026-09-01
300200812_,4,1.0,insufficient_history,2026-09-01
300200812_,5,1.0,insufficient_history,2026-09-01
300200812_,6,1.0,insufficient_history,2026-09-01
300200812_,7,1.0,insufficient_history,2026-09-01
300200812_,8,1.0,insufficient_history,2026-09-01
300200812_,9,1.0,insufficient_history,2026-09-01
300200812_,10,1.0,insufficient_history,2026-09-01
300200812_,11,1.0,insufficient_history,2026-09-01
300200812_,12,1.0,insufficient_history,2026-09-01
300200813_,1,1.0,insufficient_history,2026-09-01
300200813_,2,1.0,insufficient_history,2026-09-01
300200813_,3,1.0,insufficient_history,2026-09-01
300200813_,4,1.0,insufficient_history,2026-09-01
300200813_,5,1.0,insufficient_history,2026-09-01
300200813_,6,1.0,insufficient_history,2026-09-01
300200813_,7,1.0,insufficient_history,2026-09-01
300200813_,8,1.0,insufficient_history,2026-09-01
300200813_,9,1.0,insufficient_history,2026-09-01
300200813_,10,1.0,insufficient_history,2026-09-01
300200813_,11,1.0,insufficient_history,2026-09-01
300200813_,12,1.0,insufficient_history,2026-09-01
300200814_,1,0.7761304933620926,estimated_from_past,2026-09-01
300200814_,2,1.2270927452062375,estimated_from_past,2026-09-01
300200814_,3,0.8648061148345594,estimated_from_past,2026-09-01
300200814_,4,1.0060845610109692,estimated_from_past,2026-09-01
300200814_,5,0.9800067729216774,estimated_from_past,2026-09-01
300200814_,6,1.2344264783865337,estimated_from_past,2026-09-01
300200814_,7,1.0525102236336856,estimated_from_past,2026-09-01
300200814_,8,0.9119062726813781,estimated_from_past,2026-09-01
300200814_,9,0.9442064124951807,estimated_from_past,2026-09-01
300200814_,10,0.7887498646601383,estimated_from_past,2026-09-01
300200814_,11,1.0700772172733573,estimated_from_past,2026-09-01
300200814_,12,1.144002843534192,estimated_from_past,2026-09-01
300200815_,1,1.0,insufficient_history,2026-09-01
300200815_,2,1.0,insufficient_history,2026-09-01
300200815_,3,1.0,insufficient_history,2026-09-01
300200815_,4,1.0,insufficient_history,2026-09-01
300200815_,5,1.0,insufficient_history,2026-09-01
300200815_,6,1.0,insufficient_history,2026-09-01
300200815_,7,1.0,insufficient_history,2026-09-01
300200815_,8,1.0,insufficient_history,2026-09-01
300200815_,9,1.0,insufficient_history,2026-09-01
300200815_,10,1.0,insufficient_history,2026-09-01
300200815_,11,1.0,insufficient_history,2026-09-01
300200815_,12,1.0,insufficient_history,2026-09-01
300200816_,1,1.0,insufficient_history,2026-09-01
300200816_,2,1.0,insufficient_history,2026-09-01
300200816_,3,1.0,insufficient_history,2026-09-01
300200816_,4,1.0,insufficient_history,2026-09-01
300200816_,5,1.0,insufficient_history,2026-09-01
300200816_,6,1.0,insufficient_history,2026-09-01
300200816_,7,1.0,insufficient_history,2026-09-01
300200816_,8,1.0,insufficient_history,2026-09-01
300200816_,9,1.0,insufficient_history,2026-09-01
300200816_,10,1.0,insufficient_history,2026-09-01
300200816_,11,1.0,insufficient_history,2026-09-01
300200816_,12,1.0,insufficient_history,2026-09-01
300200817_,1,1.0,insufficient_history,2026-09-01
300200817_,2,1.0,insufficient_history,2026-09-01
300200817_,3,1.0,insufficient_history,2026-09-01
300200817_,4,1.0,insufficient_history,2026-09-01
300200817_,5,1.0,insufficient_history,2026-09-01
300200817_,6,1.0,insufficient_history,2026-09-01
300200817_,7,1.0,insufficient_history,2026-09-01
300200817_,8,1.0,insufficient_history,2026-09-01
300200817_,9,1.0,insufficient_history,2026-09-01
300200817_,10,1.0,insufficient_history,2026-09-01
300200817_,11,1.0,insufficient_history,2026-09-01
300200817_,12,1.0,insufficient_history,2026-09-01
300200818_,1,1.0,insufficient_history,2026-09-01
300200818_,2,1.0,insufficient_history,2026-09-01
300200818_,3,1.0,insufficient_history,2026-09-01
300200818_,4,1.0,insufficient_history,2026-09-01
300200818_,5,1.0,insufficient_history,2026-09-01
300200818_,6,1.0,insufficient_history,2026-09-01
300200818_,7,1.0,insufficient_history,2026-09-01
300200818_,8,1.0,insufficient_history,2026-09-01
300200818_,9,1.0,insufficient_history,2026-09-01
300200818_,10,1.0,insufficient_history,2026-09-01
300200818_,11,1.0,insufficient_history,2026-09-01
300200818_,12,1.0,insufficient_history,2026-09-01
300200819_,1,1.0,insufficient_history,2026-09-01
300200819_,2,1.0,insufficient_history,2026-09-01
300200819_,3,1.0,insufficient_history,2026-09-01
300200819_,4,1.0,insufficient_history,2026-09-01
300200819_,5,1.0,insufficient_history,2026-09-01
300200819_,6,1.0,insufficient_history,2026-09-01
300200819_,7,1.0,insufficient_history,2026-09-01
300200819_,8,1.0,insufficient_history,2026-09-01
300200819_,9,1.0,insufficient_history,2026-09-01
300200819_,10,1.0,insufficient_history,2026-09-01
300200819_,11,1.0,insufficient_history,2026-09-01
300200819_,12,1.0,insufficient_history,2026-09-01
300200820_,1,1.0,insufficient_history,2026-09-01
300200820_,2,1.0,insufficient_history,2026-09-01
300200820_,3,1.0,insufficient_history,2026-09-01
300200820_,4,1.0,insufficient_history,2026-09-01
300200820_,5,1.0,insufficient_history,2026-09-01
300200820_,6,1.0,insufficient_history,2026-09-01
300200820_,7,1.0,insufficient_history,2026-09-01
300200820_,8,1.0,insufficient_history,2026-09-01
300200820_,9,1.0,insufficient_history,2026-09-01
300200820_,10,1.0,insufficient_history,2026-09-01
300200820_,11,1.0,insufficient_history,2026-09-01
300200820_,12,1.0,insufficient_history,2026-09-01
300200821_,1,0.8805791795462058,estimated_from_past,2026-09-01
300200821_,2,1.3352977320984025,estimated_from_past,2026-09-01
300200821_,3,0.997132366979163,estimated_from_past,2026-09-01
300200821_,4,0.8799970431863903,estimated_from_past,2026-09-01
300200821_,5,1.1768541877780294,estimated_from_past,2026-09-01
300200821_,6,0.7808191674116606,estimated_from_past,2026-09-01
300200821_,7,0.9993139091074612,estimated_from_past,2026-09-01
300200821_,8,0.6631366039807767,estimated_from_past,2026-09-01
300200821_,9,1.0292155139416932,estimated_from_past,2026-09-01
300200821_,10,0.8030749423724173,estimated_from_past,2026-09-01
300200821_,11,0.9963060745501279,estimated_from_past,2026-09-01
300200821_,12,1.4582732790476725,estimated_from_past,2026-09-01
300200822_,1,0.7916321977278413,estimated_from_past,2026-09-01
300200822_,2,1.1115992755301605,estimated_from_past,2026-09-01
300200822_,3,0.8795334467735418,estimated_from_past,2026-09-01
300200822_,4,1.274624434388789,estimated_from_past,2026-09-01
300200822_,5,1.0928925471110549,estimated_from_past,2026-09-01
300200822_,6,0.6176783210710831,estimated_from_past,2026-09-01
300200822_,7,1.0841352044565804,estimated_from_past,2026-09-01
300200822_,8,1.089494274233512,estimated_from_past,2026-09-01
300200822_,9,1.1132196167913746,estimated_from_past,2026-09-01
300200822_,10,0.8578496969579582,estimated_from_past,2026-09-01
300200822_,11,1.0738613988268237,estimated_from_past,2026-09-01
300200822_,12,1.0134795861312813,estimated_from_past,2026-09-01
300200823_,1,1.0,insufficient_history,2026-09-01
300200823_,2,1.0,insufficient_history,2026-09-01
300200823_,3,1.0,insufficient_history,2026-09-01
300200823_,4,1.0,insufficient_history,2026-09-01
300200823_,5,1.0,insufficient_history,2026-09-01
300200823_,6,1.0,insufficient_history,2026-09-01
300200823_,7,1.0,insufficient_history,2026-09-01
300200823_,8,1.0,insufficient_history,2026-09-01
300200823_,9,1.0,insufficient_history,2026-09-01
300200823_,10,1.0,insufficient_history,2026-09-01
300200823_,11,1.0,insufficient_history,2026-09-01
300200823_,12,1.0,insufficient_history,2026-09-01
300200824_,1,1.0,insufficient_history,2026-09-01
300200824_,2,1.0,insufficient_history,2026-09-01
300200824_,3,1.0,insufficient_history,2026-09-01
300200824_,4,1.0,insufficient_history,2026-09-01
300200824_,5,1.0,insufficient_history,2026-09-01
300200824_,6,1.0,insufficient_history,2026-09-01
300200824_,7,1.0,insufficient_history,2026-09-01
300200824_,8,1.0,insufficient_history,2026-09-01
300200824_,9,1.0,insufficient_history,2026-09-01
300200824_,10,1.0,insufficient_history,2026-09-01
300200824_,11,1.0,insufficient_history,2026-09-01
300200824_,12,1.0,insufficient_history,2026-09-01
300200825_,1,1.0,insufficient_history,2026-09-01
300200825_,2,1.0,insufficient_history,2026-09-01
300200825_,3,1.0,insufficient_history,2026-09-01
300200825_,4,1.0,insufficient_history,2026-09-01
300200825_,5,1.0,insufficient_history,2026-09-01
300200825_,6,1.0,insufficient_history,2026-09-01
300200825_,7,1.0,insufficient_history,2026-09-01
300200825_,8,1.0,insufficient_history,2026-09-01
300200825_,9,1.0,insufficient_history,2026-09-01
300200825_,10,1.0,insufficient_history,2026-09-01
300200825_,11,1.0,insufficient_history,2026-09-01
300200825_,12,1.0,insufficient_history,2026-09-01
300200826_,1,1.0,insufficient_history,2026-09-01
300200826_,2,1.0,insufficient_history,2026-09-01
300200826_,3,1.0,insufficient_history,2026-09-01
300200826_,4,1.0,insufficient_history,2026-09-01
300200826_,5,1.0,insufficient_history,2026-09-01
300200826_,6,1.0,insufficient_history,2026-09-01
300200826_,7,1.0,insufficient_history,2026-09-01
300200826_,8,1.0,insufficient_history,2026-09-01
300200826_,9,1.0,insufficient_history,2026-09-01
300200826_,10,1.0,insufficient_history,2026-09-01
300200826_,11,1.0,insufficient_history,2026-09-01
300200826_,12,1.0,insufficient_history,2026-09-01
300200827_,1,1.0,insufficient_history,2026-09-01
300200827_,2,1.0,insufficient_history,2026-09-01
300200827_,3,1.0,insufficient_history,2026-09-01
300200827_,4,1.0,insufficient_history,2026-09-01
300200827_,5,1.0,insufficient_history,2026-09-01
300200827_,6,1.0,insufficient_history,2026-09-01
300200827_,7,1.0,insufficient_history,2026-09-01
300200827_,8,1.0,insufficient_history,2026-09-01
300200827_,9,1.0,insufficient_history,2026-09-01
300200827_,10,1.0,insufficient_history,2026-09-01
300200827_,11,1.0,insufficient_history,2026-09-01
300200827_,12,1.0,insufficient_history,2026-09-01
300200828_,1,1.0,insufficient_history,2026-09-01
300200828_,2,1.0,insufficient_history,2026-09-01
300200828_,3,1.0,insufficient_history,2026-09-01
300200828_,4,1.0,insufficient_history,2026-09-01
300200828_,5,1.0,insufficient_history,2026-09-01
300200828_,6,1.0,insufficient_history,2026-09-01
300200828_,7,1.0,insufficient_history,2026-09-01
300200828_,8,1.0,insufficient_history,2026-09-01
300200828_,9,1.0,insufficient_history,2026-09-01
300200828_,10,1.0,insufficient_history,2026-09-01
300200828_,11,1.0,insufficient_history,2026-09-01
300200828_,12,1.0,insufficient_history,2026-09-01
300200829_,1,1.0,insufficient_history,2026-09-01
300200829_,2,1.0,insufficient_history,2026-09-01
300200829_,3,1.0,insufficient_history,2026-09-01
300200829_,4,1.0,insufficient_history,2026-09-01
300200829_,5,1.0,insufficient_history,2026-09-01
300200829_,6,1.0,insufficient_history,2026-09-01
300200829_,7,1.0,insufficient_history,2026-09-01
300200829_,8,1.0,insufficient_history,2026-09-01
300200829_,9,1.0,insufficient_history,2026-09-01
300200829_,10,1.0,insufficient_history,2026-09-01
300200829_,11,1.0,insufficient_history,2026-09-01
300200829_,12,1.0,insufficient_history,2026-09-01
300200830_,1,1.0,insufficient_history,2026-09-01
300200830_,2,1.0,insufficient_history,2026-09-01
300200830_,3,1.0,insufficient_history,2026-09-01
300200830_,4,1.0,insufficient_history,2026-09-01
300200830_,5,1.0,insufficient_history,2026-09-01
300200830_,6,1.0,insufficient_history,2026-09-01
300200830_,7,1.0,insufficient_history,2026-09-01
300200830_,8,1.0,insufficient_history,2026-09-01
300200830_,9,1.0,insufficient_history,2026-09-01
300200830_,10,1.0,insufficient_history,2026-09-01
300200830_,11,1.0,insufficient_history,2026-09-01
300200830_,12,1.0,insufficient_history,2026-09-01
300200831_,1,1.0,insufficient_history,2026-09-01
300200831_,2,1.0,insufficient_history,2026-09-01
300200831_,3,1.0,insufficient_history,2026-09-01
300200831_,4,1.0,insufficient_history,2026-09-01
300200831_,5,1.0,insufficient_history,2026-09-01
300200831_,6,1.0,insufficient_history,2026-09-01
300200831_,7,1.0,insufficient_history,2026-09-01
300200831_,8,1.0,insufficient_history,2026-09-01
300200831_,9,1.0,insufficient_history,2026-09-01
300200831_,10,1.0,insufficient_history,2026-09-01
300200831_,11,1.0,insufficient_history,2026-09-01
300200831_,12,1.0,insufficient_history,2026-09-01
300200832_,1,1.0,insufficient_history,2026-09-01
300200832_,2,1.0,insufficient_history,2026-09-01
300200832_,3,1.0,insufficient_history,2026-09-01
300200832_,4,1.0,insufficient_history,2026-09-01
300200832_,5,1.0,insufficient_history,2026-09-01
300200832_,6,1.0,insufficient_history,2026-09-01
300200832_,7,1.0,insufficient_history,2026-09-01
300200832_,8,1.0,insufficient_history,2026-09-01
300200832_,9,1.0,insufficient_history,2026-09-01
300200832_,10,1.0,insufficient_history,2026-09-01
300200832_,11,1.0,insufficient_history,2026-09-01
300200832_,12,1.0,insufficient_history,2026-09-01
300200833_,1,1.0,insufficient_history,2026-09-01
300200833_,2,1.0,insufficient_history,2026-09-01
300200833_,3,1.0,insufficient_history,2026-09-01
300200833_,4,1.0,insufficient_history,2026-09-01
300200833_,5,1.0,insufficient_history,2026-09-01
300200833_,6,1.0,insufficient_history,2026-09-01
300200833_,7,1.0,insufficient_history,2026-09-01
300200833_,8,1.0,insufficient_history,2026-09-01
300200833_,9,1.0,insufficient_history,2026-09-01
300200833_,10,1.0,insufficient_history,2026-09-01
300200833_,11,1.0,insufficient_history,2026-09-01
300200833_,12,1.0,insufficient_history,2026-09-01
300200834_,1,1.0,insufficient_history,2026-09-01
300200834_,2,1.0,insufficient_history,2026-09-01
300200834_,3,1.0,insufficient_history,2026-09-01
300200834_,4,1.0,insufficient_history,2026-09-01
300200834_,5,1.0,insufficient_history,2026-09-01
300200834_,6,1.0,insufficient_history,2026-09-01
300200834_,7,1.0,insufficient_history,2026-09-01
300200834_,8,1.0,insufficient_history,2026-09-01
300200834_,9,1.0,insufficient_history,2026-09-01
300200834_,10,1.0,insufficient_history,2026-09-01
300200834_,11,1.0,insufficient_history,2026-09-01
300200834_,12,1.0,insufficient_history,2026-09-01
300200835_,1,1.0,insufficient_history,2026-09-01
300200835_,2,1.0,insufficient_history,2026-09-01
300200835_,3,1.0,insufficient_history,2026-09-01
300200835_,4,1.0,insufficient_history,2026-09-01
300200835_,5,1.0,insufficient_history,2026-09-01
300200835_,6,1.0,insufficient_history,2026-09-01
300200835_,7,1.0,insufficient_history,2026-09-01
300200835_,8,1.0,insufficient_history,2026-09-01
300200835_,9,1.0,insufficient_history,2026-09-01
300200835_,10,1.0,insufficient_history,2026-09-01
300200835_,11,1.0,insufficient_history,2026-09-01
300200835_,12,1.0,insufficient_history,2026-09-01
300200836_,1,1.0,insufficient_history,2026-09-01
300200836_,2,1.0,insufficient_history,2026-09-01
300200836_,3,1.0,insufficient_history,2026-09-01
300200836_,4,1.0,insufficient_history,2026-09-01
300200836_,5,1.0,insufficient_history,2026-09-01
300200836_,6,1.0,insufficient_history,2026-09-01
300200836_,7,1.0,insufficient_history,2026-09-01
300200836_,8,1.0,insufficient_history,2026-09-01
300200836_,9,1.0,insufficient_history,2026-09-01
300200836_,10,1.0,insufficient_history,2026-09-01
300200836_,11,1.0,insufficient_history,2026-09-01
300200836_,12,1.0,insufficient_history,2026-09-01
300200837_,1,1.0,insufficient_history,2026-09-01
300200837_,2,1.0,insufficient_history,2026-09-01
300200837_,3,1.0,insufficient_history,2026-09-01
300200837_,4,1.0,insufficient_history,2026-09-01
300200837_,5,1.0,insufficient_history,2026-09-01
300200837_,6,1.0,insufficient_history,2026-09-01
300200837_,7,1.0,insufficient_history,2026-09-01
300200837_,8,1.0,insufficient_history,2026-09-01
300200837_,9,1.0,insufficient_history,2026-09-01
300200837_,10,1.0,insufficient_history,2026-09-01
300200837_,11,1.0,insufficient_history,2026-09-01
300200837_,12,1.0,insufficient_history,2026-09-01
300200838_,1,1.0,insufficient_history,2026-09-01
300200838_,2,1.0,insufficient_history,2026-09-01
300200838_,3,1.0,insufficient_history,2026-09-01
300200838_,4,1.0,insufficient_history,2026-09-01
300200838_,5,1.0,insufficient_history,2026-09-01
300200838_,6,1.0,insufficient_history,2026-09-01
300200838_,7,1.0,insufficient_history,2026-09-01
300200838_,8,1.0,insufficient_history,2026-09-01
300200838_,9,1.0,insufficient_history,2026-09-01
300200838_,10,1.0,insufficient_history,2026-09-01
300200838_,11,1.0,insufficient_history,2026-09-01
300200838_,12,1.0,insufficient_history,2026-09-01
300200839_,1,1.0,insufficient_history,2026-09-01
300200839_,2,1.0,insufficient_history,2026-09-01
300200839_,3,1.0,insufficient_history,2026-09-01
300200839_,4,1.0,insufficient_history,2026-09-01
300200839_,5,1.0,insufficient_history,2026-09-01
300200839_,6,1.0,insufficient_history,2026-09-01
300200839_,7,1.0,insufficient_history,2026-09-01
300200839_,8,1.0,insufficient_history,2026-09-01
300200839_,9,1.0,insufficient_history,2026-09-01
300200839_,10,1.0,insufficient_history,2026-09-01
300200839_,11,1.0,insufficient_history,2026-09-01
300200839_,12,1.0,insufficient_history,2026-09-01
300200840_,1,1.0,insufficient_history,2026-09-01
300200840_,2,1.0,insufficient_history,2026-09-01
300200840_,3,1.0,insufficient_history,2026-09-01
300200840_,4,1.0,insufficient_history,2026-09-01
300200840_,5,1.0,insufficient_history,2026-09-01
300200840_,6,1.0,insufficient_history,2026-09-01
300200840_,7,1.0,insufficient_history,2026-09-01
300200840_,8,1.0,insufficient_history,2026-09-01
300200840_,9,1.0,insufficient_history,2026-09-01
300200840_,10,1.0,insufficient_history,2026-09-01
300200840_,11,1.0,insufficient_history,2026-09-01
300200840_,12,1.0,insufficient_history,2026-09-01
300200841_,1,1.0,insufficient_history,2026-09-01
300200841_,2,1.0,insufficient_history,2026-09-01
300200841_,3,1.0,insufficient_history,2026-09-01
300200841_,4,1.0,insufficient_history,2026-09-01
300200841_,5,1.0,insufficient_history,2026-09-01
300200841_,6,1.0,insufficient_history,2026-09-01
300200841_,7,1.0,insufficient_history,2026-09-01
300200841_,8,1.0,insufficient_history,2026-09-01
300200841_,9,1.0,insufficient_history,2026-09-01
300200841_,10,1.0,insufficient_history,2026-09-01
300200841_,11,1.0,insufficient_history,2026-09-01
300200841_,12,1.0,insufficient_history,2026-09-01
300200842_,1,1.0,insufficient_history,2026-09-01
300200842_,2,1.0,insufficient_history,2026-09-01
300200842_,3,1.0,insufficient_history,2026-09-01
300200842_,4,1.0,insufficient_history,2026-09-01
300200842_,5,1.0,insufficient_history,2026-09-01
300200842_,6,1.0,insufficient_history,2026-09-01
300200842_,7,1.0,insufficient_history,2026-09-01
300200842_,8,1.0,insufficient_history,2026-09-01
300200842_,9,1.0,insufficient_history,2026-09-01
300200842_,10,1.0,insufficient_history,2026-09-01
300200842_,11,1.0,insufficient_history,2026-09-01
300200842_,12,1.0,insufficient_history,2026-09-01
300200843_,1,1.0,insufficient_history,2026-09-01
300200843_,2,1.0,insufficient_history,2026-09-01
300200843_,3,1.0,insufficient_history,2026-09-01
300200843_,4,1.0,insufficient_history,2026-09-01
300200843_,5,1.0,insufficient_history,2026-09-01
300200843_,6,1.0,insufficient_history,2026-09-01
300200843_,7,1.0,insufficient_history,2026-09-01
300200843_,8,1.0,insufficient_history,2026-09-01
300200843_,9,1.0,insufficient_history,2026-09-01
300200843_,10,1.0,insufficient_history,2026-09-01
300200843_,11,1.0,insufficient_history,2026-09-01
300200843_,12,1.0,insufficient_history,2026-09-01
300200844_,1,1.0,insufficient_history,2026-09-01
300200844_,2,1.0,insufficient_history,2026-09-01
300200844_,3,1.0,insufficient_history,2026-09-01
300200844_,4,1.0,insufficient_history,2026-09-01
300200844_,5,1.0,insufficient_history,2026-09-01
300200844_,6,1.0,insufficient_history,2026-09-01
300200844_,7,1.0,insufficient_history,2026-09-01
300200844_,8,1.0,insufficient_history,2026-09-01
300200844_,9,1.0,insufficient_history,2026-09-01
300200844_,10,1.0,insufficient_history,2026-09-01
300200844_,11,1.0,insufficient_history,2026-09-01
300200844_,12,1.0,insufficient_history,2026-09-01
300200845_,1,1.0,insufficient_history,2026-09-01
300200845_,2,1.0,insufficient_history,2026-09-01
300200845_,3,1.0,insufficient_history,2026-09-01
300200845_,4,1.0,insufficient_history,2026-09-01
300200845_,5,1.0,insufficient_history,2026-09-01
300200845_,6,1.0,insufficient_history,2026-09-01
300200845_,7,1.0,insufficient_history,2026-09-01
300200845_,8,1.0,insufficient_history,2026-09-01
300200845_,9,1.0,insufficient_history,2026-09-01
300200845_,10,1.0,insufficient_history,2026-09-01
300200845_,11,1.0,insufficient_history,2026-09-01
300200845_,12,1.0,insufficient_history,2026-09-01
300200846_,1,1.0,insufficient_history,2026-09-01
300200846_,2,1.0,insufficient_history,2026-09-01
300200846_,3,1.0,insufficient_history,2026-09-01
300200846_,4,1.0,insufficient_history,2026-09-01
300200846_,5,1.0,insufficient_history,2026-09-01
300200846_,6,1.0,insufficient_history,2026-09-01
300200846_,7,1.0,insufficient_history,2026-09-01
300200846_,8,1.0,insufficient_history,2026-09-01
300200846_,9,1.0,insufficient_history,2026-09-01
300200846_,10,1.0,insufficient_history,2026-09-01
300200846_,11,1.0,insufficient_history,2026-09-01
300200846_,12,1.0,insufficient_history,2026-09-01
300200847_,1,1.0,insufficient_history,2026-09-01
300200847_,2,1.0,insufficient_history,2026-09-01
300200847_,3,1.0,insufficient_history,2026-09-01
300200847_,4,1.0,insufficient_history,2026-09-01
300200847_,5,1.0,insufficient_history,2026-09-01
300200847_,6,1.0,insufficient_history,2026-09-01
300200847_,7,1.0,insufficient_history,2026-09-01
300200847_,8,1.0,insufficient_history,2026-09-01
300200847_,9,1.0,insufficient_history,2026-09-01
300200847_,10,1.0,insufficient_history,2026-09-01
300200847_,11,1.0,insufficient_history,2026-09-01
300200847_,12,1.0,insufficient_history,2026-09-01
300200848_,1,1.0,insufficient_history,2026-09-01
300200848_,2,1.0,insufficient_history,2026-09-01
300200848_,3,1.0,insufficient_history,2026-09-01
300200848_,4,1.0,insufficient_history,2026-09-01
300200848_,5,1.0,insufficient_history,2026-09-01
300200848_,6,1.0,insufficient_history,2026-09-01
300200848_,7,1.0,insufficient_history,2026-09-01
300200848_,8,1.0,insufficient_history,2026-09-01
300200848_,9,1.0,insufficient_history,2026-09-01
300200848_,10,1.0,insufficient_history,2026-09-01
300200848_,11,1.0,insufficient_history,2026-09-01
300200848_,12,1.0,insufficient_history,2026-09-01
300200849_,1,1.0,insufficient_history,2026-09-01
300200849_,2,1.0,insufficient_history,2026-09-01
300200849_,3,1.0,insufficient_history,2026-09-01
300200849_,4,1.0,insufficient_history,2026-09-01
300200849_,5,1.0,insufficient_history,2026-09-01
300200849_,6,1.0,insufficient_history,2026-09-01
300200849_,7,1.0,insufficient_history,2026-09-01
300200849_,8,1.0,insufficient_history,2026-09-01
300200849_,9,1.0,insufficient_history,2026-09-01
300200849_,10,1.0,insufficient_history,2026-09-01
300200849_,11,1.0,insufficient_history,2026-09-01
300200849_,12,1.0,insufficient_history,2026-09-01
300200850_,1,1.0,insufficient_history,2026-09-01
300200850_,2,1.0,insufficient_history,2026-09-01
300200850_,3,1.0,insufficient_history,2026-09-01
300200850_,4,1.0,insufficient_history,2026-09-01
300200850_,5,1.0,insufficient_history,2026-09-01
300200850_,6,1.0,insufficient_history,2026-09-01
300200850_,7,1.0,insufficient_history,2026-09-01
300200850_,8,1.0,insufficient_history,2026-09-01
300200850_,9,1.0,insufficient_history,2026-09-01
300200850_,10,1.0,insufficient_history,2026-09-01
300200850_,11,1.0,insufficient_history,2026-09-01
300200850_,12,1.0,insufficient_history,2026-09-01
300200851_,1,1.0,insufficient_history,2026-09-01
300200851_,2,1.0,insufficient_history,2026-09-01
300200851_,3,1.0,insufficient_history,2026-09-01
300200851_,4,1.0,insufficient_history,2026-09-01
300200851_,5,1.0,insufficient_history,2026-09-01
300200851_,6,1.0,insufficient_history,2026-09-01
300200851_,7,1.0,insufficient_history,2026-09-01
300200851_,8,1.0,insufficient_history,2026-09-01
300200851_,9,1.0,insufficient_history,2026-09-01
300200851_,10,1.0,insufficient_history,2026-09-01
300200851_,11,1.0,insufficient_history,2026-09-01
300200851_,12,1.0,insufficient_history,2026-09-01
300200852_,1,1.0,insufficient_history,2026-09-01
300200852_,2,1.0,insufficient_history,2026-09-01
300200852_,3,1.0,insufficient_history,2026-09-01
300200852_,4,1.0,insufficient_history,2026-09-01
300200852_,5,1.0,insufficient_history,2026-09-01
300200852_,6,1.0,insufficient_history,2026-09-01
300200852_,7,1.0,insufficient_history,2026-09-01
300200852_,8,1.0,insufficient_history,2026-09-01
300200852_,9,1.0,insufficient_history,2026-09-01
300200852_,10,1.0,insufficient_history,2026-09-01
300200852_,11,1.0,insufficient_history,2026-09-01
300200852_,12,1.0,insufficient_history,2026-09-01
300200853_,1,1.0,insufficient_history,2026-09-01
300200853_,2,1.0,insufficient_history,2026-09-01
300200853_,3,1.0,insufficient_history,2026-09-01
300200853_,4,1.0,insufficient_history,2026-09-01
300200853_,5,1.0,insufficient_history,2026-09-01
300200853_,6,1.0,insufficient_history,2026-09-01
300200853_,7,1.0,insufficient_history,2026-09-01
300200853_,8,1.0,insufficient_history,2026-09-01
300200853_,9,1.0,insufficient_history,2026-09-01
300200853_,10,1.0,insufficient_history,2026-09-01
300200853_,11,1.0,insufficient_history,2026-09-01
300200853_,12,1.0,insufficient_history,2026-09-01
300200854_,1,1.0,insufficient_history,2026-09-01
300200854_,2,1.0,insufficient_history,2026-09-01
300200854_,3,1.0,insufficient_history,2026-09-01
300200854_,4,1.0,insufficient_history,2026-09-01
300200854_,5,1.0,insufficient_history,2026-09-01
300200854_,6,1.0,insufficient_history,2026-09-01
300200854_,7,1.0,insufficient_history,2026-09-01
300200854_,8,1.0,insufficient_history,2026-09-01
300200854_,9,1.0,insufficient_history,2026-09-01
300200854_,10,1.0,insufficient_history,2026-09-01
300200854_,11,1.0,insufficient_history,2026-09-01
300200854_,12,1.0,insufficient_history,2026-09-01
300200855_,1,1.0,insufficient_history,2026-09-01
300200855_,2,1.0,insufficient_history,2026-09-01
300200855_,3,1.0,insufficient_history,2026-09-01
300200855_,4,1.0,insufficient_history,2026-09-01
300200855_,5,1.0,insufficient_history,2026-09-01
300200855_,6,1.0,insufficient_history,2026-09-01
300200855_,7,1.0,insufficient_history,2026-09-01
300200855_,8,1.0,insufficient_history,2026-09-01
300200855_,9,1.0,insufficient_history,2026-09-01
300200855_,10,1.0,insufficient_history,2026-09-01
300200855_,11,1.0,insufficient_history,2026-09-01
300200855_,12,1.0,insufficient_history,2026-09-01
300200856_,1,1.0,insufficient_history,2026-09-01
300200856_,2,1.0,insufficient_history,2026-09-01
300200856_,3,1.0,insufficient_history,2026-09-01
300200856_,4,1.0,insufficient_history,2026-09-01
300200856_,5,1.0,insufficient_history,2026-09-01
300200856_,6,1.0,insufficient_history,2026-09-01
300200856_,7,1.0,insufficient_history,2026-09-01
300200856_,8,1.0,insufficient_history,2026-09-01
300200856_,9,1.0,insufficient_history,2026-09-01
300200856_,10,1.0,insufficient_history,2026-09-01
300200856_,11,1.0,insufficient_history,2026-09-01
300200856_,12,1.0,insufficient_history,2026-09-01
300200857_,1,1.0,insufficient_history,2026-09-01
300200857_,2,1.0,insufficient_history,2026-09-01
300200857_,3,1.0,insufficient_history,2026-09-01
300200857_,4,1.0,insufficient_history,2026-09-01
300200857_,5,1.0,insufficient_history,2026-09-01
300200857_,6,1.0,insufficient_history,2026-09-01
300200857_,7,1.0,insufficient_history,2026-09-01
300200857_,8,1.0,insufficient_history,2026-09-01
300200857_,9,1.0,insufficient_history,2026-09-01
300200857_,10,1.0,insufficient_history,2026-09-01
300200857_,11,1.0,insufficient_history,2026-09-01
300200857_,12,1.0,insufficient_history,2026-09-01
300200858_,1,1.0,insufficient_history,2026-09-01
300200858_,2,1.0,insufficient_history,2026-09-01
300200858_,3,1.0,insufficient_history,2026-09-01
300200858_,4,1.0,insufficient_history,2026-09-01
300200858_,5,1.0,insufficient_history,2026-09-01
300200858_,6,1.0,insufficient_history,2026-09-01
300200858_,7,1.0,insufficient_history,2026-09-01
300200858_,8,1.0,insufficient_history,2026-09-01
300200858_,9,1.0,insufficient_history,2026-09-01
300200858_,10,1.0,insufficient_history,2026-09-01
300200858_,11,1.0,insufficient_history,2026-09-01
300200858_,12,1.0,insufficient_history,2026-09-01
300200859_,1,1.0,insufficient_history,2026-09-01
300200859_,2,1.0,insufficient_history,2026-09-01
300200859_,3,1.0,insufficient_history,2026-09-01
300200859_,4,1.0,insufficient_history,2026-09-01
300200859_,5,1.0,insufficient_history,2026-09-01
300200859_,6,1.0,insufficient_history,2026-09-01
300200859_,7,1.0,insufficient_history,2026-09-01
300200859_,8,1.0,insufficient_history,2026-09-01
300200859_,9,1.0,insufficient_history,2026-09-01
300200859_,10,1.0,insufficient_history,2026-09-01
300200859_,11,1.0,insufficient_history,2026-09-01
300200859_,12,1.0,insufficient_history,2026-09-01
300200860_,1,1.0,insufficient_history,2026-09-01
300200860_,2,1.0,insufficient_history,2026-09-01
300200860_,3,1.0,insufficient_history,2026-09-01
300200860_,4,1.0,insufficient_history,2026-09-01
300200860_,5,1.0,insufficient_history,2026-09-01
300200860_,6,1.0,insufficient_history,2026-09-01
300200860_,7,1.0,insufficient_history,2026-09-01
300200860_,8,1.0,insufficient_history,2026-09-01
300200860_,9,1.0,insufficient_history,2026-09-01
300200860_,10,1.0,insufficient_history,2026-09-01
300200860_,11,1.0,insufficient_history,2026-09-01
300200860_,12,1.0,insufficient_history,2026-09-01
300200861_,1,1.0,insufficient_history,2026-09-01
300200861_,2,1.0,insufficient_history,2026-09-01
300200861_,3,1.0,insufficient_history,2026-09-01
300200861_,4,1.0,insufficient_history,2026-09-01
300200861_,5,1.0,insufficient_history,2026-09-01
300200861_,6,1.0,insufficient_history,2026-09-01
300200861_,7,1.0,insufficient_history,2026-09-01
300200861_,8,1.0,insufficient_history,2026-09-01
300200861_,9,1.0,insufficient_history,2026-09-01
300200861_,10,1.0,insufficient_history,2026-09-01
300200861_,11,1.0,insufficient_history,2026-09-01
300200861_,12,1.0,insufficient_history,2026-09-01
300200862_,1,1.0,insufficient_history,2026-09-01
300200862_,2,1.0,insufficient_history,2026-09-01
300200862_,3,1.0,insufficient_history,2026-09-01
300200862_,4,1.0,insufficient_history,2026-09-01
300200862_,5,1.0,insufficient_history,2026-09-01
300200862_,6,1.0,insufficient_history,2026-09-01
300200862_,7,1.0,insufficient_history,2026-09-01
300200862_,8,1.0,insufficient_history,2026-09-01
300200862_,9,1.0,insufficient_history,2026-09-01
300200862_,10,1.0,insufficient_history,2026-09-01
300200862_,11,1.0,insufficient_history,2026-09-01
300200862_,12,1.0,insufficient_history,2026-09-01
300200863_,1,1.0,insufficient_history,2026-09-01
300200863_,2,1.0,insufficient_history,2026-09-01
300200863_,3,1.0,insufficient_history,2026-09-01
300200863_,4,1.0,insufficient_history,2026-09-01
300200863_,5,1.0,insufficient_history,2026-09-01
300200863_,6,1.0,insufficient_history,2026-09-01
300200863_,7,1.0,insufficient_history,2026-09-01
300200863_,8,1.0,insufficient_history,2026-09-01
300200863_,9,1.0,insufficient_history,2026-09-01
300200863_,10,1.0,insufficient_history,2026-09-01
300200863_,11,1.0,insufficient_history,2026-09-01
300200863_,12,1.0,insufficient_history,2026-09-01
300200864_,1,1.0,insufficient_history,2026-09-01
300200864_,2,1.0,insufficient_history,2026-09-01
300200864_,3,1.0,insufficient_history,2026-09-01
300200864_,4,1.0,insufficient_history,2026-09-01
300200864_,5,1.0,insufficient_history,2026-09-01
300200864_,6,1.0,insufficient_history,2026-09-01
300200864_,7,1.0,insufficient_history,2026-09-01
300200864_,8,1.0,insufficient_history,2026-09-01
300200864_,9,1.0,insufficient_history,2026-09-01
300200864_,10,1.0,insufficient_history,2026-09-01
300200864_,11,1.0,insufficient_history,2026-09-01
300200864_,12,1.0,insufficient_history,2026-09-01
300200865_,1,1.0,insufficient_history,2026-09-01
300200865_,2,1.0,insufficient_history,2026-09-01
300200865_,3,1.0,insufficient_history,2026-09-01
300200865_,4,1.0,insufficient_history,2026-09-01
300200865_,5,1.0,insufficient_history,2026-09-01
300200865_,6,1.0,insufficient_history,2026-09-01
300200865_,7,1.0,insufficient_history,2026-09-01
300200865_,8,1.0,insufficient_history,2026-09-01
300200865_,9,1.0,insufficient_history,2026-09-01
300200865_,10,1.0,insufficient_history,2026-09-01
300200865_,11,1.0,insufficient_history,2026-09-01
300200865_,12,1.0,insufficient_history,2026-09-01
300200866_,1,1.0,insufficient_history,2026-09-01
300200866_,2,1.0,insufficient_history,2026-09-01
300200866_,3,1.0,insufficient_history,2026-09-01
300200866_,4,1.0,insufficient_history,2026-09-01
300200866_,5,1.0,insufficient_history,2026-09-01
300200866_,6,1.0,insufficient_history,2026-09-01
300200866_,7,1.0,insufficient_history,2026-09-01
300200866_,8,1.0,insufficient_history,2026-09-01
300200866_,9,1.0,insufficient_history,2026-09-01
300200866_,10,1.0,insufficient_history,2026-09-01
300200866_,11,1.0,insufficient_history,2026-09-01
300200866_,12,1.0,insufficient_history,2026-09-01
300200867_,1,1.0,insufficient_history,2026-09-01
300200867_,2,1.0,insufficient_history,2026-09-01
300200867_,3,1.0,insufficient_history,2026-09-01
300200867_,4,1.0,insufficient_history,2026-09-01
300200867_,5,1.0,insufficient_history,2026-09-01
300200867_,6,1.0,insufficient_history,2026-09-01
300200867_,7,1.0,insufficient_history,2026-09-01
300200867_,8,1.0,insufficient_history,2026-09-01
300200867_,9,1.0,insufficient_history,2026-09-01
300200867_,10,1.0,insufficient_history,2026-09-01
300200867_,11,1.0,insufficient_history,2026-09-01
300200867_,12,1.0,insufficient_history,2026-09-01
300200868_,1,1.0,insufficient_history,2026-09-01
300200868_,2,1.0,insufficient_history,2026-09-01
300200868_,3,1.0,insufficient_history,2026-09-01
300200868_,4,1.0,insufficient_history,2026-09-01
300200868_,5,1.0,insufficient_history,2026-09-01
300200868_,6,1.0,insufficient_history,2026-09-01
300200868_,7,1.0,insufficient_history,2026-09-01
300200868_,8,1.0,insufficient_history,2026-09-01
300200868_,9,1.0,insufficient_history,2026-09-01
300200868_,10,1.0,insufficient_history,2026-09-01
300200868_,11,1.0,insufficient_history,2026-09-01
300200868_,12,1.0,insufficient_history,2026-09-01
300200869_,1,1.0,insufficient_history,2026-09-01
300200869_,2,1.0,insufficient_history,2026-09-01
300200869_,3,1.0,insufficient_history,2026-09-01
300200869_,4,1.0,insufficient_history,2026-09-01
300200869_,5,1.0,insufficient_history,2026-09-01
300200869_,6,1.0,insufficient_history,2026-09-01
300200869_,7,1.0,insufficient_history,2026-09-01
300200869_,8,1.0,insufficient_history,2026-09-01
300200869_,9,1.0,insufficient_history,2026-09-01
300200869_,10,1.0,insufficient_history,2026-09-01
300200869_,11,1.0,insufficient_history,2026-09-01
300200869_,12,1.0,insufficient_history,2026-09-01
300200870_,1,1.0,insufficient_history,2026-09-01
300200870_,2,1.0,insufficient_history,2026-09-01
300200870_,3,1.0,insufficient_history,2026-09-01
300200870_,4,1.0,insufficient_history,2026-09-01
300200870_,5,1.0,insufficient_history,2026-09-01
300200870_,6,1.0,insufficient_history,2026-09-01
300200870_,7,1.0,insufficient_history,2026-09-01
300200870_,8,1.0,insufficient_history,2026-09-01
300200870_,9,1.0,insufficient_history,2026-09-01
300200870_,10,1.0,insufficient_history,2026-09-01
300200870_,11,1.0,insufficient_history,2026-09-01
300200870_,12,1.0,insufficient_history,2026-09-01
300200871_,1,1.0,insufficient_history,2026-09-01
300200871_,2,1.0,insufficient_history,2026-09-01
300200871_,3,1.0,insufficient_history,2026-09-01
300200871_,4,1.0,insufficient_history,2026-09-01
300200871_,5,1.0,insufficient_history,2026-09-01
300200871_,6,1.0,insufficient_history,2026-09-01
300200871_,7,1.0,insufficient_history,2026-09-01
300200871_,8,1.0,insufficient_history,2026-09-01
300200871_,9,1.0,insufficient_history,2026-09-01
300200871_,10,1.0,insufficient_history,2026-09-01
300200871_,11,1.0,insufficient_history,2026-09-01
300200871_,12,1.0,insufficient_history,2026-09-01
300200872_,1,1.0,insufficient_history,2026-09-01
300200872_,2,1.0,insufficient_history,2026-09-01
300200872_,3,1.0,insufficient_history,2026-09-01
300200872_,4,1.0,insufficient_history,2026-09-01
300200872_,5,1.0,insufficient_history,2026-09-01
300200872_,6,1.0,insufficient_history,2026-09-01
300200872_,7,1.0,insufficient_history,2026-09-01
300200872_,8,1.0,insufficient_history,2026-09-01
300200872_,9,1.0,insufficient_history,2026-09-01
300200872_,10,1.0,insufficient_history,2026-09-01
300200872_,11,1.0,insufficient_history,2026-09-01
300200872_,12,1.0,insufficient_history,2026-09-01
300200873_,1,1.0,insufficient_history,2026-09-01
300200873_,2,1.0,insufficient_history,2026-09-01
300200873_,3,1.0,insufficient_history,2026-09-01
300200873_,4,1.0,insufficient_history,2026-09-01
300200873_,5,1.0,insufficient_history,2026-09-01
300200873_,6,1.0,insufficient_history,2026-09-01
300200873_,7,1.0,insufficient_history,2026-09-01
300200873_,8,1.0,insufficient_history,2026-09-01
300200873_,9,1.0,insufficient_history,2026-09-01
300200873_,10,1.0,insufficient_history,2026-09-01
300200873_,11,1.0,insufficient_history,2026-09-01
300200873_,12,1.0,insufficient_history,2026-09-01
300200874_,1,1.0,insufficient_history,2026-09-01
300200874_,2,1.0,insufficient_history,2026-09-01
300200874_,3,1.0,insufficient_history,2026-09-01
300200874_,4,1.0,insufficient_history,2026-09-01
300200874_,5,1.0,insufficient_history,2026-09-01
300200874_,6,1.0,insufficient_history,2026-09-01
300200874_,7,1.0,insufficient_history,2026-09-01
300200874_,8,1.0,insufficient_history,2026-09-01
300200874_,9,1.0,insufficient_history,2026-09-01
300200874_,10,1.0,insufficient_history,2026-09-01
300200874_,11,1.0,insufficient_history,2026-09-01
300200874_,12,1.0,insufficient_history,2026-09-01
300200875_,1,1.0,insufficient_history,2026-09-01
300200875_,2,1.0,insufficient_history,2026-09-01
300200875_,3,1.0,insufficient_history,2026-09-01
300200875_,4,1.0,insufficient_history,2026-09-01
300200875_,5,1.0,insufficient_history,2026-09-01
300200875_,6,1.0,insufficient_history,2026-09-01
300200875_,7,1.0,insufficient_history,2026-09-01
300200875_,8,1.0,insufficient_history,2026-09-01
300200875_,9,1.0,insufficient_history,2026-09-01
300200875_,10,1.0,insufficient_history,2026-09-01
300200875_,11,1.0,insufficient_history,2026-09-01
300200875_,12,1.0,insufficient_history,2026-09-01
300200876_,1,1.0,insufficient_history,2026-09-01
300200876_,2,1.0,insufficient_history,2026-09-01
300200876_,3,1.0,insufficient_history,2026-09-01
300200876_,4,1.0,insufficient_history,2026-09-01
300200876_,5,1.0,insufficient_history,2026-09-01
300200876_,6,1.0,insufficient_history,2026-09-01
300200876_,7,1.0,insufficient_history,2026-09-01
300200876_,8,1.0,insufficient_history,2026-09-01
300200876_,9,1.0,insufficient_history,2026-09-01
300200876_,10,1.0,insufficient_history,2026-09-01
300200876_,11,1.0,insufficient_history,2026-09-01
300200876_,12,1.0,insufficient_history,2026-09-01
300200877_,1,1.0,insufficient_history,2026-09-01
300200877_,2,1.0,insufficient_history,2026-09-01
300200877_,3,1.0,insufficient_history,2026-09-01
300200877_,4,1.0,insufficient_history,2026-09-01
300200877_,5,1.0,insufficient_history,2026-09-01
300200877_,6,1.0,insufficient_history,2026-09-01
300200877_,7,1.0,insufficient_history,2026-09-01
300200877_,8,1.0,insufficient_history,2026-09-01
300200877_,9,1.0,insufficient_history,2026-09-01
300200877_,10,1.0,insufficient_history,2026-09-01
300200877_,11,1.0,insufficient_history,2026-09-01
300200877_,12,1.0,insufficient_history,2026-09-01
300200878_,1,1.0,insufficient_history,2026-09-01
300200878_,2,1.0,insufficient_history,2026-09-01
300200878_,3,1.0,insufficient_history,2026-09-01
300200878_,4,1.0,insufficient_history,2026-09-01
300200878_,5,1.0,insufficient_history,2026-09-01
300200878_,6,1.0,insufficient_history,2026-09-01
300200878_,7,1.0,insufficient_history,2026-09-01
300200878_,8,1.0,insufficient_history,2026-09-01
300200878_,9,1.0,insufficient_history,2026-09-01
300200878_,10,1.0,insufficient_history,2026-09-01
300200878_,11,1.0,insufficient_history,2026-09-01
300200878_,12,1.0,insufficient_history,2026-09-01
300200879_,1,1.0,insufficient_history,2026-09-01
300200879_,2,1.0,insufficient_history,2026-09-01
300200879_,3,1.0,insufficient_history,2026-09-01
300200879_,4,1.0,insufficient_history,2026-09-01
300200879_,5,1.0,insufficient_history,2026-09-01
300200879_,6,1.0,insufficient_history,2026-09-01
300200879_,7,1.0,insufficient_history,2026-09-01
300200879_,8,1.0,insufficient_history,2026-09-01
300200879_,9,1.0,insufficient_history,2026-09-01
300200879_,10,1.0,insufficient_history,2026-09-01
300200879_,11,1.0,insufficient_history,2026-09-01
300200879_,12,1.0,insufficient_history,2026-09-01
300200880_,1,1.0,insufficient_history,2026-09-01
300200880_,2,1.0,insufficient_history,2026-09-01
300200880_,3,1.0,insufficient_history,2026-09-01
300200880_,4,1.0,insufficient_history,2026-09-01
300200880_,5,1.0,insufficient_history,2026-09-01
300200880_,6,1.0,insufficient_history,2026-09-01
300200880_,7,1.0,insufficient_history,2026-09-01
300200880_,8,1.0,insufficient_history,2026-09-01
300200880_,9,1.0,insufficient_history,2026-09-01
300200880_,10,1.0,insufficient_history,2026-09-01
300200880_,11,1.0,insufficient_history,2026-09-01
300200880_,12,1.0,insufficient_history,2026-09-01
300200881_,1,1.0,insufficient_history,2026-09-01
300200881_,2,1.0,insufficient_history,2026-09-01
300200881_,3,1.0,insufficient_history,2026-09-01
300200881_,4,1.0,insufficient_history,2026-09-01
300200881_,5,1.0,insufficient_history,2026-09-01
300200881_,6,1.0,insufficient_history,2026-09-01
300200881_,7,1.0,insufficient_history,2026-09-01
300200881_,8,1.0,insufficient_history,2026-09-01
300200881_,9,1.0,insufficient_history,2026-09-01
300200881_,10,1.0,insufficient_history,2026-09-01
300200881_,11,1.0,insufficient_history,2026-09-01
300200881_,12,1.0,insufficient_history,2026-09-01
300200882_,1,1.0,insufficient_history,2026-09-01
300200882_,2,1.0,insufficient_history,2026-09-01
300200882_,3,1.0,insufficient_history,2026-09-01
300200882_,4,1.0,insufficient_history,2026-09-01
300200882_,5,1.0,insufficient_history,2026-09-01
300200882_,6,1.0,insufficient_history,2026-09-01
300200882_,7,1.0,insufficient_history,2026-09-01
300200882_,8,1.0,insufficient_history,2026-09-01
300200882_,9,1.0,insufficient_history,2026-09-01
300200882_,10,1.0,insufficient_history,2026-09-01
300200882_,11,1.0,insufficient_history,2026-09-01
300200882_,12,1.0,insufficient_history,2026-09-01
300200883_,1,1.0,insufficient_history,2026-09-01
300200883_,2,1.0,insufficient_history,2026-09-01
300200883_,3,1.0,insufficient_history,2026-09-01
300200883_,4,1.0,insufficient_history,2026-09-01
300200883_,5,1.0,insufficient_history,2026-09-01
300200883_,6,1.0,insufficient_history,2026-09-01
300200883_,7,1.0,insufficient_history,2026-09-01
300200883_,8,1.0,insufficient_history,2026-09-01
300200883_,9,1.0,insufficient_history,2026-09-01
300200883_,10,1.0,insufficient_history,2026-09-01
300200883_,11,1.0,insufficient_history,2026-09-01
300200883_,12,1.0,insufficient_history,2026-09-01
300200884_,1,1.0,insufficient_history,2026-09-01
300200884_,2,1.0,insufficient_history,2026-09-01
300200884_,3,1.0,insufficient_history,2026-09-01
300200884_,4,1.0,insufficient_history,2026-09-01
300200884_,5,1.0,insufficient_history,2026-09-01
300200884_,6,1.0,insufficient_history,2026-09-01
300200884_,7,1.0,insufficient_history,2026-09-01
300200884_,8,1.0,insufficient_history,2026-09-01
300200884_,9,1.0,insufficient_history,2026-09-01
300200884_,10,1.0,insufficient_history,2026-09-01
300200884_,11,1.0,insufficient_history,2026-09-01
300200884_,12,1.0,insufficient_history,2026-09-01
300200885_,1,1.0,insufficient_history,2026-09-01
300200885_,2,1.0,insufficient_history,2026-09-01
300200885_,3,1.0,insufficient_history,2026-09-01
300200885_,4,1.0,insufficient_history,2026-09-01
300200885_,5,1.0,insufficient_history,2026-09-01
300200885_,6,1.0,insufficient_history,2026-09-01
300200885_,7,1.0,insufficient_history,2026-09-01
300200885_,8,1.0,insufficient_history,2026-09-01
300200885_,9,1.0,insufficient_history,2026-09-01
300200885_,10,1.0,insufficient_history,2026-09-01
300200885_,11,1.0,insufficient_history,2026-09-01
300200885_,12,1.0,insufficient_history,2026-09-01
300200886_,1,1.0,insufficient_history,2026-09-01
300200886_,2,1.0,insufficient_history,2026-09-01
300200886_,3,1.0,insufficient_history,2026-09-01
300200886_,4,1.0,insufficient_history,2026-09-01
300200886_,5,1.0,insufficient_history,2026-09-01
300200886_,6,1.0,insufficient_history,2026-09-01
300200886_,7,1.0,insufficient_history,2026-09-01
300200886_,8,1.0,insufficient_history,2026-09-01
300200886_,9,1.0,insufficient_history,2026-09-01
300200886_,10,1.0,insufficient_history,2026-09-01
300200886_,11,1.0,insufficient_history,2026-09-01
300200886_,12,1.0,insufficient_history,2026-09-01
300200887_,1,1.0,insufficient_history,2026-09-01
300200887_,2,1.0,insufficient_history,2026-09-01
300200887_,3,1.0,insufficient_history,2026-09-01
300200887_,4,1.0,insufficient_history,2026-09-01
300200887_,5,1.0,insufficient_history,2026-09-01
300200887_,6,1.0,insufficient_history,2026-09-01
300200887_,7,1.0,insufficient_history,2026-09-01
300200887_,8,1.0,insufficient_history,2026-09-01
300200887_,9,1.0,insufficient_history,2026-09-01
300200887_,10,1.0,insufficient_history,2026-09-01
300200887_,11,1.0,insufficient_history,2026-09-01
300200887_,12,1.0,insufficient_history,2026-09-01
300200888_,1,1.0,insufficient_history,2026-09-01
300200888_,2,1.0,insufficient_history,2026-09-01
300200888_,3,1.0,insufficient_history,2026-09-01
300200888_,4,1.0,insufficient_history,2026-09-01
300200888_,5,1.0,insufficient_history,2026-09-01
300200888_,6,1.0,insufficient_history,2026-09-01
300200888_,7,1.0,insufficient_history,2026-09-01
300200888_,8,1.0,insufficient_history,2026-09-01
300200888_,9,1.0,insufficient_history,2026-09-01
300200888_,10,1.0,insufficient_history,2026-09-01
300200888_,11,1.0,insufficient_history,2026-09-01
300200888_,12,1.0,insufficient_history,2026-09-01
300200889_,1,1.0,insufficient_history,2026-09-01
300200889_,2,1.0,insufficient_history,2026-09-01
300200889_,3,1.0,insufficient_history,2026-09-01
300200889_,4,1.0,insufficient_history,2026-09-01
300200889_,5,1.0,insufficient_history,2026-09-01
300200889_,6,1.0,insufficient_history,2026-09-01
300200889_,7,1.0,insufficient_history,2026-09-01
300200889_,8,1.0,insufficient_history,2026-09-01
300200889_,9,1.0,insufficient_history,2026-09-01
300200889_,10,1.0,insufficient_history,2026-09-01
300200889_,11,1.0,insufficient_history,2026-09-01
300200889_,12,1.0,insufficient_history,2026-09-01
300200890_,1,1.0,insufficient_history,2026-09-01
300200890_,2,1.0,insufficient_history,2026-09-01
300200890_,3,1.0,insufficient_history,2026-09-01
300200890_,4,1.0,insufficient_history,2026-09-01
300200890_,5,1.0,insufficient_history,2026-09-01
300200890_,6,1.0,insufficient_history,2026-09-01
300200890_,7,1.0,insufficient_history,2026-09-01
300200890_,8,1.0,insufficient_history,2026-09-01
300200890_,9,1.0,insufficient_history,2026-09-01
300200890_,10,1.0,insufficient_history,2026-09-01
300200890_,11,1.0,insufficient_history,2026-09-01
300200890_,12,1.0,insufficient_history,2026-09-01
300200891_,1,1.0,insufficient_history,2026-09-01
300200891_,2,1.0,insufficient_history,2026-09-01
300200891_,3,1.0,insufficient_history,2026-09-01
300200891_,4,1.0,insufficient_history,2026-09-01
300200891_,5,1.0,insufficient_history,2026-09-01
300200891_,6,1.0,insufficient_history,2026-09-01
300200891_,7,1.0,insufficient_history,2026-09-01
300200891_,8,1.0,insufficient_history,2026-09-01
300200891_,9,1.0,insufficient_history,2026-09-01
300200891_,10,1.0,insufficient_history,2026-09-01
300200891_,11,1.0,insufficient_history,2026-09-01
300200891_,12,1.0,insufficient_history,2026-09-01
300200892_,1,1.0,insufficient_history,2026-09-01
300200892_,2,1.0,insufficient_history,2026-09-01
300200892_,3,1.0,insufficient_history,2026-09-01
300200892_,4,1.0,insufficient_history,2026-09-01
300200892_,5,1.0,insufficient_history,2026-09-01
300200892_,6,1.0,insufficient_history,2026-09-01
300200892_,7,1.0,insufficient_history,2026-09-01
300200892_,8,1.0,insufficient_history,2026-09-01
300200892_,9,1.0,insufficient_history,2026-09-01
300200892_,10,1.0,insufficient_history,2026-09-01
300200892_,11,1.0,insufficient_history,2026-09-01
300200892_,12,1.0,insufficient_history,2026-09-01
300200893_,1,1.0,insufficient_history,2026-09-01
300200893_,2,1.0,insufficient_history,2026-09-01
300200893_,3,1.0,insufficient_history,2026-09-01
300200893_,4,1.0,insufficient_history,2026-09-01
300200893_,5,1.0,insufficient_history,2026-09-01
300200893_,6,1.0,insufficient_history,2026-09-01
300200893_,7,1.0,insufficient_history,2026-09-01
300200893_,8,1.0,insufficient_history,2026-09-01
300200893_,9,1.0,insufficient_history,2026-09-01
300200893_,10,1.0,insufficient_history,2026-09-01
300200893_,11,1.0,insufficient_history,2026-09-01
300200893_,12,1.0,insufficient_history,2026-09-01
300200894_,1,1.0,insufficient_history,2026-09-01
300200894_,2,1.0,insufficient_history,2026-09-01
300200894_,3,1.0,insufficient_history,2026-09-01
300200894_,4,1.0,insufficient_history,2026-09-01
300200894_,5,1.0,insufficient_history,2026-09-01
300200894_,6,1.0,insufficient_history,2026-09-01
300200894_,7,1.0,insufficient_history,2026-09-01
300200894_,8,1.0,insufficient_history,2026-09-01
300200894_,9,1.0,insufficient_history,2026-09-01
300200894_,10,1.0,insufficient_history,2026-09-01
300200894_,11,1.0,insufficient_history,2026-09-01
300200894_,12,1.0,insufficient_history,2026-09-01
300200895_,1,1.0,insufficient_history,2026-09-01
300200895_,2,1.0,insufficient_history,2026-09-01
300200895_,3,1.0,insufficient_history,2026-09-01
300200895_,4,1.0,insufficient_history,2026-09-01
300200895_,5,1.0,insufficient_history,2026-09-01
300200895_,6,1.0,insufficient_history,2026-09-01
300200895_,7,1.0,insufficient_history,2026-09-01
300200895_,8,1.0,insufficient_history,2026-09-01
300200895_,9,1.0,insufficient_history,2026-09-01
300200895_,10,1.0,insufficient_history,2026-09-01
300200895_,11,1.0,insufficient_history,2026-09-01
300200895_,12,1.0,insufficient_history,2026-09-01
300200896_,1,1.0,insufficient_history,2026-09-01
300200896_,2,1.0,insufficient_history,2026-09-01
300200896_,3,1.0,insufficient_history,2026-09-01
300200896_,4,1.0,insufficient_history,2026-09-01
300200896_,5,1.0,insufficient_history,2026-09-01
300200896_,6,1.0,insufficient_history,2026-09-01
300200896_,7,1.0,insufficient_history,2026-09-01
300200896_,8,1.0,insufficient_history,2026-09-01
300200896_,9,1.0,insufficient_history,2026-09-01
300200896_,10,1.0,insufficient_history,2026-09-01
300200896_,11,1.0,insufficient_history,2026-09-01
300200896_,12,1.0,insufficient_history,2026-09-01
300200897_,1,1.0,insufficient_history,2026-09-01
300200897_,2,1.0,insufficient_history,2026-09-01
300200897_,3,1.0,insufficient_history,2026-09-01
300200897_,4,1.0,insufficient_history,2026-09-01
300200897_,5,1.0,insufficient_history,2026-09-01
300200897_,6,1.0,insufficient_history,2026-09-01
300200897_,7,1.0,insufficient_history,2026-09-01
300200897_,8,1.0,insufficient_history,2026-09-01
300200897_,9,1.0,insufficient_history,2026-09-01
300200897_,10,1.0,insufficient_history,2026-09-01
300200897_,11,1.0,insufficient_history,2026-09-01
300200897_,12,1.0,insufficient_history,2026-09-01
300200898_,1,1.0,insufficient_history,2026-09-01
300200898_,2,1.0,insufficient_history,2026-09-01
300200898_,3,1.0,insufficient_history,2026-09-01
300200898_,4,1.0,insufficient_history,2026-09-01
300200898_,5,1.0,insufficient_history,2026-09-01
300200898_,6,1.0,insufficient_history,2026-09-01
300200898_,7,1.0,insufficient_history,2026-09-01
300200898_,8,1.0,insufficient_history,2026-09-01
300200898_,9,1.0,insufficient_history,2026-09-01
300200898_,10,1.0,insufficient_history,2026-09-01
300200898_,11,1.0,insufficient_history,2026-09-01
300200898_,12,1.0,insufficient_history,2026-09-01
300200899_,1,1.0,insufficient_history,2026-09-01
300200899_,2,1.0,insufficient_history,2026-09-01
300200899_,3,1.0,insufficient_history,2026-09-01
300200899_,4,1.0,insufficient_history,2026-09-01
300200899_,5,1.0,insufficient_history,2026-09-01
300200899_,6,1.0,insufficient_history,2026-09-01
300200899_,7,1.0,insufficient_history,2026-09-01
300200899_,8,1.0,insufficient_history,2026-09-01
300200899_,9,1.0,insufficient_history,2026-09-01
300200899_,10,1.0,insufficient_history,2026-09-01
300200899_,11,1.0,insufficient_history,2026-09-01
300200899_,12,1.0,insufficient_history,2026-09-01
300200900_,1,1.0,insufficient_history,2026-09-01
300200900_,2,1.0,insufficient_history,2026-09-01
300200900_,3,1.0,insufficient_history,2026-09-01
300200900_,4,1.0,insufficient_history,2026-09-01
300200900_,5,1.0,insufficient_history,2026-09-01
300200900_,6,1.0,insufficient_history,2026-09-01
300200900_,7,1.0,insufficient_history,2026-09-01
300200900_,8,1.0,insufficient_history,2026-09-01
300200900_,9,1.0,insufficient_history,2026-09-01
300200900_,10,1.0,insufficient_history,2026-09-01
300200900_,11,1.0,insufficient_history,2026-09-01
300200900_,12,1.0,insufficient_history,2026-09-01
300200901_,1,1.0,insufficient_history,2026-09-01
300200901_,2,1.0,insufficient_history,2026-09-01
300200901_,3,1.0,insufficient_history,2026-09-01
300200901_,4,1.0,insufficient_history,2026-09-01
300200901_,5,1.0,insufficient_history,2026-09-01
300200901_,6,1.0,insufficient_history,2026-09-01
300200901_,7,1.0,insufficient_history,2026-09-01
300200901_,8,1.0,insufficient_history,2026-09-01
300200901_,9,1.0,insufficient_history,2026-09-01
300200901_,10,1.0,insufficient_history,2026-09-01
300200901_,11,1.0,insufficient_history,2026-09-01
300200901_,12,1.0,insufficient_history,2026-09-01
300200902_,1,1.0,insufficient_history,2026-09-01
300200902_,2,1.0,insufficient_history,2026-09-01
300200902_,3,1.0,insufficient_history,2026-09-01
300200902_,4,1.0,insufficient_history,2026-09-01
300200902_,5,1.0,insufficient_history,2026-09-01
300200902_,6,1.0,insufficient_history,2026-09-01
300200902_,7,1.0,insufficient_history,2026-09-01
300200902_,8,1.0,insufficient_history,2026-09-01
300200902_,9,1.0,insufficient_history,2026-09-01
300200902_,10,1.0,insufficient_history,2026-09-01
300200902_,11,1.0,insufficient_history,2026-09-01
300200902_,12,1.0,insufficient_history,2026-09-01
300200903_,1,1.0,insufficient_history,2026-09-01
300200903_,2,1.0,insufficient_history,2026-09-01
300200903_,3,1.0,insufficient_history,2026-09-01
300200903_,4,1.0,insufficient_history,2026-09-01
300200903_,5,1.0,insufficient_history,2026-09-01
300200903_,6,1.0,insufficient_history,2026-09-01
300200903_,7,1.0,insufficient_history,2026-09-01
300200903_,8,1.0,insufficient_history,2026-09-01
300200903_,9,1.0,insufficient_history,2026-09-01
300200903_,10,1.0,insufficient_history,2026-09-01
300200903_,11,1.0,insufficient_history,2026-09-01
300200903_,12,1.0,insufficient_history,2026-09-01
300200904_,1,1.0,insufficient_history,2026-09-01
300200904_,2,1.0,insufficient_history,2026-09-01
300200904_,3,1.0,insufficient_history,2026-09-01
300200904_,4,1.0,insufficient_history,2026-09-01
300200904_,5,1.0,insufficient_history,2026-09-01
300200904_,6,1.0,insufficient_history,2026-09-01
300200904_,7,1.0,insufficient_history,2026-09-01
300200904_,8,1.0,insufficient_history,2026-09-01
300200904_,9,1.0,insufficient_history,2026-09-01
300200904_,10,1.0,insufficient_history,2026-09-01
300200904_,11,1.0,insufficient_history,2026-09-01
300200904_,12,1.0,insufficient_history,2026-09-01
300200905_,1,1.0,insufficient_history,2026-09-01
300200905_,2,1.0,insufficient_history,2026-09-01
300200905_,3,1.0,insufficient_history,2026-09-01
300200905_,4,1.0,insufficient_history,2026-09-01
300200905_,5,1.0,insufficient_history,2026-09-01
300200905_,6,1.0,insufficient_history,2026-09-01
300200905_,7,1.0,insufficient_history,2026-09-01
300200905_,8,1.0,insufficient_history,2026-09-01
300200905_,9,1.0,insufficient_history,2026-09-01
300200905_,10,1.0,insufficient_history,2026-09-01
300200905_,11,1.0,insufficient_history,2026-09-01
300200905_,12,1.0,insufficient_history,2026-09-01
300200906_,1,1.0,insufficient_history,2026-09-01
300200906_,2,1.0,insufficient_history,2026-09-01
300200906_,3,1.0,insufficient_history,2026-09-01
300200906_,4,1.0,insufficient_history,2026-09-01
300200906_,5,1.0,insufficient_history,2026-09-01
300200906_,6,1.0,insufficient_history,2026-09-01
300200906_,7,1.0,insufficient_history,2026-09-01
300200906_,8,1.0,insufficient_history,2026-09-01
300200906_,9,1.0,insufficient_history,2026-09-01
300200906_,10,1.0,insufficient_history,2026-09-01
300200906_,11,1.0,insufficient_history,2026-09-01
300200906_,12,1.0,insufficient_history,2026-09-01
300200907_,1,1.0,insufficient_history,2026-09-01
300200907_,2,1.0,insufficient_history,2026-09-01
300200907_,3,1.0,insufficient_history,2026-09-01
300200907_,4,1.0,insufficient_history,2026-09-01
300200907_,5,1.0,insufficient_history,2026-09-01
300200907_,6,1.0,insufficient_history,2026-09-01
300200907_,7,1.0,insufficient_history,2026-09-01
300200907_,8,1.0,insufficient_history,2026-09-01
300200907_,9,1.0,insufficient_history,2026-09-01
300200907_,10,1.0,insufficient_history,2026-09-01
300200907_,11,1.0,insufficient_history,2026-09-01
300200907_,12,1.0,insufficient_history,2026-09-01
300200908_,1,1.0,insufficient_history,2026-09-01
300200908_,2,1.0,insufficient_history,2026-09-01
300200908_,3,1.0,insufficient_history,2026-09-01
300200908_,4,1.0,insufficient_history,2026-09-01
300200908_,5,1.0,insufficient_history,2026-09-01
300200908_,6,1.0,insufficient_history,2026-09-01
300200908_,7,1.0,insufficient_history,2026-09-01
300200908_,8,1.0,insufficient_history,2026-09-01
300200908_,9,1.0,insufficient_history,2026-09-01
300200908_,10,1.0,insufficient_history,2026-09-01
300200908_,11,1.0,insufficient_history,2026-09-01
300200908_,12,1.0,insufficient_history,2026-09-01
300200909_,1,1.0,insufficient_history,2026-09-01
300200909_,2,1.0,insufficient_history,2026-09-01
300200909_,3,1.0,insufficient_history,2026-09-01
300200909_,4,1.0,insufficient_history,2026-09-01
300200909_,5,1.0,insufficient_history,2026-09-01
300200909_,6,1.0,insufficient_history,2026-09-01
300200909_,7,1.0,insufficient_history,2026-09-01
300200909_,8,1.0,insufficient_history,2026-09-01
300200909_,9,1.0,insufficient_history,2026-09-01
300200909_,10,1.0,insufficient_history,2026-09-01
300200909_,11,1.0,insufficient_history,2026-09-01
300200909_,12,1.0,insufficient_history,2026-09-01
300200910_,1,0.8724766675457467,estimated_from_past,2026-09-01
300200910_,2,1.1048435423097847,estimated_from_past,2026-09-01
300200910_,3,0.9121936729511383,estimated_from_past,2026-09-01
300200910_,4,1.3053506824261987,estimated_from_past,2026-09-01
300200910_,5,0.8111108607911383,estimated_from_past,2026-09-01
300200910_,6,1.2167944212030817,estimated_from_past,2026-09-01
300200910_,7,1.2287098623186843,estimated_from_past,2026-09-01
300200910_,8,0.5124144863530123,estimated_from_past,2026-09-01
300200910_,9,1.003428845738141,estimated_from_past,2026-09-01
300200910_,10,1.1007646287210413,estimated_from_past,2026-09-01
300200910_,11,1.066287862999597,estimated_from_past,2026-09-01
300200910_,12,0.8656244666424356,estimated_from_past,2026-09-01
300200911_,1,1.0,insufficient_history,2026-09-01
300200911_,2,1.0,insufficient_history,2026-09-01
300200911_,3,1.0,insufficient_history,2026-09-01
300200911_,4,1.0,insufficient_history,2026-09-01
300200911_,5,1.0,insufficient_history,2026-09-01
300200911_,6,1.0,insufficient_history,2026-09-01
300200911_,7,1.0,insufficient_history,2026-09-01
300200911_,8,1.0,insufficient_history,2026-09-01
300200911_,9,1.0,insufficient_history,2026-09-01
300200911_,10,1.0,insufficient_history,2026-09-01
300200911_,11,1.0,insufficient_history,2026-09-01
300200911_,12,1.0,insufficient_history,2026-09-01
300200912_,1,1.0,insufficient_history,2026-09-01
300200912_,2,1.0,insufficient_history,2026-09-01
300200912_,3,1.0,insufficient_history,2026-09-01
300200912_,4,1.0,insufficient_history,2026-09-01
300200912_,5,1.0,insufficient_history,2026-09-01
300200912_,6,1.0,insufficient_history,2026-09-01
300200912_,7,1.0,insufficient_history,2026-09-01
300200912_,8,1.0,insufficient_history,2026-09-01
300200912_,9,1.0,insufficient_history,2026-09-01
300200912_,10,1.0,insufficient_history,2026-09-01
300200912_,11,1.0,insufficient_history,2026-09-01
300200912_,12,1.0,insufficient_history,2026-09-01
300200913_,1,1.0,insufficient_history,2026-09-01
300200913_,2,1.0,insufficient_history,2026-09-01
300200913_,3,1.0,insufficient_history,2026-09-01
300200913_,4,1.0,insufficient_history,2026-09-01
300200913_,5,1.0,insufficient_history,2026-09-01
300200913_,6,1.0,insufficient_history,2026-09-01
300200913_,7,1.0,insufficient_history,2026-09-01
300200913_,8,1.0,insufficient_history,2026-09-01
300200913_,9,1.0,insufficient_history,2026-09-01
300200913_,10,1.0,insufficient_history,2026-09-01
300200913_,11,1.0,insufficient_history,2026-09-01
300200913_,12,1.0,insufficient_history,2026-09-01
300200914_,1,1.0,insufficient_history,2026-09-01
300200914_,2,1.0,insufficient_history,2026-09-01
300200914_,3,1.0,insufficient_history,2026-09-01
300200914_,4,1.0,insufficient_history,2026-09-01
300200914_,5,1.0,insufficient_history,2026-09-01
300200914_,6,1.0,insufficient_history,2026-09-01
300200914_,7,1.0,insufficient_history,2026-09-01
300200914_,8,1.0,insufficient_history,2026-09-01
300200914_,9,1.0,insufficient_history,2026-09-01
300200914_,10,1.0,insufficient_history,2026-09-01
300200914_,11,1.0,insufficient_history,2026-09-01
300200914_,12,1.0,insufficient_history,2026-09-01
300200915_,1,1.0,insufficient_history,2026-09-01
300200915_,2,1.0,insufficient_history,2026-09-01
300200915_,3,1.0,insufficient_history,2026-09-01
300200915_,4,1.0,insufficient_history,2026-09-01
300200915_,5,1.0,insufficient_history,2026-09-01
300200915_,6,1.0,insufficient_history,2026-09-01
300200915_,7,1.0,insufficient_history,2026-09-01
300200915_,8,1.0,insufficient_history,2026-09-01
300200915_,9,1.0,insufficient_history,2026-09-01
300200915_,10,1.0,insufficient_history,2026-09-01
300200915_,11,1.0,insufficient_history,2026-09-01
300200915_,12,1.0,insufficient_history,2026-09-01
300200916_,1,1.0,insufficient_history,2026-09-01
300200916_,2,1.0,insufficient_history,2026-09-01
300200916_,3,1.0,insufficient_history,2026-09-01
300200916_,4,1.0,insufficient_history,2026-09-01
300200916_,5,1.0,insufficient_history,2026-09-01
300200916_,6,1.0,insufficient_history,2026-09-01
300200916_,7,1.0,insufficient_history,2026-09-01
300200916_,8,1.0,insufficient_history,2026-09-01
300200916_,9,1.0,insufficient_history,2026-09-01
300200916_,10,1.0,insufficient_history,2026-09-01
300200916_,11,1.0,insufficient_history,2026-09-01
300200916_,12,1.0,insufficient_history,2026-09-01
300200917_,1,1.0,insufficient_history,2026-09-01
300200917_,2,1.0,insufficient_history,2026-09-01
300200917_,3,1.0,insufficient_history,2026-09-01
300200917_,4,1.0,insufficient_history,2026-09-01
300200917_,5,1.0,insufficient_history,2026-09-01
300200917_,6,1.0,insufficient_history,2026-09-01
300200917_,7,1.0,insufficient_history,2026-09-01
300200917_,8,1.0,insufficient_history,2026-09-01
300200917_,9,1.0,insufficient_history,2026-09-01
300200917_,10,1.0,insufficient_history,2026-09-01
300200917_,11,1.0,insufficient_history,2026-09-01
300200917_,12,1.0,insufficient_history,2026-09-01
300200918_,1,1.0,insufficient_history,2026-09-01
300200918_,2,1.0,insufficient_history,2026-09-01
300200918_,3,1.0,insufficient_history,2026-09-01
300200918_,4,1.0,insufficient_history,2026-09-01
300200918_,5,1.0,insufficient_history,2026-09-01
300200918_,6,1.0,insufficient_history,2026-09-01
300200918_,7,1.0,insufficient_history,2026-09-01
300200918_,8,1.0,insufficient_history,2026-09-01
300200918_,9,1.0,insufficient_history,2026-09-01
300200918_,10,1.0,insufficient_history,2026-09-01
300200918_,11,1.0,insufficient_history,2026-09-01
300200918_,12,1.0,insufficient_history,2026-09-01
300200919_,1,1.0,insufficient_history,2026-09-01
300200919_,2,1.0,insufficient_history,2026-09-01
300200919_,3,1.0,insufficient_history,2026-09-01
300200919_,4,1.0,insufficient_history,2026-09-01
300200919_,5,1.0,insufficient_history,2026-09-01
300200919_,6,1.0,insufficient_history,2026-09-01
300200919_,7,1.0,insufficient_history,2026-09-01
300200919_,8,1.0,insufficient_history,2026-09-01
300200919_,9,1.0,insufficient_history,2026-09-01
300200919_,10,1.0,insufficient_history,2026-09-01
300200919_,11,1.0,insufficient_history,2026-09-01
300200919_,12,1.0,insufficient_history,2026-09-01
300200920_,1,1.0,insufficient_history,2026-09-01
300200920_,2,1.0,insufficient_history,2026-09-01
300200920_,3,1.0,insufficient_history,2026-09-01
300200920_,4,1.0,insufficient_history,2026-09-01
300200920_,5,1.0,insufficient_history,2026-09-01
300200920_,6,1.0,insufficient_history,2026-09-01
300200920_,7,1.0,insufficient_history,2026-09-01
300200920_,8,1.0,insufficient_history,2026-09-01
300200920_,9,1.0,insufficient_history,2026-09-01
300200920_,10,1.0,insufficient_history,2026-09-01
300200920_,11,1.0,insufficient_history,2026-09-01
300200920_,12,1.0,insufficient_history,2026-09-01
300200921_,1,1.0,insufficient_history,2026-09-01
300200921_,2,1.0,insufficient_history,2026-09-01
300200921_,3,1.0,insufficient_history,2026-09-01
300200921_,4,1.0,insufficient_history,2026-09-01
300200921_,5,1.0,insufficient_history,2026-09-01
300200921_,6,1.0,insufficient_history,2026-09-01
300200921_,7,1.0,insufficient_history,2026-09-01
300200921_,8,1.0,insufficient_history,2026-09-01
300200921_,9,1.0,insufficient_history,2026-09-01
300200921_,10,1.0,insufficient_history,2026-09-01
300200921_,11,1.0,insufficient_history,2026-09-01
300200921_,12,1.0,insufficient_history,2026-09-01
300200922_,1,1.0,insufficient_history,2026-09-01
300200922_,2,1.0,insufficient_history,2026-09-01
300200922_,3,1.0,insufficient_history,2026-09-01
300200922_,4,1.0,insufficient_history,2026-09-01
300200922_,5,1.0,insufficient_history,2026-09-01
300200922_,6,1.0,insufficient_history,2026-09-01
300200922_,7,1.0,insufficient_history,2026-09-01
300200922_,8,1.0,insufficient_history,2026-09-01
300200922_,9,1.0,insufficient_history,2026-09-01
300200922_,10,1.0,insufficient_history,2026-09-01
300200922_,11,1.0,insufficient_history,2026-09-01
300200922_,12,1.0,insufficient_history,2026-09-01
300200923_,1,1.0,insufficient_history,2026-09-01
300200923_,2,1.0,insufficient_history,2026-09-01
300200923_,3,1.0,insufficient_history,2026-09-01
300200923_,4,1.0,insufficient_history,2026-09-01
300200923_,5,1.0,insufficient_history,2026-09-01
300200923_,6,1.0,insufficient_history,2026-09-01
300200923_,7,1.0,insufficient_history,2026-09-01
300200923_,8,1.0,insufficient_history,2026-09-01
300200923_,9,1.0,insufficient_history,2026-09-01
300200923_,10,1.0,insufficient_history,2026-09-01
300200923_,11,1.0,insufficient_history,2026-09-01
300200923_,12,1.0,insufficient_history,2026-09-01
300200924_,1,1.0,insufficient_history,2026-09-01
300200924_,2,1.0,insufficient_history,2026-09-01
300200924_,3,1.0,insufficient_history,2026-09-01
300200924_,4,1.0,insufficient_history,2026-09-01
300200924_,5,1.0,insufficient_history,2026-09-01
300200924_,6,1.0,insufficient_history,2026-09-01
300200924_,7,1.0,insufficient_history,2026-09-01
300200924_,8,1.0,insufficient_history,2026-09-01
300200924_,9,1.0,insufficient_history,2026-09-01
300200924_,10,1.0,insufficient_history,2026-09-01
300200924_,11,1.0,insufficient_history,2026-09-01
300200924_,12,1.0,insufficient_history,2026-09-01
300200925_,1,1.0,insufficient_history,2026-09-01
300200925_,2,1.0,insufficient_history,2026-09-01
300200925_,3,1.0,insufficient_history,2026-09-01
300200925_,4,1.0,insufficient_history,2026-09-01
300200925_,5,1.0,insufficient_history,2026-09-01
300200925_,6,1.0,insufficient_history,2026-09-01
300200925_,7,1.0,insufficient_history,2026-09-01
300200925_,8,1.0,insufficient_history,2026-09-01
300200925_,9,1.0,insufficient_history,2026-09-01
300200925_,10,1.0,insufficient_history,2026-09-01
300200925_,11,1.0,insufficient_history,2026-09-01
300200925_,12,1.0,insufficient_history,2026-09-01
300200926_,1,1.0,insufficient_history,2026-09-01
300200926_,2,1.0,insufficient_history,2026-09-01
300200926_,3,1.0,insufficient_history,2026-09-01
300200926_,4,1.0,insufficient_history,2026-09-01
300200926_,5,1.0,insufficient_history,2026-09-01
300200926_,6,1.0,insufficient_history,2026-09-01
300200926_,7,1.0,insufficient_history,2026-09-01
300200926_,8,1.0,insufficient_history,2026-09-01
300200926_,9,1.0,insufficient_history,2026-09-01
300200926_,10,1.0,insufficient_history,2026-09-01
300200926_,11,1.0,insufficient_history,2026-09-01
300200926_,12,1.0,insufficient_history,2026-09-01
300200927_,1,1.0,insufficient_history,2026-09-01
300200927_,2,1.0,insufficient_history,2026-09-01
300200927_,3,1.0,insufficient_history,2026-09-01
300200927_,4,1.0,insufficient_history,2026-09-01
300200927_,5,1.0,insufficient_history,2026-09-01
300200927_,6,1.0,insufficient_history,2026-09-01
300200927_,7,1.0,insufficient_history,2026-09-01
300200927_,8,1.0,insufficient_history,2026-09-01
300200927_,9,1.0,insufficient_history,2026-09-01
300200927_,10,1.0,insufficient_history,2026-09-01
300200927_,11,1.0,insufficient_history,2026-09-01
300200927_,12,1.0,insufficient_history,2026-09-01
300200928_,1,1.0,insufficient_history,2026-09-01
300200928_,2,1.0,insufficient_history,2026-09-01
300200928_,3,1.0,insufficient_history,2026-09-01
300200928_,4,1.0,insufficient_history,2026-09-01
300200928_,5,1.0,insufficient_history,2026-09-01
300200928_,6,1.0,insufficient_history,2026-09-01
300200928_,7,1.0,insufficient_history,2026-09-01
300200928_,8,1.0,insufficient_history,2026-09-01
300200928_,9,1.0,insufficient_history,2026-09-01
300200928_,10,1.0,insufficient_history,2026-09-01
300200928_,11,1.0,insufficient_history,2026-09-01
300200928_,12,1.0,insufficient_history,2026-09-01
300200929_,1,1.0,insufficient_history,2026-09-01
300200929_,2,1.0,insufficient_history,2026-09-01
300200929_,3,1.0,insufficient_history,2026-09-01
300200929_,4,1.0,insufficient_history,2026-09-01
300200929_,5,1.0,insufficient_history,2026-09-01
300200929_,6,1.0,insufficient_history,2026-09-01
300200929_,7,1.0,insufficient_history,2026-09-01
300200929_,8,1.0,insufficient_history,2026-09-01
300200929_,9,1.0,insufficient_history,2026-09-01
300200929_,10,1.0,insufficient_history,2026-09-01
300200929_,11,1.0,insufficient_history,2026-09-01
300200929_,12,1.0,insufficient_history,2026-09-01
300200930_,1,1.0,insufficient_history,2026-09-01
300200930_,2,1.0,insufficient_history,2026-09-01
300200930_,3,1.0,insufficient_history,2026-09-01
300200930_,4,1.0,insufficient_history,2026-09-01
300200930_,5,1.0,insufficient_history,2026-09-01
300200930_,6,1.0,insufficient_history,2026-09-01
300200930_,7,1.0,insufficient_history,2026-09-01
300200930_,8,1.0,insufficient_history,2026-09-01
300200930_,9,1.0,insufficient_history,2026-09-01
300200930_,10,1.0,insufficient_history,2026-09-01
300200930_,11,1.0,insufficient_history,2026-09-01
300200930_,12,1.0,insufficient_history,2026-09-01
300200931_,1,1.0,insufficient_history,2026-09-01
300200931_,2,1.0,insufficient_history,2026-09-01
300200931_,3,1.0,insufficient_history,2026-09-01
300200931_,4,1.0,insufficient_history,2026-09-01
300200931_,5,1.0,insufficient_history,2026-09-01
300200931_,6,1.0,insufficient_history,2026-09-01
300200931_,7,1.0,insufficient_history,2026-09-01
300200931_,8,1.0,insufficient_history,2026-09-01
300200931_,9,1.0,insufficient_history,2026-09-01
300200931_,10,1.0,insufficient_history,2026-09-01
300200931_,11,1.0,insufficient_history,2026-09-01
300200931_,12,1.0,insufficient_history,2026-09-01
300200932_,1,1.0,insufficient_history,2026-09-01
300200932_,2,1.0,insufficient_history,2026-09-01
300200932_,3,1.0,insufficient_history,2026-09-01
300200932_,4,1.0,insufficient_history,2026-09-01
300200932_,5,1.0,insufficient_history,2026-09-01
300200932_,6,1.0,insufficient_history,2026-09-01
300200932_,7,1.0,insufficient_history,2026-09-01
300200932_,8,1.0,insufficient_history,2026-09-01
300200932_,9,1.0,insufficient_history,2026-09-01
300200932_,10,1.0,insufficient_history,2026-09-01
300200932_,11,1.0,insufficient_history,2026-09-01
300200932_,12,1.0,insufficient_history,2026-09-01
300200933_,1,1.0083170743745293,estimated_from_past,2026-09-01
300200933_,2,0.9772386380232025,estimated_from_past,2026-09-01
300200933_,3,1.0394878790769073,estimated_from_past,2026-09-01
300200933_,4,1.6734524970157294,estimated_from_past,2026-09-01
300200933_,5,0.7823313835861423,estimated_from_past,2026-09-01
300200933_,6,1.019619830127786,estimated_from_past,2026-09-01
300200933_,7,0.9864084927297333,estimated_from_past,2026-09-01
300200933_,8,1.1282433044067626,estimated_from_past,2026-09-01
300200933_,9,0.9524207673297984,estimated_from_past,2026-09-01
300200933_,10,0.6250431652304534,estimated_from_past,2026-09-01
300200933_,11,0.9453010758464186,estimated_from_past,2026-09-01
300200933_,12,0.8621358922525355,estimated_from_past,2026-09-01
300200934_,1,0.9408982276537402,estimated_from_past,2026-09-01
300200934_,2,0.7212515875726739,estimated_from_past,2026-09-01
300200934_,3,1.0243254146120204,estimated_from_past,2026-09-01
300200934_,4,1.3126708113025078,estimated_from_past,2026-09-01
300200934_,5,0.7328966392692292,estimated_from_past,2026-09-01
300200934_,6,0.7255643339517167,estimated_from_past,2026-09-01
300200934_,7,1.1601221642012278,estimated_from_past,2026-09-01
300200934_,8,1.339024699597513,estimated_from_past,2026-09-01
300200934_,9,1.3100505510313494,estimated_from_past,2026-09-01
300200934_,10,0.8822805281209408,estimated_from_past,2026-09-01
300200934_,11,0.9403935125243816,estimated_from_past,2026-09-01
300200934_,12,0.910521530162698,estimated_from_past,2026-09-01
300200935_,1,1.0,insufficient_history,2026-09-01
300200935_,2,1.0,insufficient_history,2026-09-01
300200935_,3,1.0,insufficient_history,2026-09-01
300200935_,4,1.0,insufficient_history,2026-09-01
300200935_,5,1.0,insufficient_history,2026-09-01
300200935_,6,1.0,insufficient_history,2026-09-01
300200935_,7,1.0,insufficient_history,2026-09-01
300200935_,8,1.0,insufficient_history,2026-09-01
300200935_,9,1.0,insufficient_history,2026-09-01
300200935_,10,1.0,insufficient_history,2026-09-01
300200935_,11,1.0,insufficient_history,2026-09-01
300200935_,12,1.0,insufficient_history,2026-09-01
300200936_,1,0.7565299398576398,estimated_from_past,2026-09-01
300200936_,2,0.8630860948275271,estimated_from_past,2026-09-01
300200936_,3,1.2649636024070077,estimated_from_past,2026-09-01
300200936_,4,1.3238871520153266,estimated_from_past,2026-09-01
300200936_,5,0.805801171498687,estimated_from_past,2026-09-01
300200936_,6,1.3627037020747106,estimated_from_past,2026-09-01
300200936_,7,0.8316733374085751,estimated_from_past,2026-09-01
300200936_,8,1.379068965397537,estimated_from_past,2026-09-01
300200936_,9,0.8675180932253024,estimated_from_past,2026-09-01
300200936_,10,0.7793928545312826,estimated_from_past,2026-09-01
300200936_,11,1.100378611684589,estimated_from_past,2026-09-01
300200936_,12,0.664996475071819,estimated_from_past,2026-09-01
300200937_,1,1.0,insufficient_history,2026-09-01
300200937_,2,1.0,insufficient_history,2026-09-01
300200937_,3,1.0,insufficient_history,2026-09-01
300200937_,4,1.0,insufficient_history,2026-09-01
300200937_,5,1.0,insufficient_history,2026-09-01
300200937_,6,1.0,insufficient_history,2026-09-01
300200937_,7,1.0,insufficient_history,2026-09-01
300200937_,8,1.0,insufficient_history,2026-09-01
300200937_,9,1.0,insufficient_history,2026-09-01
300200937_,10,1.0,insufficient_history,2026-09-01
300200937_,11,1.0,insufficient_history,2026-09-01
300200937_,12,1.0,insufficient_history,2026-09-01
300200938_,1,1.0,insufficient_history,2026-09-01
300200938_,2,1.0,insufficient_history,2026-09-01
300200938_,3,1.0,insufficient_history,2026-09-01
300200938_,4,1.0,insufficient_history,2026-09-01
300200938_,5,1.0,insufficient_history,2026-09-01
300200938_,6,1.0,insufficient_history,2026-09-01
300200938_,7,1.0,insufficient_history,2026-09-01
300200938_,8,1.0,insufficient_history,2026-09-01
300200938_,9,1.0,insufficient_history,2026-09-01
300200938_,10,1.0,insufficient_history,2026-09-01
300200938_,11,1.0,insufficient_history,2026-09-01
300200938_,12,1.0,insufficient_history,2026-09-01
300200939_,1,1.0,insufficient_history,2026-09-01
300200939_,2,1.0,insufficient_history,2026-09-01
300200939_,3,1.0,insufficient_history,2026-09-01
300200939_,4,1.0,insufficient_history,2026-09-01
300200939_,5,1.0,insufficient_history,2026-09-01
300200939_,6,1.0,insufficient_history,2026-09-01
300200939_,7,1.0,insufficient_history,2026-09-01
300200939_,8,1.0,insufficient_history,2026-09-01
300200939_,9,1.0,insufficient_history,2026-09-01
300200939_,10,1.0,insufficient_history,2026-09-01
300200939_,11,1.0,insufficient_history,2026-09-01
300200939_,12,1.0,insufficient_history,2026-09-01
300200940_,1,1.0,insufficient_history,2026-09-01
300200940_,2,1.0,insufficient_history,2026-09-01
300200940_,3,1.0,insufficient_history,2026-09-01
300200940_,4,1.0,insufficient_history,2026-09-01
300200940_,5,1.0,insufficient_history,2026-09-01
300200940_,6,1.0,insufficient_history,2026-09-01
300200940_,7,1.0,insufficient_history,2026-09-01
300200940_,8,1.0,insufficient_history,2026-09-01
300200940_,9,1.0,insufficient_history,2026-09-01
300200940_,10,1.0,insufficient_history,2026-09-01
300200940_,11,1.0,insufficient_history,2026-09-01
300200940_,12,1.0,insufficient_history,2026-09-01
300200941_,1,1.0,insufficient_history,2026-09-01
300200941_,2,1.0,insufficient_history,2026-09-01
300200941_,3,1.0,insufficient_history,2026-09-01
300200941_,4,1.0,insufficient_history,2026-09-01
300200941_,5,1.0,insufficient_history,2026-09-01
300200941_,6,1.0,insufficient_history,2026-09-01
300200941_,7,1.0,insufficient_history,2026-09-01
300200941_,8,1.0,insufficient_history,2026-09-01
300200941_,9,1.0,insufficient_history,2026-09-01
300200941_,10,1.0,insufficient_history,2026-09-01
300200941_,11,1.0,insufficient_history,2026-09-01
300200941_,12,1.0,insufficient_history,2026-09-01
300200942_,1,1.0,insufficient_history,2026-09-01
300200942_,2,1.0,insufficient_history,2026-09-01
300200942_,3,1.0,insufficient_history,2026-09-01
300200942_,4,1.0,insufficient_history,2026-09-01
300200942_,5,1.0,insufficient_history,2026-09-01
300200942_,6,1.0,insufficient_history,2026-09-01
300200942_,7,1.0,insufficient_history,2026-09-01
300200942_,8,1.0,insufficient_history,2026-09-01
300200942_,9,1.0,insufficient_history,2026-09-01
300200942_,10,1.0,insufficient_history,2026-09-01
300200942_,11,1.0,insufficient_history,2026-09-01
300200942_,12,1.0,insufficient_history,2026-09-01
300200943_,1,1.0,insufficient_history,2026-09-01
300200943_,2,1.0,insufficient_history,2026-09-01
300200943_,3,1.0,insufficient_history,2026-09-01
300200943_,4,1.0,insufficient_history,2026-09-01
300200943_,5,1.0,insufficient_history,2026-09-01
300200943_,6,1.0,insufficient_history,2026-09-01
300200943_,7,1.0,insufficient_history,2026-09-01
300200943_,8,1.0,insufficient_history,2026-09-01
300200943_,9,1.0,insufficient_history,2026-09-01
300200943_,10,1.0,insufficient_history,2026-09-01
300200943_,11,1.0,insufficient_history,2026-09-01
300200943_,12,1.0,insufficient_history,2026-09-01
300200944_,1,1.0,insufficient_history,2026-09-01
300200944_,2,1.0,insufficient_history,2026-09-01
300200944_,3,1.0,insufficient_history,2026-09-01
300200944_,4,1.0,insufficient_history,2026-09-01
300200944_,5,1.0,insufficient_history,2026-09-01
300200944_,6,1.0,insufficient_history,2026-09-01
300200944_,7,1.0,insufficient_history,2026-09-01
300200944_,8,1.0,insufficient_history,2026-09-01
300200944_,9,1.0,insufficient_history,2026-09-01
300200944_,10,1.0,insufficient_history,2026-09-01
300200944_,11,1.0,insufficient_history,2026-09-01
300200944_,12,1.0,insufficient_history,2026-09-01
300200945_,1,0.9356401207903441,estimated_from_past,2026-09-01
300200945_,2,0.7891865715243382,estimated_from_past,2026-09-01
300200945_,3,0.9082496216478404,estimated_from_past,2026-09-01
300200945_,4,1.321635219796885,estimated_from_past,2026-09-01
300200945_,5,0.6894324532739218,estimated_from_past,2026-09-01
300200945_,6,1.2316652111650148,estimated_from_past,2026-09-01
300200945_,7,0.8747425079643638,estimated_from_past,2026-09-01
300200945_,8,1.350970312456595,estimated_from_past,2026-09-01
300200945_,9,0.9981575403866679,estimated_from_past,2026-09-01
300200945_,10,0.8995599024727131,estimated_from_past,2026-09-01
300200945_,11,1.162499881792458,estimated_from_past,2026-09-01
300200945_,12,0.8382606567288563,estimated_from_past,2026-09-01
300200946_,1,1.0,insufficient_history,2026-09-01
300200946_,2,1.0,insufficient_history,2026-09-01
300200946_,3,1.0,insufficient_history,2026-09-01
300200946_,4,1.0,insufficient_history,2026-09-01
300200946_,5,1.0,insufficient_history,2026-09-01
300200946_,6,1.0,insufficient_history,2026-09-01
300200946_,7,1.0,insufficient_history,2026-09-01
300200946_,8,1.0,insufficient_history,2026-09-01
300200946_,9,1.0,insufficient_history,2026-09-01
300200946_,10,1.0,insufficient_history,2026-09-01
300200946_,11,1.0,insufficient_history,2026-09-01
300200946_,12,1.0,insufficient_history,2026-09-01
300200947_,1,1.145227148351894,estimated_from_past,2026-09-01
300200947_,2,0.8722541098145841,estimated_from_past,2026-09-01
300200947_,3,1.0193044229777624,estimated_from_past,2026-09-01
300200947_,4,1.1053549341690698,estimated_from_past,2026-09-01
300200947_,5,0.9381335630994181,estimated_from_past,2026-09-01
300200947_,6,0.9220577954044631,estimated_from_past,2026-09-01
300200947_,7,1.3205913169280903,estimated_from_past,2026-09-01
300200947_,8,1.5573582042275183,estimated_from_past,2026-09-01
300200947_,9,0.7903009220315473,estimated_from_past,2026-09-01
300200947_,10,0.7635353095199557,estimated_from_past,2026-09-01
300200947_,11,0.7124413597488145,estimated_from_past,2026-09-01
300200947_,12,0.8534409137268836,estimated_from_past,2026-09-01
300200948_,1,1.0,insufficient_history,2026-09-01
300200948_,2,1.0,insufficient_history,2026-09-01
300200948_,3,1.0,insufficient_history,2026-09-01
300200948_,4,1.0,insufficient_history,2026-09-01
300200948_,5,1.0,insufficient_history,2026-09-01
300200948_,6,1.0,insufficient_history,2026-09-01
300200948_,7,1.0,insufficient_history,2026-09-01
300200948_,8,1.0,insufficient_history,2026-09-01
300200948_,9,1.0,insufficient_history,2026-09-01
300200948_,10,1.0,insufficient_history,2026-09-01
300200948_,11,1.0,insufficient_history,2026-09-01
300200948_,12,1.0,insufficient_history,2026-09-01
300200949_,1,1.0,insufficient_history,2026-09-01
300200949_,2,1.0,insufficient_history,2026-09-01
300200949_,3,1.0,insufficient_history,2026-09-01
300200949_,4,1.0,insufficient_history,2026-09-01
300200949_,5,1.0,insufficient_history,2026-09-01
300200949_,6,1.0,insufficient_history,2026-09-01
300200949_,7,1.0,insufficient_history,2026-09-01
300200949_,8,1.0,insufficient_history,2026-09-01
300200949_,9,1.0,insufficient_history,2026-09-01
300200949_,10,1.0,insufficient_history,2026-09-01
300200949_,11,1.0,insufficient_history,2026-09-01
300200949_,12,1.0,insufficient_history,2026-09-01
300200950_,1,1.0,insufficient_history,2026-09-01
300200950_,2,1.0,insufficient_history,2026-09-01
300200950_,3,1.0,insufficient_history,2026-09-01
300200950_,4,1.0,insufficient_history,2026-09-01
300200950_,5,1.0,insufficient_history,2026-09-01
300200950_,6,1.0,insufficient_history,2026-09-01
300200950_,7,1.0,insufficient_history,2026-09-01
300200950_,8,1.0,insufficient_history,2026-09-01
300200950_,9,1.0,insufficient_history,2026-09-01
300200950_,10,1.0,insufficient_history,2026-09-01
300200950_,11,1.0,insufficient_history,2026-09-01
300200950_,12,1.0,insufficient_history,2026-09-01
300200951_,1,1.0,insufficient_history,2026-09-01
300200951_,2,1.0,insufficient_history,2026-09-01
300200951_,3,1.0,insufficient_history,2026-09-01
300200951_,4,1.0,insufficient_history,2026-09-01
300200951_,5,1.0,insufficient_history,2026-09-01
300200951_,6,1.0,insufficient_history,2026-09-01
300200951_,7,1.0,insufficient_history,2026-09-01
300200951_,8,1.0,insufficient_history,2026-09-01
300200951_,9,1.0,insufficient_history,2026-09-01
300200951_,10,1.0,insufficient_history,2026-09-01
300200951_,11,1.0,insufficient_history,2026-09-01
300200951_,12,1.0,insufficient_history,2026-09-01
300200952_,1,1.0,insufficient_history,2026-09-01
300200952_,2,1.0,insufficient_history,2026-09-01
300200952_,3,1.0,insufficient_history,2026-09-01
300200952_,4,1.0,insufficient_history,2026-09-01
300200952_,5,1.0,insufficient_history,2026-09-01
300200952_,6,1.0,insufficient_history,2026-09-01
300200952_,7,1.0,insufficient_history,2026-09-01
300200952_,8,1.0,insufficient_history,2026-09-01
300200952_,9,1.0,insufficient_history,2026-09-01
300200952_,10,1.0,insufficient_history,2026-09-01
300200952_,11,1.0,insufficient_history,2026-09-01
300200952_,12,1.0,insufficient_history,2026-09-01
300200953_,1,1.0,insufficient_history,2026-09-01
300200953_,2,1.0,insufficient_history,2026-09-01
300200953_,3,1.0,insufficient_history,2026-09-01
300200953_,4,1.0,insufficient_history,2026-09-01
300200953_,5,1.0,insufficient_history,2026-09-01
300200953_,6,1.0,insufficient_history,2026-09-01
300200953_,7,1.0,insufficient_history,2026-09-01
300200953_,8,1.0,insufficient_history,2026-09-01
300200953_,9,1.0,insufficient_history,2026-09-01
300200953_,10,1.0,insufficient_history,2026-09-01
300200953_,11,1.0,insufficient_history,2026-09-01
300200953_,12,1.0,insufficient_history,2026-09-01
300200954_,1,1.0,insufficient_history,2026-09-01
300200954_,2,1.0,insufficient_history,2026-09-01
300200954_,3,1.0,insufficient_history,2026-09-01
300200954_,4,1.0,insufficient_history,2026-09-01
300200954_,5,1.0,insufficient_history,2026-09-01
300200954_,6,1.0,insufficient_history,2026-09-01
300200954_,7,1.0,insufficient_history,2026-09-01
300200954_,8,1.0,insufficient_history,2026-09-01
300200954_,9,1.0,insufficient_history,2026-09-01
300200954_,10,1.0,insufficient_history,2026-09-01
300200954_,11,1.0,insufficient_history,2026-09-01
300200954_,12,1.0,insufficient_history,2026-09-01
300200955_,1,1.0,insufficient_history,2026-09-01
300200955_,2,1.0,insufficient_history,2026-09-01
300200955_,3,1.0,insufficient_history,2026-09-01
300200955_,4,1.0,insufficient_history,2026-09-01
300200955_,5,1.0,insufficient_history,2026-09-01
300200955_,6,1.0,insufficient_history,2026-09-01
300200955_,7,1.0,insufficient_history,2026-09-01
300200955_,8,1.0,insufficient_history,2026-09-01
300200955_,9,1.0,insufficient_history,2026-09-01
300200955_,10,1.0,insufficient_history,2026-09-01
300200955_,11,1.0,insufficient_history,2026-09-01
300200955_,12,1.0,insufficient_history,2026-09-01
300200956_,1,1.0,insufficient_history,2026-09-01
300200956_,2,1.0,insufficient_history,2026-09-01
300200956_,3,1.0,insufficient_history,2026-09-01
300200956_,4,1.0,insufficient_history,2026-09-01
300200956_,5,1.0,insufficient_history,2026-09-01
300200956_,6,1.0,insufficient_history,2026-09-01
300200956_,7,1.0,insufficient_history,2026-09-01
300200956_,8,1.0,insufficient_history,2026-09-01
300200956_,9,1.0,insufficient_history,2026-09-01
300200956_,10,1.0,insufficient_history,2026-09-01
300200956_,11,1.0,insufficient_history,2026-09-01
300200956_,12,1.0,insufficient_history,2026-09-01
300200959_,1,1.0,insufficient_history,2026-09-01
300200959_,2,1.0,insufficient_history,2026-09-01
300200959_,3,1.0,insufficient_history,2026-09-01
300200959_,4,1.0,insufficient_history,2026-09-01
300200959_,5,1.0,insufficient_history,2026-09-01
300200959_,6,1.0,insufficient_history,2026-09-01
300200959_,7,1.0,insufficient_history,2026-09-01
300200959_,8,1.0,insufficient_history,2026-09-01
300200959_,9,1.0,insufficient_history,2026-09-01
300200959_,10,1.0,insufficient_history,2026-09-01
300200959_,11,1.0,insufficient_history,2026-09-01
300200959_,12,1.0,insufficient_history,2026-09-01
300200961_,1,1.0,insufficient_history,2026-09-01
300200961_,2,1.0,insufficient_history,2026-09-01
300200961_,3,1.0,insufficient_history,2026-09-01
300200961_,4,1.0,insufficient_history,2026-09-01
300200961_,5,1.0,insufficient_history,2026-09-01
300200961_,6,1.0,insufficient_history,2026-09-01
300200961_,7,1.0,insufficient_history,2026-09-01
300200961_,8,1.0,insufficient_history,2026-09-01
300200961_,9,1.0,insufficient_history,2026-09-01
300200961_,10,1.0,insufficient_history,2026-09-01
300200961_,11,1.0,insufficient_history,2026-09-01
300200961_,12,1.0,insufficient_history,2026-09-01
300200962_,1,1.0,insufficient_history,2026-09-01
300200962_,2,1.0,insufficient_history,2026-09-01
300200962_,3,1.0,insufficient_history,2026-09-01
300200962_,4,1.0,insufficient_history,2026-09-01
300200962_,5,1.0,insufficient_history,2026-09-01
300200962_,6,1.0,insufficient_history,2026-09-01
300200962_,7,1.0,insufficient_history,2026-09-01
300200962_,8,1.0,insufficient_history,2026-09-01
300200962_,9,1.0,insufficient_history,2026-09-01
300200962_,10,1.0,insufficient_history,2026-09-01
300200962_,11,1.0,insufficient_history,2026-09-01
300200962_,12,1.0,insufficient_history,2026-09-01
300200963_,1,1.0,insufficient_history,2026-09-01
300200963_,2,1.0,insufficient_history,2026-09-01
300200963_,3,1.0,insufficient_history,2026-09-01
300200963_,4,1.0,insufficient_history,2026-09-01
300200963_,5,1.0,insufficient_history,2026-09-01
300200963_,6,1.0,insufficient_history,2026-09-01
300200963_,7,1.0,insufficient_history,2026-09-01
300200963_,8,1.0,insufficient_history,2026-09-01
300200963_,9,1.0,insufficient_history,2026-09-01
300200963_,10,1.0,insufficient_history,2026-09-01
300200963_,11,1.0,insufficient_history,2026-09-01
300200963_,12,1.0,insufficient_history,2026-09-01
300200964_,1,1.0,insufficient_history,2026-09-01
300200964_,2,1.0,insufficient_history,2026-09-01
300200964_,3,1.0,insufficient_history,2026-09-01
300200964_,4,1.0,insufficient_history,2026-09-01
300200964_,5,1.0,insufficient_history,2026-09-01
300200964_,6,1.0,insufficient_history,2026-09-01
300200964_,7,1.0,insufficient_history,2026-09-01
300200964_,8,1.0,insufficient_history,2026-09-01
300200964_,9,1.0,insufficient_history,2026-09-01
300200964_,10,1.0,insufficient_history,2026-09-01
300200964_,11,1.0,insufficient_history,2026-09-01
300200964_,12,1.0,insufficient_history,2026-09-01
300200965_,1,1.0,insufficient_history,2026-09-01
300200965_,2,1.0,insufficient_history,2026-09-01
300200965_,3,1.0,insufficient_history,2026-09-01
300200965_,4,1.0,insufficient_history,2026-09-01
300200965_,5,1.0,insufficient_history,2026-09-01
300200965_,6,1.0,insufficient_history,2026-09-01
300200965_,7,1.0,insufficient_history,2026-09-01
300200965_,8,1.0,insufficient_history,2026-09-01
300200965_,9,1.0,insufficient_history,2026-09-01
300200965_,10,1.0,insufficient_history,2026-09-01
300200965_,11,1.0,insufficient_history,2026-09-01
300200965_,12,1.0,insufficient_history,2026-09-01
300200966_,1,1.0,insufficient_history,2026-09-01
300200966_,2,1.0,insufficient_history,2026-09-01
300200966_,3,1.0,insufficient_history,2026-09-01
300200966_,4,1.0,insufficient_history,2026-09-01
300200966_,5,1.0,insufficient_history,2026-09-01
300200966_,6,1.0,insufficient_history,2026-09-01
300200966_,7,1.0,insufficient_history,2026-09-01
300200966_,8,1.0,insufficient_history,2026-09-01
300200966_,9,1.0,insufficient_history,2026-09-01
300200966_,10,1.0,insufficient_history,2026-09-01
300200966_,11,1.0,insufficient_history,2026-09-01
300200966_,12,1.0,insufficient_history,2026-09-01
300200967_,1,1.0,insufficient_history,2026-09-01
300200967_,2,1.0,insufficient_history,2026-09-01
300200967_,3,1.0,insufficient_history,2026-09-01
300200967_,4,1.0,insufficient_history,2026-09-01
300200967_,5,1.0,insufficient_history,2026-09-01
300200967_,6,1.0,insufficient_history,2026-09-01
300200967_,7,1.0,insufficient_history,2026-09-01
300200967_,8,1.0,insufficient_history,2026-09-01
300200967_,9,1.0,insufficient_history,2026-09-01
300200967_,10,1.0,insufficient_history,2026-09-01
300200967_,11,1.0,insufficient_history,2026-09-01
300200967_,12,1.0,insufficient_history,2026-09-01
300200968_,1,1.0,insufficient_history,2026-09-01
300200968_,2,1.0,insufficient_history,2026-09-01
300200968_,3,1.0,insufficient_history,2026-09-01
300200968_,4,1.0,insufficient_history,2026-09-01
300200968_,5,1.0,insufficient_history,2026-09-01
300200968_,6,1.0,insufficient_history,2026-09-01
300200968_,7,1.0,insufficient_history,2026-09-01
300200968_,8,1.0,insufficient_history,2026-09-01
300200968_,9,1.0,insufficient_history,2026-09-01
300200968_,10,1.0,insufficient_history,2026-09-01
300200968_,11,1.0,insufficient_history,2026-09-01
300200968_,12,1.0,insufficient_history,2026-09-01
300201148_,1,1.0,insufficient_history,2026-09-01
300201148_,2,1.0,insufficient_history,2026-09-01
300201148_,3,1.0,insufficient_history,2026-09-01
300201148_,4,1.0,insufficient_history,2026-09-01
300201148_,5,1.0,insufficient_history,2026-09-01
300201148_,6,1.0,insufficient_history,2026-09-01
300201148_,7,1.0,insufficient_history,2026-09-01
300201148_,8,1.0,insufficient_history,2026-09-01
300201148_,9,1.0,insufficient_history,2026-09-01
300201148_,10,1.0,insufficient_history,2026-09-01
300201148_,11,1.0,insufficient_history,2026-09-01
300201148_,12,1.0,insufficient_history,2026-09-01
300201149_,1,1.0,insufficient_history,2026-09-01
300201149_,2,1.0,insufficient_history,2026-09-01
300201149_,3,1.0,insufficient_history,2026-09-01
300201149_,4,1.0,insufficient_history,2026-09-01
300201149_,5,1.0,insufficient_history,2026-09-01
300201149_,6,1.0,insufficient_history,2026-09-01
300201149_,7,1.0,insufficient_history,2026-09-01
300201149_,8,1.0,insufficient_history,2026-09-01
300201149_,9,1.0,insufficient_history,2026-09-01
300201149_,10,1.0,insufficient_history,2026-09-01
300201149_,11,1.0,insufficient_history,2026-09-01
300201149_,12,1.0,insufficient_history,2026-09-01
300201150_,1,1.0,insufficient_history,2026-09-01
300201150_,2,1.0,insufficient_history,2026-09-01
300201150_,3,1.0,insufficient_history,2026-09-01
300201150_,4,1.0,insufficient_history,2026-09-01
300201150_,5,1.0,insufficient_history,2026-09-01
300201150_,6,1.0,insufficient_history,2026-09-01
300201150_,7,1.0,insufficient_history,2026-09-01
300201150_,8,1.0,insufficient_history,2026-09-01
300201150_,9,1.0,insufficient_history,2026-09-01
300201150_,10,1.0,insufficient_history,2026-09-01
300201150_,11,1.0,insufficient_history,2026-09-01
300201150_,12,1.0,insufficient_history,2026-09-01
300201151_,1,1.0,insufficient_history,2026-09-01
300201151_,2,1.0,insufficient_history,2026-09-01
300201151_,3,1.0,insufficient_history,2026-09-01
300201151_,4,1.0,insufficient_history,2026-09-01
300201151_,5,1.0,insufficient_history,2026-09-01
300201151_,6,1.0,insufficient_history,2026-09-01
300201151_,7,1.0,insufficient_history,2026-09-01
300201151_,8,1.0,insufficient_history,2026-09-01
300201151_,9,1.0,insufficient_history,2026-09-01
300201151_,10,1.0,insufficient_history,2026-09-01
300201151_,11,1.0,insufficient_history,2026-09-01
300201151_,12,1.0,insufficient_history,2026-09-01
300201152_,1,1.0,insufficient_history,2026-09-01
300201152_,2,1.0,insufficient_history,2026-09-01
300201152_,3,1.0,insufficient_history,2026-09-01
300201152_,4,1.0,insufficient_history,2026-09-01
300201152_,5,1.0,insufficient_history,2026-09-01
300201152_,6,1.0,insufficient_history,2026-09-01
300201152_,7,1.0,insufficient_history,2026-09-01
300201152_,8,1.0,insufficient_history,2026-09-01
300201152_,9,1.0,insufficient_history,2026-09-01
300201152_,10,1.0,insufficient_history,2026-09-01
300201152_,11,1.0,insufficient_history,2026-09-01
300201152_,12,1.0,insufficient_history,2026-09-01
300201153_,1,1.0,insufficient_history,2026-09-01
300201153_,2,1.0,insufficient_history,2026-09-01
300201153_,3,1.0,insufficient_history,2026-09-01
300201153_,4,1.0,insufficient_history,2026-09-01
300201153_,5,1.0,insufficient_history,2026-09-01
300201153_,6,1.0,insufficient_history,2026-09-01
300201153_,7,1.0,insufficient_history,2026-09-01
300201153_,8,1.0,insufficient_history,2026-09-01
300201153_,9,1.0,insufficient_history,2026-09-01
300201153_,10,1.0,insufficient_history,2026-09-01
300201153_,11,1.0,insufficient_history,2026-09-01
300201153_,12,1.0,insufficient_history,2026-09-01
300201154_,1,1.0,insufficient_history,2026-09-01
300201154_,2,1.0,insufficient_history,2026-09-01
300201154_,3,1.0,insufficient_history,2026-09-01
300201154_,4,1.0,insufficient_history,2026-09-01
300201154_,5,1.0,insufficient_history,2026-09-01
300201154_,6,1.0,insufficient_history,2026-09-01
300201154_,7,1.0,insufficient_history,2026-09-01
300201154_,8,1.0,insufficient_history,2026-09-01
300201154_,9,1.0,insufficient_history,2026-09-01
300201154_,10,1.0,insufficient_history,2026-09-01
300201154_,11,1.0,insufficient_history,2026-09-01
300201154_,12,1.0,insufficient_history,2026-09-01
300201155_,1,1.0,insufficient_history,2026-09-01
300201155_,2,1.0,insufficient_history,2026-09-01
300201155_,3,1.0,insufficient_history,2026-09-01
300201155_,4,1.0,insufficient_history,2026-09-01
300201155_,5,1.0,insufficient_history,2026-09-01
300201155_,6,1.0,insufficient_history,2026-09-01
300201155_,7,1.0,insufficient_history,2026-09-01
300201155_,8,1.0,insufficient_history,2026-09-01
300201155_,9,1.0,insufficient_history,2026-09-01
300201155_,10,1.0,insufficient_history,2026-09-01
300201155_,11,1.0,insufficient_history,2026-09-01
300201155_,12,1.0,insufficient_history,2026-09-01
ATN000108,1,1.0,insufficient_history,2026-09-01
ATN000108,2,1.0,insufficient_history,2026-09-01
ATN000108,3,1.0,insufficient_history,2026-09-01
ATN000108,4,1.0,insufficient_history,2026-09-01
ATN000108,5,1.0,insufficient_history,2026-09-01
ATN000108,6,1.0,insufficient_history,2026-09-01
ATN000108,7,1.0,insufficient_history,2026-09-01
ATN000108,8,1.0,insufficient_history,2026-09-01
ATN000108,9,1.0,insufficient_history,2026-09-01
ATN000108,10,1.0,insufficient_history,2026-09-01
ATN000108,11,1.0,insufficient_history,2026-09-01
ATN000108,12,1.0,insufficient_history,2026-09-01
ATN000109,1,1.0,insufficient_history,2026-09-01
ATN000109,2,1.0,insufficient_history,2026-09-01
ATN000109,3,1.0,insufficient_history,2026-09-01
ATN000109,4,1.0,insufficient_history,2026-09-01
ATN000109,5,1.0,insufficient_history,2026-09-01
ATN000109,6,1.0,insufficient_history,2026-09-01
ATN000109,7,1.0,insufficient_history,2026-09-01
ATN000109,8,1.0,insufficient_history,2026-09-01
ATN000109,9,1.0,insufficient_history,2026-09-01
ATN000109,10,1.0,insufficient_history,2026-09-01
ATN000109,11,1.0,insufficient_history,2026-09-01
ATN000109,12,1.0,insufficient_history,2026-09-01
ATN000139,1,1.0,insufficient_history,2026-09-01
ATN000139,2,1.0,insufficient_history,2026-09-01
ATN000139,3,1.0,insufficient_history,2026-09-01
ATN000139,4,1.0,insufficient_history,2026-09-01
ATN000139,5,1.0,insufficient_history,2026-09-01
ATN000139,6,1.0,insufficient_history,2026-09-01
ATN000139,7,1.0,insufficient_history,2026-09-01
ATN000139,8,1.0,insufficient_history,2026-09-01
ATN000139,9,1.0,insufficient_history,2026-09-01
ATN000139,10,1.0,insufficient_history,2026-09-01
ATN000139,11,1.0,insufficient_history,2026-09-01
ATN000139,12,1.0,insufficient_history,2026-09-01
ATN000330,1,1.0,insufficient_history,2026-09-01
ATN000330,2,1.0,insufficient_history,2026-09-01
ATN000330,3,1.0,insufficient_history,2026-09-01
ATN000330,4,1.0,insufficient_history,2026-09-01
ATN000330,5,1.0,insufficient_history,2026-09-01
ATN000330,6,1.0,insufficient_history,2026-09-01
ATN000330,7,1.0,insufficient_history,2026-09-01
ATN000330,8,1.0,insufficient_history,2026-09-01
ATN000330,9,1.0,insufficient_history,2026-09-01
ATN000330,10,1.0,insufficient_history,2026-09-01
ATN000330,11,1.0,insufficient_history,2026-09-01
ATN000330,12,1.0,insufficient_history,2026-09-01
ATN000389,1,1.0,insufficient_history,2026-09-01
ATN000389,2,1.0,insufficient_history,2026-09-01
ATN000389,3,1.0,insufficient_history,2026-09-01
ATN000389,4,1.0,insufficient_history,2026-09-01
ATN000389,5,1.0,insufficient_history,2026-09-01
ATN000389,6,1.0,insufficient_history,2026-09-01
ATN000389,7,1.0,insufficient_history,2026-09-01
ATN000389,8,1.0,insufficient_history,2026-09-01
ATN000389,9,1.0,insufficient_history,2026-09-01
ATN000389,10,1.0,insufficient_history,2026-09-01
ATN000389,11,1.0,insufficient_history,2026-09-01
ATN000389,12,1.0,insufficient_history,2026-09-01
ATN000393,1,1.0,insufficient_history,2026-09-01
ATN000393,2,1.0,insufficient_history,2026-09-01
ATN000393,3,1.0,insufficient_history,2026-09-01
ATN000393,4,1.0,insufficient_history,2026-09-01
ATN000393,5,1.0,insufficient_history,2026-09-01
ATN000393,6,1.0,insufficient_history,2026-09-01
ATN000393,7,1.0,insufficient_history,2026-09-01
ATN000393,8,1.0,insufficient_history,2026-09-01
ATN000393,9,1.0,insufficient_history,2026-09-01
ATN000393,10,1.0,insufficient_history,2026-09-01
ATN000393,11,1.0,insufficient_history,2026-09-01
ATN000393,12,1.0,insufficient_history,2026-09-01
ATN000399,1,1.0,insufficient_history,2026-09-01
ATN000399,2,1.0,insufficient_history,2026-09-01
ATN000399,3,1.0,insufficient_history,2026-09-01
ATN000399,4,1.0,insufficient_history,2026-09-01
ATN000399,5,1.0,insufficient_history,2026-09-01
ATN000399,6,1.0,insufficient_history,2026-09-01
ATN000399,7,1.0,insufficient_history,2026-09-01
ATN000399,8,1.0,insufficient_history,2026-09-01
ATN000399,9,1.0,insufficient_history,2026-09-01
ATN000399,10,1.0,insufficient_history,2026-09-01
ATN000399,11,1.0,insufficient_history,2026-09-01
ATN000399,12,1.0,insufficient_history,2026-09-01
ATN000439,1,1.0,insufficient_history,2026-09-01
ATN000439,2,1.0,insufficient_history,2026-09-01
ATN000439,3,1.0,insufficient_history,2026-09-01
ATN000439,4,1.0,insufficient_history,2026-09-01
ATN000439,5,1.0,insufficient_history,2026-09-01
ATN000439,6,1.0,insufficient_history,2026-09-01
ATN000439,7,1.0,insufficient_history,2026-09-01
ATN000439,8,1.0,insufficient_history,2026-09-01
ATN000439,9,1.0,insufficient_history,2026-09-01
ATN000439,10,1.0,insufficient_history,2026-09-01
ATN000439,11,1.0,insufficient_history,2026-09-01
ATN000439,12,1.0,insufficient_history,2026-09-01
ATN000446,1,1.0,insufficient_history,2026-09-01
ATN000446,2,1.0,insufficient_history,2026-09-01
ATN000446,3,1.0,insufficient_history,2026-09-01
ATN000446,4,1.0,insufficient_history,2026-09-01
ATN000446,5,1.0,insufficient_history,2026-09-01
ATN000446,6,1.0,insufficient_history,2026-09-01
ATN000446,7,1.0,insufficient_history,2026-09-01
ATN000446,8,1.0,insufficient_history,2026-09-01
ATN000446,9,1.0,insufficient_history,2026-09-01
ATN000446,10,1.0,insufficient_history,2026-09-01
ATN000446,11,1.0,insufficient_history,2026-09-01
ATN000446,12,1.0,insufficient_history,2026-09-01
ATN000449,1,1.0,insufficient_history,2026-09-01
ATN000449,2,1.0,insufficient_history,2026-09-01
ATN000449,3,1.0,insufficient_history,2026-09-01
ATN000449,4,1.0,insufficient_history,2026-09-01
ATN000449,5,1.0,insufficient_history,2026-09-01
ATN000449,6,1.0,insufficient_history,2026-09-01
ATN000449,7,1.0,insufficient_history,2026-09-01
ATN000449,8,1.0,insufficient_history,2026-09-01
ATN000449,9,1.0,insufficient_history,2026-09-01
ATN000449,10,1.0,insufficient_history,2026-09-01
ATN000449,11,1.0,insufficient_history,2026-09-01
ATN000449,12,1.0,insufficient_history,2026-09-01
ATN000487,1,1.0,insufficient_history,2026-09-01
ATN000487,2,1.0,insufficient_history,2026-09-01
ATN000487,3,1.0,insufficient_history,2026-09-01
ATN000487,4,1.0,insufficient_history,2026-09-01
ATN000487,5,1.0,insufficient_history,2026-09-01
ATN000487,6,1.0,insufficient_history,2026-09-01
ATN000487,7,1.0,insufficient_history,2026-09-01
ATN000487,8,1.0,insufficient_history,2026-09-01
ATN000487,9,1.0,insufficient_history,2026-09-01
ATN000487,10,1.0,insufficient_history,2026-09-01
ATN000487,11,1.0,insufficient_history,2026-09-01
ATN000487,12,1.0,insufficient_history,2026-09-01
ATN000493,1,1.0,insufficient_history,2026-09-01
ATN000493,2,1.0,insufficient_history,2026-09-01
ATN000493,3,1.0,insufficient_history,2026-09-01
ATN000493,4,1.0,insufficient_history,2026-09-01
ATN000493,5,1.0,insufficient_history,2026-09-01
ATN000493,6,1.0,insufficient_history,2026-09-01
ATN000493,7,1.0,insufficient_history,2026-09-01
ATN000493,8,1.0,insufficient_history,2026-09-01
ATN000493,9,1.0,insufficient_history,2026-09-01
ATN000493,10,1.0,insufficient_history,2026-09-01
ATN000493,11,1.0,insufficient_history,2026-09-01
ATN000493,12,1.0,insufficient_history,2026-09-01
ATN000499,1,1.0,insufficient_history,2026-09-01
ATN000499,2,1.0,insufficient_history,2026-09-01
ATN000499,3,1.0,insufficient_history,2026-09-01
ATN000499,4,1.0,insufficient_history,2026-09-01
ATN000499,5,1.0,insufficient_history,2026-09-01
ATN000499,6,1.0,insufficient_history,2026-09-01
ATN000499,7,1.0,insufficient_history,2026-09-01
ATN000499,8,1.0,insufficient_history,2026-09-01
ATN000499,9,1.0,insufficient_history,2026-09-01
ATN000499,10,1.0,insufficient_history,2026-09-01
ATN000499,11,1.0,insufficient_history,2026-09-01
ATN000499,12,1.0,insufficient_history,2026-09-01
ATN000532,1,1.0,insufficient_history,2026-09-01
ATN000532,2,1.0,insufficient_history,2026-09-01
ATN000532,3,1.0,insufficient_history,2026-09-01
ATN000532,4,1.0,insufficient_history,2026-09-01
ATN000532,5,1.0,insufficient_history,2026-09-01
ATN000532,6,1.0,insufficient_history,2026-09-01
ATN000532,7,1.0,insufficient_history,2026-09-01
ATN000532,8,1.0,insufficient_history,2026-09-01
ATN000532,9,1.0,insufficient_history,2026-09-01
ATN000532,10,1.0,insufficient_history,2026-09-01
ATN000532,11,1.0,insufficient_history,2026-09-01
ATN000532,12,1.0,insufficient_history,2026-09-01
ATN000539,1,1.0,insufficient_history,2026-09-01
ATN000539,2,1.0,insufficient_history,2026-09-01
ATN000539,3,1.0,insufficient_history,2026-09-01
ATN000539,4,1.0,insufficient_history,2026-09-01
ATN000539,5,1.0,insufficient_history,2026-09-01
ATN000539,6,1.0,insufficient_history,2026-09-01
ATN000539,7,1.0,insufficient_history,2026-09-01
ATN000539,8,1.0,insufficient_history,2026-09-01
ATN000539,9,1.0,insufficient_history,2026-09-01
ATN000539,10,1.0,insufficient_history,2026-09-01
ATN000539,11,1.0,insufficient_history,2026-09-01
ATN000539,12,1.0,insufficient_history,2026-09-01
ATN000724,1,1.0,insufficient_history,2026-09-01
ATN000724,2,1.0,insufficient_history,2026-09-01
ATN000724,3,1.0,insufficient_history,2026-09-01
ATN000724,4,1.0,insufficient_history,2026-09-01
ATN000724,5,1.0,insufficient_history,2026-09-01
ATN000724,6,1.0,insufficient_history,2026-09-01
ATN000724,7,1.0,insufficient_history,2026-09-01
ATN000724,8,1.0,insufficient_history,2026-09-01
ATN000724,9,1.0,insufficient_history,2026-09-01
ATN000724,10,1.0,insufficient_history,2026-09-01
ATN000724,11,1.0,insufficient_history,2026-09-01
ATN000724,12,1.0,insufficient_history,2026-09-01
ATN001105,1,1.0,insufficient_history,2026-09-01
ATN001105,2,1.0,insufficient_history,2026-09-01
ATN001105,3,1.0,insufficient_history,2026-09-01
ATN001105,4,1.0,insufficient_history,2026-09-01
ATN001105,5,1.0,insufficient_history,2026-09-01
ATN001105,6,1.0,insufficient_history,2026-09-01
ATN001105,7,1.0,insufficient_history,2026-09-01
ATN001105,8,1.0,insufficient_history,2026-09-01
ATN001105,9,1.0,insufficient_history,2026-09-01
ATN001105,10,1.0,insufficient_history,2026-09-01
ATN001105,11,1.0,insufficient_history,2026-09-01
ATN001105,12,1.0,insufficient_history,2026-09-01
ATN001130,1,1.0,insufficient_history,2026-09-01
ATN001130,2,1.0,insufficient_history,2026-09-01
ATN001130,3,1.0,insufficient_history,2026-09-01
ATN001130,4,1.0,insufficient_history,2026-09-01
ATN001130,5,1.0,insufficient_history,2026-09-01
ATN001130,6,1.0,insufficient_history,2026-09-01
ATN001130,7,1.0,insufficient_history,2026-09-01
ATN001130,8,1.0,insufficient_history,2026-09-01
ATN001130,9,1.0,insufficient_history,2026-09-01
ATN001130,10,1.0,insufficient_history,2026-09-01
ATN001130,11,1.0,insufficient_history,2026-09-01
ATN001130,12,1.0,insufficient_history,2026-09-01
ATN001132,1,1.0,insufficient_history,2026-09-01
ATN001132,2,1.0,insufficient_history,2026-09-01
ATN001132,3,1.0,insufficient_history,2026-09-01
ATN001132,4,1.0,insufficient_history,2026-09-01
ATN001132,5,1.0,insufficient_history,2026-09-01
ATN001132,6,1.0,insufficient_history,2026-09-01
ATN001132,7,1.0,insufficient_history,2026-09-01
ATN001132,8,1.0,insufficient_history,2026-09-01
ATN001132,9,1.0,insufficient_history,2026-09-01
ATN001132,10,1.0,insufficient_history,2026-09-01
ATN001132,11,1.0,insufficient_history,2026-09-01
ATN001132,12,1.0,insufficient_history,2026-09-01
ATN001133,1,1.0,insufficient_history,2026-09-01
ATN001133,2,1.0,insufficient_history,2026-09-01
ATN001133,3,1.0,insufficient_history,2026-09-01
ATN001133,4,1.0,insufficient_history,2026-09-01
ATN001133,5,1.0,insufficient_history,2026-09-01
ATN001133,6,1.0,insufficient_history,2026-09-01
ATN001133,7,1.0,insufficient_history,2026-09-01
ATN001133,8,1.0,insufficient_history,2026-09-01
ATN001133,9,1.0,insufficient_history,2026-09-01
ATN001133,10,1.0,insufficient_history,2026-09-01
ATN001133,11,1.0,insufficient_history,2026-09-01
ATN001133,12,1.0,insufficient_history,2026-09-01
ATN001209,1,1.0,insufficient_history,2026-09-01
ATN001209,2,1.0,insufficient_history,2026-09-01
ATN001209,3,1.0,insufficient_history,2026-09-01
ATN001209,4,1.0,insufficient_history,2026-09-01
ATN001209,5,1.0,insufficient_history,2026-09-01
ATN001209,6,1.0,insufficient_history,2026-09-01
ATN001209,7,1.0,insufficient_history,2026-09-01
ATN001209,8,1.0,insufficient_history,2026-09-01
ATN001209,9,1.0,insufficient_history,2026-09-01
ATN001209,10,1.0,insufficient_history,2026-09-01
ATN001209,11,1.0,insufficient_history,2026-09-01
ATN001209,12,1.0,insufficient_history,2026-09-01
ATN001230,1,1.0,insufficient_history,2026-09-01
ATN001230,2,1.0,insufficient_history,2026-09-01
ATN001230,3,1.0,insufficient_history,2026-09-01
ATN001230,4,1.0,insufficient_history,2026-09-01
ATN001230,5,1.0,insufficient_history,2026-09-01
ATN001230,6,1.0,insufficient_history,2026-09-01
ATN001230,7,1.0,insufficient_history,2026-09-01
ATN001230,8,1.0,insufficient_history,2026-09-01
ATN001230,9,1.0,insufficient_history,2026-09-01
ATN001230,10,1.0,insufficient_history,2026-09-01
ATN001230,11,1.0,insufficient_history,2026-09-01
ATN001230,12,1.0,insufficient_history,2026-09-01
ATN001232,1,1.0,insufficient_history,2026-09-01
ATN001232,2,1.0,insufficient_history,2026-09-01
ATN001232,3,1.0,insufficient_history,2026-09-01
ATN001232,4,1.0,insufficient_history,2026-09-01
ATN001232,5,1.0,insufficient_history,2026-09-01
ATN001232,6,1.0,insufficient_history,2026-09-01
ATN001232,7,1.0,insufficient_history,2026-09-01
ATN001232,8,1.0,insufficient_history,2026-09-01
ATN001232,9,1.0,insufficient_history,2026-09-01
ATN001232,10,1.0,insufficient_history,2026-09-01
ATN001232,11,1.0,insufficient_history,2026-09-01
ATN001232,12,1.0,insufficient_history,2026-09-01
ATN001233,1,1.0,insufficient_history,2026-09-01
ATN001233,2,1.0,insufficient_history,2026-09-01
ATN001233,3,1.0,insufficient_history,2026-09-01
ATN001233,4,1.0,insufficient_history,2026-09-01
ATN001233,5,1.0,insufficient_history,2026-09-01
ATN001233,6,1.0,insufficient_history,2026-09-01
ATN001233,7,1.0,insufficient_history,2026-09-01
ATN001233,8,1.0,insufficient_history,2026-09-01
ATN001233,9,1.0,insufficient_history,2026-09-01
ATN001233,10,1.0,insufficient_history,2026-09-01
ATN001233,11,1.0,insufficient_history,2026-09-01
ATN001233,12,1.0,insufficient_history,2026-09-01
ATN001239,1,1.0,insufficient_history,2026-09-01
ATN001239,2,1.0,insufficient_history,2026-09-01
ATN001239,3,1.0,insufficient_history,2026-09-01
ATN001239,4,1.0,insufficient_history,2026-09-01
ATN001239,5,1.0,insufficient_history,2026-09-01
ATN001239,6,1.0,insufficient_history,2026-09-01
ATN001239,7,1.0,insufficient_history,2026-09-01
ATN001239,8,1.0,insufficient_history,2026-09-01
ATN001239,9,1.0,insufficient_history,2026-09-01
ATN001239,10,1.0,insufficient_history,2026-09-01
ATN001239,11,1.0,insufficient_history,2026-09-01
ATN001239,12,1.0,insufficient_history,2026-09-01
ATN001302,1,1.0,insufficient_history,2026-09-01
ATN001302,2,1.0,insufficient_history,2026-09-01
ATN001302,3,1.0,insufficient_history,2026-09-01
ATN001302,4,1.0,insufficient_history,2026-09-01
ATN001302,5,1.0,insufficient_history,2026-09-01
ATN001302,6,1.0,insufficient_history,2026-09-01
ATN001302,7,1.0,insufficient_history,2026-09-01
ATN001302,8,1.0,insufficient_history,2026-09-01
ATN001302,9,1.0,insufficient_history,2026-09-01
ATN001302,10,1.0,insufficient_history,2026-09-01
ATN001302,11,1.0,insufficient_history,2026-09-01
ATN001302,12,1.0,insufficient_history,2026-09-01
ATN001420,1,1.0,insufficient_history,2026-09-01
ATN001420,2,1.0,insufficient_history,2026-09-01
ATN001420,3,1.0,insufficient_history,2026-09-01
ATN001420,4,1.0,insufficient_history,2026-09-01
ATN001420,5,1.0,insufficient_history,2026-09-01
ATN001420,6,1.0,insufficient_history,2026-09-01
ATN001420,7,1.0,insufficient_history,2026-09-01
ATN001420,8,1.0,insufficient_history,2026-09-01
ATN001420,9,1.0,insufficient_history,2026-09-01
ATN001420,10,1.0,insufficient_history,2026-09-01
ATN001420,11,1.0,insufficient_history,2026-09-01
ATN001420,12,1.0,insufficient_history,2026-09-01
ATN200101,1,1.0,insufficient_history,2026-09-01
ATN200101,2,1.0,insufficient_history,2026-09-01
ATN200101,3,1.0,insufficient_history,2026-09-01
ATN200101,4,1.0,insufficient_history,2026-09-01
ATN200101,5,1.0,insufficient_history,2026-09-01
ATN200101,6,1.0,insufficient_history,2026-09-01
ATN200101,7,1.0,insufficient_history,2026-09-01
ATN200101,8,1.0,insufficient_history,2026-09-01
ATN200101,9,1.0,insufficient_history,2026-09-01
ATN200101,10,1.0,insufficient_history,2026-09-01
ATN200101,11,1.0,insufficient_history,2026-09-01
ATN200101,12,1.0,insufficient_history,2026-09-01
ATN200102,1,1.0,insufficient_history,2026-09-01
ATN200102,2,1.0,insufficient_history,2026-09-01
ATN200102,3,1.0,insufficient_history,2026-09-01
ATN200102,4,1.0,insufficient_history,2026-09-01
ATN200102,5,1.0,insufficient_history,2026-09-01
ATN200102,6,1.0,insufficient_history,2026-09-01
ATN200102,7,1.0,insufficient_history,2026-09-01
ATN200102,8,1.0,insufficient_history,2026-09-01
ATN200102,9,1.0,insufficient_history,2026-09-01
ATN200102,10,1.0,insufficient_history,2026-09-01
ATN200102,11,1.0,insufficient_history,2026-09-01
ATN200102,12,1.0,insufficient_history,2026-09-01
ATN200111,1,1.0,insufficient_history,2026-09-01
ATN200111,2,1.0,insufficient_history,2026-09-01
ATN200111,3,1.0,insufficient_history,2026-09-01
ATN200111,4,1.0,insufficient_history,2026-09-01
ATN200111,5,1.0,insufficient_history,2026-09-01
ATN200111,6,1.0,insufficient_history,2026-09-01
ATN200111,7,1.0,insufficient_history,2026-09-01
ATN200111,8,1.0,insufficient_history,2026-09-01
ATN200111,9,1.0,insufficient_history,2026-09-01
ATN200111,10,1.0,insufficient_history,2026-09-01
ATN200111,11,1.0,insufficient_history,2026-09-01
ATN200111,12,1.0,insufficient_history,2026-09-01
ATN200145,1,1.0,insufficient_history,2026-09-01
ATN200145,2,1.0,insufficient_history,2026-09-01
ATN200145,3,1.0,insufficient_history,2026-09-01
ATN200145,4,1.0,insufficient_history,2026-09-01
ATN200145,5,1.0,insufficient_history,2026-09-01
ATN200145,6,1.0,insufficient_history,2026-09-01
ATN200145,7,1.0,insufficient_history,2026-09-01
ATN200145,8,1.0,insufficient_history,2026-09-01
ATN200145,9,1.0,insufficient_history,2026-09-01
ATN200145,10,1.0,insufficient_history,2026-09-01
ATN200145,11,1.0,insufficient_history,2026-09-01
ATN200145,12,1.0,insufficient_history,2026-09-01
ATN540113,1,1.0,insufficient_history,2026-09-01
ATN540113,2,1.0,insufficient_history,2026-09-01
ATN540113,3,1.0,insufficient_history,2026-09-01
ATN540113,4,1.0,insufficient_history,2026-09-01
ATN540113,5,1.0,insufficient_history,2026-09-01
ATN540113,6,1.0,insufficient_history,2026-09-01
ATN540113,7,1.0,insufficient_history,2026-09-01
ATN540113,8,1.0,insufficient_history,2026-09-01
ATN540113,9,1.0,insufficient_history,2026-09-01
ATN540113,10,1.0,insufficient_history,2026-09-01
ATN540113,11,1.0,insufficient_history,2026-09-01
ATN540113,12,1.0,insufficient_history,2026-09-01
ATN540115,1,1.0,insufficient_history,2026-09-01
ATN540115,2,1.0,insufficient_history,2026-09-01
ATN540115,3,1.0,insufficient_history,2026-09-01
ATN540115,4,1.0,insufficient_history,2026-09-01
ATN540115,5,1.0,insufficient_history,2026-09-01
ATN540115,6,1.0,insufficient_history,2026-09-01
ATN540115,7,1.0,insufficient_history,2026-09-01
ATN540115,8,1.0,insufficient_history,2026-09-01
ATN540115,9,1.0,insufficient_history,2026-09-01
ATN540115,10,1.0,insufficient_history,2026-09-01
ATN540115,11,1.0,insufficient_history,2026-09-01
ATN540115,12,1.0,insufficient_history,2026-09-01
ATN544013,1,1.0,insufficient_history,2026-09-01
ATN544013,2,1.0,insufficient_history,2026-09-01
ATN544013,3,1.0,insufficient_history,2026-09-01
ATN544013,4,1.0,insufficient_history,2026-09-01
ATN544013,5,1.0,insufficient_history,2026-09-01
ATN544013,6,1.0,insufficient_history,2026-09-01
ATN544013,7,1.0,insufficient_history,2026-09-01
ATN544013,8,1.0,insufficient_history,2026-09-01
ATN544013,9,1.0,insufficient_history,2026-09-01
ATN544013,10,1.0,insufficient_history,2026-09-01
ATN544013,11,1.0,insufficient_history,2026-09-01
ATN544013,12,1.0,insufficient_history,2026-09-01
ATN544015,1,1.0,insufficient_history,2026-09-01
ATN544015,2,1.0,insufficient_history,2026-09-01
ATN544015,3,1.0,insufficient_history,2026-09-01
ATN544015,4,1.0,insufficient_history,2026-09-01
ATN544015,5,1.0,insufficient_history,2026-09-01
ATN544015,6,1.0,insufficient_history,2026-09-01
ATN544015,7,1.0,insufficient_history,2026-09-01
ATN544015,8,1.0,insufficient_history,2026-09-01
ATN544015,9,1.0,insufficient_history,2026-09-01
ATN544015,10,1.0,insufficient_history,2026-09-01
ATN544015,11,1.0,insufficient_history,2026-09-01
ATN544015,12,1.0,insufficient_history,2026-09-01
BLNIA045003,1,1.0,insufficient_history,2026-09-01
BLNIA045003,2,1.0,insufficient_history,2026-09-01
BLNIA045003,3,1.0,insufficient_history,2026-09-01
BLNIA045003,4,1.0,insufficient_history,2026-09-01
BLNIA045003,5,1.0,insufficient_history,2026-09-01
BLNIA045003,6,1.0,insufficient_history,2026-09-01
BLNIA045003,7,1.0,insufficient_history,2026-09-01
BLNIA045003,8,1.0,insufficient_history,2026-09-01
BLNIA045003,9,1.0,insufficient_history,2026-09-01
BLNIA045003,10,1.0,insufficient_history,2026-09-01
BLNIA045003,11,1.0,insufficient_history,2026-09-01
BLNIA045003,12,1.0,insufficient_history,2026-09-01
BLNRA000315,1,1.0,insufficient_history,2026-09-01
BLNRA000315,2,1.0,insufficient_history,2026-09-01
BLNRA000315,3,1.0,insufficient_history,2026-09-01
BLNRA000315,4,1.0,insufficient_history,2026-09-01
BLNRA000315,5,1.0,insufficient_history,2026-09-01
BLNRA000315,6,1.0,insufficient_history,2026-09-01
BLNRA000315,7,1.0,insufficient_history,2026-09-01
BLNRA000315,8,1.0,insufficient_history,2026-09-01
BLNRA000315,9,1.0,insufficient_history,2026-09-01
BLNRA000315,10,1.0,insufficient_history,2026-09-01
BLNRA000315,11,1.0,insufficient_history,2026-09-01
BLNRA000315,12,1.0,insufficient_history,2026-09-01
BLNRA000415,1,1.0,insufficient_history,2026-09-01
BLNRA000415,2,1.0,insufficient_history,2026-09-01
BLNRA000415,3,1.0,insufficient_history,2026-09-01
BLNRA000415,4,1.0,insufficient_history,2026-09-01
BLNRA000415,5,1.0,insufficient_history,2026-09-01
BLNRA000415,6,1.0,insufficient_history,2026-09-01
BLNRA000415,7,1.0,insufficient_history,2026-09-01
BLNRA000415,8,1.0,insufficient_history,2026-09-01
BLNRA000415,9,1.0,insufficient_history,2026-09-01
BLNRA000415,10,1.0,insufficient_history,2026-09-01
BLNRA000415,11,1.0,insufficient_history,2026-09-01
BLNRA000415,12,1.0,insufficient_history,2026-09-01
BLNRA010213,1,1.0,insufficient_history,2026-09-01
BLNRA010213,2,1.0,insufficient_history,2026-09-01
BLNRA010213,3,1.0,insufficient_history,2026-09-01
BLNRA010213,4,1.0,insufficient_history,2026-09-01
BLNRA010213,5,1.0,insufficient_history,2026-09-01
BLNRA010213,6,1.0,insufficient_history,2026-09-01
BLNRA010213,7,1.0,insufficient_history,2026-09-01
BLNRA010213,8,1.0,insufficient_history,2026-09-01
BLNRA010213,9,1.0,insufficient_history,2026-09-01
BLNRA010213,10,1.0,insufficient_history,2026-09-01
BLNRA010213,11,1.0,insufficient_history,2026-09-01
BLNRA010213,12,1.0,insufficient_history,2026-09-01
BLNRA010215,1,1.0,insufficient_history,2026-09-01
BLNRA010215,2,1.0,insufficient_history,2026-09-01
BLNRA010215,3,1.0,insufficient_history,2026-09-01
BLNRA010215,4,1.0,insufficient_history,2026-09-01
BLNRA010215,5,1.0,insufficient_history,2026-09-01
BLNRA010215,6,1.0,insufficient_history,2026-09-01
BLNRA010215,7,1.0,insufficient_history,2026-09-01
BLNRA010215,8,1.0,insufficient_history,2026-09-01
BLNRA010215,9,1.0,insufficient_history,2026-09-01
BLNRA010215,10,1.0,insufficient_history,2026-09-01
BLNRA010215,11,1.0,insufficient_history,2026-09-01
BLNRA010215,12,1.0,insufficient_history,2026-09-01
BLNRA010312,1,1.0,insufficient_history,2026-09-01
BLNRA010312,2,1.0,insufficient_history,2026-09-01
BLNRA010312,3,1.0,insufficient_history,2026-09-01
BLNRA010312,4,1.0,insufficient_history,2026-09-01
BLNRA010312,5,1.0,insufficient_history,2026-09-01
BLNRA010312,6,1.0,insufficient_history,2026-09-01
BLNRA010312,7,1.0,insufficient_history,2026-09-01
BLNRA010312,8,1.0,insufficient_history,2026-09-01
BLNRA010312,9,1.0,insufficient_history,2026-09-01
BLNRA010312,10,1.0,insufficient_history,2026-09-01
BLNRA010312,11,1.0,insufficient_history,2026-09-01
BLNRA010312,12,1.0,insufficient_history,2026-09-01
BLNRA010313,1,1.0,insufficient_history,2026-09-01
BLNRA010313,2,1.0,insufficient_history,2026-09-01
BLNRA010313,3,1.0,insufficient_history,2026-09-01
BLNRA010313,4,1.0,insufficient_history,2026-09-01
BLNRA010313,5,1.0,insufficient_history,2026-09-01
BLNRA010313,6,1.0,insufficient_history,2026-09-01
BLNRA010313,7,1.0,insufficient_history,2026-09-01
BLNRA010313,8,1.0,insufficient_history,2026-09-01
BLNRA010313,9,1.0,insufficient_history,2026-09-01
BLNRA010313,10,1.0,insufficient_history,2026-09-01
BLNRA010313,11,1.0,insufficient_history,2026-09-01
BLNRA010313,12,1.0,insufficient_history,2026-09-01
BLNRA010314,1,1.0,insufficient_history,2026-09-01
BLNRA010314,2,1.0,insufficient_history,2026-09-01
BLNRA010314,3,1.0,insufficient_history,2026-09-01
BLNRA010314,4,1.0,insufficient_history,2026-09-01
BLNRA010314,5,1.0,insufficient_history,2026-09-01
BLNRA010314,6,1.0,insufficient_history,2026-09-01
BLNRA010314,7,1.0,insufficient_history,2026-09-01
BLNRA010314,8,1.0,insufficient_history,2026-09-01
BLNRA010314,9,1.0,insufficient_history,2026-09-01
BLNRA010314,10,1.0,insufficient_history,2026-09-01
BLNRA010314,11,1.0,insufficient_history,2026-09-01
BLNRA010314,12,1.0,insufficient_history,2026-09-01
BLNRA010315,1,1.0,insufficient_history,2026-09-01
BLNRA010315,2,1.0,insufficient_history,2026-09-01
BLNRA010315,3,1.0,insufficient_history,2026-09-01
BLNRA010315,4,1.0,insufficient_history,2026-09-01
BLNRA010315,5,1.0,insufficient_history,2026-09-01
BLNRA010315,6,1.0,insufficient_history,2026-09-01
BLNRA010315,7,1.0,insufficient_history,2026-09-01
BLNRA010315,8,1.0,insufficient_history,2026-09-01
BLNRA010315,9,1.0,insufficient_history,2026-09-01
BLNRA010315,10,1.0,insufficient_history,2026-09-01
BLNRA010315,11,1.0,insufficient_history,2026-09-01
BLNRA010315,12,1.0,insufficient_history,2026-09-01
BLNRA110115,1,1.0,insufficient_history,2026-09-01
BLNRA110115,2,1.0,insufficient_history,2026-09-01
BLNRA110115,3,1.0,insufficient_history,2026-09-01
BLNRA110115,4,1.0,insufficient_history,2026-09-01
BLNRA110115,5,1.0,insufficient_history,2026-09-01
BLNRA110115,6,1.0,insufficient_history,2026-09-01
BLNRA110115,7,1.0,insufficient_history,2026-09-01
BLNRA110115,8,1.0,insufficient_history,2026-09-01
BLNRA110115,9,1.0,insufficient_history,2026-09-01
BLNRA110115,10,1.0,insufficient_history,2026-09-01
BLNRA110115,11,1.0,insufficient_history,2026-09-01
BLNRA110115,12,1.0,insufficient_history,2026-09-01
BLNVA101013,1,1.0,insufficient_history,2026-09-01
BLNVA101013,2,1.0,insufficient_history,2026-09-01
BLNVA101013,3,1.0,insufficient_history,2026-09-01
BLNVA101013,4,1.0,insufficient_history,2026-09-01
BLNVA101013,5,1.0,insufficient_history,2026-09-01
BLNVA101013,6,1.0,insufficient_history,2026-09-01
BLNVA101013,7,1.0,insufficient_history,2026-09-01
BLNVA101013,8,1.0,insufficient_history,2026-09-01
BLNVA101013,9,1.0,insufficient_history,2026-09-01
BLNVA101013,10,1.0,insufficient_history,2026-09-01
BLNVA101013,11,1.0,insufficient_history,2026-09-01
BLNVA101013,12,1.0,insufficient_history,2026-09-01
BLNVA101014,1,1.0,insufficient_history,2026-09-01
BLNVA101014,2,1.0,insufficient_history,2026-09-01
BLNVA101014,3,1.0,insufficient_history,2026-09-01
BLNVA101014,4,1.0,insufficient_history,2026-09-01
BLNVA101014,5,1.0,insufficient_history,2026-09-01
BLNVA101014,6,1.0,insufficient_history,2026-09-01
BLNVA101014,7,1.0,insufficient_history,2026-09-01
BLNVA101014,8,1.0,insufficient_history,2026-09-01
BLNVA101014,9,1.0,insufficient_history,2026-09-01
BLNVA101014,10,1.0,insufficient_history,2026-09-01
BLNVA101014,11,1.0,insufficient_history,2026-09-01
BLNVA101014,12,1.0,insufficient_history,2026-09-01
BLNVA101015,1,1.0,insufficient_history,2026-09-01
BLNVA101015,2,1.0,insufficient_history,2026-09-01
BLNVA101015,3,1.0,insufficient_history,2026-09-01
BLNVA101015,4,1.0,insufficient_history,2026-09-01
BLNVA101015,5,1.0,insufficient_history,2026-09-01
BLNVA101015,6,1.0,insufficient_history,2026-09-01
BLNVA101015,7,1.0,insufficient_history,2026-09-01
BLNVA101015,8,1.0,insufficient_history,2026-09-01
BLNVA101015,9,1.0,insufficient_history,2026-09-01
BLNVA101015,10,1.0,insufficient_history,2026-09-01
BLNVA101015,11,1.0,insufficient_history,2026-09-01
BLNVA101015,12,1.0,insufficient_history,2026-09-01
BLNVA105013,1,1.0,insufficient_history,2026-09-01
BLNVA105013,2,1.0,insufficient_history,2026-09-01
BLNVA105013,3,1.0,insufficient_history,2026-09-01
BLNVA105013,4,1.0,insufficient_history,2026-09-01
BLNVA105013,5,1.0,insufficient_history,2026-09-01
BLNVA105013,6,1.0,insufficient_history,2026-09-01
BLNVA105013,7,1.0,insufficient_history,2026-09-01
BLNVA105013,8,1.0,insufficient_history,2026-09-01
BLNVA105013,9,1.0,insufficient_history,2026-09-01
BLNVA105013,10,1.0,insufficient_history,2026-09-01
BLNVA105013,11,1.0,insufficient_history,2026-09-01
BLNVA105013,12,1.0,insufficient_history,2026-09-01
BLNVA105014,1,1.0,insufficient_history,2026-09-01
BLNVA105014,2,1.0,insufficient_history,2026-09-01
BLNVA105014,3,1.0,insufficient_history,2026-09-01
BLNVA105014,4,1.0,insufficient_history,2026-09-01
BLNVA105014,5,1.0,insufficient_history,2026-09-01
BLNVA105014,6,1.0,insufficient_history,2026-09-01
BLNVA105014,7,1.0,insufficient_history,2026-09-01
BLNVA105014,8,1.0,insufficient_history,2026-09-01
BLNVA105014,9,1.0,insufficient_history,2026-09-01
BLNVA105014,10,1.0,insufficient_history,2026-09-01
BLNVA105014,11,1.0,insufficient_history,2026-09-01
BLNVA105014,12,1.0,insufficient_history,2026-09-01
BLNVA105015,1,1.0,insufficient_history,2026-09-01
BLNVA105015,2,1.0,insufficient_history,2026-09-01
BLNVA105015,3,1.0,insufficient_history,2026-09-01
BLNVA105015,4,1.0,insufficient_history,2026-09-01
BLNVA105015,5,1.0,insufficient_history,2026-09-01
BLNVA105015,6,1.0,insufficient_history,2026-09-01
BLNVA105015,7,1.0,insufficient_history,2026-09-01
BLNVA105015,8,1.0,insufficient_history,2026-09-01
BLNVA105015,9,1.0,insufficient_history,2026-09-01
BLNVA105015,10,1.0,insufficient_history,2026-09-01
BLNVA105015,11,1.0,insufficient_history,2026-09-01
BLNVA105015,12,1.0,insufficient_history,2026-09-01
BLNVA106012,1,1.0,insufficient_history,2026-09-01
BLNVA106012,2,1.0,insufficient_history,2026-09-01
BLNVA106012,3,1.0,insufficient_history,2026-09-01
BLNVA106012,4,1.0,insufficient_history,2026-09-01
BLNVA106012,5,1.0,insufficient_history,2026-09-01
BLNVA106012,6,1.0,insufficient_history,2026-09-01
BLNVA106012,7,1.0,insufficient_history,2026-09-01
BLNVA106012,8,1.0,insufficient_history,2026-09-01
BLNVA106012,9,1.0,insufficient_history,2026-09-01
BLNVA106012,10,1.0,insufficient_history,2026-09-01
BLNVA106012,11,1.0,insufficient_history,2026-09-01
BLNVA106012,12,1.0,insufficient_history,2026-09-01
BLNVA106013,1,1.0,insufficient_history,2026-09-01
BLNVA106013,2,1.0,insufficient_history,2026-09-01
BLNVA106013,3,1.0,insufficient_history,2026-09-01
BLNVA106013,4,1.0,insufficient_history,2026-09-01
BLNVA106013,5,1.0,insufficient_history,2026-09-01
BLNVA106013,6,1.0,insufficient_history,2026-09-01
BLNVA106013,7,1.0,insufficient_history,2026-09-01
BLNVA106013,8,1.0,insufficient_history,2026-09-01
BLNVA106013,9,1.0,insufficient_history,2026-09-01
BLNVA106013,10,1.0,insufficient_history,2026-09-01
BLNVA106013,11,1.0,insufficient_history,2026-09-01
BLNVA106013,12,1.0,insufficient_history,2026-09-01
BLNVA106014,1,1.0,insufficient_history,2026-09-01
BLNVA106014,2,1.0,insufficient_history,2026-09-01
BLNVA106014,3,1.0,insufficient_history,2026-09-01
BLNVA106014,4,1.0,insufficient_history,2026-09-01
BLNVA106014,5,1.0,insufficient_history,2026-09-01
BLNVA106014,6,1.0,insufficient_history,2026-09-01
BLNVA106014,7,1.0,insufficient_history,2026-09-01
BLNVA106014,8,1.0,insufficient_history,2026-09-01
BLNVA106014,9,1.0,insufficient_history,2026-09-01
BLNVA106014,10,1.0,insufficient_history,2026-09-01
BLNVA106014,11,1.0,insufficient_history,2026-09-01
BLNVA106014,12,1.0,insufficient_history,2026-09-01
GAL000584,1,1.0,insufficient_history,2026-09-01
GAL000584,2,1.0,insufficient_history,2026-09-01
GAL000584,3,1.0,insufficient_history,2026-09-01
GAL000584,4,1.0,insufficient_history,2026-09-01
GAL000584,5,1.0,insufficient_history,2026-09-01
GAL000584,6,1.0,insufficient_history,2026-09-01
GAL000584,7,1.0,insufficient_history,2026-09-01
GAL000584,8,1.0,insufficient_history,2026-09-01
GAL000584,9,1.0,insufficient_history,2026-09-01
GAL000584,10,1.0,insufficient_history,2026-09-01
GAL000584,11,1.0,insufficient_history,2026-09-01
GAL000584,12,1.0,insufficient_history,2026-09-01
GSL000185KK,1,1.0,insufficient_history,2026-09-01
GSL000185KK,2,1.0,insufficient_history,2026-09-01
GSL000185KK,3,1.0,insufficient_history,2026-09-01
GSL000185KK,4,1.0,insufficient_history,2026-09-01
GSL000185KK,5,1.0,insufficient_history,2026-09-01
GSL000185KK,6,1.0,insufficient_history,2026-09-01
GSL000185KK,7,1.0,insufficient_history,2026-09-01
GSL000185KK,8,1.0,insufficient_history,2026-09-01
GSL000185KK,9,1.0,insufficient_history,2026-09-01
GSL000185KK,10,1.0,insufficient_history,2026-09-01
GSL000185KK,11,1.0,insufficient_history,2026-09-01
GSL000185KK,12,1.0,insufficient_history,2026-09-01
KD-2-48,1,1.0,insufficient_history,2026-09-01
KD-2-48,2,1.0,insufficient_history,2026-09-01
KD-2-48,3,1.0,insufficient_history,2026-09-01
KD-2-48,4,1.0,insufficient_history,2026-09-01
KD-2-48,5,1.0,insufficient_history,2026-09-01
KD-2-48,6,1.0,insufficient_history,2026-09-01
KD-2-48,7,1.0,insufficient_history,2026-09-01
KD-2-48,8,1.0,insufficient_history,2026-09-01
KD-2-48,9,1.0,insufficient_history,2026-09-01
KD-2-48,10,1.0,insufficient_history,2026-09-01
KD-2-48,11,1.0,insufficient_history,2026-09-01
KD-2-48,12,1.0,insufficient_history,2026-09-01
KD-2-88,1,1.0,insufficient_history,2026-09-01
KD-2-88,2,1.0,insufficient_history,2026-09-01
KD-2-88,3,1.0,insufficient_history,2026-09-01
KD-2-88,4,1.0,insufficient_history,2026-09-01
KD-2-88,5,1.0,insufficient_history,2026-09-01
KD-2-88,6,1.0,insufficient_history,2026-09-01
KD-2-88,7,1.0,insufficient_history,2026-09-01
KD-2-88,8,1.0,insufficient_history,2026-09-01
KD-2-88,9,1.0,insufficient_history,2026-09-01
KD-2-88,10,1.0,insufficient_history,2026-09-01
KD-2-88,11,1.0,insufficient_history,2026-09-01
KD-2-88,12,1.0,insufficient_history,2026-09-01
KD-3-48,1,1.0,insufficient_history,2026-09-01
KD-3-48,2,1.0,insufficient_history,2026-09-01
KD-3-48,3,1.0,insufficient_history,2026-09-01
KD-3-48,4,1.0,insufficient_history,2026-09-01
KD-3-48,5,1.0,insufficient_history,2026-09-01
KD-3-48,6,1.0,insufficient_history,2026-09-01
KD-3-48,7,1.0,insufficient_history,2026-09-01
KD-3-48,8,1.0,insufficient_history,2026-09-01
KD-3-48,9,1.0,insufficient_history,2026-09-01
KD-3-48,10,1.0,insufficient_history,2026-09-01
KD-3-48,11,1.0,insufficient_history,2026-09-01
KD-3-48,12,1.0,insufficient_history,2026-09-01
KD-RS254-18,1,1.0,insufficient_history,2026-09-01
KD-RS254-18,2,1.0,insufficient_history,2026-09-01
KD-RS254-18,3,1.0,insufficient_history,2026-09-01
KD-RS254-18,4,1.0,insufficient_history,2026-09-01
KD-RS254-18,5,1.0,insufficient_history,2026-09-01
KD-RS254-18,6,1.0,insufficient_history,2026-09-01
KD-RS254-18,7,1.0,insufficient_history,2026-09-01
KD-RS254-18,8,1.0,insufficient_history,2026-09-01
KD-RS254-18,9,1.0,insufficient_history,2026-09-01
KD-RS254-18,10,1.0,insufficient_history,2026-09-01
KD-RS254-18,11,1.0,insufficient_history,2026-09-01
KD-RS254-18,12,1.0,insufficient_history,2026-09-01
LNVA105011,1,1.0,insufficient_history,2026-09-01
LNVA105011,2,1.0,insufficient_history,2026-09-01
LNVA105011,3,1.0,insufficient_history,2026-09-01
LNVA105011,4,1.0,insufficient_history,2026-09-01
LNVA105011,5,1.0,insufficient_history,2026-09-01
LNVA105011,6,1.0,insufficient_history,2026-09-01
LNVA105011,7,1.0,insufficient_history,2026-09-01
LNVA105011,8,1.0,insufficient_history,2026-09-01
LNVA105011,9,1.0,insufficient_history,2026-09-01
LNVA105011,10,1.0,insufficient_history,2026-09-01
LNVA105011,11,1.0,insufficient_history,2026-09-01
LNVA105011,12,1.0,insufficient_history,2026-09-01
RA10-164-BI,1,1.0,insufficient_history,2026-09-01
RA10-164-BI,2,1.0,insufficient_history,2026-09-01
RA10-164-BI,3,1.0,insufficient_history,2026-09-01
RA10-164-BI,4,1.0,insufficient_history,2026-09-01
RA10-164-BI,5,1.0,insufficient_history,2026-09-01
RA10-164-BI,6,1.0,insufficient_history,2026-09-01
RA10-164-BI,7,1.0,insufficient_history,2026-09-01
RA10-164-BI,8,1.0,insufficient_history,2026-09-01
RA10-164-BI,9,1.0,insufficient_history,2026-09-01
RA10-164-BI,10,1.0,insufficient_history,2026-09-01
RA10-164-BI,11,1.0,insufficient_history,2026-09-01
RA10-164-BI,12,1.0,insufficient_history,2026-09-01
RA16-213-BI,1,1.0,insufficient_history,2026-09-01
RA16-213-BI,2,1.0,insufficient_history,2026-09-01
RA16-213-BI,3,1.0,insufficient_history,2026-09-01
RA16-213-BI,4,1.0,insufficient_history,2026-09-01
RA16-213-BI,5,1.0,insufficient_history,2026-09-01
RA16-213-BI,6,1.0,insufficient_history,2026-09-01
RA16-213-BI,7,1.0,insufficient_history,2026-09-01
RA16-213-BI,8,1.0,insufficient_history,2026-09-01
RA16-213-BI,9,1.0,insufficient_history,2026-09-01
RA16-213-BI,10,1.0,insufficient_history,2026-09-01
RA16-213-BI,11,1.0,insufficient_history,2026-09-01
RA16-213-BI,12,1.0,insufficient_history,2026-09-01
RAT-1A3-B,1,1.0,insufficient_history,2026-09-01
RAT-1A3-B,2,1.0,insufficient_history,2026-09-01
RAT-1A3-B,3,1.0,insufficient_history,2026-09-01
RAT-1A3-B,4,1.0,insufficient_history,2026-09-01
RAT-1A3-B,5,1.0,insufficient_history,2026-09-01
RAT-1A3-B,6,1.0,insufficient_history,2026-09-01
RAT-1A3-B,7,1.0,insufficient_history,2026-09-01
RAT-1A3-B,8,1.0,insufficient_history,2026-09-01
RAT-1A3-B,9,1.0,insufficient_history,2026-09-01
RAT-1A3-B,10,1.0,insufficient_history,2026-09-01
RAT-1A3-B,11,1.0,insufficient_history,2026-09-01
RAT-1A3-B,12,1.0,insufficient_history,2026-09-01
RS16-212-S,1,1.0,insufficient_history,2026-09-01
RS16-212-S,2,1.0,insufficient_history,2026-09-01
RS16-212-S,3,1.0,insufficient_history,2026-09-01
RS16-212-S,4,1.0,insufficient_history,2026-09-01
RS16-212-S,5,1.0,insufficient_history,2026-09-01
RS16-212-S,6,1.0,insufficient_history,2026-09-01
RS16-212-S,7,1.0,insufficient_history,2026-09-01
RS16-212-S,8,1.0,insufficient_history,2026-09-01
RS16-212-S,9,1.0,insufficient_history,2026-09-01
RS16-212-S,10,1.0,insufficient_history,2026-09-01
RS16-212-S,11,1.0,insufficient_history,2026-09-01
RS16-212-S,12,1.0,insufficient_history,2026-09-01
RS6-253-18,1,1.0,insufficient_history,2026-09-01
RS6-253-18,2,1.0,insufficient_history,2026-09-01
RS6-253-18,3,1.0,insufficient_history,2026-09-01
RS6-253-18,4,1.0,insufficient_history,2026-09-01
RS6-253-18,5,1.0,insufficient_history,2026-09-01
RS6-253-18,6,1.0,insufficient_history,2026-09-01
RS6-253-18,7,1.0,insufficient_history,2026-09-01
RS6-253-18,8,1.0,insufficient_history,2026-09-01
RS6-253-18,9,1.0,insufficient_history,2026-09-01
RS6-253-18,10,1.0,insufficient_history,2026-09-01
RS6-253-18,11,1.0,insufficient_history,2026-09-01
RS6-253-18,12,1.0,insufficient_history,2026-09-01
RSI-251KK5E-28,1,1.0,insufficient_history,2026-09-01
RSI-251KK5E-28,2,1.0,insufficient_history,2026-09-01
RSI-251KK5E-28,3,1.0,insufficient_history,2026-09-01
RSI-251KK5E-28,4,1.0,insufficient_history,2026-09-01
RSI-251KK5E-28,5,1.0,insufficient_history,2026-09-01
RSI-251KK5E-28,6,1.0,insufficient_history,2026-09-01
RSI-251KK5E-28,7,1.0,insufficient_history,2026-09-01
RSI-251KK5E-28,8,1.0,insufficient_history,2026-09-01
RSI-251KK5E-28,9,1.0,insufficient_history,2026-09-01
RSI-251KK5E-28,10,1.0,insufficient_history,2026-09-01
RSI-251KK5E-28,11,1.0,insufficient_history,2026-09-01
RSI-251KK5E-28,12,1.0,insufficient_history,2026-09-01
RT-4A3-B,1,1.0,insufficient_history,2026-09-01
RT-4A3-B,2,1.0,insufficient_history,2026-09-01
RT-4A3-B,3,1.0,insufficient_history,2026-09-01
RT-4A3-B,4,1.0,insufficient_history,2026-09-01
RT-4A3-B,5,1.0,insufficient_history,2026-09-01
RT-4A3-B,6,1.0,insufficient_history,2026-09-01
RT-4A3-B,7,1.0,insufficient_history,2026-09-01
RT-4A3-B,8,1.0,insufficient_history,2026-09-01
RT-4A3-B,9,1.0,insufficient_history,2026-09-01
RT-4A3-B,10,1.0,insufficient_history,2026-09-01
RT-4A3-B,11,1.0,insufficient_history,2026-09-01
RT-4A3-B,12,1.0,insufficient_history,2026-09-01
S56-043-BI,1,1.0,insufficient_history,2026-09-01
S56-043-BI,2,1.0,insufficient_history,2026-09-01
S56-043-BI,3,1.0,insufficient_history,2026-09-01
S56-043-BI,4,1.0,insufficient_history,2026-09-01
S56-043-BI,5,1.0,insufficient_history,2026-09-01
S56-043-BI,6,1.0,insufficient_history,2026-09-01
S56-043-BI,7,1.0,insufficient_history,2026-09-01
S56-043-BI,8,1.0,insufficient_history,2026-09-01
S56-043-BI,9,1.0,insufficient_history,2026-09-01
S56-043-BI,10,1.0,insufficient_history,2026-09-01
S56-043-BI,11,1.0,insufficient_history,2026-09-01
S56-043-BI,12,1.0,insufficient_history,2026-09-01
VA1U-112-B,1,1.0,insufficient_history,2026-09-01
VA1U-112-B,2,1.0,insufficient_history,2026-09-01
VA1U-112-B,3,1.0,insufficient_history,2026-09-01
VA1U-112-B,4,1.0,insufficient_history,2026-09-01
VA1U-112-B,5,1.0,insufficient_history,2026-09-01
VA1U-112-B,6,1.0,insufficient_history,2026-09-01
VA1U-112-B,7,1.0,insufficient_history,2026-09-01
VA1U-112-B,8,1.0,insufficient_history,2026-09-01
VA1U-112-B,9,1.0,insufficient_history,2026-09-01
VA1U-112-B,10,1.0,insufficient_history,2026-09-01
VA1U-112-B,11,1.0,insufficient_history,2026-09-01
VA1U-112-B,12,1.0,insufficient_history,2026-09-01
VA510-228B-BI,1,1.0,insufficient_history,2026-09-01
VA510-228B-BI,2,1.0,insufficient_history,2026-09-01
VA510-228B-BI,3,1.0,insufficient_history,2026-09-01
VA510-228B-BI,4,1.0,insufficient_history,2026-09-01
VA510-228B-BI,5,1.0,insufficient_history,2026-09-01
VA510-228B-BI,6,1.0,insufficient_history,2026-09-01
VA510-228B-BI,7,1.0,insufficient_history,2026-09-01
VA510-228B-BI,8,1.0,insufficient_history,2026-09-01
VA510-228B-BI,9,1.0,insufficient_history,2026-09-01
VA510-228B-BI,10,1.0,insufficient_history,2026-09-01
VA510-228B-BI,11,1.0,insufficient_history,2026-09-01
VA510-228B-BI,12,1.0,insufficient_history,2026-09-01
VS116-153-1-86,1,1.0,insufficient_history,2026-09-01
VS116-153-1-86,2,1.0,insufficient_history,2026-09-01
VS116-153-1-86,3,1.0,insufficient_history,2026-09-01
VS116-153-1-86,4,1.0,insufficient_history,2026-09-01
VS116-153-1-86,5,1.0,insufficient_history,2026-09-01
VS116-153-1-86,6,1.0,insufficient_history,2026-09-01
VS116-153-1-86,7,1.0,insufficient_history,2026-09-01
VS116-153-1-86,8,1.0,insufficient_history,2026-09-01
VS116-153-1-86,9,1.0,insufficient_history,2026-09-01
VS116-153-1-86,10,1.0,insufficient_history,2026-09-01
VS116-153-1-86,11,1.0,insufficient_history,2026-09-01
VS116-153-1-86,12,1.0,insufficient_history,2026-09-01
VS116-154-1-86,1,1.0,insufficient_history,2026-09-01
VS116-154-1-86,2,1.0,insufficient_history,2026-09-01
VS116-154-1-86,3,1.0,insufficient_history,2026-09-01
VS116-154-1-86,4,1.0,insufficient_history,2026-09-01
VS116-154-1-86,5,1.0,insufficient_history,2026-09-01
VS116-154-1-86,6,1.0,insufficient_history,2026-09-01
VS116-154-1-86,7,1.0,insufficient_history,2026-09-01
VS116-154-1-86,8,1.0,insufficient_history,2026-09-01
VS116-154-1-86,9,1.0,insufficient_history,2026-09-01
VS116-154-1-86,10,1.0,insufficient_history,2026-09-01
VS116-154-1-86,11,1.0,insufficient_history,2026-09-01
VS116-154-1-86,12,1.0,insufficient_history,2026-09-01
VS516-252-18,1,1.0,insufficient_history,2026-09-01
VS516-252-18,2,1.0,insufficient_history,2026-09-01
VS516-252-18,3,1.0,insufficient_history,2026-09-01
VS516-252-18,4,1.0,insufficient_history,2026-09-01
VS516-252-18,5,1.0,insufficient_history,2026-09-01
VS516-252-18,6,1.0,insufficient_history,2026-09-01
VS516-252-18,7,1.0,insufficient_history,2026-09-01
VS516-252-18,8,1.0,insufficient_history,2026-09-01
VS516-252-18,9,1.0,insufficient_history,2026-09-01
VS516-252-18,10,1.0,insufficient_history,2026-09-01
VS516-252-18,11,1.0,insufficient_history,2026-09-01
VS516-252-18,12,1.0,insufficient_history,2026-09-01
WDE000151,1,1.0,insufficient_history,2026-09-01
WDE000151,2,1.0,insufficient_history,2026-09-01
WDE000151,3,1.0,insufficient_history,2026-09-01
WDE000151,4,1.0,insufficient_history,2026-09-01
WDE000151,5,1.0,insufficient_history,2026-09-01
WDE000151,6,1.0,insufficient_history,2026-09-01
WDE000151,7,1.0,insufficient_history,2026-09-01
WDE000151,8,1.0,insufficient_history,2026-09-01
WDE000151,9,1.0,insufficient_history,2026-09-01
WDE000151,10,1.0,insufficient_history,2026-09-01
WDE000151,11,1.0,insufficient_history,2026-09-01
WDE000151,12,1.0,insufficient_history,2026-09-01
WDE000185,1,1.0,insufficient_history,2026-09-01
WDE000185,2,1.0,insufficient_history,2026-09-01
WDE000185,3,1.0,insufficient_history,2026-09-01
WDE000185,4,1.0,insufficient_history,2026-09-01
WDE000185,5,1.0,insufficient_history,2026-09-01
WDE000185,6,1.0,insufficient_history,2026-09-01
WDE000185,7,1.0,insufficient_history,2026-09-01
WDE000185,8,1.0,insufficient_history,2026-09-01
WDE000185,9,1.0,insufficient_history,2026-09-01
WDE000185,10,1.0,insufficient_history,2026-09-01
WDE000185,11,1.0,insufficient_history,2026-09-01
WDE000185,12,1.0,insufficient_history,2026-09-01
WDE000193,1,1.0,insufficient_history,2026-09-01
WDE000193,2,1.0,insufficient_history,2026-09-01
WDE000193,3,1.0,insufficient_history,2026-09-01
WDE000193,4,1.0,insufficient_history,2026-09-01
WDE000193,5,1.0,insufficient_history,2026-09-01
WDE000193,6,1.0,insufficient_history,2026-09-01
WDE000193,7,1.0,insufficient_history,2026-09-01
WDE000193,8,1.0,insufficient_history,2026-09-01
WDE000193,9,1.0,insufficient_history,2026-09-01
WDE000193,10,1.0,insufficient_history,2026-09-01
WDE000193,11,1.0,insufficient_history,2026-09-01
WDE000193,12,1.0,insufficient_history,2026-09-01
WDE000195,1,1.0,insufficient_history,2026-09-01
WDE000195,2,1.0,insufficient_history,2026-09-01
WDE000195,3,1.0,insufficient_history,2026-09-01
WDE000195,4,1.0,insufficient_history,2026-09-01
WDE000195,5,1.0,insufficient_history,2026-09-01
WDE000195,6,1.0,insufficient_history,2026-09-01
WDE000195,7,1.0,insufficient_history,2026-09-01
WDE000195,8,1.0,insufficient_history,2026-09-01
WDE000195,9,1.0,insufficient_history,2026-09-01
WDE000195,10,1.0,insufficient_history,2026-09-01
WDE000195,11,1.0,insufficient_history,2026-09-01
WDE000195,12,1.0,insufficient_history,2026-09-01
WDE000302,1,1.0,insufficient_history,2026-09-01
WDE000302,2,1.0,insufficient_history,2026-09-01
WDE000302,3,1.0,insufficient_history,2026-09-01
WDE000302,4,1.0,insufficient_history,2026-09-01
WDE000302,5,1.0,insufficient_history,2026-09-01
WDE000302,6,1.0,insufficient_history,2026-09-01
WDE000302,7,1.0,insufficient_history,2026-09-01
WDE000302,8,1.0,insufficient_history,2026-09-01
WDE000302,9,1.0,insufficient_history,2026-09-01
WDE000302,10,1.0,insufficient_history,2026-09-01
WDE000302,11,1.0,insufficient_history,2026-09-01
WDE000302,12,1.0,insufficient_history,2026-09-01
WDE000303,1,1.0,insufficient_history,2026-09-01
WDE000303,2,1.0,insufficient_history,2026-09-01
WDE000303,3,1.0,insufficient_history,2026-09-01
WDE000303,4,1.0,insufficient_history,2026-09-01
WDE000303,5,1.0,insufficient_history,2026-09-01
WDE000303,6,1.0,insufficient_history,2026-09-01
WDE000303,7,1.0,insufficient_history,2026-09-01
WDE000303,8,1.0,insufficient_history,2026-09-01
WDE000303,9,1.0,insufficient_history,2026-09-01
WDE000303,10,1.0,insufficient_history,2026-09-01
WDE000303,11,1.0,insufficient_history,2026-09-01
WDE000303,12,1.0,insufficient_history,2026-09-01
WDE000304,1,1.0,insufficient_history,2026-09-01
WDE000304,2,1.0,insufficient_history,2026-09-01
WDE000304,3,1.0,insufficient_history,2026-09-01
WDE000304,4,1.0,insufficient_history,2026-09-01
WDE000304,5,1.0,insufficient_history,2026-09-01
WDE000304,6,1.0,insufficient_history,2026-09-01
WDE000304,7,1.0,insufficient_history,2026-09-01
WDE000304,8,1.0,insufficient_history,2026-09-01
WDE000304,9,1.0,insufficient_history,2026-09-01
WDE000304,10,1.0,insufficient_history,2026-09-01
WDE000304,11,1.0,insufficient_history,2026-09-01
WDE000304,12,1.0,insufficient_history,2026-09-01
WDE000311,1,1.0,insufficient_history,2026-09-01
WDE000311,2,1.0,insufficient_history,2026-09-01
WDE000311,3,1.0,insufficient_history,2026-09-01
WDE000311,4,1.0,insufficient_history,2026-09-01
WDE000311,5,1.0,insufficient_history,2026-09-01
WDE000311,6,1.0,insufficient_history,2026-09-01
WDE000311,7,1.0,insufficient_history,2026-09-01
WDE000311,8,1.0,insufficient_history,2026-09-01
WDE000311,9,1.0,insufficient_history,2026-09-01
WDE000311,10,1.0,insufficient_history,2026-09-01
WDE000311,11,1.0,insufficient_history,2026-09-01
WDE000311,12,1.0,insufficient_history,2026-09-01
WDE000351,1,1.0,insufficient_history,2026-09-01
WDE000351,2,1.0,insufficient_history,2026-09-01
WDE000351,3,1.0,insufficient_history,2026-09-01
WDE000351,4,1.0,insufficient_history,2026-09-01
WDE000351,5,1.0,insufficient_history,2026-09-01
WDE000351,6,1.0,insufficient_history,2026-09-01
WDE000351,7,1.0,insufficient_history,2026-09-01
WDE000351,8,1.0,insufficient_history,2026-09-01
WDE000351,9,1.0,insufficient_history,2026-09-01
WDE000351,10,1.0,insufficient_history,2026-09-01
WDE000351,11,1.0,insufficient_history,2026-09-01
WDE000351,12,1.0,insufficient_history,2026-09-01
WDE000381,1,1.0,insufficient_history,2026-09-01
WDE000381,2,1.0,insufficient_history,2026-09-01
WDE000381,3,1.0,insufficient_history,2026-09-01
WDE000381,4,1.0,insufficient_history,2026-09-01
WDE000381,5,1.0,insufficient_history,2026-09-01
WDE000381,6,1.0,insufficient_history,2026-09-01
WDE000381,7,1.0,insufficient_history,2026-09-01
WDE000381,8,1.0,insufficient_history,2026-09-01
WDE000381,9,1.0,insufficient_history,2026-09-01
WDE000381,10,1.0,insufficient_history,2026-09-01
WDE000381,11,1.0,insufficient_history,2026-09-01
WDE000381,12,1.0,insufficient_history,2026-09-01
WDE000391,1,1.0,insufficient_history,2026-09-01
WDE000391,2,1.0,insufficient_history,2026-09-01
WDE000391,3,1.0,insufficient_history,2026-09-01
WDE000391,4,1.0,insufficient_history,2026-09-01
WDE000391,5,1.0,insufficient_history,2026-09-01
WDE000391,6,1.0,insufficient_history,2026-09-01
WDE000391,7,1.0,insufficient_history,2026-09-01
WDE000391,8,1.0,insufficient_history,2026-09-01
WDE000391,9,1.0,insufficient_history,2026-09-01
WDE000391,10,1.0,insufficient_history,2026-09-01
WDE000391,11,1.0,insufficient_history,2026-09-01
WDE000391,12,1.0,insufficient_history,2026-09-01
WDE000403,1,1.0,insufficient_history,2026-09-01
WDE000403,2,1.0,insufficient_history,2026-09-01
WDE000403,3,1.0,insufficient_history,2026-09-01
WDE000403,4,1.0,insufficient_history,2026-09-01
WDE000403,5,1.0,insufficient_history,2026-09-01
WDE000403,6,1.0,insufficient_history,2026-09-01
WDE000403,7,1.0,insufficient_history,2026-09-01
WDE000403,8,1.0,insufficient_history,2026-09-01
WDE000403,9,1.0,insufficient_history,2026-09-01
WDE000403,10,1.0,insufficient_history,2026-09-01
WDE000403,11,1.0,insufficient_history,2026-09-01
WDE000403,12,1.0,insufficient_history,2026-09-01
WDE000404,1,1.0,insufficient_history,2026-09-01
WDE000404,2,1.0,insufficient_history,2026-09-01
WDE000404,3,1.0,insufficient_history,2026-09-01
WDE000404,4,1.0,insufficient_history,2026-09-01
WDE000404,5,1.0,insufficient_history,2026-09-01
WDE000404,6,1.0,insufficient_history,2026-09-01
WDE000404,7,1.0,insufficient_history,2026-09-01
WDE000404,8,1.0,insufficient_history,2026-09-01
WDE000404,9,1.0,insufficient_history,2026-09-01
WDE000404,10,1.0,insufficient_history,2026-09-01
WDE000404,11,1.0,insufficient_history,2026-09-01
WDE000404,12,1.0,insufficient_history,2026-09-01
WDE000411,1,1.0,insufficient_history,2026-09-01
WDE000411,2,1.0,insufficient_history,2026-09-01
WDE000411,3,1.0,insufficient_history,2026-09-01
WDE000411,4,1.0,insufficient_history,2026-09-01
WDE000411,5,1.0,insufficient_history,2026-09-01
WDE000411,6,1.0,insufficient_history,2026-09-01
WDE000411,7,1.0,insufficient_history,2026-09-01
WDE000411,8,1.0,insufficient_history,2026-09-01
WDE000411,9,1.0,insufficient_history,2026-09-01
WDE000411,10,1.0,insufficient_history,2026-09-01
WDE000411,11,1.0,insufficient_history,2026-09-01
WDE000411,12,1.0,insufficient_history,2026-09-01
WDE000413,1,1.0,insufficient_history,2026-09-01
WDE000413,2,1.0,insufficient_history,2026-09-01
WDE000413,3,1.0,insufficient_history,2026-09-01
WDE000413,4,1.0,insufficient_history,2026-09-01
WDE000413,5,1.0,insufficient_history,2026-09-01
WDE000413,6,1.0,insufficient_history,2026-09-01
WDE000413,7,1.0,insufficient_history,2026-09-01
WDE000413,8,1.0,insufficient_history,2026-09-01
WDE000413,9,1.0,insufficient_history,2026-09-01
WDE000413,10,1.0,insufficient_history,2026-09-01
WDE000413,11,1.0,insufficient_history,2026-09-01
WDE000413,12,1.0,insufficient_history,2026-09-01
WDE000431,1,1.0,insufficient_history,2026-09-01
WDE000431,2,1.0,insufficient_history,2026-09-01
WDE000431,3,1.0,insufficient_history,2026-09-01
WDE000431,4,1.0,insufficient_history,2026-09-01
WDE000431,5,1.0,insufficient_history,2026-09-01
WDE000431,6,1.0,insufficient_history,2026-09-01
WDE000431,7,1.0,insufficient_history,2026-09-01
WDE000431,8,1.0,insufficient_history,2026-09-01
WDE000431,9,1.0,insufficient_history,2026-09-01
WDE000431,10,1.0,insufficient_history,2026-09-01
WDE000431,11,1.0,insufficient_history,2026-09-01
WDE000431,12,1.0,insufficient_history,2026-09-01
WDE000436,1,1.0,insufficient_history,2026-09-01
WDE000436,2,1.0,insufficient_history,2026-09-01
WDE000436,3,1.0,insufficient_history,2026-09-01
WDE000436,4,1.0,insufficient_history,2026-09-01
WDE000436,5,1.0,insufficient_history,2026-09-01
WDE000436,6,1.0,insufficient_history,2026-09-01
WDE000436,7,1.0,insufficient_history,2026-09-01
WDE000436,8,1.0,insufficient_history,2026-09-01
WDE000436,9,1.0,insufficient_history,2026-09-01
WDE000436,10,1.0,insufficient_history,2026-09-01
WDE000436,11,1.0,insufficient_history,2026-09-01
WDE000436,12,1.0,insufficient_history,2026-09-01
WDE000441,1,1.0,insufficient_history,2026-09-01
WDE000441,2,1.0,insufficient_history,2026-09-01
WDE000441,3,1.0,insufficient_history,2026-09-01
WDE000441,4,1.0,insufficient_history,2026-09-01
WDE000441,5,1.0,insufficient_history,2026-09-01
WDE000441,6,1.0,insufficient_history,2026-09-01
WDE000441,7,1.0,insufficient_history,2026-09-01
WDE000441,8,1.0,insufficient_history,2026-09-01
WDE000441,9,1.0,insufficient_history,2026-09-01
WDE000441,10,1.0,insufficient_history,2026-09-01
WDE000441,11,1.0,insufficient_history,2026-09-01
WDE000441,12,1.0,insufficient_history,2026-09-01
WDE000448,1,1.0,insufficient_history,2026-09-01
WDE000448,2,1.0,insufficient_history,2026-09-01
WDE000448,3,1.0,insufficient_history,2026-09-01
WDE000448,4,1.0,insufficient_history,2026-09-01
WDE000448,5,1.0,insufficient_history,2026-09-01
WDE000448,6,1.0,insufficient_history,2026-09-01
WDE000448,7,1.0,insufficient_history,2026-09-01
WDE000448,8,1.0,insufficient_history,2026-09-01
WDE000448,9,1.0,insufficient_history,2026-09-01
WDE000448,10,1.0,insufficient_history,2026-09-01
WDE000448,11,1.0,insufficient_history,2026-09-01
WDE000448,12,1.0,insufficient_history,2026-09-01
WDE000451,1,1.0,insufficient_history,2026-09-01
WDE000451,2,1.0,insufficient_history,2026-09-01
WDE000451,3,1.0,insufficient_history,2026-09-01
WDE000451,4,1.0,insufficient_history,2026-09-01
WDE000451,5,1.0,insufficient_history,2026-09-01
WDE000451,6,1.0,insufficient_history,2026-09-01
WDE000451,7,1.0,insufficient_history,2026-09-01
WDE000451,8,1.0,insufficient_history,2026-09-01
WDE000451,9,1.0,insufficient_history,2026-09-01
WDE000451,10,1.0,insufficient_history,2026-09-01
WDE000451,11,1.0,insufficient_history,2026-09-01
WDE000451,12,1.0,insufficient_history,2026-09-01
WDE000461,1,1.0,insufficient_history,2026-09-01
WDE000461,2,1.0,insufficient_history,2026-09-01
WDE000461,3,1.0,insufficient_history,2026-09-01
WDE000461,4,1.0,insufficient_history,2026-09-01
WDE000461,5,1.0,insufficient_history,2026-09-01
WDE000461,6,1.0,insufficient_history,2026-09-01
WDE000461,7,1.0,insufficient_history,2026-09-01
WDE000461,8,1.0,insufficient_history,2026-09-01
WDE000461,9,1.0,insufficient_history,2026-09-01
WDE000461,10,1.0,insufficient_history,2026-09-01
WDE000461,11,1.0,insufficient_history,2026-09-01
WDE000461,12,1.0,insufficient_history,2026-09-01
WDE000471,1,1.0,insufficient_history,2026-09-01
WDE000471,2,1.0,insufficient_history,2026-09-01
WDE000471,3,1.0,insufficient_history,2026-09-01
WDE000471,4,1.0,insufficient_history,2026-09-01
WDE000471,5,1.0,insufficient_history,2026-09-01
WDE000471,6,1.0,insufficient_history,2026-09-01
WDE000471,7,1.0,insufficient_history,2026-09-01
WDE000471,8,1.0,insufficient_history,2026-09-01
WDE000471,9,1.0,insufficient_history,2026-09-01
WDE000471,10,1.0,insufficient_history,2026-09-01
WDE000471,11,1.0,insufficient_history,2026-09-01
WDE000471,12,1.0,insufficient_history,2026-09-01
WDE000481,1,1.0,insufficient_history,2026-09-01
WDE000481,2,1.0,insufficient_history,2026-09-01
WDE000481,3,1.0,insufficient_history,2026-09-01
WDE000481,4,1.0,insufficient_history,2026-09-01
WDE000481,5,1.0,insufficient_history,2026-09-01
WDE000481,6,1.0,insufficient_history,2026-09-01
WDE000481,7,1.0,insufficient_history,2026-09-01
WDE000481,8,1.0,insufficient_history,2026-09-01
WDE000481,9,1.0,insufficient_history,2026-09-01
WDE000481,10,1.0,insufficient_history,2026-09-01
WDE000481,11,1.0,insufficient_history,2026-09-01
WDE000481,12,1.0,insufficient_history,2026-09-01
WDE000493,1,1.0,insufficient_history,2026-09-01
WDE000493,2,1.0,insufficient_history,2026-09-01
WDE000493,3,1.0,insufficient_history,2026-09-01
WDE000493,4,1.0,insufficient_history,2026-09-01
WDE000493,5,1.0,insufficient_history,2026-09-01
WDE000493,6,1.0,insufficient_history,2026-09-01
WDE000493,7,1.0,insufficient_history,2026-09-01
WDE000493,8,1.0,insufficient_history,2026-09-01
WDE000493,9,1.0,insufficient_history,2026-09-01
WDE000493,10,1.0,insufficient_history,2026-09-01
WDE000493,11,1.0,insufficient_history,2026-09-01
WDE000493,12,1.0,insufficient_history,2026-09-01
щщщ0116254,1,1.0,insufficient_history,2026-09-01
щщщ0116254,2,1.0,insufficient_history,2026-09-01
щщщ0116254,3,1.0,insufficient_history,2026-09-01
щщщ0116254,4,1.0,insufficient_history,2026-09-01
щщщ0116254,5,1.0,insufficient_history,2026-09-01
щщщ0116254,6,1.0,insufficient_history,2026-09-01
щщщ0116254,7,1.0,insufficient_history,2026-09-01
щщщ0116254,8,1.0,insufficient_history,2026-09-01
щщщ0116254,9,1.0,insufficient_history,2026-09-01
щщщ0116254,10,1.0,insufficient_history,2026-09-01
щщщ0116254,11,1.0,insufficient_history,2026-09-01
щщщ0116254,12,1.0,insufficient_history,2026-09-01
яярп5490,1,1.0,insufficient_history,2026-09-01
яярп5490,2,1.0,insufficient_history,2026-09-01
яярп5490,3,1.0,insufficient_history,2026-09-01
яярп5490,4,1.0,insufficient_history,2026-09-01
яярп5490,5,1.0,insufficient_history,2026-09-01
яярп5490,6,1.0,insufficient_history,2026-09-01
яярп5490,7,1.0,insufficient_history,2026-09-01
яярп5490,8,1.0,insufficient_history,2026-09-01
яярп5490,9,1.0,insufficient_history,2026-09-01
яярп5490,10,1.0,insufficient_history,2026-09-01
яярп5490,11,1.0,insufficient_history,2026-09-01
яярп5490,12,1.0,insufficient_history,2026-09-01
