sku,product_name,unit,supplier_sku
0000352,Контактор КТИ-65003 реверс. 500А 230В IEK !!!,шт,
010300001_,УЗО АД 12 (2ф) 10А IEK (5/40),шт,MAD10-2-010-C-030
010300002_,УЗО АД 12 (2ф) 16А IEK (5/40),шт,MAD10-2-016-C-030
010300003_,УЗО АД 12 (2ф) 25А IEK (5/40),шт,MAD10-2-025-C-030
010300004_,УЗО АД 12 (2ф) 32А IEK (5/40),шт,MAD10-2-032-C-030
010300005_,УЗО АД 12 (2ф) 40А IEK (4/32),шт,MAD10-2-040-C-030
010300006_,УЗО АД 12 (2ф) 50А IEK (4/32),шт,MAD10-2-050-C-030
010300007_,УЗО АД 12 (2ф) 63А IEK (4/32),шт,MAD10-2-063-C-030
010300008_,УЗО АД 14 (4ф) 16А IEK (3/24),шт,MAD10-4-016-C-030
010300009_,УЗО АД 14 (4ф) 25А IEK (3/24),шт,MAD10-4-025-C-030
010300010_,УЗО АД 14 (4ф) 32А IEK (3/24),шт,MAD10-4-032-C-030
010300011_,УЗО АД 14 (4ф) 40А IEK (3/24),шт,MAD10-4-040-C-030
010300012_,УЗО АД 14 (4ф) 50А IEK (3/24),шт,MAD10-4-050-C-030
010300013_,УЗО АД 14 (4ф) 63А IEK (3/24),шт,MAD10-4-063-C-030
010300014_,УЗО ВД1 63 (2ф) 16А IEK (1/48),шт,MDV10-2-016-030
010300015_,УЗО ВД1 63 (2ф) 25А 30мА IEK (1/48),шт,MDV10-2-025-030
010300016_,УЗО ВД1 63 (2ф) 32А 30мА IEK (1/48),шт,MDV10-2-032-030
010300017_,УЗО ВД1 63 (2ф) 40А 30мА IEK (1/48),шт,MDV10-2-040-030
010300018_,УЗО ВД1 63 (2ф) 50А 30мА IEK (1/48),шт,MDV10-2-050-030
010300019_,УЗО ВД1-63 (4ф) 25А 30мА IEK (1/24),шт,MDV10-4-025-030
010300020_,УЗО ВД1-63 (4ф) 32А 30мА IEK (1/24),шт,MDV10-4-032-030
010300021_,УЗО ВД1-63 (4ф) 63А 30мА IEK (1/24),шт,MDV10-4-063-030
010300023_,УЗО ВД1-63 (4ф) 40А 30мА IEK (1/24),шт,MDV10-4-040-030
010300024_,УЗО ВД1-63 (4ф) 50А 30мА IEK (1/24),шт,MDV10-4-050-030
010300052_,УЗО ВД1-63 (4ф) 16А 30мА IEK (1/24),шт,MDV10-4-016-030
010300053_,УЗО АВДТ 32 25А IEK (6/60),шт,MAD22-5-025-C-30
010300057_,УЗО ВД1 63 (2ф) 63А 30мА IEK (1/48),шт,MDV10-2-063-030
010300066_,УЗО АД12М (2ф) 16А IEK (5/40)*,,MAD12-2-016-C-030
010300068_,УЗО АД12М (2ф) 25А IEK (5/40),шт,MAD12-2-025-C-030
010300069_,УЗО АД12М (2ф) 32А IEK (5/40),шт,MAD12-2-032-C-030
010300074_,УЗО АВДТ 32 10А IEK (6/60),шт,MAD22-5-010-C-30
010300075_,УЗО АВДТ 32 16А IEK (6/60),шт,MAD22-5-016-C-30
010300094_,УЗО АВДТ 32 6А IEK (6/60),шт,MAD22-5-006-C-30
010300095_,УЗО АВДТ 32 20А IEK (6/60),шт,MAD22-5-020-C-30
010300096_,УЗО АВДТ 32 40А IEK (6/60),шт,MAD22-5-040-C-30
010300103_,УЗО ВД1-63 (4ф) 40А 300мА IEK (24) !!!,шт,
010300108_,УЗО АД 14 (4ф) 50А (300мА) IEK (24) !!!,шт,
010300115_,УЗО ВД1-63 (4a) 25А 300мА IEK !!!,шт,
010300121_,УЗО АВДТ 32 32А IEK (6/60),шт,MAD22-5-032-C-30
010300122_,УЗО АД 14 (4ф) 32А (300мА) IEK (24) !!!,шт,
010300123_,УЗО АД 12 (2ф) 20А IEK (5/40),шт,MAD10-2-020-C-030
010300124_,УЗО АД 14 (4ф) 10А IEK (3/24),шт,MAD10-4-010-C-030
010300125_,УЗО АВДТ 32 63А 100mA IEK !!!,шт,
010300127_,УЗО АД 12 (2ф) 50А 300мА IEK (4/32) !!!,шт,
010300130_,УЗО АВДТ 34 10А С 30мА IEK E-PRO,шт,
010300131_,УЗО ВД1-63 (4ф) 50А 300мА IEK (1/24) !!!,шт,
010300142_,УЗО ВД1 63 (2ф) 80А 30мА IEK (48) !!!,шт,
010300144_,УЗО АД 14 (4ф) 63А 100мА IEK !,шт,
010300150_,УЗО АД 12 (2ф) 40А 300мА IEK (4/32) !!!,шт,
010300153_,УЗО АД 14 (4ф) 40А (100мА) IEK (3/24) !!!,шт,MAD10-4-040-C-100
010300156_,УЗО АД 12 (2ф) 16А GENERICA (5/40) !!!,шт,MAD15-2-016-C-030
010300157_,УЗО АД 12 (2ф) 25А GENERICA (5/40) !!!,шт,MAD15-2-025-C-030
010300159_,УЗО АД 12 (2ф) 10А GENERICA (5/40) !!!,шт,MAD15-2-010-C-030
010300160_,УЗО АД 12 (2ф) 20А GENERICA (5/40) !!!,шт,MAD15-2-020-C-030
010300161_,УЗО АД 12 (2ф) 32А GENERICA (5/40) !!!,шт,MAD15-2-032-C-030
010300162_,УЗО АД 12 (2ф) 40А GENERICA (5/40) !!!,шт,MAD15-2-040-C-030
010300163_,УЗО АД 12 (2ф) 50А GENERICA (5/40) !!!,шт,MAD15-2-050-C-030
010300164_,УЗО АД 12 (2ф) 63А GENERICA (5/40)***,,MAD15-2-063-C-030
010300165_,УЗО АВДТ 32 6А GENERICA (6/60) !!!,шт,MAD25-5-006-C-30
010300166_,УЗО АВДТ 32 10А GENERICA (6/60) !!!,шт,MAD25-5-010-C-30
010300167_,УЗО АВДТ 32 16А GENERICA (6/60) !!!,шт,MAD25-5-016-C-30
010300168_,УЗО АВДТ 32 20А GENERICA (6/60) !!!,шт,MAD25-5-020-C-30
010300169_,УЗО АВДТ 32 25А GENERICA (6/60) !!!,шт,MAD25-5-025-C-30
010300170_,УЗО АВДТ 32 32А GENERICA (6/60)***,,MAD25-5-032-C-30
010300171_,УЗО АВДТ 32 40А GENERICA (6/60),шт,MAD25-5-040-C-30
010300184_,УЗО ВД1-63 (4ф) 32А 100мА IEK !!!,шт,
010300185_,УЗО ВД1-63 (4ф) 32А 300мА IEK !!!,шт,
010300188_,УЗО АД 12 (2ф) 25А 100мА IEK !!!,шт,
010300189_,УЗО АД 12 (2ф) 32А 100мА IEK !!!,шт,
010300191_,УЗО АД 14 (4ф) 32А 100мА IEK !!!,шт,
010300200_,УЗО АВДТ 34 20А С 30мА IEK !!!,шт,
010300239_,УЗДП c авт. выкл. 1P+N C 16A KARAT IEK,шт,KA-DP11-1-016-C
010300242_,УЗДП c авт. выкл. 1P+N C 32A KARAT IEK,шт,KA-DP11-1-032-C
010300250_,УЗДП c авт. выкл. 1P+N C 10A KARAT IEK,шт,KA-DP11-1-010-C
010300251_,УЗДП 1P+N 32A KARAT IEK,шт,KA-DP10-1-032
010300252_,УЗДП 1P+N 63A KARAT IEK,шт,KA-DP10-1-063
010400842_,Реле напряжения и тока РНТ-д однофазное 36мм 63А IEK,шт,
010400849_,Реле напряжения и тока РНТ-д однофазное 54мм 32А IEK,шт,IVC31-1-32
010400850_,Реле напряжения и тока РНТ-д однофазное 54мм 63А IEK,шт,IVC31-1-63
010400854_,Реле напряжения и тока РНТ-д однофазное 36мм 50А IEK,шт,IVC21-1-50
010400865_,Реле напряжения РН-д 1ф 36мм 32А IEK NEW,шт,IVR21-1-32
010400867_,Реле напряжения РН-д однофазное 36мм 40А IEK,шт,IVR21-1-40
010400925_,Реле напряжения и тока РНТ-д однофазное 36мм 25А IEK,шт,IVC21-1-25
010400926_,Реле напряжения и тока РНТ-д однофазное 54мм 25А IEK,шт,IVC31-1-25
010400927_,Реле напряжения и тока РНТ-д однофазное 54мм 40А IEK,шт,IVC31-1-40
010400928_,Реле напряжения и тока РНТ-д однофазное 54мм 50А IEK,шт,IVC31-1-50
010400929_,Реле напряжения РН-д однофазное 36мм 25А IEK,шт,IVR21-1-25
010400930_,Реле напряжения РН-д однофазное 54мм 25А IEK,шт,IVR31-1-25
010400931_,Реле напряжения РН-д однофазное 54мм 32А IEK,шт,IVR31-1-32
010400932_,Реле напряжения РН-д однофазное 54мм 40А IEK,шт,IVR31-1-40
010400933_,Реле напряжения РН-д однофазное 54мм 50А IEK,шт,IVR31-1-50
010400934_,Реле напряжения РН-д однофазное 54мм 63А IEK,шт,IVR31-1-63
010400939_,Микр. конц. МП-7141 укор. рычаг с рол. IP40 IEK,шт,KKV12-7141-1-64
010400940_,Выкл. конц. C6N-124 толк. с наж. рол. резьб. IP67 IEK,шт,KKV12-P124-1-67
010400941_,Выкл. конц. C6N-125 верт. толк. с наж. рол. рез. IP67 IEK,шт,KKV12-P125-1-67
010400942_,Выкл. конц. C6N-167 пруж. стрерж. IP67 IEK,шт,KKV12-P167-1-67
010400943_,Микр. конц. МП-7124 рычаг с рег. рол. IP40 IEK,шт,KKV12-7124-1-64
010400944_,Микр. конц. МП-7120 рычаг IP40 IEK,шт,KKV12-7120-2-64
010400945_,Выкл. конц. C6N-104 рычаг с рол. IP67 IEK,шт,KKV12-P104-2-67
010400946_,Выкл. конц. C6N-111 толкатель IP67 IEK,шт,KKV12-P111-1-67
010400947_,Микр. конц. МП-7310 толк. рез. IP40 IEK,шт,KKV12-7310-2-64
010400948_,Микр. конц. МП-7144 укор. рычаг с рег. рол. IP40 IEK,шт,KKV12-7144-1-64
010400949_,Выкл. конц. C6N-108 рег. рычаг с рол. IP67 IEK,шт,KKV12-P108-1-67
010400950_,Микр. конц. МП-7121 рычаг с рол. IP40 IEK,шт,KKV12-7121-1-64
010400951_,Микр. конц. МП-7140 укор. рычаг IP40 IEK,шт,KKV12-7140-2-64
010400952_,Выкл. конц. C6N-116 толк. с рыч. рол. прав. IP67 IEK,шт,KKV12-P116-2-67
010400953_,Выкл. конц. C6N-122 толк. с наж. рол. IP67 IEK,шт,KKV12-P122-1-67
010400954_,Выкл. конц. C6N-123 верт. толк. с наж. рол. IP67 IEK,шт,KKV12-P123-1-67
010400955_,Микр. конц. МП-7311 гор. толк. с наж. рол. рез. IP40 IEK,шт,KKV12-7311-2-64
010400956_,Выкл. конц. C6N-105 рычаг с мет. рол. IP67 IEK,шт,KKV12-P105-1-67
010400957_,Выкл. конц. C6N-115 толк. с рыч. рол. лев. IP67 IEK,шт,KKV12-P115-2-67
010400958_,Микр. конц. МП-7100 толкатель IP40 IEK,шт,KKV12-7100-2-64
010500001_,ВА47-29 (1ф) 1А IEK (12/144),шт,MVA20-1-001-C
010500002_,"Авт. выкл.ВА47-29 1Р 1,6А 4,5кА х-ка С IEK",шт,
010500003_,ВА47-29 (1ф) 2А IEK (12/144),шт,MVA20-1-002-C
010500004_,ВА47-29 (1ф) 6А IEK (12/144),шт,MVA20-1-006-C
010500005_,ВА47-29 (1ф) 10А IEK (12/144),шт,MVA20-1-010-C
010500006_,ВА47-29 (1ф) 16А IEK (12/144),шт,MVA20-1-016-C
010500007_,ВА47-29 (1ф) 20А IEK (12/144),шт,MVA20-1-020-C
010500008_,ВА47-29 (1ф) 25А IEK (12/144),шт,MVA20-1-025-C
010500009_,ВА47-29 (1ф) 32А IEK (12/144),шт,MVA20-1-032-C
010500010_,ВА47-29 (1ф) 40А IEK (12/144),шт,MVA20-1-040-C
010500011_,ВА47-29 (1ф) 50А IEK (12/144),шт,MVA20-1-050-C
010500012_,ВА47-29 (1ф) 63А IEK (12/144),шт,MVA20-1-063-C
010500014_,Выкл. нагрузки ВН-32 (1ф) 25А IEK (240) ***,,MNV10-1-025
010500015_,Выкл. нагрузки ВН-32 (1ф) 32А IEK (240) ***,,MNV10-1-032
010500017_,Выкл. нагрузки ВН-32 (1ф) 63А IEK (240) !!!,шт,MNV10-1-063
010500018_,ВА47-29 (2ф) 10А IEK (6/72),шт,MVA20-2-010-C
010500019_,ВА47-29 (2ф) 16А IEK (6/72),шт,MVA20-2-016-C
010500020_,ВА47-29 (2ф) 20А IEK (6/72),шт,MVA20-2-020-C
010500021_,ВА47-29 (2ф) 25А IEK (6/72),шт,MVA20-2-025-C
010500022_,ВА47-29 (2ф) 32А IEK (6/72),шт,MVA20-2-032-C
010500023_,ВА47-29 (2ф) 40А IEK (6/72),шт,MVA20-2-040-C
010500024_,ВА47-29 (2ф) 50А IEK (6/72),шт,MVA20-2-050-C
010500025_,ВА47-29 (2ф) 63А IEK (6/72),шт,MVA20-2-063-C
010500027_,Выкл. нагрузки ВН-32 (2ф) 20А IEK (120) ***,,MNV10-2-020
010500028_,Выкл. нагрузки ВН-32 (2ф) 25А IEK (120) ***,,MNV10-2-025
010500029_,Выкл. нагрузки ВН-32 (2ф) 32А IEK (120) !!!,шт,
010500030_,Выкл. нагрузки ВН-32 (2ф) 40А IEK (120) !!!,шт,
010500031_,Выкл. нагрузки ВН-32 (2ф) 63А IEK (120) !!!,шт,
010500032_,ВА47-29 (3ф) 10А IEK (4/48),шт,MVA20-3-010-C
010500033_,ВА47-29 (3ф) 16А IEK (4/48),шт,MVA20-3-016-C
010500034_,ВА47-29 (3ф) 20А IEK (4/48),шт,MVA20-3-020-C
010500035_,ВА47-29 (3ф) 25А IEK (4/48),шт,MVA20-3-025-C
010500036_,ВА47-29 (3ф) 32А IEK (4/48),шт,MVA20-3-032-C
010500037_,ВА47-29 (3ф) 40А IEK (4/48),шт,MVA20-3-040-C
010500038_,ВА47-29 (3ф) 50А IEK (4/48),шт,MVA20-3-050-C
010500039_,ВА47-29 (3ф) 63А IEK (4/48),шт,MVA20-3-063-C
010500040_,Выкл. нагрузки ВН-32 (3ф) 100А IEK (4/80),шт,MNV10-3-100
010500041_,Выкл. нагрузки ВН-32 (3ф) 40А IEK (4/80),шт,MNV10-3-040
010500042_,Выкл. нагрузки ВН-32 (3ф) 63А IEK (4/80),шт,MNV10-3-063
010500044_,ВА47-29 (1ф) 4А IEK (12/144),шт,MVA20-1-004-C
010500045_,ВА47-29 (3ф) 1А IEK (4/48)*,,MVA20-3-001-C
010500046_,ВА47-29 (3ф) 2А IEK (4/48),шт,MVA20-3-002-C
010500047_,ВА47-29 (3ф) 4А IEK (4/48),шт,MVA20-3-004-C
010500048_,ВА47-29 (3ф) 6А IEK (4/48),шт,MVA20-3-006-C
010500050_,ВА47-29 (3ф) 5А IEK (4/48) !!!,шт,
010500053_,ВА47-29 (3ф) 3А IEK (4/48),шт,MVA20-3-003-C
010500054_,ВА47-29 (1ф) 5А IEK (12/144),шт,MVA20-1-005-C
010500063_,ВА47-29 (4ф) 50A IEK (3/36),шт,MVA20-4-050-C
010500068_,ВА47-29 (1ф) 3А IEK (12/144),шт,MVA20-1-003-C
010500082_,ВА47-29М (2ф) 63А IEK (72) !!!,шт,
010500090_,ВА47-29 (4ф) 16А IEK (3/36),шт,MVA20-4-016-C
010500091_,ВА47-29 (4ф) 20А IEK (3/36),шт,MVA20-4-020-C
010500092_,ВА47-29 (4ф) 25А IEK (3/36),шт,MVA20-4-025-C
010500093_,ВА47-29 (4ф) 32А IEK (3/36),шт,MVA20-4-032-C
010500094_,ВА47-29 (4ф) 40А IEK (3/36),шт,MVA20-4-040-C
010500095_,ВА47-29 (4ф) 63А IEK (3/36),шт,MVA20-4-063-C
010500101_,Выкл. нагрузки ВН-32 (3ф) 25А IEK (4/80) !!!,шт,MNV10-3-025
010500102_,Выкл. нагрузки ВН-32 (3ф) 32А IEK (4/80),шт,MNV10-3-032
010500103_,ВА47-29 (2ф) 6А IEK (6/72),шт,MVA20-2-006-C
010500110_,ВА47-29 (4ф) 10А IEK (3/36) ***,,MVA20-4-010-C
010500111_,Выкл. нагрузки ВН-32 (3ф) 20А IEK (4/80),шт,MNV10-3-020
010500122_,"Переключатель LAY5-BD33 3 положения ""I-0-II"" стандарт ручка ИЕК (1/20)",шт,BSW60-BD-3-K02
010500123_,ВА47-29 (2ф) 1А IEK (6/72) E-PRO,шт,
010500124_,"Переключатель LAY5-BD25 2 полож.""1-0"" стандарт ручка IEK (1/20)",шт,BSW60-BD-2-K02
010500129_,ВА47-29 (2ф) 4А IEK (72) *!!!,шт,
010500136_,ВА47-29 (3ф) 8А IEK (4/48) !!!,шт,
010500137_,ВА47-29 (1ф) 6А GENERICA (12/144) !!!,шт,MVA25-1-006-C
010500138_,ВА47-29 (1ф) 10А GENERICA (12/144) !!!,шт,MVA25-1-010-C
010500139_,ВА47-29 (1ф) 16А GENERICA (12/144) !!!,шт,MVA25-1-016-C
010500140_,ВА47-29 (1ф) 20А GENERICA (12/144)***,,MVA25-1-020-C
010500141_,ВА47-29 (1ф) 25А GENERICA (12/144) !!!,шт,MVA25-1-025-C
010500142_,ВА47-29 (1ф) 32А GENERICA (12/144)***,,MVA25-1-032-C
010500143_,ВА47-29 (1ф) 40А GENERICA (12/144) !!!,шт,MVA25-1-040-C
010500144_,ВА47-29 (1ф) 50А GENERICA (12/144)***,,MVA25-1-050-C
010500145_,ВА47-29 (1ф) 63А GENERICA (12/144) !!!,шт,MVA25-1-063-C
010500147_,ВА47-29 (2ф) 10А GENERICA (6/72) !!!,шт,MVA25-2-010-C
010500148_,ВА47-29 (2ф) 16А GENERICA (72) !!!,шт,MVA25-2-016-C
010500149_,ВА47-29 (2ф) 20А GENERICA (6/72) !!!,шт,MVA25-2-020-C
010500150_,ВА47-29 (2ф) 25А GENERICA (6/72) !!!,шт,MVA25-2-025-C
010500151_,ВА47-29 (2ф) 32А GENERICA (6/72) !!!,шт,MVA25-2-032-C
010500152_,ВА47-29 (2ф) 40А GENERICA (6/72) !!!,шт,MVA25-2-040-C
010500153_,ВА47-29 (2ф) 50А GENERICA (6/72) !!!,шт,MVA25-2-050-C
010500154_,ВА47-29 (2ф) 63А GENERICA (6/72)***,,MVA25-2-063-C
010500156_,ВА47-29 (3ф) 10А GENERICA (4/48) !!!,шт,MVA25-3-010-C
010500157_,ВА47-29 (3ф) 16А GENERICA (4/48) !!!,шт,MVA25-3-016-C
010500158_,ВА47-29 (3ф) 20А GENERICA (4/48)***,,MVA25-3-020-C
010500159_,ВА47-29 (3ф) 25А GENERICA (4/48)***,,MVA25-3-025-C
010500160_,ВА47-29 (3ф) 32А GENERICA (4/48) !!!,шт,MVA25-3-032-C
010500161_,ВА47-29 (3ф) 40А GENERICA (4/48)***,,MVA25-3-040-C
010500162_,ВА47-29 (3ф) 50А GENERICA (4/48) !!!,шт,MVA25-3-050-C
010500163_,ВА47-29 (3ф) 63А GENERICA (4/48) !!!,шт,MVA25-3-063-C
010500187_,ВА47-29 (2ф) 3А IEK (6/72) E-PRO,шт,
010500188_,BA 47-60M (1ф) 16А 6кА B IEK E-PRO,шт,
010700001_,BA 47-100 (3ф) 63А IEK (4/40),шт,MVA40-3-063-C
010700002_,BA 47-100 (3ф) 100А IEK (4/40),шт,MVA40-3-100-C
010700003_,BA 47-100 (3ф) 80А IEK (4/40),шт,MVA40-3-080-C
010700016_,BA 47-100 (3ф) 25A D IEK (4) !!!,шт,
010700021_,BA 47-100 (3ф) 80А D IEK !!!,шт,
010700029_,BA 47-100 (3ф) 25А IEK (4/40),шт,MVA40-3-025-C
010700030_,BA 47-100 (3ф) 32А IEK (4/40),шт,MVA40-3-032-C
010700031_,BA 47-100 (3ф) 40А IEK (4/40),шт,MVA40-3-040-C
010700032_,BA 47-100 (3ф) 50А IEK (4/40),шт,MVA40-3-050-C
010700036_,ВА47-29 (1ф) 6А IEK (12/144) D !!!,шт,
010700037_,ВА47-29 (1ф) 10А IEK (12/144) D !!!,шт,
010700041_,ВА47-29 (3ф) 16А х-ка D IEK (4/48) E-PRO,шт,
010700042_,"ВА47-29 (3ф) 20А 4,5кА х-ка D IEK !!!",шт,
010700043_,ВА47-29 (3ф) 25А D IEK !!!,шт,
010700044_,ВА47-29 (3ф) 32А D IEK !!!,шт,
010700045_,ВА47-29 (3ф) 40А D IEK !!!,шт,
010700046_,ВА47-29 (3ф) 63А D IEK !!!,шт,
010700047_,BA 47-100 (3ф) 16А IEK (4) !!!,шт,
010700048_,BA 47-100 (1ф) 16А IEK (12/120) !!!,шт,
010700049_,BA 47-100 (3ф) 10А IEK (4/40) !!!,шт,
010700055_,ВА 44-33 (3ф) 80А IEK (1/20),шт,SVA4410-3-0080
010700057_,ВА 44-33 (3ф) 125А IEK (1/20) ***,,SVA4410-3-0125
010700058_,ВА 44-33 (3ф) 160А IEK (1/20)*,шт,SVA4410-3-0160
010700059_,ВА 44-35 (3ф) 200А IEK (1/6),шт,SVA4410-3-0200
010700068_,ВА47-29 (3ф) 16А IEK (48) B !!!,шт,
010700071_,ВА47-29 (3ф) 40А IEK (4/48) В !!!,шт,
010700081_,ВА 44-33 (3ф) 50А IEK (1/20) ***,,SVA4410-3-0050
010700082_,ВА 44-33 (3ф) 63А IEK (1/20) ***,,SVA4410-3-0063
010700084_,Распределительное устройство РУСп – 3х16/3+1х16/5+1х32/5 У1 IP44,шт,YKM80-311-54
010700102_,BA 47-150 (3ф) 125А IEK (4/40),шт,MVA50-3-125-C
010700103_,BA 47-150 (3ф) 100А IEK (4/40),шт,MVA50-3-100-C
010700118_,BA 47-100 (1ф) 100А IEK (4/40) E-PRO,шт,
010700133_,ARMAT (1ф) 6А C IEK (1),шт,AR-M06N-1-C006
010700134_,ARMAT (1ф) 10А C IEK (1),шт,AR-M06N-1-C010
010700135_,ARMAT (1ф) 16А C IEK (1),шт,AR-M06N-1-C016
010700136_,ARMAT (1ф) 20А C IEK (1),шт,AR-M06N-1-C020
010700137_,ARMAT (1ф) 25А C IEK (1),шт,AR-M06N-1-C025
010700138_,ARMAT (1ф) 32А C IEK (1),шт,AR-M06N-1-C032
010700139_,ARMAT (1ф) 40А C IEK (1),шт,AR-M06N-1-C040
010700140_,ARMAT (1ф) 50А C IEK (1),шт,AR-M06N-1-C050
010700141_,ARMAT (1ф) 63А C IEK (1),шт,AR-M06N-1-C063
010700142_,ARMAT (2ф) 6А C IEK (1),шт,AR-M06N-2-C006
010700143_,ARMAT (2ф) 10А C IEK (1),шт,AR-M06N-2-C010
010700144_,ARMAT (2ф) 16А C IEK (1),шт,AR-M06N-2-C016
010700145_,ARMAT (2ф) 20А C IEK (1),шт,AR-M06N-2-C020
010700146_,ARMAT (2ф) 25А C IEK (1),шт,AR-M06N-2-C025
010700147_,ARMAT (2ф) 32А C IEK (1),шт,AR-M06N-2-C032
010700148_,ARMAT (2ф) 40А C IEK (1),шт,AR-M06N-2-C040
010700149_,ARMAT (2ф) 50А C IEK (1),шт,AR-M06N-2-C050
010700150_,ARMAT (2ф) 63А C IEK (1),шт,AR-M06N-2-C063
010700151_,ARMAT (3ф) 6А C IEK (1),шт,AR-M06N-3-C006
010700152_,ARMAT (3ф) 10А C IEK (1),шт,AR-M06N-3-C010
010700153_,ARMAT (3ф) 16А C IEK (1),шт,AR-M06N-3-C016
010700154_,ARMAT (3ф) 20А C IEK (1),шт,AR-M06N-3-C020
010700155_,ARMAT (3ф) 25А C IEK (1),шт,AR-M06N-3-C025
010700156_,ARMAT (3ф) 32А C IEK (1),шт,AR-M06N-3-C032
010700158_,ARMAT (3ф) 40А C IEK (1),шт,AR-M06N-3-C040
010700159_,ARMAT (3ф) 50А C IEK (1),шт,AR-M06N-3-C050
010700160_,ARMAT (3ф) 63А C IEK (1),шт,AR-M06N-3-C063
010700161_,УЗО АВДТ 2(ф) 25А 30мА ARMAT IEK (1),шт,AR-R10N-2-025C030
010700162_,УЗО АВДТ 2(ф) 40А 30мА ARMAT IEK (6),шт,AR-R10N-2-040C030
010700163_,УЗО АВДТ 2(ф) 63А 30мА ARMAT IEK (6),шт,AR-R10N-2-063C030
010700164_,УЗО АВДТ 4(ф) 25А 30мА ARMAT IEK (3),шт,AR-R10N-4-025C030
010700165_,УЗО АВДТ 4(ф) 40А 30мА ARMAT IEK (3),шт,AR-R10N-4-040C030
010700166_,УЗО АВДТ 4(ф) 63А 30мА ARMAT IEK (3),шт,AR-R10N-4-063A030
010700167_,УЗО АВДТ 1P+NP 6 А 30мА ARMAT IEK (12),шт,AR-B06S-1N-C06C030
010700168_,УЗО АВДТ 1P+NP 10 А 30мА ARMAT IEK (12),шт,AR-B06S-1N-C10C030
010700169_,УЗО АВДТ 1P+NP 16 А 30мА ARMAT IEK (12),шт,AR-B06S-1N-C16C030
010700170_,УЗО АВДТ 1P+NP 20 А 30мА ARMAT IEK (12),шт,AR-B06S-1N-C20C030
010700171_,УЗО АВДТ 1P+NP 25 А 30мА ARMAT IEK (12),шт,AR-B06S-1N-C25C030
010700172_,УЗО АВДТ 1P+NP 32 А 30мА ARMAT IEK (1),шт,AR-B06S-1N-C32C030
010700175_,Распределительное устройство РУСп – 3х16/3+2х16/5 У1 IP44,шт,YKM80-320-54
010800001_,ВА 88-32 (3ф) 100А IEK (1/20),шт,SVA10-3-0100
010800002_,ВА 88-32 (3ф) 125А IEK (1/20),шт,SVA10-3-0125
010800003_,ВА 88-33 (3ф) 160А IEK (1/16),шт,SVA20-3-0160
010800004_,ВА 88-35 (3ф) 250А IEK (1/6),шт,SVA30-3-0250
010800005_,ВА 88-37 (3ф) 400А IEK (1/4),шт,SVA40-3-0400
010800006_,ВА 88-40 (3ф) 630А IEK (1/2),шт,SVA50-3-0630
010800009_,ВА 88-32 (3ф) 16А IEK (1/20),шт,SVA10-3-0016
010800010_,ВА 88-32 (3ф) 32А IEK (1/20),шт,SVA10-3-0032
010800011_,ВА 88-32 (3ф) 40А IEK (1/20),шт,SVA10-3-0040
010800012_,ВА 88-35 (3ф) 200А IEK (1/6),шт,SVA30-3-0200
010800015_,ВА 88-32 (3ф) 50А IEK (1/20),шт,SVA10-3-0050
010800016_,ВА 88-32 (3ф) 63А IEK (1/20),шт,SVA10-3-0063
010800017_,ВА 88-32 (3ф) 80А IEK (1/20),шт,SVA10-3-0080
010800018_,ВА 88-32 (3ф) 25А IEK (1/20),шт,SVA10-3-0025
010800019_,ВА 88-40 (3ф) 400А IEK (1/4) E-PRO,шт,
010800020_,Привод ручной ПРП-1 125A для ВА88-32 IEK (12) !!!,шт,
010800021_,Привод ручной ПРП-1 160A для ВА88-33 IEK (12) !!!,шт,
010800022_,Привод ручной ПРП-1 250A для ВА88-35 IEK (12) !!!,шт,
010800023_,Привод ручной ПРП-1 400A для ВА88-37 IEK (12) !!!,шт,
010800025_,Скоба RCS-2 на ДИН-рейку для ВА88-33 IEK !!!,шт,
010800027_,ВА 88-33 (3ф) 100А IEK (1/16),шт,SVA20-3-0100
010800028_,ВА 88-33 (3ф) 125А IEK (1/16),шт,SVA20-3-0125
010800029_,ВА 88-37 (3ф) 315А IEK (1/4),шт,SVA40-3-0315
010800030_,ВА 88-40 (3ф) 500А IEK (1/2),шт,SVA50-3-0500
010800031_,ВА 88-40 (3ф) 800А IEK (1/2),шт,SVA50-3-0800
010800033_,ВА 88-33 (3ф) 80А IEK (1/16),шт,SVA20-3-0080
010800034_,ВА 88-35 (3ф) 125А IEK (1/6),шт,SVA30-3-0125
010800035_,ВА 88-35 (3ф) 160А IEK (1/6),шт,SVA30-3-0160
010800036_,Электропривод ЭП-32/33 230В IEK (1/16),шт,SVA10D-EP
010800037_,Электропривод ЭП-35/37 230В IEK (1/12) !!!,шт,SVA30D-EP
010800038_,Электропривод ЭП-40 230В IEK (1/4) !!!,шт,
010800039_,Электропривод ЭП-43 230В IEK (1/4) !!!,шт,
010800040_,ВА 88-33 (3ф) 40А IEK (16),шт,
010800041_,ВА 88-33 (3ф) 50А 35кА IEK !!!,шт,
010800042_,ВА 88-33 (3ф) 63А IEK (16) !!!,шт,
010800044_,ВА 88-43 (3ф) 1000А 50кА с эл расц МР 211 IEK (1),,SVA61-3-1000
010800045_,ВА 88-43 (3ф) 1250А 50кА с эл расц МР 211 IEK (1),шт,SVA61-3-1250
010800046_,ВА 88-43 (3ф) 1600А 50 кА с эл расц МР 211 IEK (1),шт,SVA61-3-1600
010800048_,Доп. контакт ДК-125(160)А IEK !!!,шт,
010800049_,Доп. контакт ДК-250(400)А IEK !!!,шт,
010800050_,Доп. контакт ДК-630/800/1600 А IEK !!!,шт,SVA50D-DK-1
010800051_,Расцепитель независимый РМ-125/160 (PH-32/33) IEK (20/480) !!!,шт,SVA10D-RN
010800052_,Расцепитель независимый РН-250/400 ( РН-35/37 ) IEK !!!,шт,
010800053_,Расцепитель независимый РН-800/1600 IEK !!!,шт,SVA50D-RN
010800054_,Контакт состояния КС47 на DIN-рейку НОВЫЕ IEK (320) !!!,шт,MVA01D-KS-1
010800055_,ВА 88-37 (3ф) 250А IEK (1/4),шт,SVA40-3-0250
010800056_,Доп. контакт поперечный ДКП32-20 IEK !!! (1000),шт,DMS11D-AE20
010800057_,Доп. контакт поперечный ДКП32-11 IEK !!! (1000),шт,DMS11D-AE11
010800058_,Доп. контакт ДК32-20 IEK !!! (200),шт,DMS11D-AU20
010800060_,Аварийно-доп. контакт ДК/АК32-11 IEK !!! (150),шт,DMS11D-FA11
010800061_,Аварийно-доп. контакт ДК/АК32-02 IEK!!! (150),шт,DMS11D-FA02
010800062_,Аварийно-доп. контакт ДК/АК32-20 IEK !!! (150),шт,DMS11D-FA20
010800070_,Держатель потолочный DR IEK (50),шт,CLW10-DR
010800106_,ВА 88-35 (3ф) 80 А 35кА IEK,шт,
010800115_,ВА 88-35 (3ф) 100А IEK (6) !,шт,
010800139_,ВА 44-35 (3ф) 250А IEK (1/6),шт,SVA4410-3-0250
010800202_,ВА 66-31 (3ф) 16А 18 кА GENERICA (1/18),,SAV10-3-0016-G
010800203_,ВА 66-31 (3ф) 25А 18 кА GENERICA (1/18) !!!,шт,SAV10-3-0025-G
010800204_,ВА 66-31 (3ф) 32А 18 кА GENERICA (1/18),,SAV10-3-0032-G
010800205_,ВА 66-31 (3ф) 40А 18 кА GENERICA (1/18),,SAV10-3-0040-G
010800206_,ВА 66-31 (3ф) 50А 18 кА GENERICA (1/18),,SAV10-3-0050-G
010800207_,ВА 66-31 (3ф) 63А 18 кА GENERICA (1/18),,SAV10-3-0063-G
010800208_,ВА 66-31 (3ф) 80А 18 кА GENERICA (1/18),,SAV10-3-0080-G
010800209_,ВА 66-31 (3ф) 100А 18 кА GENERICA (1/18) !!!,шт,SAV10-3-0100-G
010800210_,ВА 66-33 (3ф) 125А 20 кА GENERICA (1/12),,SAV20-3-0125-G
010800211_,ВА 66-33 (3ф) 160А 20 кА GENERICA (1/12),,SAV20-3-0160-G
010800212_,ВА 66-35 (3ф) 200А 25 кА GENERICA (1/12),,SAV30-3-0200-G
010800213_,ВА 66-35 (3ф) 250А 25 кА GENERICA (1/12),,SAV30-3-0250-G
010800257_,Выкл. авт. ВА88-32 3Р 100А 25кА MASTER IEK,,SVA10-3-0100-02
010800258_,ВА 88-35 (3ф) 160А 690В MASTER IEK!!!,шт,SVA30-3-0160-02
011100062_,Стабилизатор СНИ 3 кВА (1ф) IEK (1),шт,IVS10-1-03000
011100063_,Стабилизатор СНИ 2 кВА (1ф) IEK (1),шт,IVS10-1-02000
011100064_,Стабилизатор СНИ 1 кВА (1ф) IEK (1),шт,IVS10-1-01000
011100065_,Стабилизатор СНИ 5 кВА (1ф) IEK (1),шт,IVS10-1-05000
011100066_,Стабилизатор СНИ 15 кВА (1ф) IEK (1),шт,
011100067_,Стабилизатор СНИ 3 кВА (3ф) IEK (1),шт,IVS10-3-03000
011100068_,Стабилизатор СНИ 15 кВА (3ф) IEK (1),шт,IVS10-3-15000
011100069_,Стабилизатор СНИ 20 кВА (3ф) IEK (1),шт,IVS10-3-20000
011100071_,Стабилизатор СНИ 10 кВА (1ф) IEK (1),шт,IVS10-1-10000
011100098_,"Стаб электрон СНР 1-0-1,5 кВА (1ф) переносной IEK (4)",шт,IVS20-1-01500
011100121_,Расцепитель независимый РН-125/160 (РН-32/33) TDM !!!,шт,
011100123_,Аварийный контакт АК-125/160 (АК 32/33) ТДМ !!!,шт,
011100124_,Аварийный контакт АК-250/400 (АК 35/37) ТДМ !!!,шт,
011100126_,Доп. контакт ДК-250(400)А (АК-35/37) TDM !!!,шт,
011100210_,Расцепитель независимый РН-800/1600 TDM !!!,шт,
011100245_,Аварийный контакт АК-800/1600 (АК 40/43) ТДМ !!!,шт,
011100249_,Стаб электрон СНР 1-0-5 кВА (1ф) IEK (1),шт,IVS20-1-05000
011100251_,Стаб электрон СНР 1-0-8 кВА (1ф) IEK (1),шт,IVS20-1-08000
011100253_,Стаб электрон СНР 1-0-3 кВА (1ф) стационарный IEK (1),шт,IVS20-1-03000
011100354_,"Стабилизатор напряжения серии HOME 0,5 кВА (СНР1-0-0,5) IEK E-PRO",шт,
020100001_,Переносная вилка 013 2р+ре 16А 220В IEK,шт,PSR01-016-3
020100002_,Переносная вилка 014 3р+ре 16А 380В IEK,шт,PSR02-016-4
020100003_,Переносная вилка 015 3р+ре+n 16А 380В IP 44 IEK,шт,PSR02-016-5
020100004_,Переносная вилка 023 2р+ре 32А 220В IEK,шт,PSR01-032-3
020100005_,Переносная вилка 024 3р+ре 32А 380В IEK,шт,PSR02-032-4
020100006_,Переносная вилка 025 3р+ре+n 32А 380В IEK,шт,PSR02-032-5
020100007_,Переносная вилка 034 3р+ре 63А 380В IP 54 IEK,шт,PSR02-063-4
020100008_,Переносная розетка 213 2р+е 16А 220В IP44 IEK,шт,PSR21-016-3
020100009_,Переносная розетка 214 3р+ре 16А 380В IP44 IEK,шт,PSR22-016-4
020100010_,Переносная розетка 215 3р+ре+n 16А 380В IP44 IEK,шт,PSR22-016-5
020100011_,Переносная розетка 223 2р+ре 32А 220В IEK,шт,PSR21-032-3
020100012_,Переносная розетка 224 3р+ре 32А 380В IP44 IEK,шт,PSR22-032-4
020100013_,Переносная розетка 225 3р+ре+n 32А 380В IEK,шт,PSR22-032-5
020100015_,Стационарная розетка 113 2р+ре 16А 220В IP44 IEK,шт,PSR11-016-3
020100017_,Стационарная розетка 114 3р+е 16А 380В IP 44 IEK,шт,PSR12-016-4
020100018_,Стационарная розетка 115 3р+ре+n 16А 380В IP 44 IEK,шт,PSR12-016-5
020100019_,Стационарная розетка 123 2р+е 32А 220В IP44 IEK,шт,PSR11-032-3
020100020_,Стационарная розетка 124 3р+ре 32А 380В IP 44 IEK,шт,PSR12-032-4
020100021_,Стационарная розетка 125 3р+ре+n 32А 380В IP 44 IEK,шт,PSR12-032-5
020100022_,Стационарная розетка 134 3р+ре 63А 380В IP 54 IEK,шт,PSR12-063-4
020100023_,Стационарная розетка 414 скрытая 3р+ре 16А 380В IP44 IEK,шт,PSR42-016-4
020100044_,Переносная вилка 035 3р+ре+n63А 380В IP 54 IEK,шт,PSR02-063-5
020100045_,Стационарная розетка 135 3р+ре+n 63А 380В IP 54 IEK,шт,PSR12-063-5
020300080_,Распред. блок на DIN-рейку РБД-250А IEK,шт,
020300082_,Распред. блок на DIN-рейку РБД- 80А IEK,шт,
020300085_,Счетчик STAR 101/1R1 (1ф) 1 тариф.5 (60А) М IEK (24),,CCE-1R1-1-01-1
020300088_,Распред. блок на DIN-рейку РБД-160А IEK,шт,
020300150_,Распред. блок на DIN-рейку РБД-500А IEK,шт,
030200406_,"Роз. с з/к/ш 16А б/рамки ""BRITE"" алюминий (1/100)",шт,BR-R14-16-K47
030200407_,"Выкл 1-кл. 10А б/рамки ""BRITE"" алюминий (1/100)",шт,BR-V10-0-10-K47
030200408_,"Выкл 1-кл. с инд. б/рамки ""BRITE"" алюминий (1/100)",шт,BR-V10-1-10-K47
030200409_,"Выкл 2-кл. 10А б/рамки ""BRITE"" алюминий (1/100)",шт,BR-V20-0-10-K47
030200410_,"Выкл 2-кл. с инд. б/рамки ""BRITE"" алюминий (1/100)",шт,BR-V20-1-10-K47
030200411_,"Роз. комп. RJ45 кат.5E б/рамки ""BRITE"" алюминий (1/100)",шт,BR-K10-1-K47
030200412_,"Выкл 1-кл. прох. 10А б/рамки ""BRITE"" алюминий (1/100)",шт,BR-V12-0-10-K47
030200413_,"Роз. 2-я с з/к без з/ш 16А в сборе ""BRITE"" алюминий (1/100)",шт,BR-R21-16-K47-F
030200414_,"Роз. 2-я с з/к/ш 16А в сборе ""BRITE"" алюминий (1/100)",шт,BR-R24-16-K47-F
030200415_,"Рамка 1-мест. ""BRITE"" алюминий (1/100)",шт,BR-M12-K47
030200416_,"Рамка 2-мест. ""BRITE"" алюминий (1/100)",шт,BR-M22-K47
030200417_,"Рамка 3-мест. ""BRITE"" алюминий (1/100)",шт,BR-M32-K47
030200418_,"Рамка 4-мест. ""BRITE"" алюминий (1/100)",шт,BR-M42-K47
030200419_,"Выкл 2-кл. прох. б/рамки ""BRITE"" алюминий (1/100)",шт,BR-V22-0-10-K47
030200420_,"Выкл 1-кл. 10А б/рамки ""BRITE"" жемчуг (1/100)",шт,BR-V10-0-10-K36
030200421_,"Выкл 1-кл. с инд. 10А б/рамки ""BRITE"" жемчуг (1/100)",шт,BR-V10-1-10-K36
030200422_,"Выкл 2-кл. 10А б/рамки ""BRITE"" жемчуг (1/100)",шт,BR-V20-0-10-K36
030200423_,"Выкл 2-кл. с инд. 10А б/рамки ""BRITE"" жемчуг (1/100)",шт,BR-V20-1-10-K36
030200424_,"Роз. комп. RJ45 кат.5E б/рамки ""BRITE"" жемчуг (1/100)",шт,BR-K10-1-K36
030200425_,"Выкл 1-кл. прох. 10А б/рамки ""BRITE"" жемчуг (1/100)",шт,BR-V12-0-10-K36
030200426_,"Роз. 2-я с з/к без з/ш 16А в сборе ""BRITE"" жемчуг (1/100)",шт,BR-R21-16-K36-F
030200427_,"Роз. 2-я с з/к/ш 16А в сборе ""BRITE"" жемчуг (1/100)",шт,BR-R24-16-K36-F
030200428_,"Роз. с з/к/ш 16А б/рамки ""BRITE"" жемчуг (1/100)",шт,BR-R14-16-K36
030200429_,"Рамка 1-мест. ""BRITE"" жемчуг (1/100)",шт,BR-M12-K36
030200430_,"Рамка 2-мест. ""BRITE"" жемчуг (1/100)",шт,BR-M22-K36
030200431_,"Рамка 3-мест. ""BRITE"" жемчуг (1/100)",шт,BR-M32-K36
030200432_,"Рамка 4-мест. ""BRITE"" жемчуг (1/100)",шт,BR-M42-K36
030200433_,"Выкл 2-кл. прох. 10А б/рамки ""BRITE"" жемчуг (1/100)",шт,BR-V22-0-10-K36
030200434_,"Роз. с з/к/ш 16А б/рамки ""BRITE"" шампань (1/100)",шт,BR-R14-16-K37
030200435_,"Выкл 1-кл. 10А б/рамки ""BRITE"" шампань (1/100)",шт,BR-V10-0-10-K37
030200436_,"Выкл 1-кл. с инд. 10А б/рамки ""BRITE"" шампань (1/100)",шт,BR-V10-1-10-K37
030200437_,"Выкл 2-кл. 10А б/рамки ""BRITE"" шампань (1/100)",шт,BR-V20-0-10-K37
030200438_,"Выкл 2-кл. с инд. 10А б/рамки ""BRITE"" шампань (1/100)",шт,BR-V20-1-10-K37
030200439_,"Роз. комп. RJ45 кат.5E б/рамки ""BRITE"" шампань (1/100)",шт,BR-K10-1-K37
030200440_,"Выкл 1-кл. прох. 10А б/рамки ""BRITE"" шампань (1/100)",шт,BR-V12-0-10-K37
030200441_,"Роз. 2-я с з/к без з/ш 16А в сборе ""BRITE"" шампань (1/100)",шт,BR-R21-16-K37-F
030200442_,"Роз. 2-я с з/к/ш 16А в сборе ""BRITE"" шампань (1/100)",шт,BR-R24-16-K37-F
030200443_,"Рамка 1-мест. ""BRITE"" шампань (1/100)",шт,BR-M12-K37
030200444_,"Рамка 2-мест. ""BRITE"" шампань (1/100)",шт,BR-M22-K37
030200445_,"Рамка 3-мест. ""BRITE"" шампань (1/100)",шт,BR-M32-K37
030200446_,"Рамка 4-мест. ""BRITE"" шампань (1/100)",шт,BR-M42-K37
030200447_,"Выкл 2-кл. прох. 10А б/рамки ""BRITE"" шампань (1/100)",шт,BR-V22-0-10-K37
030200448_,"Выкл 1-кл. 10А в сборе ""BRITE"" белый (1/100)",шт,BR-V10-0-10-K01-F
030200449_,"Выкл 1-кл. с инд. 10А б/рамки ""BRITE"" белый (1/100)",шт,BR-V10-1-10-K01
030200450_,"Выкл 2-кл. 10А в сборе ""BRITE"" белый (1/100)",шт,BR-V20-0-10-K01-F
030200451_,"Выкл 2-кл. с инд. 10А б/рамки ""BRITE"" белый (1/100)",шт,BR-V20-1-10-K01
030200452_,"Выкл 3-кл. 10А б/рамки ""BRITE"" белый (1/100)",шт,BR-V30-0-10-K01
030200453_,"Роз. комп. RJ45 кат.5E б/рамки ""BRITE"" белый (1/100)",шт,BR-K10-1-K01
030200454_,"Выкл 1-кл. прох. 10А б/рамки ""BRITE"" белый (1/100)",шт,BR-V12-0-10-K01
030200455_,"Выкл 1-кл. прох. с инд. 10А ""BRITE"" белый (1/100)",шт,BR-V12-1-10-K01
030200456_,"Выкл 1-кл перекр 10А б/рамки ""BRITE"" белый (1/100)",шт,BR-V13-0-10-K01
030200457_,"Роз. 2-я без з/к/ш 10А в сборе ""BRITE"" белый (1/100)",шт,BR-R20-10-K01-F
030200458_,"Роз. 2-я с з/к/ш 16А в сборе ""BRITE"" белый (1/100)",шт,BR-R24-16-K01-F
030200459_,"Роз. комп. 2-ая RJ45 кат.5E б/рамки ""BRITE"" белый (1/100)",шт,BR-K20-1-K01
030200460_,"Роз. с з/к без з/ш 16А б/рамки ""BRITE"" белый (1/100)",шт,BR-R11-16-K01
030200461_,"Роз. с з/к/ш 16А б/рамки ""BRITE"" белый (1/100)",шт,BR-R14-16-K01
030200462_,"Роз. TV оконечная б/рамки ""BRITE"" белый (1/100)",шт,BR-A10-O-K01
030200463_,"Рамка 1-мест. ""BRITE"" белый (1/100)",шт,BR-M12-K01
030200464_,"Рамка 2-мест. ""BRITE"" белый (1/100)",шт,BR-M22-K01
030200465_,"Рамка 3-мест. ""BRITE"" белый (1/100)",шт,BR-M32-K01
030200466_,"Рамка 4-мест. ""BRITE"" белый (1/100)",шт,BR-M42-K01
030200467_,"Роз. с з/к/ш с кр. 16А IP44 б/рамки ""BRITE"" белый (1/100)",шт,BR-R16-16-44-K01
030200468_,"Рамка 1-мест. IP44 ""BRITE"" белый (1/100)",шт,BR-M12-44-K01
030200469_,"Рамка 2-мест. IP44 ""BRITE"" белый (1/100)",шт,BR-M22-44-K01
030200470_,"Выкл 2-кл. прох. 10А б/рамки ""BRITE"" белый (1/100)",шт,BR-V22-0-10-K01
030200471_,"Роз. с з/к/ш 16А б/рамки ""BRITE"" графит (1/100)",шт,BR-R14-16-K53
030200472_,"Выкл 1-кл. 10А б/рамки ""BRITE"" графит (1/100)",шт,BR-V10-0-10-K53
030200473_,"Выкл 1-кл. с инд. 10А б/рамки ""BRITE"" графит (1/100)",шт,BR-V10-1-10-K53
030200474_,"Выкл 2-кл. 10А б/рамки ""BRITE"" графит (1/100)",шт,BR-V20-0-10-K53
030200475_,"Выкл 2-кл. с инд. 10А б/рамки ""BRITE"" графит (1/100)",шт,BR-V20-1-10-K53
030200476_,"Роз. комп. RJ45 кат.5E б/рамки ""BRITE"" графит (1/100)",шт,BR-K10-1-K53
030200477_,"Выкл 1-кл. прох. 10А б/рамки ""BRITE"" графит (1/100)",шт,BR-V12-0-10-K53
030200478_,"Роз. 2-я с з/к без з/ш 16А в сборе ""BRITE"" графит (1/100)",шт,BR-R21-16-K53-F
030200479_,"Роз. 2-я с з/к/ш 16А в сборе ""BRITE"" графит (1/100)",шт,BR-R24-16-K53-F
030200480_,"Рамка 1-мест. ""BRITE"" графит (1/100)",шт,BR-M12-K53
030200481_,"Рамка 2-мест. ""BRITE"" графит (1/100)",шт,BR-M22-K53
030200482_,"Рамка 3-мест. ""BRITE"" графит (1/100)",шт,BR-M32-K53
030200483_,"Рамка 4-мест. ""BRITE"" графит (1/100)",шт,BR-M42-K53
030200484_,"Выкл 2-кл. прох. 10А б/рамки ""BRITE"" графит (1/100)",шт,BR-V22-0-10-K53
030200485_,"Роз. с з/к без з/ш 16А б/рамки ""BRITE"" черный (1/100)",шт,BR-R11-16-K02
030200486_,"Выкл 1-кл. 10А б/рамки ""BRITE"" черный (1/100)",шт,BR-V10-0-10-K02
030200487_,"Выкл 1-кл. с инд. 10А б/рамки ""BRITE"" черный (1/100)",шт,BR-V10-1-10-K02
030200488_,"Выкл 2-кл. 10А б/рамки ""BRITE"" черный (1/100)",шт,BR-V20-0-10-K02
030200489_,"Выкл 2-кл. с инд. 10А б/рамки ""BRITE"" черный (1/100)",шт,BR-V20-1-10-K02
030200490_,"Роз. комп. RJ45 кат.5E б/рамки ""BRITE"" черный (1/100)",шт,BR-K10-1-K02
030200491_,"Выкл 1-кл. прох. 10А б/рамки ""BRITE"" черный (1/100)",шт,BR-V12-0-10-K02
030200492_,"Роз. 2-я с з/к без з/ш 16А в сборе ""BRITE"" черный (1/100)",шт,BR-R21-16-K02-F
030200493_,"Роз. 2-я с з/к/ш 16А в сборе ""BRITE"" черный (1/100)",шт,BR-R24-16-K02-F
030200494_,"Рамка 1-мест. ""BRITE"" черный (1/100)",шт,BR-M12-K02
030200495_,"Рамка 2-мест. ""BRITE"" черный (1/100)",шт,BR-M22-K02
030200496_,"Рамка 3-мест. ""BRITE"" черный (1/100)",шт,BR-M32-K02
030200497_,"Рамка 4-мест. ""BRITE"" черный (1/100)",шт,BR-M42-K02
030200498_,"Выкл 2-кл. прох. 10А б/рамки ""BRITE"" черный (1/100)",шт,BR-V22-0-10-K02
030200499_,"Роз. с з/к/ш 16А б/рамки ""BRITE"" сталь (1/100)",шт,BR-R14-16-K46
030200500_,"Выкл 1-кл. 10А б/рамки ""BRITE"" сталь (1/100)",шт,BR-V10-0-10-K46
030200501_,"Выкл 1-кл. с инд. 10А б/рамки ""BRITE"" сталь (1/100)",шт,BR-V10-1-10-K46
030200502_,"Выкл 2-кл. 10А б/рамки ""BRITE"" сталь (1/100)",шт,BR-V20-0-10-K46
030200503_,"Выкл 2-кл. с инд. 10А б/рамки ""BRITE"" сталь (1/100)",шт,BR-V20-1-10-K46
030200504_,"Роз. комп. RJ45 кат.5E б/рамки ""BRITE"" сталь (1/100)",шт,BR-K10-1-K46
030200505_,"Выкл 1-кл. прох. 10А б/рамки ""BRITE"" сталь (1/100)",шт,BR-V12-0-10-K46
030200506_,"Роз. 2-я с з/к без з/ш 16А в сборе ""BRITE"" сталь (1/100)",шт,BR-R21-16-K46-F
030200507_,"Роз. 2-я с з/к/ш 16А в сборе ""BRITE"" сталь (1/100)",шт,BR-R24-16-K46-F
030200508_,"Рамка 1-мест. ""BRITE"" сталь (1/100)",шт,BR-M12-K46
030200509_,"Рамка 2-мест. ""BRITE"" сталь (1/100)",шт,BR-M22-K46
030200510_,"Рамка 3-мест. ""BRITE"" сталь (1/100)",шт,BR-M32-K46
030200511_,"Рамка 4-мест. ""BRITE"" сталь (1/100)",шт,BR-M42-K46
030200512_,"Выкл 2-кл. прох. 10А б/рамки ""BRITE"" сталь (1/100)",шт,BR-V22-0-10-K46
030200513_,"Роз TV оконечная б/рамки ""BRITE"" жемчуг (1/100)",шт,BR-A10-O-K36
030200514_,"Выкл 1-кл. 10А б/рамки ""BRITE"" белый (1/100)",шт,BR-V10-0-10-K01
030200515_,"Выкл 2-кл. 10А б/рамки ""BRITE"" белый (1/100)",шт,BR-V20-0-10-K01
030200516_,"Роз. без з/к 10А б/рамки ""BRITE"" белый (1/100)",шт,BR-R10-10-K01
030200517_,"Роз. с з/к с з/ш 16А в сборе ""BRITE"" белый (1/100)",шт,BR-R14-16-K01-F
030200518_,"Роз. 2-я с з/к без з/ш 16А в сборе ""BRITE"" белый (1/100)",шт,BR-R21-16-K01-F
030200519_,"Роз 2-я с кр. 16А в сб IP44 ""BRITE"" Белый (1/100)",шт,BR-R26-16-44-K01-F
030200520_,"Роз. 2-я TV+RJ45 кат.5E б/рамки ""BRITE"" белый (1/100)",шт,BR-AK20-1-K01
030200521_,"Роз. без з/к 10А б/рамки ""BRITE"" жемчуг (1/100)",шт,BR-R10-10-K36
030200522_,"Роз. с з/к без з/ш 16А б/рамки ""BRITE"" жемчуг (1/100)",шт,BR-R11-16-K36
030200523_,BRITE Розетка двойная TV+RJ45 кат.5E РТВ/РК12-БрЖ жемчуг IEK,шт,
030200524_,"Роз. без з/к 10А б/рамки ""BRITE"" шампань (1/100)",шт,BR-R10-10-K37
030200525_,"Роз. с з/к без з/ш 16А б/рамки ""BRITE"" шампань (1/100)",шт,BR-R11-16-K37
030200527_,"Роз. без з/к 10А б/рамки ""BRITE"" алюминий (1/100)",шт,BR-R10-10-K47
030200528_,"Роз. с з/к без з/ш 16А б/рамки ""BRITE"" алюминий (1/100)",шт,BR-R11-16-K47
030200529_,"Роз. 2-я TV+RJ45 кат.5E б/рамки ""BRITE"" алюминий (1/100)",шт,BR-AK20-1-K47
030200530_,"Роз. без з/к 10А б/рамки ""BRITE"" сталь (1/100)",шт,BR-R10-10-K46
030200531_,"Роз. с з/к без з/ш 16А б/рамки ""BRITE"" сталь (1/100)",шт,BR-R11-16-K46
030200532_,"Роз. 2-я TV+RJ45 кат.5E б/рамки ""BRITE"" сталь (1/100)",шт,BR-AK20-1-K46
030200533_,"Роз. без з/к 10А б/рамки ""BRITE"" графит (1/100)",шт,BR-R10-10-K53
030200534_,"Роз. с з/к без з/ш 16А б/рамки ""BRITE"" графит (1/100)",шт,BR-R11-16-K53
030200535_,"Роз. 2-я TV+RJ45 кат.5E б/рамки ""BRITE"" графит (1/100)",шт,BR-AK20-1-K53
030200536_,"Роз. без з/к 10А б/рамки ""BRITE"" черный (1/100)",шт,BR-R10-10-K02
030200538_,"Роз. 2-я TV+RJ45 кат.5E б/рамки ""BRITE"" черный (1/100)",шт,BR-AK20-1-K02
030200539_,"Роз TV оконечная б/рамки ""BRITE"" шампань (1/100)",шт,BR-A10-O-K37
030200540_,"Роз TV оконечная б/рамки ""BRITE"" алюминий (1/100)",шт,BR-A10-O-K47
030200541_,"Роз TV оконечная б/рамки ""BRITE"" сталь (1/100)",шт,BR-A10-O-K46
030200542_,"Роз TV оконечная б/рамки ""BRITE"" графит (1/100)",шт,BR-A10-O-K53
030200543_,"Роз TV оконечная б/рамки ""BRITE"" чёрный (1/100)",шт,BR-A10-O-K02
030200550_,"Роз. с с/з з/ш 16А б/рамки ""BRITE"" маренго (1/100)",шт,BR-R14-16-K35
030200551_,"Выкл 1-кл. 10А б/рамки ""BRITE"" маренго (1/100)",шт,BR-V10-0-10-K35
030200552_,"Выкл 1-кл. с инд. 10А б/рамки ""BRITE"" маренго (1/100)",шт,BR-V10-1-10-K35
030200553_,"Выкл 2-кл. 10А б/рамки ""BRITE"" маренго (1/100)",шт,BR-V20-0-10-K35
030200554_,"Выкл 2-кл. с инд. 10А б/рамки ""BRITE"" маренго (1/100)",шт,BR-V20-1-10-K35
030200555_,"Роз. комп. RJ45 кат.5E б/рамки ""BRITE"" маренго (1/100)",шт,BR-K10-1-K35
030200556_,"Выкл 1-кл. прох. 10А б/рамки ""BRITE"" маренго (1/100)",шт,BR-V12-0-10-K35
030200557_,"Роз. 2-я с з/к 16А в сб. ""BRITE"" маренго (1/100)",шт,BR-R21-16-K35-F
030200558_,"Роз. 2-я с з/к/ш 16А в сб. ""BRITE"" маренго (1/100)",шт,BR-R24-16-K35-F
030200559_,"Рамка 1-мест. ""BRITE"" маренго (1/100)",шт,BR-M12-K35
030200560_,"Рамка 2-мест. ""BRITE"" маренго (1/100)",шт,BR-M22-K35
030200561_,"Рамка 3-мест. ""BRITE"" маренго (1/100)",шт,BR-M32-K35
030200562_,"Рамка 4-мест. ""BRITE"" маренго (1/100)",шт,BR-M42-K35
030200563_,"Выкл 2-кл. прох. 10А б/рамки ""BRITE"" маренго (1/100)",шт,BR-V22-0-10-K35
030200564_,BRITE Розетка 1-местная без заземления без защитных шторок 10А РС10-1-0-БрМ маренго IEK,шт,
030200565_,"Роз. 1-мест. с/з 16А б/рамки ""BRITE"" маренго (1/100)",шт,BR-R11-16-K35
030200566_,"Роз. TV окон б/рамки ""BRITE"" маренго (1/100)",шт,BR-A10-O-K35
030200567_,"Роз. с з/к с з/ш 16А USB A+C 18Вт б/рамки ""BRITE"" белый (1/80)",шт,BR-R14-16-U22-018-K01
030200568_,"Роз. USB A+C 18Вт б/рамки ""BRITE"" белый (1/80)",шт,BR-U22-018-K01
030200739_,"Выкл 3-кл. 10А б/рамки ""BRITE"" жемчуг (1/100)",шт,BR-V30-0-10-K36
030200740_,"Выкл 3-кл. 10А б/рамки ""BRITE"" алюминий (1/100)",шт,BR-V30-0-10-K47
030200741_,"Выкл 3-кл. 10А б/рамки ""BRITE"" сталь (1/100)",шт,BR-V30-0-10-K46
030200742_,"Роз. TV проходная б/рамки ""BRITE"" сталь (1/100)",шт,BR-A10-P-K46
030200743_,"Выкл 3-кл. 10А 10А б/рамки ""BRITE"" графит (1/100)",шт,BR-V30-0-10-K53
030200744_,"Выкл 3-кл. 10А б/рамки ""BRITE"" чёрный (1/100)",шт,BR-V30-0-10-K02
030200745_,"Роз. TV проходная б/рамки ""BRITE"" черный (1/100)",шт,BR-A10-P-K02
030200746_,"Роз. TV проходная б/рамки ""BRITE"" алюминий (1/100)",шт,BR-A10-P-K47
030200747_,"Роз. TV проходная б/рамки ""BRITE"" графит (1/100)",шт,BR-A10-P-K53
030200748_,"Рамка 5-мест. ""BRITE"" графит (1/100)",шт,BR-M52-K53
030200751_,"Роз 2-ая комп. RJ45 кат.5E ""BRITE"" шампань (1/100)",шт,BR-K20-1-K37
030200752_,"Выкл 3-кл. 10А б/рамки ""BRITE"" шампань (1/100)",шт,BR-V30-0-10-K37
030200753_,"Рамка 5-мест. ""BRITE"" белый (1/100)",шт,BR-M52-K01
030200754_,BRITE Рамка 5-местная РУ-5-БрЖ жемчуг IEK,шт,
030200755_,"Рамка 5-мест. ""BRITE"" шампань (1/100)",шт,BR-M52-K37
030200756_,"Рамка 5-мест. ""BRITE"" алюминий (1/100)",шт,BR-M52-K47
030200757_,"Рамка 5-мест. ""BRITE"" сталь (1/100)",шт,BR-M52-K46
030200758_,"Рамка 5-мест. ""BRITE"" черный (1/100)",шт,BR-M52-K02
030200759_,"Роз. с з/к с з/ш 16А USB A+A 3,1А б/рамки ""BRITE"" белый (1/80)",шт,BR-R14-16-U21-D31-K01
030200761_,BRITE Роз. USB A+C 18Вт РЮ11-1-БрЖ жемч. IEK,шт,
030200764_,"Роз. с з/к с з/ш 16А с USB A+A 3,1А б/рамки ""BRITE"" алюминий (1/80)",шт,BR-R14-16-U21-D31-K47
030200765_,"Роз. USB A+C 18Вт б/рамки ""BRITE"" алюминий (1/80)",шт,BR-U22-018-K47
030200766_,"Роз. с з/к с з/ш 16А с USB A+A 3,1А б/рамки ""BRITE"" сталь (1/80)",шт,BR-R14-16-U21-D31-K46
030200767_,"Роз. USB A+C 18Вт б/рамки ""BRITE"" сталь (1/80)",шт,BR-U22-018-K46
030200768_,"Роз. с з/к с з/ш 16А с USB A+A 3,1А б/рамки ""BRITE"" графит (1/80)",шт,BR-R14-16-U21-D31-K53
030200769_,"Роз. USB A+C 18Вт б/рамки ""BRITE"" графит (1/80)",шт,BR-U22-018-K53
030200770_,"Роз. с з/к с з/ш 16А с USB A+A 3,1А б/рамки ""BRITE"" черный (1/80)",шт,BR-R14-16-U21-D31-K02
030200771_,"Роз. USB A+C 18Вт б/рамки ""BRITE"" черный (1/80)",шт,BR-U22-018-K02
030200772_,"Выкл 3-кл. 10А б/рамки ""BRITE"" маренго (1/100)",шт,BR-V30-0-10-K35
030200773_,"Светорег. пов-наж. 600Вт ""BRITE"" белый (1/80)",шт,BR-D20-0600-K01
030200774_,"Выкл. жалюзи 10А ""BRITE"" белый (1/100)",шт,BR-V15-0-10-K01
030200775_,"Выкл 1-кл перекрестный 10А б/рамки ""BRITE"" жемчуг (1/100)",шт,BR-V13-0-10-K36
030200776_,"Выкл 1-кл перекрестный 10А б/рамки ""BRITE"" шампань (1/100)",шт,BR-V13-0-10-K37
030200777_,"Выкл 1-кл перекрестный 10А б/рамки ""BRITE"" алюминий (1/100)",шт,BR-V13-0-10-K47
030200778_,"Выкл 1-кл перекрестный б/рамки 10А ""BRITE"" сталь (1/100)",шт,BR-V13-0-10-K46
030200779_,"Выкл 1-кл перекрестный б/рамки 10А ""BRITE"" графит (1/100)",шт,BR-V13-0-10-K53
030200780_,"Выкл 1-кл перекрестный 10А б/рамки ""BRITE"" чёрный (1/100)",шт,BR-V13-0-10-K02
030200781_,"Роз. с з/к с з/ш 16А с USB A+A 2,1А б/рамки ""BRITE"" графит (1/80)",шт,BR-R14-16-U21-D21-K53
030200782_,"Роз. 2-я RJ11+RJ45 кат.5E б/рамки ""BRITE"" белый (1/100)",шт,BR-KT20-O-1-K01
030200784_,"Роз. 2-я RJ11+RJ45 кат.5E б/рамки ""BRITE"" алюминий (1/100)",шт,BR-KT20-O-1-K47
030200785_,"Роз. 2-я RJ11+RJ45 кат.5E б/рамки ""BRITE"" графит (1/100)",шт,BR-KT20-O-1-K53
030200786_,BRITE Розетка двойная RJ11+RJ45 кат.5E РК/Т12-БрМ маренго IEK,шт,
030200787_,"Роз. 2-я RJ11+RJ45 кат.5E б/рамки ""BRITE"" черный (1/100)",шт,BR-KT20-O-1-K02
030200789_,"Рамка 5-мест. ""BRITE"" маренго (1/100)",шт,BR-M52-K35
030200809_,"Роз. HDMI б/рамки ""BRITE"" маренго (1/100)",шт,BR-H10-K35
030200810_,"Роз. с з/к 16А б/рамки ""BRITE"" темная бронза (1/100)",шт,BR-R14-16-K45
030200811_,"Выкл 1-кл. 10А б/рамки ""BRITE"" темная бронза (1/100)",шт,BR-V10-0-10-K45
030200812_,"Выкл 1-кл. с инд. 10А б/рамки ""BRITE"" темная бронза (1/100)",шт,BR-V10-1-10-K45
030200813_,"Выкл 2-кл. 10А б/рамки ""BRITE"" темная бронза (1/100)",шт,BR-V20-0-10-K45
030200814_,"Выкл 2-кл. с инд. 10А б/рамки ""BRITE"" темная бронза (1/100)",шт,BR-V20-1-10-K45
030200815_,"Роз. комп. RJ45 кат.5E б/рамки ""BRITE"" темная бронза (1/100)",шт,BR-K10-1-K45
030200816_,"Выкл 1-кл. прох. 10А б/рамки ""BRITE"" темная бронза (1/100)",шт,BR-V12-0-10-K45
030200817_,"Роз. 2-я с з/к без з/ш 16А в сб. ""BRITE"" темная бронза (1/100)",шт,BR-R21-16-K45-F
030200818_,"Роз. 2-я с з/к 16А в сб. ""BRITE"" темная бронза (1/100)",шт,BR-R24-16-K45-F
030200819_,"Рамка 1-мест. ""BRITE"" темная бронза (1/100)",шт,BR-M12-K45
030200820_,"Рамка 2-мест. ""BRITE"" темная бронза (1/100)",шт,BR-M22-K45
030200821_,"Рамка 3-мест. ""BRITE"" темная бронза (1/100)",шт,BR-M32-K45
030200822_,"Рамка 4-мест. ""BRITE"" темная бронза (1/100)",шт,BR-M42-K45
030200823_,"Выкл 2-кл. прох. 10А б/рамки ""BRITE"" темная бронза (1/100)",шт,BR-V22-0-10-K45
030200824_,"Выкл 3-кл. 10А б/рамки ""BRITE"" темная бронза (1/100)",шт,BR-V30-0-10-K45
030200825_,"Роз. TV окон б/рамки ""BRITE"" темная бронза (1/100)",шт,BR-A10-O-K45
030200826_,"Роз. HDMI б/рамки ""BRITE"" темная бронза (1/100)",шт,BR-H10-K45
030200827_,"Роз. с з/к/ш 16А б/рамки ""BRITE"" бежевый (1/100)",шт,BR-R14-16-K10
030200828_,"Выкл 1-кл. 10А б/рамки ""BRITE"" бежевый (1/100)",шт,BR-V10-0-10-K10
030200829_,"Выкл 1-кл. с инд. 10А б/рамки ""BRITE"" бежевый (1/100)",шт,BR-V10-1-10-K10
030200830_,"Выкл 2-кл. 10А б/рамки ""BRITE"" бежевый (1/100)",шт,BR-V20-0-10-K10
030200831_,"Выкл 2-кл. с инд. 10А б/рамки ""BRITE"" бежевый (1/100)",шт,BR-V20-1-10-K10
030200832_,"Роз. комп. RJ45 кат.5E б/рамки ""BRITE"" бежевый (1/100)",шт,BR-K10-1-K10
030200833_,"Выкл 1-кл. прох. 10А б/рамки ""BRITE"" бежевый (1/100)",шт,BR-V12-0-10-K10
030200834_,"Роз. 2-мест. с з/к 16А в сборе ""BRITE"" ""BRITE"" бежевый (1/100)",шт,BR-R21-16-K10-F
030200835_,"Роз. 2-я с з/к/ш 16А в сб. ""BRITE"" бежевый (1/100)",шт,BR-R24-16-K10-F
030200836_,"Рамка 1-мест. ""BRITE"" бежевый (1/100)",шт,BR-M12-K10
030200837_,"Рамка 2-мест. ""BRITE"" бежевый (1/100)",шт,BR-M22-K10
030200838_,"Рамка 3-мест. ""BRITE"" бежевый (1/100)",шт,BR-M32-K10
030200839_,"Рамка 4-мест. ""BRITE"" бежевый (1/100)",шт,BR-M42-K10
030200840_,"Выкл 2-кл. прох. 10А б/рамки ""BRITE"" бежевый (1/100)",шт,BR-V22-0-10-K10
030200841_,"Выкл 3-кл. 10А б/рамки ""BRITE"" бежевый (1/100)",шт,BR-V30-0-10-K10
030200842_,"Роз. 2-я с кр. 16А в сб IP44 ""BRITE"" бежевый (1/100)",шт,BR-R26-16-44-K10-F
030200843_,"Роз. комп. 2-ая RJ45 кат.5E б/рамки ""BRITE"" бежевый (1/100)",шт,BR-K20-1-K10
030200844_,"Роз. TV окон б/рамки ""BRITE"" бежевый (1/100)",шт,BR-A10-O-K10
030200845_,"Роз. HDMI б/рамки ""BRITE"" бежевый (1/100)",шт,BR-H10-K10
030200846_,"Выкл жалюзи 10А б/рамки ""BRITE"" бежевый (1/100)",шт,BR-V15-0-10-K10
030200847_,"Рамка 1-мест. ""BRITE"" металл черный (1/100)",шт,BR-M12-M-K02
030200848_,"Рамка 1-мест. ""BRITE"" металл алюминий (1/100)",шт,BR-M12-M-K47
030200849_,"Рамка 2-мест. ""BRITE"" металл черный (1/100)",шт,BR-M22-M-K02
030200850_,"Рамка 2-мест. ""BRITE"" металл алюминий (1/100)",шт,BR-M22-M-K47
030200851_,"Рамка 3-мест. ""BRITE"" металл черный (1/50)",шт,BR-M32-M-K02
030200852_,"Рамка 3-мест. ""BRITE"" металл алюминий (1/50)",шт,BR-M32-M-K47
030200853_,"Рамка 4-мест. ""BRITE"" металл черный (1/50)",шт,BR-M42-M-K02
030200854_,"Рамка 4-мест. ""BRITE"" металл алюминий (1/50)",шт,BR-M42-M-K47
030200855_,"Рамка 1-мест. ""BRITE"" стекло белый (1/100)",шт,BR-M12-G-K01
030200856_,"Рамка 1-мест. ""BRITE"" стекло черный (1/100)",шт,BR-M12-G-K02
030200857_,"Рамка 2-мест. ""BRITE"" стекло белый (1/100)",шт,BR-M22-G-K01
030200858_,"Рамка 2-мест. ""BRITE"" стекло черный (1/100)",шт,BR-M22-G-K02
030200859_,"Рамка 3-мест. ""BRITE"" стекло белый (1/50)",шт,BR-M32-G-K01
030200860_,"Рамка 3-мест. ""BRITE"" стекло черный (1/50)",шт,BR-M32-G-K02
030200861_,"Рамка 4-мест. ""BRITE"" стекло белый (1/50)",шт,BR-M42-G-K01
030200862_,"Рамка 4-мест. ""BRITE"" стекло черный (1/50)",шт,BR-M42-G-K02
030200863_,"Рамка 1-мест. ""BRITE"" стекло серый (1/100)",шт,BR-M12-G-K03
030200864_,"Рамка 1-мест. ""BRITE"" стекло ванильный (1/100)",шт,BR-M12-G-K10
030200865_,"Рамка 1-мест. ""BRITE"" стекло дымчатый (1/100)",шт,BR-M12-G-K30
030200866_,"Рамка 1-мест. ""BRITE"" стекло темная бронза (1/100)",шт,BR-M12-G-K45
030200867_,"Выкл 1-кл. прох. с инд б/рамки 10А ""BRITE"" алюминий (1/100)",шт,BR-V12-1-10-K47
030200868_,"Роз 2-я с кр. 16А в сб IP44 ""BRITE"" алюминий (1/100)",шт,BR-R26-16-44-K47-F
030200869_,"Роз 2-ая комп. RJ45 кат.5E б/рамки ""BRITE"" алюминий (1/100)",шт,BR-K20-1-K47
030200870_,"Выкл 1-кл. прох. с инд б/рамки 10А ""BRITE"" жемчуг (1/100)",шт,BR-V12-1-10-K36
030200871_,"Роз 2-я с кр. 16А в сб IP44 ""BRITE"" жемчуг (1/100)",шт,BR-R26-16-44-K36-F
030200872_,"Роз 2-ая комп. RJ45 кат.5E б/рамки ""BRITE"" жемчуг (1/100)",шт,BR-K20-1-K36
030200873_,"Выкл 1-кл. прох. с инд. б/рамки 10А ""BRITE"" шампань (1/100)",шт,BR-V12-1-10-K37
030200874_,"Выкл 1-кл. прох. с инд. 10А ""BRITE"" графит (1/100)",шт,BR-V12-1-10-K53
030200875_,"Розетка 2-ая компьютерная RJ45 кат.5E ""BRITE"" графит (1/100)",шт,BR-K20-1-K53
030200876_,"Выкл 1-кл. прох. с инд. 10А ""BRITE"" чёрный (1/100)",шт,BR-V12-1-10-K02
030200877_,"Роз 2-ая комп. RJ45 кат.5E ""BRITE"" чёрный (1/100)",шт,BR-K20-1-K02
030200878_,"Выкл 1-кл. прох. с инд. 10А ""BRITE"" сталь (1/100)",шт,BR-V12-1-10-K46
030200879_,"Роз 2-ая комп. RJ45 кат.5E ""BRITE"" сталь (1/100)",шт,BR-K20-1-K46
030200885_,"Светорег. пов-наж. 600Вт ""BRITE"" черный (1/80)",шт,BR-D20-0600-K02
030200886_,"Заглушка с суппортом ""BRITE"" белый (1/200)",шт,BR-PL10-K01
030200889_,"Заглушка c суппортом ""BRITE"" алюминий (1/200)",шт,BR-PL10-K47
030200890_,"Заглушка c суппортом ""BRITE"" сталь (1/200)",шт,BR-PL10-K46
030200891_,"Заглушка c суппортом ""BRITE"" графит (1/200)",шт,BR-PL10-K53
030200892_,"Заглушка c суппортом ""BRITE"" черный (1/200)",шт,BR-PL10-K02
030200893_,"Рамка 2-мест. ""BRITE"" стекло серый (1/100)",шт,BR-M22-G-K03
030200894_,"Рамка 2-мест. ""BRITE"" стекло ванильный (1/100)",шт,BR-M22-G-K10
030200895_,"Рамка 2-мест. ""BRITE"" стекло дымчатый (1/100)",шт,BR-M22-G-K30
030200896_,"Рамка 2-мест. ""BRITE"" стекло темная бронза (1/100)",шт,BR-M22-G-K45
030200897_,"Рамка 3-мест. ""BRITE"" стекло серый (1/50)",шт,BR-M32-G-K03
030200898_,"Рамка 3-мест. ""BRITE"" стекло ванильный (1/50)",шт,BR-M32-G-K10
030200899_,"Рамка 3-мест. ""BRITE"" стекло дымчатый (1/50)",шт,BR-M32-G-K30
030200900_,"Рамка 3-мест. ""BRITE"" стекло темная бронза (1/50)",шт,BR-M32-G-K45
030200901_,"Рамка 4-мест. ""BRITE"" стекло серый (1/50)",шт,BR-M42-G-K03
030200902_,"Рамка 4-мест. ""BRITE"" стекло ванильный (1/50)",шт,BR-M42-G-K10
030200903_,"Рамка 4-мест. ""BRITE"" стекло дымчатый (1/50)",шт,BR-M42-G-K30
030200904_,"Рамка 4-мест. ""BRITE"" стекло темная бронза (1/50)",шт,BR-M42-G-K45
030200905_,"Вывод кабеля ""BRITE"" белый (1/200)",шт,BR-VK10-0-K01
030200908_,"Вывод кабеля ""BRITE"" алюминий (1/200)",шт,BR-VK10-0-K47
030200909_,"Вывод кабеля ""BRITE"" сталь (1/200)",шт,BR-VK10-0-K46
030200910_,"Вывод кабеля ""BRITE"" графит (1/200)",шт,BR-VK10-0-K53
030200911_,"Вывод кабеля ""BRITE"" черный (1/200)",шт,BR-VK10-0-K02
030200912_,"Роз. USB A+A 3,1А б/рамки ""BRITE"" белый (1/80)",шт,BR-U21-D31-K01
030200915_,"Роз. USB A+A 3,1А б/рамки ""BRITE"" алюминий (1/80)",шт,BR-U21-D31-K47
030200916_,"Роз. USB A+A 3,1А б/рамки ""BRITE"" сталь (1/80)",шт,BR-U21-D31-K46
030200917_,"Роз. USB A+A 3,1А б/рамки ""BRITE"" графит (1/80)",шт,BR-U21-D31-K53
030200918_,"Роз. USB A+A 3,1А б/рамки ""BRITE"" черный (1/80)",шт,BR-U21-D31-K02
030200920_,"Роз. с з/к с з/ш с кр. 16А IP20 б/рамки ""BRITE"" белый (1/100)",шт,BR-R16-16-K01
030200923_,"Роз. с з/к с з/ш с кр. 16А IP20 б/рамки ""BRITE"" алюминий (1/100)",шт,BR-R16-16-K47
030200924_,"Роз. с з/к с з/ш с кр. 16А IP20 б/рамки ""BRITE"" сталь (1/100)",шт,BR-R16-16-K46
030200925_,"Роз. с з/к с з/ш с кр. 16А IP20 б/рамки ""BRITE"" графит (1/100)",шт,BR-R16-16-K53
030200926_,"Роз. с з/к с з/ш с кр. 16А IP20 б/рамки ""BRITE"" черный (1/100)черный",шт,BR-R16-16-K02
030200931_,"Роз. 1-мест. с/з з/ш 16А IP44 б/рамки ""BRITE"" маренго (1/100)",шт,BR-R16-16-44-K35
030200933_,"Выкл 1-кл. перекр 10А б/рамки ""BRITE"" маренго (1/100)",шт,BR-V13-0-10-K35
030200935_,"Роз. HDMI б/рамки ""BRITE"" белый (1/100)",шт,BR-H10-K01
030200938_,"Роз. HDMI б/рамки ""BRITE"" алюминий (1/100)",шт,BR-H10-K47
030200939_,"Роз. HDMI б/рамки ""BRITE"" сталь (1/100)",шт,BR-H10-K46
030200940_,"Роз. HDMI б/рамки ""BRITE"" графит (1/100)",шт,BR-H10-K53
030200941_,"Роз. HDMI б/рамки ""BRITE"" черный (1/100)",шт,BR-H10-K02
030200943_,"Выкл. жалюзи 10А ""BRITE"" черный (1/100)",шт,BR-V15-0-10-K02
030200944_,"Выкл. жалюзи 10А ""BRITE"" графит (1/100)",шт,BR-V15-0-10-K53
030200945_,"Выкл. жалюзи 10А ""BRITE"" сталь (1/100)",шт,BR-V15-0-10-K46
030200946_,"Выкл. жалюзи 10А ""BRITE"" алюминий (1/100)",шт,BR-V15-0-10-K47
030200947_,"Роз. с з/к с з/ш 16А с USB A+C 18Вт б/рамки ""BRITE"" черный (1/80)",шт,BR-R14-16-U22-018-K02
030200948_,"Роз. с з/к с з/ш 16А с USB A+C 18Вт б/рамки ""BRITE"" графит (1/80)",шт,BR-R14-16-U22-018-K53
030200949_,"Роз. с з/к с з/ш 16А с USB A+C 18Вт б/рамки ""BRITE"" сталь (1/80)",шт,BR-R14-16-U22-018-K46
030200950_,"Роз. с з/к с з/ш 16А с USB A+C 18Вт б/рамки ""BRITE"" алюминий (1/80)",шт,BR-R14-16-U22-018-K47
030200951_,"Подсветка LED встр. ""BRITE"" белый (1/100)",шт,BR-FL20-K01
030200952_,"Подсветка LED встр. ""BRITE"" черный (1/100)",шт,BR-FL20-K02
030200953_,"Подсветка LED встр. ""BRITE"" графит (1/100)",шт,BR-FL20-K53
030200954_,"Подсветка LED встр. ""BRITE"" сталь (1/100)",шт,BR-FL20-K46
030200955_,"Подсветка LED встр. ""BRITE"" алюминий (1/100)",шт,BR-FL20-K47
030200956_,"Термостат с инд. ""BRITE"" белый (1/80)",шт,BR-RT11-K01
030200957_,"Термостат с инд. ""BRITE"" черный (1/80)",шт,BR-RT11-K02
030200958_,"Термостат с инд. ""BRITE"" графит (1/80)",шт,BR-RT11-K53
030200959_,"Термостат с инд. ""BRITE"" сталь (1/80)",шт,BR-RT11-K46
030200960_,"Термостат с инд. ""BRITE"" алюминий (1/80)",шт,BR-RT11-K47
030200961_,"Датчик движения ""BRITE"" белый (1/80)",шт,BR-MS10-N-150-05-K01
030200962_,"Датчик движения ""BRITE"" черный (1/80)",шт,BR-MS10-N-150-05-K02
030200963_,"Датчик движения ""BRITE"" графит (1/80)",шт,BR-MS10-N-150-05-K53
030200964_,"Датчик движения ""BRITE"" сталь (1/80)",шт,BR-MS10-N-150-05-K46
030200965_,"Датчик движения ""BRITE"" алюминий (1/80)",шт,BR-MS10-N-150-05-K47
030200966_,"Роз. с з/к с з/ш 16А USB A+A 2,1А б/рамки ""BRITE"" белый (1/80)",шт,BR-R14-16-U21-D21-K01
030200967_,"Роз. с з/к с з/ш 16А с USB A+A 2,1А б/рамки ""BRITE"" черный (1/80)",шт,BR-R14-16-U21-D21-K02
030200968_,"Роз. с з/к с з/ш 16А с USB A+A 2,1А б/рамки ""BRITE"" сталь (1/80)",шт,BR-R14-16-U21-D21-K46
030200969_,"Роз. с з/к с з/ш 16А с USB A+A 2,1А б/рамки ""BRITE"" алюминий (1/80)",шт,BR-R14-16-U21-D21-K47
030200970_,"Выкл. 1-кл. самовозвратн. 10А ""BRITE"" белый (1/100)",шт,BR-V14-0-10-K01
030200971_,"Выкл. 1-кл. самовозвратн. 10А ""BRITE"" черный (1/100)",шт,BR-V14-0-10-K02
030200972_,"Выкл. 1-кл. самовозвратн. 10А ""BRITE"" графит (1/100)",шт,BR-V14-0-10-K53
030200973_,"Выкл. 1-кл. самовозвратн. 10А ""BRITE"" сталь (1/100)",шт,BR-V14-0-10-K46
030200974_,"Выкл. 1-кл. самовозвратн. 10А ""BRITE"" алюминий (1/100)",шт,BR-V14-0-10-K47
030200975_,"Роз. аудио 4-мест. ""BRITE"" белый (1/100)",шт,BR-S40-K01
030200976_,"Роз. аудио 4-мест. ""BRITE"" черный (1/100)",шт,BR-S40-K02
030200977_,"Роз. аудио 4-мест. ""BRITE"" графит (1/100)",шт,BR-S40-K53
030200978_,"Роз. аудио 4-мест. ""BRITE"" сталь (1/100)",шт,BR-S40-K46
030200979_,"Роз. аудио 4-мест. ""BRITE"" алюминий (1/100)",шт,BR-S40-K47
030200980_,"Роз. 2-я TV+SAT б/рамки ""BRITE"" белый (1/100)",шт,BR-AF20-O-K01
030200981_,"Роз. 2-я TV+SAT б/рамки ""BRITE"" черный (1/100)",шт,BR-AF20-O-K02
030200982_,"Роз. 2-я TV+SAT б/рамки ""BRITE"" графит (1/100)",шт,BR-AF20-O-K53
030200983_,"Роз. 2-я TV+SAT б/рамки ""BRITE"" сталь (1/100)",шт,BR-AF20-O-K46
030200984_,"Роз. 2-я TV+SAT б/рамки ""BRITE"" алюминий (1/100)",шт,BR-AF20-O-K47
030200985_,"Светорег. пов-наж. 600Вт ""BRITE"" графит (1/80)",шт,BR-D20-0600-K53
030200986_,"Светорег. пов-наж. 600Вт ""BRITE"" сталь (1/80)",шт,BR-D20-0600-K46
030200987_,"Светорег. пов-наж. 600Вт ""BRITE"" алюминий (1/80)",шт,BR-D20-0600-K47
030200988_,"Роз. TV проходная б/рамки ""BRITE"" белый (1/100)",шт,BR-A10-P-K01
030200989_,"Роз. 2-я RJ11+RJ45 кат.5E б/рамки ""BRITE"" сталь (1/100)",шт,BR-KT20-O-1-K46
030200990_,"Роз. комп. RJ45 кат.6 б/рамки ""BRITE"" белый (1/100)",шт,BR-K10-2-K01
030201012_,BRITE Розетка 1-местная с заземлением с защитными шторками и крышкой 16А IP44 РСбш10-3-44-БрГ графит,шт,BR-R16-16-44-K53
030201017_,"Роз. 1-мест. с з/к с з/ш 16А IP44 б/рамки ""BRITE"" бежевый (1/100)",шт,BR-R16-16-44-K10
030201018_,"Выкл 1-кл. перекр 10А б/рамки ""BRITE"" бежевый (1/100)",шт,BR-V13-0-10-K10
030201019_,"Рамка 5-мест. ""BRITE"" бежевый (1/100)",шт,BR-M52-K10
030201020_,"Роз. 1-мест. с з/к 16А б/рамки ""BRITE"" бежевый (1/100)",шт,BR-R11-16-K10
030201021_,"BRITE Розетка 2я TV+RJ45 кат.5Е бежевый механизм, РТВ/РК12-БрКр ИЭК NEW",шт,
030201022_,"Роз. 1-мест. с з/к 16А б/рамки ""BRITE"" темная бронза (1/100)",шт,BR-R11-16-K45
030201024_,BRITE Розетка 1-местная с заземлением с защитными шторками и крышкой 16А IP44 РСбш10-3-44-БрЖ жемчуг,шт,
030201031_,BRITE Розетка 1-я с/з с/щ и крышкой 16А IP44 РСбш10-3-44-БрА алюминий IEK,шт,BR-R16-16-44-K47
030201032_,BRITE Рамка 5-местная РУ-5-БрТБ темная бронза IEK,шт,BR-M52-K45
030201034_,"Рамка 1-мест. ""BRITE"" металл латунь RE IEK (1/100)",шт,BR-M12-M-01-K49
030201035_,"Рамка 2-мест. ""BRITE"" металл латунь RE IEK (1/100)",шт,BR-M22-M-01-K49
030201036_,"Рамка 3-мест. ""BRITE"" металл латунь RE IEK (1/50)",шт,BR-M32-M-01-K49
030201037_,"Рамка 4-мест. ""BRITE"" металл латунь RE IEK (1/50)",шт,BR-M42-M-01-K49
030201040_,"Термостат с инд. ""BRITE"" шампань (1/80)",шт,
030201049_,BRITE Выключатель 1-клавишный перекрестный 10А ВС10-1-3-БрТБ темная бронза IEK,шт,BR-V13-0-10-K45
030201052_,"Рамка 1-мест. ""BRITE"" бел./бел. IEK (1/100)",шт,BR-M12-12-K01
030201053_,"Рамка 2-мест. ""BRITE"" бел./бел. IEK (1/100)",шт,BR-M22-12-K01
030201054_,"Рамка 3-мест. ""BRITE"" бел./бел. IEK (1/100)",шт,BR-M32-12-K01
030201055_,"Рамка 1-мест. ""BRITE"" беж./жемч. IEK (1/100)",шт,BR-M12-12-1-K10
030201056_,"Рамка 2-мест. ""BRITE"" беж./жемч. IEK (1/100)",шт,BR-M22-12-1-K10
030201057_,"Рамка 3-мест. ""BRITE"" беж./жемч. IEK (1/100)",шт,BR-M32-12-1-K10
030201060_,"Рамка 4-мест. ""BRITE"" беж./жемч. IEK (1/100)",шт,BR-M42-12-1-K10
030201061_,"Рамка 5-мест. ""BRITE"" беж./жемч. IEK (1/100)",шт,BR-M52-12-1-K10
030201063_,"Рамка 1-мест. ""BRITE"" беж./шамп. IEK (1/100)",шт,BR-M12-12-3-K10
030201064_,"Рамка 1-мест. ""BRITE"" алюм./алюм. IEK (1/100)",шт,BR-M12-12-K47
030201065_,"Рамка 1-мест. ""BRITE"" хром/черн. IEK (1/100)",шт,BR-M12-12-2-K23
030201066_,"Рамка 1-мест. ""BRITE"" бел. рифленый IEK (1/100)",шт,BR-M12-51-K01
030201067_,"Рамка 1-мест. ""BRITE"" беж. рифленый IEK (1/100)",шт,BR-M12-51-K10
030201068_,"Рамка 2-мест. ""BRITE"" беж./шамп. IEK (1/100)",шт,BR-M22-12-3-K10
030201069_,"Рамка 2-мест. ""BRITE"" алюм./алюм. IEK (1/100)",шт,BR-M22-12-K47
030201070_,"Рамка 3-мест. ""BRITE"" алюм./алюм. IEK (1/100)",шт,BR-M32-12-K47
030201071_,"Рамка 4-мест. ""BRITE"" алюм./алюм. IEK (1/100)",шт,BR-M42-12-K47
030201072_,"Рамка 1-мест. ""BRITE"" хром/никель IEK (1/100)",шт,BR-M12-12-4-K23
030201073_,"Рамка 2-мест. ""BRITE"" хром/черн. IEK (1/100)",шт,BR-M22-12-2-K23
030201074_,"Рамка 2-мест. ""BRITE"" бел. рифленый IEK (1/100)",шт,BR-M22-51-K01
030201075_,"Рамка 2-мест. ""BRITE"" беж. рифленый IEK (1/100)",шт,BR-M22-51-K10
030201076_,"Рамка 3-мест. ""BRITE"" беж./шамп. IEK (1/100)",шт,BR-M32-12-3-K10
030201077_,"Рамка 4-мест. ""BRITE"" бел./бел. IEK (1/100)",шт,BR-M42-12-K01
030201078_,"Рамка 2-мест. ""BRITE"" хром/никель IEK (1/100)",шт,BR-M22-12-4-K23
030201079_,"Рамка 4-мест. ""BRITE"" беж./шамп. IEK (1/100)",шт,BR-M42-12-3-K10
030201080_,"Рамка 3-мест. ""BRITE"" хром/никель IEK (1/100)",шт,BR-M32-12-4-K23
030201081_,"Рамка 3-мест. ""BRITE"" хром/черн. IEK (1/100)",шт,BR-M32-12-2-K23
030201082_,"Рамка 3-мест. ""BRITE"" бел. рифленый IEK (1/100)",шт,BR-M32-51-K01
030201083_,"Рамка 3-мест. ""BRITE"" беж. рифленый IEK (1/100)",шт,BR-M32-51-K10
030201084_,"Рамка 4-мест. ""BRITE"" хром/черн. IEK (1/100)",шт,BR-M42-12-2-K23
030201085_,"Рамка 4-мест. ""BRITE"" бел. рифленый IEK (1/100)",шт,BR-M42-51-K01
030201086_,"Рамка 4-мест. ""BRITE"" беж. рифленый IEK (1/100)",шт,BR-M42-51-K10
030201087_,"Рамка 1-мест. ""BRITE"" стекло бел. матовый IEK (1/100)",шт,BR-M12-G-31-K01
030201088_,"Рамка 1-мест. ""BRITE"" стекло черн. матовый IEK (1/100)",шт,BR-M12-G-31-K02
030201089_,"Рамка 1-мест. ""BRITE"" стекло маренго матовый IEK (1/100)",шт,BR-M12-G-31-K35
030201090_,"Рамка 1-мест. ""BRITE"" стекло бел. RE IEK (1/100)",шт,BR-M12-G-41-K01
030201091_,"Рамка 1-мест. ""BRITE"" стекло черн. RE IEK (1/100)",шт,BR-M12-G-41-K02
030201092_,"Рамка 1-мест. ""BRITE"" стекло графит RE IEK (1/100)",шт,BR-M12-G-41-K53
030201093_,"Рамка 1-мест. ""BRITE"" стекло песчаный RE IEK (1/100)",шт,BR-M12-G-41-K98
030201094_,"Рамка 1-мест. ""BRITE"" металл черн. RE IEK (1/100)",шт,BR-M12-M-01-K02
030201095_,"Рамка 1-мест. ""BRITE"" металл алюм. RE IEK (1/100)",шт,BR-M12-M-01-K47
030201096_,"Рамка 1-мест. ""BRITE"" металл титан RE IEK (1/100)",шт,BR-M12-M-01-K48
030201097_,"Рамка 1-мест. ""BRITE"" металл черн. RE AL IEK (1/100)",шт,BR-M12-M-21-K02
030201098_,"Рамка 1-мест. ""BRITE"" металл коричн. RE AL IEK (1/100)",шт,BR-M12-M-21-K30
030201099_,"Рамка 1-мест. ""BRITE"" металл шамп. RE AL IEK (1/100)",шт,BR-M12-M-21-K37
030201100_,"Рамка 1-мест. ""BRITE"" металл алюм. RE AL IEK (1/100)",шт,BR-M12-M-21-K47
030201101_,"Рамка 4-мест. ""BRITE"" хром/никель IEK (1/100)",шт,BR-M42-12-4-K23
030201102_,"Рамка 2-мест. ""BRITE"" стекло бел. матовый IEK (1/100)",шт,BR-M22-G-31-K01
030201103_,"Рамка 2-мест. ""BRITE"" стекло черн. матовый IEK (1/100)",шт,BR-M22-G-31-K02
030201104_,"Рамка 2-мест. ""BRITE"" стекло маренго матовый IEK (1/100)",шт,BR-M22-G-31-K35
030201105_,"Рамка 2-мест. ""BRITE"" стекло бел. RE IEK (1/100)",шт,BR-M22-G-41-K01
030201106_,"Рамка 2-мест. ""BRITE"" стекло черн. RE IEK (1/100)",шт,BR-M22-G-41-K02
030201107_,"Рамка 2-мест. ""BRITE"" стекло графит RE IEK (1/100)",шт,BR-M22-G-41-K53
030201108_,"Рамка 2-мест. ""BRITE"" стекло песчаный RE IEK (1/100)",шт,BR-M22-G-41-K98
030201109_,"Рамка 2-мест. ""BRITE"" металл черн. RE IEK (1/100)",шт,BR-M22-M-01-K02
030201110_,"Рамка 2-мест. ""BRITE"" металл алюм. RE IEK (1/100)",шт,BR-M22-M-01-K47
030201111_,"Рамка 2-мест. ""BRITE"" металл титан RE IEK (1/100)",шт,BR-M22-M-01-K48
030201112_,"Рамка 2-мест. ""BRITE"" металл черн. RE AL IEK (1/100)",шт,BR-M22-M-21-K02
030201113_,"Рамка 2-мест. ""BRITE"" металл коричн. RE AL IEK (1/100)",шт,BR-M22-M-21-K30
030201114_,"Рамка 2-мест. ""BRITE"" металл шамп. RE AL IEK (1/100)",шт,BR-M22-M-21-K37
030201115_,"Рамка 2-мест. ""BRITE"" металл алюм. RE AL IEK (1/100)",шт,BR-M22-M-21-K47
030201116_,"Рамка 3-мест. ""BRITE"" стекло бел. матовый IEK (1/50)",шт,BR-M32-G-31-K01
030201117_,"Рамка 3-мест. ""BRITE"" стекло черн. матовый IEK (1/50)",шт,BR-M32-G-31-K02
030201118_,"Рамка 3-мест. ""BRITE"" стекло маренго матовый IEK (1/50)",шт,BR-M32-G-31-K35
030201119_,"Рамка 3-мест. ""BRITE"" стекло бел. RE IEK (1/50)",шт,BR-M32-G-41-K01
030201120_,"Рамка 3-мест. ""BRITE"" стекло черн. RE IEK (1/50)",шт,BR-M32-G-41-K02
030201121_,"Рамка 3-мест. ""BRITE"" стекло графит RE IEK (1/50)",шт,BR-M32-G-41-K53
030201122_,"Рамка 3-мест. ""BRITE"" стекло песчаный RE IEK (1/50)",шт,BR-M32-G-41-K98
030201123_,"Рамка 3-мест. ""BRITE"" металл черн. RE IEK (1/50)",шт,BR-M32-M-01-K02
030201124_,"Рамка 3-мест. ""BRITE"" металл алюм. RE IEK (1/50)",шт,BR-M32-M-01-K47
030201125_,"Рамка 3-мест. ""BRITE"" металл титан RE IEK (1/50)",шт,BR-M32-M-01-K48
030201126_,"Рамка 3-мест. ""BRITE"" металл черн. RE AL IEK (1/50)",шт,BR-M32-M-21-K02
030201127_,"Рамка 3-мест. ""BRITE"" металл коричн. RE AL IEK (1/50)",шт,BR-M32-M-21-K30
030201128_,"Рамка 3-мест. ""BRITE"" металл шамп. RE AL IEK (1/50)",шт,BR-M32-M-21-K37
030201129_,"Рамка 3-мест. ""BRITE"" металл алюм. RE AL IEK (1/50)",шт,BR-M32-M-21-K47
030201130_,"Рамка 4-мест. ""BRITE"" стекло бел. матовый IEK (1/50)",шт,BR-M42-G-31-K01
030201131_,"Рамка 4-мест. ""BRITE"" стекло черн. матовый IEK (1/50)",шт,BR-M42-G-31-K02
030201132_,"Рамка 4-мест. ""BRITE"" стекло маренго матовый IEK (1/50)",шт,BR-M42-G-31-K35
030201133_,"Рамка 4-мест. ""BRITE"" стекло бел. RE IEK (1/50)",шт,BR-M42-G-41-K01
030201134_,"Рамка 4-мест. ""BRITE"" стекло черн. RE IEK (1/50)",шт,BR-M42-G-41-K02
030201135_,"Рамка 4-мест. ""BRITE"" стекло графит RE IEK (1/50)",шт,BR-M42-G-41-K53
030201136_,"Рамка 4-мест. ""BRITE"" стекло песчаный RE IEK (1/50)",шт,BR-M42-G-41-K98
030201137_,"Рамка 4-мест. ""BRITE"" металл черн. RE IEK (1/50)",шт,BR-M42-M-01-K02
030201138_,"Рамка 4-мест. ""BRITE"" металл алюм. RE IEK (1/50)",шт,BR-M42-M-01-K47
030201139_,"Рамка 4-мест. ""BRITE"" металл титан RE IEK (1/50)",шт,BR-M42-M-01-K48
030201140_,"Рамка 4-мест. ""BRITE"" металл черн. RE AL IEK (1/50)",шт,BR-M42-M-21-K02
030201141_,"Рамка 4-мест. ""BRITE"" металл коричн. RE AL IEK (1/50)",шт,BR-M42-M-21-K30
030201142_,"Рамка 4-мест. ""BRITE"" металл шамп. RE AL IEK (1/50)",шт,BR-M42-M-21-K37
030201143_,"Рамка 4-мест. ""BRITE"" металл алюм. RE AL IEK (1/50)",шт,BR-M42-M-21-K47
030201144_,"Рамка 5-мест. ""BRITE"" хром/черн. IEK (1/100)",шт,BR-M52-12-2-K23
030201145_,"Рамка 5-мест. ""BRITE"" беж./шамп. IEK (1/100)",шт,BR-M52-12-3-K10
030201146_,"Рамка 5-мест. ""BRITE"" бел./бел. IEK (1/100)",шт,BR-M52-12-K01
030201147_,"Рамка 5-мест. ""BRITE"" алюм./алюм. IEK (1/100)",шт,BR-M52-12-K47
030201148_,"Рамка 5-мест. ""BRITE"" бел. рифленый IEK (1/100)",шт,BR-M52-51-K01
030201149_,"Рамка 5-мест. ""BRITE"" беж. рифленый IEK (1/100)",шт,BR-M52-51-K10
030201150_,"Рамка 5-мест. ""BRITE"" хром/никель IEK (1/100)",шт,BR-M52-12-4-K23
030201152_,BRITE Розетка 1-местная с заземлением с защитными шторками и крышкой 16А IP20 бронза IEK,,BR-R16-16-K45
030201236_,"Выкл 2-кл перекр 10А б/рамки ""BRITE"" черный (1/100)",шт,BR-V23-0-10-K02
030201244_,"Выкл 2-кл перекр 10А б/рамки ""BRITE"" белый (1/100)",шт,BR-V23-0-10-K01
030201245_,"Выкл 2-кл перекр 10А б/рамки ""BRITE"" графит (1/100)",шт,BR-V23-0-10-K53
030201246_,"Выкл 2-кл перекр 10А б/рамки ""BRITE"" алюминий (1/100)",шт,BR-V23-0-10-K47
030201247_,"Выкл 2-кл перекр 10А б/рамки ""BRITE"" жемчуг (1/100)",шт,BR-V23-0-10-K36
030201248_,"Выкл 2-кл перекр 10А б/рамки ""BRITE"" бежевый (1/100)",шт,BR-V23-0-10-K10
030201249_,"Выкл 2-кл перекр 10А б/рамки ""BRITE"" маренго (1/100)",шт,BR-V23-0-10-K35
030201250_,"Выкл 2-кл перекр 10А б/рамки ""BRITE"" сталь (1/100)",шт,BR-V23-0-10-K46
030201251_,"Выкл 2-кл перекр 10А б/рамки ""BRITE"" темная бронза (1/100)",шт,BR-V23-0-10-K45
030201252_,"Выкл 2-кл перекр 10А б/рамки ""BRITE"" шампань (1/100)",шт,BR-V23-0-10-K37
030201460_,Выключатель 1-кл. о/у графит IP55 TORS IEK (1/60),шт,TS-V16-0-10-55-K53
030201461_,Выключатель 2-кл. о/у графит IP55 TORS IEK (1/60),шт,TS-V20-0-10-55-K53
030201462_,Розетка 1-я о/у з/к c крышкой графит IP55 TORS IEK (1/60),шт,TS-R16-16-55-K53
030201463_,Розетка 2-я о/у з/к с крышкой горизонтальная графит IP55 TORS IEK (1/40),шт,TS-R26-16-55-G-K53
030201464_,Блок розетка + выключатель горизонтальный о/у графит IP55 TORS IEK (1/40),шт,TS-G10-6-55-V-K53
030201465_,Розетка 2-я о/у з/к с крышкой вертикальная графит IP55 TORS IEK (1/40),шт,TS-R26-16-55-V-K53
030201466_,Выключатель 2-кл. проходной о/у графит IP55 TORS IEK (1/80),шт,TS-V22-0-10-55-K53
030201467_,Переключатель 1-кл. о/у графит IP55 TORS IEK (1/60),шт,TS-V10-0-10-55-K53
030201468_,Выключатель кнопочный о/у графит IP55 TORS IEK (1/60),шт,TS-V14-0-10-55-K53
030201469_,Выключатель 1-кл. о/у белый IP55 TORS IEK (1/60),шт,TS-V16-0-10-55-k01
030201470_,Выключатель 2-кл. о/у белый IP55 TORS IEK (1/60),шт,TS-V20-0-10-55-k01
030201471_,Розетка 1-я о/у з/к c крышкой белый IP55 TORS IEK (1/60),шт,TS-R16-16-55-k01
030201472_,Розетка 2-я о/у з/к с крышкой горизонтальная белый IP55 TORS IEK (1/40),шт,TS-R26-16-55-G-k01
030201473_,Блок розетка + выключатель горизонтальный о/у белый IP55 TORS IEK (1/40),шт,TS-G10-6-55-V-k01
030201474_,Розетка 2-я о/у з/к с крышкой вертикальная белый IP55 TORS IEK (1/40),шт,TS-R26-16-55-V-k01
030201475_,Выключатель 2-кл. проходной о/у белый IP55 TORS IEK (1/80),,TS-V22-0-10-55-k01
030201476_,Переключатель 1-кл. о/у белый IP55 TORS IEK (1/60),шт,TS-V10-0-10-55-k01
030201477_,Выключатель кнопочный о/у белый IP55 TORS IEK (1/60),шт,TS-V14-0-10-55-k01
030201478_,Выключатель 1-кл. о/у серо-белый IP55 TORS IEK (1/60),шт,TS-V16-0-10-55-k41
030201479_,Выключатель 2-кл. о/у серо-белый IP55 TORS IEK (1/60),шт,TS-V20-0-10-55-k41
030201480_,Розетка 1-я о/у з/к c крышкой серо-белый IP55 TORS IEK (1/60),шт,TS-R16-16-55-k41
030201481_,Розетка 2-я о/у з/к с крышкой горизонтальная серо-белый IP55 TORS IEK (1/40),шт,TS-R26-16-55-G-k41
030201482_,Блок розетка + выключатель горизонтальный о/у серо-белый IP55 TORS IEK (1/40),шт,TS-G10-6-55-V-k41
030201483_,Розетка 2-я о/у з/к с крышкой вертикальная серо-белый IP55 TORS IEK (1/40),шт,TS-R26-16-55-V-k41
030201484_,Выключатель 2-кл. проходной о/у серо-белый IP55 TORS IEK (1/80),шт,TS-V22-0-10-55-k41
030201485_,Переключатель 1-кл. о/у серо-белый IP55 TORS IEK (1/60),шт,TS-V10-0-10-55-k41
030201486_,Выключатель кнопочный о/у серо-белый IP55 TORS IEK (1/60),шт,TS-V14-0-10-55-k41
030300478_,"222-412 Клемма (0,08-2,5мм 32А) IEK (50)",,UKZ-001-412
030300479_,"222-413 Клемма (0,08-2,5мм 32А) IEK (50)",,UKZ-001-413
030300480_,"222-415 Клемма (0,08-2,5мм 32А) IEK (50)",,UKZ-001-415
030300499_,Клемма вводная силовая КВС 6-50 кв.мм. серая IEK,,YZN12-050-K03
030300522_,Паста контактная токопроводящая КПП-150 IEK,,UCP10-150
080400060_,ДРИ 400W E40 IEK (25),,MHL-400-4500-E40
080400061_,ДНАТ 70W Е27 (IEK) (50) ***,,HPSL-70-E27-T
080400062_,ДНАТ 150W Е40 (IEK) (25) ***,,HPSL-150-E40-T
080400064_,ДНАТ 400W Е40 (IEK) (25),,HPSL-400-E40-T
080800023_,Индикатор AL-22TE Ø22мм (желтый неон) IEK (10/300) !!!,шт,BLS30-ALTE-K05
080800024_,Индикатор AL-22TE Ø22мм (зеленый неон) IEK (10/300),шт,BLS30-ALTE-K06
080800030_,Сиг. лампа ЛС-47 (зеленый неон) IEK (12/240),шт,MLS10-230-K06
080800031_,Сиг. лампа ЛС-47 (красный неон) IEK (12/240),шт,MLS10-230-K04
080800062_,Сиг. лампа ЛС-47 (желтый неон) IEK (12/240),шт,MLS10-230-K05
080800063_,Сиг. лампа ЛС-47 (синий неон) IEK (12/240),шт,MLS10-230-K07
080800070_,Индикатор AD-22DS (LED) Ø22мм (желтый) IEK (10/600),шт,BLS10-ADDS-230-K05
080800071_,Индикатор AD-22DS (LED) Ø22мм (зеленый) IEK (10/600),шт,BLS10-ADDS-230-K06
080800072_,Индикатор AD-22DS (LED) Ø22мм (красный) IEK (10/600),шт,BLS10-ADDS-230-K04
080800128_,"Светодиодная лента ""Сделай сам"" LED 5м LSR-2835WW60-4,8-IP20-12В-3000K+драйвер+выключатель IEK",шт,LSR1-1-060-20-1-05-S1
080800129_,"Светодиодная лента ""Сделай сам"" LED 2х1,2м LSR-2835WW60-4,8-IP20-12В-3000K+драйвер+2 датч движ IEK",шт,LSR1-1-060-20-1-2XD12-S3
080800130_,"Светодиодная лента ""Сделай сам"" LED 1,2м LSR-2835WW60-4,8-IP20-12В-3000K+драйвер+датч движ IEK",шт,LSR1-1-060-20-1-D12-S3
080800131_,"Светодиодная лента ""Сделай сам"" LED 5м LSR-2835WW60-4,8-IP65-12В-3000K+драйвер+выкл IEK",шт,LSR1-1-060-65-1-05-S1
080800132_,"Светодиодная лента ""Сделай сам"" LED 5м LSR-2835W60-4,8-IP20-12В-6500K+драйвер+выкл IEK",шт,LSR1-2-060-20-1-05-S1
080800133_,"Светодиодная лента ""Сделай сам"" LED 5м LSR-2835W60-4,8-IP65-12В-6500K+драйвер+выкл IEK",шт,LSR1-2-060-65-1-05-S1
080800134_,"Светодиодная лента ""Сделай сам"" LED 5м LSR-5050RGB60-14,4-IP20-12В+драйвер+контр IEK",шт,LSR2-3-060-20-1-05-S2
080800135_,"Светодиодная лента ""Сделай сам"" LED 5м LSR-5050RGB60-14,4-IP65-12В+драйвер+контр IEK",шт,LSR2-3-060-65-1-05-S2
080800136_,"Светодиодная лента ""Неон"" LED 5м LSR5-2835WW120-8-IP65-220В-3000K+драйвер IEK",шт,LSR5-1-120-65-2-05-S0
080800137_,"Светодиодная лента ""Неон"" (лента LED 10м LSR5-2835WW120-8-IP65-220В - 3000K+ драйвер) IEK",шт,LSR5-1-120-65-2-10-S0
080800138_,"Светодиодная лента ""Неон"" LED 5м LSR5-2835W120-8-IP65-220В-6500K+драйвер IEK",шт,LSR5-2-120-65-2-05-S0
080800139_,"Светодиодная лента ""Неон"" LED 10м LSR5-2835W120-8-IP65-220В-6500K+драйвер IEK",шт,LSR5-2-120-65-2-10-S0
080800140_,"Светодиодная лента ""Неон"" LED 5м LSR5-5050RGB60-8-IP65-220В+драйвер IEK",шт,LSR5-RGB-060-65-2-05-S0
080800141_,"Светодиодная лента ""Неон"" LED 10м LSR5-5050RGB60-8-IP65-220В+драйвер IEK",шт,LSR5-RGB-060-65-2-10-S0
081100276_,"LED A60 ""ECO"" 7w 230v 4000K E27 IEK (1) NEW",,LLE-A60-7-230-40-E27
081100277_,"LED A60 ""ECO"" 11w 230v 3000K E27 IEK(1)",шт,LLE-A60-11-230-30-E27
081100278_,"LED A60 ""ECO"" 11w 230v 4000K E27 IEK(1)",шт,LLE-A60-11-230-40-E27
081100279_,"LED C35 ""Свеча"" 5w 230v 3000K E14 IEK (1) NEW",,LLE-C35-5-230-30-E14
081100280_,"LED C35 ""Свеча"" 5w 230v 4000K E14 IEK (1) NEW*",,LLE-C35-5-230-40-E14
081100281_,"LED C35 ""Свеча"" 5w 230v 3000K E27 IEK (1) NEW",,LLE-C35-5-230-30-E27
081100282_,"LED CB35 ""Свеча на ветру"" 5w 230v 3000K E14 IEK (1) ***",,LLE-CB35-5-230-30-E14
081100283_,LED G45 5w 230v 3000K E14 IEK (1)NEW,,LLE-G45-5-230-30-E14
081100284_,LED G45 5w 230v 4000K E14 IEK (1) NEW,,LLE-G45-5-230-40-E14
081100285_,LED G45 5w 230v 4000K E27 IEK (1)NEW,,LLE-G45-5-230-40-E27
081100286_,LED PAR16 5w 230v 3000K GU10 IEK (1) NEW,,LLE-PAR16-5-230-30-GU10
081100287_,LED PAR16 5w 230v 4000K GU10 IEK (1) NEW,,LLE-PAR16-5-230-40-GU10
081100288_,"LED R50 ""ECO"" 5w 230v 3000K E14 IEK (1) NEW",,LLE-R50-5-230-30-E14
081100289_,"LED R50 ""ECO"" 5w 230v 4000K E14 IEK (1)",шт,LLE-R50-5-230-40-E14
081100290_,"LED R63 ""ECO"" 5w 230v 3000K E27 IEK (1) NEW*",,LLE-R63-5-230-30-E27
081100302_,LED ДПО 3010 Круг. 8w IP54 4500K бел. IEK (1) !!!,шт,
081100306_,LED Прожектор 20w 4000K IP65 (СДО 05-20П) IEK (Переносной) (1),,LPDO503-20-K03
081100308_,LED Прожектор 30w 6500K IP65 (СДО07-30) IEK (1),шт,
081100309_,LED Прожектор 50w 6500K IP65 (СДО07-50)) IEK (1)*,шт,
081100310_,LED Прожектор 30w 6500K Датчик IP44 (СДО07-30Д) IEK (1),,LPDO702-30-K03
081100336_,LED ДВО 6560 ОПАЛ 36w 595x595x20 6500K IP20 IEK NEW,,LDVO3-6560-36-6500-K01
081100338_,LED ДВО 6561 ОПАЛ 36w 595x595x20 4500K IP20 IEK NEW,,LDVO3-6561-36-4500-K01
081100339_,"Светильник светодиодный ДВО 6561-25-P eco,36Вт,4500К,25мм,призма IEK",,LDVO2-6561-36-4500-K01
081100340_,Драйвер для LED ДВO 6561/6566 36W IEK!!!,шт,LDVO1-36-0-K01
081100372_,LED ПРОЖЕКТОР СДО 06-10 10W 800Lm 6500K IP65 IEK,,LPDO601-10-65-K02
081100373_,LED ПРОЖЕКТОР СДО 06 - 30 30W 2400Lm 6500K IP65 IEK !!!,шт,LPDO601-30-65-K02
081100374_,LED ПРОЖЕКТОР СДО 06 - 50 50W 4000Lm 6500K IP65 IEK,шт,LPDO601-50-65-K02
081100375_,LED ПРОЖЕКТОР СДО 06-100 100W 8000Lm 6500K IP65 IEK,шт,LPDO601-100-65-K02
081100391_,LED Лампа T8 10w 230v 6500K G13 IEK (20),шт,LLE-T8-10-230-65-G13
081100392_,LED Лампа T8 18w 230v 4000K G13 IEK (20),шт,LLE-T8-18-230-40-G13
081100393_,LED Лампа T8 18w 230v 6500K G13 IEK (20),шт,LLE-T8-18-230-65-G13
081100598_,LED Прожектор 100W 6500K IP65 (СДО07-100) IEK (1),шт,
081100604_,LED ПРОЖЕКТОР СДО 06-150 150W 12000Lm 6500K IP65 IEK,шт,LPDO601-150-65-K02
081100635_,Лампа LED T75 таблетка 15Вт 230В 6500К GX53 IEK,шт,LLE-T80-15-230-65-GX53
081100641_,Лампа филаментная LED A60 шар прозр. 11Вт 230В 4000К E27 серия 360° IEK,шт,LLF-A60-11-230-40-E27-CL
081100642_,Лампа филаментная LED G95 шар золото 8Вт 230В 2700К E27 серия 360° IEK,шт,LLF-G95-8-230-30-E27-CLG
081100643_,Лампа филаментная LED ST64 золото 8Вт 230В 2700К E27 серия 360° IEK,шт,LLF-ST64-8-230-30-E27-CLG
081100702_,Лампа филаментная LED A60 шар золото 11Вт 230В 2700К E27 серия 360° IEK,шт,LLF-A60-11-230-30-E27-CLG
081100703_,Лампа филаментная LED A60 шар прозр. 7Вт 230В 3000К E27 серия 360° IEK,,LLF-A60-7-230-30-E27-CL
081100704_,Лампа филаментная LED A60 шар прозр. 7Вт 230В 4000К E27 серия 360° IEK,шт,LLF-A60-7-230-40-E27-CL
081100705_,Лампа филаментная LED A60 шар прозр. 7Вт 230В 6500К E27 серия 360° IEK,шт,LLF-A60-7-230-65-E27-CL
081100706_,Лампа филаментная LED A60 шар золото 9Вт 230В 2700К E27 серия 360° IEK,шт,LLF-A60-9-230-30-E27-CLG
081100707_,Лампа филаментная LED A60 шар прозр. 9Вт 230В 4000К E27 серия 360° IEK,шт,LLF-A60-9-230-40-E27-CL
081100708_,Лампа филаментная LED A60 шар прозр. 9Вт 230В 6500К E27 серия 360° IEK,шт,LLF-A60-9-230-65-E27-CL
081100709_,Лампа филаментная LED C35 свеча золото 5Вт 230В 2700К E14 серия 360° IEK,шт,LLF-C35-5-230-30-E14-CLG
081100710_,Лампа филаментная LED C35 свеча прозр. 5Вт 230В 4000К E14 серия 360° IEK,шт,LLF-C35-5-230-40-E14-CL
081100711_,Лампа филаментная LED C35 свеча прозр. 5Вт 230В 4000К E27 серия 360° IEK,шт,LLF-C35-5-230-40-E27-CL
081100712_,Лампа филаментная LED C35 свеча золото 7Вт 230В 2700К E14 серия 360° IEK,шт,LLF-C35-7-230-30-E14-CLG
081100713_,Лампа филаментная LED C35 свеча прозр. 7Вт 230В 3000К E27 серия 360° IEK,шт,LLF-C35-7-230-30-E27-CL
081100714_,Лампа филаментная LED C35 свеча прозр. 7Вт 230В 4000К E27 серия 360° IEK,шт,LLF-C35-7-230-40-E27-CL
081100715_,Лампа филаментная LED CT35 свеча вит. 5Вт 230В 3000К E14 серия 360° IEK,шт,LLF-CT35-5-230-30-E14-CL
081100716_,Лампа филаментная LED CT35 свеча вит. 5Вт 230В 3000К E27 серия 360° IEK,шт,LLF-CT35-5-230-30-E27-CL
081100717_,Лампа филаментная LED CT35 свеча вит. 5Вт 230В 4000К E14 серия 360° IEK,шт,LLF-CT35-5-230-40-E14-CL
081100718_,Лампа филаментная LED CT35 свеча вит. 5Вт 230В 4000К E27 серия 360° IEK,шт,LLF-CT35-5-230-40-E27-CL
081100719_,Лампа филаментная LED CT35 свеча вит. 7Вт 230В 3000К E14 серия 360° IEK,шт,LLF-CT35-7-230-30-E14-CL
081100720_,Лампа филаментная LED CT35 свеча вит. 7Вт 230В 3000К E27 серия 360° IEK,шт,LLF-CT35-7-230-30-E27-CL
081100721_,Лампа филаментная LED CT35 свеча вит. 7Вт 230В 4000К E14 серия 360° IEK,шт,LLF-CT35-7-230-40-E14-CL
081100722_,Лампа филаментная LED CT35 свеча вит. 7Вт 230В 4000К E27 серия 360° IEK,шт,LLF-CT35-7-230-40-E27-CL
081100723_,Лампа филаментная LED G95 шар золото 6Вт 230В 2700К E27 серия 360° IEK,шт,LLF-G95-6-230-30-E27-CLG
081100724_,Лампа филаментная LED ST64 золото 6Вт 230В 2700К E27 серия 360° IEK,шт,LLF-ST64-6-230-30-E27-CLG
081100743_,Лампа LED T75 таблетка 6Вт 230В 4000К GX53 IEK,шт,LLE-T80-6-230-40-GX53
081100744_,Лампа LED T75 таблетка 6Вт 230В 6500К GX53 IEK,шт,LLE-T80-6-230-65-GX53
081100745_,Лампа LED T75 таблетка 10Вт 230В 4000К GX53 IEK,шт,LLE-T80-10-230-40-GX53
081100746_,Лампа LED T75 таблетка 10Вт 230В 6500К GX53 IEK,шт,LLE-T80-10-230-65-GX53
081100747_,Лампа LED T75 таблетка 15Вт 230В 4000К GX53 IEK,шт,LLE-T80-15-230-40-GX53
081100748_,"Патрон подвесной E27 со шнуром 1,5м RETRO золото IEK",шт,EPA12-04-02-K22
081100749_,Светильник встраиваемый под лампу GX53 белый IEK,шт,LUVB0-GX53-1-K01
081100750_,Светильник накладной под лампу GX53 белый IEK,шт,LUPB0-GX53-1-K01
081100751_,Светильник LED настол. 2013 9Вт ночник белый IEK,шт,LDNL0-2013-1-VV-5-K01
081100752_,Светильник LED настол. 2013 9Вт ночник черный IEK,шт,LDNL0-2013-1-VV-5-K02
081100753_,Светильник LED настол. 2015 8Вт белый IEK,шт,LDNL2-2015-1-VV-08-K01
081100754_,Светильник LED настол. 2015 8Вт черный IEK,шт,LDNL2-2015-1-VV-08-K02
081100755_,Светильник LED настол. 2012 5Вт карман белый IEK,шт,LDNL3-2012-1-VV-5-K01
081100756_,Светильник настол. 1005 с кармашком Е27 белый IEK,,LNNL5-1005-2-VV-40-K01
081100757_,Светильник настол. 1005 с кармашком Е27 черный IEK,шт,LNNL5-1005-2-VV-40-K02
081100758_,Светильник-ночник 005 овал 220В IEK,шт,LDNN0-005-OV-P-00-S-K01
081100759_,Светильник-ночник 002 овал розетка 220В IEK,шт,LDNN1-002-OV-P-00-S-K01
081100760_,Светильник-ночник 001 круг USB датчик осв. 220В IEK,шт,LDNN5-001-SQ-P-00-S-K01
081100761_,Светильник-ночник 018 квадрат датчик осв. 220В IEK,шт,LDNN8-018-SQ-P-00-S-K01
081100762_,Светильник ДБА 3927 аккумулятор 15ч 9Вт IEK,,LDBA0-3927-90-K01
081100766_,Светильник LED переносной ДРО 2060 IP44 шнур 10м черный IEK,шт,LDRO1-2060-04-10-K02
081100767_,Светильник LED переносной ДРО 2061 IP54 шнур 10м черный IEK,шт,LDRO1-2061-09-10-K02
081100768_,"Светильник аварийный ДПА 5030-1, NI-CD, пост.,1ч,IP20, IEK",шт,LDPA0-5030-1H-K01
081100769_,"Светильник аварийный ДПА 5030-3, NI-CD, пост.,3ч,IP20, IEK",шт,LDPA0-5030-3H-K01
081100771_,"Датчик движения ДД 018В белый, макс. нагрузка 1100Вт, угол обзора 270град., дальность 12м, IP44, IEK",шт,LDD10-018B-1100-001
081100772_,Датчик движения ДД 022 белый 2000Вт 360гр 4мх20м IP20 IEK,шт,LDD11-022-2000-001
081100774_,"Датчик движения ДД 201 белый, 1200Вт, 360 гр.,6М,IP20,IEK",шт,LDD11-201-1200-001
081100776_,Датчик движения ДД 030 белый 500Вт 160гр 9м IP20 IEK E-PRO,шт,LDD12-030-500-001
081100777_,Датчик движения ДД 031 белый 500Вт 190гр 9м IP20 IEK E-PRO,шт,LDD12-031-500-001
081100778_,"Датчик движения ДД 035 белый, макс. нагрузка 500Вт, угол обзора 140град., дальность 12м, IP20, IEK E",шт,LDD12-035-500-001
081100779_,"Датчик движения ДД 017 белый, макс. нагрузка 1100Вт, угол обзора 120град., дальность 12м, IP44 IEK",шт,LDD13-017-1100-001
081100780_,Фотореле ФР 603 макс. нагрузка 2200ВА IP66 белый IEK (50),шт,LFR20-603-2200-K01
081100781_,Фотореле ФР 604 макс. нагрузка 3300ВА IP66 белый IEK,шт,LFR20-604-3300-K01
114001002_,Мультиметр цифровой Universal M830B IEK (60),шт,TMD-2B-830
114001003_,Мультиметр цифровой Professional MY64 IEK E-PRO,шт,
114001010_,Мультиметр цифровой Compact M182 IEK (100),шт,TMD-1S-182
120100001_,Контактор КМИ-10910 9А 230В (1вел) IEK (1/50),шт,KKM11-009-230-10
120100002_,Контактор КМИ-11210 12А 230В (1вел) IEK (1/50),шт,KKM11-012-230-10
120100003_,Контактор КМИ-11260 12А 380В IP54 (1вел в корпусе) IEK (1/20),шт,KKM16-012-380-00
120100004_,Контактор КМИ-11810 18А 230В (1вел) IEK (1/50),шт,KKM11-018-230-10
120100005_,Контактор КМИ-11860 18А 380В IP54 (1вел в корпусе) IEK (1/20),шт,KKM16-018-380-00
120100006_,Контактор КМИ-22510 25А 230В (2вел) IEK (1/50),шт,KKM21-025-230-10
120100008_,Контактор КМИ-22560 25А 380В IP54 (2вел в корпусе) IEK (1/16),шт,KKM26-025-380-00
120100009_,Контактор КМИ-23211 32А 400В (2вел) IEK (1/50)*,,KKM21-032-400-01
120100010_,Контактор КМИ-23260 32А 380В IP54 (2вел в корпусе) IEK (1/16),шт,KKM26-032-380-00
120100011_,Контактор КМИ-34012 40А 230В (3вел) IEK (1/20),шт,KKM31-040-230-11
120100012_,Контактор КМИ-34062 40А 380В IP54 (3вел в корпусе) IEK (1/6),,KKM36-040-380-00
120100013_,Контактор КМИ-35012 50А 230В (3вел) IEK (1/20),шт,KKM31-050-230-11
120100016_,Контактор КМИ-49512 95А 230В (4вел) IEK (1/16),шт,KKM41-095-230-11
120100018_,Контактор КМИ-35062 50А 380В IP54 (3вел в корпусе) IEK (1/6)*,шт,KKM36-050-380-00
120100030_,Контактор КМИ-23210 32А 230В (2вел) IEK (1/50),шт,KKM21-032-230-10
120100031_,Механизм блокировки для КМИ (40-95А) IEK,шт,
120100032_,Контактор КМИ-10910 9А 400В (1вел) IEK (1/50),шт,KKM11-009-400-10
120100033_,Контактор КМИ-11210 12А 400В (1вел) IEK (1/50),шт,KKM11-012-400-10
120100034_,Контактор КМИ-11810 18А 400В (1вел) IEK (1/50),шт,KKM11-018-400-10
120100035_,Контактор КМИ-22510 25А 400В (2вел) IEK (1/50),шт,KKM21-025-400-10
120100036_,Контактор КМИ-23210 32А 400В (2вел) IEK (1/50),шт,KKM21-032-400-10
120100037_,Контактор КМИ-34012 40А 400В (3вел) IEK (1/20),шт,KKM31-040-400-11
120100038_,Контактор КМИ-35012 50А 400В (3вел) IEK (1/20),шт,KKM31-050-400-11
120100041_,Контактор КМИ-48012 80А 230В (4вел) IEK (1/16),шт,KKM41-080-230-11
120100042_,Контактор КМИ-48012 80А 400В (4вел) IEK (1/16),шт,KKM41-080-400-11
120100043_,Контактор КТИ 5150 150А 230В IEK (1/4),шт,KKT50-150-230-10
120100044_,Контактор КТИ 5150 150А 400В IEK (1/4),шт,KKT50-150-400-10
120100045_,Контактор КМИ-10960 9А 380В IP54 (1вел в корпусе) IEK (1/20),шт,KKM16-009-380-00
120100046_,Контактор КТИ 5225 225А 400В IEK (1/2),шт,KKT50-225-400-10
120100047_,Контактор КТИ 5225 225А 230В IEK (1/2),шт,KKT50-225-230-10
120100049_,Контактор КТИ 5330 330А 400В IEK (1/2),,KKT50-330-400-10
120100050_,Контактор КТИ 6400 400А 400В IEK (1/2),шт,KKT60-400-400-10
120100054_,Контактор КТИ-7630 630А 400В/АС3 IEK,шт,
120100055_,Контактор КМИ-10960 9А 220В IP54 (1вел в корпусе) IEK (1/20),шт,KKM16-009-220-00
120100056_,Контактор КМИ-11260 12А 220В IP54 (1вел в корпусе) IEK (1/20),шт,KKM16-012-220-00
120100057_,Контактор КМИ-11860 18А 220В IP54 (1вел в корпусе) IEK (1/20),шт,KKM16-018-220-00
120100058_,Контактор КМИ-22560 25А 220В IP54 (2вел в корпусе) IEK (1/16),шт,KKM26-025-220-00
120100059_,Контактор КМИ-23260 32А 220В IP54 (2вел в корпусе) IEK (1/16),шт,KKM26-032-220-00
120100060_,Контактор КМИ-35062 50А 220В IP54 (3вел в корпусе) IEK (1/6),шт,KKM36-050-220-00
120100065_,"Пускатель ПРК32 0,4-0,63А 660В IEK (1) ***",,DMS11-001
120100066_,"Пускатель ПРК32 0,63-1А 380В IEK (1) !!!",шт,
120100067_,"Пускатель ПРК32 1,6 In=1,6А Ir=1-1,6А Ue 660В IEK (1/50) !!!",шт,
120100068_,"Пускатель ПРК32 2,5-4А 660В IEK (1) !!!",шт,
120100069_,"Пускатель ПРК32-6,3 In=6,3A Ir=4-6,3A Ue 660В IEK (1/50)",шт,DMS11-D63
120100070_,Пускатель ПРК32-10 In=10A Ir=6-10A Ue 660В IEK (1/50),шт,DMS11-010
120100071_,Пускатель ПРК32-14 In=14A Ir=9-14A Ue 660В IEK (1/50),шт,DMS11-014
120100072_,Пускатель ПРК32-18 In=18A Ir=13-18A Ue 660В IEK (1/50),шт,DMS11-018
120100073_,Пускатель ПРК32-25 In=25A Ir=20-25A Ue 660В IEK (1/50),шт,DMS11-025
120100074_,Контактор КМ20-20 АС/DC IEK (8/120),,MKK10-20-20
120100075_,Контактор КМ25-40 АС/DC IEK (4/60),,MKK20-25-40
120100076_,Контактор КМ40-40 АС/DC IEK (4/60),,MKK20-40-40
120100077_,Контактор КМ63-40 АС/DC IEK (4/60),,MKK20-63-40
120100079_,Пускатель ПРК32 2.5 In=2.5А Ir=1.6-2.5A Ue 660В IEK (50) !!!,шт,
120100080_,Контактор КМИ-34062 40А 220В IP54 (3вел в корпусе) IEK (1/6),шт,KKM36-040-220-00
120100081_,Контактор КМИ-49512 95А 400В (4вел) IEK (1/16),шт,KKM41-095-400-11
120100085_,Контактор КТИ 5185 185А 230В IEK (1/4),шт,KKT50-185-230-10
120100086_,Контактор КТИ 5265 265А 230В IEK (1/2),шт,KKT50-265-230-10
120100087_,Контактор КТИ 6400 400А 230В IEK (1/4),шт,KKT60-400-230-10
120100088_,Контактор КТИ 5185 185А 400В IEK (1/4),шт,KKT50-185-400-10
120100089_,Контактор КТИ 5265 265А 400В IEK (1/2),шт,KKT50-265-400-10
120100118_,Контактор КМИ-46512 65А 230В (4вел) IEK (1/20),шт,KKM41-065-230-11
120100119_,Контактор КМИ-46512 65А 400В (4вел) IEK (1/20),шт,KKM41-065-400-11
120100122_,Контактор КМИ-46562 65А 380В IP54 (3вел в корпусе) IEK (1/6),шт,KKM46-065-380-00
120100178_,Контактор КМ 20-22 АС IEK (6/90) NEW,,MKK20-20-22
120100188_,Контактор КМ 25-22 АС IEK (6/90) NEW,,MKK20-25-22
120100203_,Контактор КМ40-20 АС/DC IEK (60) !!!,шт,
120100216_,Контактор КМИ-11211 12А 230В/АС3 1Н3 IEK !!!,шт,
120100219_,Контактор КМ 63-11 АС IEK (6/90) !!!,шт,MKK10-63-11
120100220_,Контактор КМ 40-11 АС IEK (6/90),шт,
120100221_,Контактор КМ 20-11 АС IEK (8/120) NEW,,MKK10-20-11
120100231_,Контактор КМ 63-11M AC IEK,,MKK11-63-11
120100306_,Контактор КМ 20-20М AC IEK,шт,MKK11-20-20
120100307_,Контактор КМ 20-40М AC IEK,шт,MKK11-20-40
120100308_,Контактор КМ 40-40М AC/DC IEK,шт,MKK21-40-40
120100309_,Контактор КМ 63-40М AC/DC IEK,шт,MKK21-63-40
120100319_,Контактор КМ 25-40М AC/DC IEK !!!,шт,
120100320_,Контактор КМ 20-11М AC IEK,,MKK11-20-11
120100322_,Контактор КМ 25-22М AC IEK,,MKK11-25-22
120100325_,Контактор КМ 40-20М AC IEK,шт,MKK11-40-20
120300008_,Контактор КТИ 5115 115А 230В IEK (1/4),шт,KKT50-115-230-10
120300023_,Контактор КТИ 5115 115А 400В IEK (1/4),шт,KKT50-115-400-10
130200006_,"Шина ""N"" нулевая 6х9мм 14/1 (крепеж по центру) IEK (10)",шт,YNN10-14-100
130200007_,"Шина ""N"" нулевая 6х9мм 14/2 (крепеж по краям) IEK (10)",шт,YNN11-14-100
130200008_,"Шина ""N"" нулевая 8х12мм 14/1 (крепеж по центру) IEK (10)",шт,YNN20-14-100
130200012_,Шина соединительная PIN (штырь) 1ф 63А (1м) IEK (40),м,YNS21-1-063
130200013_,Шина соединительная PIN (штырь) 3ф 100А (1м) IEK (10),м,YNS21-3-100
130200015_,Шина соединительная PIN (штырь) 3ф 63А (1м) IEK (10),м,YNS21-3-063
130200016_,Ограничитель на DIN-рейку (металл) IEK (900),шт,YXD10
130200019_,Свет. индикатор фаз (3-х фазн. на DIN-рейку) IEK (24/480),шт,MIF10-400
130200020_,Замок 18-18\34 IEK,шт,YZK10-18-18-34
130200021_,Замок 18-20\40 IEK,шт,YZK10-18-20-40
130200022_,Замок 20-22\40 IEK,шт,YZK10-20-22-40
130200023_,Замок 20-22\45 IEK,шт,YZK11-20-22-45
130200028_,Рукоятка для съема РС-1 IEK (1/56),,DPP00D-RS1
130200032_,Розетка на дин-рейку РАр10-3-ОП с заземлением IEK,шт,MRD10-16
130200034_,DIN-рейка (60см) IEK (20),шт,YDN10-0060
130200035_,DIN-рейка (30 см) IEK (50),шт,YDN10-0030
130200036_,DIN-рейка (125cм) IEK (20),шт,YDN10-0125
130200063_,"Шина ""N"" нулевая 8х12мм 14/2 (крепеж по краям) IEK (10)",шт,YNN21-14-100
130200073_,Замок-защелка с трехгранным ключом IP54 (22-25/44),шт,YZK21-00
130200074_,"Шина ""N"" нулевая 6х9мм 8/1 (крепеж по центру) IEK (10/960)",шт,YNN10-08-100
130200075_,"Шина ""N"" нулевая 6х9мм 8/2 (крепеж по краям) IEK (10/960)",шт,YNN11-08-100
130200080_,DIN-рейка (10 см) IEK (50),,YDN10-00100
130200082_,DIN-рейка (20 см) IEK (50),,YDN10-0020
130200085_,Кнопка управления модульная КМУ-11 IEK (12/144),шт,MBD10-11-K51
130200089_,"Шина ""N"" нулевая 6х9мм с изол 12-Д-С IEK (20)",шт,YNN10-69-12D-K07
130200120_,"Шина ""N"" нулевая 8х12мм комб с изол ""Стойка"" ШНИ 6 КС IEK (20)",шт,YNN10-812-6DP-K07
130200121_,"Шина ""N"" нулевая 8х12мм комб с изол ""Стойка"" ШНИ 8 КС IEK (20)",шт,YNN10-812-8DP-K07
130200122_,"Шина ""N"" нулевая 8х12мм комб с изол ""Стойка"" ШНИ 10 КС IEK (20)",шт,YNN10-812-10DP-K07
130200123_,"Шина ""N"" нулевая 8х12мм комб с изол ""Стойка"" ШНИ 12 КС IEK (20)",шт,YNN10-812-12DP-K07
130200124_,"Шина ""N"" нулевая 8х12мм комб с изол ""Стойка"" ШНИ 14 КС IEK (20)",шт,YNN10-812-14DP-K07
130200125_,"Шина ""N"" нулевая 6х9мм комб с изол ""Стойка"" ШНИ 12С IEK (20)",шт,YNN10-69-12P-K07
130200126_,"Шина ""N"" нулевая 6х9мм комб с изол ""Стойка"" ШНИ 14С IEK (20)",шт,YNN10-69-14P-K07
130200127_,"Шина ""N"" нулевая 6х9мм на DIN-рейку в корпусном изоляторе ШНИ 12К IEK (10)",шт,YNN10-69-12KD-K06
130200128_,"Датчик движения ДД 024 белый,до 1100 Вт,дальность 6 м IP33 IEK (60)",шт,LDD11-024-1100-001
130200131_,"Стабилизатор СНИ 0,5 кВА (1ф) IEK (1)",шт,IVS10-1-00500
130200133_,"Шина ""N"" нулевая 2х15 групп на DIN-рейку в корпусе IEK (10)",шт,YND10-2-15-125
130200134_,"Шина ""N"" нулевая 2х 7 групп на DIN-рейку в корпусе IEK (10)",шт,YND10-2-07-100
130200135_,"Шина ""N"" нулевая 4х11 групп на DIN-рейку в корпусе IEK (10)",шт,YND10-4-11-125
130200136_,"Шина ""N"" нулевая 4х 7 групп на DIN-рейку в корпусе IEK (10)",шт,YND10-4-07-100
130200154_,Шина соединительная PIN (штырь) 3ф 63А (22см) IEK (10),шт,YNS21-3-063-22-12
130200159_,ССА1001 аварийный LED 3Вт Exit IEK (20) !!!,шт,LSSA0-1001-003-K03
130200160_,ССА1002 аварийный LED 3Вт Запасной выход IEK (20),,LSSA0-1002-003-K03
130200183_,Токоизмерительные клещи Expert 266С IEK (20),шт,TCM-1C-266
130200184_,Мультиметр цифровой Master MAS838L IEK (40),шт,TMD-3L-838
130200185_,Мультиметр цифровой Master MAS830L IEK (40),шт,TMD-3L-830
130200285_,Пассатижи Expert 200мм IEK,шт,TPL-2-200
130200298_,"Датчик движения ДД 013 белый,до 1200 Вт,дальность 12 м IP65 IEK (50)",шт,LDD10-013-1100-001
130200299_,"Датчик движения ДД 016 угловой белый,до 800 Вт,дальность 12 м IP44 IEK (50)",шт,LDD11-016-800-001
130200300_,"Датчик движения ДД 026 белый,до 2000 Вт,дальность 6 м IP20 IEK (50)",шт,LDD11-026-2000-001
130200301_,"Датчик движения ДД 045 белый E27,до 60 Вт,дальность 6 м IP20 IEK (50)",шт,LDD10-045-60-001
130200302_,"Датчик движения ДД 401 белый,до 800 Вт,дальность 8 м IP20 IEK (50)",шт,LDD11-401-800-001
130200305_,Петля металлическая LOOP,шт,
130200313_,Переходник Н100х200 IEK !!!,шт,CLP1H-100-200
130200314_,Переходник Н100х400 IEK !!!,шт,CLP1H-100-400
130200315_,DIN-рейка (25 см) IEK (50),,YDN10-0025
130200339_,Пассатижи Expert 160мм IEK,,TPL-2-160
130200340_,Пассатижи Expert 180мм IEK,шт,TPL-2-180
130200341_,Пассатижи Profi 180мм IEK,,TPL-3-180
130200342_,Пассатижи Profi 200мм IEK,шт,TPL-3-200
130200343_,Кусачки боковые Expert 1000 В 160мм IEK,шт,TCP-2-160
130200378_,Светильник светодиодный аккумуляторный ДБА 3928 15ч 12Вт IEK,шт,LDBA0-3928-60-K01
130200381_,Светильник ДБА 3926 аккумулятор 3ч 3Вт IEK,шт,LDBA0-3926-30-K01
130200387_,Кусачки боковые Master 160мм IEK,шт,
130200409_,"Шина РЕ ""земля"" в комб DIN-изол ""Стойка"" ШНИ-8х12-8-КС-Ж IEK",шт,YNN10-812-8DP-K05
130200413_,Сумка монтажника универсальная BG-04 ARMA2L 5 IEK (1),шт,A2L5-BG10-04-K02
130200414_,Сумка монтажника с пластиковым дном BG-02 ARMA2L 5 IEK (1),шт,A2L5-BG12-02-K02
130200415_,Сумка монтажника с пластиковым дном BG-03 ARMA2L 5 IEK (1),шт,A2L5-BG12-03-K02
130200416_,Сумка монтажника открытого типа BG-05 ARMA2L 5 IEK (1),шт,A2L5-BG30-05-K02
130200417_,Вкладыш для инструмента BO-08 ARMA2L 5 IEK (1),шт,A2L5-BO10-08-K02
130200418_,Рюкзак монтажника с резиновым дном BP-07 ARMA2L 5 IEK (1),шт,A2L5-BP11-07-K02
130200419_,Бокорезы усиленные 180мм K4 ARMA2L 5 IEK (1),шт,A2L5-HC10-K4-180
130200420_,Тонкогубцы 160мм K4 ARMA2L 5 IEK (1),шт,A2L5-LN10-K4-160
130200421_,Тонкогубцы 200мм K4 ARMA2L 5 IEK (1),шт,A2L5-LN10-K4-200
130200422_,Бокорезы 160мм K4 ARMA2L 5 IEK (1),шт,A2L5-PC10-K4-160
130200423_,Бокорезы 180мм K4 ARMA2L 5 IEK (1),шт,A2L5-PC10-K4-180
130200424_,Пассатижи 160мм K4 ARMA2L 5 IEK (1),шт,A2L5-PL10-K4-160
130200425_,Пассатижи 180мм K4 ARMA2L 5 IEK (1),шт,A2L5-PL10-K4-180
130200426_,Пассатижи 200мм K4 ARMA2L 5 IEK (1),шт,A2L5-PL10-K4-200
130200430_,Детектор напряжения бесконтактный VD10 ARMA2L 5 IEK (300) NEW,шт,A2L5-VD10-10
130200431_,Мультиметр цифровой DM1A ARMA2L IEK (40) NEW,шт,A2L5-DM11-01
130200432_,Мультиметр цифровой цифровой DM2A IEK ARMA2L 5 IEK (40) NEW,шт,A2L5-DM11-02
130200433_,Мультиметр цифровой цифровой DM3B IEK ARMA2L 5 IEK (30) NEW,шт,A2L5-DM12-03
130200434_,Мультиметр цифровой цифровой DM3C IEK ARMA2L 5 IEK (30) NEW,шт,A2L5-DM13-03
130200435_,Мультиметр цифровой цифровой DM1E IEK ARMA2L 5 IEK (40) NEW,шт,A2L5-DM15-01
130200436_,Токоизмерительные клещи CM1A IEK ARMA2L 5 IEK (30) NEW,шт,A2L5-CM11-01
130200437_,Токоизмерительные клещи CM1C IEK ARMA2L 5 IEK (30) NEW,шт,A2L5-CM13-01
130200438_,Токоизмерительные клещи CM2C IEK ARMA2L 5 IEK (60) NEW,шт,A2L5-CM13-02
130200439_,Токоизмерительные клещи CM1D IEK ARMA2L 5 IEK (30) NEW,шт,A2L5-CM14-01
130200440_,Лента с магнитом для мультиметров MT10 ARMA2L 5 IEK (200) NEW,шт,A2L5-DM10D-MT1
130200441_,Комплект щупов щупов и крокодилов TL30 IEK ARMA2L 5 IEK (200) NEW,шт,A2L5-DM10D-TL2-110-22
130200442_,Пирометр инфракрасный IT1A ARMA2L 5 IEK (50) NEW,шт,A2L5-IT11-01
130200443_,Пирометр инфракрасный IT2B ARMA2L 5 IEK (40) NEW,шт,A2L5-IT12-02
130200444_,Тестер розеток розеток ST02D ARMA2L 5 IEK (100) NEW,шт,A2L5-ST14-02
130200445_,Тестер розеток розеток ST03D ARMA2L 5 IEK (80) NEW,шт,A2L5-ST14-03
130200490_,Отвертка диэлектрическая с жалами SLIM 13шт ARMA2L 5 IEK,шт,A2L5-NS30-T2-13
130200491_,Набор динамометрической отвертки со сменными жалами SLIM Т2 14шт ARMA2L 5 IEK,шт,A2L5-NS50-T2-14
130200492_,Отвертка диэлектрическая PZ/SL1х80 Т2 ARMA2L 5 IEK,шт,A2L5-SC30-T2-ZS-10-080
130200493_,Отвертка диэлектрическая PZ/SL2х100 Т2 ARMA2L 5 IEK,шт,A2L5-SC30-T2-ZS-20-100
130200494_,Отвертка диэлектрическая SLIM PH/SL2х100 Т2 ARMA2L 5 IEK,шт,A2L5-SC31-T2-HS-20-100
130300003_,Пост тельф.ПКТ-63 (на 6 кноп.) IP54 IEK (5/30),шт,BPU10-6
130300004_,Пост тельф.ПКТ-62 (на 4 кноп.) IP54 IEK (5/40),шт,BPU10-4
130300005_,Отвертка пробник ОП-1 IEK (120),шт,TPR10
130300006_,Отвертка пробник ОП-2Э IEK (120),шт,TPR20
130300020_,Расцепитель независимый РН47 на DIN-рейку НОВЫЕ IEK (12/240),шт,MVA01D-RN
130300021_,Кнопка ABLFS-22 (зеленый неон) IEK (10/200),шт,BBT30-ABLFS-K06
130300022_,Кнопка ABLFS-22 (красный неон) IEK (10/200),шт,BBT30-ABLFS-K04
130300032_,"Клещи обжимн КО-5Е 0,5-6мм IEK (40)",,TKL20-D05-006
130300033_,Клещи обжимн КО-6Е 6-16мм IEK (40),шт,TKL20-006-016
130300035_,"ЗВИ-10 2,5-6мм2 12пар IEK E-PRO",шт,
130300036_,ЗВИ 30 ПВХ (6-16мм ² 30А) 12 пар IEK (10),,UZV1-030-10
130300037_,"ЗВИ 5 ПВХ (1,5-4мм ² 5А) 12 пар IEK (10)",шт,UZV3-005-04
130300038_,ЗВИ 60 ПВХ (6-16мм ² 60А) 12 пар IEK (10),шт,UZV1-060-16
130300039_,ЗНИ 10мм ² (70А) серый IEK (40),шт,YZN10-010-K03
130300040_,ЗНИ 35мм ² (125) серый IEK (30),шт,YZN10-035-K03
130300041_,ЗНИ 4мм ² (35А) серый IEK(60),шт,YZN10-004-K03
130300042_,ЗНИ 6мм ² серый IEK (20),,YZN10-006-K03
130300080_,"Кнопка PPВВ-30N ""ПУСК-СТОП"" Ø30мм IEK (10/200)",шт,BBD21-PPBB-K51
130300084_,Звонок ЗД-47 на DIN-рейку IEK (12/240),шт,MZD10-230
130300089_,"Сизы-1 (2,0-4,0) оранжевый P7-3 IEK (100)",упак,USC-10-5-100
130300090_,"Сизы-1 (2,5-4,5) желтый P7-4 IEK (100)",упак,USC-10-6-100
130300091_,"Сизы-1 (4,0-11,0) красный P7-5 IEK (100)",упак,USC-10-7-100
130300101_,Переключатель AKS-22 (черный с ключом на 2 фикс.полож.) IEK (10/200),шт,BSW10-AKS-2-K02
130300102_,Таймер ТЭ15 цифровой 16А 230В на DIN-рейку IEK (100),шт,MTA10-16
130300103_,Приставка ПКИ 11 1з+1р IEK (1/250),шт,KPK10-11
130300105_,ЗВИ 150 ПВХ (16-35мм ² 150А) 12 пар IEK (10),шт,UZV3-150-35
130300107_,"ЗВИ 3 ПВХ (1,0-2,5мм ² 3А) 12 пар IEK (10)",шт,UZV3-003-04
130300108_,ЗВИ 15 ПВХ (4-10мм ² 15А) 12 пар IEK (10),шт,UZV1-015-06
130300142_,Заглушка для ЗНИ4-6мм2 (JXB35-50A) серый IEK!!!,шт,
130300143_,Заглушка для ЗНИ-10мм ² серый IEK * (1000),шт,YZN10D-ZGL-010-K03
130300147_,Клещи обжимн КО-07Е 10-35мм IEK (40),шт,TKL20-010-035
130300152_,Приставка ПКИ 22 2з+2р IEK (1/250),шт,KPK10-22
130300154_,"Кнопка APBB-22N ""ПУСК-СТОП"" Ø22мм IEK(10/200)",шт,BBD11-APBB-K51
130300155_,Расцепитель независ РН47 на DIN-рейку IEK (1) ***,,MVA00D-RMM
130300166_,Основание контакт. ДП-33 габарит 00 (160А) IEK (3/72) !!!,шт,
130300169_,ЗНИ 16мм ² (100А) синий IEK (30),шт,YZN10-016-K07
130300172_,"Приставка ПВИ-11 задержка на вкл.0,1-30 сек.1з+1р IEK (200)!!!",шт,
130300178_,Основание контакт. ДП-39 (630А) IEK (1/14) !!!,шт,
130300193_,ЗНИ 16мм ² (100А) серый IEK (30) !!!,шт,
130300204_,Пост тельф.ПКТ-61 (на 2 кноп.) IP54 IEK (5/60),шт,BPU10-2
130300207_,ОПС1-C 2Р In=20kA Un=400B Im=40kA IEK,шт,MOP20-2-C
130300208_,Основание контакт. ДП-35 (250А) IEK (1/28) !!!,шт,
130300209_,Основание контакт. ДП-37 (400А) IEK (1/18) !!!,шт,
130300210_,Основание контакт. ДП-33 габарит 0 (160А) IEK (3/54) !!!,шт,
130300213_,ОПС1-В 1Р IEK (1) !!!,шт,
130300214_,ОПС1-В 3Р IEK (1) !!!,шт,
130300215_,ОПС1-С 1Р IEK *** (1),,MOP20-1-C
130300220_,"Фотореле ФР 601 серый, 2200 Вт IP44 IEK (120)",шт,LFR20-601-2200-003
130300221_,"Фотореле ФР 602 серый, 5500 Вт IP44 (120)",шт,LFR20-602-4400-003
130300223_,ЗНИ 2.5мм ² (24А) серый IEK (50),шт,YZN10-002-K03
130300226_,Зажим наборный ЗНИ - 6PEN 6мм2 (JXB-земля) IEK,шт,
130300227_,ЗНИ 10PEN 10мм2 (JXB-земля) IEK E-PRO,шт,
130300231_,ЗНИ 4мм ² (35А) синий IEK (60),шт,
130300233_,ЗНИ 10мм ² (70А) синий IEK (40),шт,YZN10-010-K07
130300247_,Таймер ТО47 освещения 16 230В на DIN-рейку IEK !!! (200),шт,
130300271_,"Сизы-1 (1,5-3,5) синий IEK (100)",упак,USC-10-4-100
130300275_,Сизы-1 (9-25мм) серый IEK (100),упак,USC-10-8-100
130300287_,"Датчик движения ДД 008 белый,до 1100 Вт,дальность 12 м IP44 IEK (48)",шт,LDD10-008-1100-001
130300288_,"Датчик движения ДД 010 белый,до 1100 Вт,дальность 10 м IP44 IEK (48)",шт,LDD10-010-1100-001
130300290_,ЗНИ 70мм ² (250А) синий IEK (8),,YZN10-070-K07
130300291_,Ножницы (секторные) для резки кабеля НС-240 (до 240мм) IEK,шт,TLK10-240
130300292_,Ножницы (секторные) для резки кабеля НК-250 IEK (240мм),шт,TLK10-250
130300293_,"Автоматический стриппер АС 0,018-2,5 IEK",шт,TFS-D3
130300302_,Таймер ТЭМ 181 аналоговый 16А 230В на DIN-рейку IEK (100),шт,MTA20-16
130300325_,"Сизы-1 (1,0-3,0) жел/сер IEK (100)",,USC-10-3-100
130300363_,ЗВИ 20 ПВХ (4-10мм ² 15А) 12 пар IEK,,UZV3-020-06
130300368_,Заглушка для ЗНИ-16мм ² синий IEK*** (500),,YZN10D-ZGL-016-K07
130300418_,"773-302 Клемма (2,5мм 32А) TDM (100) !!!",шт,
130300449_,Скрепа СУ-20 IEK (100),упак,UZA-51-100
130300471_,Скрепа СГ-20 IEK (100),упак,UZA-50-100
130300518_,Гильза изолир. фазная ГИФ 16 IEK (10)(200),шт,UZA-23-D16
130300519_,Гильза изолир. фазная ГИФ 25 IEK (10)(200),шт,UZA-23-D25
130300520_,Гильза изолир. фазная ГИФ 35 IEK (10)(200),шт,UZA-23-D35
130300521_,Гильза изолир. фазная ГИФ 50 IEK (10)(200),шт,UZA-23-D50
130300524_,Зажим анкерный ЗАБу 4х10-35 IEK (30),шт,UZA-14-D10-D35
130300526_,ЗОИ 35-150/35-150 IEK (36),шт,UZA-11-D35-D150-1
130300527_,ЗОИ 35-150/6-35 IEK (144),шт,UZA-11-D06-D150
130300528_,Фасадное крепление КФК12-47.1 IEK (50) (150),шт,UKA-32-12-471
130300529_,Фасадное крепление КФК15-57.6 IEK (50) (150),шт,UKA-32-15-576-ECLN
130300531_,Раскаточный ролик РОР 1700 IEK ***,,UZA-42-1700-1
130300532_,Зажим анкерный ЗАС 4х16-50/14400 (HEL-5506) IEK (15),шт,UZA-14-D16-D50-14400
130300533_,Зажим анкерный ЗАС 4х70-95/27400 (HEL-5507) IEK (8),шт,UZA-14-D70-D95-27400
130300534_,Зажим плашечный ЗП 6-95/6-95 (SL37.27) IEK (21),шт,UZP-11-S06-S095
130300535_,Крюк КМ-1800 IEK (25),шт,UKK-12-3-1800
130300536_,Крюк КМ-2800 IEK (25),шт,UKK-12-3-2800
130300537_,Зажим промеж. ЗПС 2х25/120/1200/30 (SO140.02) IEK (40),шт,UZA-15-D25-D120-90-12
130300538_,Зажим промеж. ЗПС 2х25-4х120/1800/30 (SO130.02) IEK (40),шт,UZA-15-D25-D120-30-60-18
130300544_,"Клещи обжимн КО-04Е 0,5-6мм(квадрат) IEK (40)",шт,TKL10-D4
130300545_,"Клещи обжимн КО-08Е0,5-6мм (шестиграннник) IEK (40)",шт,TKL10-D6
130300546_,"Клещи обжимн КО-01 1,5-6мм IEK (40)",шт,TKL10-D15-006
130300555_,Реле РЭК77/3(LY3) 10А 230В АC IEK,,RRP10-3-10-220A
130300596_,Ножницы (секторные) для резки кабеля НС-300 (до 300мм) IEK,шт,TLK10-300
130300605_,"ЗВИ 10 ПВХ (2,5-6мм ² 10А) 12 пар (2 шт/блистер) IEK (50)",упак,UZV4-010-06-2
130300606_,Кронштейн анкерный КАБ-200 IEK !!!,шт,
130300608_,"ЗОИ 16-70/1,5-10 IEK (35) (140)",шт,UZA-11-D01-D10
130300742_,"Кнопка APВВ-22N ""I-O"" d22мм неон/240В 1з+1р IEK E-PRO",шт,
130300764_,"Датчик движения МВ 301 белый,1200 Вт, 360гр. дальность 8 м IP20 IEK (50)",шт,LDD11-301MB-1200-001
130300765_,"Датчик движения МВ 401 белый, 1200 Вт, 360гр. дальность 8 м IP20 IEK (100)",шт,LDD11-401MB-500-001
130300769=,Переходник Е27-Е14 ПР27-14-К02 IEK (50) !!!,шт,
130300769_,Переходник Е27-Е40 ПР27-40-К02 IEK (50),шт,EPR13-01-01-K01
130300770_,Переходник Е40-Е27 ПР40-27-К02 IEK (50),шт,EPR31-01-01-K01
130300771_,Трубы гибкая двустенная красная (с протяжкой) Ø75 IEK (50),м,CTG12-075-K04-050-R
130300772_,Трубы гибкая двустенная красная (с протяжкой) Ø90 IEK (50),м,CTG12-090-K04-050-R
130300773_,Розетка для плиты РПпл11-01-Ст з/к c/у 32А белая IEK,шт,ERP11-32-01-K01
130300774_,Розетка для плиты РПпл10-01-Ст з/к о/у 32А белая IEK,шт,ERP10-32-01-K01
130300775_,Вилка для плиты ВПпл10-01-Ст з/к 32А белая IEK,шт,EVP10-32-01-K01
130300779_,Трубы гибкая двустенная красная (с протяжкой) Ø63 IEK (50),м,CTG12-063-K04-050-R
130300780_,Трубы гибкая двустенная красная (с протяжкой) Ø110 IEK (50),м,CTG12-110-K04-050-R
130300791_,Трубы гибкая двустенная красная (с протяжкой) Ø40 IEK (50),м,CTG12-040-K04-050-R
130300792_,Трубы гибкая двустенная красная (с протяжкой) Ø50 IEK (50),м,CTG12-050-K04-050-R
130300831_,"Клещи обжимные КО-03Е 6,0-16 мм2 (квадрат) IEK",шт,
130300861_,Амперметр Э47 1000/5A 96х96 IEK !!!,шт,
130300883_,Лента бандажная ЛМ-50 IEK (5),шт,UZA-LB-ECO
130300962_,"Амперметр Э47 200/5А кл. точн. 1,5 72х72 IEK (1/100)",шт,IPA10-6-0200-E
130300963_,"Амперметр Э47 1000/5A кл. точн. 1,5 72х72 IEK (1/100)",шт,IPA10-6-1000-E
130300982_,"Амперметр Э47 100/5А кл. точн. 1,5 72х72 IEK (1/100)",,IPA10-6-0100-E
130300985_,"Амперметр Э47 400/5А кл. точн. 1,5 72х72 IEK (1/100)",шт,IPA10-6-0400-E
130300986_,"Амперметр Э47 600/5А кл. точн. 1,5 72х72 IEK (1/100)",шт,IPA10-6-0600-E
130300988_,"Вольтметр Э47 500В кл. точн. 1,5 96х96мм IEK !!!",шт,
130301000_,"Амперметр Э47 200/5А кл. точн. 1,5 96х96 IEK (1/60)",шт,IPA20-6-0200-E
130301016_,"Вольтметр Э47 500В кл. точн. 1,5 72х72 IEK (1/100)",шт,IPV10-6-0500-E
130301073_,Зажим анкерый ЗАБ 16-25/35 IEK (100),,UZA-14-D16-D25-M
130301079_,"Изолента 0,18х19 мм желто-зеленая 20 метров IEK (10) (200)",шт,UIZ-20-10-K52
130301081_,Амперметр Э47 150/5А 96х96 IEK,шт,
130301087_,Кнопка ABLFP-22 красный d22мм неон/240В 1з+1р IEK (200) !!!,шт,
130301096_,Пресс гидравл. ПГР- 70 IEK,шт,TKL10-001
130301097_,Пресс гидравл. ПГР-300 IEK,шт,TKL10-004
130301098_,Пресс мех.ручной ПМР-6-50 IEK,шт,TKL10-015
130301099_,Ножницы (секторные) для резки кабеля НС-765 (до 400мм) IEK,шт,TLK10-765
130301100_,ЗОИ 25-95/25-95 IEK (18),шт,UZA-11-D25-D95-ECLN
130301101_,"ЗОИ 16-95/2,5-35 IEK (18) (72)",шт,UZA-11-D02-D35-ECLN
130301111_,Труба гофр.ПНД d 16 с зондом (100 м) черный NEW,,CTG20-16-K02-100-1
130301112_,Труба гофр.ПНД d 20 с зондом (100 м) черный NEW,,CTG20-20-K02-100-1
130301113_,Труба гофр.ПНД d 25 с зондом (50м) черный NEW,,CTG20-25-K02-050-1
130301114_,Труба гофр.ПНД d 32 с зондом (25м) черный NEW,,CTG20-32-K02-025-1
130301115_,Труба гофр.ПНД d 40 с зондом (25м) черный NEW,,CTG20-40-K02-015-1
130301116_,Труба гофр.ПНД d 50 с зондом (15м) черный NEW,,CTG20-50-K02-015-1
130301120_,ВПу12-01-Ст Вилка разборная угловая с з/к с кольцом 16А белая,шт,EVP12-16-01-K01
130301128_,Кронштейн для анкерного зажима КАМ-1500 IEK (10),шт,UKA-12-1500-1500-ECLN
130301133_,"Переключатель LAY5-BS542 ""Грибок"" аварийная с фиксацией поворотная IEK",,BBG90-BS-K04
130301232_,Трубы гибкая двустенная красная (с протяжкой) Ø160 IEK (35),м,CTG12-160-K04-035-R
130301257_,"Автоматический стриппер MASTER АС 0,03-10 IEK",шт,TFS10-1-10
130301258_,Автоматический стриппер PROFI СИ-6м IEK,шт,TFS10-3-06
130301261_,Устройство АВР модульное АВР-2 LITE 63А KARAT IEK,шт,
130301263_,Устройство АВР модульное АВР-1 STANDARD 63А KARAT IEK (6) NEW,шт,MAT10-063
130301597_,ВПу12-02-Ст Вилка разборная угловая с з/к с кольцом 16А черная IEK,,EVP12-16-01-K02
130301598_,Полоса 40х4мм (42м) оцинкованная сталь IEK,,ZPS10-11-040-042
130301608_,"Колодка клеммная CTS 2,5мм2 серая IEK",шт,YCT10-00-K03-002
130301609_,"Колодка клеммная CTS 2,5мм2 синяя IEK",шт,YCT10-00-K07-002
130301610_,Колодка клеммная CTS 4мм2 серая IEK,шт,YCT10-00-K03-004
130301611_,Колодка клеммная CTS 4мм2 синяя IEK,шт,YCT10-00-K07-004
130301612_,Колодка клеммная CTS 6мм2 серая IEK,шт,YCT10-00-K03-006
130301613_,Колодка клеммная CTS 6мм2 синяя IEK,шт,YCT10-00-K07-006
130301614_,Колодка клеммная CTS 10мм2 серая IEK,шт,YCT10-00-K03-010
130301615_,Колодка клеммная CTS 10мм2 синяя IEK,шт,YCT10-00-K07-010
130301616_,Колодка клеммная CTS 16мм2 серая IEK,шт,YCT10-00-K03-016
130301617_,Колодка клеммная CTS 16мм2 синяя IEK,шт,YCT10-00-K07-016
130301618_,Колодка клеммная CTS 25мм2 серая IEK,шт,YCT10-00-K03-025
130301619_,Колодка клеммная CTS 25мм2 синяя IEK,шт,YCT10-00-K07-025
130301620_,Колодка клеммная CTS 35мм2 серая IEK,шт,YCT10-00-K03-035
130301621_,Колодка клеммная CTS с шестигранником 35мм2 серая IEK,шт,YCT10-01-K03-035
130301622_,Колодка клеммная CTS 35мм2 синяя IEK,шт,YCT10-00-K07-035
130301623_,Колодка клеммная CTS 70мм2 серая IEK,шт,YCT10-00-K03-070
130301624_,Колодка клеммная CTS с шестигранником 70мм2 серая IEK,шт,YCT10-01-K03-070
130301625_,Колодка клеммная CTS 70мм2 синяя IEK,шт,YCT10-00-K07-070
130301626_,Колодка клеммная CTS-PEN земля 4мм2 желто-зеленая IEK,шт,YCT11-00-K52-004
130301627_,Колодка клеммная CTS-PEN земля 6мм2 желто-зеленая IEK,шт,YCT11-00-K52-006
130301628_,Колодка клеммная CTS-PEN земля 10мм2 желто-зеленая IEK,шт,YCT11-00-K52-010
130301629_,Колодка клеммная CTS-PEN земля 16мм2 желто-зеленая IEK,шт,YCT11-00-K52-016
130301630_,Колодка клеммная CTS-PEN земля монтаж неск. напр. 35мм2 IEK,шт,YCT11-02-K52-035
130301631_,Колодка клеммная CTS-ML 2 ур. 4мм2 серая IEK,шт,YCT13-00-2-K03-004
130301632_,"Колодка клеммная CTS-ML 3 ур. 2,5мм2 серая IEK",шт,YCT13-00-3-K03-002
130301633_,Колодка клеммная CTS-F с предохранителем 4мм2 серая IEK,шт,YCT14-00-K03-004
130301634_,"Колодка клеммная CP 1,5мм2 серая IEK",шт,YCT20-00-K03-001
130301635_,"Колодка клеммная CP 2,5мм2 серая IEK",шт,YCT20-00-K03-002
130301636_,Колодка клеммная CP 4мм2 серая IEK,шт,YCT20-00-K03-004
130301637_,"Колодка клеммная CP-MC 3 вывода 1,5мм2 серая IEK",шт,YCT22-00-3-K03-001
130301638_,"Колодка клеммная CP-MC 3 вывода 2,5мм2 серая IEK",шт,YCT22-00-3-K03-002
130301639_,"Колодка клеммная CP-MC 4 вывода 2,5мм2 серая IEK",шт,YCT22-00-4-K03-002
130301640_,"Колодка клеммная CP-ML 2 ур. 2,5мм2 серая IEK",шт,YCT23-00-2-K03-002
130301641_,"Колодка клеммная CP-PEN земля 2,5мм2 желто-зеленая IEK",шт,YCT21-00-K52-002
130301642_,"Колодка клеммная CP-MC-PEN земля 3 вывода 2,5мм2 IEK",шт,YCT22-03-3-K52-002
130301643_,Колодка клеммная CP-MC-PEN земля 3 вывода 10мм2 IEK,шт,YCT22-03-3-K52-010
130301644_,"Заглушка для CTS 2,5/4мм2 серая IEK",шт,YCT10-00-K03-002-ZGL
130301645_,"Заглушка для CTS 2,5/4мм2 синяя IEK",шт,YCT10-00-K07-002-ZGL
130301646_,Заглушка для CTS 6/10мм2 серая IEK,шт,YCT10-00-K03-006-ZGL
130301647_,"Разделитель для CTS малый 2,5/4мм2 серый IEK",шт,YCT10-00-K03-002-PP
130301648_,"Разделитель для CTS большой 2,5/4мм2 серый IEK",шт,YCT10-00-K03-002-SP
130301649_,Разделитель для CTS малый 6/10мм2 серый IEK,шт,YCT10-00-K03-006-PP
130301650_,"Клемма пружинная КПИ 2в-1,5 17,5А красный IEK",шт,YZN11-001-K04
130301651_,"Клемма пружинная КПИ 2в-1,5 17,5А желтый IEK",шт,YZN11-001-K05
130301652_,"Клемма пружинная КПИ 2в-1,5 17,5А синий IEK",шт,YZN11-001-K07
130301653_,"Клемма пружинная КПИ 2в-2,5 31А серый IEK",,YZN11-002-K03
130301654_,"Клемма пружинная КПИ 2в-2,5 31А красный IEK",шт,YZN11-002-K04
130301655_,"Клемма пружинная КПИ 2в-2,5 31А синий IEK",шт,YZN11-002-K07
130301656_,"Клемма пружинная КПИ 2в-2,5 31А оранжевый IEK",шт,YZN11-002-K09
130301657_,Клемма пружинная КПИ 2в-6 57А серый IEK,,YZN11-006-K03
130301658_,Клемма пружинная КПИ 2в-6 57А синий IEK,шт,YZN11-006-K07
130301659_,"Клемма пружинная КПИ 3в-2,5 3 вывода 31А синий IEK",шт,YZN11-3-002-K07
130301660_,"Заглушка для КПИ 3в-1,5/2,5 3 вывода синяя IEK",шт,YZN11D-3-ZGL-002-K07
130301661_,"Перемычка для КПИ-2,5мм2 10PIN IEK",шт,YZN11FBS-002-10P
130301662_,"Перемычка для КПИ-2,5мм2 2PIN IEK",шт,YZN11FBS-002-2P
130301663_,"Перемычка для КПИ-2,5мм2 3PIN IEK",шт,YZN11FBS-002-3P
130301664_,Перемычка для КПИ-6мм2 10PIN IEK,шт,YZN11FBS-006-10P
130301665_,Клемма вводная силовая КВС 16-95 кв.мм. синяя IEK,шт,YZN12-095-K07
130301666_,Клемма вводная силовая КВС 35-150 кв.мм. синяя IEK,шт,YZN12-150-K07
130301667_,Клемма вводная силовая КВС 35-240 кв.мм. серая IEK,шт,YZN12-240-K03
130301668_,Клемма вводная силовая КВС 35-240 кв.мм. синяя IEK,шт,YZN12-240-K07
130301669_,Клемма вводная силовая КВС 6-50 кв.мм. 3-рядная серая IEK,шт,YZN14-050-K03
130301670_,Клемма вводная силовая КВС 6-50 кв.мм. PE IEK,шт,YZN22-050-K52
130301671_,Клемма вводная силовая КВС 35-150 кв.мм. PE IEK,шт,YZN22-150-K52
130301672_,Клемма вводная силовая КВС 35-240 кв.мм. PE IEK,,YZN22-240-K52
130301673_,"Блок зажимов БЗН ТВ-1504 1,5 мм2 15А 4 пары IEK",шт,YZN41-04-001-K02
130301674_,Блок зажимов БЗН ТВ-1004 10 мм2 100А 4 пары IEK,шт,YZN41-04-010-K02
130301675_,"Блок зажимов БЗН ТВ-1506 1,5 мм2 15А 6 пар IEK",шт,YZN41-06-001-K02
130301676_,"Блок зажимов БЗН ТВ-2506 2,5 мм2 25А 6 пар IEK",шт,YZN41-06-002-K02
130301677_,"Блок зажимов БЗН ТВ-4506 4,5 мм2 45А 6 пар IEK",шт,YZN41-06-004-K02
130301678_,"Блок зажимов БЗН ТВ-2512 2,5 мм2 25А 12 пар IEK",шт,YZN41-12-002-K02
130301679_,"Блок зажимов БЗН ТВ-4512 4,5 мм2 45А 12 пар IEK",шт,YZN41-12-004-K02
130301680_,Блок зажимов БЗН TC-6003 300 мм2 600A 3 пары IEK,,YZN42-03-300-K02
130301681_,"Блок зажимов БЗН TK-010 1,5 мм2 10А на DIN-рейку 10 пар IEK",шт,YZN43-10-001-K02
130301682_,"Блок зажимов БЗН TK-020 2,5 мм2 20А на DIN-рейку 10 пар IEK",шт,YZN43-10-002-K02
130301683_,Блок зажимов БЗН TK-060 10 мм2 60А на DIN-рейку 10 пар IEK,шт,YZN43-10-010-K02
130301685_,Колодка клеммная CTS 120мм2 синяя IEK,шт,YCT10-00-K07-120
130301686_,Колодка клеммная CTS-MC-PEN земля 4 вывода 4мм2 IEK,шт,YCT12-03-4-K52-004
130301687_,Колодка клеммная CTS-PEN земля монтаж неск. напр. 70мм2 IEK,шт,YCT11-02-K52-070
130301688_,Колодка клеммная CTS-MC 4 вывода 4мм2 серая IEK,шт,YCT12-00-4-K03-004
130301689_,Колодка клеммная CP 10мм2 серая IEK,шт,YCT20-00-K03-010
130301690_,"Колодка клеммная CP-MC 4 вывода 1,5мм2 серая IEK",шт,YCT22-00-4-K03-001
130301691_,Колодка клеммная CP-MC 3 вывода 4мм2 серая IEK,шт,YCT22-00-3-K03-004
130301692_,Колодка клеммная CP-MC 4 вывода 4мм2 серая IEK,шт,YCT22-00-4-K03-004
130301693_,Колодка клеммная CP-MC 3 вывода 10мм2 серая IEK,шт,YCT22-00-3-K03-010
130301694_,"Колодка клеммная CP-ML-PEN 2 ур. земля-низ 1,5мм2 серая IEK",шт,YCT23-03-2-K03-001
130301695_,"Колодка клеммная CP-ML 2 ур. 1,5мм2 серая IEK",шт,YCT23-00-2-K03-001
130301696_,Колодка клеммная CP-ML 2 ур. 4мм2 серая IEK,шт,YCT23-00-2-K03-004
130301697_,Колодка клеммная CP-PEN земля 4мм2 желто-зеленая IEK,шт,YCT21-00-K52-004
130301698_,"Колодка клеммная CP-MC-PEN земля 3 вывода 1,5мм2 IEK",шт,YCT22-03-3-K52-001
130301699_,"Колодка клеммная CP-MC-PEN земля 4 вывода 1,5мм2 IEK",шт,YCT22-03-4-K52-001
130301700_,"Колодка клеммная CP-MC-PEN земля 4 вывода 2,5мм2 IEK",шт,YCT22-03-4-K52-002
130301701_,Колодка клеммная CP-MC-PEN земля 3 вывода 4мм2 IEK,шт,YCT22-03-3-K52-004
130301702_,Колодка клеммная CP-MC-PEN земля 4 вывода 4мм2 IEK,шт,YCT22-03-4-K52-004
130301703_,"Колодка клеммная CP-ML 2 ур. нож. разм. 2,5мм2 серая IEK",шт,YCT23-04-2-K03-002
130301704_,"Колодка клеммная CP-DT измерит. нож. разм. 2,5мм2 серая IEK",шт,YCT25-04-K03-002
130301705_,Колодка клеммная CP-DT измерит. нож. разм. 4мм2 серая IEK,шт,YCT25-04-K03-004
130301706_,Заглушка для CTS 6/10мм2 синяя IEK,шт,YCT10-00-K07-006-ZGL
130301707_,"Заглушка для CTS-ML 3 ур. 2,5мм2 серая IEK",шт,YCT13-00-3-K03-002-ZGL
130301708_,Заглушка для CTS-ML 2 ур. 4мм2 серая IEK,шт,YCT13-00-2-K03-004-ZGL
130301709_,Заглушка для CTS-MC 3 вывода 4мм2 серая IEK,шт,YCT12-00-3-K03-004-ZGL
130301710_,Заглушка для CTS-MC 4 вывода 4мм2 серая IEK,шт,YCT12-00-4-K03-004-ZGL
130301711_,Заглушка для CTS-DT 4мм2 серая IEK,шт,YCT15-04-K03-004-ZGL
130301712_,Заглушка для CP 4мм2 серая IEK,шт,YCT20-00-K03-004-ZGL
130301713_,"Заглушка для CP-MC 3 вывода 1,5мм2 серая IEK",шт,YCT22-00-3-K03-001-ZGL
130301714_,"Заглушка для CP-MC 4 вывода 1,5мм2 серая IEK",шт,YCT22-00-4-K03-001-ZGL
130301715_,"Заглушка для CP-MC 3 вывода 2,5мм2 серая IEK",шт,YCT22-00-3-K03-002-ZGL
130301716_,"Заглушка для CP-MC 4 вывода 2,5мм2 серая IEK",шт,YCT22-00-4-K03-002-ZGL
130301717_,Заглушка для CP-MC 3 вывода 4мм2 серая IEK,шт,YCT22-00-3-K03-004-ZGL
130301718_,Заглушка для CP-MC 4 вывода 4мм2 серая IEK,шт,YCT22-00-4-K03-004-ZGL
130301719_,"Заглушка для CP-ML 2 ур. 1,5мм2 серая IEK",шт,YCT23-00-2-K03-001-ZGL
130301720_,"Заглушка для CP-ML 2 ур. 2,5мм2 серая IEK",шт,YCT23-00-2-K03-002-ZGL
130301721_,Заглушка для CP-ML 2 ур. 4мм2 серая IEK,шт,YCT23-00-2-K03-004-ZGL
130301722_,Разделитель для CTS большой 6/10мм2 серый IEK,шт,YCT10-00-K03-006-SP
130301723_,Разделитель для CTS малый 35мм2 серый IEK,шт,YCT10-00-K03-035-PP
130301724_,Разделитель для CTS-ML 2 ур. большой 4мм2 серый IEK,шт,YCT13-00-2-K03-004-SP
130301725_,Дополнительная вводная клемма для CTS 70/120мм2 серая IEK,шт,YCT10-00-K03-070-AUX
130301726_,Перемычка в сборе для CTS 4мм2 4PIN IEK,шт,YCT10-00-K03-004-A-4P
130301727_,Перемычка в сборе для CTS 4мм2 10PIN IEK,шт,YCT10-00-K03-004-A-10P
130301728_,Перемычка в сборе для CTS 35мм2 4PIN IEK,шт,YCT10-00-K03-035-A-4P
130301729_,Перемычка в сборе для CTS 70мм2 2PIN IEK,шт,YCT10-00-K03-070-A-2P
130301730_,Перемычка в сборе для CTS 70мм2 3PIN IEK,шт,YCT10-00-K03-070-A-3P
130301731_,Перемычка гребенчатая для CTS изолированная 16мм2 10PIN IEK,шт,YCT10-00-K03-016-EC-10P
130301732_,Перемычка гребенчатая для CTS-F 4мм2 3PIN IEK,шт,YCT14-00-K03-004-EC-3P
130301733_,Перемычка гребенчатая для CTS-F 4мм2 10PIN IEK,шт,YCT14-00-K03-004-EC-10P
130301734_,"Перемычка гребенчатая для CP 1,5мм2 3PIN IEK",шт,YCT20-00-K03-001-EC-3P
130301735_,"Перемычка гребенчатая для CP 1,5мм2 4PIN IEK",шт,YCT20-00-K03-001-EC-4P
130301736_,"Перемычка гребенчатая для CP 2,5мм2 3PIN IEK",шт,YCT20-00-K03-002-EC-3P
130301737_,Перемычка гребенчатая для CP 4мм2 2PIN IEK,шт,YCT20-00-K03-004-EC-2P
130301738_,Перемычка гребенчатая для CP 4мм2 10PIN IEK,шт,YCT20-00-K03-004-EC-10P
130301739_,Вилка закорачивающая для CTS-DT 6мм2 2PIN IEK,шт,YCT15-00-K03-006-SP
130301927_,Трубы жесткая гибкая двустенная красная (с протяжкой) Ø110 IEK (6),м,
130400069_,Изолятор ступенчатый ИС4-20 (М6) силовой с болтом IEK,шт,YIS11-4-20-B
130400112_,Изолятор ступенчатый ИС4-40 (М8) силовой IEK !!!,шт,
130400150_,Изолятор ступенчатый ИС4-30 (М8) силовой с болтом IEK,,YIS11-4-30-B
130400151_,Изолятор ступенчатый ИС4-30 (М8) IEK,,YIS11-4-30
130400152_,Изолятор ступенчатый ИСв4-30 (М8) силовой с болтом IEK,шт,YIS11-4-30-8-B
130400153_,Изолятор ступенчатый ИСв4-40 (М10) силовой с болтом IEK,шт,YIS11-4-40-8-B
130400154_,Изолятор ступенчатый ИС4-40 (М8) силовой с болтом IEK,шт,YIS11-4-40-B
130400155_,Изолятор ступенчатый ИС4-50 (М10) силовой с болтом IEK,шт,YIS11-4-50-B
130400156_,Изолятор соединительных шпилек 1000 мм для ИШП IEK,шт,YIS40-1000
130500001_,Изолятор SM25 IEK (10),шт,YIS11-25-06
130500002_,Изолятор SM30 IEK (10),шт,YIS11-30-08
130500003_,Изолятор SM40 IEK (10),шт,YIS11-40-12
130500004_,Изолятор SM51 IEK (10),шт,YIS11-51-15
130500005_,Изолятор SM76 IEK (10),шт,YIS11-76-25
130500006_,Сальник PG 7 (5-6мм) IEK (20),шт,YSA20-06-07-54-K41
130500007_,Сальник PG 9 (6-7мм) IEK (20),шт,YSA20-08-09-54-K41
130500008_,Сальник PG 11 (7-9мм) IEK (20),шт,YSA20-10-11-54-K41
130500009_,"Сальник PG 13,5 (7-11мм) IEK (20)",шт,YSA20-12-13-54-K41
130500010_,Сальник PG 16 (9-13мм) IEK (20),шт,YSA20-14-16-54-K41
130500011_,Сальник PG 21 (15-18мм) IEK (20),шт,YSA20-18-21-54-K41
130500012_,Сальник PG 29 (18-24мм) IEK (20),шт,YSA20-25-29-54-K41
130500013_,Сальник PG 36 (24-32мм) IEK (20),шт,YSA20-32-36-54-K41
130500014_,Сальник PG 42 (30-40мм) IEK (20),шт,YSA20-40-42-54-K41
130500015_,Сальник PG 48 (36-44мм) IEK (20),шт,YSA20-44-48-54-K41
130500027_,Изолятор SM35 IEK (10),шт,YIS11-35-10
130500046_,Сальник PGL 11 (5-8мм) IEK (20) !!!,шт,
130500051_,Сальник PGL 42 (35-39мм) IEK (20) ***,,YSA30-40-42-54-K41
130500080_,ОПС1-C 4Р In=20kA Un=400B Im=40kA IEK,шт,MOP20-4-C
130500085_,ОПС1-D 2Р In=5kA Un=230B Im=10kA IEK,шт,MOP20-2-D
130500088_,ОПС1-C 3Р In=20kA Un=400B Im=40kA IEK,шт,MOP20-3-C
130500094_,ОПС1-B 4Р In=30kA Un=400B Im=60kA IEK,шт,MOP20-4-B
130500098_,Огр-ль имп. перенапр. ОПС1-B 1Р In=30kA Un=400B Im=60kA IEK E-PRO,,MOP20-1-B
130500102_,ОПС1-B 3Р In=30kA Un=400B Im=60kA IEK,шт,MOP20-3-B
130500136_,ОПС1-C 1Р In=20kA Un=400B Im=40kA IEK,шт,MOP20-1-C
130500137_,Огр-ль имп. перенапр. ОПС1-D 1Р In=5kA Un=230B Im=10kA IEK E-PRO,,MOP20-1-D
130600007_,Реле РЭК77/4(LY4) 10A 24B DC IEK (200),шт,
130600021_,Тепловое реле РТИ-1314 (7-10А) IEK (1/100),шт,DRT10-0007-0010
130600022_,Тепловое реле РТИ-1316 (9-13А) IEK (1/100),шт,DRT10-0009-0013
130600023_,Тепловое реле РТИ-1322 (17-25А) IEK (1/100),шт,DRT10-0017-0025
130600024_,Тепловое реле РТИ-2355 (28-36А) IEK (60),шт,DRT20-0028-0036
130600025_,Тепловое реле РТИ-3355 (30-40А) IEK (50),шт,DRT30-0030-0040
130600027_,Реле РЭК78/3(MY3) 5А 220В АC IEK (20/500),шт,RRP20-3-05-220A
130600031_,"Тепловое реле РТИ-1307 (1,6-2,5А) IEK (1/100)",шт,DRT10-D016-D025
130600032_,Тепловое реле РТИ-1310 (4-6А) IEK (1/100),шт,DRT10-0004-0006
130600051_,Тепловое реле РТИ-3357 (37-50А) IEK (50),шт,DRT30-0037-0050
130600052_,"Тепловое реле РТИ-1308 (2,5-4,0А) IEK (1/100)",шт,DRT10-D025-0004
130600053_,Тепловое реле РТИ-1321 (12-18А) IEK (1/100),шт,DRT10-0012-0018
130600057_,Тепловое реле РТИ-3359 (48-65А) IEK (50) !!!,шт,
130600060_,Разъем РРМ78/3(PYF11A) для РЭК78/3(MY3) модульный IEK E-PRO,шт,
130600061_,Реле РЭК78/4(MY4) 3А 220В АC IEK (20/500),шт,RRP20-4-03-220A
130600062_,Разъем РРМ78/4 для РЭК78/4(MY4) модульный IEK (20/500),,RRP20D-RRM-4
130600063_,Разъем РРМ77/4(PTF14A) для РЭК77/4(LY4) модульный IEK (10/400),шт,RRP10D-RRM-4
130600064_,Тепловое реле РТИ-3363 (63-80А) IEK (50),шт,DRT30-0063-0080
130600066_,Тепловое реле РТИ-3353 (23-32А) IEK (50),шт,DRT30-0023-0032
130600067_,Тепловое реле РТИ-3361 (55-70А) IEK (50),шт,DRT30-0055-0070
130600068_,Реле РЭК77/4(LY4) 10A 220B IEK (20/300),шт,RRP10-4-10-220A
130600075_,"Тепловое реле РТИ-1301 (0,1-0,16 А) IEK !!!",шт,
130600076_,"Тепловое реле РТИ-1302 (0,16-0,25А) IEK !!!",шт,
130600077_,"Тепловое реле РТИ-1303 (0,25-0,4А) IEK !!!",шт,
130600078_,"Тепловое реле РТИ-1304 (0,4-0,63А) IEK (1/100)",шт,DRT10-D004-C063
130600079_,"Тепловое реле РТИ-1305 (0,63-1,0А) IEK (1/100)",шт,DRT10-C063-0001
130600080_,"Тепловое реле РТИ-1306 (1-1,6А) IEK (1/100)",шт,DRT10-0001-D016
130600086_,"Тепловое реле РТИ-1312 (5,5-8А) IEK (1/100)",шт,DRT10-D055-0008
130600098_,Разъем РРМ77/3(PTF11A) для РЭК77/3(LY3) модульный IEK,шт,RRP10D-RRM-3
130600121_,Реле напряжения ORV с блок. 1ф. 110-240В AC/DC IEK ORV-01-AD110-240 NEW,шт,
130600122_,Реле напряжения ORV. 1ф 220 В AC IEK ORV-02-A220 NEW,шт,
130600123_,Реле времени ORT 2 конт. 2 уст. 230В AC IEK ORT-2T-AC230V NEW,шт,
130600124_,Реле времени ORT 2 конт. 2 уст. 12-240В AC/DC IEK ORT-2T-ACDC12-240V NEW,шт,ORT-2T-ACDC12-240V
130600125_,Реле времени ORT многофункц. 1 конт. 230В AC IEK ORT-M1-AC230V NEW,шт,ORT-M1-AC230V
130600126_,Реле времени ORT многофункциональное 1 контакт 12-240В AC/DC IEK,,ORT-M1-ACDC12-240V
130600128_,Реле времени ORT многофункц. 2 конт. 12-240V AC/DC IEK (1/200),шт,ORT-M2-ACDC12-240V
130600129_,Реле циклическое ORT 1 конт. 230В AC ИЭК ORT-S1-AC230V NEW,шт,
130600130_,Реле циклическое ORT 1 конт. 12-240В AC/DC IEK ORT-S1-ACDC12-240V NEW,шт,
130600131_,Реле циклическое ORT 2 конт. 230В AC IEK ORT-S2-AC230V NEW,шт,
130600132_,Реле циклическое ORT 2 конт. 12-240В AC/DC IEK ORT-S2-ACDC12-240V NEW,шт,
130600135_,"Реле тока ORI 1,6-16А 24-240В AC/24В DC IEK ORI-01-16 NEW",шт,
130600136_,Реле фаз ORF 03. 3ф 220-460V IEK (1/200),шт,ORF-03-220-460VAC
130600137_,Реле фаз ORF 05. 3ф 220-460V IEK (1/200),шт,ORF-05-220-460VAC
130600138_,Реле фаз ORF 06. 3ф 220-460V IEK (1/200),шт,ORF-06-220-460VAC
130600140_,Реле промежут. OIR 3 конт. 16А 12В AC/DC IEK OIR-316-ACDC12V NEW,шт,
130600145_,Термостат от 0 до 60 °C NC IEK (200) NEW,шт,YCE-TNC-00-60
130600147_,Импульсное реле ORM. 2 конт. 230 В AC IEK ORM-02-AC230 NEW,,
130600148_,Реле промежут. OIR 3 конт. 8А 230В AC IEK OIR-308-AC230V NEW,шт,OIR-308-AC230V
130600149_,Импульсное реле ORM. 2 конт. 12-240 В AC/DC IEK ORM-02-ACDC12-240V NEW,шт,
130600150_,Реле промежут. OIR 3 конт. 16А 230В AC IEK OIR-316-AC230V NEW,шт,OIR-316-AC230V
130600154_,Термостат от 0 до 60 °C NO IEK (200) NEW,шт,YCE-TNO-00-60
130600165_,Логическое реле PLR-S. CPU1206(R) 220В AC с экраном ONI PLR-S-CPU-1206R-AC-BE NEW,шт,
130600166_,Логическое реле PLR-S. 8DI/8DO серии ONI,шт,
130600200_,Реле напряжения ORV-02 1ф. 110-240В AC/DC IEK ORV-02-AD110-240 NEW,шт,
130600201_,Реле фаз ORF-04 3ф. 220-460В AC IEK ORF-04-220-460VAC NEW,шт,
130600202_,"Реле тока ORI 0,8-8А 24-240В AC/24В DC IEK ORI-01-8 NEW",шт,
130600203_,Реле уровня ORL 24-240В AC/DC IEK ORL-01-ACDC24-240V NEW,шт,ORL-01-ACDC24-240V
130600204_,Розетка ORS-G-1-2 для реле OGR-1 2C ONI ORS-G-1-2-G NEW,шт,
130600205_,Реле общ. назнач. OGR-1 2C 24В DC с LED и тест. кнопкой ONI OGR-1-2C-DC24V-L-B NEW,шт,
130600206_,Розетка ORS-M для реле ORM 2C ONI ORS-M-1-2-G NEW,шт,
130600207_,Розетка ORS-G-2-4 для реле OGR-2 4C ONI ORS-G-2-4-G NEW,шт,
130600208_,Розетка ORS-G-2-2 для реле OGR-2 2C ONI ORS-G-2-2-G NEW,шт,
130600209_,Реле интерфейсное ORM-1 4C 24В DC с LED и тест. кнопкой ONI ORM-1-4C-DC24V-L-B NEW,шт,ORM-1-4C-DC24V-L-B
130600210_,Реле интерфейсное ORM-1 2C 24В DC с LED и тест. кнопкой ONI ORM-1-2C-DC24V-L-B NEW,шт,ORM-1-2C-DC24V-L-B
130600211_,Реле интерфейсное ORM-1 2C 220В AC с LED и тест. кнопкой ONI ORM-1-2C-AC220V-L-B NEW,шт,ORM-1-2C-AC220V-L-B
130600212_,Реле общ. назнач. OGR-2 4C 24В DC ONI OGR-2-4C-DC24V NEW,шт,
130600213_,Реле общ. назнач. OGR-2 4C 220В AC ONI OGR-2-4C-AC220V NEW,шт,
130600214_,Реле общ. назнач. OGR-2 2C 24В DC ONI OGR-2-2C-DC24V NEW,шт,
130600215_,Реле общ. назнач. OGR-2 2C 220В AC ONI OGR-2-2C-AC220V NEW,шт,
130600216_,Реле промежут. OIR 3 конт. 16А 24В AC/DC IEK OIR-316-ACDC24V NEW,шт,OIR-316-ACDC24V
130600217_,Реле промежут. OIR 2 конт. 8А 230В AC IEK OIR-208-AC230V NEW,шт,OIR-208-AC230V
130600218_,Реле промежут. OIR 1 конт. 16А 230В AC IEK OIR-116-AC230V NEW,шт,
130600219_,Реле твердотельное OSS-2 40А 380В AC 3-32В DC ONI OSS-2-3-40-B NEW,шт,
130600220_,Реле твердотельное OSS-2 25А 380В AC 3-32В DC ONI OSS-2-3-25-B NEW,шт,
130600222_,Реле фаз ORF-10 3ф. 2 конт. 127-265В AC с контр. нейтр. ONI ORF-10-127-265VAC NEW,шт,
130600223_,Реле фаз ORF-08D 3ф. 2 конт. 220-460В AC ONI ORF-08D-220-460VAC NEW,шт,ORF-08D-220-460VAC
130600224_,Реле фаз ORF-08D 3ф. 2 конт. 127-265В AC с контр. нейтр. ONI ORF-08D-127-265VAC NEW,шт,ORF-08D-127-265VAC
130600225_,Реле пуска звезда-треугольник ORT 400В AC IEK ORT-ST-AC400V NEW,шт,
130600226_,Реле задержки выкл. при снятии пит. ORT 12-240В AC/DC IEK ORT-D-ACDC12-240V NEW,шт,
130600227_,Реле задержки выключения ORT 2 конт. 12-240В AC/DC IEK ORT-B2-ACDC12-240V NEW,,
130600228_,Реле задержки выключения ORT 2 конт. 230В AC IEK ORT-B2-AC230V NEW,,
130600229_,Реле задержки выключения ORT 1 конт. 12-240В AC/DC IEK ORT-B1-ACDC12-240V NEW,шт,
130600230_,Реле задержки выключения ORT 1 конт. 230В AC IEK ORT-B1-AC230V NEW,шт,
130600232_,Реле задержки включения ORT 1 конт. 12-240В AC/DC IEK ORT-A1-ACDC12-240V NEW,шт,
130600234_,Реле задержки включения ORT 1 конт. 230В AC IEK ORT-A1-AC230V NEW,шт,
130600235_,"Преобр. давл. PPT10 0,5% 0-100Бар 4-20мА G1/2 DIN43650 ONI PPT-G-ST-100-4-20-2-2 NEW",шт,
130600236_,"Преобр. давл. PPT10 0,5% 0-16Бар 0-10В G1/2 DIN43650 ONI PPT-G-ST-016-0-10-2-2 NEW",шт,
130600237_,"Преобр. давл. PPT10 0,5% 0-10Бар 4-20мА G1/4 Mini 4-pin ONI PPT-G-ST-010-4-20-1-1 NEW",шт,
130600238_,"Преобр. давл. PPT10 0,5% 0-6Бар 4-20мА G1/4 Mini 4-pin ONI PPT-G-ST-006-4-20-1-1 NEW",шт,
130600239_,"Преобр. давл. PPT10 0,25% 0-6Бар 4-20мА G1/2 DIN43650 ONI PPT-G-HY-006-4-20-2-2 NEW",шт,
130600240_,"Преобр. давл. PPT20 0,5% 0-25Бар 4-20мА G1/2 DIN43650 ONI PPT-A-ST-025-4-20-2-2 NEW",шт,
130600241_,"Преобр. давл. PPT20 0,5% 0-25Бар 0-10В G1/2 DIN43650 ONI PPT-A-ST-025-0-10-2-2 NEW",шт,
130600242_,УПП SFB 3Ф 380В 30кВт 60A Uупр 110-220В Modbus ONI SFB-33-30-A-10 NEW,шт,
130600243_,УПП SFB 3Ф 380В 22кВт 45A Uупр 110-220В Modbus ONI SFB-33-22-A-10 NEW,шт,
130600244_,УПП SFB 3Ф 380В 22кВт 45A Uупр 110-220В ONI SFB-33-22-A-00 NEW,шт,
130600245_,УПП SFB 3Ф 380В 18кВт 37A Uупр 110-220В Modbus ONI SFB-33-18-A-10 NEW,шт,
130600246_,УПП SFB 3Ф 380В 15кВт 30A Uупр 110-220В Modbus ONI SFB-33-15-A-10 NEW,шт,
130600247_,УПП SFB 3Ф 380В 11кВт 22A Uупр 110-220В Modbus ONI SFB-33-11-A-10 NEW,,
130600248_,УПП SFB 3Ф 380В 11кВт 22A Uупр 110-220В ONI SFB-33-11-A-00 NEW,шт,
130600253_,"Преобраз. частоты A150 380В 3Ф 7,5кВт 17А встр. торм ONI A150-33-75NT NEW(6) NEW",шт,A150-33-75NT
130600254_,"Преобраз. частоты A150 380В 3Ф 5,5кВт 13А встр. торм ONI A150-33-55NT NEW(6) NEW",шт,A150-33-55NT
130600255_,"Преобраз. частоты A150 380В 3Ф 3,7кВт 10А встр. торм ONI A150-33-37NT NEW(12) NEW",шт,A150-33-37NT
130600256_,"Преобраз. частоты A150 380В 3Ф 2,2кВт 6А встр. торм ONI A150-33-22NT NEW (12) NEW",шт,A150-33-22NT
130600257_,Преобраз. частоты A150 380В 3Ф 15кВт 32А встр. торм ONI A150-33-15T NEW (4) NEW,шт,A150-33-15T
130600258_,"Преобраз. частоты A150 380В 3Ф 1,5кВт 5А встр. торм ONI A150-33-15NT NEW (12) NEW",шт,A150-33-15NT
130600259_,Преобраз. частоты A150 380В 3Ф 11кВт 25А встр. торм ONI A150-33-11T NEW (4) NEW,шт,A150-33-11T
130600260_,"Преобраз. частоты A150 380В 3Ф 0,75кВт 3А встр. торм ONI A150-33-075HT (12) NEW",шт,
130600261_,Блок питания OPS 220В AC/24В DC 30Вт ONI OPS-DC24-030B NEW,шт,
130600262_,Блок питания OPSE 220В AC/24В DC 120Вт ONI OPSE-DC24-120B NEW,шт,
130600265_,Панель оператора ETG 7” базовая пластиковый корпус ONI ETG-A8TS-HSSN-S-070 NEW,шт,
130600266_,"Панель оператора ETG 4,3” пластиковый корпус ONI ETG-A8TS-HSSN-S-043 NEW",шт,
130600267_,"Панель оператора ETG 4,3” серии ONI ETG-CP-043 NEW",шт,
130600268_,Панель оператора емкостная ETС 7” пластиковый корпус ONI ETC-A8TS-HSSE-S-070 NEW,шт,
130600269_,Микро ПЛК PLR-M. CPU DI12/DO06(R) 24В DC ONI PLR-M-CPU-18R00ADC NEW,шт,
130600270_,Логическое реле PLR-S. CPU1206 серии ONI PLR-S-CPU-1206 NEW,шт,
130600271_,Логическое реле PLR-S. CPU0804 серии ONI PLR-S-CPU-0804 NEW,шт,
130600272_,Логическое реле PLR-S. USB кабель серии ONI PLR-S-CABLE-USB NEW,шт,
130600273_,Логическое реле PLR-S. RS-232 серии ONI PLR-S-CABLE-RS232 NEW,шт,
130900001_,ВКИ-230 3Р 16А 230\400В IP40 IEK (10/100),шт,KVK30-16-3
130900006_,Переключатель ANCLR 22-3 (зеленый неон на 3 полож.) IEK (10/200),шт,BSW10-ANCLR-3-K06
130900007_,Переключатель ANCLR 22-3 (красный неон на 3 полож.) IEK (10/200),шт,BSW10-ANCLR-3-K04
130900008_,Кнопка ALCLR-22 (черный.на 3 полож) IEK (10/200),шт,BSW10-ALCLR-3-K02
130900009_,Кнопка ANE-22 (грибок с фиксац.красн.неон) IEK (10/200),шт,BBG40-ANE-K04
130900010_,Переключатель ANC-22-2 (красный неон на 2 полож) IEK (10/200),шт,BSW10-ANC-2-K04
130900012_,Переключатель ANC-22-2 (зеленый неон на 2 полож) IEK (10/200),шт,BSW10-ANC-2-K06
130900013_,ВКИ-216 3Р 10А 230\400В IP40 IEK (10/120),шт,KVK20-10-3
130900014_,ВКИ-211 3Р 6А 230\400В IP40 IEK (10/120),шт,KVK10-06-3
130900017_,Кнопка AEAL-22 (грибок с фиксац.красн) IEK (10/200),шт,BBG60-AEAL-K04
130900019_,"Кнопка SB-7 ""СТОП"" (красная Ø22мм) IEK (10/500)",шт,BBT40-SB7-K04
130900020_,"Кнопка SB-7 ""ПУСК"" (зеленая Ø22мм) IEK (10/500)",шт,BBT40-SB7-K06
130900030_,Кнопка AELA-22 (грибок красный неон) IEK (10/200),шт,BBG20-AELA-K04
130900031_,Кнопка AELA-22 (грибок зеленый неон) IEK (10/200),шт,BBG20-AELA-K06
130900033_,"Кнопка AEA-22 (грибок, синий) IEK (10/200)",,BBG30-AEA-K07
130900065_,"Кнопка AEA-22 (грибок, красный) IEK (10/200)",шт,BBG30-AEA-K04
150100494_,LED ДВО Опал 36w/2800lm 595x595x10 6500K IP20 IEK (драйвера приобретаются отдельно),шт,
150100666_,ТУТ 12/6 черная IEK (100),м,UDRS-D12-100-K02
150100667_,ТУТ 20/10 желтая IEK (100),м,UDRS-D20-100-K05
150100720_,ТУТ 20/10 зеленая IEK (100),м,UDRS-D20-100-K06
150100723_,ТУТ 8/4 черная IEK (100),м,UDRS-D8-100-K02
150100853_,ТУТ 16/8 черная IEK (100),м,UDRS-D16-100-K02
150100854_,ТУТ 2/1 черная IEK (1),м,UDRS-D2-1-K02
150100855_,ТУТ 20/10 красная IEK (100),м,UDRS-D20-100-K04
150100863_,ТУТ 50/25 черная IEK (25),м,UDRS-D50-25-K02
150100864_,ТУТ 60/30 черная IEK (25),м,UDRS-D60-25-K02
150100953_,ТУТ 16/8 желтая IEK (100),м,UDRS-D16-100-K05
150100954_,ТУТ 16/8 красная IEK (100),м,UDRS-D16-100-K04
150100955_,ТУТ 20/10 черная IEK (100),м,UDRS-D20-100-K02
150100956_,"ТУТ 30/15 желтая IEK (50) ЗАКУПАЕМ УПАКОВКАМИ, САДИМ МЕТРАЖЕМ",,UDRS-D30-50-K05
150100957_,ТУТ 30/15 красная IEK (50),м,UDRS-D30-50-K04
150100958_,"ТУТ 40/20 зеленая IEK (50) ЗАКУПАЕМ УПАКОВКАМИ, САДИМ МЕТРАЖЕМ",,UDRS-D40-50-K06
150100959_,ТУТ 40/20 черная IEK (50),м,UDRS-D40-50-K02
150100961_,ТУТ 6/3 черная IEK (200),м,UDRS-D6-100-K02
150100996_,ТУТ 30/15 черная IEK (50),м,UDRS-D30-50-K02
150100997_,ТУТ 4/2 черная IEK (1),м,UDRS-D4-1-K02
150101000_,ТУТ 30/15 зеленая IEK (50),м,UDRS-D30-50-K06
150101008_,ТУТ 16/8 зеленая IEK (100),м,UDRS-D16-100-K06
150101009_,"ТУТ 40/20 красная IEK (50) ЗАКУПАЕМ УПАКОВКАМИ, САДИМ МЕТРАЖЕМ",,UDRS-D40-50-K04
150101010_,ТУТ 40/20 желтая IEK (50),м,UDRS-D40-50-K05
150101102_,"ТУТ 20/10 синяя IEK (100) NEW ЗАКУПАЕМ УПАКОВКАМИ, САДИМ МЕТРАЖЕМ",,UDRS-D20-100-K07
150101103_,ТУТ 30/15 синяя IEK (50),м,UDRS-D30-50-K07
150101104_,ТУТ 40/20 синяя IEK (50),м,UDRS-D40-50-K07
150101140_,ЩРН 18 (240х440х120) IP54 TITAN 3 IEK,шт,MKM11-N-18-54-Z
150101155_,"Патрон подвесной E27 со шнуром 1,5м RETRO черный IEK",шт,EPA12-04-02-K02
150101158_,"Патрон подвесной E27 со шнуром 1,5м RETRO бронза IEK",шт,EPA12-04-02-K29
150101175_,Светильник уличный LED 5102 наст. 10Вт 4000К IP54 черный IEK,шт,LT-DBU0-5102-010-40-K02
150101176_,Светильник уличный LED 5102 наст. 10Вт 4000К IP54 серый IEK,шт,LT-DBU0-5102-010-40-K03
150101177_,Светильник уличный LED 5103 наст. 10Вт 4000К IP54 черный IEK,шт,LT-DBU0-5103-010-40-K02
150101178_,Светильник уличный LED 5103 наст. 10Вт 4000К IP54 серый IEK,шт,LT-DBU0-5103-010-40-K03
150101179_,Светильник уличный LED 5111 наст. 6Вт 4000К IP65 белый IEK,шт,LT-DBU0-5111-006-40-K01
150101180_,Светильник уличный LED 5111 наст. 6Вт 4000К IP65 черный IEK,шт,LT-DBU0-5111-006-40-K02
150101181_,Светильник уличный LED 5111 наст. 6Вт 4000К IP65 серый IEK,шт,LT-DBU0-5111-006-40-K03
150101182_,Светильник уличный 5100 настенный E27 IP54 черный IEK,шт,LT-UBU0-5100-E27-1-K02
150101183_,Светильник уличный 5101 настенный E27 IP54 черный IEK,шт,LT-UBU0-5101-E27-2-K02
150101188_,Светильник уличный 5107 настенный GU10 IP65 белый IEK,шт,LT-UBU0-5107-GU10-1-K01
150101189_,Светильник уличный 5107 настенный GU10 IP65 черный IEK,шт,LT-UBU0-5107-GU10-1-K02
150101190_,Светильник уличный 5107 настенный GU10 IP65 серый IEK,шт,LT-UBU0-5107-GU10-1-K03
150101191_,Светильник уличный 5108 настенный 2хGU10 IP65 белый IEK,шт,LT-UBU0-5108-GU10-2-K01
150101192_,Светильник уличный 5108 настенный 2хGU10 IP65 черный IEK,шт,LT-UBU0-5108-GU10-2-K02
150101193_,Светильник уличный 5108 настенный 2хGU10 IP65 серый IEK,шт,LT-UBU0-5108-GU10-2-K03
150101194_,Светильник уличный 5220 настенный GU10 IP65 белый IEK,шт,LT-UBU0-5220-GU10-1-K01
150101195_,Светильник уличный 5220 настенный GU10 IP65 черный IEK,шт,LT-UBU0-5220-GU10-1-K02
150101196_,Светильник уличный 5220 настенный GU10 IP65 серый IEK,шт,LT-UBU0-5220-GU10-1-K03
150101197_,Светильник уличный 5221 настенный 2хGU10 IP65 белый IEK,шт,LT-UBU0-5221-GU10-2-K01
150101198_,Светильник уличный 5221 настенный 2хGU10 IP65 черный IEK,шт,LT-UBU0-5221-GU10-2-K02
150101199_,Светильник уличный 5221 настенный 2хGU10 IP65 серый IEK,шт,LT-UBU0-5221-GU10-2-K03
150101200_,Светильник уличный 5104 потолочный GX53 IP65 белый IEK,шт,LT-UPU0-5104-GX53-1-K01
150101201_,Светильник уличный 5104 потолочный GX53 IP65 черный IEK,шт,LT-UPU0-5104-GX53-1-K02
150101202_,Светильник уличный 5104 потолочный GX53 IP65 серый IEK,шт,LT-UPU0-5104-GX53-1-K03
150101203_,Светильник уличный 5110 потолочный GU10 IP65 белый IEK,шт,LT-UPU0-5110-GU10-1-K01
150101204_,Светильник уличный 5110 потолочный GU10 IP65 черный IEK,шт,LT-UPU0-5110-GU10-1-K02
150101205_,Светильник уличный 5110 потолочный GU10 IP65 серый IEK,шт,LT-UPU0-5110-GU10-1-K03
150101206_,Светильник уличный 5112 настенный GU10 IP65 черный IEK,шт,LT-UPU0-5112-GU10-1-K02
150101207_,Светильник уличный 5112 настенный GU10 IP65 серый IEK,шт,LT-UPU0-5112-GU10-1-K03
150101208_,Светильник уличный 5113 настенный 2хGU10 IP65 черный IEK,шт,LT-UPU0-5113-GU10-2-K02
150101209_,Светильник уличный 5113 настенный 2хGU10 IP65 серый IEK,шт,LT-UPU0-5113-GU10-2-K03
150101210_,Светильник уличный 5222 потолочный GU10 IP65 белый IEK,шт,LT-UPU0-5222-GU10-1-K01
150101211_,Светильник уличный 5222 потолочный GU10 IP65 черный IEK,шт,LT-UPU0-5222-GU10-1-K02
150101212_,Светильник уличный 5222 потолочный GU10 IP65 серый IEK,шт,LT-UPU0-5222-GU10-1-K03
150101213_,Патрон подвесной GU5.3 со шнуром керамика IEK E-PRO,шт,
150300123_,ГО 04-400Вт E40 (серый под м/г) IP65 IEK (1),,LPHO04-400-01-K03
150700221_,LED ДСП 4002 100W 6500K 10000 Lm IP 65 IEK NEW,,LDSP0-4002-100-65-K23
150700222_,LED ДСП 4004 150W 6500K 15000 Lm IP 65 IEK NEW,,LDSP0-4004-150-65-K23
150700223_,LED ДСП 4006 200W 6500K 20000 Lm IP 65 IEK NEW,,LDSP0-4006-200-65-K23
151000053_,ИО 500 (черн. под галоген.) IP54 IEK (1),,LPI01-1-0500-K02
151000056_,ИО 1500 (черн. под галоген.) IP54 IEK (6),,LPI01-1-1500-K02
151000059_,НПП 1101-100 бел/круг IEK(8),шт,LNPP0-1101-1-100-K01
151000061_,НПП 1102-100 бел/круг с реш. IEK(8),шт,LNPP0-1102-1-100-K01
151000069_,НПП 1202-100 бел/овал с реш. IP54 ИЭК(8) ***,,LNPP0-1202-1-100-K01
151000070_,НПП 1202-100 черн/овал с реш. IP54 IEK(8) !!!,шт,LNPP0-1202-1-100-K02
151000071_,НПП 1301-60 бел/круг IP54 IEK(12),шт,LNPP0-1301-1-060-K01
151000074_,НПП 1302-60 черн/круг с реш IP54 ИЭК(12) ***,,LNPP0-1302-1-060-K02
151000080_,НПП 1308-60 бел/круг реш крупная IP54 ИЭК(12) ***,,LNPP0-1308-1-060-K01
151000081_,НПП 1308-60 черн/круг решетка крупная IP54 ИЭК(12) ***,,LNPP0-1308-1-060-K02
151000082_,НПП 1401-60 бел/овал IP54 IEK(12),шт,LNPP0-1401-1-060-K01
151000083_,НПП 1402-60 бел/овал с реш. IP54 IEK(12) !!!,шт,LNPP0-1402-1-060-K01
151000084_,НПП 1402-60 черн/овал с реш. IP54 IEK(12) !!!,шт,
151000119_,НПП 1201-100 бел/овал IP54 ИЭК(8) ***,,LNPP0-1201-1-100-K01
151000132_,ИО 1500 (бел. под галоген.) IP54 IEK (6) / SU-1500A,,LPI01-1-1500-K01
151000137_,Переноска УП-1Р 5м (плоск. вилка) IEK,шт,WSP20-05-K09
151000175_,Переноска УП-1Р 10м. плоск. вилка IEK,шт,WSP20-10-K09
151000214_,ИО 150 (черн. под галоген.) IP54 IEK (1),,LPI01-1-0150-K02
151000369_,"Датчик движения ДД 008 черный,до 1100 Вт,дальность 12 м IP44 IEK (48)",шт,LDD10-008-1100-002
151000552_,Отвертка крест.Master Ph2х100мм IEK (6) NEW,,TSC-1PH-2100
151000553_,Отвертка крест.Master Ph3х150мм IEK (6),шт,TSC-1PH-3150
151000555_,Отвертка Master 6х125мм IEK (12),шт,TSC-1SL-6125
151000556_,Отвертка Master 6х150мм IEK (12),шт,TSC-1SL-6150
151000557_,Отвертка Master 8х150мм IEK (12) NEW,,TSC-1SL-8150
151000558_,"Блок ав-го питания БАП58-1,0 IEK (5)",шт,LLVPOD-EPK-58-1H
151000601_,Отвертка крест.Master Ph2х150мм IEK (6),шт,TSC-1PH-2150
151000606_,Отвертка Master 4х100мм IEK (12),шт,TSC-1SL-4100
151000691_,"Датчик движения ДД 009 черный,до 1100 Вт,дальность 12 м IP44 IEK (48)",шт,LDD10-009-1100-002
151000692_,"Датчик движения ДД 010 черный,до 1100 Вт,дальность 10 м IP44 IEK (48)",шт,LDD10-010-1100-002
151000693_,"Датчик движения ДД 012 черный,до 1100 Вт,дальность 10 м IP44 IEK (48)",шт,LDD10-012-1100-002
151000698_,Держатель маркировки DM 11x25 IEK,,DM11X25
151000732_,Отвертка крест.Master Ph0х75мм IEK (6),шт,TSC-1PH-075
151000733_,Отвертка крест.Master Ph2 х 38мм IEK (6),шт,TSC-1PH-238
151000734_,Отвертка Master 3х75мм IEK (12),шт,TSC-1SL-375
151000735_,Отвертка Master 6 х 38мм IEK (12) NEW,,TSC-1SL-638
151000774_,Рулетка измерительная Universal 8м IEK,,TIR10-1-008
151000783_,Дальномер лазерный DM60 Professional IEK,шт,TIR21-3-060
151000784_,Дальномер лазерный DM40 Professional IEK,,TIR21-3-040
151000785_,Дальномер лазерный DM30 Compact IEK,,TIR21-4-030
151300040_,Лампа филаментная LED A60 шар прозр. 11Вт 230В 6500К E27 серия 360° IEK,,LLF-A60-11-230-65-E27-CL
151300041_,Лампа филаментная LED C35 свеча прозр. 7Вт 230В 4000К E14 серия 360° IEK,,LLF-C35-7-230-40-E14-CL
151300042_,"LED A60 ""Шар"" 11w 230v 6500К E27 IEK",шт,
200400001_,I1 выкл. 1кл. 10А КВАРТА ВС 10-1-0-КБ (200),шт,EVK10-K01-10-DM
200400002_,I3 выкл. 1кл. с инд. 10А КВАРТА ВС 10-1-1-КБ (200),шт,EVK11-K01-10-DM
200400003_,I2 выкл. 2кл. 10А КВАРТА ВС 10-2-0-КБ (200),шт,EVK20-K01-10-DM
200400004_,I4 выкл. 2кл. с инд.10А КВАРТА ВС 10-2-1-КБ (200),шт,EVK21-K01-10-DM
200400007_,I6 А роз. с/у з/к с/ш 16А КВАРТА РСш 10-3-КБ (200),шт,ERK11-K01-16-DM
200400009_,РСш 12-3-КБ Розетка 2местн. c з/к с защ.штор. 16А КВАРТА (160) *,шт,
200400010_,I6б роз. с/у з/к с/ш с крышкой 16А КВАРТА (200) РСбш 10-3-КБ !,шт,
200400011_,I11 розетка тел. КВАРТА РТ10-КБ (10/200),шт,ETK10-K01-DM
200400012_,РТ12-КБ Розетка 2местн. телефонная КВАРТА (белый)!!!,,ETK20-K01-DM
200400014_,I14 роз. 2-я комп+тел КВАРТА РК/Т12-КБ (200),шт,EIK10-K01-DM
200400015_,I10 розетка TV КВАРТА РТВ 10-КБ (200),шт,EAK10-K01-DM
200400016_,I15 Рамка 2-я КВАРТА (760),шт,EMK20-K01-DM
200400017_,I16 Рамка 3-я КВАРТА (500),шт,EMK30-K01-DM
200400018_,I17 Рамка 4-я КВАРТА (380),шт,EMK40-K01-DM
200400019_,I18 выкл. 1кл. о/у 10А ОКТАВА ВС 20-1-0-ОБ (36/432),шт,EVO10-K01-10-DC
200400020_,I20выкл. 1кл. с инд. о/у 10А ОКТАВА ВС 20-1-1-ОБ (36/432),шт,EVO11-K01-10-DC
200400021_,I19 выкл. 2кл. о/у 10А ОКТАВА ВС 20-2-0-ОБ (36/432),шт,EVO20-K01-10-DC
200400022_,I21 выкл. 2кл. с инд. о/у 10А ОКТАВА ВС 20-2-1-ОБ (36/432),шт,EVO21-K01-10-DC
200400023_,I22 роз. о/у 10А ОКТАВА РС 20-2-0-ОБ (36/432),шт,ERO10-K01-10-DC
200400024_,I23 роз. о/у з/к 16А ОКТАВА РС 20-3-0-ОБ (30/360),шт,ERO11-K01-16-DC
200400025_,I24 роз. 2-я о/у 10А ОКТАВА РС 22-2-0-ОБ (24/288),шт,ERO20-K01-10-DC
200400026_,I25 роз. 2-я о/у з/к 16А ОКТАВА РС 22-3-0-ОБ (18/216),шт,ERO21-K01-16-DC
200400027_,I28 роз з/к о/у дымчатый IP54 ГЕРМЕС IEK РСб20-3-ГПБд (10/100),шт,ERMP12-K03-16-54-EC
200400028_,I29 роз 2-я з/к о/у дымчатый IP54 ГЕРМЕС IEK РСб22-3-ГПБд (5/50),шт,ERMP22-K03-16-54-EC
200400029_,I26 выкл 1кл о/у белый IP54 ГЕРМЕС IEK ВС20-1-0-ГПБ (10/100),шт,EVMP10-K01-10-54-EC
200400030_,I27 выкл 2кл о/у белый IP54 ГЕРМЕС IEK ВС20-2-0-ГПБ (10/100),шт,EVMP20-K01-10-54-EC
200400032_,ЛВО 1501 белый б/с Е27 2х26 (Downlight) IEK !!!,шт,
200400034_,Токоизмерительные клещи Expert 266 IEK (20),шт,TCM-1S-266
200400048_,"U/UTP, кат.5Е 4х2х0,51 solid, серый 305м ITK",м,LC1-C5E04-111
200400050_,Миниконтактор МКИ-10610 6А 230В IEK (1/100),шт,KMM11-006-230-10
200400085_,"F/UTP (24 AWG), кат.5Е экран, 4 пары, серый 305м ITK",м,LC1-C5E04-311
200400101_,I6 роз. с/у з/к 16А КВАРТА РС 10-3-КБ (200),шт,ERK14-K01-16-DM
200400104_,"U/UTP, кат.6 4х2х0,23 solid, 305м ITK",м,LC1-C604-111
200400105_,Каб. в. п. U/UTP кат. 5E 4 пары PVC 1м сер. GENERICA,,BC1-C5E04-111-305-G
200400166_,"U/UTP, кат.5Е 4х2х0,51 solid, LDPE внеш.черный 305м ITK",м,LC3-C5E04-139
200400218_,"U/UTP ШПД, кат.5Е 4х2х0,48 solid, 305м ITK ЗАКУПАЮТСЯ БУХТАМИ, САДЯТСЯ МЕТРАЖОМ",,BC1-C5E04-111
200400249_,I9 роз. с/у з/к 16А IP44 КВАРТА РСб 10-3-КБ (160),шт,ERK15-K01-16-DM
200400250_,"F/UTP (24 AWG), кат.5Е экран, 4 пары, LDPE внеш.черный 305м ITK",м,LC3-C5E04-339
200400259_,Инструмент обжим. RJ-45/12 с храп. мех. верт. обжим ITK,шт,TM1-B11V
200400264_,Инструмент обжим. RJ-45/12/11 с храп. мех. ITK,шт,TM1-B11H
200400329_,"U/UTP кат.6 4х2х0,57 PVCLS нг(А)-LSLTx белый (305м) ITK",м,LC1-C604-128-T-P-R
200400330_,"U/UTP кат.6 4х2х0,57 LSZH нг(А)-HF оранжевый (305м) ITK",м,LC1-C604-127-T-P-R
201000015_,Преобраз. частоты CONTROL-A310 380В 3Ф 18-22кВт 37-45A IEK (1) NEW,шт,CNT-A310D33V18-22TE
201000017_,"Преобраз. частоты CONTROL-A310 380В 3Ф 15-18,5кВт 32-37A IEK NEW",шт,CNT-A310D33V15-18TELZ
201000018_,Преобраз. частоты CONTROL-A310 380В 3Ф 132-160кВт 253-300А IEK (1) NEW,шт,CNT-A310D33V132-160TE
201000019_,Преобраз. частоты CONTROL-A310 380В 3Ф 185-200кВт 340-380А IEK (1) NEW,шт,CNT-A310D33V185-200TE
201000020_,Преобраз. частоты CONTROL-A310 380В 3Ф 37-45кВт 75-90А IEK (1) NEW,шт,CNT-A310D33V37-45TE
201000021_,Преобраз. частоты CONTROL-A310 380В 3Ф 45-55кВт 90-110А IEK (1) NEW,шт,CNT-A310D33V45-55TE
201000022_,Преобраз. частоты CONTROL-A310 380В 3Ф 55-75кВт 110-152А IEK (1) NEW,шт,CNT-A310D33V55-75TE
203000051_,Эл.Двиг.3ф.АИР 90L4 380В 2.2кВт 1500об/мин 2081 DRIVE IEK (1) ***,,DRV090-L4-002-2-1520
203000053_,"Эл.Двиг.3ф.АИР 80A2 380В 1,5кВт 3000об/мин 2081 DRIVE IEK (1) ***",,DRV080-A2-001-5-3020
203000056_,Эл.Двиг.3ф.АИР 100L2 380В 5.5кВт 3000об/мин 2081 DRIVE IEK (1) ***,,DRV100-L2-005-5-3020
203000079_,"Эл.Двиг.3ф.АИР 80B6 380В 1,1кВт 1000об/мин 2081 DRIVE IEK (1) ***",,DRV080-B6-001-1-1020
220400107_,ТТК 12/3 черная с клеем IEK (1),м,UMR-A3-12-3-41-K02
220400108_,ТТК 13/4 черная с клеем IEK (1) NEW,,UMR-A3-13-4-41-K02
220400109_,ТТК 20/6 черная с клеем IEK (1) NEW,,UMR-A3-20-6-41-K02
220400110_,ТТК 33/8 черная с клеем IEK (1) NEW,,UMR-A3-33-8-41-K02
220400111_,ТТК 43/12 черная с клеем IEK (1) NEW,,UMR-A3-43-12-41-K02
220400112_,ТТК 51/16 черная с клеем IEK (1) NEW,,UMR-A3-51-16-41-K02
220400113_,ТТК 65/19 черная с клеем IEK (1) NEW,,UMR-A3-65-19-41-K02
240100001_,"Хомут 2,5х120 IEK (100)",,UHH31-D025-120-100
240100002_,"Хомут 2,5х150 IEK (100)",упак,UHH31-D025-150-100
240100003_,"Хомут 3,6х100 IEK (100)",упак,UHH31-D036-100-100
240100004_,"Хомут 3,6х150 IEK (100)",упак,UHH31-D036-150-100
240100005_,"Хомут 3,6х200 IEK (100)",упак,UHH31-D036-200-100
240100006_,"Хомут 3,6х300 IEK (100)",упак,UHH31-D036-300-100
240100007_,"Хомут 3,6х350 IEK (100)",упак,UHH31-D036-350-100
240100009_,"Хомут 4,8х160 IEK (100)*",,UHH31-D048-160-100
240100010_,"Хомут 4,8х180 IEK (100)",,UHH31-D048-180-100
240100011_,"Хомут 4,8х450 IEK (100)",упак,UHH31-D048-450-100
240100012_,"Хомут 4,8х500 IEK (100)",упак,UHH31-D048-500-100
240100013_,"Хомут 7,6х500 IEK (100)",упак,UHH31-D076-500-100
240100015_,Площадка (самоклеющаяся) 20х20 IEK (100),,UHP30-20-100
240100016_,Площадка (самоклеющаяся) 25х25 IEK (100),упак,UHP30-25-100
240100020_,Площадка (самоклеющаяся) 30х30 IEK (100),упак,UHP30-30-100
240100025_,Площадка (самоклеющаяся) 40х40 IEK (100),упак,UHP30-40-100
240100026_,"Хомут 4,8х250 IEK (100)",упак,UHH31-D048-250-100
240100027_,"Хомут 4,8х300 IEK (100)",упак,UHH31-D048-300-100
240100028_,"Хомут 2,5х100 IEK (100)",упак,UHH31-D025-100-100
240100029_,"Хомут 2,5х200 IEK (100)",упак,UHH31-D025-200-100
240100045_,"Хомут 4,8х120 IEK (100)",,UHH31-D048-120-100
240100052_,"Хомут 3,6х150мм черные (100) IEK",упак,UHH32-D036-150-100
240100053_,"Хомут 3,6х200 черные IEK (100)",упак,UHH32-D036-200-100
240100054_,"Хомут 3,6х300 черные IEK (100)",упак,UHH32-D036-300-100
240100089_,Дюбель-хомут 5-8мм нейлон бел. IEK (100),,UHH35-5-8-100
240100090_,Дюбель-хомут 19-25мм нейлон бел. IEK (100),упак,UHH35-19-25-100
240100091_,"Хомут 2,5х100 черные IEK (100)",упак,UHH32-D025-100-100
240100092_,"Хомут 2,5х200 черные IEK (100)",упак,
240100093_,"Хомут 3,6х350 черные IEK (100)",упак,UHH32-D036-350-100
240100094_,"Хомут 4,8х300 черные IEK (100)",упак,UHH32-D048-300-100
240100095_,Площадка (самоклеющаяся) черная 20х20 IEK (100),упак,UHP31-20-100
240100096_,Площадка (самоклеющаяся) черная 25х25 IEK (100),упак,UHP31-25-100
240100097_,Площадка (самоклеющаяся) черная 30х30 IEK (100),упак,UHP31-30-100
240100106_,"Хомут 4,8х350 IEK (100)",упак,UHH31-D048-350-100
240100107_,"Хомут 7,6х300 IEK (100)",упак,UHH31-D076-300-100
240100109_,Дюбель-хомут 19-25мм нейлон черный IEK (100),,UHH36-19-25-100
240100110_,Дюбель-хомут 11-18мм нейлон черный IEK (100),,UHH36-11-18-100
240100111_,Дюбель-хомут 11-18мм нейлон бел. IEK (100),упак,UHH35-11-18-100
240100112_,Дюбель-хомут 5-8мм нейлон чёрный IEK (100),упак,UHH36-5-8-100
240100117_,"Хомут 2,5х250мм нейлон (100шт) ИЭК",,UHH31-D025-250-100
240100185_,"Хомут 4,8х200 IEK (100)",упак,UHH31-D048-200-100
240100189_,Площадка ПМ 22х16х4мм под винт белая IEK (100) NEW,,UHP33-22-16-4-100-K01
240100190_,Площадка ПМ 22х16х6мм под винт белая IEK (100) NEW,,UHP33-22-16-6-100-K01
240100208_,"Хомут 4,8х200 черные (100) IEK",упак,UHH32-D048-200-100
240100209_,Площадка (самоклеющаяся) черная 40х40 IEK (100),упак,UHP31-40-100
240200003_,Круглая скоба 6мм IEK (100),упак,USK11-06-100
240200005_,Круглая скоба 7мм IEK (100),,USK11-07-100
240200006_,Плоская скоба 7 мм IEK (100),,USK21-07-100
240200007_,Круглая скоба 8мм IEK (100),упак,USK11-08-100
240200008_,Плоская скоба 8мм IEK (100),,USK21-08-100
240200009_,Круглая скоба 9мм IEK (100),,USK11-09-100
240200010_,Плоская скоба 9мм IEK (100),,USK21-09-100
240200011_,Круглая скоба 10мм IEK (100),упак,USK11-10-100
240200012_,Плоская скоба 10мм IEK (100),упак,USK21-10-100
240200014_,Круглая скоба 12мм IEK (100),упак,USK11-12-100
240200015_,Круглая скоба 14мм IEK (100)*,,USK11-14-100
240200017_,Круглая скоба 16мм IEK (100),упак,USK11-16-100
240200029_,Плоская скоба 12мм IEK (100),упак,USK21-12-100
240200031_,Плоская скоба 6мм IEK (100),упак,USK21-06-100
240200032_,Плоская скоба 14мм IEK (100),упак,USK21-14-100
240200033_,Круглая скоба 4мм IEK (100),,USK11-04-100
240200034_,Плоская скоба 4мм IEK (100)*,,USK21-04-100
240200050_,Круглая скоба 5мм IEK (100)*,,USK11-05-100
240200065_,Круглая скоба 4мм ИЭК (20шт) ***,,USK11-04-020
240300013_,"Маркер МК1-2,5мм символ ""0"" 1000шт\ролл IEK",упак,UMK10-0
240300014_,"Маркер МК1-2,5мм символ ""1"" 1000шт\ролл IEK",упак,UMK10-1
240300015_,"Маркер МК1-2,5мм символ ""2"" 1000шт\ролл IEK",упак,UMK10-2
240300016_,"Маркер МК1-2,5мм символ ""3"" 1000шт\ролл IEK",упак,UMK10-3
240300017_,"Маркер МК1-2,5мм символ ""4"" 1000шт\ролл IEK",упак,UMK10-4
240300018_,"Маркер МК1-2,5мм символ ""5"" 1000шт\ролл IEK",упак,UMK10-5
240300019_,"Маркер МК1-2,5мм символ ""6"" 1000шт\ролл IEK",упак,UMK10-6
240300020_,"Маркер МК1-2,5мм символ ""7"" 1000шт\ролл IEK",упак,UMK10-7
240300021_,"Маркер МК1-2,5мм символ ""8"" 1000шт\ролл IEK ***",,UMK10-8
240300022_,"Маркер МК1-2,5мм символ ""9"" 1000шт\ролл IEK***",,UMK10-9
240300023_,"Маркер МК1-2,5мм символ ""N"" 1000шт\ролл IEK ***",,UMK10-N
240300024_,"Маркер МК1-2,5мм символ ""A"" 1000шт\ролл IEK ***",,UMK10-A
240300025_,"Маркер МК1-2,5мм символ ""B"" 1000шт\ролл IEK ***",,UMK10-B
240300026_,"Маркер МК1-2,5мм символ ""C"" 1000шт\ролл IEK ***",,UMK10-C
240300027_,"Маркер МК0-1,5мм символ ""1"" 1000шт\ролл IEK",упак,UMK00-1
240300033_,"Маркер МК0-1,5мм символ ""2"" 1000шт\ролл IEK",упак,UMK00-2
240300034_,"Маркер МК0-1,5мм символ ""5"" 1000шт\ролл IEK",упак,UMK00-5
240300035_,"Маркер МК0-1,5мм символ ""0"" 1000шт\ролл IEK",упак,UMK00-0
240300050_,"Маркер МК0-1,5мм символ ""3"" 1000шт\ролл IEK",упак,UMK00-3
240300051_,"Маркер МК0-1,5мм символ ""4"" 1000шт\ролл IEK",упак,UMK00-4
240300052_,"Маркер МК0-1,5мм символ ""6"" 1000шт\ролл IEK",упак,UMK00-6
240300053_,"Маркер МК0-1,5мм символ ""7"" 1000шт\ролл IEK",упак,UMK00-7
240300054_,"Маркер МК0-1,5мм символ ""8"" 1000шт\ролл IEK",упак,UMK00-8
240300055_,"Маркер МК0-1,5мм символ ""9"" 1000шт\ролл IEK",упак,UMK00-9
240300056_,"Маркер МК0-1,5мм символ ""N"" 1000шт\ролл IEK",,UMK00-N
240300057_,"Маркер МК0-1,5мм символ ""A"" 1000шт\ролл IEK",упак,UMK00-A
240300058_,"Маркер МК0-1,5мм символ ""B"" 1000шт\ролл IEK",,UMK00-B
240300059_,"Маркер МК0-1,5мм символ ""C"" 1000шт\ролл IEK",,UMK00-C
250200001_,ЩМП- 1 IP 31 (395х310х220) IEK,шт,YKM40-01-31
250200002_,ЩМП- 1 IP 54 (395х310х220) IEK,шт,YKM40-01-54
250200003_,ЩМП- 2 IP 31 (500х400х220) IEK,шт,YKM40-02-31
250200004_,ЩМП- 2 IP 54 (500х400х220) IEK,шт,YKM40-02-54
250200005_,ЩЭ 4 (1000х960х155) IP31 IEK,шт,MKM42-04-31
250200006_,ЩМП- 3 IP 31 (650х500х220) IEK,шт,YKM40-03-31
250200007_,ЩМП- 3 IP 54 (650х500х220) IEK,шт,YKM40-03-54
250200008_,ЩМП- 4 IP 31 (800х650х250) IEK,шт,YKM40-04-31
250200009_,ЩМП- 4 IP 54 (800х650х250) IEK,шт,YKM40-04-54
250200010_,ЩРВ 12 (275x320x120) IP30 TITAN 3 IEK,шт,MKM14-V-12-30-T
250200011_,ЩРВ 24 (405x320x120) IP30 TITAN 3 IEK,шт,MKM14-V-24-30-T
250200012_,ЩРВ 36 (550x320x120) IP30 TITAN 3 IEK,шт,MKM14-V-36-30-T
250200014_,ЩРН 12 (265x310x120) IP31 TITAN 3 IEK,шт,MKM14-N-12-31-Z
250200015_,ЩРН 18 (265x440x120) IP31 TITAN 3 IEK,шт,MKM14-N-18-31-Z
250200016_,ЩРН 24 (395x210x120) IP31 TITAN 3 IEK,шт,MKM14-N-24-31-Z
250200017_,ЩРН 36 (540x310x120) IP31 TITAN 3 IEK,шт,MKM14-N-36-31-Z
250200018_,ЩРН 48 (620x310x120) IP31 TITAN 3 IEK,шт,MKM14-N-48-31-Z
250200019_,ЩРН 54 (540x440x120) IP31 TITAN 3 IEK,шт,MKM14-N-54-31-Z
250200020_,ЩРН 9 (325x280x135) IP31 TITAN 3 IEK,шт,MKM14-N-09-31-Z
250200021_,ЩУРв-1-12зо (480x320x165) IEK,,MKM25-V-12-31-ZO
250200022_,ЩУРв-3-12зо (550x320x165) IEK,,MKM35-V-12-31-ZO
250200023_,ЩУРв-3-30зо (550x500x165) IEK,шт,MKM35-V-30-31-1-ZO
250200025_,ЩУРн-1-12зо (395x310x165) IEK,шт,MKM25-N-12-31-ZO
250200026_,ЩУРн-3-12зо (550x320x175) IEK,шт,MKM35-N-12-31-ZO
250200027_,ЩУРн-3-30зо (540x490x165) IEK,шт,MKM35-N-30-1-31-ZO
250200028_,ЩУРн-3-48зо (600x540x165) IEK,шт,MKM35-N-48-31-ZO
250200029_,Заглушка 12 модулей серая,шт,
250200031_,ЩУ-1ф/1-0 IP54 1дверь (310x300x150) IEK,шт,MKM51-N-01-54
250200032_,TITAN Корпус металлический ЩУ-3/1-0 (445х400х150мм) У1 IP66 IEK,шт,MKM51-N-03-54
250200037_,ЩМП- 7 IP 31 (1320х750х300) IEK,шт,YKM40-07-31
250200041_,ЩМП- 5 IP 31 (1000х650х300) IEK,шт,YKM40-05-31
250200042_,ЩМП- 5 IP 54 (1000х650х300) IEK,шт,YKM40-05-54
250200044_,ЩРВ 18 (275x450x120) IP30 TITAN 3 IEK,шт,MKM14-V-18-30-T
250200047_,ЩРВ 48 (630x320x120) IP30 TITAN 3 IEK,шт,MKM14-V-48-30-T
250200050_,ЩМП- 6 IP 31 (1200х750х300) IEK,шт,YKM40-06-31
250200051_,ЩМП- 6 IP 54 (1200х750х300) IEK,шт,YKM40-06-54
250200052_,ЩРВ 54 (550x450x120) IP30 TITAN 3 IEK,шт,MKM14-V-54-30-T
250200054_,ЩМП- 7 IP 54 (1415х665х295) IEK,шт,YKM40-07-54
250200060_,ЩУ-1ф/1-1 IP54 2двери (310x300x150) IEK,шт,MKM51-N-04-54
250200061_,ЩУ-3ф/1-1 74 IP66 2двери (445x400x150) IEK,шт,MKM51-N-09-54
250200077_,ЩРН 72з (540x600x120) IP31 TITAN 3 IEK,шт,MKM14-N-72-31-Z
250200078_,ЩЭ 3 (1010x970x155) IP31 IEK,шт,MKM42-03-31
250200106_,ЩЭ 2 (1000х960х155) IP31 IEK *,шт,MKM42-02-31
250600001_,ЩРВ-П 12 IEK (10) MKP12-V-04-12-41,шт,MKP12-V-12-40-10
250600002_,ЩРВ-П 18 IEK (10) MKP12-V-04-18-41,шт,MKP12-V-18-40-10
250600003_,ЩРВ-П 24 IEK (10) MKP12-V-04-24-41,шт,MKP12-V-24-40-10
250600004_,ЩРВ-П 36 IEK (5) MKP12-V-04-36-41,шт,MKP12-V-36-40-05
250600005_,ЩРВ-П 6 IEK (20) MKP12-V-04-06-41,шт,MKP12-V-06-40-20
250600006_,ЩРВ-П 8 IEK (20) MKP12-V-04-08-41,шт,MKP12-V-08-40-20
250600007,ЩРН-П 12 IEK !!!,шт,
250600007_,ЩРН-П 12 IEK (10) MKP12-N-04-12-41,шт,MKP12-N-12-40-10
250600008_,ЩРН-П 18 IEK (10) MKP12-N-04-18-41,шт,MKP12-N-18-40-10
250600009_,ЩРН-П 24 IEK (10) MKP12-N-04-24-41,шт,MKP12-N-24-40-10
250600010_,ЩРН-П 6 IEK (20) MKP12-N-04-06-41,шт,MKP12-N-06-40-20
250600011_,ЩРН-П 8 IEK (20) MKP12-N-04-08-41,шт,MKP12-N-08-40-20
250600012_,ЩРН-П 36 IEK (5) MKP12-N-04-36-41,шт,MKP12-N-36-40-05
250600013_,Пост кноп (корпус) КП-102 (2 мест.бел.) IEK (10/100),шт,BKP10-2-K01
250600014_,Пост кноп (корпус) КП-103 (3 мест.бел.) IEK (10/100),шт,BKP10-3-K01
250600015_,Пост кноп (корпус) КП-104 (4 мест.бел.) IEK (10/50),шт,BKP10-4-K01
250600020_,ЩРВ-П 4 IEK (20) MKP12-V-04-04-41,шт,MKP12-V-04-40-20
250600021_,ЩРН-П 4 IEK (20) MKP12-N-04-04-41,шт,MKP12-N-04-40-20
250600030_,Пост кноп (корпус) КП-101 (1 мест.бел.) IEK (10/100),шт,BKP10-1-K01
250600034_,Бокс КМПн-12 IP55 !!!,шт,
250600039_,ЩУРн-П 3/10 IP55 (345х270х105) IEK,шт,MSP310-3-55
250600040_,ЩУРн-П 3/6 IP55 (400х350х125) IEK,,MSP306-3-55
250600041_,ЩУРн-П 3/8 IP55 (365х225х120) IEK,шт,MSP308-3-55
250600042_,Нивелирующий комплект ONFLOOR IEK ***,,KNK-SN-9011
250600043_,Коробка напольная ONFLOOR 12 мод. IEK ***,,KNU-12-PA-9011
250600044_,Коробка напольная ONFLOOR 16 мод. IEK ***,,KNU-80-16-PA-9011
250600045_,Коробка приборная ONFLOOR IEK ***,,KNP-80-16-PA-7012
250600047_,Лючок ONFLOOR 16 мод. IEK ***,,KNL-80-16-7012
250600050_,Приборная заглушка ONFLOOR 80/0 IEK !!!,м,KNR-80-00-7012
250600051_,Приборная рамка ONFLOOR 80/3 IEK !!!,м,KNR-80-03-7012
250600052_,Приборная рамка ONFLOOR 80/45 IEK ***,,KNR-80-45-7012
250600053_,ЩМП-1 IP65 GARANT (395х310х220) IEK,шт,YKM40-01-65
250600054_,ЩМП-2 IP65 GARANT (500х400х220) IEK,шт,YKM40-02-65
250600055_,ЩМП-3 IP65 GARANT (650х500х220) IEK,шт,YKM40-03-65
250600056_,ЩМП-4 IP65 GARANT (800х650х250) IEK,шт,YKM40-04-65
250600057_,ЩМП-5 IP65 GARANT (1000х650х275) IEK,шт,YKM40-05-65
250600058_,ЩМП-6 IP65 GARANT (1200х650х275) IEK,шт,YKM40-06-65
250600059_,ЩМП-7 IP65 GARANT (1400х650х275) IEK,шт,YKM40-07-65
250600061_,ЩМП -1 IP 31 (395х310х150) LIGHT IEK,,YKM41-01-31-L
250600062_,ЩМП- 2 IP 31 (500х400х150) LIGHT IEK,,YKM41-02-31-L
250600063_,ЩМП-3 IP 31 (650х500х150) LIGHT IEK !,шт,YKM41-03-31-L
250600087_,Бокс КМПн 1/2 для 1-2-х авт.выкл н/у IEK (252),шт,MKP31-N-02-30-252
250600114_,ЩРН-П- 4 PRIME IEK (20) NEW,,MKP82-N-04-41-20
250600115_,ЩРН-П 6 PRIME IEK (20) !!!,шт,MKP82-N-06-41-20
250600116_,ЩРН-П 9 PRIME IEK (20) !!!,шт,MKP82-N-09-41-20
250600117_,ЩРН-П 12 PRIME IEK (10) !!!,шт,MKP82-N-12-41-10
250600118_,ЩРН-П-18 PRIME IEK (10) NEW,,MKP82-N-18-41-10
250600119_,ЩРН-П-24 PRIME IEK (10) NEW,,MKP82-N-24-41-10
250600120_,ЩРН-П-36 PRIME IEK (10) NEW,,MKP82-N-36-41-05
250600121_,ЩРВ-П- 4 PRIME IEK (20) NEW*,,MKP82-V-04-41-20
250600122_,ЩРВ-П- 6 PRIME IEK (20) NEW,,MKP82-V-06-41-20
250600123_,ЩРВ-П- 9 PRIME IEK (20) NEW,,MKP82-V-09-41-20
250600124_,ЩРВ-П-12 PRIME IEK (10) NEW,,MKP82-V-12-41-10
250600125_,ЩРВ-П-18 PRIME IEK (10) NEW,,MKP82-V-18-41-10
250600126_,ЩРВ-П-24 PRIME IEK (10) NEW,,MKP82-V-24-41-10
250600127_,ЩРВ-П-36 PRIME IEK (5) NEW,,MKP82-V-36-41-05
250600129_,ЩМПп- 1 (400х300х220) IP65 IEK,шт,MKP93-N-403022-65
250600130_,ЩМПп- 2 (500х400х240) IP65 IEK,шт,MKP93-N-504024-65
250600131_,ЩМПп- 3 (600х400х200) IP65 IEK,шт,MKP93-N-604020-65
250600132_,ЩМПп- 4 (800х600х260) IP65 IEK,шт,MKP93-N-806026-65
250600150_,ЩУРн-П 1/8 IP66 PC IEK NEW (1/10),шт,
250600152_,ЩУРн-П 3/6 IP66 KREPTA 5 PC IEK E-PRO,шт,
250600173_,ЩРН-П 4 модуля навесн. пластик IP41 GENERICA (20),шт,MKP12-N-04-41-G
250600174_,ЩРН-П 6 модулей навесн. пластик IP41 GENERICA (20),шт,MKP12-N-06-41-G
250600175_,ЩРН-П 8 модулей навесн. пластик IP41 GENERICA (20),шт,MKP12-N-08-41-G
250600176_,ЩРН-П 12 модулей навесн. пластик IP41 GENERICA (10),шт,MKP12-N-12-41-G
250600177_,ЩРН-П 18 модулей навесн. пластик IP41 GENERICA (10),шт,MKP12-N-18-41-G
250600178_,ЩРН-П 24 модуля навесн. пластик IP41 GENERICA (10),шт,MKP12-N-24-41-G
250600179_,ЩРН-П 36 модулей навесн. пластик IP41 GENERICA (5),шт,MKP12-N-36-41-G
250600180_,ЩРВ-П 4 модуля встр. пластик IP41 GENERICA (20),шт,MKP12-V-04-41-G
250600181_,ЩРВ-П 6 модулей встр. пластик IP41 GENERICA (20),шт,MKP12-V-06-41-G
250600182_,ЩРВ-П 8 модулей встр. пластик IP41 GENERICA (20),шт,MKP12-V-08-41-G
250600183_,ЩРВ-П 12 модулей встр. пластик IP41 GENERICA (10),шт,MKP12-V-12-41-G
250600184_,ЩРВ-П 18 модулей встр. пластик IP41 GENERICA (10),шт,MKP12-V-18-41-G
250600185_,ЩРВ-П 24 модуля встр. пластик IP41 GENERICA (10),шт,MKP12-V-24-41-G
250600186_,ЩРВ-П 36 модулей встр. пластик IP41 GENERICA (5),шт,MKP12-V-36-41-G
250600187_,ЩМПп 350х250х150мм УХЛ1 IP65 IEK,,MKP93-N-352515-65
250600244_,ЩРВ-П 12 черный прозрачная дв. IP41 IEK,шт,MKP12-V-12-41-K02
250600250_,ЩРН-П 12 IEK черный прозрачная дв. IP41,шт,MKP12-N-12-41-K02
250600252_,Корпус пластиковый ЩРВ-П-8 IP41 черный KREPTA 3 ИЭК,шт,
250600271_,ЩМП 1000х800х400 IP66 TITAN 5 IEK,шт,TI5-10-N-100-080-040-66
250600275_,ЩРН 36 (1х36мод) 585х310х140 IP54 TITAN 5 IEK,шт,TI5-50-N-036-54-7035
250600276_,ЩРН 48 (2х24мод) 460х570х140 IP54 TITAN 5 IEK,шт,TI5-50-N-2X024-54-7035
250600277_,ЩРН 72 (2х36мод) 585х570х140 IP54 TITAN 5 IEK,шт,TI5-50-N-2X036-54-7035
250600278_,ЩРН 120 (2х60мод) 835х570х140 IP54 TITAN 5 IEK,шт,TI5-50-N-2X060-54-7035
250600279_,ЩРН 144 (2х72мод) 960х570х140 IP54 TITAN 5 IEK,шт,TI5-50-N-2X072-54-7035
250600287_,ЩРВ-П 36 IP41 KREPTA 3 черный IEK E-PRO,шт,
250600289_,ЩРН 24 (1х24мод) 460х310х140 IP54 TITAN 5 IEK,шт,TI5-50-N-024-54-7035
250600290_,ЩМП 400х300х200 IP66 TITAN 5 IEK,шт,TI5-10-N-040-030-020-66
250600291_,ЩМП 500х400х250 IP66 TITAN 5 IEK,шт,TI5-10-N-050-040-025-66
250600292_,ЩМП 600х500х200 IP66 TITAN 5 IEK,шт,TI5-10-N-060-050-020-66
250600293_,ЩМП 800х600х250 IP66 TITAN 5 IEK,шт,TI5-10-N-080-060-025-66
250600294_,ЩМП 1000х600х250 IP66 TITAN 5 IEK,шт,TI5-10-N-100-060-025-66
250600309_,ЩМПп 300х200х130мм прозр. IP66 TETRA IEK,шт,TR5-11-N-030-20-13-65
250600310_,ЩМПп 350х250х150мм прозр. IP66 TETRA IEK,шт,TR5-11-N-035-25-15-65
250600311_,ЩМПп 400х300х170мм прозр. IP66 TETRA IEK,шт,TR5-11-N-040-30-17-65
250600312_,ЩМПп 400х300х220мм прозр. IP66 TETRA IEK,шт,TR5-11-N-040-30-22-65
250600313_,ЩМПп 500х400х180мм прозр. IP66 TETRA IEK,шт,TR5-11-N-050-40-18-65
250600314_,ЩМПп 300х200х130мм серый. IP66 TETRA IEK,шт,TR5-12-N-030-20-13-65
250600315_,ЩМПп 350х250х150мм серый. IP66 TETRA IEK,шт,TR5-12-N-035-25-15-65
250600316_,ЩМПп 400х300х170мм серый. IP66 TETRA IEK,шт,TR5-12-N-040-30-17-65
250600317_,ЩМПп 400х300х220мм серый. IP66 TETRA IEK,шт,TR5-12-N-040-30-22-65
250600318_,ЩМПп 500х400х180мм серый. IP66 TETRA IEK,шт,TR5-12-N-050-40-18-65
251000053_,ЩРВ 72 (540x600x120) IP30 TITAN 3 IEK,шт,MKM14-V-72-30-T
251400017_,ЩРВ-П 12 черн. прозр. дверь IP41 TEKFOR IEK,шт,TF5-KP12-V-12-41-K01-K03
251400019_,ЩРВ-П 24 черн. прозр. дверь IP41 TEKFOR IEK,шт,TF5-KP12-V-24-41-K01-K03
251400020_,ЩРВ-П 36 черн. прозр. дверь IP41 TEKFOR IEK,шт,TF5-KP12-V-36-41-K01-K03
251400021_,КМПн 6 черн. прозр. дверь IP65 TEKFOR IEK,шт,TF5-KP72-N-06-65-K03-K02
251400022_,КМПн 8 черн. прозр. дверь IP65 TEKFOR IEK,шт,TF5-KP72-N-08-65-K03-K02
251400023_,КМПн-12 черн. прозр. дверь IP65 TEKFOR IEK,шт,TF5-KP72-N-12-65-K03-K02
251400024_,КМПн-18 черн. прозр. дверь IP65 TEKFOR IEK,шт,TF5-KP72-N-18-65-K03-K02
251400025_,КМПн-24 черн. прозр. дверь IP65 TEKFOR IEK,шт,TF5-KP72-N-24-65-K03-K02
251400026_,КМПн-36 черн. прозр. дверь IP65 TEKFOR IEK,шт,TF5-KP72-N-36-65-K03-K02
251400027_,КМПн-54 черн. прозр. дверь IP65 TEKFOR IEK,шт,TF5-KP72-N-54-65-K03-K02
251400028_,ЩРН-П 24 бел. дверь IP41 TEKFOR IEK,шт,TF5-KP13-N-24-41-K01-K01
251400029_,ЩРН-П 36 бел. дверь IP41 TEKFOR IEK,шт,TF5-KP13-N-36-41-K01-K01
251400030_,ЩРВ-П 54 черн. прозр. дверь IP41 TEKFOR IEK,шт,TF5-KP12-V-54-41-K01-K03
251400031_,ЩРН-П 8 бел. дверь IP41 TEKFOR IEK,шт,TF5-KP13-N-08-41-K01-K01
251400032_,ЩРН-П 12 бел. дверь IP41 TEKFOR IEK,шт,TF5-KP13-N-12-41-K01-K01
251400033_,ЩРН-П 54 бел. дверь IP41 TEKFOR IEK,шт,TF5-KP13-N-54-41-K01-K01
251400034_,ЩРВ-П 8 бел. дверь IP41 TEKFOR IEK,шт,TF5-KP13-V-08-41-K01-K01
251400035_,ЩРВ-П 12 бел. дверь IP41 TEKFOR IEK,шт,TF5-KP13-V-12-41-K01-K01
251400036_,ЩРВ-П 24 бел. дверь IP41 TEKFOR IEK,шт,TF5-KP13-V-24-41-K01-K01
251400037_,ЩРВ-П 36 бел. дверь IP41 TEKFOR IEK,шт,TF5-KP13-V-36-41-K01-K01
251400038_,ЩРВ-П 54 бел. дверь IP41 TEKFOR IEK,шт,TF5-KP13-V-54-41-K01-K01
251400039_,ЩРВ-П 8 черн. прозр. дверь IP41 TEKFOR IEK,шт,TF5-KP12-V-08-41-K01-K03
251400040_,ЩРН-П 8 черн. прозр. дверь IP41 TEKFOR IEK,шт,TF5-KP12-N-08-41-K01-K03
251400041_,ЩРН-П 12 черн. прозр. дверь IP41 TEKFOR IEK,шт,TF5-KP12-N-12-41-K01-K03
251400042_,ЩРН-П 24 черн. прозр. дверь IP41 TEKFOR IEK,шт,TF5-KP12-N-24-41-K01-K03
251400043_,ЩРН-П 36 черн. прозр. дверь IP41 TEKFOR IEK,шт,TF5-KP12-N-36-41-K01-K03
251400044_,ЩРН-П 54 черн. прозр. дверь IP41 TEKFOR IEK,шт,TF5-KP12-N-54-41-K01-K03
251400045_,КМПн 2 белый IP41 TEKFOR Mini IEK,шт,TFM-KP73-N-02-41-K01-K01
251400046_,КМПн 4 белый IP41 TEKFOR Mini IEK,шт,TFM-KP73-N-04-41-K01-K01
251400047_,КМПн 6 белый IP41 TEKFOR Mini IEK,шт,TFM-KP73-N-06-41-K01-K01
251400048_,ЩРН-П 4 черн. пр. дв. IP41 UNION Compact IEK,шт,UIC-KP12-N-04-41-K01
251400049_,ЩРН-П 6 черн. пр. дв. IP41 UNION Compact IEK,шт,UIC-KP12-N-06-41-K01
251400050_,ЩРН-П 8 черн. пр. дв. IP41 UNION Compact IEK,шт,UIC-KP12-N-08-41-K01
251400051_,ЩРН-П 12 черн. пр. дв. IP41 UNION Compact IEK,шт,UIC-KP12-N-12-41-K01
251400052_,ЩРН-П 18 черн. пр. дв. IP41 UNION Compact IEK,шт,UIC-KP12-N-18-41-K01
251400053_,ЩРВ-П 6 черн. пр. дв. IP41 UNION Compact IEK,шт,UIC-KP12-V-06-41-K01
251400054_,ЩРВ-П 8 черн. пр. дв. IP41 UNION Compact IEK,шт,UIC-KP12-V-08-41-K01
251400055_,ЩРВ-П 12 черн. пр. дв. IP41 UNION Compact IEK,шт,UIC-KP12-V-12-41-K01
251400056_,ЩРВ-П 18 черн. пр. дв. IP41 UNION Compact IEK,шт,UIC-KP12-V-18-41-K01
251400057_,ЩРН-П 4 бел. дв. IP41 UNION Compact IEK,шт,UIC-KP13-N-04-41-K01
251400058_,ЩРН-П 6 бел. дв. IP41 UNION Compact IEK,шт,UIC-KP13-N-06-41-K01
251400059_,ЩРН-П 8 бел. дв. IP41 UNION Compact IEK,шт,UIC-KP13-N-08-41-K01
251400060_,ЩРН-П 12 бел. дв. IP41 UNION Compact IEK,шт,UIC-KP13-N-12-41-K01
251400061_,ЩРН-П 18 бел. дв. IP41 UNION Compact IEK,шт,UIC-KP13-N-18-41-K01
251400062_,ЩРВ-П 8 бел. дв. IP41 UNION Compact IEK,шт,UIC-KP13-V-08-41-K01
251400063_,ЩРВ-П 12 бел. дв. IP41 UNION Compact IEK,шт,UIC-KP13-V-12-41-K01
251400064_,ЩРВ-П 18 бел. дв. IP41 UNION Compact IEK,шт,UIC-KP13-V-18-41-K01
251400065_,ЩРН 12 (1х12мод) 335х310х140 IP54 TITAN 5 IEK,шт,TI5-50-N-012-54-7035
251400066_,ЩРН 48 (1х48мод) 710х310х140 IP54 TITAN 5 IEK,шт,TI5-50-N-048-54-7035
251400067_,ЩРН 60 (1х60мод) 835х310х140 IP54 TITAN 5 IEK,шт,TI5-50-N-060-54-7035
251400068_,ЩРН 72 (1х72мод) 960х310х140 IP54 TITAN 5 IEK,шт,TI5-50-N-072-54-7035
251400069_,ЩРН 84 (1х84мод) 1085х310х140 IP54 TITAN 5 IEK,шт,TI5-50-N-084-54-7035
251400070_,ЩРН 96 (2х48мод) 710х570х140 IP54 TITAN 5 IEK,шт,TI5-50-N-2X048-54-7035
251400071_,ЩРН 168 (2х84мод) 1085х570х140 IP54 TITAN 5 IEK,шт,TI5-50-N-2X084-54-7035
251400072_,ЩРН 180 (3х60мод) 835х830х140 IP54 TITAN 5 IEK,шт,TI5-50-N-3X060-54-7035
251400073_,ЩРН 216 (3х72мод) 960х830х140 IP54 TITAN 5 IEK,шт,TI5-50-N-3X072-54-7035
251400074_,ЩРВ 12 (1х12мод) 380х365х130 IP31 TITAN 5 IEK,шт,TI5-50-V-012-31-7035
251400075_,ЩРВ 24 (1х24мод) 505х365х130 IP31 TITAN 5 IEK,шт,TI5-50-V-024-31-7035
251400076_,ЩРВ 36 (1х36мод) 630х365х130 IP31 TITAN 5 IEK,шт,TI5-50-V-036-31-7035
251400077_,ЩРВ 48 (1х48мод) 755х365х130 IP31 TITAN 5 IEK,шт,TI5-50-V-048-31-7035
251400078_,ЩРВ 60 (1х60мод) 880х365х130 IP31 TITAN 5 IEK,шт,TI5-50-V-060-31-7035
251400079_,ЩРВ 72 (1х72мод) 1005х365х130 IP31 TITAN 5 IEK,шт,TI5-50-V-072-31-7035
251400080_,ЩРВ 84 (1х84мод) 1130х365х130 IP31 TITAN 5 IEK,шт,TI5-50-V-084-31-7035
251400081_,ЩРВ 48 (2х24мод) 505х625х130 IP31 TITAN 5 IEK,шт,TI5-50-V-2X024-31-7035
251400082_,ЩРВ 72 (2х36мод) 630х625х130 IP31 TITAN 5 IEK,шт,TI5-50-V-2X036-31-7035
251400083_,ЩРВ 96 (2х48мод) 755х625х130 IP31 TITAN 5 IEK,шт,TI5-50-V-2X048-31-7035
251400084_,ЩРВ 120 (2х60мод) 880х625х130 IP31 TITAN 5 IEK,шт,TI5-50-V-2X060-31-7035
251400085_,ЩРВ 144 (2х72мод) 1005х625х130 IP31 TITAN 5 IEK,шт,TI5-50-V-2X072-31-7035
251400086_,ЩРВ 168 (2х84мод) 1130х625х130 IP31 TITAN 5 IEK,шт,TI5-50-V-2X084-31-7035
251400087_,ЩРВ 108 (3х36мод) 630х885х130 IP31 TITAN 5 IEK,шт,TI5-50-V-3X036-31-7035
251400088_,ЩРВ 144 (3х48мод) 755х885х130 IP31 TITAN 5 IEK,шт,TI5-50-V-3X048-31-7035
251400089_,ЩРВ 180 (3х60мод) 880х885х130 IP31 TITAN 5 IEK,шт,TI5-50-V-3X060-31-7035
251400090_,ЩРВ 216 (3х72мод) 1005х885х130 IP31 TITAN 5 IEK,шт,TI5-50-V-3X072-31-7035
251400091_,ЩРВ 252 (3х84мод) 1130х885х130 IP31 TITAN 5 IEK,шт,TI5-50-V-3X084-31-7035
251400092_,ЩМП 300х300х150 IP66 TITAN 5 IEK,шт,TI5-10-N-030-030-015-66
251400093_,ЩМП 300х300х200 IP66 TITAN 5 IEK,шт,TI5-10-N-030-030-020-66
251400094_,ЩМП 300х400х150 IP66 TITAN 5 IEK,шт,TI5-10-N-030-040-015-66
251400095_,ЩМП 300х400х200 IP66 TITAN 5 IEK,шт,TI5-10-N-030-040-020-66
251400096_,ЩМП 400х300х150 IP66 TITAN 5 IEK,шт,TI5-10-N-040-030-015-66
251400097_,ЩМП 400х400х150 IP66 TITAN 5 IEK,шт,TI5-10-N-040-040-015-66
251400098_,ЩМП 400х400х200 IP66 TITAN 5 IEK,шт,TI5-10-N-040-040-020-66
251400099_,ЩМП 400х400х250 IP66 TITAN 5 IEK,шт,TI5-10-N-040-040-025-66
251400100_,ЩМП 400х600х150 IP66 TITAN 5 IEK,шт,TI5-10-N-040-060-015-66
251400101_,ЩМП 400х600х200 IP66 TITAN 5 IEK,шт,TI5-10-N-040-060-020-66
251400102_,ЩМП 400х600х250 IP66 TITAN 5 IEK,шт,TI5-10-N-040-060-025-66
251400103_,ЩМП 500х300х150 IP66 TITAN 5 IEK,шт,TI5-10-N-050-030-015-66
251400104_,ЩМП 500х300х200 IP66 TITAN 5 IEK,шт,TI5-10-N-050-030-020-66
251400105_,ЩМП 500х400х150 IP66 TITAN 5 IEK,шт,TI5-10-N-050-040-015-66
251400106_,ЩМП 500х400х200 IP66 TITAN 5 IEK,шт,TI5-10-N-050-040-020-66
251400107_,ЩМП 500х500х200 IP66 TITAN 5 IEK,шт,TI5-10-N-050-050-020-66
251400108_,ЩМП 500х500х300 IP66 TITAN 5 IEK,шт,TI5-10-N-050-050-030-66
251400109_,ЩМП 500х600х200 IP66 TITAN 5 IEK,шт,TI5-10-N-050-060-020-66
251400110_,ЩМП 500х600х300 IP66 TITAN 5 IEK,шт,TI5-10-N-050-060-030-66
251400111_,ЩМП 600х400х200 IP66 TITAN 5 IEK,шт,TI5-10-N-060-040-020-66
251400112_,ЩМП 600х400х250 IP66 TITAN 5 IEK,шт,TI5-10-N-060-040-025-66
251400113_,ЩМП 600х400х400 IP66 TITAN 5 IEK,шт,TI5-10-N-060-040-040-66
251400114_,ЩМП 600х500х150 IP66 TITAN 5 IEK,шт,TI5-10-N-060-050-015-66
251400115_,ЩМП 600х500х250 IP66 TITAN 5 IEK,шт,TI5-10-N-060-050-025-66
251400116_,ЩМП 600х600х250 IP66 TITAN 5 IEK,шт,TI5-10-N-060-060-025-66
251400117_,ЩМП 600х600х400 IP66 TITAN 5 IEK,шт,TI5-10-N-060-060-040-66
251400118_,ЩМП 700х500х200 IP66 TITAN 5 IEK,шт,TI5-10-N-070-050-020-66
251400119_,ЩМП 700х500х250 IP66 TITAN 5 IEK,шт,TI5-10-N-070-050-025-66
251400120_,ЩМП 800х600х200 IP66 TITAN 5 IEK,шт,TI5-10-N-080-060-020-66
251400121_,ЩМП 800х600х300 IP66 TITAN 5 IEK,шт,TI5-10-N-080-060-030-66
251400122_,ЩМП 800х600х400 IP66 TITAN 5 IEK,шт,TI5-10-N-080-060-040-66
251400123_,ЩМП 800х800х200 IP66 TITAN 5 IEK,шт,TI5-10-N-080-080-020-66
251400124_,ЩМП 800х800х300 IP66 TITAN 5 IEK,шт,TI5-10-N-080-080-030-66
251400125_,ЩМП 800х800х400 IP66 TITAN 5 IEK,шт,TI5-10-N-080-080-040-66
251400126_,ЩМП 1000х600х200 IP66 TITAN 5 IEK,шт,TI5-10-N-100-060-020-66
251400127_,ЩМП 1000х600х300 IP66 TITAN 5 IEK,шт,TI5-10-N-100-060-030-66
251400128_,ЩМП 1000х600х400 IP66 TITAN 5 IEK,шт,TI5-10-N-100-060-040-66
251400129_,ЩМП 1000х800х300 IP66 TITAN 5 IEK,шт,TI5-10-N-100-080-030-66
251400130_,ЩМП 1200х600х200 IP66 TITAN 5 IEK,шт,TI5-10-N-120-060-020-66
251400131_,ЩМП 1200х600х300 IP66 TITAN 5 IEK,шт,TI5-10-N-120-060-030-66
251400132_,ЩМП 1200х600х400 IP66 TITAN 5 IEK,шт,TI5-10-N-120-060-040-66
251400133_,ЩМП 1200х800х300 IP66 TITAN 5 IEK,шт,TI5-10-N-120-080-030-66
251400134_,ЩМП 1200х800х400 IP66 TITAN 5 IEK,шт,TI5-10-N-120-080-040-66
251400135_,ЩМП 1400х600х300 IP66 TITAN 5 IEK,шт,TI5-10-N-140-060-030-66
251400136_,ЩМП 1400х800х300 IP66 TITAN 5 IEK,шт,TI5-10-N-140-080-030-66
251400137_,ЩРН-П 12 прозр. дверь IP40 KREPTA 5 IEK,шт,KR5-KP12-N-12-41
251400138_,ЩРН-П 24 прозр. дверь IP40 KREPTA 5 IEK,шт,KR5-KP12-N-24-41
251400139_,ЩРВ-П 24 прозр. дверь IP40 KREPTA 5 IEK,шт,KR5-KP12-V-24-41
251400140_,ЩРН-П 12 белая дверь IP40 KREPTA 5 IEK,шт,KR5-KP13-N-12-41
251400141_,ЩРН-П 24 белая дверь IP40 KREPTA 5 IEK,шт,KR5-KP13-N-24-41
251400142_,ЩРВ-П 24 белая дверь IP40 KREPTA 5 IEK,шт,KR5-KP13-V-24-41
251400143_,ЩРН 12 (240х330х120) IP54 TITAN 3 IEK,шт,MKM11-N-12-54-Z
251400144_,ЩРН 24 (410х330х120) IP54 TITAN 3 IEK,шт,MKM11-N-24-54-Z
251400145_,ЩРН 36 (540х330х120) IP54 TITAN 3 IEK,шт,MKM11-N-36-54-Z
251400146_,ЩРН 48 (670х330х120) IP54 TITAN 3 IEK,шт,MKM11-N-48-54-Z
251400147_,ЩРН 54 (540х440х120) IP54 TITAN 3 IEK,шт,MKM11-N-54-54-Z
251400148_,ЩРН 72 (540х660х120) IP54 TITAN 3 IEK,шт,MKM11-N-72-54-Z
260100138_,Наконечник медно-луженный JG - 6 IEK (600),шт,UNP40-006-04-04
260100140_,Наконечник медно-луженный JG - 95 IEK (50),шт,UNP40-095-13-12
260100153_,Наконечник медно-луженный JG - 10 IEK (400),шт,UNP40-010-06-06
260100154_,Наконечник медно-луженный JG - 240 IEK (20),шт,UNP40-240-20-16
260100155_,Наконечник медно-луженный JG - 150 IEK (25),шт,UNP40-150-17-14
260100157_,Наконечник медно-луженный JG - 120 IEK (30),шт,UNP40-120-15-14
260100158_,Наконечник медно-луженный JG - 35 IEK (100),шт,UNP40-035-08-08
260100161_,"НкИш 0,5-1,5 красный (100шт) IEK ***",,UNL11-L23-A19
260100162_,"НкИш 1,5-2,5 синий (100шт) IEK ***",,UNL11-L23-A27
260100165_,Наконечник медно-луженный JG - 16 IEK (200),шт,UNP40-016-06-08
260100167_,Наконечник медно-луженный JG - 25 IEK (200),шт,UNP40-025-07-08
260100168_,Наконечник медно-луженный JG - 50 IEK (100),шт,UNP40-050-10-10
260100169_,Наконечник медно-луженный JG - 70 IEK (50),шт,UNP40-070-11-12
260100172_,Наконечник медно-луженный JG - 185 IEK (20),,UNP40-185-18-16
270100211_,Разъединитель РЕ19-35-31120 250А IEK (4) NEW,,PE-31120-0250
270100212_,Разъединитель РЕ19-37-31120 400А IEK (4) NEW,,PE-31120-0400
270100213_,Разъединитель РЕ19-39-31120 630А IEK (1) NEW,,PE-31120-0630
270100214_,Разъединитель РЕ19-41-31120 1000А IEK (1) NEW,,PE-31120-1000
270100215_,Разъединитель РЕ19-43-31120 1600А IEK (1) NEW,,PE-31120-1600
270100216_,Разъединитель РЕ19-35-31140 250А IEK,,PE-31140-0250
270100217_,Разъединитель РЕ19-37-31140 400А IEK (4) NEW,шт,PE-31140-0400
270100218_,Разъединитель РЕ19-39-31140 630А IEK (1) NEW,,PE-31140-0630
270100219_,Разъединитель РЕ19-41-31140 1000А IEK (1) NEW,,PE-31140-1000
270100220_,Разъединитель РЕ19-43-31140 1600А IEK,,PE-31140-1600
270100221_,Разъединитель РЕ19-39-31160 630А IEK (1) NEW,,PE-31160-0630
270100222_,Разъединитель РЕ19-41-31160 1000А IEK,,PE-31160-1000
270100223_,Разъединитель РЕ19-43-31160 1600А IEK (1) NEW,,PE-31160-1600
270200027_,Предохранитель ППНИ-33 (100А) IEK габарит 0 (72) !!!,шт,
270200048_,Предохранитель ППНИ-39 (630А) габарит 3 IEK (6/24) !!!,шт,
270200056_,Предохранитель ППНИ-35 (125А) габарит 1 IEK (3/48) !!!,шт,DPP30-125
270200057_,Предохранитель ППНИ-35 (160А) габарит 1 IEK (3/48) !!!,шт,
270200058_,Предохранитель ППНИ-35 (200А) габарит 1 IEK (3/48) !!!,шт,DPP30-200
270200059_,Предохранитель ППНИ-37 (400А) габарит 2 IEK (1/24) !!!,шт,
270200063_,Предохранитель ППНИ-35 (250А) габарит 1 IEK (3/48),шт,
270200075_,Предохранитель ППНИ-33 (63А) габарит 00 IEK (3/90) !!!,шт,
270200099_,Предохранитель ППНИ-33 (160А) габарит 0 IEK !!!,шт,
270200100_,Предохранитель ППНИ-33 (32А) габарит 0 IEK (3/90) !!!,шт,
270200101_,Предохранитель ППНИ-33 (40А) IEK габарит 0 (72) !!!,шт,
270200102_,Предохранитель ППНИ-33 (80А) IEK габарит 0 (72) !!!,шт,
270200114_,Предохранитель ППНИ-33 (50А) IEK габарит 0 (72) !!!,шт,
270200120_,Предохранитель ППНИ-35 (100А) габарит 1 IEK (3/48) !!!,шт,DPP30-100
270200129_,Предохранитель ППНИ-33 (25А) габарит 00 IEK (3/90) !!!,шт,
270200130_,Предохранитель ППНИ-33 (32А) габарит 00 IEK (3/90) !!!,шт,
270200131_,Предохранитель ППНИ-33 (50А) габарит 00 IEK (3/90) !!!,шт,
270200132_,Предохранитель ППНИ-33 (160А) габарит 00 IEK (3/90) !!!,шт,
270200142_,Предохранитель ППНИ-33 (80А) габарит 00 IEK (3/90) !!!,шт,
270200143_,Предохранитель ППНИ-33 (100А) габарит 00 IEK (3/90) !!!,шт,
270300001_,Ящик ЯТП(укп) 220/12 IEK (1),шт,MTT12-012-0250
270300002_,Ящик ЯТП(укп) 220/24 IEK (1),шт,MTT12-024-0250
270300003_,Ящик ЯТП(укп) 230/36 IEK (1),шт,MTT12-036-0250
270300004_,Ящик ЯТП(укп) 220/42 IEK (1),шт,MTT12-042-0250
270300005_,Ящик ЯТП(укп) 380/12 IEK (1)***,,MTT21-012-0250
270300007_,Ящик ЯТП(укп) 380/36 IEK (1),шт,MTT21-036-0250
270300021_,"Трансформатор тока ТТИ-40 300/5А 5ВА класс 0,5 IEK",,ITT30-2-05-0300
270300025_,"Трансформатор тока ТТИ-40 400/5А 5ВА класс 0,5 IEK",шт,ITT30-2-05-0400
270300030_,"Трансформатор тока ТТИ-А 600\5А 5ВА кл.т.0,5 IEK (36) !!!",шт,
270300035_,"Трансформатор тока ТТИ-40 600/5А 5ВА 0,5 IEK",,ITT30-2-05-0600
270300078_,Кабель-канал перфорированный 25х25 ИМПАКТ IEK (100),м,CKM50-025-025-1-K03
270300079_,Кабель-канал перфорированный 25х40 ИМПАКТ IEK (60),м,CKM50-025-040-1-K03
270300098_,"Трансформатор тока ТТИ-А 75/5А 5ВА класс 0,5 IEK",шт,ITT10-2-05-0075
270300099_,"Трансформатор тока ТТИ-А 100/5А 5ВА класс 0,5 IEK",шт,ITT10-2-05-0100
270300100_,"Трансформатор тока ТТИ-А 150/5А 5ВА класс 0,5 IEK",шт,ITT10-2-05-0150
270300101_,"Трансформатор тока ТТИ-А 200/5А 5ВА класс 0,5 IEK",шт,ITT10-2-05-0200
270300105_,Кабель-канал перфорированный 40х60 ИМПАКТ IEK (24),м,CKM50-040-060-1-K03
270300106_,"Трансформатор ТТИ-А 400\5А 5ВА кл.т.0,5 IEK (36) !!!",шт,
270300112_,"Трансформатор тока ТТИ-А 50/5А 5ВА класс 0,5 IEK",,ITT10-2-05-0050
270300113_,"Трансформатор тока ТТИ-А 300/5А 5ВА класс 0,5 IEK (36) !!!",шт,
270300130_,"Трансформатор тока ТТИ-А 500\5А 5ВА кл.т.0,5 IEK (36) !!!",шт,
270300132_,"Трансформатор тока ТТИ-А 250/5А 5ВА класс 0,5 IEK",шт,ITT10-2-05-0250
270300133_,"Перекл.кулачковый ПКП10-33 /О 10А""1-0-2""3Р/400В IEK !!!",шт,
270300134_,"Переключатель кулачковый ПКП25-33 /О 25А""1-0-2""3Р/400В IEK",шт,BCS13-025-2
270300150_,Кабель-канал перфорированный 60х60 ИМПАКТ IEK (16),м,CKM50-060-060-1-K03
270300151_,Кабель-канал перфорированный 80х60 ИМПАКТ IEK (16),м,CKM50-080-060-1-K03
270300153_,Кабель-канал перфорированный 100х60 ИМПАКТ IEK (12),м,CKM50-100-060-1-K03
270300184_,"Трансформатор тока ТТИ-А 40/5А 5ВА кл.т.0,5 IEK (36) !!!",шт,
270300200_,Кабель-канал перфорированный 60х40 ИМПАКТ IEK (24),м,CKM50-060-040-1-K03
270300212_,Обогреватель на DIN-рейку 60Вт IP20 IEK (50) NEW,шт,YCE-HG-060-20
270300217_,"Трансформатор тока ТТИ-100 1000/5А 15ВА 0,5 IEK",,ITT60-2-15-1000
270300221_,Обогреватель на DIN-рейку (встр. вентилятор) 250Вт IP20 IEK (10) NEW,шт,YCE-HGL-250-20
270300222_,Обогреватель на DIN-рейку в корпусе 150Вт IP20 IEK (40) NEW,шт,YCE-CS-150-20
270300224_,Обогреватель на DIN-рейку 100Вт IP20 IEK (50) NEW,шт,YCE-HG-100-20
270300231_,Вентилятор с фильтром 21 куб.м./час IP55 IEK (18) NEW,шт,YCE-FF-021-55
270300234_,"Трансформатор тока ТТИ-40 500/5А 5ВА 0,5 IEK",,ITT30-2-05-0500
270300244_,Обогреватель на DIN-рейку 150Вт IP20 IEK (25) NEW,шт,YCE-HG-150-20
270300251_,Ящик ЯТП(укп) 230/24 IP54 IEK (1),шт,MTT12-024-0251-54
270300253_,Ящик ЯТП(укп) 230/12 IP54 IEK (1),шт,MTT12-012-0251-54
270300254_,Ящик ЯТП(укп) 230/36 IP54 IEK (1),шт,MTT12-036-0251-54
270300259_,Обогреватель на DIN-рейку (встр. вентилятор) 400Вт IP20 IEK (10) NEW,шт,YCE-HGL-400-20
270300260_,Обогреватель на DIN-рейку (встр. вентилятор) 100 Вт IP20 IEK (20) NEW(20) NEW,шт,YCE-HVL-100-20
270300261_,Обогреватель на DIN-рейку 15Вт IP20 IEK (50) NEW,шт,YCE-HG-015-20
270300262_,Обогреватель на DIN-рейку 30Вт IP20 IEK (50) NEW,шт,YCE-HG-030-20
270300263_,Обогреватель на DIN-рейку 45Вт IP20 IEK (50) NEW,шт,YCE-HG-045-20
270300264_,Обогреватель на DIN-рейку 75Вт IP20 IEK (50) NEW,шт,YCE-HG-075-20
270300265_,Обогреватель на DIN-рейку в корпусе 100Вт IP20 IEK (40) NEW,шт,YCE-CS-100-20
270300266_,Обогреватель на DIN-рейку в корпусе 50Вт IP20 IEK (50) NEW,шт,YCE-CS-050-20
270300267_,Обогреватель на DIN-рейку в корп.(встр.вент.) 150Вт IP20 IEK (38) NEW,шт,YCE-CSL-150-20
270300268_,Обогреватель на DIN-рейку в корп.(встр.вент.) 250Вт IP20 IEK (38) NEW,шт,YCE-CSL-250-20
270300269_,Обогреватель на DIN-рейку в корп.(встр.вент.) 400Вт IP20 IEK (20) NEW,шт,YCE-CSL-400-20
270300270_,Обогреватель (встр. вентилятор) 150 Вт IP20 IEK (20) NEW,шт,YCE-HVL-150-20
270300271_,Обогреватель (встр. вентилятор) 200 Вт IP20 IEK (20) NEW,шт,YCE-HVL-200-20
270300272_,Обогреватель (встр. вентилятор) 300 Вт IP20 IEK (20) NEW,шт,YCE-HVL-300-20
270300273_,Обогреватель (встр. вентилятор) 400 Вт IP20 IEK (20) NEW,шт,YCE-HVL-400-20
270300274_,Мини-обогреватель шкафной 8Вт IP54 IEK (100) NEW,шт,YCE-RC-08-20
270300275_,Мини-обогреватель шкафной 10Вт IP54 IEK (100) NEW,шт,YCE-RC-10-20
270300276_,Мини-обогреватель шкафной 13Вт IP54 IEK (100) NEW,шт,YCE-RC-13-20
270300277_,Обогреватель на DIN-рейку ОДР (вент.+терм.) 800Вт IP20 IEK (12) NEW,шт,YOB30-0800-20
270300278_,Обогреватель на DIN-рейку ОДР (вент.+терм.) 900Вт IP20 IEK (12) NEW,шт,YOB30-0900-20
270300279_,Обогреватель на DIN-рейку ОДР (вент.+терм.) 1000Вт IP20 IEK (12) NEW,шт,YOB30-1000-20
270300280_,Обогреватель на DIN-рейку ОДР (вент.+терм.) 1200Вт IP20 IEK,,YOB30-1200-20
270300281_,Фильтр c защитным кожухом 97x97мм для вент-ра 21 м3/час IEK (20) NEW,шт,YCE-EF-021-55
270300282_,Фильтр c защитным кожухом 125x125мм для вент-ра 55м3/час IEK (24) NEW,шт,YCE-EF-055-55
270300283_,Фильтр c защитным кожухом 176x176мм для вен-ра 102м3/час IEK (8) NEW,шт,YCE-EF-102-55
270300284_,Вентилятор с фильтром 55 куб.м./час IP55 IEK (12) NEW,шт,YCE-FF-055-55
270300285_,Вентилятор с фильтром 102 куб.м./час IP55 IEK (8) NEW,шт,YCE-FF-102-55
270300286_,Вентилятор с фильтром ВФИ 24 м3/час IP55 IEK (30) NEW,шт,YVR10-024-55
270300287_,Вентилятор с фильтром ВФИ 65 м3/час IP55 IEK (20) NEW,шт,YVR10-065-55
270300288_,Вентилятор с фильтром ВФИ 105 м3/час IP55 IEK (20) NEW,шт,YVR10-105-55
270300289_,Вентилятор с фильтром ВФИ 200 м3/час IP55 IEK (10) NEW,шт,YVR10-200-55
270300290_,Вентилятор с фильтром ВФИ 380 м3/час IP55 IEK (8) NEW,шт,YVR10-380-55
270300291_,Вентилятор с фильтром ВФИ 480 м3/час IP55 IEK (5) NEW,шт,YVR10-480-55
270300292_,Вентилятор с фильтром ВФИ 550 м3/час IP55 IEK (5) NEW,шт,YVR10-550-55
270300293_,Вентилятор с фильтром ВФИ 700 м3/час IP55 IEK (4) NEW,шт,YVR10-700-55
270300294_,Фильтр c решеткой для вентилятора ВФИ 24 м3/час IEK,,YVR10D-EF-024-55
270300295_,Фильтр c решеткой для вентилятора ВФИ 65-105 м3/час IEK (56) NEW,шт,YVR10D-EF-065-55
270300296_,Фильтр c решеткой для вентилятора ВФИ 200 м3/час IEK (28) NEW,шт,YVR10D-EF-200-55
270300297_,Фильтр c решеткой для вентилятора ВФИ 380 м3/час IEK (28) NEW,шт,YVR10D-EF-380-55
270300298_,Фильтр c решеткой для вентилятора ВФИ 480-700 м3/час IEK (19) NEW,шт,YVR10D-EF-480-55
270300299_,Термостат двухканальный УККт от 0 до +60°C NO+NC IEK (100) NEW,шт,YCE-DTNO-NC-60
270300300_,Термостат двухканальный от 0 до +60°C NO+NO IEK (100) NEW,шт,YCE-DTNO-NO-60
270300301_,"Гигростат электронный УККг от 40 до 0,9 RH IEK (100) NEW",шт,YCE-EH-40-90
270300302_,"Гигростат механический УККг от 35 до 0,95 RH IEK (100) NEW",шт,YCE-MH-35-95
270300303_,"Гигротерм от 0 до +60°C от 50 до 0,9 RH IEK (60) NEW",шт,YCE-HT-00-60-50-90
270300304_,Термостат УККт от -20 до +60°C NO/NC IEK (100) NEW,шт,YTT21-00-60-NO-NC
270300305_,Устройство компенсации давления УКД D=37мм IP55 IEK (200) NEW,шт,YUK10-37-55
270300306_,Устройство компенсации давления УКД D=40мм IP66 IEK,,YUK10-40-66
270300307_,Элемент дренажный УКД D=50мм IP66 IEK (100) NEW,шт,YUK20-50-66
270300314_,Фильтр с решеткой для вентил. ВФИ 65-105м3/час черный ИЭК,,YVR10D-EF-065-55-K02
270400021_,Рубильник ВР-32-35 В31250-250А IEK (12) !!!,шт,
270400022_,Рубильник ВР-32-37 В31250-400А IEK (8) !!!,шт,
270400035_,Рубильник трехпозиционный ВРТ-63 2P 63А IEK,шт,MPR10-2-063
270400043_,Рубильник трехпозиционный ВРТ-63 4п 63А IEK,шт,MPR10-4-063
270400046_,Рубильник трехпозиционный ВРТ-63 1P 63А IEK,шт,MPR10-1-063
270400047_,Рубильник трехпозиционный ВРТ-63 3P 63А IEK,шт,MPR10-3-063
280100001_,Кабель-канал 100х40 белый ЭЛЕКОР IEK (8),м,CKK10-100-040-1-K01
280100002_,Кабель-канал 100х60 белый ЭЛЕКОР IEK (8),м,CKK10-100-060-1-K01
280100003_,Кабель-канал 12х12 белый ЭЛЕКОР IEK (120),м,CKK10-012-012-1-K01
280100004_,Кабель-канал 16х16 белый ЭЛЕКОР IEK (84),м,CKK10-016-016-1-K01
280100005_,Кабель-канал 20х10 белый ЭЛЕКОР IEK (96),м,CKK10-020-010-1-K01
280100006_,Кабель-канал 15х10 белый ЭЛЕКОР IEK (144),м,CKK10-015-010-1-K01
280100007_,Кабель-канал 25х16 белый ЭЛЕКОР IEK (50),м,CKK10-025-016-1-K01
280100009_,Кабель-канал 40х16 белый ЭЛЕКОР IEK (30),м,CKK10-040-016-1-K01
280100010_,Кабель-канал 40х25 белый ЭЛЕКОР IEK (24),м,CKK10-040-025-1-K01
280100011_,Кабель-канал 40х40 белый ЭЛЕКОР IEK (24),м,CKK10-040-040-1-K01-024
280100012_,Кабель-канал 60х40 белый ЭЛЕКОР IEK (18),м,CKK10-060-040-1-K01-018
280100013_,Кабель-канал 60х60 белый ЭЛЕКОР IEK (12),м,CKK10-060-060-1-K01
280100014_,Кабель-канал 80х40 белый ЭЛЕКОР IEK (10),м,CKK10-080-040-1-K01-010
280100015_,Кабель-канал 80х60 белый ЭЛЕКОР IEK (8),м,CKK10-080-060-1-K01-008
280100016_,Кабель-канал 25х25 белый ЭЛЕКОР IEK (32),м,CKK10-025-025-1-K01
280100020_,Кабель-канал перфорированный 40х40 ИМПАКТ IEK (36),м,CKM50-040-040-1-K03
280100103_,Кабель-канал напольный 70х16 ЭЛЕКОР (42м),м,CKK30-070-016-3-K03
280100116_,Внешний изменяемый угол 80х40 ПРАЙМЕР (108),шт,CKK-40D-W-080-040-K01
280100117_,Внутренний изменяемый угол 80х40 ПРАЙМЕР (108),шт,CKK-40D-X-080-040-K01
280100118_,Заглушка 80х40 ПРАЙМЕР (216),шт,CKK-40D-Z-080-040-K01
280100119_,Выключатель 2-кл на 2 модуля ВК1-22-00-П ПРАЙМЕР (100),шт,CKK-40D-VD2-K01
280100120_,Выключатель 1-кл на 2 модуля ВК0-21-00-П ПРАЙМЕР (100),шт,CKK-40D-VO2-K01
280100121_,"Заглушка на 1 модуль 45х22,5 ПРАЙМЕР (100)",шт,CKK-40D-Z01-K01
280100122_,Кабель-канал 100х40 парапетный ПРАЙМЕР (16),м,CKK40-100-040-1-K01
280100123_,Кабель-канал 80х40 парапетный ПРАЙМЕР (24),м,CKK40-080-040-1-K01
280100124_,Плоский изменяемый угол 100х40 ПРАЙМЕР (96),шт,CKK-40D-P-100-040-K01
280100125_,Плоский изменяемый угол 80х40 ПРАЙМЕР (96),шт,CKK-40D-P-080-040-K01
280100126_,Рамка и суппорт на 4 модуля 60 мм ПРАЙМЕР (160),шт,CKK-40D-RSU4-060-K01
280100127_,Рамка и суппорт на 4 модуля 75 мм ПРАЙМЕР (160),шт,CKK-40D-RSU4-075-K01
280100128_,Рамка и суппорт универсал. на 2 модуля ПРАЙМЕР (180),шт,CKK-40D-RU2-K01
280100129_,"Розетка информационная RJ-45 UTP кат.5е,1 модуль РКИ-10-00-П ПРАЙМЕР (100)",шт,CKK-40D-RI1-K01
280100130_,"Розетка информационная RJ-45 UTP кат.5е,2 модуль РКИ-20-00-П ПРАЙМЕР (100)",шт,CKK-40D-RI2-K01
280100131_,"Розетка с з/к 2к, 2 модуля (белая) РКС-20-30-П ПРАЙМЕР (100)",шт,CKK-40D-RSZB2-K01-K
280100132_,"Розетка с з/к 2к, 2 модуля (красная) РКС-20-32-П ПРАЙМЕР (10)",шт,CKK-40D-RSZK2-K04-K
280100133_,"Розетка телеф RJ-11 кат.3, 1 модуль РКФ-10-00-П ПРАЙМЕР (100)",шт,CKK-40D-RT1-K01
280100134_,Соединитель на стык боковой высотой 40 мм. ПРАЙМЕР (1440),шт,CKK-40D-SB40-K01
280100135_,Т-угол 100х40 ПРАЙМЕР (108),шт,CKK-40D-T-100-040-K01
280100136_,Т-угол 80х40 ПРАЙМЕР (108),шт,CKK-40D-T-080-040-K01
280100137_,Соеденитель на стык лицевой для крышки 75 мм ПРАЙМЕР (720),шт,CKK-40D-SL75-K01
280100138_,Соеденитель на стык лицевой для крышки 60 мм ПРАЙМЕР (720),шт,CKK-40D-SL60-K01
280100139_,Рамка и суппорт на 6 модулей 60 мм ПРАЙМЕР (120),шт,CKK-40D-RSU6-060-K01
280100140_,Рамка и суппорт на 6 модулей 75 мм ПРАЙМЕР (120),шт,CKK-40D-RSU6-075-K01
280100141_,Разделительная перегородка высотой 40мм ПРАЙМЕР (160),м,CKK-40D-P40-K01
280100162_,Кабель-канал 40х40 Ecoline IEK (24) !!!,м,CKK11-040-040-1-K01-024
280100179_,Кабель-канал 60х60 Ecoline IEK NEW (12),,CKK11-060-060-1-K01
280100180_,Кабель-канал 80х60 Ecoline IEK NEW (8),,CKK11-080-060-1-K01-008
280100240_,Кабель-канал 25х16 дуб ЭЛЕКОР IEK (50),м,CKK10-025-016-1-K24
280100293_,Угол внутренний КМВ 20х10 сосна ЭЛЕКОР IEK (4шт/компл),шт,EL-KK10D-V-020-010-K34
280100294_,Угол внешний КМН 15х10 сосна ЭЛЕКОР IEK (4шт/компл),шт,EL-KK10D-N-015-010-K34
280100295_,Угол внешний КМН 20х10 сосна ЭЛЕКОР IEK (4шт/компл),шт,EL-KK10D-N-020-010-K34
280100296_,Угол внутренний КМВ 15х10 сосна ЭЛЕКОР IEK (4шт/компл),шт,EL-KK10D-V-015-010-K34
280100297_,Поворот 90град КМП 20х10 сосна ЭЛЕКОР IEK (4шт/компл),шт,EL-KK10D-P-020-010-K34
280100298_,Угол Т-образный КМТ 15х10 сосна ЭЛЕКОР IEK (4шт/компл),шт,EL-KK10D-T-015-010-K34
280100299_,Угол Т-образный КМТ 20х10 сосна ЭЛЕКОР IEK (4шт/компл),шт,EL-KK10D-T-020-010-K34
280100300_,Угол внешний КМН 15х10 дуб ЭЛЕКОР IEK (4шт/компл),шт,EL-KK10D-N-015-010-K11
280100301_,Угол внешний КМН 20х10 дуб ЭЛЕКОР IEK (4шт/компл),шт,EL-KK10D-N-020-010-K11
280100302_,Угол внутренний КМВ 20х10 дуб ЭЛЕКОР IEK (4шт/компл),шт,EL-KK10D-V-020-010-K11
280100303_,Поворот 90град КМП 15х10 дуб ЭЛЕКОР IEK (4шт/компл),шт,EL-KK10D-P-015-010-K11
280100304_,Поворот 90град КМП 20х10 дуб ЭЛЕКОР IEK (4шт/компл),шт,EL-KK10D-P-020-010-K11
280100305_,Угол Т-образный КМТ 15х10 дуб ЭЛЕКОР IEK (4шт/компл),шт,EL-KK10D-T-015-010-K11
280100306_,Угол Т-образный КМТ 20х10 дуб ЭЛЕКОР IEK (4шт/компл),шт,EL-KK10D-T-020-010-K11
280100307_,Соединитель на стык КМС 15х10 дуб ЭЛЕКОР IEK (4шт/компл),шт,EL-KK10D-S-015-010-K11
280100308_,Соединитель на стык КМС 20х10 дуб ЭЛЕКОР IEK (4шт/компл),шт,EL-KK10D-S-020-010-K11
280100309_,Заглушка КМЗ 15х10 дуб ЭЛЕКОР IEK (4шт/компл),шт,EL-KK10D-Z-015-010-K11
280100310_,Заглушка КМЗ 20х10 дуб ЭЛЕКОР IEK (4шт/компл),шт,EL-KK10D-Z-020-010-K11
280100311_,Угол внутренний КМВ 15х10 дуб ЭЛЕКОР IEK (4шт/компл),шт,EL-KK10D-V-015-010-K11
280100312_,Заглушка КМЗ 20х10 сосна ЭЛЕКОР IEK (4шт/компл),шт,EL-KK10D-Z-020-010-K34
280100313_,Соединитель на стык КМС 15х10 сосна ЭЛЕКОР IEK (4шт/компл),шт,EL-KK10D-S-015-010-K34
280100314_,Соединитель на стык КМС 20х10 сосна ЭЛЕКОР IEK (4шт/компл),шт,EL-KK10D-S-020-010-K34
280100336_,Кабель-канал 16х16 черный ЭЛЕКОР IEK (84м),м,EL-KK10-016-016-1-K02
280100337_,Кабель-канал 25х16 черный ЭЛЕКОР IEK (50м),м,EL-KK10-025-016-1-K02
280100338_,Кабель-канал 40х25 черный ЭЛЕКОР IEK (24),м,EL-KK10-040-025-1-K02
280100339_,Кабель-канал 12х12 дуб ЭЛЕКОР IEK (120),м,CKK10-012-012-1-K24
280100340_,Кабель-канал 15х10 дуб ЭЛЕКОР IEK (144),м,CKK10-015-010-1-K24
280100341_,Кабель-канал 16х16 дуб ЭЛЕКОР IEK (84),м,CKK10-016-016-1-K24
280100342_,Кабель-канал 20х10 дуб ЭЛЕКОР IEK (96),м,CKK10-020-010-1-K24
280100343_,Кабель-канал 40х16 дуб ЭЛЕКОР IEK (30),м,CKK10-040-016-1-K24
280100344_,Кабель-канал 40х25 дуб ЭЛЕКОР IEK (18),м,CKK10-040-025-1-K24
280100345_,Угол внешний КМН 16х16 дуб ЭЛЕКОР IEK (4шт/компл),шт,EL-KK10D-N-016-016-K11
280100346_,Угол внешний КМН 25х16 дуб ЭЛЕКОР IEK (4шт/компл,шт,EL-KK10D-N-025-016-K11
280100347_,Угол внешний КМН 40х16 дуб ЭЛЕКОР IEK (4шт/компл),шт,EL-KK10D-N-040-016-K11
280100348_,Угол внешний КМН 40х25 дуб ЭЛЕКОР IEK (4шт/компл),шт,EL-KK10D-N-040-025-K11
280100349_,Угол внутренний КМВ 16х16 дуб ЭЛЕКОР IEK (4шт/компл),шт,EL-KK10D-V-016-016-K11
280100350_,Угол внутренний КМВ 25х16 дуб ЭЛЕКОР IEK (4шт/компл),шт,EL-KK10D-V-025-016-K11
280100351_,Угол внутренний КМВ 40х16 дуб ЭЛЕКОР IEK (4шт/компл),шт,EL-KK10D-V-040-016-K11
280100352_,Угол внутренний КМВ 40х25 дуб ЭЛЕКОР IEK (4шт/компл),шт,EL-KK10D-V-040-025-K11
280100353_,Заглушка КМЗ 16х16 дуб ЭЛЕКОР IEK (4шт/компл),шт,EL-KK10D-Z-016-016-K11
280100354_,Заглушка КМЗ 25х16 дуб ЭЛЕКОР IEK (4шт/компл),шт,EL-KK10D-Z-025-016-K11
280100355_,Заглушка КМЗ 40х16 дуб ЭЛЕКОР IEK (4шт/компл),шт,EL-KK10D-Z-040-016-K11
280100356_,Заглушка КМЗ 40х25 дуб ЭЛЕКОР IEK (4шт/компл),шт,EL-KK10D-Z-040-025-K11
280100357_,Поворот 90град КМП 16х16 дуб ЭЛЕКОР IEK (4шт/компл),шт,EL-KK10D-P-016-016-K11
280100358_,Поворот 90град КМП 25х16 дуб ЭЛЕКОР IEK (4шт/компл),шт,EL-KK10D-P-025-016-K11
280100359_,Поворот 90град КМП 40х16 дуб ЭЛЕКОР IEK (4шт/компл),шт,EL-KK10D-P-040-016-K11
280100360_,Поворот 90град КМП 40х25 дуб ЭЛЕКОР IEK (4шт/компл),шт,EL-KK10D-P-040-025-K11
280100361_,Соединитель на стык КМС 16х16 дуб ЭЛЕКОР IEK (4шт/компл),шт,EL-KK10D-S-016-016-K11
280100362_,Соединитель на стык КМС 25х16 дуб ЭЛЕКОР IEK (4шт/компл),шт,EL-KK10D-S-025-016-K11
280100363_,Соединитель на стык КМС 40х16 дуб ЭЛЕКОР IEK (4шт/компл),шт,EL-KK10D-S-040-016-K11
280100364_,Соединитель на стык КМС 40х25 дуб ЭЛЕКОР IEK (4шт/компл),шт,EL-KK10D-S-040-025-K11
280100365_,Угол Т-образный КМТ 16х16 сосна ЭЛЕКОР IEK (4шт/компл),шт,EL-KK10D-T-016-016-K34
280100366_,Угол Т-образный КМТ 25х16 сосна ЭЛЕКОР IEK (4шт/компл),шт,EL-KK10D-T-025-016-K34
280100367_,Угол Т-образный КМТ 40х16 сосна ЭЛЕКОР IEK (4шт/компл),шт,EL-KK10D-T-040-016-K34
280100368_,Угол Т-образный КМТ 40х25 сосна ЭЛЕКОР IEK (4шт/компл),шт,EL-KK10D-T-040-025-K34
280100369_,Угол Т-образный КМТ 16х16 дуб ЭЛЕКОР IEK (4шт/компл),шт,EL-KK10D-T-016-016-K11
280100370_,Угол Т-образный КМТ 25х16 дуб ЭЛЕКОР IEK (4шт/компл),шт,EL-KK10D-T-025-016-K11
280100371_,Угол Т-образный КМТ 40х16 дуб ЭЛЕКОР IEK (4шт/компл),шт,EL-KK10D-T-040-016-K11
280100372_,Угол Т-образный КМТ 40х25 дуб ЭЛЕКОР IEK (4шт/компл),шт,EL-KK10D-T-040-025-K11
280100373_,Кабель-канал 12х12 сосна ЭЛЕКОР IEK (120),м,CKK10-012-012-1-K34
280100374_,Кабель-канал 15х10 сосна ЭЛЕКОР IEK (144),м,CKK10-015-010-1-K34
280100375_,Кабель-канал 16х16 сосна ЭЛЕКОР IEK (84),м,CKK10-016-016-1-K34
280100376_,Кабель-канал 20х10 сосна ЭЛЕКОР IEK (96),м,CKK10-020-010-1-K34
280100377_,Кабель-канал 25х16 сосна ЭЛЕКОР IEK (50),м,CKK10-025-016-1-K34
280100378_,Кабель-канал 40х16 сосна ЭЛЕКОР IEK (30),м,CKK10-040-016-1-K34
280100379_,Кабель-канал 40х25 сосна ЭЛЕКОР IEK (18),м,CKK10-040-025-1-K34
280100380_,Угол внешний КМН 16х16 сосна ЭЛЕКОР IEK (4шт/компл),шт,EL-KK10D-N-016-016-K34
280100381_,Угол внешний КМН 25х16 сосна ЭЛЕКОР IEK (4шт/компл),шт,EL-KK10D-N-025-016-K34
280100382_,Угол внешний КМН 40х16 сосна ЭЛЕКОР IEK (4шт/компл),шт,EL-KK10D-N-040-016-K34
280100383_,Угол внешний КМН 40х25 сосна ЭЛЕКОР IEK (4шт/компл),шт,EL-KK10D-N-040-025-K34
280100384_,Угол внутренний КМВ 16х16 сосна ЭЛЕКОР IEK (4шт/компл),шт,EL-KK10D-V-016-016-K34
280100385_,Угол внутренний КМВ 25х16 сосна ЭЛЕКОР IEK (4шт/компл),шт,EL-KK10D-V-025-016-K34
280100386_,Угол внутренний КМВ 40х16 сосна ЭЛЕКОР IEK (4шт/компл),шт,EL-KK10D-V-040-016-K34
280100387_,Угол внутренний КМВ 40х25 сосна ЭЛЕКОР IEK (4шт/компл),шт,EL-KK10D-V-040-025-K34
280100388_,Заглушка КМЗ 15х10 сосна ЭЛЕКОР IEK (4шт/компл),шт,EL-KK10D-Z-015-010-K34
280100389_,Заглушка КМЗ 16х16 сосна ЭЛЕКОР IEK (4шт/компл),шт,EL-KK10D-Z-016-016-K34
280100390_,Заглушка КМЗ 25х16 сосна ЭЛЕКОР IEK (4шт/компл),шт,EL-KK10D-Z-025-016-K34
280100391_,Заглушка КМЗ 40х16 сосна ЭЛЕКОР IEK (4шт/компл),шт,EL-KK10D-Z-040-016-K34
280100392_,Заглушка КМЗ 40х25 сосна ЭЛЕКОР IEK (4шт/компл),шт,EL-KK10D-Z-040-025-K34
280100393_,Поворот 90град КМП 16х16 сосна ЭЛЕКОР IEK (4шт/компл),шт,EL-KK10D-P-016-016-K34
280100394_,Поворот 90град КМП 25х16 сосна ЭЛЕКОР IEK (4шт/компл),шт,EL-KK10D-P-025-016-K34
280100395_,Поворот 90град КМП 40х16 сосна ЭЛЕКОР IEK (4шт/компл),шт,EL-KK10D-P-040-016-K34
280100396_,Поворот 90град КМП 40х25 сосна ЭЛЕКОР IEK (4шт/компл),шт,EL-KK10D-P-040-025-K34
280100397_,Соединитель на стык КМС 16х16 сосна ЭЛЕКОР IEK (4шт/компл),шт,EL-KK10D-S-016-016-K34
280100398_,Соединитель на стык КМС 25х16 сосна ЭЛЕКОР IEK (4шт/компл),шт,EL-KK10D-S-025-016-K34
280100399_,Соединитель на стык КМС 40х16 сосна ЭЛЕКОР IEK (4шт/компл),шт,EL-KK10D-S-040-016-K34
280100400_,Соединитель на стык КМС 40х25 сосна ЭЛЕКОР IEK (4шт/компл),шт,EL-KK10D-S-040-025-K34
280100401_,Кабель-канал 12х12 ольха ЭЛЕКОР IEK (120),м,CKK10-012-012-1-K28
280100402_,Кабель-канал 15х10 ольха ЭЛЕКОР IEK (144),м,CKK10-015-010-1-K28
280100403_,Кабель-канал 16х16 ольха ЭЛЕКОР IEK (84),м,CKK10-016-016-1-K28
280100404_,Кабель-канал 20х10 ольха ЭЛЕКОР IEK (96),м,CKK10-020-010-1-K28
280100405_,Кабель-канал 25х16 ольха ЭЛЕКОР IEK (50),м,CKK10-025-016-1-K28
280100406_,Кабель-канал 40х16 ольха ЭЛЕКОР IEK (30),м,CKK10-040-016-1-K28
280100407_,Кабель-канал 40х25 ольха ЭЛЕКОР IEK (18),м,CKK10-040-025-1-K28
280100408_,Кабель-канал 12х12 черный ЭЛЕКОР IEK (120м),м,EL-KK10-012-012-1-K02
280100409_,Кабель-канал 15х10 черный ЭЛЕКОР IEK (144м),м,EL-KK10-015-010-1-K02
280100410_,Кабель-канал 20х10 черный ЭЛЕКОР IEK (96м),м,EL-KK10-020-010-1-K02
280100411_,Кабель-канал 25х25 черный ЭЛЕКОР IEK (32),м,EL-KK10-025-025-1-K02
280100412_,Кабель-канал 40х16 черный ЭЛЕКОР IEK (30),м,EL-KK10-040-016-1-K02
280100413_,Кабель-канал 40х40 черный ЭЛЕКОР IEK (24),м,EL-KK10-040-040-1-K02
280100414_,Кабель-канал 60х40 черный ЭЛЕКОР IEK (18),м,EL-KK10-060-040-1-K02
280100415_,Кабель-канал 60х60 черный ЭЛЕКОР IEK (12),м,EL-KK10-060-060-1-K02
280100416_,Кабель-канал 80х40 черный ЭЛЕКОР IEK (10),м,EL-KK10-080-040-1-K02
280100417_,Кабель-канал 80х60 черный ЭЛЕКОР IEK (8),м,EL-KK10-080-060-1-K02
280100418_,Кабель-канал 100х40 черный ЭЛЕКОР IEK (8),м,EL-KK10-100-040-1-K02
280100419_,Кабель-канал 100х60 черный ЭЛЕКОР IEK (8),м,EL-KK10-100-060-1-K02
280100420_,Угол внешний КМН 15х10 черный ЭЛЕКОР IEK (4шт/компл),шт,EL-KK10D-N-015-010-K02
280100421_,Угол внешний КМН 16х16 черный ЭЛЕКОР IEK (4шт/компл),шт,EL-KK10D-N-016-016-K02
280100422_,Угол внешний КМН 20х10 черный ЭЛЕКОР IEK (4шт/компл),шт,EL-KK10D-N-020-010-K02
280100423_,Угол внешний КМН 25х16 черный ЭЛЕКОР IEK (4шт/компл),шт,EL-KK10D-N-025-016-K02
280100424_,Угол внешний КМН 40х25 черный ЭЛЕКОР IEK (4шт/компл),шт,EL-KK10D-N-040-025-K02
280100425_,Угол внешний КМН 60х40 черный ЭЛЕКОР IEK (4шт/компл),шт,EL-KK10D-N-060-040-K02
280100426_,Угол внешний КМН 100х60 черный ЭЛЕКОР IEK (2шт/компл),шт,EL-KK10D-N-100-060-K02
280100427_,ELECOR Угол внутренний КМВ 15х10 черный (4шт/компл) IEK,,EL-KK10D-V-015-010-K02
280100428_,Угол внутренний КМВ 16х16 черный ЭЛЕКОР IEK (4шт/компл),шт,EL-KK10D-V-016-016-K02
280100429_,Угол внутренний КМВ 20х10 черный ЭЛЕКОР IEK (4шт/компл),шт,EL-KK10D-V-020-010-K02
280100430_,Угол внутренний КМВ 25х16 черный ЭЛЕКОР IEK (4шт/компл),шт,EL-KK10D-V-025-016-K02
280100431_,Угол внутренний КМВ 40х25 черный ЭЛЕКОР IEK (4шт/компл),шт,EL-KK10D-V-040-025-K02
280100432_,Угол внутренний КМВ 60х40 черный ЭЛЕКОР IEK (4шт/компл),шт,EL-KK10D-V-060-040-K02
280100433_,Угол внутренний КМВ 100х60 черный ЭЛЕКОР IEK (2шт/компл),шт,EL-KK10D-V-100-060-K02
280100434_,Заглушка КМЗ 15х10 черный ЭЛЕКОР IEK (4шт/компл),шт,EL-KK10D-Z-015-010-K02
280100435_,Заглушка КМЗ 16х16 черный ЭЛЕКОР IEK (4шт/компл),шт,EL-KK10D-Z-016-016-K02
280100436_,ELECOR Заглушка КМЗ 20х10 черный (4шт/компл) IEK,,EL-KK10D-Z-020-010-K02
280100437_,Заглушка КМЗ 25х16 черный ЭЛЕКОР IEK (4шт/компл),шт,EL-KK10D-Z-025-016-K02
280100438_,Заглушка КМЗ 40х25 черный ЭЛЕКОР IEK (4шт/компл),шт,EL-KK10D-Z-040-025-K02
280100439_,Заглушка КМЗ 60х40 черный ЭЛЕКОР IEK (4шт/компл),шт,EL-KK10D-Z-060-040-K02
280100440_,Заглушка КМЗ 100х60 черный ЭЛЕКОР IEK (2шт/компл),шт,EL-KK10D-Z-100-060-K02
280100441_,Поворот 90град КМП 15х10 черный ЭЛЕКОР IEK (4шт/компл),шт,EL-KK10D-P-015-010-K02
280100442_,Поворот 90град КМП 16х16 черный ЭЛЕКОР IEK (4шт/компл),шт,EL-KK10D-P-016-016-K02
280100443_,Поворот 90град КМП 20х10 черный ЭЛЕКОР IEK (4шт/компл),шт,EL-KK10D-P-020-010-K02
280100444_,Поворот 90град КМП 25х16 черный ЭЛЕКОР IEK (4шт/компл),шт,EL-KK10D-P-025-016-K02
280100445_,Поворот 90град КМП 40х25 черный ЭЛЕКОР IEK (4шт/компл),шт,EL-KK10D-P-040-025-K02
280100446_,Поворот 90град КМП 60х40 черный ЭЛЕКОР IEK (4шт/компл),шт,EL-KK10D-P-060-040-K02
280100447_,Поворот 90град КМП 100х60 черный ЭЛЕКОР IEK (2шт/компл),шт,EL-KK10D-P-100-060-K02
280100448_,Соединитель на стык КМС 15х10 черный ЭЛЕКОР IEK (4шт/компл),шт,EL-KK10D-S-015-010-K02
280100449_,Соединитель на стык КМС 16х16 черный ЭЛЕКОР IEK (4шт/компл),шт,EL-KK10D-S-016-016-K02
280100450_,Соединитель на стык КМС 20х10 черный ЭЛЕКОР IEK (4шт/компл),шт,EL-KK10D-S-020-010-K02
280100451_,Соединитель на стык КМС 25х16 черный ЭЛЕКОР IEK (4шт/компл),шт,EL-KK10D-S-025-016-K02
280100452_,Соединитель на стык КМС 40х25 черный ЭЛЕКОР IEK (4шт/компл),шт,EL-KK10D-S-040-025-K02
280100453_,Соединитель на стык КМС 60х40 черный ЭЛЕКОР IEK (4шт/компл),шт,EL-KK10D-S-060-040-K02
280100454_,Соединитель на стык КМС 100х60 черный ЭЛЕКОР IEK (2шт/компл),шт,EL-KK10D-S-100-060-K02
280100455_,Угол Т-образный КМТ 15х10 черный ЭЛЕКОР IEK (4шт/компл),шт,EL-KK10D-T-015-010-K02
280100456_,Угол Т-образный КМТ 16х16 черный ЭЛЕКОР IEK (4шт/компл),шт,EL-KK10D-T-016-016-K02
280100457_,Угол Т-образный КМТ 20х10 черный ЭЛЕКОР IEK (4шт/компл),шт,EL-KK10D-T-020-010-K02
280100458_,Угол Т-образный КМТ 25х16 черный ЭЛЕКОР IEK (4шт/компл),шт,EL-KK10D-T-025-016-K02
280100459_,Угол Т-образный КМТ 40х25 черный ЭЛЕКОР IEK (4шт/компл),шт,EL-KK10D-T-040-025-K02
280100460_,Угол Т-образный КМТ 60х40 черный ЭЛЕКОР IEK (4шт/компл),шт,EL-KK10D-T-060-040-K02
280100461_,Угол Т-образный КМТ 100х60 черный ЭЛЕКОР IEK (2шт/компл),шт,EL-KK10D-T-100-060-K02
280200031_,Внешний угол КМН 100х40 Белый ЭЛЕКОР IEK (2),шт,CKMP10D-N-100-040-K01
280200032_,Внешний угол КМН 100х60 Белый ЭЛЕКОР IEK (2),шт,CKMP10D-N-100-060-K01
280200033_,Внешний угол КМН 15х10 Белый ЭЛЕКОР IEK (4),шт,CKMP10D-N-015-010-K01
280200034_,Внешний угол КМН 16х16 Белый ЭЛЕКОР IEK (4),шт,CKMP10D-N-016-016-K01
280200035_,Внешний угол КМН 20х10 Белый ЭЛЕКОР IEK (4),шт,CKMP10D-N-020-010-K01
280200036_,Внешний угол КМН 60х40 Белый ЭЛЕКОР IEK (4),шт,CKMP10D-N-060-040-K01
280200037_,Внутренний угол КМВ 100х60 Белый ЭЛЕКОР IEK (2),шт,CKMP10D-V-100-060-K01
280200038_,Внутренний угол КМВ 16х16 Белый ЭЛЕКОР IEK (4),шт,CKMP10D-V-016-016-K01
280200039_,Внутренний угол КМВ 20х10 Белый ЭЛЕКОР IEK (4),шт,CKMP10D-V-020-010-K01
280200040_,Внутренний угол КМВ 40х16 Белый ЭЛЕКОР IEK (4),шт,CKMP10D-V-040-016-K01
280200041_,Внутренний угол КМВ 40х25 Белый ЭЛЕКОР IEK (4),шт,CKMP10D-V-040-025-K01
280200042_,Внутренний угол КМВ 60х40 Белый ЭЛЕКОР IEK (4),шт,CKMP10D-V-060-040-K01
280200043_,Заглушка КМЗ 100х40 Белый ЭЛЕКОР IEK (2),шт,CKMP10D-Z-100-040-K01
280200044_,Заглушка КМЗ 100х60 Белый ЭЛЕКОР IEK (2),шт,CKMP10D-Z-100-060-K01
280200045_,Заглушка КМЗ 15х10 Белый ЭЛЕКОР IEK (4),шт,CKMP10D-Z-015-010-K01
280200046_,Заглушка КМЗ 16х16 Белый ЭЛЕКОР IEK (4),шт,CKMP10D-Z-016-016-K01
280200047_,Заглушка КМЗ 20х10 Белый ЭЛЕКОР IEK (4),шт,CKMP10D-Z-020-010-K01
280200048_,Заглушка КМЗ 40х16 Белый ЭЛЕКОР IEK (4),шт,CKMP10D-Z-040-016-K01
280200049_,Заглушка КМЗ 60х40 Белый ЭЛЕКОР IEK (4),шт,CKMP10D-Z-060-040-K01
280200050_,Поворот 90° КМП 100х40 Белый ЭЛЕКОР IEK (2),шт,CKMP10D-P-100-040-K01
280200051_,Поворот 90° КМП 100х60 Белый ЭЛЕКОР IEK (2),шт,CKMP10D-P-100-060-K01
280200052_,Поворот 90° КМП 15х10 Белый ЭЛЕКОР IEK (4),шт,CKMP10D-P-015-010-K01
280200053_,Поворот 90° КМП 16х16 Белый ЭЛЕКОР IEK (4),шт,CKMP10D-P-016-016-K01
280200054_,Поворот 90° КМП 25х16 Белый ЭЛЕКОР IEK (4),шт,CKMP10D-P-025-016-K01
280200055_,Поворот 90° КМП 40х16 Белый ЭЛЕКОР IEK (4),шт,CKMP10D-P-040-016-K01
280200056_,Поворот 90° КМП 40х25 Белый ЭЛЕКОР IEK (4),шт,CKMP10D-P-040-025-K01
280200057_,Поворот 90° КМП 60х40 Белый ЭЛЕКОР IEK (4),шт,CKMP10D-P-060-040-K01
280200058_,Соединитель на стык КМС 100х40 Белый ЭЛЕКОР IEK (2),шт,CKMP10D-S-100-040-K01
280200059_,Соединитель на стык КМС 100х60 Белый ЭЛЕКОР IEK (2),шт,CKMP10D-S-100-060-K01
280200060_,Соединитель на стык КМС 15х10 Белый ЭЛЕКОР IEK (4),,CKMP10D-S-015-010-K01
280200061_,Соединитель на стык КМС 16х16 Белый ЭЛЕКОР IEK (4),шт,CKMP10D-S-016-016-K01
280200062_,Соединитель на стык КМС 20х10 Белый ЭЛЕКОР IEK (4),шт,CKMP10D-S-020-010-K01
280200063_,Соединитель на стык КМС 40х16 Белый ЭЛЕКОР IEK (4),шт,CKMP10D-S-040-016-K01
280200064_,Соединитель на стык КМС 40х25 Белый ЭЛЕКОР IEK (4),шт,CKMP10D-S-040-025-K01
280200065_,Соединитель на стык КМС 60х40 Белый ЭЛЕКОР IEK (4),шт,CKMP10D-S-060-040-K01
280200066_,Т-образный угол КМТ 100х40 Белый ЭЛЕКОР IEK (2),,CKMP10D-T-100-040-K01
280200067_,Т-образный угол КМТ 100х60 Белый ЭЛЕКОР IEK (2),шт,CKMP10D-T-100-060-K01
280200068_,Т-образный угол КМТ 15х10 Белый ЭЛЕКОР IEK (4),,CKMP10D-T-015-010-K01
280200069_,Т-образный угол КМТ 16х16 Белый ЭЛЕКОР IEK (4),шт,CKMP10D-T-016-016-K01
280200070_,Т-образный угол КМТ 20х10 Белый ЭЛЕКОР IEK (4),шт,CKMP10D-T-020-010-K01
280200071_,Т-образный угол КМТ 40х16 Белый ЭЛЕКОР IEK (4),шт,CKMP10D-T-040-016-K01
280200072_,Т-образный угол КМТ 40х25 Белый ЭЛЕКОР IEK (4),шт,CKMP10D-T-040-025-K01
280200073_,Т-образный угол КМТ 60х40 Белый ЭЛЕКОР IEK (4),шт,CKMP10D-T-060-040-K01
280200080_,Заглушка КМЗ 25х16 Белый ЭЛЕКОР IEK (4),шт,CKMP10D-Z-025-016-K01
280200081_,Заглушка КМЗ 40х25 Белый ЭЛЕКОР IEK (4),шт,CKMP10D-Z-040-025-K01
280200082_,Поворот 90° КМП 20х10 Белый ЭЛЕКОР IEK (4),шт,CKMP10D-P-020-010-K01
280200083_,Соединитель на стык КМС 25х16 Белый ЭЛЕКОР IEK (4),шт,CKMP10D-S-025-016-K01
280200084_,Т-образный угол КМТ 25х16 Белый ЭЛЕКОР IEK (4),шт,CKMP10D-T-025-016-K01
280200085_,Внутренний угол КМВ 15х10 Белый ЭЛЕКОР IEK (4),шт,CKMP10D-V-015-010-K01
280200086_,Внутренний угол КМВ 25х16 Белый ЭЛЕКОР IEK (4),шт,CKMP10D-V-025-016-K01
280200087_,Внешний угол КМН 25х16 Белый ЭЛЕКОР IEK (4),шт,CKMP10D-N-025-016-K01
280200088_,Внешний угол КМН 40х16 Белый ЭЛЕКОР IEK (4),шт,CKMP10D-N-040-016-K01
280200108_,Внешний угол КМН 40х25 Белый ЭЛЕКОР IEK (4),шт,CKMP10D-N-040-025-K01
280200109_,Внутренний угол КМВ 100х40 Белый ЭЛЕКОР IEK (2),шт,CKMP10D-V-100-040-K01
280200166_,Внешний изменяемый угол 100х40 ПРАЙМЕР (108),шт,CKK-40D-W-100-040-K01
280200167_,Внутренний изменяемый угол 100х40 ПРАЙМЕР (108),шт,CKK-40D-X-100-040-K01
280200168_,Рамка и суппорт для коробок КМКУ на 2 модуля ПРАЙМЕР (370),,CKK-40D-RSK2-K01
280200252_,Разъём RJ-45 UTP для кабеля кат.5Е ITK,шт,CS3-1C5EU
280200257_,Поворот 90град КМП 15х10 сосна ЭЛЕКОР IEK (4шт/компл),шт,EL-KK10D-P-015-010-K34
280300001_,Крестовина 50х100 IEK,,CLP1X-050-100
280300002_,Крестовина 50х200 IEK ***,,CLP1X-050-200
280300003_,Кронштейн настенный осн.100мм. IEK (4),шт,CLP1CW-100-1
280300004_,Кронштейн настенный осн.200мм. IEK (4),шт,CLP1CW-200-1
280300005_,Крышка на лоток осн. 100мм. IEK (6),м,CLP1K-100-1
280300007_,Крышка на лоток осн. 200мм. IEK (6),м,CLP1K-200-1
280300009_,Крышка на лоток осн. 400мм. IEK (6),м,CLP1K-400-3
280300011_,Крышка на лоток осн. 50мм. IEK (6),м,CLP1K-050-1
280300012_,"Лоток перфорированный (50х100х3000) (0,7 мм) IEK (6)",м,CLP10-050-100-3
280300013_,"Лоток перфорированный (50х200х3000) (0,7 мм) IEK (6)",м,CLP10-050-200-3
280300017_,Пластина соединительная h 50 IEK (2),шт,CLP1S-050
280300018_,Пластина соединительная h 80 IEK (2)*,,CLP1S-080
280300020_,Поворот 90º вертикальный внешний 50х100 IEK,шт,CLP1N-050-100
280300021_,Разветвитель Т-образный 50х100 IEK,шт,CLP1T-050-100
280300022_,Разветвитель Т-образный 50х200 IEK,шт,CLP1T-050-200
280300023_,Разветвитель Т-образный 50х50 IEK,,CLP1T-050-050
280300024_,Скоба потолочная IEK (40),шт,CLP1Q-050
280300028_,"Лоток перфорированный (50х500х3000) (1,2 мм) IEK (6)",м,CLP10-050-500-3
280300030_,"Лоток перфорированный (50х300х3000) (0,8 мм) IEK (6)",м,CLP10-050-300-3
280300031_,Лоток перфорированный (50х400х3000) (1 мм) IEK (6),м,CLP10-050-400-3
280300032_,Лоток перфорированный (80х400х3000) IEK (6),,CLP10-080-400-3
280300034_,"Лоток перфорированный (100х200х3000) (0,8 мм) IEK (6)",м,CLP10-100-200-3
280300035_,Лоток перфорированный (100х300х3000) (1 мм) IEK (6),м,CLP10-100-300-3
280300036_,"Лоток перфорированный (100х400х3000) (1,2 мм) IEK (6)",м,CLP10-100-400-3
280300037_,Крышка на лоток осн. 300мм. IEK (6),м,CLP1K-300-1
280300038_,Крышка на лоток осн. 500мм. IEK (6),м,CLP1K-500-3
280300039_,Поворот 90º вертикальный внешний 50х50 IEK,шт,CLP1N-050-050
280300040_,Поворот 90º вертикальный внешний 50х200 IEK,шт,CLP1N-050-200
280300045_,Поворот 90º вертикальный внешний 100х200 IEK,,CLP1N-100-200
280300048_,Пластина соединительная h 100 IEK (2),шт,CLP1S-100
280300049_,Разветвитель Т-образный 50х300 IEK,шт,CLP1T-050-300
280300054_,Разветвитель Т-образный 100х400 IEK,шт,CLP1T-100-400
280300055_,Поворот 90º вертикальный внутренний 50х50 IEK,шт,CLP1V-050-050
280300056_,Поворот 90º вертикальный внутренний 50х100 IEK,шт,CLP1V-050-100
280300057_,Поворот 90º вертикальный внутренний 50х200 IEK,шт,CLP1V-050-200
280300058_,Поворот 90º вертикальный внутренний 50х300 IEK,шт,
280300063_,Крестовина 50х50 IEK,,CLP1X-050-050
280300064_,Крестовина 50х300 IEK ***,,CLP1X-050-300
280300065_,Крестовина 50х400 IEK,,CLP1X-050-400
280300066_,Крестовина 80х400 IEK,,CLP1X-080-400
280300068_,Крестовина 100х200 IEK,,CLP1X-100-200
280300069_,Крестовина 100х300 IEK ***,,CLP1X-100-300
280300070_,Крестовина 100х400 IEK,,CLP1X-100-400
280300071_,Поворот 90º 50х50 IEK,шт,CLP2P-050-050
280300072_,Поворот 90º 50х100 IEK,шт,CLP2P-050-100
280300073_,Поворот 90º 50х200 IEK,шт,CLP2P-050-200
280300074_,Поворот 90º 50х300 IEK,шт,
280300078_,Поворот 90º 100х200 IEK!!!,шт,CLP2P-100-200
280300080_,Поворот 90º 100х400 IEK,шт,
280300081_,Разветвитель Т-образный 100х200 IEK,шт,CLP1T-100-200
280300082_,Кронштейн настенный осн.300мм IEK,шт,CLP1CW-300-1
280300083_,Лоток проволочный (50х80х3000) IEK (6),м,CLWG10-060-060-3
280300084_,Лоток проволочный (60х100х3000) IEK (6),м,CLWG10-060-100-3
280300085_,Лоток проволочный (60х200х3000) IEK (6),м,CLWG10-060-200-3
280300086_,"Лоток перфорированный (50 х50х3000) (0,7 мм) IEK (6)",м,CLP10-050-050-3
280300088_,Лоток проволочный (60х300х3000) IEK (6),м,CLWG10-060-300-3
280300092_,Держатель горизонтальный VH200 IEK (20),шт,CLW10-VH-200
280300103_,"Лоток перфорированный (50х150х3000) (0,7 мм) IEK (6)",м,CLP10-050-150-3
280300104_,Площадка фиксаторная CR IEK (200),шт,CLW10-CR
280300107_,Лоток лестничный (50х200х3000) IEK (6),,LLK1-050-200
280300111_,Лоток лестничный (100х200х3000) IEK (6)*,,LLK1-100-200
280300122_,Кронштейн настенный осн.400мм. IEK (4),шт,CLP1CW-400-1
280300128_,"Лоток перфорированный (100х100х3000) (0,7 мм) IEK (6)",м,CLP10-100-100-3
280300131_,Кронштейн замковый осн.100 мм IEK,шт,
280300139_,Лоток лестничный (50х300х3000) IEK (6),,LLK1-050-300
280300145_,I5 роз. с/у 10А КВАРТА РС 10-2-КБ (200),шт,ERK13-K01-10-DM
280300146_,I8 роз. 2-я с/у з/к 16А)КВАРТА РС 12-3-КБ (160),шт,ERK24-K01-16-DM
280300147_,I13 роз. комп КВАРТА РК10-КБ (200),шт,EKK10-K01-DM
280300175_,КМ40021 уст. d65х45 для полых стен (с саморезами и мет. лапками) IEK (250) NEW,,UKG10-065-040-000-M
280300176_,КМ40022 уст. d65х45 для полых стен (с саморезами и пласт. лапками) IEK (100) NEW,,UKG10-065-040-000-P
280300179_,Распределительная коробка с/у для полых стен г/к 80х40 IP20 КМ41024 IEK (175),шт,UKG01-080-040-000-M
280300180_,Распределительная коробка о/у с сальниками 75х40 IP44 КМ41237 IEK (60),шт,UKO11-075-040-000-K41-44
280300181_,Распределительная коробка о/у с сальниками 150х110х70 IP44 КМ41241 IEK (30),шт,UKO10-150-110-070-K41-44
280300182_,Распределительная коробка о/у с сальниками 150х110х70 IP55 КМ41242 IEK (30),шт,UKO10-150-110-070-K41-55
280300229_,I7 роз. 2-я с/у 10А КВАРТА РС 12-2-КБ (180),шт,ERK23-K01-10-DM
280300231_,I12 диммер КВАРТА ВСР 10-1-0-КБ (160),шт,EDK10-K01-03-DM
280300232_,I30 Выкл 1кл о/у серый IP54 ФОРС IEK ВС20-1-0-ФСр (10/100),шт,EVS10-K03-10-54-DC
280300235_,I31 Выкл 2кл о/у серый IP54 ФОРС IEK ВС20-2-0-ФСр (10/100),шт,EVS20-K03-10-54-DC
280300236_,I32 Роз з/к о/у серый IP54 ФОРС IEK РСб20-3-ФСр (10/100),шт,ERS12-K03-16-54-DC
280300237_,I33 Роз 2-я з/к о/у серый IP54 ФОРС IEK РСб22-3-ФСр (5/60),шт,ERS22-K03-16-54-DC
280300250_,Разделительная перегородка h 80 IEK,шт,CLP1F-080-2
280300260_,Анкер стальной забивной М8,шт,
280300269_,Профиль перфорированный C-образный IEK,,CLP1C-020-030
280300273_,Заглушка H80*150 IEK !!!,шт,
280300274_,Заглушка H80*300 IEK !!!,шт,
280300279_,ESCA Лоток неперфорированный 50х100х3000 IEK,,CLN10-050-100-3
280300280_,ESCA Лоток неперфорированный 50х50х3000 IEK,,CLN10-050-050-3
280300289_,Крышка на лоток осн. 150 мм. IEK (6),м,CLP1K-150-1
280300295_,Бокс КМПн 1/4 для 4-х авт.выкл н/у IEK (135),шт,MKP31-N-04-30-135
280300354_,3 КВтп 10х70/120-02 IEK!!!,шт,
280300356_,3 КВтп 10х150-240-02 IEK !!!,шт,
280300395_,КМ40002 уст. для твердых стен d65x40 (с саморезами) IEK (300) NEW,,UKT10-065-040-000
280300396_,Распределительная коробка с/у для твердых стен 92x92x45 IP20 КМ41001 IEK (126),шт,UKT11-092-092-040
280300397_,Распределительная коробка с/у для твердых стен 172x96x45 IP20 КМ41006 IEK (70)*,шт,UKT11-172-096-045
280300398_,Канал-соединитель КМ43002 (для КМ40022) IEK (25) NEW,,UKA-1
280300399_,Распределительная коробка с/у для полых стен г/к 172х96x45 IP20 КМ41026 IEK (70),шт,UKG11-172-096-045-P
280300400_,Установочная коробка для полых стен г/к 141х70x45 КМ40023 IEK (100),шт,UKG20-141-070-045-M
280300401_,Распределительная коробка о/у с сальниками 85х85х40 IP44 КМ41235 IEK (60),шт,UKO11-085-085-040-K41-44
280300402_,Распределительная коробка о/у с сальниками 190х140х70 IP55 КМ41244 IEK (20),шт,UKO11-190-140-070-K41-55
280300403_,Распределительная коробка о/у с сальниками 70х70х40 IP44 КМ41236 IEK (84),шт,UKOZ11-070-070-040-K41-44
280300404_,Распределительная коробка о/у с сальниками 100х100х50 IP44 КМ41255 IEK (48),шт,UKOZ11-100-100-050-K41-44
280300487_,Коробка расп. КМ41234 о/п 100х100х50мм IP55 6 вв. серая IEK,,UKO11-100-100-050-K41-55
280300588_,ЩРН- 24 (395x310x120) GENERICA,,MKM14-N-24-31-Z-G
280300589_,ЩРН- 12 (265x310x120) GENERICA,шт,MKM14-N-12-31-Z-G
280300590_,ЩМП- 1 IP 31 (395х310х220) GENERICA,шт,YKM40-01-31-G
280300591_,ЩМП- 2 IP 31 (500х400х220) GENERICA,шт,YKM40-02-31-G
280300592_,ЩМП- 3 IP 31 (650х500х220) GENERICA,шт,YKM40-03-31-G
280300626_,Скоба К1157 IEK!!!,шт,
280300644_,Выключатель кнопочный 1кл. о/у 10А IP54 AQUATIC ВС-20-1-3-А IEK,шт,EVA14-K03-10-54
280300645_,Выключатель проходной 1кл о/у 10А IP54 AQUATIC ВС-20-1-2-А IEK,шт,EVA12-K03-10-54
280300673_,Пластина соед. с 4 отверстиями для STRUT-профиля EZ IEK,шт,CLM50D-PSS-185-40
280300678_,"Лоток лестничный LESTA 55х300х3000-1,2 IEK",м,
280300685_,Распределительная коробка о/у с сальниками 190х140х120 IP55 КМ41246 IEK (12) E-PRO,шт,
280300696_,Розетка переносная разб. с выкл. К06В 6 мест CLASSIC IEK,,KYP11-16-06-00-ZK
280300733_,STRUT-болт с конусной пружиной М10х50 IEK,шт,CMZ13-SBT-10-050
280300734_,STRUT-болт с конусной пружиной М8х30 IEK,шт,CMZ13-SBT-08-030
280300735_,STRUT-болт с конусной пружиной М8х40 IEK,шт,CMZ13-SBT-08-040
280300736_,STRUT-болт с конусной пружиной М8х50 IEK,шт,CMZ13-SBT-08-050
280300737_,STRUT-гайка с конусной пружиной М10 IEK,шт,CMZ13-SGH-10
280300738_,STRUT-гайка с конусной пружиной М8 IEK,шт,CMZ13-SGH-08
280300739_,"STRUT-профиль перфорированный 41x21х2000-2,0 IEK",шт,CLP1S-41-21-20-20
280300740_,"STRUT-профиль перфорированный 41x21х2000-2,5 IEK",шт,CLP1S-41-21-20-25
280300741_,"STRUT-профиль перфорированный 41х21х2000-1,5 IEK",шт,CLP1S-41-21-20-15
280300742_,"STRUT-профиль перфорированный 41х21х400-1,5 IEK",шт,CLP1S-41-21-04-15
280300743_,"STRUT-профиль перфорированный 41х21х500-1,5 IEK",шт,CLP1S-41-21-05-15
280300744_,Консоль STRUT 41х21-200 EZ IEK,шт,CLM50D-CSO-41-21-02
280300745_,Консоль STRUT 41х21-300 EZ IEK,шт,CLM50D-CSO-41-21-03
280300746_,Пластина соединительная T-образная для STRUT-профиля EZ IEK,шт,CLM50D-PTS-136-40
280300747_,Уголок крепежный двойной усиленный для STRUT-профиля EZ IEK,шт,CLM50D-UUS-107-40
280300748_,Уголок крепежный одинарный для STRUT-профиля EZ IEK,шт,CLM50D-UOS-058-40
280300950_,Розетка переносная разб. К04 4 места CLASSIC IEK,,KYP11-16-04-00-Z
280300951_,Розетка переносная разб. К03 3 места CLASSIC IEK,,KYP11-16-03-00-Z
280301023_,Комплект заземления 6/20 б/м оц. сталь HDZ IEK,шт,ZKZ11-14-020-06
280301024_,Комплект заземления 9/20 б/м оц. сталь HDZ IEK,шт,ZKZ11-14-020-09
290100002_,У03 (3места 2р+ре.5метров) IEK,шт,WYP10-16-03-05-Z-N
290100003_,У03К-выкл (3места/3метра ) IEK,шт,WYP10-16-03-03-ZK-N
290100004_,УК10 Катушка (10м) IEK,шт,WKP15-16-04-10
290100005_,У04 (4места 2р+ре.3метра) IEK,шт,WYP10-16-04-03-Z-N
290100009_,У03 (3места 2р+ре.3метра) IEK,шт,WYP10-16-03-03-Z-N
290100010_,У03К-выкл (3места/5метров ) IEK,шт,WYP10-16-03-05-ZK-N
290100011_,У04 (4места 2р+ре.5метров) IEK,шт,WYP10-16-04-05-Z-N
290100012_,У04 В (4места 2р+ре.5метра з/ш) IEK ***,,WYP10-16-04-05-44-N
290100013_,У04К-выкл (4места .3метра ) IEK,шт,WYP10-16-04-03-ZK-N
290100014_,У04К-выкл (4места .5метра ) IEK,шт,WYP10-16-04-05-ZK-N
290100015_,У05 (5мест 2р+ре.3метра) IEK,шт,WYP10-16-05-03-Z-N
290100016_,У05 (5мест 2р+ре.5метра) IEK,шт,WYP10-16-05-05-Z-N
290100017_,У05К-выкл (5места 3метра) IEK,шт,WYP10-16-05-03-ZK-N
290100018_,У05К-выкл (5места 5метра) IEK,,WYP10-16-05-05-ZK-N
290100019_,У3 (3места 2р 3метра 6А) IEK,,WYP10-06-03-03-N
290100020_,У3 (3места 2р 5метра 6А) IEK,,WYP10-06-03-05-N
290100022_,У3К-выкл (3места 5метра 6А) IEK*,,WYP10-06-03-05-K-N
290100029_,Шнур УШ-01РВ (оранж с кругл вилк и розеткой 5м) IEK,шт,WUP10-05-K09-N
290100031_,"СФ-03К-вык (3 мест/1,5м.) IEK",шт,WFP10-16-03-01-N
290100032_,"СФ-05К-вык (5 мест/1,5м.) IEK",шт,WFP10-16-05-01-N
290100033_,СФ-05К-вык (5 мест/3м.) IEK,шт,WFP10-16-05-03-N
290100034_,СФ-05К-вык (5 мест/5м.) IEK,шт,WFP10-16-05-05-N
290100035_,ВА 88-33 (3ф) 16А IEK (1/16) !!!,шт,
290100036_,ВА 88-33 (3ф) 32А IEK (1/16)*,шт,SVA20-3-0032
290100041_,У5К-выкл (5мест 5метров) IEK*,,WYP10-06-05-05-K-N
290100101_,"Шнур УШ-1КВ ( с плоск вилк и выкл 2x0,75/2метр) IEK",шт,WUP20-02-K01
290100107_,У5 (5мест 3метра) IEK*,,WYP10-06-05-03-N
290100110_,ЩЭ 6 (1275х960х155) P31 IEK,шт,MKM42-06-1270-31
290100122_,СФ-05К-вык (5 мест/3м.) черный IEK,шт,WFP10-16-05-03-ZK-K02
290100132_,У03 (3места/3метра) чер. IEK,шт,WYP10-16-03-03-Z-K02
290100133_,У03 (3места/5метров) чер. IEK,шт,WYP10-16-03-05-Z-K02
290100134_,У03К (3места/3метра) чер. IEK,шт,WYP10-16-03-03-ZK-K02
290100135_,У03К (3места/5метров) чер. IEK,шт,WYP10-16-03-05-ZK-K02
290100136_,У04 (4места/3метра) чер. IEK,шт,WYP10-16-04-03-Z-K02
290100137_,У04 (4места/5метров) чер. IEK,шт,WYP10-16-04-05-Z-K02
290100138_,У04К (4места/3метра) чер. IEK,шт,WYP10-16-04-03-ZK-K02
290100139_,У04К (4места/5метров) чер. IEK,шт,WYP10-16-04-05-ZK-K02
290100140_,У05 (5мест/3метра) чер. IEK,шт,WYP10-16-05-03-Z-K02
290100141_,У05 (5мест/5метров) чер. IEK,шт,WYP10-16-05-05-Z-K02
290100142_,У05К (5мест/3метра) чер. IEK,шт,WYP10-16-05-03-ZK-K02
290100143_,У05К (5мест/5метров) чер. IEK,шт,WYP10-16-05-05-ZK-K02
290100144_,У3 (3места/3метра) чер. IEK,шт,WYP10-06-03-03-K02
290100145_,У3 (3места/5метров) чер. IEK,шт,WYP10-06-03-05-K02
290100146_,СФ-05К-вык (5 мест/3м.) серый IEK,шт,WFP10-16-05-03-ZK-K03
290100147_,СФ-05К-вык (5 мест/5м.) черный IEK,шт,WFP10-16-05-05-ZK-K02
290100148_,СФ-05К-вык (5 мест/5м.) серый IEK,шт,WFP10-16-05-05-ZK-K03
290200005_,УК20 Катушка (20м) IEK,шт,WKP15-16-04-20
290200006_,УК50 Катушка (50м) IEK,шт,WKP15-16-04-50
290200008_,УК30 Катушка (30м) IEK,шт,WKP15-16-04-30
290200009_,УК40 Катушка (40м) IEK,шт,WKP15-16-04-40
290200030_,"Катушка УК50 на мет с т/з 4 места 2P+PE/50м КГ 3х1,5мм2 IP44 ""Professional""",шт,
290200068_,"Катушка УК20 с т/з 4 места 2P+PE/20метров 3х1,5мм2 IP44 ""Industrial plus""",шт,
290200126_,"Катушка УК15 1мест. 2P+PE/15м+2м 3х1,5мм2 автосм.TWIST IEK",шт,TW-KP27-16-01-15-02
290200127_,"Катушка УК25 1мест. 2P+PE/25м+2м 3х1,5мм2 автосм. TWIST IEK",шт,TW-KP27-16-01-25-02
290200128_,"Катушка УК10 4мест. 2P+PE/10м 3х1,5мм2 автосм. TWIST IEK",шт,TW-KP27-16-04-10
290200129_,"Катушка УК10 2P+PE/10м 3х1,5мм2 КГ автосм. IP44 TWIST IEK",шт,TW-KP27-16-04-10-44
290200130_,"Катушка УК15 2P+PE/15м 3х1,5мм2 КГ автосм. IP44 TWIST IEK",шт,TW-KP27-16-04-15-44
290200131_,"Катушка УК20 4мест. 2P+PE/20м 3х1,5мм2 автосм. TWIST IEK",шт,TW-KP27-16-04-20
311101034_,"Стяжки стальные СКС (316) 7,9*400 74882 Fortisflex КВТ NEW",,74882
311101217_,Аккумулятор GREEN Ni-MH AAA 1100мАч (2шт/блистер) IEK,упак,AAK-NIMH-03-1100-L02
311101218_,Аккумулятор GREEN Ni-MH AAA 1100мАч (4шт/блистер) IEK,упак,AAK-NIMH-03-1100-L04
311101219_,Аккумулятор GREEN Ni-MH AA 2700мАч (2шт/блистер) IEK,упак,AAK-NIMH-06-2700-L02
311101220_,Аккумулятор GREEN Ni-MH AA 2700мАч (4шт/блистер) IEK,,AAK-NIMH-06-2700-L04
311101221_,Батарейка щелочная Alkaline 6LR61 9V (1шт/блистер) IEK,упак,ABT-6LR619V-OP-L01
311101222_,Батарейка щелочная Alkaline LR03/AAA (10шт/бокс) IEK,упак,ABT-LR03-OP-B10
311101224_,Батарейка щелочная Alkaline LR03/AAA (2шт/блистер) IEK,упак,ABT-LR03-OP-L02
311101225_,Батарейка щелочная Alkaline LR06/AA (10шт/бокс) IEK,упак,ABT-LR06-OP-B10
311101227_,Батарейка щелочная Alkaline LR14/C (2шт/блистер) IEK,упак,ABT-LR14-OP-L02
311101228_,Батарейка щелочная Alkaline LR20/D (2шт/блистер) IEK,упак,ABT-LR20-OP-L02
311101232_,Батарейка щелочная Alkaline LR06/AA (2шт/блистер) IEK,упак,ABT-LR06-OP-L02
311101233_,"Бандаж кабельный БК 20мм с ключом (2,0м/упак) IEK",,USWBK-D20-20
311101234_,"Бандаж кабельный БК 25мм с ключом (2,0м/упак) IEK",,USWBK-D25-20
311101235_,Батарейка щелочная Alkaline LR03/AAA (4шт/блистер) IEK,упак,ABT-LR03-OP-L04
311101236_,Батарейка щелочная Alkaline LR06/AA (4шт/блистер) IEK,упак,ABT-LR06-OP-L04
311101237_,Батарейка щелочная Alkaline LR03/AAA (10+2шт/кор) ПРОМО GENERICA,упак,ABT-LR03-ST-B12-G
311101238_,Батарейка щелочная Alkaline LR06/AA (10+2шт/кор) ПРОМО GENERICA,упак,ABT-LR06-ST-B12-G
5250600034_,Бокс КМПн 2/13 н/у IEK IP55 !!!,шт,
A650-33E055TM,"Преобразователь частоты A650 380В 3Ф 5,5кВт 13А M ONI",шт,
AR-KMR10-040-20-230,ARMAT Контактор модульный KMR 40А 230В AC 2НО IEK,шт,
AR-KMR10-040-40-230,ARMAT Контактор модульный KMR 40А 230В AC 4НО IEK,шт,
AR-KMR10-063-22-230,ARMAT Контактор модульный KMR 63А 230В AC 2НО 2НЗ IEK,шт,
AR-KMR10-063-40-230,ARMAT Контактор модульный KMR 63А 230В AC 4НО IEK,шт,
AR-M06N-4-C025,ARMAT (4ф) 25А С IEK (1),шт,AR-M06N-4-C025
AR-M06N-4-C032,ARMAT Автоматический выключатель M06N 4P C 32А IEK,шт,
BBD10-APBB-K51_,"Кнопка APBB-22N I-O"" Ø22мм IEK(10/200) !!!",шт,
BR-AK20-1-K35,"Роз. 2-я TV+RJ45 кат.5E б/рамки ""BRITE"" маренго (1/100)",шт,
BR-AK20-1-K35_,BRITE Розетка двойная TV+RJ45 кат.5E РТВ/РК12-БрМ маренго IEK,шт,
BR-AK20-1-K53,BRITE Розетка двойная TV+RJ45 кат.5E РТВ/РК12-БрГ графит IEK,шт,
BR-D20-0600-K37,BRITE Светорегулятор поворотно-нажимной 600Вт СС10-1-0-БрШ шампань IEK,шт,
BR-H10-K37,BRITE Розетка HDMI РHDMI-0-БрШ шампань IEK,шт,
BR-H10-K46,BRITE Розетка HDMI РHDMI-0-БрС сталь IEK,шт,
BR-K20-1-K35,BRITE Розетка компьютерная двойная RJ45 кат.5E РК10-2-БрМ маренго IEK,шт,
BR-K20-1-K36,BRITE Розетка компьютерная двойная кат.5E RJ45 РК10-2-БрЖ жемчуг IEK,шт,
BR-K20-1-K45,BRITE Розетка компьютерная двойная RJ45 кат.5E РК10-2-БрТБ темная бронза IEK,шт,BR-K20-1-K45
BR-KT20-O-1-K10,Розетка двойная RJ11+RJ45 кат.5E РК/Т12-БрКр бежевый IEK,шт,
BR-KT20-O-1-K45,BRITE Розетка двойная RJ11+RJ45 кат.5E РК/Т12-БрТБ темная бронза IEK,шт,BR-KT20-O-1-K45
BR-M12-G-31-K96,BRITE Рамка 1-местная РУ-1-2-БрП стекло персиковый матовый IEK,шт,
BR-M12-G-41-K06,BRITE Рамка 1-местная РУ-1-2-Бр стекло эко грин RE IEK,шт,
BR-M22-G-31-K96,BRITE Рамка 2-местная РУ-2-2-БрП стекло персиковый матовый IEK,шт,
BR-MS10-N-150-05-K37,BRITE Датчик движения ДС10-1-БрШ шампань IEK,,BR-MS10-N-150-05-K37
BR-R16-16-44-K02_,BRITE Розетка 1-местная с заземлением с защитными шторками и крышкой 16А IP44 РСбш10-3-44-БрЧ черный,шт,BR-R16-16-44-K02
BR-R16-16-44-K37,BRITE Розетка 1-я с/з с/ш и крышкой 16А IP44 РСбш10-3-44-БрШ шампань IEK,шт,BR-R16-16-44-K37
BR-R16-16-44-K45,BRITE Розетка 1-местная с заземлением с защитными шторками и крышкой 16А IP44 бронза IEK,,BR-R16-16-44-K45
BR-R16-16-44-K46,BRITE Розетка 1-местная с заземлением с защитными шторками и крышкой 16А IP44 РСбш10-3-44-БрС сталь,шт,BR-R16-16-44-K46
BR-R16-16-K10,BRITE Розетка 1-местная с заземлением с защитными шторками и крышкой 16А IP20 бежевый IEK,,BR-R16-16-K10
BR-R16-16-K37,BRITE Розетка 1-местная с заземлением с защитными шторками и крышкой 16А IP20 шампань IEK,,BR-R16-16-K37
BR-R26-16-44-K02-F,BRITE Розетка 2-местная с заземлением с защитными шторками и крышкой 16А в сборе IP44 РСбш12-3-44-Бр,шт,BR-R26-16-44-K02-F
BR-R26-16-44-K37-F,BRITE Розетка 2-местная с заземлением с защитными шторками и крышкой 16А в сборе IP44 РСбш12-3-44-Бр,шт,BR-R26-16-44-K37-F
BR-R26-16-44-K45-F,BRITE Розетка 2-местная с/з с защитными шторками и крышкой 16А в сборе IP44 темная бронза IEK,,BR-R26-16-44-K45-F
BR-R26-16-44-K46-F,BRITE Розетка 2-местная с заземлением с защитными шторками и крышкой 16А в сборе IP44 сталь IEK,,BR-R26-16-44-K46-F
BR-RT11-K10,BRITE Термостат электронный с инд. ТС10-1-БрКр беж. IEK,шт,BR-RT11-K10
BR-U21-D31-K35,"BRITE Розетка USB A+A 5В 3,1А РЮ10-1-БрМ маренго IEK",шт,
BR-U21-D31-K37,"BRITE Розетка USB A+A 5В 3,1А РЮ10-1-БрШ шампань IEK",шт,BR-U21-D31-K37
BR-U21-D31-K46,"BRITE Розетка USB A+A 5В 3,1А РЮ10-1-БрС сталь IEK",шт,
BR-VK10-0-K10,BRITE Вывод кабеля МВ10-БрКр бежевый IEK,,BR-VK10-0-K10
BR-VK10-0-K36,BRITE Вывод кабеля МВ10-БрЖ жемчуг IEK,,BR-VK10-0-K36
BR-VK10-0-K37,BRITE Вывод кабеля МВ10-БрШ шампань IEK,,BR-VK10-0-K37
BR-VK10-0-K45,BRITE Вывод кабеля МВ10-БрТБ темная бронза IEK,,BR-VK10-0-K45
CKK10-025-016-1-K01-,Кабель-канал 25х16 белый ЭЛЕКОР IEK (за штуку) (50),м,
CKK10-025-016-1-K24_,Кабель-канал 25х16 дуб ЭЛЕКОР IEK (за штуку) (50),,CKK10-025-016-1-K24
CKK10-025-016-1-K28_,Кабель-канал 25х16 ольха ЭЛЕКОР IEK (за штуку) (50),м,
CKK10-025-016-1-K34_,Кабель-канал 25х16 сосна ЭЛЕКОР IEK (за штуку) (50),м,CKK10-025-016-1-K34
CKK10-025-025-1-K01-,Кабель-канал 25х25 белый ЭЛЕКОР IEK (за штуку) (32),м,
CKK10-040-025-1-K01-,Кабель-канал 40х25 белый ЭЛЕКОР IEK (за штуку) (24),м,
CKK10-040-025-1-K24_,Кабель-канал 40х25 дуб ЭЛЕКОР IEK (за штуку) (18),м,CKK10-040-025-1-K24
CKK10-040-025-1-K28_,Кабель-канал 40х25 ольха ЭЛЕКОР IEK (за штуку) (18),м,CKK10-040-025-1-K28
CKK10-040-025-1-K34_,Кабель-канал 40х25 сосна ЭЛЕКОР IEK (за штуку) (18),м,CKK10-040-025-1-K34
CKK10-060-040-1-K01-,Кабель-канал 60х40 белый ЭЛЕКОР IEK (за штуку) (18),м,CKK10-060-040-1-K01-018
CKK10-100-060-1-K01,Кабель-канал 100х60 белый ЭЛЕКОР IEK (за штуку) (8),м,CKK10-100-060-1-K01
CLM50D-PPP-030-15,"Профиль перфорированный П-образный 300-1,5 IEK",шт,
CLM50D-PPP-050-15,"Профиль перфорированный П-образный 500-1,5 IEK E-PRO",шт,
CLM50D-PPP-060-25,"Профиль перфорированный П-образный 600-2,5 IEK",шт,
CLM50D-PPP-300-25,"Профиль перфорированный П-образный 3000-2,5 IEK",шт,
CLM50D-RP-080-30,Перегородка разделительная h=80мм L3000 IEK,шт,
CLP10-080-150-3,ESCA Лоток перфорированный 80х150х3000 IEK,м,
CLP1CL-300-1,Кронштейн замковый осн.300мм IEK,шт,
CLP1M-SHU-6,Шайба плоская усиленная М6 IEK,шт,
CLP1SH-050,Пластина шарнирного соединения h=50 IEK,шт,
CLP1V-100-200,ESCA Поворот верт. внутр. 90град 100х200мм IEK,шт,
CLP1Z-050-200,Заглушка H50х200 IEK,шт,
CLW10-TM-06-1-R,Шпилька резьбовая М6х1000 DIN 975 IEK,шт,
CLW10-TM-08-1-R,Шпилька резьбовая М8х1000 DIN 975 IEK,шт,
CLW10-TM-08-2-R,Шпилька резьбовая М8х2000 DIN 975 IEK,шт,
CLW10-VR-100,Консоль потолочная VR 100 IEK,шт,
CMZ11-VT-06-030,Винт с гладкой головкой и квадратным подголов. M6х30 IEK,шт,
CNT-A310D33V93-110TE,ПЧ CONTROL-A310 380В 3Ф 93-110кВт 176-210А ONI IEK,шт,
CO05-07542-R,ITK Органайзер кабельный вертикальный 75х12мм 42U черный,шт,
CS3-1C6AF-Q,ITK Разъём RJ-45 FTP для кабеля кат.6A полевая заделка,шт,
CTA10D-CF16-K41-100,ELASTA Держатель с защелкой CF16 IEK,шт,
CTA10D-CF20-K41-100,ELASTA Держатель с защелкой CF20 IEK,шт,
EL-KK10-025-016-1-K0,Кабель-канал 25х16 черный ЭЛЕКОР IEK (за штуку) (50м),м,EL-KK10-025-016-1-K02
EL-KK10-025-025-1-K0,Кабель-канал 25х25 черный ЭЛЕКОР IEK (за штуку) (32),м,EL-KK10-025-025-1-K02
EL-KK10-040-025-1-K0,Кабель-канал 40х25 черный ЭЛЕКОР IEK (за штуку) (24),м,EL-KK10-040-025-1-K02
EL-KK10-060-040-1-K0,Кабель-канал 60х40 черный ЭЛЕКОР IEK (за штуку) (18),м,EL-KK10-060-040-1-K02
EL-KK10-100-060-1-K0,Кабель-канал 100х60 черный ЭЛЕКОР IEK (за штуку) (8),м,EL-KK10-100-060-1-K02
EPK10-04-02-K01,"Пкб27-04-К01 Патрон подвесной карболитовый, Е27, черный, индивидуальный пакет, IEK E-PRO",шт,
EPK20-04-02-K01,"Пкб14-04-К01 Патрон подвесной карболитовый, Е14, черный, индивидуальный пакет, IEK",шт,
EPP14-04-01-K01,"Ппл27-04-К51 Патрон подвесной с шнуром, пластик, Е27, белый (50 шт), стикер на изделии, IEK E-PRO",шт,
EPP14-04-01-K02,"Ппл27-04-К52 Патрон подвесной с шнуром, пластик, Е27, черный (50 шт), стикер на изделии, IEK E-PRO",шт,
ERO14-K01-16-DC,OKTAVA Розетка 1-местная с зазем с защитными шторками для открытой установки 16А РСш20-3-ОБ бел IEK,шт,
FP-K10-2-K03,FORTE&PIANO Розетка компьютерная RJ45 кат.6 FP331 серый IEK,шт,
FP-K10-2-K10,FORTE&PIANO Розетка компьютерная RJ45 кат.6 FP431 ваниль IEK,шт,
FP-R14-16-1-K03,FORTE&PIANO Розетка 1-местная с заземлением с защитными шторками безвинтовое крепление 16А FP313 сер,шт,
FP-R14-16-1-K10,FORTE&PIANO Розетка 1-местная с заземлением с защитными шторками безвинтовое крепление 16А FP413 ван,шт,
FP-V10-0-10-1-K03,FORTE&PIANO Выключатель 1-клавишный 10А FP301 серый IEK,шт,
FP-V10-0-10-1-K10,FORTE&PIANO Выключатель 1-клавишный 10А FP401 ваниль IEK,шт,
FP-V12-0-10-1-K03,FORTE&PIANO Выключатель 1-клавишный проходной 10А FP303 серый IEK,шт,
FP-V12-0-10-1-K10,FORTE&PIANO Выключатель 1-клавишный проходной 10А FP403 ваниль IEK,шт,
FP-V13-0-10-1-K03,FORTE&PIANO Выключатель 1-клавишный перекрестный 10А FP312 серый IEK,шт,
FP-V13-0-10-1-K10,FORTE&PIANO Выключатель 1-клавишный перекрестный 10А FP412 ваниль IEK,шт,
FP-V20-0-10-1-K03,FORTE&PIANO Выключатель 2-клавишный 10А FP305 серый IEK,шт,
FP-V20-0-10-1-K10,FORTE&PIANO Выключатель 2-клавишный 10А FP405 ваниль IEK,шт,
IPA10-6-0030-E,"Амперметр Э47 30/5А класс точности 1,5 72х72мм IEK",шт,
IPA10-6-0075-E,"Амперметр Э47 75/5А кл. точн. 1,5 72х72мм IEK",шт,
KKM11-012-024-10,Контактор КМИ-11210 12А 24В/АС3 1NO IEK,шт,
KKM21-025-110-01,Контактор КМИ-22511 25А 110В/АС3 1NC IEK,шт,
LBAL001,"LBAL001 L-office Balance 30/Д/5,0К/03/SD/IP40 LEDEL IEK",шт,
LDBO0-4013-18-6500-K,Светильник светодиодный линейный ДБО 4013 18Вт 6500К IP20 600мм призма IEK,шт,
LLE-A60-12-24-48-40-,Лампа светодиодная A60 груша 12Вт 24-48В 4000К E27 IEK,шт,
LLE-T80-12-230-40-GX,Лампа светодиодная T75 таблетка 12Вт 230В 4000К GX53 IEK,шт,
LLE-T80-12-230-65-GX,Лампа светодиодная T75 таблетка 12Вт 230В 6500К GX53 IEK,шт,
MAD10-4-016-C-100,KARAT Дифференциальный автомат АД14 4P 16А 100мА тип AC IEK,шт,
MDV11-2-025-030,Выключатель дифференциальный (УЗО) ВД1-63 2Р 25А 30мА тип А IEK,шт,
MKK11-20-22,Контактор КМ 20-22М AC IEK E-PRO,,MKK11-20-22
MKK11-40-11,Контактор КМ 40-11М AC IEK E-PRO,,MKK11-40-11
MKK11-63-20,Контактор КМ 63-20М AC IEK E-PRO,,MKK11-63-20
MKK12-20-20,Контактор КМ20-20МР АС KARAT IEK !!!,шт,
MKM42-02-31-WW-L,ЩЭ 2 36 УХЛ3 (без окон) IP31 LIGHT IEK !!!,шт,
MKP73-N-12-66,Бокс КМПн-12 IP66 IEK !!!,шт,
MNV10-1-040,KARAT Выключатель нагрузки (мини-рубильник) ВН-32 1P 40А IEK,шт,
MNV10-3-125,Выкл. нагрузки ВН-32 (3ф) 125А IEK (4/80),шт,
MPR10-1-050,Выключатель-разъединитель трехпозиционный ВРТ-63 1P 50А IEK,шт,
MPR10-4-050,Выключатель-разъединитель трехпозиционный ВРТ-63 4P 50А IEK,шт,
MVA20-1-D05-C,"KARAT Авт. выкл. ВА47-29 1P C 0,5А 4,5кА IEK",шт,
MVA20-3-013-C,"ВА47-29 (3ф) 13А 4,5кА С IEK !!!",шт,
MVA31-1-006-B,BA 47-60M (1ф) 6А 6кА В IEK !!!,шт,
MVA31-1-006-C,BA 47-60M (1ф) 6А 6кА С IEK !!!,шт,
MVA31-2-050-C,BA 47-60M (2ф) 50А 6кА С IEK !!!,шт,
MVA31-3-025-B,BA 47-60M (3ф) 25А 6кА B IEK !!!,шт,
MVA31-3-025-C,KARAT Автоматический выключатель ВА47-60M 3P C 25А 6кА IEK,шт,
MVA31-3-063-B,BA 47-60M (3ф) 63А 6кА B IEK !!!,шт,
MVA50-3-100-D,KARAT Автоматический выключатель ВА47-150 3P D 100А 15кА IEK,шт,
OPS-DC24-060B,"Блок питания OPS 220В AC/24В DC 2,5А 60Вт ONI OPS-DC24-060B IEK",шт,
ORI-01-05,"Реле контроля тока ORI 0,05-0,5А 24-240В AC/24В DC IEK",шт,
ORI-01-5,"Реле контроля тока ORI 0,5-5А 24-240В AC/24В DC IEK",шт,
ORL-02-ACDC24-240V,Реле контроля уровня ORL-02 24-240В AC/DC IEK !!!,шт,
ORT-ST-ACDC12-240V,Реле пуска звезда-треугольник ORT 12-230В AC/DC IEK,шт,
PLR-S-CPU-1410,Логическое реле PLR-S. CPU1410 серии ONI,шт,
PLR-S-CPU-1410R-AC-B,Логическое реле PLR-S. CPU1410(R) 220В AC с экраном ONI,шт,
PSN12-032-5,Стационарная розетка ССИ-125 32А-6ч/200/346-240/415В 3Р+РЕ+N IP44 MAGNUM IEK E-PRO,,PSN12-032-5
RRP10-4-10-220A-LED,Реле РЭК77/4(LY4) с индикацией 10А 230В AC IEK,шт,
SFB-33-75-A-00,УПП SFB 3Ф 380В 75кВт 150А Uупр 110-220В ONI,шт,
SRP-10-3-160,Предохранитель-выключатель-разъединитель 160А IEK,шт,
SVA10D-ADK-1,Аварийно-доп. контакт ДК/АК32-33 IEK !!! (150),шт,
SVA30D-ADK-1,Аварийно-доп. контакт ДК/АК35-37 IEK !!! (150),шт,
SVA50D-ADK-1,Аварийно-доп. контакт ДК/АК40-43 IEK !!! (150),шт,
UKO10-240-195-090-K4,"КМ41272 распаячная для о/п 240х195х90 мм IP55 (RAL7035, кабельные вводы 5 шт) IEK E-PRO",,UKO10-240-195-090-K41-55
UKO10-240-195-165-K4,"КМ41274 распаячная для о/п 240х195х165 мм IP55 (RAL7035, кабельные вводы 5 шт) IEK E-PRO",,UKO10-240-195-165-K41-55
UNL10-D25-4-4,"Наконечник НВИ 2-4 вилка 1,5-2,5мм (100шт/упак) IEK E-PRO",упак,
UNL20-006-6-5,"Наконечник НКИ 5,5-8 кольцо 4-6мм (100шт/упак) IEK !!!",упак,
UZA-25-D16,Наконечники герметичные изолированные НИМ 16 IEK,шт,
WUP20-02-K02,"Шнур УШ-1КВ опрессованный с вилкой со встроенным выключателем 2х0,75/2метра, черный IEK E-PRO",,WUP20-02-K02
WYP53-16-05-03-ZK,"Удлинитель У05В 5 мест 2P+PE/3м 3х1,5мм2 16А/250В UNO IEK E-PRO",шт,
YIS40-3-370,Изолятор шинный плоский ИШП 3P для шин 5 и 10 мм 370 мм IEK !!!,шт,
YIS42-3-200,Изолятор шинный плоский ИШП 3P для горизонтальных шин 5 и 15- 10-30 мм IEK !!!,шт,
YKM40-PN-530,TITAN Панель ПН-530мм (3шт/компл) IEK,шт,
YKV10-UV-1750,TITAN Уголок вертикальный 1750мм (2шт/компл) IEK,шт,
YZN20-004-K52,Зажим наборный ЗНИ-4PEN 4мм2 (JXB-земля) IEK,шт,
YZN30-002-K03,"Клемма винтовая КВИ-2,5мм2 серая IEK E-PRO",,YZN30-002-K03
Р654654528,Контактор КТИ 52253 реверс 225А 220В IEK !!!,шт,
ЩУРн-3/18,Корпус металлический ЩУРн-3/18 ИЭК IP31,шт,
нов03200_,Предохранитель ППНИ-33 (125А) IEK габарит 0 (72) !!!,шт,
нов1932,ЩРН-48 IP54 IEK,шт,
нов26740,Предохранитель ППНИ-33 (32А) IEK габарит 0 (72) !!!,шт,
нов3227,Контактор КТИ 51153 115А 220В (реверс) IEK (4) !!!,шт,
нов3368,УЗО ВД1 63 (2ф) 100А 30мА IEK (48) !!!,шт,
нов3370_,Расцепитель мин. напряжения РМ-250/400 (РМ-35/37) IEK (480) !!!,шт,
нов3392,Контактор КТИ 51503 150А 220В (реверс) IEK (4) !!!,шт,
нов3393,Контактор КТИ 51853 185А 220В (реверс) IEK (4) !!!,шт,
нов3394,Контактор КТИ 52653 265А 220В (реверс) IEK (2) !!!,шт,
нов3396,Расцепитель независимый РН-125/160 (РН-32/33) IEK !!!,шт,
нов99190,Аарийный контакт АК-125(160)А IEK !!!,шт,
ст-99272_80,Лоток НЕперфорированный 100х100х3000 (3м) IEK,м,
ст-9948468,Заглушка 100х40 ПРАЙМЕР (216),шт,CKK-40D-Z-100-040-K01
ст-9949019,Амперметр Э47 200/5 !!!,шт,
ст-9949056,"Трансформатор тока ТТИ-А 120/5А 5ВА кл.т.0,5 IEK !!!",шт,
ст-9949156,Предохранитель ППНИ-33 (16А) IEK габарит 0 (72) !!!,шт,
ст-9949157,Предохранитель ППНИ-33 (20А) IEK габарит 0 (72) !!!,шт,
ст-9949234,УЗО ВД1-63 (4ф) 100А 30мА IEK (24),шт,
ст-9949327,"Шина ""N"" нулевая 8х12 на двух угловых изол ШНИ-24-У2-С IEK (10) !!!",шт,
ст-9949953,ЩУРн-П 3/8 IP55 IEK,шт,
ст-9950070,Шина соединительная PIN (штырь) 2ф 63А (1м) IEK,м,
ст-9950184,BA 47-100 (4ф) 100А 10кА х-ка С IEK !!!,шт,
ст-9950300,Предохранитель ППНИ-37 (315А) IEK габарит 2 (24) !!!,шт,
ст-9950470,"Наконечник НКИ2-6 кольцо 1,5-2,5мм (100 шт) IEK !",упак,
ст-9950702,"Трансформатор тока ТТИ-А 30\5А 5ВА кл.т.0,5 IEK (36) !!!",шт,
ст-9950706,"Амперметр Э47 300/5А кл. точн. 1,5 72х72мм IEK",шт,
ст-9950851,Плоский изменяемый угол 150х60 ПРАЙМЕР (40) !!!,шт,CKK-40D-W-150-060-K01
ст-9951101,Кабель-канал 100х60 парапетный ПРАЙМЕР (12),м,
ст-9951102,Заглушка 100х60 ПРАЙМЕР (216),шт,
ст-9951103,Т-угол 100х60 ПРАЙМЕР (108)!!!,шт,
ст-9951104,Внешний изменяемый угол 100х60 ПРАЙМЕР (108)!!!,шт,
ст-9951105,Внутренний изменяемый угол 100х60 ПРАЙМЕР (72),шт,
ст-9951106,Плоский изменяемый угол 100х60 ПРАЙМЕР (96)!!!,шт,
ст-9951285,"ВА47-29 (3ф) 10А 4,5кА х-ка D IEK !!!",шт,
ст-9951311,"Вольтметр Э47 300В кл.точн. 1,5 96*96мм !!!",шт,
ст-9951312,"Вольтметр Э47 100В кл.точн. 1,5 96*96мм !!!",шт,
ст-9951313,"Трансформатор тока ТТИ-А 1000\5А 5ВА кл.т.0,5 IEK (36) !!!",шт,
ст-9951436,"Трансформатор тока ТТИ-А 800\5А 5ВА кл.т.0,5 IEK (36) !!!",шт,
ст-9951446,ВА47-29 (3ф) 13А IEK (48) !!!,шт,
ст-9951480,Контактор КМИп-10910 09А 24В/АС3 1НО IEK !!!,шт,
ст-9951729,"Трансформатор тока ТТИ-А 125\5А 5ВА кл.т.0,5 IEK (36) !!!",шт,
ст-9951887,ВА47-29 (1ф) 8А IEK (48) !!!,шт,
ст-9951895,"Самоклеящаяся этикетка ""Молния"" 50х50х50 IEK !!!",шт,
ст-9951984,"Самоклеящаяся этикетка ""Заземление"" 30х30 IEK !!!",шт,
ст-9951998,ВА47-29 (1ф) 13А IEK (144) !!!,шт,
ст-9952041,Разъем PPM77/3 для РЭК77/3 модульный IEK !!!,шт,
ст-9952106,ВА 88-33 (3ф) 50А IEK (16) !!!,шт,
ст-9952210,Приставка ПКИ 40 IEK !!!,шт,
ст-9952368,Переключатель LAY5-BS142 «Грибок» с ключом красный d22мм 230В 1р IEK !!!,шт,
ст-9952399,"BA 47-100 (2ф) 100А 4,5кА х-ка С IEK !!!",шт,
ст-9952430,Сиг. лампа AL-22 d22мм зеленый неон/240В цилиндр IEK (200) !!!,шт,
ст-9952431,Сиг. лампа AL-22 d22мм красный неон/240В цилиндр IEK (200) !!!,шт,
ст-9952440,"Трансформатор тока ТТИ-40 600\5 10ВА кл.т.0,5 (IEK) (40) !!!",шт,
ст-9952441,"Трансформатор тока ТТИ-60 1000\5 10ВА кл.т.0,5 (IEK) (40) !!!",шт,
ст-9952475,Лоток перфорированный 80х100х3000 (3м)IEK,м,
ст-9952496,"Наконечник-гильза НГИ2 4,0-12 с изол. фланцем (серый) IEK (100) !!!",упак,
ст-9952497,"Наконечник-гильза НГИ2 6,0-14 с изол. фланцем (черый) IEK (100) !!!",упак,
ст-9952498,Наконечник-гильза НГИ2 10-14 с изол. фланцем (слоновая кость) IEK (100) !!!,упак,
ст-9952644,Стойка настенная СНП100 IEK !,шт,
ст-9952711,ВА47-29 (4ф) 10А IEK (36) !!!,шт,
ст-9953087,ЩРН-12з-1 38 IP31 MKM13-N-12-31-Z EK !!!,шт,
ст-9953090,Изолятор ступенчатый ИС4-20 (М6) силовой IEK !!!,шт,
ст-9953158,ВА47-29 (2ф) 1А IEK (6/72) !!!,шт,
ст-9953168,УЗО ВД1 63 (2ф) 40А 300мА IEK (48) !!!,шт,
ст-9953235,Переключатель кулачковый ПКП25-44/0 25А 4Р/400В IEK !!!,шт,
ст-9953236,Индикатор AD-22DS (LED) Ø22мм (зеленый) 12В IEK !!!,шт,
ст-9953237,Переключатель LAY5-BL51 без подсв.желтая 1зIEK !!!,шт,
ст-9953247,Индикатор AD-16DS (LED) Ø16мм (зеленый) 12В IEK,шт,
ст-9953304,Индикатор AD-22DS (LED) Ø22мм (желтый) 12В IEK !!!,шт,
ст-9953354,УЗО ВД1-63 (4ф) 25А 100мА IEK !!!,шт,
ст-9953405,Тепловое реле РТИ-5375 (120-150А) IEK (100),шт,
ст-9953508,Соединитель безвинтовой CF IEK !!!,шт,
щт-0000139,"Индикатор, CHINT, ND 16-22DS/2, желтый AC/DC 24В",шт,
щт-0000194,УЗО АД 14 (4ф) 50A 100mA IEK !!!,шт,
щт-0000212,"Труба жесткая ПВХ Ø63 IEK серая (15м),3м !!!",м,
щт-0000350,Шайба плоская M8 IEK,шт,
щт-0000417,Полка кабельная К1161,шт,
щт-0000418,Стойка кабельная К1150,шт,
щт-0000861,Распред. блок на DIN-рейку РБД-125А IEK !!!,шт,
щт-0001014,BA 47-100 (2ф) 80A IEK !!!,шт,
щт-0001133,Кронштейн замковый осн.200 мм IEK,шт,
щт-0001187,Контактор КТИ-53303 реверс 330А 230В/АС3 IEK !!!,шт,
щт-0001387,Совмещенный контакт АКДК-630/800/1600А IEK !!!,шт,
щт-0001406,Гайка со стопорным буртом М8,шт,
щт-0001421,Контактор КТИ 52653 265А 400В (реверс) IEK (2) !!!,шт,
щт-0001636,ЩРн-12з-1 IP54 TITAN 3 PRO IEK,шт,
щт-0001645,Панель ПН-730 TITAN (комп. 3шт.) IEK,шт,
щт-0001651,Панель боковая для ВРУ 18.ХХ.45 IP31 TITAN (комп. 2шт.) IEK,шт,
щт-0001653,Цоколь ВРУ хх.80.45 IP54 TITAN IEK,компл,
щт-0001654,Панель монтажная 500x730 TITAN (комп. 2шт.) IEK,шт,
щт-0001786,"Трансформатор тока ТТИ-100 1600\5А 15ВА кл.т.0,5 IEK !!!",шт,
щт-0001802,Сиг. лампа ENR-22 d22мм белый неон/240В цилиндр IEK !!!,шт,
щт-0001952,Ящик управления ЯУ 7,шт,
щт-0002132,"Крышка 125 мм для К.К.""Праймер"" 150х60 !!!",м,CKK-40D-KR125-K01
щт-0002147,Подвес V-образный M10 IEK !!!,шт,
щт-0002159,Соединитель перфорированный CP INOX IEK,шт,
щт-0002161,"Стальной трос с рым-болтом M8, 2 м IEK !!!",шт,
щт-0002162,Скоба подвеса нижняя 200 мм IEK !!!,шт,
щт-0022248,ВА 44-33 (3ф) 32А IEK (20) !!!,шт,
щт00222756,ВА 44-33 (3ф) 25А IEK (20) !!!,шт,
щт00222819,ВА 44-33 (3ф) 50А IEK (20) !!!,шт,
щт00222922,Пластиковая лента спираль 8мм,упак,
щт00222923,Пластиковая лента спираль 10мм,упак,
щт00222924,Пластиковая лента спираль 19мм,упак,
щт02229866,Совмещенный контакт АКДК-250/400А IEK !!!,шт,
щт02229878,Совмещенный контакт АКДК-125/160А IEK !!!,шт,
щт02230193,"ВА47-29 (3ф) 4А 4,5кА х-ка D IEK !!!",шт,
щт02230447,Бокс КМПн 12 IP66 IEK !!!,шт,
щт23054819,Контакты дополнительные универсальные КДУ60 на DIN-рейку IEK !!!,шт,
щт23054820,Аварийный контакт АК-630/800/1600А IEK,шт,
щт23055078,"Трансформатор тока ТТИ-100 1000\5А 15ВА кл.т.0,5 IEK !!!",шт,
щт23055283,Бокс КМПн 2/12 IEK IP55,шт,
щщ0001047,ВА47-29 (3ф) 63А IEK (4/48) D !!!,шт,
щщ0001050,"Наконечник НВИ 2-5 вилка 1,5-2,5мм (100 шт) IEK !",упак,
щщ11503042,"ВА47-29 (3ф) 50А 4,5кА х-ка D IEK !!!",шт,
щщщ0115411,Переключатель кулачковый ПКП32-44/0 32А 4Р/400В IEK !!!,шт,
щщщ0115439,"Трансформатор тока ТТИ-А 80\5А 5ВА кл.т.0,5 IEK (36) !!!",шт,
щщщ0115997,Зажим анкерный ЗАС 4х95-150/43200 (PA4120) IEK,шт,
щщщ0116026,"Трансформатор тока ТТИ-А 60\5А 5ВА кл.т.0,5 IEK (36) !!!",шт,
щщщ0116027,Диф. автомат АД12 2Р 40А 100мА GENERICA !!!,шт,
щщщ0116033,Контактор КТИ 52653 265А 230В (реверс) IEK (2) !!!,шт,
щщщ0116039,"Трансформатор тока ТТИ-А 10/5А 5ВА класс 0,5 IEK !!!",шт,
щщщ0116157,Ящик ЯТП(укп) 220/36-3 IEK (1),шт,
щщщ0116826,BA 47-60M (3ф) 16А 6кА C IEK !!!,шт,
ярп40100,"Профиль перфорированный П-образный 2000-1,5 IEK E-PRO",шт,
ярп40110,Изолятор ступенчатый ИС2-25 (М8) силовой IEK !!!,шт,
ярп40129,Рубильник ВР32И-35В31250 250А IEK !!!,шт,
ярп40132,"LED C35 ""Свеча"" 7w 230v 4000К E27 IEK",шт,
ярп40134,LED ДПО 4012 12Вт IP54 4000K овал белый IEK!!!,шт,
ярп40135,Светильник ЛСП3907 ЭПРА 1х18Вт IP65 IEK,шт,
ярп40167,"Блок аварийного питания БАП200-1,0 универс. для LED IP65 IEK",шт,
ярп40217,Выкл. авт. ВА88-32 3Р 16А 25кА MASTER IEK,,SVA10-3-0016-02
ярп40218,Выкл. авт. ВА88-32 3Р 25А 25кА MASTER IEK,,SVA10-3-0025-02
ярп40219,ВА 88-32 (3ф) 32А 690В MASTER IEK!!!,шт,SVA10-3-0032-02
ярп40220,Выкл. авт. ВА88-32 3Р 40А 25кА MASTER IEK,,SVA10-3-0040-02
ярп40221,ВА 88-32 (3ф) 50А 690В MASTER IEK,шт,SVA10-3-0050-02
ярп40222,ВА 88-32 (3ф) 63А 690В MASTER IEK!!!,шт,SVA10-3-0063-02
ярп40223,ВА 88-32 (3ф) 80А 690В MASTER IEK!!!,шт,SVA10-3-0080-02
ярп40225,ВА 88-32 (3ф) 125А 690В MASTER IEK,шт,SVA10-3-0125-02
ярп40227,ВА 88-35 (3ф) 200А 690В MASTER IEK,шт,SVA30-3-0200-02
ярп40228,Выкл. авт. ВА88-35 3Р 250А 35кА MASTER IEK,,SVA30-3-0250-02
ярп40229,Выкл. авт. ВА88-37 3Р 400А 35кА MASTER IEK,,SVA40-3-0400-02
ярп40230,Выкл. авт. ВА88-40 3Р 500А 35кА MASTER IEK,,SVA50-3-0500-02
ярп40231,Выкл. авт. ВА88-40 3Р 630А 35кА MASTER IEK,,SVA50-3-0630-02
ярп40232,Выкл. авт. ВА88-40 3Р 800А 35кА MASTER IEK,,SVA50-3-0800-02
ярп40236,Корпус модульный пл. нав. ЩРН-П-4 черный черн. дв. IP41 IEK,,MKP13-N-04-41-K02
ярп40237,Корпус модульный пл. нав. ЩРН-П-6 черный черн. дв. IP41 IEK,,MKP13-N-06-41-K02
ярп40238,Корпус модульный пл. нав. ЩРН-П-8 черный черн. дв. IP41 IEK,,MKP13-N-08-41-K02
ярп40239,ЩРН-П 12 IEK черный IP41 !!!,шт,MKP13-N-12-41-K02
ярп40240,ЩРН-П 18 IEK черный IP41,шт,MKP13-N-18-41-K02
ярп40241,ЩРН-П 24 IEK черный IP41,,MKP13-N-24-41-K02
ярп40242,ЩРН-П 36 IEK черный IP41,шт,MKP13-N-36-41-K02
ярп40243,Корпус модульный пл. встр. ЩРВ-П-4 черный черн. дв. IP41 IEK,,MKP13-V-04-41-K02
ярп40244,ЩРВ-П 6 IEK черный IP41,шт,MKP13-V-06-41-K02
ярп40245,ЩРВ-П 8 IEK черный IP41 !!!,шт,MKP13-V-08-41-K02
ярп40246,ЩРВ-П 12 IEK черный IP41,шт,MKP13-V-12-41-K02
ярп40247,Корпус модульный пл. встр. ЩРВ-П-18 черный черн. дв IP41 IEK,,MKP13-V-18-41-K02
ярп40248,Корпус модульный пл. встр. ЩРВ-П-24 черный черн. дв IP41 IEK,,MKP13-V-24-41-K02
ярп40249,Корпус модульный пл. встр. ЩРВ-П-36 черный черн. дв IP41 IEK,,MKP13-V-36-41-K02
ярп40255,Розетка 1-ая з/к о/у 16А IP54 AQUATIC РСш12-2-А IEK,шт,ERA12-K03-16-54
ярп40256,Розетка 2-ая з/к о/у 16А IP54 AQUATIC РСш22-2-А IEK,шт,ERA22-K03-16-54
ярп40257,Выключатель 1кл о/у 10А IP54 AQUATIC ВС-20-1-0-А IEK,шт,EVA10-K03-10-54
ярп40260,Выключатель 2кл. о/у 10А IP54 AQUATIC ВС-20-2-0-А IEK,шт,EVA20-K03-10-54
ярп40265,Оповещатель охр-пож. световой 12 (база) 12В IP52 IEK,,LSSA1-01-2-012-52-BASE
ярп40266,LED ДБА ОСНОВАНИЕ без пиктограммы (белый) 24В 301х101х20 IP52 IEK !,шт,LSSA1-01-2-024-52-BASE
ярп40267,LED ДБА ОСНОВАНИЕ без пиктограммы (белый) 220В 301х101х20 IP52 IEK !,шт,LSSA1-01-2-220-52-BASE
ярп40268,"Оповещатель охр-пож. световой 12 ""Выход"" 12В IP52 IEK",,LSSA1-01-2-012-52-VYHD
ярп40269,LED ДБА ВЫХОД 24В 301х101х20 IP52 IEK !!!,шт,LSSA1-01-2-024-52-VYHD
ярп40270,"Оповещатель охр-пож. световой 220 ""Выход"" 220В IP52 IEK",,LSSA1-01-2-220-52-VYHD
ярп40271,LED ДБА ВЫХОД 220В 301х101х20 (батарея на 10 часов) IP52 IEK !,шт,LSSA2-01-2-220-52-VYHD
ярп40273,"БВб-22-31-ГПБд блок ""выкл 1кл + розетка 1м с з/к"" о/у IP54 ГЕРМЕС PLUS (кл.бел./кр.дым)",,EBVMP20-K03-31-54-EC
ярп40274,"БВб-22-32-ГПБд блок ""выкл 2кл + розетка 1м с з/к"" о/у IP54 ГЕРМЕС PLUS (кл.бел./кр.дым.)",,EBVMP20-K03-32-54-EC
ярп40276,"Хомут 2,5х150мм нейлон (50шт) ИЭК",,UHH20-D025-150-050
ярп40277,"Хомут 2,5х 80 нейлон (100шт) IEK!!!",упак,UHH31-D025-080-100
ярп40280,"Светильник светодиодный ДВО 6565 eco,36Вт, 4500К IEK",,LDVO0-6565-36-0-4500-K01
ярп40281,LED ДВО 6566 ECO 36w 595x595x10 6500К IP20 IEK!!!,шт,LDVO0-6566-36-6500-K00
ярп40282,Труба гофр. двустенная ПНД d=110мм красная жесткая (6м) IEK,,CTG12-110-K04-006-R
ярп40309,"Клещи обжимные КО-02 1,5-2,5мм IEK!!!",шт,
ярп40395,УЗО АВДТ 34 6А С 10мА IEK !!!,шт,
ярп40510,Выключатель-разъединитель трехпозиционный ВРТ-63 3P 40А IEK,шт,
ярп4200,УЗО АД 12 (2ф) 25А В 30мА IEK !!!,шт,
ярп4211,Диф.автомат АД12 2Р 50А 100мА GENERICA !!!,шт,
ярп4252,ВА 88-33 (3ф) 16А 35кА IEK !!!,шт,
ярп4303,"Наконечник НКИ-н 2-4 кольцо 1,5-2,5мм (100 шт) IEK !!!",упак,
ярп4385,"Амперметр Э47 100/5А кл. точн. 1,5 96х96мм !!!",шт,
ярп4522,Контактор КМИ-22510 25А 24В/АС3 1НО IEK,шт,
ярп4546,"Панель светодиодная ДВО 6560-25-O eco,36Вт,6500К,опал IEK !!!",шт,
ярп4571,"Кулачковый переключатель ПКП10-44/O 10А""Uc-O-Ua-Ub""4Р/400В IEK !!!",шт,
ярп4665,ВА47-29 (2ф) 5А IEK (6/72) !!!,шт,
ярп4673,BA 47-60M (3ф) 32А 6кА С IEK !!!,шт,
ярп4795,Приставка ПКИ-40 доп.контакты 4з IEK KPK10-40,шт,
ярп4890,Изолятор шинный плоский ИШП 3P для шин 5 и 10 мм 270 мм IEK,шт,
ярп5549,Изолятор ступенчатый ИС4-50 (М10) силовой IEK !!!,шт,
ярп5602,"Предохранитель ППНИ-33, габарит 0, 160А IEK !!!",шт,
ярп5605,"Шина N ""ноль"" на DIN-изол тип ""Стойка"" ШНИ-6х9-14-С-С IEK !!!",шт,
ярп5628,Предохранитель ППНИ-37 (355А) габарит 2 IEK !!!,шт,
ярп5852,"Переключатель LAY5-BW8465 ""I-O"" сдвоенная с подсветкой IEK !!!",шт,
ярп5867,Сальник MG 32 диаметр проводника 16-24мм IP68 IEK,шт,
ярп5962,Распред. блок на DIN-рейку РБД-400А IEK !!!,шт,
ярп6058,BA 47-60M (1ф) 16А 6кА С IEK !!!,шт,
ярп6059,BA 47-60M (1ф) 25А 6кА С IEK !!!,шт,
ярп6060,Тепловое реле РТИ-5371 (90-120А) IEK !!!,шт,
ярп6181,BA 47-60M (2ф) 25А 6кА С IEK !!!,шт,
ярп6182,ЩЭ 5-1 36 УХЛ3 IP31 !!!,шт,
ярп6188,BA 47-60M (3ф) 50А 6кА С IEK !!!,шт,
яярп4532,BA 47-60M (2ф) 10А 6кА С IEK !!!,шт,
яярп4533,BA 47-60M (2ф) 16А 6кА С IEK !!!,шт,
яярп4610,"ЩРВ-2х36зк-1 36 IP31 ""UNIVERSAL"" !!!",шт,
яярп4772,BA 47-150 (1ф) 125А 15кА х-ка C IEK !!!,шт,
яярп4773,BA 47-60M (3ф) 32А 6кА B IEK !!!,шт,
яярп4792,BA 47-60M (3ф) 40А 6кА С IEK !!!,шт,
яярп4811,LED G45 5w 230v 3000К E27 IEK,шт,
яярп4814,BA 47-60M (1ф) 40А 6кА С IEK !!!,шт,
яярп4829,BA 47-60M (3ф) 20А 6кА С IEK !!!,шт,
яярп4849,"Трансформатор тока ТТИ-85 1000/5А 15ВА 0,5 IEK !!!",шт,
яярп4855,"ВА47-29 (3ф) 2А 4,5кА х-ка D IEK !!!",шт,
яярп6001,Шина АД 31Т 8х60 L4000 IEK,м,
яяярп5300,Светильник светодиодный консольный ДКУ 1013-150Д 5000К IP65 IEK,шт,
яяярп5540,ARMAT (1ф) 1А В IEK !!!,шт,
яяярп5542,УЗО АД 12 (2ф) 50А 100мА IEK !!!,шт,
яяяярп5518,Контактор КМИ-10910 9А 110В (1вел) IEK (1/50),шт,
