sku,month,stock_qty_raw,stock_status
300200635_,2024-01-01,,blank
300200635_,2024-02-01,,blank
300200635_,2024-03-01,,blank
300200635_,2024-04-01,,blank
300200635_,2024-05-01,,blank
300200635_,2024-06-01,,blank
300200635_,2024-07-01,,blank
300200635_,2024-08-01,,blank
300200635_,2024-09-01,,blank
300200635_,2024-10-01,,blank
300200635_,2024-11-01,,blank
300200635_,2024-12-01,,blank
300200635_,2025-01-01,,blank
300200635_,2025-02-01,,blank
300200635_,2025-03-01,,blank
300200635_,2025-04-01,,blank
300200635_,2025-05-01,,blank
300200635_,2025-06-01,,blank
300200635_,2025-07-01,,blank
300200635_,2025-08-01,,blank
300200635_,2025-09-01,,blank
300200635_,2025-10-01,,blank
300200635_,2025-11-01,,blank
300200635_,2025-12-01,,blank
300200635_,2026-01-01,,blank
300200635_,2026-02-01,,blank
300200635_,2026-03-01,,blank
300200635_,2026-04-01,,blank
300200635_,2026-05-01,,blank
300200635_,2026-06-01,,blank
300200635_,2026-07-01,,blank
300200635_,2026-08-01,,blank
300200635_,2026-09-01,,blank
030200128_,2024-01-01,,blank
030200128_,2024-02-01,,blank
030200128_,2024-03-01,,blank
030200128_,2024-04-01,,blank
030200128_,2024-05-01,,blank
030200128_,2024-06-01,,blank
030200128_,2024-07-01,,blank
030200128_,2024-08-01,,blank
030200128_,2024-09-01,,blank
030200128_,2024-10-01,,blank
030200128_,2024-11-01,,blank
030200128_,2024-12-01,,blank
030200128_,2025-01-01,,blank
030200128_,2025-02-01,,blank
030200128_,2025-03-01,,blank
030200128_,2025-04-01,,blank
030200128_,2025-05-01,,blank
030200128_,2025-06-01,7.0,observed
030200128_,2025-07-01,7.0,observed
030200128_,2025-08-01,5.0,observed
030200128_,2025-09-01,5.0,observed
030200128_,2025-10-01,5.0,observed
030200128_,2025-11-01,3.0,observed
030200128_,2025-12-01,1.0,observed
030200128_,2026-01-01,,blank
030200128_,2026-02-01,,blank
030200128_,2026-03-01,,blank
030200128_,2026-04-01,,blank
030200128_,2026-05-01,,blank
030200128_,2026-06-01,,blank
030200128_,2026-07-01,,blank
030200128_,2026-08-01,,blank
030200128_,2026-09-01,,blank
030200092_,2024-01-01,1.0,observed
030200092_,2024-02-01,1.0,observed
030200092_,2024-03-01,1.0,observed
030200092_,2024-04-01,1.0,observed
030200092_,2024-05-01,1.0,observed
030200092_,2024-06-01,1.0,observed
030200092_,2024-07-01,1.0,observed
030200092_,2024-08-01,1.0,observed
030200092_,2024-09-01,1.0,observed
030200092_,2024-10-01,1.0,observed
030200092_,2024-11-01,1.0,observed
030200092_,2024-12-01,1.0,observed
030200092_,2025-01-01,1.0,observed
030200092_,2025-02-01,1.0,observed
030200092_,2025-03-01,1.0,observed
030200092_,2025-04-01,1.0,observed
030200092_,2025-05-01,1.0,observed
030200092_,2025-06-01,1.0,observed
030200092_,2025-07-01,1.0,observed
030200092_,2025-08-01,7.0,observed
030200092_,2025-09-01,7.0,observed
030200092_,2025-10-01,7.0,observed
030200092_,2025-11-01,7.0,observed
030200092_,2025-12-01,,blank
030200092_,2026-01-01,,blank
030200092_,2026-02-01,,blank
030200092_,2026-03-01,,blank
030200092_,2026-04-01,,blank
030200092_,2026-05-01,,blank
030200092_,2026-06-01,,blank
030200092_,2026-07-01,,blank
030200092_,2026-08-01,,blank
030200092_,2026-09-01,,blank
030200073_,2024-01-01,3.0,observed
030200073_,2024-02-01,3.0,observed
030200073_,2024-03-01,3.0,observed
030200073_,2024-04-01,3.0,observed
030200073_,2024-05-01,3.0,observed
030200073_,2024-06-01,3.0,observed
030200073_,2024-07-01,3.0,observed
030200073_,2024-08-01,15.0,observed
030200073_,2024-09-01,15.0,observed
030200073_,2024-10-01,15.0,observed
030200073_,2024-11-01,15.0,observed
030200073_,2024-12-01,15.0,observed
030200073_,2025-01-01,15.0,observed
030200073_,2025-02-01,3.0,observed
030200073_,2025-03-01,3.0,observed
030200073_,2025-04-01,3.0,observed
030200073_,2025-05-01,3.0,observed
030200073_,2025-06-01,3.0,observed
030200073_,2025-07-01,3.0,observed
030200073_,2025-08-01,3.0,observed
030200073_,2025-09-01,3.0,observed
030200073_,2025-10-01,3.0,observed
030200073_,2025-11-01,3.0,observed
030200073_,2025-12-01,,blank
030200073_,2026-01-01,12.0,observed
030200073_,2026-02-01,12.0,observed
030200073_,2026-03-01,12.0,observed
030200073_,2026-04-01,12.0,observed
030200073_,2026-05-01,12.0,observed
030200073_,2026-06-01,12.0,observed
030200073_,2026-07-01,12.0,observed
030200073_,2026-08-01,12.0,observed
030200073_,2026-09-01,12.0,observed
300100004_,2024-01-01,1.0,observed
300100004_,2024-02-01,1.0,observed
300100004_,2024-03-01,1.0,observed
300100004_,2024-04-01,1.0,observed
300100004_,2024-05-01,1.0,observed
300100004_,2024-06-01,1.0,observed
300100004_,2024-07-01,1.0,observed
300100004_,2024-08-01,9.0,observed
300100004_,2024-09-01,9.0,observed
300100004_,2024-10-01,9.0,observed
300100004_,2024-11-01,9.0,observed
300100004_,2024-12-01,9.0,observed
300100004_,2025-01-01,5.0,observed
300100004_,2025-02-01,1.0,observed
300100004_,2025-03-01,1.0,observed
300100004_,2025-04-01,1.0,observed
300100004_,2025-05-01,1.0,observed
300100004_,2025-06-01,1.0,observed
300100004_,2025-07-01,1.0,observed
300100004_,2025-08-01,1.0,observed
300100004_,2025-09-01,1.0,observed
300100004_,2025-10-01,1.0,observed
300100004_,2025-11-01,1.0,observed
300100004_,2025-12-01,,blank
300100004_,2026-01-01,4.0,observed
300100004_,2026-02-01,4.0,observed
300100004_,2026-03-01,4.0,observed
300100004_,2026-04-01,4.0,observed
300100004_,2026-05-01,4.0,observed
300100004_,2026-06-01,4.0,observed
300100004_,2026-07-01,4.0,observed
300100004_,2026-08-01,4.0,observed
300100004_,2026-09-01,4.0,observed
030200382_,2024-01-01,228.0,observed
030200382_,2024-02-01,227.0,observed
030200382_,2024-03-01,223.0,observed
030200382_,2024-04-01,222.0,observed
030200382_,2024-05-01,221.0,observed
030200382_,2024-06-01,212.0,observed
030200382_,2024-07-01,208.0,observed
030200382_,2024-08-01,205.0,observed
030200382_,2024-09-01,131.0,observed
030200382_,2024-10-01,165.0,observed
030200382_,2024-11-01,160.0,observed
030200382_,2024-12-01,160.0,observed
030200382_,2025-01-01,158.0,observed
030200382_,2025-02-01,158.0,observed
030200382_,2025-03-01,158.0,observed
030200382_,2025-04-01,158.0,observed
030200382_,2025-05-01,158.0,observed
030200382_,2025-06-01,158.0,observed
030200382_,2025-07-01,158.0,observed
030200382_,2025-08-01,167.0,observed
030200382_,2025-09-01,164.0,observed
030200382_,2025-10-01,161.0,observed
030200382_,2025-11-01,152.0,observed
030200382_,2025-12-01,142.0,observed
030200382_,2026-01-01,127.0,observed
030200382_,2026-02-01,118.0,observed
030200382_,2026-03-01,111.0,observed
030200382_,2026-04-01,107.0,observed
030200382_,2026-05-01,88.0,observed
030200382_,2026-06-01,43.0,observed
030200382_,2026-07-01,39.0,observed
030200382_,2026-08-01,34.0,observed
030200382_,2026-09-01,34.0,observed
030200345,2024-01-01,,blank
030200345,2024-02-01,,blank
030200345,2024-03-01,,blank
030200345,2024-04-01,,blank
030200345,2024-05-01,,blank
030200345,2024-06-01,,blank
030200345,2024-07-01,,blank
030200345,2024-08-01,,blank
030200345,2024-09-01,,blank
030200345,2024-10-01,,blank
030200345,2024-11-01,,blank
030200345,2024-12-01,,blank
030200345,2025-01-01,,blank
030200345,2025-02-01,,blank
030200345,2025-03-01,,blank
030200345,2025-04-01,,blank
030200345,2025-05-01,,blank
030200345,2025-06-01,10.0,observed
030200345,2025-07-01,10.0,observed
030200345,2025-08-01,10.0,observed
030200345,2025-09-01,10.0,observed
030200345,2025-10-01,10.0,observed
030200345,2025-11-01,10.0,observed
030200345,2025-12-01,10.0,observed
030200345,2026-01-01,10.0,observed
030200345,2026-02-01,10.0,observed
030200345,2026-03-01,10.0,observed
030200345,2026-04-01,10.0,observed
030200345,2026-05-01,10.0,observed
030200345,2026-06-01,10.0,observed
030200345,2026-07-01,10.0,observed
030200345,2026-08-01,10.0,observed
030200345,2026-09-01,10.0,observed
030200125_,2024-01-01,,blank
030200125_,2024-02-01,,blank
030200125_,2024-03-01,,blank
030200125_,2024-04-01,,blank
030200125_,2024-05-01,,blank
030200125_,2024-06-01,,blank
030200125_,2024-07-01,,blank
030200125_,2024-08-01,,blank
030200125_,2024-09-01,,blank
030200125_,2024-10-01,,blank
030200125_,2024-11-01,,blank
030200125_,2024-12-01,,blank
030200125_,2025-01-01,,blank
030200125_,2025-02-01,,blank
030200125_,2025-03-01,,blank
030200125_,2025-04-01,,blank
030200125_,2025-05-01,,blank
030200125_,2025-06-01,2.0,observed
030200125_,2025-07-01,3.0,observed
030200125_,2025-08-01,3.0,observed
030200125_,2025-09-01,3.0,observed
030200125_,2025-10-01,3.0,observed
030200125_,2025-11-01,3.0,observed
030200125_,2025-12-01,1.0,observed
030200125_,2026-01-01,,blank
030200125_,2026-02-01,,blank
030200125_,2026-03-01,,blank
030200125_,2026-04-01,,blank
030200125_,2026-05-01,,blank
030200125_,2026-06-01,,blank
030200125_,2026-07-01,,blank
030200125_,2026-08-01,,blank
030200125_,2026-09-01,,blank
030200126_,2024-01-01,,blank
030200126_,2024-02-01,,blank
030200126_,2024-03-01,,blank
030200126_,2024-04-01,,blank
030200126_,2024-05-01,,blank
030200126_,2024-06-01,,blank
030200126_,2024-07-01,,blank
030200126_,2024-08-01,,blank
030200126_,2024-09-01,,blank
030200126_,2024-10-01,,blank
030200126_,2024-11-01,,blank
030200126_,2024-12-01,,blank
030200126_,2025-01-01,,blank
030200126_,2025-02-01,,blank
030200126_,2025-03-01,,blank
030200126_,2025-04-01,,blank
030200126_,2025-05-01,,blank
030200126_,2025-06-01,1.0,observed
030200126_,2025-07-01,1.0,observed
030200126_,2025-08-01,1.0,observed
030200126_,2025-09-01,1.0,observed
030200126_,2025-10-01,1.0,observed
030200126_,2025-11-01,1.0,observed
030200126_,2025-12-01,,blank
030200126_,2026-01-01,,blank
030200126_,2026-02-01,,blank
030200126_,2026-03-01,,blank
030200126_,2026-04-01,,blank
030200126_,2026-05-01,,blank
030200126_,2026-06-01,,blank
030200126_,2026-07-01,,blank
030200126_,2026-08-01,,blank
030200126_,2026-09-01,,blank
030200127_,2024-01-01,1.0,observed
030200127_,2024-02-01,1.0,observed
030200127_,2024-03-01,1.0,observed
030200127_,2024-04-01,1.0,observed
030200127_,2024-05-01,1.0,observed
030200127_,2024-06-01,1.0,observed
030200127_,2024-07-01,1.0,observed
030200127_,2024-08-01,1.0,observed
030200127_,2024-09-01,1.0,observed
030200127_,2024-10-01,1.0,observed
030200127_,2024-11-01,1.0,observed
030200127_,2024-12-01,1.0,observed
030200127_,2025-01-01,1.0,observed
030200127_,2025-02-01,1.0,observed
030200127_,2025-03-01,1.0,observed
030200127_,2025-04-01,1.0,observed
030200127_,2025-05-01,1.0,observed
030200127_,2025-06-01,6.0,observed
030200127_,2025-07-01,6.0,observed
030200127_,2025-08-01,6.0,observed
030200127_,2025-09-01,6.0,observed
030200127_,2025-10-01,6.0,observed
030200127_,2025-11-01,2.0,observed
030200127_,2025-12-01,,blank
030200127_,2026-01-01,,blank
030200127_,2026-02-01,,blank
030200127_,2026-03-01,,blank
030200127_,2026-04-01,,blank
030200127_,2026-05-01,,blank
030200127_,2026-06-01,,blank
030200127_,2026-07-01,,blank
030200127_,2026-08-01,,blank
030200127_,2026-09-01,,blank
030200141_,2024-01-01,2.0,observed
030200141_,2024-02-01,2.0,observed
030200141_,2024-03-01,2.0,observed
030200141_,2024-04-01,2.0,observed
030200141_,2024-05-01,2.0,observed
030200141_,2024-06-01,2.0,observed
030200141_,2024-07-01,2.0,observed
030200141_,2024-08-01,2.0,observed
030200141_,2024-09-01,2.0,observed
030200141_,2024-10-01,2.0,observed
030200141_,2024-11-01,2.0,observed
030200141_,2024-12-01,2.0,observed
030200141_,2025-01-01,2.0,observed
030200141_,2025-02-01,2.0,observed
030200141_,2025-03-01,2.0,observed
030200141_,2025-04-01,2.0,observed
030200141_,2025-05-01,2.0,observed
030200141_,2025-06-01,18.0,observed
030200141_,2025-07-01,18.0,observed
030200141_,2025-08-01,18.0,observed
030200141_,2025-09-01,18.0,observed
030200141_,2025-10-01,18.0,observed
030200141_,2025-11-01,18.0,observed
030200141_,2025-12-01,,blank
030200141_,2026-01-01,16.0,observed
030200141_,2026-02-01,14.0,observed
030200141_,2026-03-01,,blank
030200141_,2026-04-01,,blank
030200141_,2026-05-01,,blank
030200141_,2026-06-01,,blank
030200141_,2026-07-01,,blank
030200141_,2026-08-01,,blank
030200141_,2026-09-01,,blank
030200096_,2024-01-01,4.0,observed
030200096_,2024-02-01,4.0,observed
030200096_,2024-03-01,2.0,observed
030200096_,2024-04-01,2.0,observed
030200096_,2024-05-01,2.0,observed
030200096_,2024-06-01,2.0,observed
030200096_,2024-07-01,2.0,observed
030200096_,2024-08-01,123.0,observed
030200096_,2024-09-01,123.0,observed
030200096_,2024-10-01,123.0,observed
030200096_,2024-11-01,123.0,observed
030200096_,2024-12-01,123.0,observed
030200096_,2025-01-01,123.0,observed
030200096_,2025-02-01,123.0,observed
030200096_,2025-03-01,123.0,observed
030200096_,2025-04-01,123.0,observed
030200096_,2025-05-01,123.0,observed
030200096_,2025-06-01,123.0,observed
030200096_,2025-07-01,123.0,observed
030200096_,2025-08-01,3.0,observed
030200096_,2025-09-01,3.0,observed
030200096_,2025-10-01,3.0,observed
030200096_,2025-11-01,3.0,observed
030200096_,2025-12-01,1.0,observed
030200096_,2026-01-01,,blank
030200096_,2026-02-01,,blank
030200096_,2026-03-01,,blank
030200096_,2026-04-01,,blank
030200096_,2026-05-01,,blank
030200096_,2026-06-01,,blank
030200096_,2026-07-01,,blank
030200096_,2026-08-01,,blank
030200096_,2026-09-01,,blank
030200072_,2024-01-01,128.0,observed
030200072_,2024-02-01,126.0,observed
030200072_,2024-03-01,123.0,observed
030200072_,2024-04-01,121.0,observed
030200072_,2024-05-01,115.0,observed
030200072_,2024-06-01,89.0,observed
030200072_,2024-07-01,88.0,observed
030200072_,2024-08-01,1182.0,observed
030200072_,2024-09-01,1182.0,observed
030200072_,2024-10-01,1182.0,observed
030200072_,2024-11-01,1182.0,observed
030200072_,2024-12-01,1182.0,observed
030200072_,2025-01-01,1182.0,observed
030200072_,2025-02-01,1175.0,observed
030200072_,2025-03-01,1175.0,observed
030200072_,2025-04-01,1175.0,observed
030200072_,2025-05-01,1175.0,observed
030200072_,2025-06-01,1232.0,observed
030200072_,2025-07-01,1308.0,observed
030200072_,2025-08-01,1308.0,observed
030200072_,2025-09-01,1289.0,observed
030200072_,2025-10-01,1272.0,observed
030200072_,2025-11-01,1256.0,observed
030200072_,2025-12-01,1252.0,observed
030200072_,2026-01-01,24.0,observed
030200072_,2026-02-01,24.0,observed
030200072_,2026-03-01,24.0,observed
030200072_,2026-04-01,24.0,observed
030200072_,2026-05-01,23.0,observed
030200072_,2026-06-01,3.0,observed
030200072_,2026-07-01,3.0,observed
030200072_,2026-08-01,3.0,observed
030200072_,2026-09-01,3.0,observed
030200093_,2024-01-01,208.0,observed
030200093_,2024-02-01,174.0,observed
030200093_,2024-03-01,152.0,observed
030200093_,2024-04-01,150.0,observed
030200093_,2024-05-01,150.0,observed
030200093_,2024-06-01,148.0,observed
030200093_,2024-07-01,81.0,observed
030200093_,2024-08-01,1046.0,observed
030200093_,2024-09-01,1030.0,observed
030200093_,2024-10-01,1030.0,observed
030200093_,2024-11-01,1030.0,observed
030200093_,2024-12-01,1030.0,observed
030200093_,2025-01-01,1022.0,observed
030200093_,2025-02-01,1021.0,observed
030200093_,2025-03-01,1021.0,observed
030200093_,2025-04-01,1021.0,observed
030200093_,2025-05-01,1021.0,observed
030200093_,2025-06-01,1248.0,observed
030200093_,2025-07-01,1331.0,observed
030200093_,2025-08-01,1331.0,observed
030200093_,2025-09-01,1331.0,observed
030200093_,2025-10-01,1330.0,observed
030200093_,2025-11-01,1330.0,observed
030200093_,2025-12-01,1288.0,observed
030200093_,2026-01-01,336.0,observed
030200093_,2026-02-01,56.0,observed
030200093_,2026-03-01,22.0,observed
030200093_,2026-04-01,12.0,observed
030200093_,2026-05-01,3.0,observed
030200093_,2026-06-01,3.0,observed
030200093_,2026-07-01,3.0,observed
030200093_,2026-08-01,3.0,observed
030200093_,2026-09-01,3.0,observed
030200135_,2024-01-01,208.0,observed
030200135_,2024-02-01,208.0,observed
030200135_,2024-03-01,205.0,observed
030200135_,2024-04-01,200.0,observed
030200135_,2024-05-01,199.0,observed
030200135_,2024-06-01,172.0,observed
030200135_,2024-07-01,172.0,observed
030200135_,2024-08-01,172.0,observed
030200135_,2024-09-01,172.0,observed
030200135_,2024-10-01,172.0,observed
030200135_,2024-11-01,172.0,observed
030200135_,2024-12-01,172.0,observed
030200135_,2025-01-01,147.0,observed
030200135_,2025-02-01,147.0,observed
030200135_,2025-03-01,147.0,observed
030200135_,2025-04-01,147.0,observed
030200135_,2025-05-01,147.0,observed
030200135_,2025-06-01,243.0,observed
030200135_,2025-07-01,250.0,observed
030200135_,2025-08-01,249.0,observed
030200135_,2025-09-01,249.0,observed
030200135_,2025-10-01,247.0,observed
030200135_,2025-11-01,247.0,observed
030200135_,2025-12-01,244.0,observed
030200135_,2026-01-01,206.0,observed
030200135_,2026-02-01,204.0,observed
030200135_,2026-03-01,188.0,observed
030200135_,2026-04-01,167.0,observed
030200135_,2026-05-01,154.0,observed
030200135_,2026-06-01,106.0,observed
030200135_,2026-07-01,63.0,observed
030200135_,2026-08-01,17.0,observed
030200135_,2026-09-01,,blank
030200136_,2024-01-01,71.0,observed
030200136_,2024-02-01,51.0,observed
030200136_,2024-03-01,48.0,observed
030200136_,2024-04-01,48.0,observed
030200136_,2024-05-01,46.0,observed
030200136_,2024-06-01,40.0,observed
030200136_,2024-07-01,20.0,observed
030200136_,2024-08-01,203.0,observed
030200136_,2024-09-01,203.0,observed
030200136_,2024-10-01,203.0,observed
030200136_,2024-11-01,203.0,observed
030200136_,2024-12-01,203.0,observed
030200136_,2025-01-01,200.0,observed
030200136_,2025-02-01,200.0,observed
030200136_,2025-03-01,200.0,observed
030200136_,2025-04-01,200.0,observed
030200136_,2025-05-01,199.0,observed
030200136_,2025-06-01,305.0,observed
030200136_,2025-07-01,454.0,observed
030200136_,2025-08-01,494.0,observed
030200136_,2025-09-01,492.0,observed
030200136_,2025-10-01,471.0,observed
030200136_,2025-11-01,475.0,observed
030200136_,2025-12-01,473.0,observed
030200136_,2026-01-01,219.0,observed
030200136_,2026-02-01,136.0,observed
030200136_,2026-03-01,130.0,observed
030200136_,2026-04-01,125.0,observed
030200136_,2026-05-01,90.0,observed
030200136_,2026-06-01,78.0,observed
030200136_,2026-07-01,55.0,observed
030200136_,2026-08-01,55.0,observed
030200136_,2026-09-01,30.0,observed
030200134_,2024-01-01,1073.0,observed
030200134_,2024-02-01,1063.0,observed
030200134_,2024-03-01,1061.0,observed
030200134_,2024-04-01,1061.0,observed
030200134_,2024-05-01,1061.0,observed
030200134_,2024-06-01,1061.0,observed
030200134_,2024-07-01,1061.0,observed
030200134_,2024-08-01,1204.0,observed
030200134_,2024-09-01,1199.0,observed
030200134_,2024-10-01,1198.0,observed
030200134_,2024-11-01,1198.0,observed
030200134_,2024-12-01,1198.0,observed
030200134_,2025-01-01,1232.0,observed
030200134_,2025-02-01,1232.0,observed
030200134_,2025-03-01,1232.0,observed
030200134_,2025-04-01,1232.0,observed
030200134_,2025-05-01,1232.0,observed
030200134_,2025-06-01,1274.0,observed
030200134_,2025-07-01,1274.0,observed
030200134_,2025-08-01,1274.0,observed
030200134_,2025-09-01,1272.0,observed
030200134_,2025-10-01,1272.0,observed
030200134_,2025-11-01,1272.0,observed
030200134_,2025-12-01,1271.0,observed
030200134_,2026-01-01,1080.0,observed
030200134_,2026-02-01,1076.0,observed
030200134_,2026-03-01,1055.0,observed
030200134_,2026-04-01,1055.0,observed
030200134_,2026-05-01,972.0,observed
030200134_,2026-06-01,936.0,observed
030200134_,2026-07-01,925.0,observed
030200134_,2026-08-01,898.0,observed
030200134_,2026-09-01,868.0,observed
030200094_,2024-01-01,9.0,observed
030200094_,2024-02-01,9.0,observed
030200094_,2024-03-01,9.0,observed
030200094_,2024-04-01,9.0,observed
030200094_,2024-05-01,9.0,observed
030200094_,2024-06-01,9.0,observed
030200094_,2024-07-01,7.0,observed
030200094_,2024-08-01,7.0,observed
030200094_,2024-09-01,7.0,observed
030200094_,2024-10-01,6.0,observed
030200094_,2024-11-01,6.0,observed
030200094_,2024-12-01,6.0,observed
030200094_,2025-01-01,6.0,observed
030200094_,2025-02-01,6.0,observed
030200094_,2025-03-01,6.0,observed
030200094_,2025-04-01,6.0,observed
030200094_,2025-05-01,6.0,observed
030200094_,2025-06-01,16.0,observed
030200094_,2025-07-01,16.0,observed
030200094_,2025-08-01,16.0,observed
030200094_,2025-09-01,16.0,observed
030200094_,2025-10-01,16.0,observed
030200094_,2025-11-01,16.0,observed
030200094_,2025-12-01,,blank
030200094_,2026-01-01,,blank
030200094_,2026-02-01,,blank
030200094_,2026-03-01,,blank
030200094_,2026-04-01,,blank
030200094_,2026-05-01,,blank
030200094_,2026-06-01,,blank
030200094_,2026-07-01,,blank
030200094_,2026-08-01,,blank
030200094_,2026-09-01,,blank
030200090_,2024-01-01,1.0,observed
030200090_,2024-02-01,1.0,observed
030200090_,2024-03-01,1.0,observed
030200090_,2024-04-01,1.0,observed
030200090_,2024-05-01,1.0,observed
030200090_,2024-06-01,1.0,observed
030200090_,2024-07-01,1.0,observed
030200090_,2024-08-01,5.0,observed
030200090_,2024-09-01,5.0,observed
030200090_,2024-10-01,5.0,observed
030200090_,2024-11-01,5.0,observed
030200090_,2024-12-01,5.0,observed
030200090_,2025-01-01,5.0,observed
030200090_,2025-02-01,1.0,observed
030200090_,2025-03-01,1.0,observed
030200090_,2025-04-01,1.0,observed
030200090_,2025-05-01,1.0,observed
030200090_,2025-06-01,2.0,observed
030200090_,2025-07-01,5.0,observed
030200090_,2025-08-01,5.0,observed
030200090_,2025-09-01,5.0,observed
030200090_,2025-10-01,5.0,observed
030200090_,2025-11-01,5.0,observed
030200090_,2025-12-01,,blank
030200090_,2026-01-01,,blank
030200090_,2026-02-01,,blank
030200090_,2026-03-01,,blank
030200090_,2026-04-01,,blank
030200090_,2026-05-01,,blank
030200090_,2026-06-01,,blank
030200090_,2026-07-01,,blank
030200090_,2026-08-01,,blank
030200090_,2026-09-01,,blank
030200129_,2024-01-01,,blank
030200129_,2024-02-01,,blank
030200129_,2024-03-01,,blank
030200129_,2024-04-01,,blank
030200129_,2024-05-01,,blank
030200129_,2024-06-01,,blank
030200129_,2024-07-01,,blank
030200129_,2024-08-01,,blank
030200129_,2024-09-01,,blank
030200129_,2024-10-01,,blank
030200129_,2024-11-01,,blank
030200129_,2024-12-01,,blank
030200129_,2025-01-01,,blank
030200129_,2025-02-01,,blank
030200129_,2025-03-01,,blank
030200129_,2025-04-01,,blank
030200129_,2025-05-01,,blank
030200129_,2025-06-01,2.0,observed
030200129_,2025-07-01,2.0,observed
030200129_,2025-08-01,2.0,observed
030200129_,2025-09-01,2.0,observed
030200129_,2025-10-01,2.0,observed
030200129_,2025-11-01,2.0,observed
030200129_,2025-12-01,,blank
030200129_,2026-01-01,,blank
030200129_,2026-02-01,,blank
030200129_,2026-03-01,,blank
030200129_,2026-04-01,,blank
030200129_,2026-05-01,,blank
030200129_,2026-06-01,,blank
030200129_,2026-07-01,,blank
030200129_,2026-08-01,,blank
030200129_,2026-09-01,,blank
030200095_,2024-01-01,5.0,observed
030200095_,2024-02-01,5.0,observed
030200095_,2024-03-01,5.0,observed
030200095_,2024-04-01,5.0,observed
030200095_,2024-05-01,5.0,observed
030200095_,2024-06-01,5.0,observed
030200095_,2024-07-01,5.0,observed
030200095_,2024-08-01,5.0,observed
030200095_,2024-09-01,5.0,observed
030200095_,2024-10-01,5.0,observed
030200095_,2024-11-01,5.0,observed
030200095_,2024-12-01,5.0,observed
030200095_,2025-01-01,5.0,observed
030200095_,2025-02-01,5.0,observed
030200095_,2025-03-01,5.0,observed
030200095_,2025-04-01,5.0,observed
030200095_,2025-05-01,5.0,observed
030200095_,2025-06-01,5.0,observed
030200095_,2025-07-01,6.0,observed
030200095_,2025-08-01,6.0,observed
030200095_,2025-09-01,4.0,observed
030200095_,2025-10-01,4.0,observed
030200095_,2025-11-01,4.0,observed
030200095_,2025-12-01,,blank
030200095_,2026-01-01,,blank
030200095_,2026-02-01,,blank
030200095_,2026-03-01,,blank
030200095_,2026-04-01,,blank
030200095_,2026-05-01,,blank
030200095_,2026-06-01,,blank
030200095_,2026-07-01,,blank
030200095_,2026-08-01,,blank
030200095_,2026-09-01,,blank
030200142_,2024-01-01,56.0,observed
030200142_,2024-02-01,53.0,observed
030200142_,2024-03-01,53.0,observed
030200142_,2024-04-01,53.0,observed
030200142_,2024-05-01,52.0,observed
030200142_,2024-06-01,52.0,observed
030200142_,2024-07-01,24.0,observed
030200142_,2024-08-01,24.0,observed
030200142_,2024-09-01,22.0,observed
030200142_,2024-10-01,22.0,observed
030200142_,2024-11-01,22.0,observed
030200142_,2024-12-01,22.0,observed
030200142_,2025-01-01,20.0,observed
030200142_,2025-02-01,20.0,observed
030200142_,2025-03-01,20.0,observed
030200142_,2025-04-01,20.0,observed
030200142_,2025-05-01,20.0,observed
030200142_,2025-06-01,20.0,observed
030200142_,2025-07-01,30.0,observed
030200142_,2025-08-01,30.0,observed
030200142_,2025-09-01,30.0,observed
030200142_,2025-10-01,30.0,observed
030200142_,2025-11-01,30.0,observed
030200142_,2025-12-01,22.0,observed
030200142_,2026-01-01,22.0,observed
030200142_,2026-02-01,22.0,observed
030200142_,2026-03-01,21.0,observed
030200142_,2026-04-01,21.0,observed
030200142_,2026-05-01,20.0,observed
030200142_,2026-06-01,20.0,observed
030200142_,2026-07-01,20.0,observed
030200142_,2026-08-01,20.0,observed
030200142_,2026-09-01,20.0,observed
030200143_,2024-01-01,,blank
030200143_,2024-02-01,,blank
030200143_,2024-03-01,,blank
030200143_,2024-04-01,,blank
030200143_,2024-05-01,,blank
030200143_,2024-06-01,,blank
030200143_,2024-07-01,,blank
030200143_,2024-08-01,,blank
030200143_,2024-09-01,,blank
030200143_,2024-10-01,,blank
030200143_,2024-11-01,,blank
030200143_,2024-12-01,,blank
030200143_,2025-01-01,,blank
030200143_,2025-02-01,,blank
030200143_,2025-03-01,,blank
030200143_,2025-04-01,,blank
030200143_,2025-05-01,,blank
030200143_,2025-06-01,13.0,observed
030200143_,2025-07-01,13.0,observed
030200143_,2025-08-01,13.0,observed
030200143_,2025-09-01,13.0,observed
030200143_,2025-10-01,13.0,observed
030200143_,2025-11-01,13.0,observed
030200143_,2025-12-01,,blank
030200143_,2026-01-01,,blank
030200143_,2026-02-01,,blank
030200143_,2026-03-01,,blank
030200143_,2026-04-01,,blank
030200143_,2026-05-01,,blank
030200143_,2026-06-01,,blank
030200143_,2026-07-01,,blank
030200143_,2026-08-01,,blank
030200143_,2026-09-01,,blank
300100018_,2024-01-01,5.0,observed
300100018_,2024-02-01,5.0,observed
300100018_,2024-03-01,5.0,observed
300100018_,2024-04-01,5.0,observed
300100018_,2024-05-01,5.0,observed
300100018_,2024-06-01,5.0,observed
300100018_,2024-07-01,5.0,observed
300100018_,2024-08-01,5.0,observed
300100018_,2024-09-01,5.0,observed
300100018_,2024-10-01,5.0,observed
300100018_,2024-11-01,5.0,observed
300100018_,2024-12-01,5.0,observed
300100018_,2025-01-01,9.0,observed
300100018_,2025-02-01,9.0,observed
300100018_,2025-03-01,9.0,observed
300100018_,2025-04-01,9.0,observed
300100018_,2025-05-01,9.0,observed
300100018_,2025-06-01,17.0,observed
300100018_,2025-07-01,17.0,observed
300100018_,2025-08-01,17.0,observed
300100018_,2025-09-01,17.0,observed
300100018_,2025-10-01,17.0,observed
300100018_,2025-11-01,17.0,observed
300100018_,2025-12-01,,blank
300100018_,2026-01-01,,blank
300100018_,2026-02-01,,blank
300100018_,2026-03-01,,blank
300100018_,2026-04-01,,blank
300100018_,2026-05-01,,blank
300100018_,2026-06-01,,blank
300100018_,2026-07-01,,blank
300100018_,2026-08-01,,blank
300100018_,2026-09-01,,blank
030200063_,2024-01-01,,blank
030200063_,2024-02-01,,blank
030200063_,2024-03-01,,blank
030200063_,2024-04-01,,blank
030200063_,2024-05-01,,blank
030200063_,2024-06-01,,blank
030200063_,2024-07-01,,blank
030200063_,2024-08-01,,blank
030200063_,2024-09-01,,blank
030200063_,2024-10-01,,blank
030200063_,2024-11-01,,blank
030200063_,2024-12-01,,blank
030200063_,2025-01-01,,blank
030200063_,2025-02-01,,blank
030200063_,2025-03-01,,blank
030200063_,2025-04-01,,blank
030200063_,2025-05-01,,blank
030200063_,2025-06-01,146.0,observed
030200063_,2025-07-01,146.0,observed
030200063_,2025-08-01,146.0,observed
030200063_,2025-09-01,146.0,observed
030200063_,2025-10-01,146.0,observed
030200063_,2025-11-01,146.0,observed
030200063_,2025-12-01,146.0,observed
030200063_,2026-01-01,146.0,observed
030200063_,2026-02-01,146.0,observed
030200063_,2026-03-01,146.0,observed
030200063_,2026-04-01,146.0,observed
030200063_,2026-05-01,146.0,observed
030200063_,2026-06-01,146.0,observed
030200063_,2026-07-01,146.0,observed
030200063_,2026-08-01,146.0,observed
030200063_,2026-09-01,146.0,observed
030200069_,2024-01-01,,blank
030200069_,2024-02-01,,blank
030200069_,2024-03-01,,blank
030200069_,2024-04-01,,blank
030200069_,2024-05-01,,blank
030200069_,2024-06-01,,blank
030200069_,2024-07-01,,blank
030200069_,2024-08-01,,blank
030200069_,2024-09-01,,blank
030200069_,2024-10-01,,blank
030200069_,2024-11-01,,blank
030200069_,2024-12-01,,blank
030200069_,2025-01-01,,blank
030200069_,2025-02-01,,blank
030200069_,2025-03-01,,blank
030200069_,2025-04-01,,blank
030200069_,2025-05-01,,blank
030200069_,2025-06-01,47.0,observed
030200069_,2025-07-01,47.0,observed
030200069_,2025-08-01,47.0,observed
030200069_,2025-09-01,47.0,observed
030200069_,2025-10-01,47.0,observed
030200069_,2025-11-01,47.0,observed
030200069_,2025-12-01,47.0,observed
030200069_,2026-01-01,47.0,observed
030200069_,2026-02-01,47.0,observed
030200069_,2026-03-01,47.0,observed
030200069_,2026-04-01,47.0,observed
030200069_,2026-05-01,47.0,observed
030200069_,2026-06-01,47.0,observed
030200069_,2026-07-01,47.0,observed
030200069_,2026-08-01,47.0,observed
030200069_,2026-09-01,47.0,observed
300200495_,2024-01-01,2.0,observed
300200495_,2024-02-01,,blank
300200495_,2024-03-01,,blank
300200495_,2024-04-01,,blank
300200495_,2024-05-01,,blank
300200495_,2024-06-01,,blank
300200495_,2024-07-01,,blank
300200495_,2024-08-01,,blank
300200495_,2024-09-01,,blank
300200495_,2024-10-01,,blank
300200495_,2024-11-01,,blank
300200495_,2024-12-01,,blank
300200495_,2025-01-01,,blank
300200495_,2025-02-01,,blank
300200495_,2025-03-01,,blank
300200495_,2025-04-01,,blank
300200495_,2025-05-01,,blank
300200495_,2025-06-01,,blank
300200495_,2025-07-01,,blank
300200495_,2025-08-01,,blank
300200495_,2025-09-01,,blank
300200495_,2025-10-01,,blank
300200495_,2025-11-01,,blank
300200495_,2025-12-01,,blank
300200495_,2026-01-01,,blank
300200495_,2026-02-01,,blank
300200495_,2026-03-01,,blank
300200495_,2026-04-01,,blank
300200495_,2026-05-01,,blank
300200495_,2026-06-01,,blank
300200495_,2026-07-01,,blank
300200495_,2026-08-01,,blank
300200495_,2026-09-01,,blank
280300174_,2024-01-01,1891.0,observed
280300174_,2024-02-01,1095.0,observed
280300174_,2024-03-01,866.0,observed
280300174_,2024-04-01,1918.0,observed
280300174_,2024-05-01,8619.0,observed
280300174_,2024-06-01,7186.0,observed
280300174_,2024-07-01,5849.0,observed
280300174_,2024-08-01,6581.0,observed
280300174_,2024-09-01,6344.0,observed
280300174_,2024-10-01,6093.0,observed
280300174_,2024-11-01,4005.0,observed
280300174_,2024-12-01,3030.0,observed
280300174_,2025-01-01,4066.0,observed
280300174_,2025-02-01,3438.0,observed
280300174_,2025-03-01,4135.0,observed
280300174_,2025-04-01,5466.0,observed
280300174_,2025-05-01,4852.0,observed
280300174_,2025-06-01,4372.0,observed
280300174_,2025-07-01,3610.0,observed
280300174_,2025-08-01,3204.0,observed
280300174_,2025-09-01,2585.0,observed
280300174_,2025-10-01,2151.0,observed
280300174_,2025-11-01,3562.0,observed
280300174_,2025-12-01,3501.0,observed
280300174_,2026-01-01,2924.0,observed
280300174_,2026-02-01,2047.0,observed
280300174_,2026-03-01,986.0,observed
280300174_,2026-04-01,1154.0,observed
280300174_,2026-05-01,2802.0,observed
280300174_,2026-06-01,2447.0,observed
280300174_,2026-07-01,2570.0,observed
280300174_,2026-08-01,1690.0,observed
280300174_,2026-09-01,1758.0,observed
030300013_,2024-01-01,568.0,observed
030300013_,2024-02-01,361.0,observed
030300013_,2024-03-01,341.0,observed
030300013_,2024-04-01,232.0,observed
030300013_,2024-05-01,664.0,observed
030300013_,2024-06-01,664.0,observed
030300013_,2024-07-01,614.0,observed
030300013_,2024-08-01,564.0,observed
030300013_,2024-09-01,549.0,observed
030300013_,2024-10-01,478.0,observed
030300013_,2024-11-01,458.0,observed
030300013_,2024-12-01,452.0,observed
030300013_,2025-01-01,400.0,observed
030300013_,2025-02-01,251.0,observed
030300013_,2025-03-01,248.0,observed
030300013_,2025-04-01,356.0,observed
030300013_,2025-05-01,355.0,observed
030300013_,2025-06-01,355.0,observed
030300013_,2025-07-01,229.0,observed
030300013_,2025-08-01,196.0,observed
030300013_,2025-09-01,1.0,observed
030300013_,2025-10-01,1.0,observed
030300013_,2025-11-01,245.0,observed
030300013_,2025-12-01,243.0,observed
030300013_,2026-01-01,224.0,observed
030300013_,2026-02-01,216.0,observed
030300013_,2026-03-01,216.0,observed
030300013_,2026-04-01,216.0,observed
030300013_,2026-05-01,108.0,observed
030300013_,2026-06-01,1.0,observed
030300013_,2026-07-01,1.0,observed
030300013_,2026-08-01,1.0,observed
030300013_,2026-09-01,1.0,observed
030200220_,2024-01-01,1604.0,observed
030200220_,2024-02-01,85.0,observed
030200220_,2024-03-01,34.0,observed
030200220_,2024-04-01,6236.0,observed
030200220_,2024-05-01,12917.0,observed
030200220_,2024-06-01,13083.0,observed
030200220_,2024-07-01,11919.0,observed
030200220_,2024-08-01,11447.0,observed
030200220_,2024-09-01,9254.0,observed
030200220_,2024-10-01,7831.0,observed
030200220_,2024-11-01,6373.0,observed
030200220_,2024-12-01,5760.0,observed
030200220_,2025-01-01,6567.0,observed
030200220_,2025-02-01,5827.0,observed
030200220_,2025-03-01,4828.0,observed
030200220_,2025-04-01,3964.0,observed
030200220_,2025-05-01,9393.0,observed
030200220_,2025-06-01,6942.0,observed
030200220_,2025-07-01,5704.0,observed
030200220_,2025-08-01,6280.0,observed
030200220_,2025-09-01,4579.0,observed
030200220_,2025-10-01,8218.0,observed
030200220_,2025-11-01,6559.0,observed
030200220_,2025-12-01,6067.0,observed
030200220_,2026-01-01,4484.0,observed
030200220_,2026-02-01,3624.0,observed
030200220_,2026-03-01,3967.0,observed
030200220_,2026-04-01,4093.0,observed
030200220_,2026-05-01,4819.0,observed
030200220_,2026-06-01,3571.0,observed
030200220_,2026-07-01,3057.0,observed
030200220_,2026-08-01,2707.0,observed
030200220_,2026-09-01,2430.0,observed
030200219_,2024-01-01,12787.0,observed
030200219_,2024-02-01,12248.0,observed
030200219_,2024-03-01,790.0,observed
030200219_,2024-04-01,7134.0,observed
030200219_,2024-05-01,39852.0,observed
030200219_,2024-06-01,37381.0,observed
030200219_,2024-07-01,34496.0,observed
030200219_,2024-08-01,34124.0,observed
030200219_,2024-09-01,31257.0,observed
030200219_,2024-10-01,28722.0,observed
030200219_,2024-11-01,25851.0,observed
030200219_,2024-12-01,24428.0,observed
030200219_,2025-01-01,23292.0,observed
030200219_,2025-02-01,18395.0,observed
030200219_,2025-03-01,14819.0,observed
030200219_,2025-04-01,23800.0,observed
030200219_,2025-05-01,20798.0,observed
030200219_,2025-06-01,15686.0,observed
030200219_,2025-07-01,9456.0,observed
030200219_,2025-08-01,11452.0,observed
030200219_,2025-09-01,3892.0,observed
030200219_,2025-10-01,17290.0,observed
030200219_,2025-11-01,16045.0,observed
030200219_,2025-12-01,10008.0,observed
030200219_,2026-01-01,18330.0,observed
030200219_,2026-02-01,15611.0,observed
030200219_,2026-03-01,5291.0,observed
030200219_,2026-04-01,21442.0,observed
030200219_,2026-05-01,18756.0,observed
030200219_,2026-06-01,3316.0,observed
030200219_,2026-07-01,20040.0,observed
030200219_,2026-08-01,24274.0,observed
030200219_,2026-09-01,20089.0,observed
030300078_,2024-01-01,13.0,observed
030300078_,2024-02-01,13.0,observed
030300078_,2024-03-01,13.0,observed
030300078_,2024-04-01,113.0,observed
030300078_,2024-05-01,211.0,observed
030300078_,2024-06-01,208.0,observed
030300078_,2024-07-01,149.0,observed
030300078_,2024-08-01,610.0,observed
030300078_,2024-09-01,610.0,observed
030300078_,2024-10-01,580.0,observed
030300078_,2024-11-01,578.0,observed
030300078_,2024-12-01,532.0,observed
030300078_,2025-01-01,525.0,observed
030300078_,2025-02-01,524.0,observed
030300078_,2025-03-01,514.0,observed
030300078_,2025-04-01,12.0,observed
030300078_,2025-05-01,12.0,observed
030300078_,2025-06-01,112.0,observed
030300078_,2025-07-01,72.0,observed
030300078_,2025-08-01,112.0,observed
030300078_,2025-09-01,17.0,observed
030300078_,2025-10-01,117.0,observed
030300078_,2025-11-01,117.0,observed
030300078_,2025-12-01,116.0,observed
030300078_,2026-01-01,111.0,observed
030300078_,2026-02-01,111.0,observed
030300078_,2026-03-01,106.0,observed
030300078_,2026-04-01,106.0,observed
030300078_,2026-05-01,106.0,observed
030300078_,2026-06-01,106.0,observed
030300078_,2026-07-01,106.0,observed
030300078_,2026-08-01,90.0,observed
030300078_,2026-09-01,85.0,observed
030300014_,2024-01-01,919.0,observed
030300014_,2024-02-01,869.0,observed
030300014_,2024-03-01,814.0,observed
030300014_,2024-04-01,734.0,observed
030300014_,2024-05-01,2134.0,observed
030300014_,2024-06-01,1978.0,observed
030300014_,2024-07-01,1867.0,observed
030300014_,2024-08-01,1616.0,observed
030300014_,2024-09-01,1366.0,observed
030300014_,2024-10-01,1150.0,observed
030300014_,2024-11-01,949.0,observed
030300014_,2024-12-01,807.0,observed
030300014_,2025-01-01,891.0,observed
030300014_,2025-02-01,891.0,observed
030300014_,2025-03-01,857.0,observed
030300014_,2025-04-01,4419.0,observed
030300014_,2025-05-01,4228.0,observed
030300014_,2025-06-01,2833.0,observed
030300014_,2025-07-01,2833.0,observed
030300014_,2025-08-01,2288.0,observed
030300014_,2025-09-01,1871.0,observed
030300014_,2025-10-01,1854.0,observed
030300014_,2025-11-01,942.0,observed
030300014_,2025-12-01,1346.0,observed
030300014_,2026-01-01,1789.0,observed
030300014_,2026-02-01,1488.0,observed
030300014_,2026-03-01,1094.0,observed
030300014_,2026-04-01,1618.0,observed
030300014_,2026-05-01,1786.0,observed
030300014_,2026-06-01,1841.0,observed
030300014_,2026-07-01,378.0,observed
030300014_,2026-08-01,1208.0,observed
030300014_,2026-09-01,1203.0,observed
030200298_,2024-01-01,,blank
030200298_,2024-02-01,,blank
030200298_,2024-03-01,,blank
030200298_,2024-04-01,,blank
030200298_,2024-05-01,,blank
030200298_,2024-06-01,,blank
030200298_,2024-07-01,,blank
030200298_,2024-08-01,,blank
030200298_,2024-09-01,,blank
030200298_,2024-10-01,,blank
030200298_,2024-11-01,,blank
030200298_,2024-12-01,,blank
030200298_,2025-01-01,,blank
030200298_,2025-02-01,,blank
030200298_,2025-03-01,,blank
030200298_,2025-04-01,,blank
030200298_,2025-05-01,,blank
030200298_,2025-06-01,,blank
030200298_,2025-07-01,,blank
030200298_,2025-08-01,,blank
030200298_,2025-09-01,,blank
030200298_,2025-10-01,,blank
030200298_,2025-11-01,,blank
030200298_,2025-12-01,,blank
030200298_,2026-01-01,,blank
030200298_,2026-02-01,,blank
030200298_,2026-03-01,,blank
030200298_,2026-04-01,,blank
030200298_,2026-05-01,,blank
030200298_,2026-06-01,,blank
030200298_,2026-07-01,,blank
030200298_,2026-08-01,,blank
030200298_,2026-09-01,,blank
030200193_,2024-01-01,22295.0,observed
030200193_,2024-02-01,1941.0,observed
030200193_,2024-03-01,7.0,observed
030200193_,2024-04-01,37104.0,observed
030200193_,2024-05-01,116088.0,observed
030200193_,2024-06-01,101151.0,observed
030200193_,2024-07-01,82296.0,observed
030200193_,2024-08-01,106177.0,observed
030200193_,2024-09-01,85244.0,observed
030200193_,2024-10-01,68677.0,observed
030200193_,2024-11-01,45940.0,observed
030200193_,2024-12-01,43377.0,observed
030200193_,2025-01-01,75764.0,observed
030200193_,2025-02-01,59196.0,observed
030200193_,2025-03-01,47796.0,observed
030200193_,2025-04-01,120359.0,observed
030200193_,2025-05-01,94722.0,observed
030200193_,2025-06-01,76865.0,observed
030200193_,2025-07-01,51750.0,observed
030200193_,2025-08-01,54660.0,observed
030200193_,2025-09-01,66772.0,observed
030200193_,2025-10-01,57716.0,observed
030200193_,2025-11-01,62879.0,observed
030200193_,2025-12-01,62177.0,observed
030200193_,2026-01-01,56251.0,observed
030200193_,2026-02-01,37220.0,observed
030200193_,2026-03-01,50849.0,observed
030200193_,2026-04-01,63163.0,observed
030200193_,2026-05-01,80753.0,observed
030200193_,2026-06-01,55619.0,observed
030200193_,2026-07-01,49273.0,observed
030200193_,2026-08-01,25273.0,observed
030200193_,2026-09-01,27322.0,observed
030201459_,2024-01-01,,blank
030201459_,2024-02-01,,blank
030201459_,2024-03-01,,blank
030201459_,2024-04-01,,blank
030201459_,2024-05-01,,blank
030201459_,2024-06-01,,blank
030201459_,2024-07-01,,blank
030201459_,2024-08-01,,blank
030201459_,2024-09-01,,blank
030201459_,2024-10-01,,blank
030201459_,2024-11-01,,blank
030201459_,2024-12-01,,blank
030201459_,2025-01-01,,blank
030201459_,2025-02-01,,blank
030201459_,2025-03-01,,blank
030201459_,2025-04-01,,blank
030201459_,2025-05-01,,blank
030201459_,2025-06-01,,blank
030201459_,2025-07-01,,blank
030201459_,2025-08-01,,blank
030201459_,2025-09-01,,blank
030201459_,2025-10-01,,blank
030201459_,2025-11-01,,blank
030201459_,2025-12-01,,blank
030201459_,2026-01-01,,blank
030201459_,2026-02-01,,blank
030201459_,2026-03-01,,blank
030201459_,2026-04-01,,blank
030201459_,2026-05-01,3683.0,observed
030201459_,2026-06-01,3765.0,observed
030201459_,2026-07-01,3018.0,observed
030201459_,2026-08-01,10808.0,observed
030201459_,2026-09-01,7053.0,observed
030200192_,2024-01-01,71594.0,observed
030200192_,2024-02-01,9623.0,observed
030200192_,2024-03-01,49.0,observed
030200192_,2024-04-01,87989.0,observed
030200192_,2024-05-01,277173.0,observed
030200192_,2024-06-01,248438.0,observed
030200192_,2024-07-01,203372.0,observed
030200192_,2024-08-01,274046.0,observed
030200192_,2024-09-01,224194.0,observed
030200192_,2024-10-01,161521.0,observed
030200192_,2024-11-01,115696.0,observed
030200192_,2024-12-01,118075.0,observed
030200192_,2025-01-01,183707.0,observed
030200192_,2025-02-01,134016.0,observed
030200192_,2025-03-01,115664.0,observed
030200192_,2025-04-01,61718.0,observed
030200192_,2025-05-01,250037.0,observed
030200192_,2025-06-01,199124.0,observed
030200192_,2025-07-01,136329.0,observed
030200192_,2025-08-01,130563.0,observed
030200192_,2025-09-01,139191.0,observed
030200192_,2025-10-01,160264.0,observed
030200192_,2025-11-01,142023.0,observed
030200192_,2025-12-01,139814.0,observed
030200192_,2026-01-01,158392.0,observed
030200192_,2026-02-01,119081.0,observed
030200192_,2026-03-01,160838.0,observed
030200192_,2026-04-01,161697.0,observed
030200192_,2026-05-01,179594.0,observed
030200192_,2026-06-01,133507.0,observed
030200192_,2026-07-01,109510.0,observed
030200192_,2026-08-01,132895.0,observed
030200192_,2026-09-01,93532.0,observed
030200201_,2024-01-01,13134.0,observed
030200201_,2024-02-01,2206.0,observed
030200201_,2024-03-01,1.0,observed
030200201_,2024-04-01,30519.0,observed
030200201_,2024-05-01,91391.0,observed
030200201_,2024-06-01,79917.0,observed
030200201_,2024-07-01,64641.0,observed
030200201_,2024-08-01,95609.0,observed
030200201_,2024-09-01,81310.0,observed
030200201_,2024-10-01,62867.0,observed
030200201_,2024-11-01,47749.0,observed
030200201_,2024-12-01,34668.0,observed
030200201_,2025-01-01,58306.0,observed
030200201_,2025-02-01,34973.0,observed
030200201_,2025-03-01,39967.0,observed
030200201_,2025-04-01,16250.0,observed
030200201_,2025-05-01,83377.0,observed
030200201_,2025-06-01,60339.0,observed
030200201_,2025-07-01,41049.0,observed
030200201_,2025-08-01,36039.0,observed
030200201_,2025-09-01,47075.0,observed
030200201_,2025-10-01,32307.0,observed
030200201_,2025-11-01,53510.0,observed
030200201_,2025-12-01,61391.0,observed
030200201_,2026-01-01,56202.0,observed
030200201_,2026-02-01,38692.0,observed
030200201_,2026-03-01,56369.0,observed
030200201_,2026-04-01,48589.0,observed
030200201_,2026-05-01,62016.0,observed
030200201_,2026-06-01,38466.0,observed
030200201_,2026-07-01,38999.0,observed
030200201_,2026-08-01,59302.0,observed
030200201_,2026-09-01,33675.0,observed
300200428_,2024-01-01,929.0,observed
300200428_,2024-02-01,543.0,observed
300200428_,2024-03-01,2097.0,observed
300200428_,2024-04-01,1864.0,observed
300200428_,2024-05-01,5609.0,observed
300200428_,2024-06-01,5063.0,observed
300200428_,2024-07-01,4502.0,observed
300200428_,2024-08-01,3934.0,observed
300200428_,2024-09-01,3226.0,observed
300200428_,2024-10-01,2866.0,observed
300200428_,2024-11-01,2482.0,observed
300200428_,2024-12-01,2299.0,observed
300200428_,2025-01-01,2228.0,observed
300200428_,2025-02-01,1999.0,observed
300200428_,2025-03-01,2035.0,observed
300200428_,2025-04-01,3190.0,observed
300200428_,2025-05-01,3086.0,observed
300200428_,2025-06-01,2451.0,observed
300200428_,2025-07-01,2038.0,observed
300200428_,2025-08-01,2059.0,observed
300200428_,2025-09-01,1889.0,observed
300200428_,2025-10-01,1183.0,observed
300200428_,2025-11-01,1471.0,observed
300200428_,2025-12-01,1695.0,observed
300200428_,2026-01-01,1276.0,observed
300200428_,2026-02-01,1185.0,observed
300200428_,2026-03-01,1503.0,observed
300200428_,2026-04-01,1123.0,observed
300200428_,2026-05-01,1404.0,observed
300200428_,2026-06-01,1282.0,observed
300200428_,2026-07-01,972.0,observed
300200428_,2026-08-01,897.0,observed
300200428_,2026-09-01,890.0,observed
300200442_,2024-01-01,1.0,observed
300200442_,2024-02-01,1.0,observed
300200442_,2024-03-01,1.0,observed
300200442_,2024-04-01,1.0,observed
300200442_,2024-05-01,1.0,observed
300200442_,2024-06-01,1.0,observed
300200442_,2024-07-01,1.0,observed
300200442_,2024-08-01,1.0,observed
300200442_,2024-09-01,1.0,observed
300200442_,2024-10-01,1.0,observed
300200442_,2024-11-01,1.0,observed
300200442_,2024-12-01,1.0,observed
300200442_,2025-01-01,1.0,observed
300200442_,2025-02-01,1.0,observed
300200442_,2025-03-01,1.0,observed
300200442_,2025-04-01,1.0,observed
300200442_,2025-05-01,1.0,observed
300200442_,2025-06-01,1.0,observed
300200442_,2025-07-01,1.0,observed
300200442_,2025-08-01,1.0,observed
300200442_,2025-09-01,1.0,observed
300200442_,2025-10-01,1.0,observed
300200442_,2025-11-01,1.0,observed
300200442_,2025-12-01,1.0,observed
300200442_,2026-01-01,1.0,observed
300200442_,2026-02-01,1.0,observed
300200442_,2026-03-01,1.0,observed
300200442_,2026-04-01,1.0,observed
300200442_,2026-05-01,1.0,observed
300200442_,2026-06-01,1.0,observed
300200442_,2026-07-01,1.0,observed
300200442_,2026-08-01,1.0,observed
300200442_,2026-09-01,1.0,observed
GAL000584,2024-01-01,,blank
GAL000584,2024-02-01,,blank
GAL000584,2024-03-01,,blank
GAL000584,2024-04-01,,blank
GAL000584,2024-05-01,,blank
GAL000584,2024-06-01,,blank
GAL000584,2024-07-01,,blank
GAL000584,2024-08-01,,blank
GAL000584,2024-09-01,,blank
GAL000584,2024-10-01,,blank
GAL000584,2024-11-01,,blank
GAL000584,2024-12-01,,blank
GAL000584,2025-01-01,,blank
GAL000584,2025-02-01,,blank
GAL000584,2025-03-01,,blank
GAL000584,2025-04-01,,blank
GAL000584,2025-05-01,,blank
GAL000584,2025-06-01,,blank
GAL000584,2025-07-01,,blank
GAL000584,2025-08-01,,blank
GAL000584,2025-09-01,,blank
GAL000584,2025-10-01,,blank
GAL000584,2025-11-01,,blank
GAL000584,2025-12-01,,blank
GAL000584,2026-01-01,,blank
GAL000584,2026-02-01,,blank
GAL000584,2026-03-01,,blank
GAL000584,2026-04-01,,blank
GAL000584,2026-05-01,,blank
GAL000584,2026-06-01,,blank
GAL000584,2026-07-01,,blank
GAL000584,2026-08-01,,blank
GAL000584,2026-09-01,,blank
ATN001105,2024-01-01,,blank
ATN001105,2024-02-01,,blank
ATN001105,2024-03-01,,blank
ATN001105,2024-04-01,,blank
ATN001105,2024-05-01,,blank
ATN001105,2024-06-01,,blank
ATN001105,2024-07-01,,blank
ATN001105,2024-08-01,49.0,observed
ATN001105,2024-09-01,49.0,observed
ATN001105,2024-10-01,49.0,observed
ATN001105,2024-11-01,49.0,observed
ATN001105,2024-12-01,49.0,observed
ATN001105,2025-01-01,49.0,observed
ATN001105,2025-02-01,49.0,observed
ATN001105,2025-03-01,49.0,observed
ATN001105,2025-04-01,49.0,observed
ATN001105,2025-05-01,49.0,observed
ATN001105,2025-06-01,49.0,observed
ATN001105,2025-07-01,49.0,observed
ATN001105,2025-08-01,49.0,observed
ATN001105,2025-09-01,49.0,observed
ATN001105,2025-10-01,49.0,observed
ATN001105,2025-11-01,49.0,observed
ATN001105,2025-12-01,49.0,observed
ATN001105,2026-01-01,49.0,observed
ATN001105,2026-02-01,49.0,observed
ATN001105,2026-03-01,49.0,observed
ATN001105,2026-04-01,49.0,observed
ATN001105,2026-05-01,49.0,observed
ATN001105,2026-06-01,49.0,observed
ATN001105,2026-07-01,49.0,observed
ATN001105,2026-08-01,49.0,observed
ATN001105,2026-09-01,49.0,observed
ATN200111,2024-01-01,,blank
ATN200111,2024-02-01,,blank
ATN200111,2024-03-01,,blank
ATN200111,2024-04-01,,blank
ATN200111,2024-05-01,,blank
ATN200111,2024-06-01,,blank
ATN200111,2024-07-01,,blank
ATN200111,2024-08-01,5.0,observed
ATN200111,2024-09-01,5.0,observed
ATN200111,2024-10-01,5.0,observed
ATN200111,2024-11-01,5.0,observed
ATN200111,2024-12-01,5.0,observed
ATN200111,2025-01-01,5.0,observed
ATN200111,2025-02-01,4.0,observed
ATN200111,2025-03-01,4.0,observed
ATN200111,2025-04-01,4.0,observed
ATN200111,2025-05-01,4.0,observed
ATN200111,2025-06-01,4.0,observed
ATN200111,2025-07-01,4.0,observed
ATN200111,2025-08-01,4.0,observed
ATN200111,2025-09-01,4.0,observed
ATN200111,2025-10-01,4.0,observed
ATN200111,2025-11-01,4.0,observed
ATN200111,2025-12-01,4.0,observed
ATN200111,2026-01-01,4.0,observed
ATN200111,2026-02-01,4.0,observed
ATN200111,2026-03-01,4.0,observed
ATN200111,2026-04-01,4.0,observed
ATN200111,2026-05-01,4.0,observed
ATN200111,2026-06-01,4.0,observed
ATN200111,2026-07-01,4.0,observed
ATN200111,2026-08-01,4.0,observed
ATN200111,2026-09-01,4.0,observed
ATN200101,2024-01-01,,blank
ATN200101,2024-02-01,,blank
ATN200101,2024-03-01,,blank
ATN200101,2024-04-01,,blank
ATN200101,2024-05-01,,blank
ATN200101,2024-06-01,,blank
ATN200101,2024-07-01,,blank
ATN200101,2024-08-01,130.0,observed
ATN200101,2024-09-01,130.0,observed
ATN200101,2024-10-01,130.0,observed
ATN200101,2024-11-01,130.0,observed
ATN200101,2024-12-01,130.0,observed
ATN200101,2025-01-01,130.0,observed
ATN200101,2025-02-01,129.0,observed
ATN200101,2025-03-01,129.0,observed
ATN200101,2025-04-01,129.0,observed
ATN200101,2025-05-01,129.0,observed
ATN200101,2025-06-01,129.0,observed
ATN200101,2025-07-01,129.0,observed
ATN200101,2025-08-01,129.0,observed
ATN200101,2025-09-01,129.0,observed
ATN200101,2025-10-01,129.0,observed
ATN200101,2025-11-01,129.0,observed
ATN200101,2025-12-01,129.0,observed
ATN200101,2026-01-01,129.0,observed
ATN200101,2026-02-01,129.0,observed
ATN200101,2026-03-01,129.0,observed
ATN200101,2026-04-01,129.0,observed
ATN200101,2026-05-01,129.0,observed
ATN200101,2026-06-01,129.0,observed
ATN200101,2026-07-01,129.0,observed
ATN200101,2026-08-01,129.0,observed
ATN200101,2026-09-01,129.0,observed
ATN200102,2024-01-01,,blank
ATN200102,2024-02-01,,blank
ATN200102,2024-03-01,,blank
ATN200102,2024-04-01,,blank
ATN200102,2024-05-01,,blank
ATN200102,2024-06-01,,blank
ATN200102,2024-07-01,,blank
ATN200102,2024-08-01,135.0,observed
ATN200102,2024-09-01,135.0,observed
ATN200102,2024-10-01,135.0,observed
ATN200102,2024-11-01,135.0,observed
ATN200102,2024-12-01,135.0,observed
ATN200102,2025-01-01,135.0,observed
ATN200102,2025-02-01,135.0,observed
ATN200102,2025-03-01,135.0,observed
ATN200102,2025-04-01,135.0,observed
ATN200102,2025-05-01,135.0,observed
ATN200102,2025-06-01,135.0,observed
ATN200102,2025-07-01,135.0,observed
ATN200102,2025-08-01,135.0,observed
ATN200102,2025-09-01,135.0,observed
ATN200102,2025-10-01,135.0,observed
ATN200102,2025-11-01,135.0,observed
ATN200102,2025-12-01,135.0,observed
ATN200102,2026-01-01,135.0,observed
ATN200102,2026-02-01,135.0,observed
ATN200102,2026-03-01,135.0,observed
ATN200102,2026-04-01,135.0,observed
ATN200102,2026-05-01,135.0,observed
ATN200102,2026-06-01,135.0,observed
ATN200102,2026-07-01,135.0,observed
ATN200102,2026-08-01,135.0,observed
ATN200102,2026-09-01,135.0,observed
ATN200145,2024-01-01,,blank
ATN200145,2024-02-01,,blank
ATN200145,2024-03-01,,blank
ATN200145,2024-04-01,,blank
ATN200145,2024-05-01,,blank
ATN200145,2024-06-01,,blank
ATN200145,2024-07-01,,blank
ATN200145,2024-08-01,10.0,observed
ATN200145,2024-09-01,10.0,observed
ATN200145,2024-10-01,10.0,observed
ATN200145,2024-11-01,10.0,observed
ATN200145,2024-12-01,10.0,observed
ATN200145,2025-01-01,10.0,observed
ATN200145,2025-02-01,10.0,observed
ATN200145,2025-03-01,10.0,observed
ATN200145,2025-04-01,10.0,observed
ATN200145,2025-05-01,10.0,observed
ATN200145,2025-06-01,10.0,observed
ATN200145,2025-07-01,10.0,observed
ATN200145,2025-08-01,10.0,observed
ATN200145,2025-09-01,10.0,observed
ATN200145,2025-10-01,10.0,observed
ATN200145,2025-11-01,10.0,observed
ATN200145,2025-12-01,10.0,observed
ATN200145,2026-01-01,10.0,observed
ATN200145,2026-02-01,10.0,observed
ATN200145,2026-03-01,10.0,observed
ATN200145,2026-04-01,10.0,observed
ATN200145,2026-05-01,10.0,observed
ATN200145,2026-06-01,10.0,observed
ATN200145,2026-07-01,10.0,observed
ATN200145,2026-08-01,10.0,observed
ATN200145,2026-09-01,10.0,observed
ATN544013,2024-01-01,,blank
ATN544013,2024-02-01,,blank
ATN544013,2024-03-01,,blank
ATN544013,2024-04-01,,blank
ATN544013,2024-05-01,,blank
ATN544013,2024-06-01,,blank
ATN544013,2024-07-01,,blank
ATN544013,2024-08-01,24.0,observed
ATN544013,2024-09-01,24.0,observed
ATN544013,2024-10-01,24.0,observed
ATN544013,2024-11-01,24.0,observed
ATN544013,2024-12-01,24.0,observed
ATN544013,2025-01-01,24.0,observed
ATN544013,2025-02-01,24.0,observed
ATN544013,2025-03-01,24.0,observed
ATN544013,2025-04-01,24.0,observed
ATN544013,2025-05-01,24.0,observed
ATN544013,2025-06-01,24.0,observed
ATN544013,2025-07-01,24.0,observed
ATN544013,2025-08-01,24.0,observed
ATN544013,2025-09-01,24.0,observed
ATN544013,2025-10-01,24.0,observed
ATN544013,2025-11-01,24.0,observed
ATN544013,2025-12-01,24.0,observed
ATN544013,2026-01-01,24.0,observed
ATN544013,2026-02-01,24.0,observed
ATN544013,2026-03-01,24.0,observed
ATN544013,2026-04-01,24.0,observed
ATN544013,2026-05-01,24.0,observed
ATN544013,2026-06-01,24.0,observed
ATN544013,2026-07-01,24.0,observed
ATN544013,2026-08-01,24.0,observed
ATN544013,2026-09-01,24.0,observed
ATN540113,2024-01-01,,blank
ATN540113,2024-02-01,,blank
ATN540113,2024-03-01,,blank
ATN540113,2024-04-01,,blank
ATN540113,2024-05-01,,blank
ATN540113,2024-06-01,,blank
ATN540113,2024-07-01,,blank
ATN540113,2024-08-01,12.0,observed
ATN540113,2024-09-01,12.0,observed
ATN540113,2024-10-01,12.0,observed
ATN540113,2024-11-01,12.0,observed
ATN540113,2024-12-01,12.0,observed
ATN540113,2025-01-01,12.0,observed
ATN540113,2025-02-01,12.0,observed
ATN540113,2025-03-01,12.0,observed
ATN540113,2025-04-01,12.0,observed
ATN540113,2025-05-01,12.0,observed
ATN540113,2025-06-01,12.0,observed
ATN540113,2025-07-01,12.0,observed
ATN540113,2025-08-01,12.0,observed
ATN540113,2025-09-01,12.0,observed
ATN540113,2025-10-01,12.0,observed
ATN540113,2025-11-01,12.0,observed
ATN540113,2025-12-01,12.0,observed
ATN540113,2026-01-01,12.0,observed
ATN540113,2026-02-01,12.0,observed
ATN540113,2026-03-01,12.0,observed
ATN540113,2026-04-01,12.0,observed
ATN540113,2026-05-01,12.0,observed
ATN540113,2026-06-01,12.0,observed
ATN540113,2026-07-01,12.0,observed
ATN540113,2026-08-01,12.0,observed
ATN540113,2026-09-01,12.0,observed
ATN544015,2024-01-01,,blank
ATN544015,2024-02-01,,blank
ATN544015,2024-03-01,,blank
ATN544015,2024-04-01,,blank
ATN544015,2024-05-01,,blank
ATN544015,2024-06-01,,blank
ATN544015,2024-07-01,,blank
ATN544015,2024-08-01,24.0,observed
ATN544015,2024-09-01,24.0,observed
ATN544015,2024-10-01,24.0,observed
ATN544015,2024-11-01,24.0,observed
ATN544015,2024-12-01,24.0,observed
ATN544015,2025-01-01,24.0,observed
ATN544015,2025-02-01,24.0,observed
ATN544015,2025-03-01,24.0,observed
ATN544015,2025-04-01,24.0,observed
ATN544015,2025-05-01,24.0,observed
ATN544015,2025-06-01,24.0,observed
ATN544015,2025-07-01,24.0,observed
ATN544015,2025-08-01,24.0,observed
ATN544015,2025-09-01,24.0,observed
ATN544015,2025-10-01,24.0,observed
ATN544015,2025-11-01,24.0,observed
ATN544015,2025-12-01,24.0,observed
ATN544015,2026-01-01,24.0,observed
ATN544015,2026-02-01,24.0,observed
ATN544015,2026-03-01,24.0,observed
ATN544015,2026-04-01,18.0,observed
ATN544015,2026-05-01,18.0,observed
ATN544015,2026-06-01,18.0,observed
ATN544015,2026-07-01,18.0,observed
ATN544015,2026-08-01,18.0,observed
ATN544015,2026-09-01,18.0,observed
ATN540115,2024-01-01,,blank
ATN540115,2024-02-01,,blank
ATN540115,2024-03-01,,blank
ATN540115,2024-04-01,,blank
ATN540115,2024-05-01,,blank
ATN540115,2024-06-01,,blank
ATN540115,2024-07-01,,blank
ATN540115,2024-08-01,12.0,observed
ATN540115,2024-09-01,12.0,observed
ATN540115,2024-10-01,12.0,observed
ATN540115,2024-11-01,12.0,observed
ATN540115,2024-12-01,12.0,observed
ATN540115,2025-01-01,12.0,observed
ATN540115,2025-02-01,12.0,observed
ATN540115,2025-03-01,12.0,observed
ATN540115,2025-04-01,12.0,observed
ATN540115,2025-05-01,12.0,observed
ATN540115,2025-06-01,12.0,observed
ATN540115,2025-07-01,12.0,observed
ATN540115,2025-08-01,12.0,observed
ATN540115,2025-09-01,12.0,observed
ATN540115,2025-10-01,12.0,observed
ATN540115,2025-11-01,12.0,observed
ATN540115,2025-12-01,12.0,observed
ATN540115,2026-01-01,12.0,observed
ATN540115,2026-02-01,12.0,observed
ATN540115,2026-03-01,12.0,observed
ATN540115,2026-04-01,12.0,observed
ATN540115,2026-05-01,11.0,observed
ATN540115,2026-06-01,7.0,observed
ATN540115,2026-07-01,7.0,observed
ATN540115,2026-08-01,7.0,observed
ATN540115,2026-09-01,7.0,observed
ATN000393,2024-01-01,,blank
ATN000393,2024-02-01,,blank
ATN000393,2024-03-01,,blank
ATN000393,2024-04-01,,blank
ATN000393,2024-05-01,,blank
ATN000393,2024-06-01,,blank
ATN000393,2024-07-01,,blank
ATN000393,2024-08-01,103.0,observed
ATN000393,2024-09-01,103.0,observed
ATN000393,2024-10-01,103.0,observed
ATN000393,2024-11-01,103.0,observed
ATN000393,2024-12-01,103.0,observed
ATN000393,2025-01-01,103.0,observed
ATN000393,2025-02-01,103.0,observed
ATN000393,2025-03-01,103.0,observed
ATN000393,2025-04-01,103.0,observed
ATN000393,2025-05-01,103.0,observed
ATN000393,2025-06-01,103.0,observed
ATN000393,2025-07-01,103.0,observed
ATN000393,2025-08-01,103.0,observed
ATN000393,2025-09-01,103.0,observed
ATN000393,2025-10-01,103.0,observed
ATN000393,2025-11-01,103.0,observed
ATN000393,2025-12-01,103.0,observed
ATN000393,2026-01-01,103.0,observed
ATN000393,2026-02-01,103.0,observed
ATN000393,2026-03-01,103.0,observed
ATN000393,2026-04-01,103.0,observed
ATN000393,2026-05-01,103.0,observed
ATN000393,2026-06-01,103.0,observed
ATN000393,2026-07-01,103.0,observed
ATN000393,2026-08-01,103.0,observed
ATN000393,2026-09-01,103.0,observed
ATN000493,2024-01-01,,blank
ATN000493,2024-02-01,,blank
ATN000493,2024-03-01,,blank
ATN000493,2024-04-01,,blank
ATN000493,2024-05-01,,blank
ATN000493,2024-06-01,,blank
ATN000493,2024-07-01,,blank
ATN000493,2024-08-01,18.0,observed
ATN000493,2024-09-01,18.0,observed
ATN000493,2024-10-01,18.0,observed
ATN000493,2024-11-01,18.0,observed
ATN000493,2024-12-01,18.0,observed
ATN000493,2025-01-01,17.0,observed
ATN000493,2025-02-01,16.0,observed
ATN000493,2025-03-01,16.0,observed
ATN000493,2025-04-01,16.0,observed
ATN000493,2025-05-01,16.0,observed
ATN000493,2025-06-01,16.0,observed
ATN000493,2025-07-01,16.0,observed
ATN000493,2025-08-01,16.0,observed
ATN000493,2025-09-01,16.0,observed
ATN000493,2025-10-01,16.0,observed
ATN000493,2025-11-01,16.0,observed
ATN000493,2025-12-01,16.0,observed
ATN000493,2026-01-01,17.0,observed
ATN000493,2026-02-01,17.0,observed
ATN000493,2026-03-01,17.0,observed
ATN000493,2026-04-01,17.0,observed
ATN000493,2026-05-01,17.0,observed
ATN000493,2026-06-01,17.0,observed
ATN000493,2026-07-01,17.0,observed
ATN000493,2026-08-01,17.0,observed
ATN000493,2026-09-01,17.0,observed
ATN001133,2024-01-01,,blank
ATN001133,2024-02-01,,blank
ATN001133,2024-03-01,,blank
ATN001133,2024-04-01,,blank
ATN001133,2024-05-01,,blank
ATN001133,2024-06-01,,blank
ATN001133,2024-07-01,,blank
ATN001133,2024-08-01,10.0,observed
ATN001133,2024-09-01,10.0,observed
ATN001133,2024-10-01,10.0,observed
ATN001133,2024-11-01,10.0,observed
ATN001133,2024-12-01,10.0,observed
ATN001133,2025-01-01,10.0,observed
ATN001133,2025-02-01,10.0,observed
ATN001133,2025-03-01,10.0,observed
ATN001133,2025-04-01,10.0,observed
ATN001133,2025-05-01,10.0,observed
ATN001133,2025-06-01,10.0,observed
ATN001133,2025-07-01,10.0,observed
ATN001133,2025-08-01,10.0,observed
ATN001133,2025-09-01,10.0,observed
ATN001133,2025-10-01,10.0,observed
ATN001133,2025-11-01,10.0,observed
ATN001133,2025-12-01,10.0,observed
ATN001133,2026-01-01,10.0,observed
ATN001133,2026-02-01,10.0,observed
ATN001133,2026-03-01,10.0,observed
ATN001133,2026-04-01,10.0,observed
ATN001133,2026-05-01,10.0,observed
ATN001133,2026-06-01,10.0,observed
ATN001133,2026-07-01,10.0,observed
ATN001133,2026-08-01,10.0,observed
ATN001133,2026-09-01,10.0,observed
ATN001233,2024-01-01,,blank
ATN001233,2024-02-01,,blank
ATN001233,2024-03-01,,blank
ATN001233,2024-04-01,,blank
ATN001233,2024-05-01,,blank
ATN001233,2024-06-01,,blank
ATN001233,2024-07-01,,blank
ATN001233,2024-08-01,6.0,observed
ATN001233,2024-09-01,6.0,observed
ATN001233,2024-10-01,6.0,observed
ATN001233,2024-11-01,6.0,observed
ATN001233,2024-12-01,6.0,observed
ATN001233,2025-01-01,6.0,observed
ATN001233,2025-02-01,6.0,observed
ATN001233,2025-03-01,6.0,observed
ATN001233,2025-04-01,6.0,observed
ATN001233,2025-05-01,6.0,observed
ATN001233,2025-06-01,6.0,observed
ATN001233,2025-07-01,6.0,observed
ATN001233,2025-08-01,6.0,observed
ATN001233,2025-09-01,6.0,observed
ATN001233,2025-10-01,6.0,observed
ATN001233,2025-11-01,6.0,observed
ATN001233,2025-12-01,6.0,observed
ATN001233,2026-01-01,6.0,observed
ATN001233,2026-02-01,6.0,observed
ATN001233,2026-03-01,6.0,observed
ATN001233,2026-04-01,6.0,observed
ATN001233,2026-05-01,6.0,observed
ATN001233,2026-06-01,6.0,observed
ATN001233,2026-07-01,6.0,observed
ATN001233,2026-08-01,6.0,observed
ATN001233,2026-09-01,6.0,observed
ATN000439,2024-01-01,1.0,observed
ATN000439,2024-02-01,1.0,observed
ATN000439,2024-03-01,1.0,observed
ATN000439,2024-04-01,1.0,observed
ATN000439,2024-05-01,1.0,observed
ATN000439,2024-06-01,1.0,observed
ATN000439,2024-07-01,1.0,observed
ATN000439,2024-08-01,1.0,observed
ATN000439,2024-09-01,1.0,observed
ATN000439,2024-10-01,1.0,observed
ATN000439,2024-11-01,1.0,observed
ATN000439,2024-12-01,1.0,observed
ATN000439,2025-01-01,1.0,observed
ATN000439,2025-02-01,1.0,observed
ATN000439,2025-03-01,1.0,observed
ATN000439,2025-04-01,1.0,observed
ATN000439,2025-05-01,1.0,observed
ATN000439,2025-06-01,1.0,observed
ATN000439,2025-07-01,1.0,observed
ATN000439,2025-08-01,1.0,observed
ATN000439,2025-09-01,1.0,observed
ATN000439,2025-10-01,1.0,observed
ATN000439,2025-11-01,1.0,observed
ATN000439,2025-12-01,1.0,observed
ATN000439,2026-01-01,1.0,observed
ATN000439,2026-02-01,1.0,observed
ATN000439,2026-03-01,1.0,observed
ATN000439,2026-04-01,1.0,observed
ATN000439,2026-05-01,1.0,observed
ATN000439,2026-06-01,1.0,observed
ATN000439,2026-07-01,1.0,observed
ATN000439,2026-08-01,1.0,observed
ATN000439,2026-09-01,1.0,observed
ATN001239,2024-01-01,,blank
ATN001239,2024-02-01,,blank
ATN001239,2024-03-01,,blank
ATN001239,2024-04-01,,blank
ATN001239,2024-05-01,,blank
ATN001239,2024-06-01,,blank
ATN001239,2024-07-01,,blank
ATN001239,2024-08-01,7.0,observed
ATN001239,2024-09-01,7.0,observed
ATN001239,2024-10-01,7.0,observed
ATN001239,2024-11-01,7.0,observed
ATN001239,2024-12-01,7.0,observed
ATN001239,2025-01-01,7.0,observed
ATN001239,2025-02-01,7.0,observed
ATN001239,2025-03-01,7.0,observed
ATN001239,2025-04-01,7.0,observed
ATN001239,2025-05-01,7.0,observed
ATN001239,2025-06-01,7.0,observed
ATN001239,2025-07-01,7.0,observed
ATN001239,2025-08-01,7.0,observed
ATN001239,2025-09-01,7.0,observed
ATN001239,2025-10-01,7.0,observed
ATN001239,2025-11-01,7.0,observed
ATN001239,2025-12-01,7.0,observed
ATN001239,2026-01-01,7.0,observed
ATN001239,2026-02-01,7.0,observed
ATN001239,2026-03-01,7.0,observed
ATN001239,2026-04-01,7.0,observed
ATN001239,2026-05-01,7.0,observed
ATN001239,2026-06-01,7.0,observed
ATN001239,2026-07-01,7.0,observed
ATN001239,2026-08-01,7.0,observed
ATN001239,2026-09-01,7.0,observed
ATN000487,2024-01-01,,blank
ATN000487,2024-02-01,,blank
ATN000487,2024-03-01,,blank
ATN000487,2024-04-01,,blank
ATN000487,2024-05-01,,blank
ATN000487,2024-06-01,,blank
ATN000487,2024-07-01,,blank
ATN000487,2024-08-01,4.0,observed
ATN000487,2024-09-01,4.0,observed
ATN000487,2024-10-01,4.0,observed
ATN000487,2024-11-01,4.0,observed
ATN000487,2024-12-01,4.0,observed
ATN000487,2025-01-01,3.0,observed
ATN000487,2025-02-01,2.0,observed
ATN000487,2025-03-01,2.0,observed
ATN000487,2025-04-01,2.0,observed
ATN000487,2025-05-01,2.0,observed
ATN000487,2025-06-01,2.0,observed
ATN000487,2025-07-01,2.0,observed
ATN000487,2025-08-01,2.0,observed
ATN000487,2025-09-01,2.0,observed
ATN000487,2025-10-01,2.0,observed
ATN000487,2025-11-01,2.0,observed
ATN000487,2025-12-01,2.0,observed
ATN000487,2026-01-01,3.0,observed
ATN000487,2026-02-01,3.0,observed
ATN000487,2026-03-01,3.0,observed
ATN000487,2026-04-01,3.0,observed
ATN000487,2026-05-01,3.0,observed
ATN000487,2026-06-01,3.0,observed
ATN000487,2026-07-01,3.0,observed
ATN000487,2026-08-01,3.0,observed
ATN000487,2026-09-01,3.0,observed
ATN001209,2024-01-01,,blank
ATN001209,2024-02-01,,blank
ATN001209,2024-03-01,,blank
ATN001209,2024-04-01,,blank
ATN001209,2024-05-01,,blank
ATN001209,2024-06-01,,blank
ATN001209,2024-07-01,,blank
ATN001209,2024-08-01,,blank
ATN001209,2024-09-01,,blank
ATN001209,2024-10-01,,blank
ATN001209,2024-11-01,,blank
ATN001209,2024-12-01,,blank
ATN001209,2025-01-01,,blank
ATN001209,2025-02-01,,blank
ATN001209,2025-03-01,,blank
ATN001209,2025-04-01,,blank
ATN001209,2025-05-01,,blank
ATN001209,2025-06-01,,blank
ATN001209,2025-07-01,,blank
ATN001209,2025-08-01,,blank
ATN001209,2025-09-01,,blank
ATN001209,2025-10-01,,blank
ATN001209,2025-11-01,,blank
ATN001209,2025-12-01,,blank
ATN001209,2026-01-01,,blank
ATN001209,2026-02-01,,blank
ATN001209,2026-03-01,,blank
ATN001209,2026-04-01,,blank
ATN001209,2026-05-01,,blank
ATN001209,2026-06-01,,blank
ATN001209,2026-07-01,,blank
ATN001209,2026-08-01,,blank
ATN001209,2026-09-01,,blank
ATN001130,2024-01-01,,blank
ATN001130,2024-02-01,,blank
ATN001130,2024-03-01,,blank
ATN001130,2024-04-01,,blank
ATN001130,2024-05-01,,blank
ATN001130,2024-06-01,,blank
ATN001130,2024-07-01,,blank
ATN001130,2024-08-01,10.0,observed
ATN001130,2024-09-01,10.0,observed
ATN001130,2024-10-01,10.0,observed
ATN001130,2024-11-01,10.0,observed
ATN001130,2024-12-01,10.0,observed
ATN001130,2025-01-01,10.0,observed
ATN001130,2025-02-01,10.0,observed
ATN001130,2025-03-01,10.0,observed
ATN001130,2025-04-01,10.0,observed
ATN001130,2025-05-01,10.0,observed
ATN001130,2025-06-01,10.0,observed
ATN001130,2025-07-01,10.0,observed
ATN001130,2025-08-01,10.0,observed
ATN001130,2025-09-01,10.0,observed
ATN001130,2025-10-01,10.0,observed
ATN001130,2025-11-01,10.0,observed
ATN001130,2025-12-01,10.0,observed
ATN001130,2026-01-01,10.0,observed
ATN001130,2026-02-01,10.0,observed
ATN001130,2026-03-01,10.0,observed
ATN001130,2026-04-01,10.0,observed
ATN001130,2026-05-01,10.0,observed
ATN001130,2026-06-01,10.0,observed
ATN001130,2026-07-01,10.0,observed
ATN001130,2026-08-01,10.0,observed
ATN001130,2026-09-01,10.0,observed
ATN001230,2024-01-01,,blank
ATN001230,2024-02-01,,blank
ATN001230,2024-03-01,,blank
ATN001230,2024-04-01,,blank
ATN001230,2024-05-01,,blank
ATN001230,2024-06-01,,blank
ATN001230,2024-07-01,,blank
ATN001230,2024-08-01,9.0,observed
ATN001230,2024-09-01,9.0,observed
ATN001230,2024-10-01,9.0,observed
ATN001230,2024-11-01,9.0,observed
ATN001230,2024-12-01,9.0,observed
ATN001230,2025-01-01,8.0,observed
ATN001230,2025-02-01,8.0,observed
ATN001230,2025-03-01,8.0,observed
ATN001230,2025-04-01,8.0,observed
ATN001230,2025-05-01,8.0,observed
ATN001230,2025-06-01,8.0,observed
ATN001230,2025-07-01,8.0,observed
ATN001230,2025-08-01,8.0,observed
ATN001230,2025-09-01,8.0,observed
ATN001230,2025-10-01,8.0,observed
ATN001230,2025-11-01,9.0,observed
ATN001230,2025-12-01,9.0,observed
ATN001230,2026-01-01,9.0,observed
ATN001230,2026-02-01,9.0,observed
ATN001230,2026-03-01,9.0,observed
ATN001230,2026-04-01,9.0,observed
ATN001230,2026-05-01,9.0,observed
ATN001230,2026-06-01,9.0,observed
ATN001230,2026-07-01,9.0,observed
ATN001230,2026-08-01,9.0,observed
ATN001230,2026-09-01,9.0,observed
ATN001132,2024-01-01,,blank
ATN001132,2024-02-01,,blank
ATN001132,2024-03-01,,blank
ATN001132,2024-04-01,,blank
ATN001132,2024-05-01,,blank
ATN001132,2024-06-01,,blank
ATN001132,2024-07-01,,blank
ATN001132,2024-08-01,10.0,observed
ATN001132,2024-09-01,10.0,observed
ATN001132,2024-10-01,10.0,observed
ATN001132,2024-11-01,10.0,observed
ATN001132,2024-12-01,10.0,observed
ATN001132,2025-01-01,10.0,observed
ATN001132,2025-02-01,10.0,observed
ATN001132,2025-03-01,10.0,observed
ATN001132,2025-04-01,10.0,observed
ATN001132,2025-05-01,10.0,observed
ATN001132,2025-06-01,10.0,observed
ATN001132,2025-07-01,10.0,observed
ATN001132,2025-08-01,10.0,observed
ATN001132,2025-09-01,10.0,observed
ATN001132,2025-10-01,10.0,observed
ATN001132,2025-11-01,10.0,observed
ATN001132,2025-12-01,10.0,observed
ATN001132,2026-01-01,10.0,observed
ATN001132,2026-02-01,10.0,observed
ATN001132,2026-03-01,10.0,observed
ATN001132,2026-04-01,10.0,observed
ATN001132,2026-05-01,10.0,observed
ATN001132,2026-06-01,10.0,observed
ATN001132,2026-07-01,10.0,observed
ATN001132,2026-08-01,10.0,observed
ATN001132,2026-09-01,10.0,observed
ATN000532,2024-01-01,,blank
ATN000532,2024-02-01,,blank
ATN000532,2024-03-01,,blank
ATN000532,2024-04-01,,blank
ATN000532,2024-05-01,,blank
ATN000532,2024-06-01,,blank
ATN000532,2024-07-01,,blank
ATN000532,2024-08-01,,blank
ATN000532,2024-09-01,,blank
ATN000532,2024-10-01,,blank
ATN000532,2024-11-01,,blank
ATN000532,2024-12-01,,blank
ATN000532,2025-01-01,,blank
ATN000532,2025-02-01,,blank
ATN000532,2025-03-01,,blank
ATN000532,2025-04-01,,blank
ATN000532,2025-05-01,,blank
ATN000532,2025-06-01,,blank
ATN000532,2025-07-01,,blank
ATN000532,2025-08-01,,blank
ATN000532,2025-09-01,,blank
ATN000532,2025-10-01,,blank
ATN000532,2025-11-01,,blank
ATN000532,2025-12-01,,blank
ATN000532,2026-01-01,,blank
ATN000532,2026-02-01,,blank
ATN000532,2026-03-01,,blank
ATN000532,2026-04-01,,blank
ATN000532,2026-05-01,,blank
ATN000532,2026-06-01,,blank
ATN000532,2026-07-01,,blank
ATN000532,2026-08-01,,blank
ATN000532,2026-09-01,,blank
ATN001232,2024-01-01,,blank
ATN001232,2024-02-01,,blank
ATN001232,2024-03-01,,blank
ATN001232,2024-04-01,,blank
ATN001232,2024-05-01,,blank
ATN001232,2024-06-01,,blank
ATN001232,2024-07-01,,blank
ATN001232,2024-08-01,9.0,observed
ATN001232,2024-09-01,9.0,observed
ATN001232,2024-10-01,9.0,observed
ATN001232,2024-11-01,9.0,observed
ATN001232,2024-12-01,9.0,observed
ATN001232,2025-01-01,9.0,observed
ATN001232,2025-02-01,9.0,observed
ATN001232,2025-03-01,9.0,observed
ATN001232,2025-04-01,9.0,observed
ATN001232,2025-05-01,9.0,observed
ATN001232,2025-06-01,9.0,observed
ATN001232,2025-07-01,9.0,observed
ATN001232,2025-08-01,9.0,observed
ATN001232,2025-09-01,9.0,observed
ATN001232,2025-10-01,9.0,observed
ATN001232,2025-11-01,9.0,observed
ATN001232,2025-12-01,9.0,observed
ATN001232,2026-01-01,9.0,observed
ATN001232,2026-02-01,9.0,observed
ATN001232,2026-03-01,9.0,observed
ATN001232,2026-04-01,9.0,observed
ATN001232,2026-05-01,9.0,observed
ATN001232,2026-06-01,7.0,observed
ATN001232,2026-07-01,6.0,observed
ATN001232,2026-08-01,6.0,observed
ATN001232,2026-09-01,6.0,observed
300200458_,2024-01-01,,blank
300200458_,2024-02-01,,blank
300200458_,2024-03-01,,blank
300200458_,2024-04-01,,blank
300200458_,2024-05-01,,blank
300200458_,2024-06-01,,blank
300200458_,2024-07-01,,blank
300200458_,2024-08-01,2.0,observed
300200458_,2024-09-01,2.0,observed
300200458_,2024-10-01,2.0,observed
300200458_,2024-11-01,2.0,observed
300200458_,2024-12-01,2.0,observed
300200458_,2025-01-01,2.0,observed
300200458_,2025-02-01,2.0,observed
300200458_,2025-03-01,2.0,observed
300200458_,2025-04-01,2.0,observed
300200458_,2025-05-01,2.0,observed
300200458_,2025-06-01,2.0,observed
300200458_,2025-07-01,2.0,observed
300200458_,2025-08-01,2.0,observed
300200458_,2025-09-01,2.0,observed
300200458_,2025-10-01,2.0,observed
300200458_,2025-11-01,2.0,observed
300200458_,2025-12-01,2.0,observed
300200458_,2026-01-01,2.0,observed
300200458_,2026-02-01,2.0,observed
300200458_,2026-03-01,2.0,observed
300200458_,2026-04-01,2.0,observed
300200458_,2026-05-01,2.0,observed
300200458_,2026-06-01,2.0,observed
300200458_,2026-07-01,2.0,observed
300200458_,2026-08-01,2.0,observed
300200458_,2026-09-01,2.0,observed
ATN000449,2024-01-01,,blank
ATN000449,2024-02-01,,blank
ATN000449,2024-03-01,,blank
ATN000449,2024-04-01,,blank
ATN000449,2024-05-01,,blank
ATN000449,2024-06-01,,blank
ATN000449,2024-07-01,,blank
ATN000449,2024-08-01,12.0,observed
ATN000449,2024-09-01,12.0,observed
ATN000449,2024-10-01,12.0,observed
ATN000449,2024-11-01,12.0,observed
ATN000449,2024-12-01,12.0,observed
ATN000449,2025-01-01,11.0,observed
ATN000449,2025-02-01,10.0,observed
ATN000449,2025-03-01,10.0,observed
ATN000449,2025-04-01,10.0,observed
ATN000449,2025-05-01,10.0,observed
ATN000449,2025-06-01,10.0,observed
ATN000449,2025-07-01,10.0,observed
ATN000449,2025-08-01,10.0,observed
ATN000449,2025-09-01,10.0,observed
ATN000449,2025-10-01,10.0,observed
ATN000449,2025-11-01,10.0,observed
ATN000449,2025-12-01,10.0,observed
ATN000449,2026-01-01,,blank
ATN000449,2026-02-01,,blank
ATN000449,2026-03-01,,blank
ATN000449,2026-04-01,,blank
ATN000449,2026-05-01,11.0,observed
ATN000449,2026-06-01,11.0,observed
ATN000449,2026-07-01,11.0,observed
ATN000449,2026-08-01,11.0,observed
ATN000449,2026-09-01,11.0,observed
300200417_,2024-01-01,,blank
300200417_,2024-02-01,,blank
300200417_,2024-03-01,,blank
300200417_,2024-04-01,,blank
300200417_,2024-05-01,,blank
300200417_,2024-06-01,,blank
300200417_,2024-07-01,,blank
300200417_,2024-08-01,,blank
300200417_,2024-09-01,,blank
300200417_,2024-10-01,,blank
300200417_,2024-11-01,,blank
300200417_,2024-12-01,,blank
300200417_,2025-01-01,,blank
300200417_,2025-02-01,,blank
300200417_,2025-03-01,,blank
300200417_,2025-04-01,,blank
300200417_,2025-05-01,,blank
300200417_,2025-06-01,,blank
300200417_,2025-07-01,,blank
300200417_,2025-08-01,60.0,observed
300200417_,2025-09-01,,blank
300200417_,2025-10-01,,blank
300200417_,2025-11-01,,blank
300200417_,2025-12-01,,blank
300200417_,2026-01-01,,blank
300200417_,2026-02-01,,blank
300200417_,2026-03-01,,blank
300200417_,2026-04-01,,blank
300200417_,2026-05-01,,blank
300200417_,2026-06-01,,blank
300200417_,2026-07-01,,blank
300200417_,2026-08-01,,blank
300200417_,2026-09-01,,blank
300201148_,2024-01-01,,blank
300201148_,2024-02-01,,blank
300201148_,2024-03-01,,blank
300201148_,2024-04-01,,blank
300201148_,2024-05-01,,blank
300201148_,2024-06-01,,blank
300201148_,2024-07-01,,blank
300201148_,2024-08-01,,blank
300201148_,2024-09-01,,blank
300201148_,2024-10-01,,blank
300201148_,2024-11-01,,blank
300201148_,2024-12-01,,blank
300201148_,2025-01-01,,blank
300201148_,2025-02-01,,blank
300201148_,2025-03-01,,blank
300201148_,2025-04-01,,blank
300201148_,2025-05-01,,blank
300201148_,2025-06-01,1474.0,observed
300201148_,2025-07-01,1330.0,observed
300201148_,2025-08-01,1292.0,observed
300201148_,2025-09-01,1270.0,observed
300201148_,2025-10-01,1218.0,observed
300201148_,2025-11-01,1117.0,observed
300201148_,2025-12-01,1093.0,observed
300201148_,2026-01-01,960.0,observed
300201148_,2026-02-01,892.0,observed
300201148_,2026-03-01,828.0,observed
300201148_,2026-04-01,785.0,observed
300201148_,2026-05-01,695.0,observed
300201148_,2026-06-01,655.0,observed
300201148_,2026-07-01,595.0,observed
300201148_,2026-08-01,492.0,observed
300201148_,2026-09-01,375.0,observed
300201149_,2024-01-01,,blank
300201149_,2024-02-01,,blank
300201149_,2024-03-01,,blank
300201149_,2024-04-01,,blank
300201149_,2024-05-01,,blank
300201149_,2024-06-01,,blank
300201149_,2024-07-01,,blank
300201149_,2024-08-01,,blank
300201149_,2024-09-01,,blank
300201149_,2024-10-01,,blank
300201149_,2024-11-01,,blank
300201149_,2024-12-01,,blank
300201149_,2025-01-01,,blank
300201149_,2025-02-01,,blank
300201149_,2025-03-01,,blank
300201149_,2025-04-01,,blank
300201149_,2025-05-01,255.0,observed
300201149_,2025-06-01,245.0,observed
300201149_,2025-07-01,106.0,observed
300201149_,2025-08-01,213.0,observed
300201149_,2025-09-01,197.0,observed
300201149_,2025-10-01,160.0,observed
300201149_,2025-11-01,113.0,observed
300201149_,2025-12-01,135.0,observed
300201149_,2026-01-01,105.0,observed
300201149_,2026-02-01,97.0,observed
300201149_,2026-03-01,88.0,observed
300201149_,2026-04-01,106.0,observed
300201149_,2026-05-01,89.0,observed
300201149_,2026-06-01,82.0,observed
300201149_,2026-07-01,84.0,observed
300201149_,2026-08-01,75.0,observed
300201149_,2026-09-01,69.0,observed
300201150_,2024-01-01,,blank
300201150_,2024-02-01,,blank
300201150_,2024-03-01,,blank
300201150_,2024-04-01,,blank
300201150_,2024-05-01,,blank
300201150_,2024-06-01,,blank
300201150_,2024-07-01,,blank
300201150_,2024-08-01,,blank
300201150_,2024-09-01,,blank
300201150_,2024-10-01,,blank
300201150_,2024-11-01,,blank
300201150_,2024-12-01,,blank
300201150_,2025-01-01,,blank
300201150_,2025-02-01,,blank
300201150_,2025-03-01,,blank
300201150_,2025-04-01,,blank
300201150_,2025-05-01,252.0,observed
300201150_,2025-06-01,249.0,observed
300201150_,2025-07-01,136.0,observed
300201150_,2025-08-01,134.0,observed
300201150_,2025-09-01,130.0,observed
300201150_,2025-10-01,121.0,observed
300201150_,2025-11-01,102.0,observed
300201150_,2025-12-01,86.0,observed
300201150_,2026-01-01,83.0,observed
300201150_,2026-02-01,77.0,observed
300201150_,2026-03-01,75.0,observed
300201150_,2026-04-01,74.0,observed
300201150_,2026-05-01,46.0,observed
300201150_,2026-06-01,33.0,observed
300201150_,2026-07-01,65.0,observed
300201150_,2026-08-01,19.0,observed
300201150_,2026-09-01,18.0,observed
300201151_,2024-01-01,,blank
300201151_,2024-02-01,,blank
300201151_,2024-03-01,,blank
300201151_,2024-04-01,,blank
300201151_,2024-05-01,,blank
300201151_,2024-06-01,,blank
300201151_,2024-07-01,,blank
300201151_,2024-08-01,,blank
300201151_,2024-09-01,,blank
300201151_,2024-10-01,,blank
300201151_,2024-11-01,,blank
300201151_,2024-12-01,,blank
300201151_,2025-01-01,,blank
300201151_,2025-02-01,,blank
300201151_,2025-03-01,,blank
300201151_,2025-04-01,,blank
300201151_,2025-05-01,448.0,observed
300201151_,2025-06-01,430.0,observed
300201151_,2025-07-01,334.0,observed
300201151_,2025-08-01,322.0,observed
300201151_,2025-09-01,277.0,observed
300201151_,2025-10-01,55.0,observed
300201151_,2025-11-01,332.0,observed
300201151_,2025-12-01,325.0,observed
300201151_,2026-01-01,197.0,observed
300201151_,2026-02-01,186.0,observed
300201151_,2026-03-01,172.0,observed
300201151_,2026-04-01,159.0,observed
300201151_,2026-05-01,156.0,observed
300201151_,2026-06-01,133.0,observed
300201151_,2026-07-01,195.0,observed
300201151_,2026-08-01,159.0,observed
300201151_,2026-09-01,136.0,observed
300201152_,2024-01-01,,blank
300201152_,2024-02-01,,blank
300201152_,2024-03-01,,blank
300201152_,2024-04-01,,blank
300201152_,2024-05-01,,blank
300201152_,2024-06-01,,blank
300201152_,2024-07-01,,blank
300201152_,2024-08-01,,blank
300201152_,2024-09-01,,blank
300201152_,2024-10-01,,blank
300201152_,2024-11-01,,blank
300201152_,2024-12-01,,blank
300201152_,2025-01-01,,blank
300201152_,2025-02-01,,blank
300201152_,2025-03-01,,blank
300201152_,2025-04-01,,blank
300201152_,2025-05-01,240.0,observed
300201152_,2025-06-01,237.0,observed
300201152_,2025-07-01,186.0,observed
300201152_,2025-08-01,107.0,observed
300201152_,2025-09-01,68.0,observed
300201152_,2025-10-01,98.0,observed
300201152_,2025-11-01,86.0,observed
300201152_,2025-12-01,79.0,observed
300201152_,2026-01-01,39.0,observed
300201152_,2026-02-01,39.0,observed
300201152_,2026-03-01,61.0,observed
300201152_,2026-04-01,60.0,observed
300201152_,2026-05-01,65.0,observed
300201152_,2026-06-01,65.0,observed
300201152_,2026-07-01,41.0,observed
300201152_,2026-08-01,49.0,observed
300201152_,2026-09-01,42.0,observed
300201153_,2024-01-01,,blank
300201153_,2024-02-01,,blank
300201153_,2024-03-01,,blank
300201153_,2024-04-01,,blank
300201153_,2024-05-01,,blank
300201153_,2024-06-01,,blank
300201153_,2024-07-01,,blank
300201153_,2024-08-01,,blank
300201153_,2024-09-01,,blank
300201153_,2024-10-01,,blank
300201153_,2024-11-01,,blank
300201153_,2024-12-01,,blank
300201153_,2025-01-01,,blank
300201153_,2025-02-01,,blank
300201153_,2025-03-01,,blank
300201153_,2025-04-01,,blank
300201153_,2025-05-01,1176.0,observed
300201153_,2025-06-01,1158.0,observed
300201153_,2025-07-01,1084.0,observed
300201153_,2025-08-01,1046.0,observed
300201153_,2025-09-01,1005.0,observed
300201153_,2025-10-01,884.0,observed
300201153_,2025-11-01,872.0,observed
300201153_,2025-12-01,826.0,observed
300201153_,2026-01-01,656.0,observed
300201153_,2026-02-01,627.0,observed
300201153_,2026-03-01,524.0,observed
300201153_,2026-04-01,492.0,observed
300201153_,2026-05-01,442.0,observed
300201153_,2026-06-01,413.0,observed
300201153_,2026-07-01,370.0,observed
300201153_,2026-08-01,331.0,observed
300201153_,2026-09-01,273.0,observed
300201154_,2024-01-01,,blank
300201154_,2024-02-01,,blank
300201154_,2024-03-01,,blank
300201154_,2024-04-01,,blank
300201154_,2024-05-01,,blank
300201154_,2024-06-01,,blank
300201154_,2024-07-01,,blank
300201154_,2024-08-01,,blank
300201154_,2024-09-01,,blank
300201154_,2024-10-01,,blank
300201154_,2024-11-01,,blank
300201154_,2024-12-01,,blank
300201154_,2025-01-01,,blank
300201154_,2025-02-01,,blank
300201154_,2025-03-01,,blank
300201154_,2025-04-01,,blank
300201154_,2025-05-01,300.0,observed
300201154_,2025-06-01,293.0,observed
300201154_,2025-07-01,255.0,observed
300201154_,2025-08-01,249.0,observed
300201154_,2025-09-01,235.0,observed
300201154_,2025-10-01,234.0,observed
300201154_,2025-11-01,211.0,observed
300201154_,2025-12-01,176.0,observed
300201154_,2026-01-01,167.0,observed
300201154_,2026-02-01,144.0,observed
300201154_,2026-03-01,129.0,observed
300201154_,2026-04-01,128.0,observed
300201154_,2026-05-01,126.0,observed
300201154_,2026-06-01,125.0,observed
300201154_,2026-07-01,115.0,observed
300201154_,2026-08-01,109.0,observed
300201154_,2026-09-01,90.0,observed
300201155_,2024-01-01,,blank
300201155_,2024-02-01,,blank
300201155_,2024-03-01,,blank
300201155_,2024-04-01,,blank
300201155_,2024-05-01,,blank
300201155_,2024-06-01,,blank
300201155_,2024-07-01,,blank
300201155_,2024-08-01,,blank
300201155_,2024-09-01,,blank
300201155_,2024-10-01,,blank
300201155_,2024-11-01,,blank
300201155_,2024-12-01,,blank
300201155_,2025-01-01,,blank
300201155_,2025-02-01,,blank
300201155_,2025-03-01,,blank
300201155_,2025-04-01,,blank
300201155_,2025-05-01,,blank
300201155_,2025-06-01,1196.0,observed
300201155_,2025-07-01,1149.0,observed
300201155_,2025-08-01,1118.0,observed
300201155_,2025-09-01,1100.0,observed
300201155_,2025-10-01,1078.0,observed
300201155_,2025-11-01,1071.0,observed
300201155_,2025-12-01,1040.0,observed
300201155_,2026-01-01,967.0,observed
300201155_,2026-02-01,878.0,observed
300201155_,2026-03-01,837.0,observed
300201155_,2026-04-01,679.0,observed
300201155_,2026-05-01,629.0,observed
300201155_,2026-06-01,614.0,observed
300201155_,2026-07-01,588.0,observed
300201155_,2026-08-01,572.0,observed
300201155_,2026-09-01,517.0,observed
300200968_,2024-01-01,,blank
300200968_,2024-02-01,,blank
300200968_,2024-03-01,,blank
300200968_,2024-04-01,,blank
300200968_,2024-05-01,,blank
300200968_,2024-06-01,,blank
300200968_,2024-07-01,,blank
300200968_,2024-08-01,,blank
300200968_,2024-09-01,,blank
300200968_,2024-10-01,,blank
300200968_,2024-11-01,,blank
300200968_,2024-12-01,,blank
300200968_,2025-01-01,,blank
300200968_,2025-02-01,,blank
300200968_,2025-03-01,,blank
300200968_,2025-04-01,,blank
300200968_,2025-05-01,416.0,observed
300200968_,2025-06-01,337.0,observed
300200968_,2025-07-01,239.0,observed
300200968_,2025-08-01,211.0,observed
300200968_,2025-09-01,429.0,observed
300200968_,2025-10-01,344.0,observed
300200968_,2025-11-01,206.0,observed
300200968_,2025-12-01,292.0,observed
300200968_,2026-01-01,211.0,observed
300200968_,2026-02-01,166.0,observed
300200968_,2026-03-01,156.0,observed
300200968_,2026-04-01,180.0,observed
300200968_,2026-05-01,225.0,observed
300200968_,2026-06-01,249.0,observed
300200968_,2026-07-01,189.0,observed
300200968_,2026-08-01,267.0,observed
300200968_,2026-09-01,153.0,observed
300200967_,2024-01-01,,blank
300200967_,2024-02-01,,blank
300200967_,2024-03-01,,blank
300200967_,2024-04-01,,blank
300200967_,2024-05-01,,blank
300200967_,2024-06-01,,blank
300200967_,2024-07-01,,blank
300200967_,2024-08-01,,blank
300200967_,2024-09-01,,blank
300200967_,2024-10-01,,blank
300200967_,2024-11-01,,blank
300200967_,2024-12-01,,blank
300200967_,2025-01-01,,blank
300200967_,2025-02-01,,blank
300200967_,2025-03-01,,blank
300200967_,2025-04-01,,blank
300200967_,2025-05-01,3200.0,observed
300200967_,2025-06-01,3140.0,observed
300200967_,2025-07-01,3033.0,observed
300200967_,2025-08-01,2962.0,observed
300200967_,2025-09-01,2826.0,observed
300200967_,2025-10-01,2760.0,observed
300200967_,2025-11-01,2475.0,observed
300200967_,2025-12-01,2347.0,observed
300200967_,2026-01-01,2167.0,observed
300200967_,2026-02-01,2061.0,observed
300200967_,2026-03-01,1780.0,observed
300200967_,2026-04-01,1523.0,observed
300200967_,2026-05-01,1271.0,observed
300200967_,2026-06-01,1206.0,observed
300200967_,2026-07-01,965.0,observed
300200967_,2026-08-01,658.0,observed
300200967_,2026-09-01,407.0,observed
300200454_,2024-01-01,250.0,observed
300200454_,2024-02-01,,blank
300200454_,2024-03-01,,blank
300200454_,2024-04-01,,blank
300200454_,2024-05-01,,blank
300200454_,2024-06-01,,blank
300200454_,2024-07-01,,blank
300200454_,2024-08-01,,blank
300200454_,2024-09-01,,blank
300200454_,2024-10-01,,blank
300200454_,2024-11-01,,blank
300200454_,2024-12-01,,blank
300200454_,2025-01-01,,blank
300200454_,2025-02-01,,blank
300200454_,2025-03-01,,blank
300200454_,2025-04-01,,blank
300200454_,2025-05-01,,blank
300200454_,2025-06-01,,blank
300200454_,2025-07-01,,blank
300200454_,2025-08-01,,blank
300200454_,2025-09-01,,blank
300200454_,2025-10-01,,blank
300200454_,2025-11-01,,blank
300200454_,2025-12-01,,blank
300200454_,2026-01-01,,blank
300200454_,2026-02-01,,blank
300200454_,2026-03-01,,blank
300200454_,2026-04-01,,blank
300200454_,2026-05-01,,blank
300200454_,2026-06-01,,blank
300200454_,2026-07-01,,blank
300200454_,2026-08-01,,blank
300200454_,2026-09-01,,blank
300200456_,2024-01-01,,blank
300200456_,2024-02-01,,blank
300200456_,2024-03-01,,blank
300200456_,2024-04-01,,blank
300200456_,2024-05-01,,blank
300200456_,2024-06-01,,blank
300200456_,2024-07-01,,blank
300200456_,2024-08-01,,blank
300200456_,2024-09-01,,blank
300200456_,2024-10-01,,blank
300200456_,2024-11-01,,blank
300200456_,2024-12-01,,blank
300200456_,2025-01-01,,blank
300200456_,2025-02-01,,blank
300200456_,2025-03-01,,blank
300200456_,2025-04-01,,blank
300200456_,2025-05-01,,blank
300200456_,2025-06-01,,blank
300200456_,2025-07-01,,blank
300200456_,2025-08-01,,blank
300200456_,2025-09-01,,blank
300200456_,2025-10-01,,blank
300200456_,2025-11-01,,blank
300200456_,2025-12-01,,blank
300200456_,2026-01-01,,blank
300200456_,2026-02-01,,blank
300200456_,2026-03-01,,blank
300200456_,2026-04-01,,blank
300200456_,2026-05-01,,blank
300200456_,2026-06-01,,blank
300200456_,2026-07-01,,blank
300200456_,2026-08-01,,blank
300200456_,2026-09-01,,blank
300200404_,2024-01-01,,blank
300200404_,2024-02-01,,blank
300200404_,2024-03-01,,blank
300200404_,2024-04-01,,blank
300200404_,2024-05-01,,blank
300200404_,2024-06-01,,blank
300200404_,2024-07-01,,blank
300200404_,2024-08-01,,blank
300200404_,2024-09-01,,blank
300200404_,2024-10-01,,blank
300200404_,2024-11-01,,blank
300200404_,2024-12-01,,blank
300200404_,2025-01-01,,blank
300200404_,2025-02-01,,blank
300200404_,2025-03-01,,blank
300200404_,2025-04-01,,blank
300200404_,2025-05-01,,blank
300200404_,2025-06-01,,blank
300200404_,2025-07-01,,blank
300200404_,2025-08-01,,blank
300200404_,2025-09-01,,blank
300200404_,2025-10-01,,blank
300200404_,2025-11-01,,blank
300200404_,2025-12-01,,blank
300200404_,2026-01-01,,blank
300200404_,2026-02-01,,blank
300200404_,2026-03-01,,blank
300200404_,2026-04-01,,blank
300200404_,2026-05-01,,blank
300200404_,2026-06-01,,blank
300200404_,2026-07-01,,blank
300200404_,2026-08-01,,blank
300200404_,2026-09-01,,blank
BLNVA101013,2024-01-01,,blank
BLNVA101013,2024-02-01,,blank
BLNVA101013,2024-03-01,,blank
BLNVA101013,2024-04-01,,blank
BLNVA101013,2024-05-01,,blank
BLNVA101013,2024-06-01,,blank
BLNVA101013,2024-07-01,,blank
BLNVA101013,2024-08-01,60.0,observed
BLNVA101013,2024-09-01,60.0,observed
BLNVA101013,2024-10-01,60.0,observed
BLNVA101013,2024-11-01,60.0,observed
BLNVA101013,2024-12-01,60.0,observed
BLNVA101013,2025-01-01,60.0,observed
BLNVA101013,2025-02-01,,blank
BLNVA101013,2025-03-01,,blank
BLNVA101013,2025-04-01,,blank
BLNVA101013,2025-05-01,,blank
BLNVA101013,2025-06-01,,blank
BLNVA101013,2025-07-01,,blank
BLNVA101013,2025-08-01,,blank
BLNVA101013,2025-09-01,,blank
BLNVA101013,2025-10-01,,blank
BLNVA101013,2025-11-01,,blank
BLNVA101013,2025-12-01,,blank
BLNVA101013,2026-01-01,,blank
BLNVA101013,2026-02-01,,blank
BLNVA101013,2026-03-01,,blank
BLNVA101013,2026-04-01,,blank
BLNVA101013,2026-05-01,,blank
BLNVA101013,2026-06-01,,blank
BLNVA101013,2026-07-01,,blank
BLNVA101013,2026-08-01,,blank
BLNVA101013,2026-09-01,,blank
BLNVA101014,2024-01-01,,blank
BLNVA101014,2024-02-01,,blank
BLNVA101014,2024-03-01,,blank
BLNVA101014,2024-04-01,,blank
BLNVA101014,2024-05-01,,blank
BLNVA101014,2024-06-01,,blank
BLNVA101014,2024-07-01,,blank
BLNVA101014,2024-08-01,45.0,observed
BLNVA101014,2024-09-01,45.0,observed
BLNVA101014,2024-10-01,45.0,observed
BLNVA101014,2024-11-01,45.0,observed
BLNVA101014,2024-12-01,45.0,observed
BLNVA101014,2025-01-01,45.0,observed
BLNVA101014,2025-02-01,,blank
BLNVA101014,2025-03-01,,blank
BLNVA101014,2025-04-01,,blank
BLNVA101014,2025-05-01,,blank
BLNVA101014,2025-06-01,,blank
BLNVA101014,2025-07-01,,blank
BLNVA101014,2025-08-01,,blank
BLNVA101014,2025-09-01,,blank
BLNVA101014,2025-10-01,,blank
BLNVA101014,2025-11-01,,blank
BLNVA101014,2025-12-01,,blank
BLNVA101014,2026-01-01,,blank
BLNVA101014,2026-02-01,,blank
BLNVA101014,2026-03-01,,blank
BLNVA101014,2026-04-01,,blank
BLNVA101014,2026-05-01,,blank
BLNVA101014,2026-06-01,,blank
BLNVA101014,2026-07-01,,blank
BLNVA101014,2026-08-01,,blank
BLNVA101014,2026-09-01,,blank
BLNVA101015,2024-01-01,,blank
BLNVA101015,2024-02-01,,blank
BLNVA101015,2024-03-01,,blank
BLNVA101015,2024-04-01,,blank
BLNVA101015,2024-05-01,,blank
BLNVA101015,2024-06-01,,blank
BLNVA101015,2024-07-01,,blank
BLNVA101015,2024-08-01,11.0,observed
BLNVA101015,2024-09-01,11.0,observed
BLNVA101015,2024-10-01,11.0,observed
BLNVA101015,2024-11-01,11.0,observed
BLNVA101015,2024-12-01,11.0,observed
BLNVA101015,2025-01-01,11.0,observed
BLNVA101015,2025-02-01,,blank
BLNVA101015,2025-03-01,,blank
BLNVA101015,2025-04-01,,blank
BLNVA101015,2025-05-01,,blank
BLNVA101015,2025-06-01,,blank
BLNVA101015,2025-07-01,,blank
BLNVA101015,2025-08-01,,blank
BLNVA101015,2025-09-01,,blank
BLNVA101015,2025-10-01,,blank
BLNVA101015,2025-11-01,,blank
BLNVA101015,2025-12-01,,blank
BLNVA101015,2026-01-01,,blank
BLNVA101015,2026-02-01,,blank
BLNVA101015,2026-03-01,,blank
BLNVA101015,2026-04-01,,blank
BLNVA101015,2026-05-01,,blank
BLNVA101015,2026-06-01,,blank
BLNVA101015,2026-07-01,,blank
BLNVA101015,2026-08-01,,blank
BLNVA101015,2026-09-01,,blank
BLNVA106013,2024-01-01,,blank
BLNVA106013,2024-02-01,,blank
BLNVA106013,2024-03-01,,blank
BLNVA106013,2024-04-01,,blank
BLNVA106013,2024-05-01,,blank
BLNVA106013,2024-06-01,,blank
BLNVA106013,2024-07-01,,blank
BLNVA106013,2024-08-01,18.0,observed
BLNVA106013,2024-09-01,18.0,observed
BLNVA106013,2024-10-01,18.0,observed
BLNVA106013,2024-11-01,18.0,observed
BLNVA106013,2024-12-01,18.0,observed
BLNVA106013,2025-01-01,18.0,observed
BLNVA106013,2025-02-01,,blank
BLNVA106013,2025-03-01,,blank
BLNVA106013,2025-04-01,,blank
BLNVA106013,2025-05-01,,blank
BLNVA106013,2025-06-01,,blank
BLNVA106013,2025-07-01,,blank
BLNVA106013,2025-08-01,,blank
BLNVA106013,2025-09-01,,blank
BLNVA106013,2025-10-01,,blank
BLNVA106013,2025-11-01,,blank
BLNVA106013,2025-12-01,,blank
BLNVA106013,2026-01-01,,blank
BLNVA106013,2026-02-01,,blank
BLNVA106013,2026-03-01,,blank
BLNVA106013,2026-04-01,,blank
BLNVA106013,2026-05-01,,blank
BLNVA106013,2026-06-01,,blank
BLNVA106013,2026-07-01,,blank
BLNVA106013,2026-08-01,,blank
BLNVA106013,2026-09-01,,blank
BLNVA106014,2024-01-01,,blank
BLNVA106014,2024-02-01,,blank
BLNVA106014,2024-03-01,,blank
BLNVA106014,2024-04-01,,blank
BLNVA106014,2024-05-01,,blank
BLNVA106014,2024-06-01,,blank
BLNVA106014,2024-07-01,,blank
BLNVA106014,2024-08-01,22.0,observed
BLNVA106014,2024-09-01,22.0,observed
BLNVA106014,2024-10-01,22.0,observed
BLNVA106014,2024-11-01,22.0,observed
BLNVA106014,2024-12-01,22.0,observed
BLNVA106014,2025-01-01,22.0,observed
BLNVA106014,2025-02-01,,blank
BLNVA106014,2025-03-01,,blank
BLNVA106014,2025-04-01,,blank
BLNVA106014,2025-05-01,,blank
BLNVA106014,2025-06-01,,blank
BLNVA106014,2025-07-01,,blank
BLNVA106014,2025-08-01,,blank
BLNVA106014,2025-09-01,,blank
BLNVA106014,2025-10-01,,blank
BLNVA106014,2025-11-01,,blank
BLNVA106014,2025-12-01,,blank
BLNVA106014,2026-01-01,,blank
BLNVA106014,2026-02-01,,blank
BLNVA106014,2026-03-01,,blank
BLNVA106014,2026-04-01,,blank
BLNVA106014,2026-05-01,,blank
BLNVA106014,2026-06-01,,blank
BLNVA106014,2026-07-01,,blank
BLNVA106014,2026-08-01,,blank
BLNVA106014,2026-09-01,,blank
BLNVA106012,2024-01-01,,blank
BLNVA106012,2024-02-01,,blank
BLNVA106012,2024-03-01,,blank
BLNVA106012,2024-04-01,,blank
BLNVA106012,2024-05-01,,blank
BLNVA106012,2024-06-01,,blank
BLNVA106012,2024-07-01,,blank
BLNVA106012,2024-08-01,11.0,observed
BLNVA106012,2024-09-01,11.0,observed
BLNVA106012,2024-10-01,11.0,observed
BLNVA106012,2024-11-01,11.0,observed
BLNVA106012,2024-12-01,11.0,observed
BLNVA106012,2025-01-01,11.0,observed
BLNVA106012,2025-02-01,,blank
BLNVA106012,2025-03-01,,blank
BLNVA106012,2025-04-01,,blank
BLNVA106012,2025-05-01,,blank
BLNVA106012,2025-06-01,,blank
BLNVA106012,2025-07-01,,blank
BLNVA106012,2025-08-01,,blank
BLNVA106012,2025-09-01,,blank
BLNVA106012,2025-10-01,,blank
BLNVA106012,2025-11-01,,blank
BLNVA106012,2025-12-01,,blank
BLNVA106012,2026-01-01,,blank
BLNVA106012,2026-02-01,,blank
BLNVA106012,2026-03-01,,blank
BLNVA106012,2026-04-01,,blank
BLNVA106012,2026-05-01,,blank
BLNVA106012,2026-06-01,,blank
BLNVA106012,2026-07-01,,blank
BLNVA106012,2026-08-01,,blank
BLNVA106012,2026-09-01,,blank
BLNVA105013,2024-01-01,,blank
BLNVA105013,2024-02-01,,blank
BLNVA105013,2024-03-01,,blank
BLNVA105013,2024-04-01,,blank
BLNVA105013,2024-05-01,,blank
BLNVA105013,2024-06-01,,blank
BLNVA105013,2024-07-01,,blank
BLNVA105013,2024-08-01,60.0,observed
BLNVA105013,2024-09-01,60.0,observed
BLNVA105013,2024-10-01,60.0,observed
BLNVA105013,2024-11-01,60.0,observed
BLNVA105013,2024-12-01,60.0,observed
BLNVA105013,2025-01-01,60.0,observed
BLNVA105013,2025-02-01,,blank
BLNVA105013,2025-03-01,,blank
BLNVA105013,2025-04-01,,blank
BLNVA105013,2025-05-01,,blank
BLNVA105013,2025-06-01,,blank
BLNVA105013,2025-07-01,,blank
BLNVA105013,2025-08-01,,blank
BLNVA105013,2025-09-01,,blank
BLNVA105013,2025-10-01,,blank
BLNVA105013,2025-11-01,,blank
BLNVA105013,2025-12-01,,blank
BLNVA105013,2026-01-01,,blank
BLNVA105013,2026-02-01,,blank
BLNVA105013,2026-03-01,,blank
BLNVA105013,2026-04-01,,blank
BLNVA105013,2026-05-01,,blank
BLNVA105013,2026-06-01,,blank
BLNVA105013,2026-07-01,,blank
BLNVA105013,2026-08-01,,blank
BLNVA105013,2026-09-01,,blank
BLNVA105014,2024-01-01,,blank
BLNVA105014,2024-02-01,,blank
BLNVA105014,2024-03-01,,blank
BLNVA105014,2024-04-01,,blank
BLNVA105014,2024-05-01,,blank
BLNVA105014,2024-06-01,,blank
BLNVA105014,2024-07-01,,blank
BLNVA105014,2024-08-01,20.0,observed
BLNVA105014,2024-09-01,20.0,observed
BLNVA105014,2024-10-01,20.0,observed
BLNVA105014,2024-11-01,20.0,observed
BLNVA105014,2024-12-01,20.0,observed
BLNVA105014,2025-01-01,20.0,observed
BLNVA105014,2025-02-01,,blank
BLNVA105014,2025-03-01,,blank
BLNVA105014,2025-04-01,,blank
BLNVA105014,2025-05-01,,blank
BLNVA105014,2025-06-01,,blank
BLNVA105014,2025-07-01,,blank
BLNVA105014,2025-08-01,,blank
BLNVA105014,2025-09-01,,blank
BLNVA105014,2025-10-01,,blank
BLNVA105014,2025-11-01,,blank
BLNVA105014,2025-12-01,,blank
BLNVA105014,2026-01-01,,blank
BLNVA105014,2026-02-01,,blank
BLNVA105014,2026-03-01,,blank
BLNVA105014,2026-04-01,,blank
BLNVA105014,2026-05-01,,blank
BLNVA105014,2026-06-01,,blank
BLNVA105014,2026-07-01,,blank
BLNVA105014,2026-08-01,,blank
BLNVA105014,2026-09-01,,blank
BLNVA105015,2024-01-01,,blank
BLNVA105015,2024-02-01,,blank
BLNVA105015,2024-03-01,,blank
BLNVA105015,2024-04-01,,blank
BLNVA105015,2024-05-01,,blank
BLNVA105015,2024-06-01,,blank
BLNVA105015,2024-07-01,,blank
BLNVA105015,2024-08-01,35.0,observed
BLNVA105015,2024-09-01,35.0,observed
BLNVA105015,2024-10-01,35.0,observed
BLNVA105015,2024-11-01,35.0,observed
BLNVA105015,2024-12-01,35.0,observed
BLNVA105015,2025-01-01,35.0,observed
BLNVA105015,2025-02-01,,blank
BLNVA105015,2025-03-01,,blank
BLNVA105015,2025-04-01,,blank
BLNVA105015,2025-05-01,,blank
BLNVA105015,2025-06-01,,blank
BLNVA105015,2025-07-01,,blank
BLNVA105015,2025-08-01,,blank
BLNVA105015,2025-09-01,,blank
BLNVA105015,2025-10-01,,blank
BLNVA105015,2025-11-01,,blank
BLNVA105015,2025-12-01,,blank
BLNVA105015,2026-01-01,,blank
BLNVA105015,2026-02-01,,blank
BLNVA105015,2026-03-01,,blank
BLNVA105015,2026-04-01,,blank
BLNVA105015,2026-05-01,,blank
BLNVA105015,2026-06-01,,blank
BLNVA105015,2026-07-01,,blank
BLNVA105015,2026-08-01,,blank
BLNVA105015,2026-09-01,,blank
BLNRA000315,2024-01-01,,blank
BLNRA000315,2024-02-01,,blank
BLNRA000315,2024-03-01,,blank
BLNRA000315,2024-04-01,,blank
BLNRA000315,2024-05-01,,blank
BLNRA000315,2024-06-01,,blank
BLNRA000315,2024-07-01,,blank
BLNRA000315,2024-08-01,60.0,observed
BLNRA000315,2024-09-01,60.0,observed
BLNRA000315,2024-10-01,60.0,observed
BLNRA000315,2024-11-01,60.0,observed
BLNRA000315,2024-12-01,60.0,observed
BLNRA000315,2025-01-01,60.0,observed
BLNRA000315,2025-02-01,,blank
BLNRA000315,2025-03-01,,blank
BLNRA000315,2025-04-01,,blank
BLNRA000315,2025-05-01,,blank
BLNRA000315,2025-06-01,,blank
BLNRA000315,2025-07-01,,blank
BLNRA000315,2025-08-01,,blank
BLNRA000315,2025-09-01,,blank
BLNRA000315,2025-10-01,,blank
BLNRA000315,2025-11-01,,blank
BLNRA000315,2025-12-01,,blank
BLNRA000315,2026-01-01,,blank
BLNRA000315,2026-02-01,,blank
BLNRA000315,2026-03-01,,blank
BLNRA000315,2026-04-01,,blank
BLNRA000315,2026-05-01,,blank
BLNRA000315,2026-06-01,,blank
BLNRA000315,2026-07-01,,blank
BLNRA000315,2026-08-01,,blank
BLNRA000315,2026-09-01,,blank
BLNRA010312,2024-01-01,,blank
BLNRA010312,2024-02-01,,blank
BLNRA010312,2024-03-01,,blank
BLNRA010312,2024-04-01,,blank
BLNRA010312,2024-05-01,,blank
BLNRA010312,2024-06-01,,blank
BLNRA010312,2024-07-01,,blank
BLNRA010312,2024-08-01,3.0,observed
BLNRA010312,2024-09-01,3.0,observed
BLNRA010312,2024-10-01,3.0,observed
BLNRA010312,2024-11-01,3.0,observed
BLNRA010312,2024-12-01,3.0,observed
BLNRA010312,2025-01-01,3.0,observed
BLNRA010312,2025-02-01,,blank
BLNRA010312,2025-03-01,,blank
BLNRA010312,2025-04-01,,blank
BLNRA010312,2025-05-01,,blank
BLNRA010312,2025-06-01,,blank
BLNRA010312,2025-07-01,,blank
BLNRA010312,2025-08-01,,blank
BLNRA010312,2025-09-01,,blank
BLNRA010312,2025-10-01,,blank
BLNRA010312,2025-11-01,,blank
BLNRA010312,2025-12-01,,blank
BLNRA010312,2026-01-01,,blank
BLNRA010312,2026-02-01,,blank
BLNRA010312,2026-03-01,,blank
BLNRA010312,2026-04-01,,blank
BLNRA010312,2026-05-01,,blank
BLNRA010312,2026-06-01,,blank
BLNRA010312,2026-07-01,,blank
BLNRA010312,2026-08-01,,blank
BLNRA010312,2026-09-01,,blank
BLNRA010313,2024-01-01,,blank
BLNRA010313,2024-02-01,,blank
BLNRA010313,2024-03-01,,blank
BLNRA010313,2024-04-01,,blank
BLNRA010313,2024-05-01,,blank
BLNRA010313,2024-06-01,,blank
BLNRA010313,2024-07-01,,blank
BLNRA010313,2024-08-01,43.0,observed
BLNRA010313,2024-09-01,43.0,observed
BLNRA010313,2024-10-01,43.0,observed
BLNRA010313,2024-11-01,43.0,observed
BLNRA010313,2024-12-01,43.0,observed
BLNRA010313,2025-01-01,43.0,observed
BLNRA010313,2025-02-01,,blank
BLNRA010313,2025-03-01,,blank
BLNRA010313,2025-04-01,,blank
BLNRA010313,2025-05-01,,blank
BLNRA010313,2025-06-01,,blank
BLNRA010313,2025-07-01,,blank
BLNRA010313,2025-08-01,,blank
BLNRA010313,2025-09-01,,blank
BLNRA010313,2025-10-01,,blank
BLNRA010313,2025-11-01,,blank
BLNRA010313,2025-12-01,,blank
BLNRA010313,2026-01-01,,blank
BLNRA010313,2026-02-01,,blank
BLNRA010313,2026-03-01,,blank
BLNRA010313,2026-04-01,,blank
BLNRA010313,2026-05-01,,blank
BLNRA010313,2026-06-01,,blank
BLNRA010313,2026-07-01,,blank
BLNRA010313,2026-08-01,,blank
BLNRA010313,2026-09-01,,blank
BLNRA010314,2024-01-01,,blank
BLNRA010314,2024-02-01,,blank
BLNRA010314,2024-03-01,,blank
BLNRA010314,2024-04-01,,blank
BLNRA010314,2024-05-01,,blank
BLNRA010314,2024-06-01,,blank
BLNRA010314,2024-07-01,,blank
BLNRA010314,2024-08-01,26.0,observed
BLNRA010314,2024-09-01,26.0,observed
BLNRA010314,2024-10-01,26.0,observed
BLNRA010314,2024-11-01,26.0,observed
BLNRA010314,2024-12-01,26.0,observed
BLNRA010314,2025-01-01,26.0,observed
BLNRA010314,2025-02-01,,blank
BLNRA010314,2025-03-01,,blank
BLNRA010314,2025-04-01,,blank
BLNRA010314,2025-05-01,,blank
BLNRA010314,2025-06-01,,blank
BLNRA010314,2025-07-01,,blank
BLNRA010314,2025-08-01,,blank
BLNRA010314,2025-09-01,,blank
BLNRA010314,2025-10-01,,blank
BLNRA010314,2025-11-01,,blank
BLNRA010314,2025-12-01,,blank
BLNRA010314,2026-01-01,,blank
BLNRA010314,2026-02-01,,blank
BLNRA010314,2026-03-01,,blank
BLNRA010314,2026-04-01,,blank
BLNRA010314,2026-05-01,,blank
BLNRA010314,2026-06-01,,blank
BLNRA010314,2026-07-01,,blank
BLNRA010314,2026-08-01,,blank
BLNRA010314,2026-09-01,,blank
BLNRA010315,2024-01-01,,blank
BLNRA010315,2024-02-01,,blank
BLNRA010315,2024-03-01,,blank
BLNRA010315,2024-04-01,,blank
BLNRA010315,2024-05-01,,blank
BLNRA010315,2024-06-01,,blank
BLNRA010315,2024-07-01,,blank
BLNRA010315,2024-08-01,16.0,observed
BLNRA010315,2024-09-01,16.0,observed
BLNRA010315,2024-10-01,16.0,observed
BLNRA010315,2024-11-01,16.0,observed
BLNRA010315,2024-12-01,16.0,observed
BLNRA010315,2025-01-01,16.0,observed
BLNRA010315,2025-02-01,,blank
BLNRA010315,2025-03-01,,blank
BLNRA010315,2025-04-01,,blank
BLNRA010315,2025-05-01,,blank
BLNRA010315,2025-06-01,,blank
BLNRA010315,2025-07-01,,blank
BLNRA010315,2025-08-01,,blank
BLNRA010315,2025-09-01,,blank
BLNRA010315,2025-10-01,,blank
BLNRA010315,2025-11-01,,blank
BLNRA010315,2025-12-01,,blank
BLNRA010315,2026-01-01,,blank
BLNRA010315,2026-02-01,,blank
BLNRA010315,2026-03-01,,blank
BLNRA010315,2026-04-01,,blank
BLNRA010315,2026-05-01,,blank
BLNRA010315,2026-06-01,,blank
BLNRA010315,2026-07-01,,blank
BLNRA010315,2026-08-01,,blank
BLNRA010315,2026-09-01,,blank
BLNRA000415,2024-01-01,,blank
BLNRA000415,2024-02-01,,blank
BLNRA000415,2024-03-01,,blank
BLNRA000415,2024-04-01,,blank
BLNRA000415,2024-05-01,,blank
BLNRA000415,2024-06-01,,blank
BLNRA000415,2024-07-01,,blank
BLNRA000415,2024-08-01,38.0,observed
BLNRA000415,2024-09-01,38.0,observed
BLNRA000415,2024-10-01,38.0,observed
BLNRA000415,2024-11-01,38.0,observed
BLNRA000415,2024-12-01,38.0,observed
BLNRA000415,2025-01-01,38.0,observed
BLNRA000415,2025-02-01,,blank
BLNRA000415,2025-03-01,,blank
BLNRA000415,2025-04-01,,blank
BLNRA000415,2025-05-01,,blank
BLNRA000415,2025-06-01,,blank
BLNRA000415,2025-07-01,,blank
BLNRA000415,2025-08-01,,blank
BLNRA000415,2025-09-01,,blank
BLNRA000415,2025-10-01,,blank
BLNRA000415,2025-11-01,,blank
BLNRA000415,2025-12-01,,blank
BLNRA000415,2026-01-01,,blank
BLNRA000415,2026-02-01,,blank
BLNRA000415,2026-03-01,,blank
BLNRA000415,2026-04-01,,blank
BLNRA000415,2026-05-01,,blank
BLNRA000415,2026-06-01,,blank
BLNRA000415,2026-07-01,,blank
BLNRA000415,2026-08-01,,blank
BLNRA000415,2026-09-01,,blank
BLNRA010213,2024-01-01,,blank
BLNRA010213,2024-02-01,,blank
BLNRA010213,2024-03-01,,blank
BLNRA010213,2024-04-01,,blank
BLNRA010213,2024-05-01,,blank
BLNRA010213,2024-06-01,,blank
BLNRA010213,2024-07-01,,blank
BLNRA010213,2024-08-01,47.0,observed
BLNRA010213,2024-09-01,47.0,observed
BLNRA010213,2024-10-01,47.0,observed
BLNRA010213,2024-11-01,47.0,observed
BLNRA010213,2024-12-01,47.0,observed
BLNRA010213,2025-01-01,47.0,observed
BLNRA010213,2025-02-01,,blank
BLNRA010213,2025-03-01,,blank
BLNRA010213,2025-04-01,,blank
BLNRA010213,2025-05-01,,blank
BLNRA010213,2025-06-01,,blank
BLNRA010213,2025-07-01,,blank
BLNRA010213,2025-08-01,,blank
BLNRA010213,2025-09-01,,blank
BLNRA010213,2025-10-01,,blank
BLNRA010213,2025-11-01,,blank
BLNRA010213,2025-12-01,,blank
BLNRA010213,2026-01-01,,blank
BLNRA010213,2026-02-01,,blank
BLNRA010213,2026-03-01,,blank
BLNRA010213,2026-04-01,,blank
BLNRA010213,2026-05-01,,blank
BLNRA010213,2026-06-01,,blank
BLNRA010213,2026-07-01,,blank
BLNRA010213,2026-08-01,,blank
BLNRA010213,2026-09-01,,blank
BLNRA010215,2024-01-01,,blank
BLNRA010215,2024-02-01,,blank
BLNRA010215,2024-03-01,,blank
BLNRA010215,2024-04-01,,blank
BLNRA010215,2024-05-01,,blank
BLNRA010215,2024-06-01,,blank
BLNRA010215,2024-07-01,,blank
BLNRA010215,2024-08-01,24.0,observed
BLNRA010215,2024-09-01,24.0,observed
BLNRA010215,2024-10-01,24.0,observed
BLNRA010215,2024-11-01,24.0,observed
BLNRA010215,2024-12-01,24.0,observed
BLNRA010215,2025-01-01,24.0,observed
BLNRA010215,2025-02-01,,blank
BLNRA010215,2025-03-01,,blank
BLNRA010215,2025-04-01,,blank
BLNRA010215,2025-05-01,,blank
BLNRA010215,2025-06-01,,blank
BLNRA010215,2025-07-01,,blank
BLNRA010215,2025-08-01,,blank
BLNRA010215,2025-09-01,,blank
BLNRA010215,2025-10-01,,blank
BLNRA010215,2025-11-01,,blank
BLNRA010215,2025-12-01,,blank
BLNRA010215,2026-01-01,,blank
BLNRA010215,2026-02-01,,blank
BLNRA010215,2026-03-01,,blank
BLNRA010215,2026-04-01,,blank
BLNRA010215,2026-05-01,,blank
BLNRA010215,2026-06-01,,blank
BLNRA010215,2026-07-01,,blank
BLNRA010215,2026-08-01,,blank
BLNRA010215,2026-09-01,,blank
BLNIA045003,2024-01-01,,blank
BLNIA045003,2024-02-01,,blank
BLNIA045003,2024-03-01,,blank
BLNIA045003,2024-04-01,,blank
BLNIA045003,2024-05-01,,blank
BLNIA045003,2024-06-01,,blank
BLNIA045003,2024-07-01,,blank
BLNIA045003,2024-08-01,26.0,observed
BLNIA045003,2024-09-01,26.0,observed
BLNIA045003,2024-10-01,26.0,observed
BLNIA045003,2024-11-01,26.0,observed
BLNIA045003,2024-12-01,26.0,observed
BLNIA045003,2025-01-01,26.0,observed
BLNIA045003,2025-02-01,,blank
BLNIA045003,2025-03-01,,blank
BLNIA045003,2025-04-01,,blank
BLNIA045003,2025-05-01,,blank
BLNIA045003,2025-06-01,,blank
BLNIA045003,2025-07-01,,blank
BLNIA045003,2025-08-01,,blank
BLNIA045003,2025-09-01,,blank
BLNIA045003,2025-10-01,,blank
BLNIA045003,2025-11-01,,blank
BLNIA045003,2025-12-01,,blank
BLNIA045003,2026-01-01,,blank
BLNIA045003,2026-02-01,,blank
BLNIA045003,2026-03-01,,blank
BLNIA045003,2026-04-01,,blank
BLNIA045003,2026-05-01,,blank
BLNIA045003,2026-06-01,,blank
BLNIA045003,2026-07-01,,blank
BLNIA045003,2026-08-01,,blank
BLNIA045003,2026-09-01,,blank
BLNRA110115,2024-01-01,,blank
BLNRA110115,2024-02-01,,blank
BLNRA110115,2024-03-01,,blank
BLNRA110115,2024-04-01,,blank
BLNRA110115,2024-05-01,,blank
BLNRA110115,2024-06-01,,blank
BLNRA110115,2024-07-01,,blank
BLNRA110115,2024-08-01,1.0,observed
BLNRA110115,2024-09-01,1.0,observed
BLNRA110115,2024-10-01,1.0,observed
BLNRA110115,2024-11-01,1.0,observed
BLNRA110115,2024-12-01,1.0,observed
BLNRA110115,2025-01-01,1.0,observed
BLNRA110115,2025-02-01,,blank
BLNRA110115,2025-03-01,,blank
BLNRA110115,2025-04-01,,blank
BLNRA110115,2025-05-01,,blank
BLNRA110115,2025-06-01,,blank
BLNRA110115,2025-07-01,,blank
BLNRA110115,2025-08-01,,blank
BLNRA110115,2025-09-01,,blank
BLNRA110115,2025-10-01,,blank
BLNRA110115,2025-11-01,,blank
BLNRA110115,2025-12-01,,blank
BLNRA110115,2026-01-01,,blank
BLNRA110115,2026-02-01,,blank
BLNRA110115,2026-03-01,,blank
BLNRA110115,2026-04-01,,blank
BLNRA110115,2026-05-01,,blank
BLNRA110115,2026-06-01,,blank
BLNRA110115,2026-07-01,,blank
BLNRA110115,2026-08-01,,blank
BLNRA110115,2026-09-01,,blank
300200410_,2024-01-01,,blank
300200410_,2024-02-01,,blank
300200410_,2024-03-01,,blank
300200410_,2024-04-01,,blank
300200410_,2024-05-01,,blank
300200410_,2024-06-01,,blank
300200410_,2024-07-01,,blank
300200410_,2024-08-01,,blank
300200410_,2024-09-01,,blank
300200410_,2024-10-01,,blank
300200410_,2024-11-01,,blank
300200410_,2024-12-01,,blank
300200410_,2025-01-01,,blank
300200410_,2025-02-01,,blank
300200410_,2025-03-01,,blank
300200410_,2025-04-01,,blank
300200410_,2025-05-01,,blank
300200410_,2025-06-01,,blank
300200410_,2025-07-01,,blank
300200410_,2025-08-01,,blank
300200410_,2025-09-01,,blank
300200410_,2025-10-01,,blank
300200410_,2025-11-01,,blank
300200410_,2025-12-01,,blank
300200410_,2026-01-01,,blank
300200410_,2026-02-01,,blank
300200410_,2026-03-01,,blank
300200410_,2026-04-01,,blank
300200410_,2026-05-01,,blank
300200410_,2026-06-01,,blank
300200410_,2026-07-01,,blank
300200410_,2026-08-01,,blank
300200410_,2026-09-01,,blank
300200351_,2024-01-01,,blank
300200351_,2024-02-01,,blank
300200351_,2024-03-01,,blank
300200351_,2024-04-01,,blank
300200351_,2024-05-01,,blank
300200351_,2024-06-01,,blank
300200351_,2024-07-01,,blank
300200351_,2024-08-01,,blank
300200351_,2024-09-01,,blank
300200351_,2024-10-01,,blank
300200351_,2024-11-01,,blank
300200351_,2024-12-01,,blank
300200351_,2025-01-01,,blank
300200351_,2025-02-01,,blank
300200351_,2025-03-01,,blank
300200351_,2025-04-01,,blank
300200351_,2025-05-01,,blank
300200351_,2025-06-01,,blank
300200351_,2025-07-01,,blank
300200351_,2025-08-01,,blank
300200351_,2025-09-01,,blank
300200351_,2025-10-01,,blank
300200351_,2025-11-01,,blank
300200351_,2025-12-01,,blank
300200351_,2026-01-01,,blank
300200351_,2026-02-01,,blank
300200351_,2026-03-01,,blank
300200351_,2026-04-01,,blank
300200351_,2026-05-01,,blank
300200351_,2026-06-01,,blank
300200351_,2026-07-01,,blank
300200351_,2026-08-01,,blank
300200351_,2026-09-01,,blank
300200413_,2024-01-01,1.0,observed
300200413_,2024-02-01,,blank
300200413_,2024-03-01,,blank
300200413_,2024-04-01,22.0,observed
300200413_,2024-05-01,52.0,observed
300200413_,2024-06-01,36.0,observed
300200413_,2024-07-01,26.0,observed
300200413_,2024-08-01,55.0,observed
300200413_,2024-09-01,26.0,observed
300200413_,2024-10-01,4.0,observed
300200413_,2024-11-01,51.0,observed
300200413_,2024-12-01,58.0,observed
300200413_,2025-01-01,24.0,observed
300200413_,2025-02-01,56.0,observed
300200413_,2025-03-01,61.0,observed
300200413_,2025-04-01,49.0,observed
300200413_,2025-05-01,90.0,observed
300200413_,2025-06-01,91.0,observed
300200413_,2025-07-01,77.0,observed
300200413_,2025-08-01,86.0,observed
300200413_,2025-09-01,69.0,observed
300200413_,2025-10-01,63.0,observed
300200413_,2025-11-01,43.0,observed
300200413_,2025-12-01,55.0,observed
300200413_,2026-01-01,40.0,observed
300200413_,2026-02-01,31.0,observed
300200413_,2026-03-01,36.0,observed
300200413_,2026-04-01,51.0,observed
300200413_,2026-05-01,46.0,observed
300200413_,2026-06-01,33.0,observed
300200413_,2026-07-01,36.0,observed
300200413_,2026-08-01,28.0,observed
300200413_,2026-09-01,29.0,observed
300200412_,2024-01-01,,blank
300200412_,2024-02-01,,blank
300200412_,2024-03-01,,blank
300200412_,2024-04-01,,blank
300200412_,2024-05-01,,blank
300200412_,2024-06-01,,blank
300200412_,2024-07-01,,blank
300200412_,2024-08-01,,blank
300200412_,2024-09-01,,blank
300200412_,2024-10-01,,blank
300200412_,2024-11-01,,blank
300200412_,2024-12-01,,blank
300200412_,2025-01-01,,blank
300200412_,2025-02-01,,blank
300200412_,2025-03-01,,blank
300200412_,2025-04-01,,blank
300200412_,2025-05-01,,blank
300200412_,2025-06-01,,blank
300200412_,2025-07-01,,blank
300200412_,2025-08-01,,blank
300200412_,2025-09-01,,blank
300200412_,2025-10-01,,blank
300200412_,2025-11-01,,blank
300200412_,2025-12-01,,blank
300200412_,2026-01-01,,blank
300200412_,2026-02-01,,blank
300200412_,2026-03-01,,blank
300200412_,2026-04-01,,blank
300200412_,2026-05-01,,blank
300200412_,2026-06-01,,blank
300200412_,2026-07-01,,blank
300200412_,2026-08-01,,blank
300200412_,2026-09-01,,blank
010400436_,2024-01-01,34.0,observed
010400436_,2024-02-01,8.0,observed
010400436_,2024-03-01,5.0,observed
010400436_,2024-04-01,134.0,observed
010400436_,2024-05-01,458.0,observed
010400436_,2024-06-01,400.0,observed
010400436_,2024-07-01,319.0,observed
010400436_,2024-08-01,406.0,observed
010400436_,2024-09-01,306.0,observed
010400436_,2024-10-01,237.0,observed
010400436_,2024-11-01,205.0,observed
010400436_,2024-12-01,213.0,observed
010400436_,2025-01-01,296.0,observed
010400436_,2025-02-01,278.0,observed
010400436_,2025-03-01,298.0,observed
010400436_,2025-04-01,585.0,observed
010400436_,2025-05-01,538.0,observed
010400436_,2025-06-01,510.0,observed
010400436_,2025-07-01,432.0,observed
010400436_,2025-08-01,348.0,observed
010400436_,2025-09-01,315.0,observed
010400436_,2025-10-01,266.0,observed
010400436_,2025-11-01,205.0,observed
010400436_,2025-12-01,230.0,observed
010400436_,2026-01-01,217.0,observed
010400436_,2026-02-01,196.0,observed
010400436_,2026-03-01,190.0,observed
010400436_,2026-04-01,181.0,observed
010400436_,2026-05-01,151.0,observed
010400436_,2026-06-01,129.0,observed
010400436_,2026-07-01,109.0,observed
010400436_,2026-08-01,84.0,observed
010400436_,2026-09-01,67.0,observed
010400432_,2024-01-01,9.0,observed
010400432_,2024-02-01,9.0,observed
010400432_,2024-03-01,52.0,observed
010400432_,2024-04-01,95.0,observed
010400432_,2024-05-01,208.0,observed
010400432_,2024-06-01,204.0,observed
010400432_,2024-07-01,176.0,observed
010400432_,2024-08-01,129.0,observed
010400432_,2024-09-01,35.0,observed
010400432_,2024-10-01,114.0,observed
010400432_,2024-11-01,85.0,observed
010400432_,2024-12-01,115.0,observed
010400432_,2025-01-01,114.0,observed
010400432_,2025-02-01,108.0,observed
010400432_,2025-03-01,129.0,observed
010400432_,2025-04-01,197.0,observed
010400432_,2025-05-01,184.0,observed
010400432_,2025-06-01,176.0,observed
010400432_,2025-07-01,169.0,observed
010400432_,2025-08-01,164.0,observed
010400432_,2025-09-01,146.0,observed
010400432_,2025-10-01,145.0,observed
010400432_,2025-11-01,133.0,observed
010400432_,2025-12-01,128.0,observed
010400432_,2026-01-01,126.0,observed
010400432_,2026-02-01,118.0,observed
010400432_,2026-03-01,117.0,observed
010400432_,2026-04-01,111.0,observed
010400432_,2026-05-01,105.0,observed
010400432_,2026-06-01,101.0,observed
010400432_,2026-07-01,93.0,observed
010400432_,2026-08-01,87.0,observed
010400432_,2026-09-01,84.0,observed
010400440_,2024-01-01,18.0,observed
010400440_,2024-02-01,9.0,observed
010400440_,2024-03-01,6.0,observed
010400440_,2024-04-01,81.0,observed
010400440_,2024-05-01,281.0,observed
010400440_,2024-06-01,219.0,observed
010400440_,2024-07-01,188.0,observed
010400440_,2024-08-01,305.0,observed
010400440_,2024-09-01,236.0,observed
010400440_,2024-10-01,206.0,observed
010400440_,2024-11-01,138.0,observed
010400440_,2024-12-01,143.0,observed
010400440_,2025-01-01,173.0,observed
010400440_,2025-02-01,166.0,observed
010400440_,2025-03-01,170.0,observed
010400440_,2025-04-01,130.0,observed
010400440_,2025-05-01,254.0,observed
010400440_,2025-06-01,213.0,observed
010400440_,2025-07-01,173.0,observed
010400440_,2025-08-01,151.0,observed
010400440_,2025-09-01,128.0,observed
010400440_,2025-10-01,150.0,observed
010400440_,2025-11-01,133.0,observed
010400440_,2025-12-01,146.0,observed
010400440_,2026-01-01,124.0,observed
010400440_,2026-02-01,104.0,observed
010400440_,2026-03-01,86.0,observed
010400440_,2026-04-01,100.0,observed
010400440_,2026-05-01,82.0,observed
010400440_,2026-06-01,65.0,observed
010400440_,2026-07-01,42.0,observed
010400440_,2026-08-01,45.0,observed
010400440_,2026-09-01,46.0,observed
010400444_,2024-01-01,86.0,observed
010400444_,2024-02-01,13.0,observed
010400444_,2024-03-01,11.0,observed
010400444_,2024-04-01,142.0,observed
010400444_,2024-05-01,624.0,observed
010400444_,2024-06-01,509.0,observed
010400444_,2024-07-01,376.0,observed
010400444_,2024-08-01,559.0,observed
010400444_,2024-09-01,406.0,observed
010400444_,2024-10-01,382.0,observed
010400444_,2024-11-01,311.0,observed
010400444_,2024-12-01,388.0,observed
010400444_,2025-01-01,419.0,observed
010400444_,2025-02-01,404.0,observed
010400444_,2025-03-01,454.0,observed
010400444_,2025-04-01,353.0,observed
010400444_,2025-05-01,749.0,observed
010400444_,2025-06-01,647.0,observed
010400444_,2025-07-01,543.0,observed
010400444_,2025-08-01,429.0,observed
010400444_,2025-09-01,354.0,observed
010400444_,2025-10-01,420.0,observed
010400444_,2025-11-01,392.0,observed
010400444_,2025-12-01,418.0,observed
010400444_,2026-01-01,378.0,observed
010400444_,2026-02-01,340.0,observed
010400444_,2026-03-01,280.0,observed
010400444_,2026-04-01,272.0,observed
010400444_,2026-05-01,222.0,observed
010400444_,2026-06-01,167.0,observed
010400444_,2026-07-01,114.0,observed
010400444_,2026-08-01,132.0,observed
010400444_,2026-09-01,90.0,observed
010400447_,2024-01-01,49.0,observed
010400447_,2024-02-01,3.0,observed
010400447_,2024-03-01,112.0,observed
010400447_,2024-04-01,160.0,observed
010400447_,2024-05-01,501.0,observed
010400447_,2024-06-01,427.0,observed
010400447_,2024-07-01,324.0,observed
010400447_,2024-08-01,450.0,observed
010400447_,2024-09-01,312.0,observed
010400447_,2024-10-01,334.0,observed
010400447_,2024-11-01,265.0,observed
010400447_,2024-12-01,342.0,observed
010400447_,2025-01-01,348.0,observed
010400447_,2025-02-01,371.0,observed
010400447_,2025-03-01,356.0,observed
010400447_,2025-04-01,699.0,observed
010400447_,2025-05-01,603.0,observed
010400447_,2025-06-01,530.0,observed
010400447_,2025-07-01,482.0,observed
010400447_,2025-08-01,392.0,observed
010400447_,2025-09-01,311.0,observed
010400447_,2025-10-01,346.0,observed
010400447_,2025-11-01,296.0,observed
010400447_,2025-12-01,282.0,observed
010400447_,2026-01-01,248.0,observed
010400447_,2026-02-01,220.0,observed
010400447_,2026-03-01,183.0,observed
010400447_,2026-04-01,150.0,observed
010400447_,2026-05-01,127.0,observed
010400447_,2026-06-01,79.0,observed
010400447_,2026-07-01,39.0,observed
010400447_,2026-08-01,10.0,observed
010400447_,2026-09-01,76.0,observed
010400433_,2024-01-01,5.0,observed
010400433_,2024-02-01,1.0,observed
010400433_,2024-03-01,59.0,observed
010400433_,2024-04-01,96.0,observed
010400433_,2024-05-01,188.0,observed
010400433_,2024-06-01,146.0,observed
010400433_,2024-07-01,130.0,observed
010400433_,2024-08-01,182.0,observed
010400433_,2024-09-01,131.0,observed
010400433_,2024-10-01,65.0,observed
010400433_,2024-11-01,33.0,observed
010400433_,2024-12-01,105.0,observed
010400433_,2025-01-01,202.0,observed
010400433_,2025-02-01,172.0,observed
010400433_,2025-03-01,161.0,observed
010400433_,2025-04-01,320.0,observed
010400433_,2025-05-01,308.0,observed
010400433_,2025-06-01,303.0,observed
010400433_,2025-07-01,292.0,observed
010400433_,2025-08-01,274.0,observed
010400433_,2025-09-01,206.0,observed
010400433_,2025-10-01,212.0,observed
010400433_,2025-11-01,203.0,observed
010400433_,2025-12-01,197.0,observed
010400433_,2026-01-01,185.0,observed
010400433_,2026-02-01,182.0,observed
010400433_,2026-03-01,180.0,observed
010400433_,2026-04-01,176.0,observed
010400433_,2026-05-01,166.0,observed
010400433_,2026-06-01,157.0,observed
010400433_,2026-07-01,149.0,observed
010400433_,2026-08-01,138.0,observed
010400433_,2026-09-01,65.0,observed
010400437_,2024-01-01,3.0,observed
010400437_,2024-02-01,1.0,observed
010400437_,2024-03-01,1.0,observed
010400437_,2024-04-01,102.0,observed
010400437_,2024-05-01,255.0,observed
010400437_,2024-06-01,199.0,observed
010400437_,2024-07-01,159.0,observed
010400437_,2024-08-01,300.0,observed
010400437_,2024-09-01,208.0,observed
010400437_,2024-10-01,127.0,observed
010400437_,2024-11-01,109.0,observed
010400437_,2024-12-01,152.0,observed
010400437_,2025-01-01,220.0,observed
010400437_,2025-02-01,201.0,observed
010400437_,2025-03-01,214.0,observed
010400437_,2025-04-01,434.0,observed
010400437_,2025-05-01,413.0,observed
010400437_,2025-06-01,362.0,observed
010400437_,2025-07-01,327.0,observed
010400437_,2025-08-01,267.0,observed
010400437_,2025-09-01,219.0,observed
010400437_,2025-10-01,166.0,observed
010400437_,2025-11-01,152.0,observed
010400437_,2025-12-01,154.0,observed
010400437_,2026-01-01,147.0,observed
010400437_,2026-02-01,123.0,observed
010400437_,2026-03-01,110.0,observed
010400437_,2026-04-01,120.0,observed
010400437_,2026-05-01,125.0,observed
010400437_,2026-06-01,112.0,observed
010400437_,2026-07-01,78.0,observed
010400437_,2026-08-01,81.0,observed
010400437_,2026-09-01,63.0,observed
010400441_,2024-01-01,1.0,observed
010400441_,2024-02-01,1.0,observed
010400441_,2024-03-01,1.0,observed
010400441_,2024-04-01,59.0,observed
010400441_,2024-05-01,150.0,observed
010400441_,2024-06-01,118.0,observed
010400441_,2024-07-01,95.0,observed
010400441_,2024-08-01,144.0,observed
010400441_,2024-09-01,104.0,observed
010400441_,2024-10-01,135.0,observed
010400441_,2024-11-01,3.0,observed
010400441_,2024-12-01,187.0,observed
010400441_,2025-01-01,133.0,observed
010400441_,2025-02-01,107.0,observed
010400441_,2025-03-01,147.0,observed
010400441_,2025-04-01,297.0,observed
010400441_,2025-05-01,275.0,observed
010400441_,2025-06-01,262.0,observed
010400441_,2025-07-01,244.0,observed
010400441_,2025-08-01,227.0,observed
010400441_,2025-09-01,193.0,observed
010400441_,2025-10-01,177.0,observed
010400441_,2025-11-01,164.0,observed
010400441_,2025-12-01,135.0,observed
010400441_,2026-01-01,113.0,observed
010400441_,2026-02-01,105.0,observed
010400441_,2026-03-01,90.0,observed
010400441_,2026-04-01,73.0,observed
010400441_,2026-05-01,59.0,observed
010400441_,2026-06-01,42.0,observed
010400441_,2026-07-01,29.0,observed
010400441_,2026-08-01,55.0,observed
010400441_,2026-09-01,38.0,observed
010400445_,2024-01-01,15.0,observed
010400445_,2024-02-01,1.0,observed
010400445_,2024-03-01,59.0,observed
010400445_,2024-04-01,95.0,observed
010400445_,2024-05-01,214.0,observed
010400445_,2024-06-01,186.0,observed
010400445_,2024-07-01,163.0,observed
010400445_,2024-08-01,190.0,observed
010400445_,2024-09-01,116.0,observed
010400445_,2024-10-01,102.0,observed
010400445_,2024-11-01,45.0,observed
010400445_,2024-12-01,115.0,observed
010400445_,2025-01-01,128.0,observed
010400445_,2025-02-01,139.0,observed
010400445_,2025-03-01,166.0,observed
010400445_,2025-04-01,287.0,observed
010400445_,2025-05-01,239.0,observed
010400445_,2025-06-01,211.0,observed
010400445_,2025-07-01,163.0,observed
010400445_,2025-08-01,154.0,observed
010400445_,2025-09-01,140.0,observed
010400445_,2025-10-01,146.0,observed
010400445_,2025-11-01,104.0,observed
010400445_,2025-12-01,140.0,observed
010400445_,2026-01-01,119.0,observed
010400445_,2026-02-01,99.0,observed
010400445_,2026-03-01,110.0,observed
010400445_,2026-04-01,97.0,observed
010400445_,2026-05-01,91.0,observed
010400445_,2026-06-01,75.0,observed
010400445_,2026-07-01,59.0,observed
010400445_,2026-08-01,64.0,observed
010400445_,2026-09-01,39.0,observed
010400448_,2024-01-01,20.0,observed
010400448_,2024-02-01,3.0,observed
010400448_,2024-03-01,1.0,observed
010400448_,2024-04-01,41.0,observed
010400448_,2024-05-01,193.0,observed
010400448_,2024-06-01,157.0,observed
010400448_,2024-07-01,131.0,observed
010400448_,2024-08-01,186.0,observed
010400448_,2024-09-01,133.0,observed
010400448_,2024-10-01,98.0,observed
010400448_,2024-11-01,98.0,observed
010400448_,2024-12-01,108.0,observed
010400448_,2025-01-01,96.0,observed
010400448_,2025-02-01,81.0,observed
010400448_,2025-03-01,134.0,observed
010400448_,2025-04-01,206.0,observed
010400448_,2025-05-01,171.0,observed
010400448_,2025-06-01,150.0,observed
010400448_,2025-07-01,124.0,observed
010400448_,2025-08-01,104.0,observed
010400448_,2025-09-01,112.0,observed
010400448_,2025-10-01,113.0,observed
010400448_,2025-11-01,76.0,observed
010400448_,2025-12-01,93.0,observed
010400448_,2026-01-01,71.0,observed
010400448_,2026-02-01,59.0,observed
010400448_,2026-03-01,53.0,observed
010400448_,2026-04-01,62.0,observed
010400448_,2026-05-01,59.0,observed
010400448_,2026-06-01,49.0,observed
010400448_,2026-07-01,36.0,observed
010400448_,2026-08-01,27.0,observed
010400448_,2026-09-01,27.0,observed
300200784_,2024-01-01,,blank
300200784_,2024-02-01,,blank
300200784_,2024-03-01,,blank
300200784_,2024-04-01,,blank
300200784_,2024-05-01,,blank
300200784_,2024-06-01,,blank
300200784_,2024-07-01,,blank
300200784_,2024-08-01,,blank
300200784_,2024-09-01,475.0,observed
300200784_,2024-10-01,286.0,observed
300200784_,2024-11-01,209.0,observed
300200784_,2024-12-01,404.0,observed
300200784_,2025-01-01,221.0,observed
300200784_,2025-02-01,447.0,observed
300200784_,2025-03-01,369.0,observed
300200784_,2025-04-01,439.0,observed
300200784_,2025-05-01,618.0,observed
300200784_,2025-06-01,565.0,observed
300200784_,2025-07-01,525.0,observed
300200784_,2025-08-01,455.0,observed
300200784_,2025-09-01,401.0,observed
300200784_,2025-10-01,345.0,observed
300200784_,2025-11-01,279.0,observed
300200784_,2025-12-01,331.0,observed
300200784_,2026-01-01,330.0,observed
300200784_,2026-02-01,330.0,observed
300200784_,2026-03-01,326.0,observed
300200784_,2026-04-01,266.0,observed
300200784_,2026-05-01,261.0,observed
300200784_,2026-06-01,261.0,observed
300200784_,2026-07-01,260.0,observed
300200784_,2026-08-01,203.0,observed
300200784_,2026-09-01,116.0,observed
300200785_,2024-01-01,,blank
300200785_,2024-02-01,,blank
300200785_,2024-03-01,,blank
300200785_,2024-04-01,,blank
300200785_,2024-05-01,,blank
300200785_,2024-06-01,,blank
300200785_,2024-07-01,,blank
300200785_,2024-08-01,,blank
300200785_,2024-09-01,126.0,observed
300200785_,2024-10-01,38.0,observed
300200785_,2024-11-01,151.0,observed
300200785_,2024-12-01,376.0,observed
300200785_,2025-01-01,327.0,observed
300200785_,2025-02-01,265.0,observed
300200785_,2025-03-01,250.0,observed
300200785_,2025-04-01,249.0,observed
300200785_,2025-05-01,246.0,observed
300200785_,2025-06-01,232.0,observed
300200785_,2025-07-01,212.0,observed
300200785_,2025-08-01,195.0,observed
300200785_,2025-09-01,172.0,observed
300200785_,2025-10-01,175.0,observed
300200785_,2025-11-01,163.0,observed
300200785_,2025-12-01,155.0,observed
300200785_,2026-01-01,154.0,observed
300200785_,2026-02-01,154.0,observed
300200785_,2026-03-01,152.0,observed
300200785_,2026-04-01,161.0,observed
300200785_,2026-05-01,158.0,observed
300200785_,2026-06-01,158.0,observed
300200785_,2026-07-01,158.0,observed
300200785_,2026-08-01,173.0,observed
300200785_,2026-09-01,166.0,observed
300200786_,2024-01-01,,blank
300200786_,2024-02-01,,blank
300200786_,2024-03-01,,blank
300200786_,2024-04-01,,blank
300200786_,2024-05-01,,blank
300200786_,2024-06-01,,blank
300200786_,2024-07-01,,blank
300200786_,2024-08-01,,blank
300200786_,2024-09-01,40.0,observed
300200786_,2024-10-01,108.0,observed
300200786_,2024-11-01,158.0,observed
300200786_,2024-12-01,158.0,observed
300200786_,2025-01-01,158.0,observed
300200786_,2025-02-01,128.0,observed
300200786_,2025-03-01,128.0,observed
300200786_,2025-04-01,128.0,observed
300200786_,2025-05-01,128.0,observed
300200786_,2025-06-01,128.0,observed
300200786_,2025-07-01,128.0,observed
300200786_,2025-08-01,127.0,observed
300200786_,2025-09-01,127.0,observed
300200786_,2025-10-01,137.0,observed
300200786_,2025-11-01,137.0,observed
300200786_,2025-12-01,137.0,observed
300200786_,2026-01-01,137.0,observed
300200786_,2026-02-01,137.0,observed
300200786_,2026-03-01,137.0,observed
300200786_,2026-04-01,154.0,observed
300200786_,2026-05-01,154.0,observed
300200786_,2026-06-01,154.0,observed
300200786_,2026-07-01,154.0,observed
300200786_,2026-08-01,164.0,observed
300200786_,2026-09-01,164.0,observed
300200787_,2024-01-01,,blank
300200787_,2024-02-01,,blank
300200787_,2024-03-01,,blank
300200787_,2024-04-01,,blank
300200787_,2024-05-01,,blank
300200787_,2024-06-01,,blank
300200787_,2024-07-01,,blank
300200787_,2024-08-01,,blank
300200787_,2024-09-01,80.0,observed
300200787_,2024-10-01,114.0,observed
300200787_,2024-11-01,306.0,observed
300200787_,2024-12-01,295.0,observed
300200787_,2025-01-01,253.0,observed
300200787_,2025-02-01,193.0,observed
300200787_,2025-03-01,179.0,observed
300200787_,2025-04-01,178.0,observed
300200787_,2025-05-01,164.0,observed
300200787_,2025-06-01,154.0,observed
300200787_,2025-07-01,154.0,observed
300200787_,2025-08-01,152.0,observed
300200787_,2025-09-01,149.0,observed
300200787_,2025-10-01,142.0,observed
300200787_,2025-11-01,142.0,observed
300200787_,2025-12-01,142.0,observed
300200787_,2026-01-01,142.0,observed
300200787_,2026-02-01,142.0,observed
300200787_,2026-03-01,141.0,observed
300200787_,2026-04-01,169.0,observed
300200787_,2026-05-01,168.0,observed
300200787_,2026-06-01,168.0,observed
300200787_,2026-07-01,166.0,observed
300200787_,2026-08-01,164.0,observed
300200787_,2026-09-01,164.0,observed
300200788_,2024-01-01,,blank
300200788_,2024-02-01,,blank
300200788_,2024-03-01,,blank
300200788_,2024-04-01,,blank
300200788_,2024-05-01,,blank
300200788_,2024-06-01,,blank
300200788_,2024-07-01,,blank
300200788_,2024-08-01,,blank
300200788_,2024-09-01,30.0,observed
300200788_,2024-10-01,,blank
300200788_,2024-11-01,160.0,observed
300200788_,2024-12-01,160.0,observed
300200788_,2025-01-01,160.0,observed
300200788_,2025-02-01,130.0,observed
300200788_,2025-03-01,130.0,observed
300200788_,2025-04-01,130.0,observed
300200788_,2025-05-01,130.0,observed
300200788_,2025-06-01,130.0,observed
300200788_,2025-07-01,130.0,observed
300200788_,2025-08-01,129.0,observed
300200788_,2025-09-01,129.0,observed
300200788_,2025-10-01,138.0,observed
300200788_,2025-11-01,132.0,observed
300200788_,2025-12-01,130.0,observed
300200788_,2026-01-01,130.0,observed
300200788_,2026-02-01,128.0,observed
300200788_,2026-03-01,124.0,observed
300200788_,2026-04-01,143.0,observed
300200788_,2026-05-01,143.0,observed
300200788_,2026-06-01,143.0,observed
300200788_,2026-07-01,143.0,observed
300200788_,2026-08-01,152.0,observed
300200788_,2026-09-01,142.0,observed
300200789_,2024-01-01,,blank
300200789_,2024-02-01,,blank
300200789_,2024-03-01,,blank
300200789_,2024-04-01,,blank
300200789_,2024-05-01,,blank
300200789_,2024-06-01,,blank
300200789_,2024-07-01,,blank
300200789_,2024-08-01,,blank
300200789_,2024-09-01,24.0,observed
300200789_,2024-10-01,,blank
300200789_,2024-11-01,84.0,observed
300200789_,2024-12-01,84.0,observed
300200789_,2025-01-01,56.0,observed
300200789_,2025-02-01,46.0,observed
300200789_,2025-03-01,31.0,observed
300200789_,2025-04-01,47.0,observed
300200789_,2025-05-01,92.0,observed
300200789_,2025-06-01,74.0,observed
300200789_,2025-07-01,74.0,observed
300200789_,2025-08-01,74.0,observed
300200789_,2025-09-01,72.0,observed
300200789_,2025-10-01,74.0,observed
300200789_,2025-11-01,74.0,observed
300200789_,2025-12-01,74.0,observed
300200789_,2026-01-01,74.0,observed
300200789_,2026-02-01,73.0,observed
300200789_,2026-03-01,72.0,observed
300200789_,2026-04-01,75.0,observed
300200789_,2026-05-01,75.0,observed
300200789_,2026-06-01,75.0,observed
300200789_,2026-07-01,75.0,observed
300200789_,2026-08-01,49.0,observed
300200789_,2026-09-01,49.0,observed
300200790_,2024-01-01,,blank
300200790_,2024-02-01,,blank
300200790_,2024-03-01,,blank
300200790_,2024-04-01,,blank
300200790_,2024-05-01,,blank
300200790_,2024-06-01,,blank
300200790_,2024-07-01,,blank
300200790_,2024-08-01,,blank
300200790_,2024-09-01,20.0,observed
300200790_,2024-10-01,,blank
300200790_,2024-11-01,68.0,observed
300200790_,2024-12-01,105.0,observed
300200790_,2025-01-01,93.0,observed
300200790_,2025-02-01,78.0,observed
300200790_,2025-03-01,68.0,observed
300200790_,2025-04-01,68.0,observed
300200790_,2025-05-01,68.0,observed
300200790_,2025-06-01,42.0,observed
300200790_,2025-07-01,42.0,observed
300200790_,2025-08-01,34.0,observed
300200790_,2025-09-01,40.0,observed
300200790_,2025-10-01,47.0,observed
300200790_,2025-11-01,45.0,observed
300200790_,2025-12-01,45.0,observed
300200790_,2026-01-01,41.0,observed
300200790_,2026-02-01,41.0,observed
300200790_,2026-03-01,41.0,observed
300200790_,2026-04-01,45.0,observed
300200790_,2026-05-01,45.0,observed
300200790_,2026-06-01,45.0,observed
300200790_,2026-07-01,45.0,observed
300200790_,2026-08-01,50.0,observed
300200790_,2026-09-01,42.0,observed
300200791_,2024-01-01,,blank
300200791_,2024-02-01,,blank
300200791_,2024-03-01,,blank
300200791_,2024-04-01,,blank
300200791_,2024-05-01,,blank
300200791_,2024-06-01,,blank
300200791_,2024-07-01,,blank
300200791_,2024-08-01,,blank
300200791_,2024-09-01,25.0,observed
300200791_,2024-10-01,4.0,observed
300200791_,2024-11-01,46.0,observed
300200791_,2024-12-01,96.0,observed
300200791_,2025-01-01,95.0,observed
300200791_,2025-02-01,85.0,observed
300200791_,2025-03-01,82.0,observed
300200791_,2025-04-01,82.0,observed
300200791_,2025-05-01,82.0,observed
300200791_,2025-06-01,81.0,observed
300200791_,2025-07-01,69.0,observed
300200791_,2025-08-01,69.0,observed
300200791_,2025-09-01,69.0,observed
300200791_,2025-10-01,72.0,observed
300200791_,2025-11-01,72.0,observed
300200791_,2025-12-01,72.0,observed
300200791_,2026-01-01,72.0,observed
300200791_,2026-02-01,72.0,observed
300200791_,2026-03-01,72.0,observed
300200791_,2026-04-01,81.0,observed
300200791_,2026-05-01,81.0,observed
300200791_,2026-06-01,81.0,observed
300200791_,2026-07-01,81.0,observed
300200791_,2026-08-01,91.0,observed
300200791_,2026-09-01,91.0,observed
300200792_,2024-01-01,,blank
300200792_,2024-02-01,,blank
300200792_,2024-03-01,,blank
300200792_,2024-04-01,,blank
300200792_,2024-05-01,,blank
300200792_,2024-06-01,,blank
300200792_,2024-07-01,,blank
300200792_,2024-08-01,,blank
300200792_,2024-09-01,,blank
300200792_,2024-10-01,18.0,observed
300200792_,2024-11-01,18.0,observed
300200792_,2024-12-01,17.0,observed
300200792_,2025-01-01,17.0,observed
300200792_,2025-02-01,12.0,observed
300200792_,2025-03-01,12.0,observed
300200792_,2025-04-01,12.0,observed
300200792_,2025-05-01,12.0,observed
300200792_,2025-06-01,12.0,observed
300200792_,2025-07-01,12.0,observed
300200792_,2025-08-01,12.0,observed
300200792_,2025-09-01,12.0,observed
300200792_,2025-10-01,12.0,observed
300200792_,2025-11-01,12.0,observed
300200792_,2025-12-01,12.0,observed
300200792_,2026-01-01,12.0,observed
300200792_,2026-02-01,12.0,observed
300200792_,2026-03-01,12.0,observed
300200792_,2026-04-01,5.0,observed
300200792_,2026-05-01,4.0,observed
300200792_,2026-06-01,4.0,observed
300200792_,2026-07-01,4.0,observed
300200792_,2026-08-01,2.0,observed
300200792_,2026-09-01,2.0,observed
300200793_,2024-01-01,,blank
300200793_,2024-02-01,,blank
300200793_,2024-03-01,,blank
300200793_,2024-04-01,,blank
300200793_,2024-05-01,,blank
300200793_,2024-06-01,,blank
300200793_,2024-07-01,,blank
300200793_,2024-08-01,,blank
300200793_,2024-09-01,80.0,observed
300200793_,2024-10-01,69.0,observed
300200793_,2024-11-01,109.0,observed
300200793_,2024-12-01,107.0,observed
300200793_,2025-01-01,104.0,observed
300200793_,2025-02-01,74.0,observed
300200793_,2025-03-01,74.0,observed
300200793_,2025-04-01,74.0,observed
300200793_,2025-05-01,74.0,observed
300200793_,2025-06-01,74.0,observed
300200793_,2025-07-01,74.0,observed
300200793_,2025-08-01,73.0,observed
300200793_,2025-09-01,73.0,observed
300200793_,2025-10-01,90.0,observed
300200793_,2025-11-01,90.0,observed
300200793_,2025-12-01,90.0,observed
300200793_,2026-01-01,90.0,observed
300200793_,2026-02-01,90.0,observed
300200793_,2026-03-01,90.0,observed
300200793_,2026-04-01,90.0,observed
300200793_,2026-05-01,90.0,observed
300200793_,2026-06-01,90.0,observed
300200793_,2026-07-01,90.0,observed
300200793_,2026-08-01,100.0,observed
300200793_,2026-09-01,100.0,observed
300200794_,2024-01-01,,blank
300200794_,2024-02-01,,blank
300200794_,2024-03-01,,blank
300200794_,2024-04-01,,blank
300200794_,2024-05-01,,blank
300200794_,2024-06-01,,blank
300200794_,2024-07-01,,blank
300200794_,2024-08-01,,blank
300200794_,2024-09-01,25.0,observed
300200794_,2024-10-01,1.0,observed
300200794_,2024-11-01,106.0,observed
300200794_,2024-12-01,106.0,observed
300200794_,2025-01-01,99.0,observed
300200794_,2025-02-01,88.0,observed
300200794_,2025-03-01,85.0,observed
300200794_,2025-04-01,85.0,observed
300200794_,2025-05-01,83.0,observed
300200794_,2025-06-01,83.0,observed
300200794_,2025-07-01,83.0,observed
300200794_,2025-08-01,82.0,observed
300200794_,2025-09-01,80.0,observed
300200794_,2025-10-01,85.0,observed
300200794_,2025-11-01,85.0,observed
300200794_,2025-12-01,81.0,observed
300200794_,2026-01-01,81.0,observed
300200794_,2026-02-01,81.0,observed
300200794_,2026-03-01,81.0,observed
300200794_,2026-04-01,91.0,observed
300200794_,2026-05-01,91.0,observed
300200794_,2026-06-01,91.0,observed
300200794_,2026-07-01,91.0,observed
300200794_,2026-08-01,101.0,observed
300200794_,2026-09-01,101.0,observed
300200795_,2024-01-01,,blank
300200795_,2024-02-01,,blank
300200795_,2024-03-01,,blank
300200795_,2024-04-01,,blank
300200795_,2024-05-01,,blank
300200795_,2024-06-01,,blank
300200795_,2024-07-01,,blank
300200795_,2024-08-01,,blank
300200795_,2024-09-01,265.0,observed
300200795_,2024-10-01,461.0,observed
300200795_,2024-11-01,732.0,observed
300200795_,2024-12-01,681.0,observed
300200795_,2025-01-01,560.0,observed
300200795_,2025-02-01,497.0,observed
300200795_,2025-03-01,471.0,observed
300200795_,2025-04-01,491.0,observed
300200795_,2025-05-01,485.0,observed
300200795_,2025-06-01,416.0,observed
300200795_,2025-07-01,415.0,observed
300200795_,2025-08-01,373.0,observed
300200795_,2025-09-01,343.0,observed
300200795_,2025-10-01,318.0,observed
300200795_,2025-11-01,280.0,observed
300200795_,2025-12-01,260.0,observed
300200795_,2026-01-01,257.0,observed
300200795_,2026-02-01,254.0,observed
300200795_,2026-03-01,246.0,observed
300200795_,2026-04-01,283.0,observed
300200795_,2026-05-01,282.0,observed
300200795_,2026-06-01,282.0,observed
300200795_,2026-07-01,282.0,observed
300200795_,2026-08-01,263.0,observed
300200795_,2026-09-01,233.0,observed
300200796_,2024-01-01,,blank
300200796_,2024-02-01,,blank
300200796_,2024-03-01,,blank
300200796_,2024-04-01,,blank
300200796_,2024-05-01,,blank
300200796_,2024-06-01,,blank
300200796_,2024-07-01,,blank
300200796_,2024-08-01,,blank
300200796_,2024-09-01,120.0,observed
300200796_,2024-10-01,184.0,observed
300200796_,2024-11-01,362.0,observed
300200796_,2024-12-01,347.0,observed
300200796_,2025-01-01,292.0,observed
300200796_,2025-02-01,232.0,observed
300200796_,2025-03-01,211.0,observed
300200796_,2025-04-01,231.0,observed
300200796_,2025-05-01,231.0,observed
300200796_,2025-06-01,209.0,observed
300200796_,2025-07-01,209.0,observed
300200796_,2025-08-01,191.0,observed
300200796_,2025-09-01,153.0,observed
300200796_,2025-10-01,172.0,observed
300200796_,2025-11-01,156.0,observed
300200796_,2025-12-01,151.0,observed
300200796_,2026-01-01,151.0,observed
300200796_,2026-02-01,151.0,observed
300200796_,2026-03-01,151.0,observed
300200796_,2026-04-01,149.0,observed
300200796_,2026-05-01,145.0,observed
300200796_,2026-06-01,150.0,observed
300200796_,2026-07-01,150.0,observed
300200796_,2026-08-01,131.0,observed
300200796_,2026-09-01,129.0,observed
300200797_,2024-01-01,,blank
300200797_,2024-02-01,,blank
300200797_,2024-03-01,,blank
300200797_,2024-04-01,,blank
300200797_,2024-05-01,,blank
300200797_,2024-06-01,,blank
300200797_,2024-07-01,,blank
300200797_,2024-08-01,,blank
300200797_,2024-09-01,30.0,observed
300200797_,2024-10-01,150.0,observed
300200797_,2024-11-01,183.0,observed
300200797_,2024-12-01,180.0,observed
300200797_,2025-01-01,164.0,observed
300200797_,2025-02-01,124.0,observed
300200797_,2025-03-01,116.0,observed
300200797_,2025-04-01,115.0,observed
300200797_,2025-05-01,113.0,observed
300200797_,2025-06-01,111.0,observed
300200797_,2025-07-01,111.0,observed
300200797_,2025-08-01,103.0,observed
300200797_,2025-09-01,100.0,observed
300200797_,2025-10-01,112.0,observed
300200797_,2025-11-01,104.0,observed
300200797_,2025-12-01,101.0,observed
300200797_,2026-01-01,101.0,observed
300200797_,2026-02-01,101.0,observed
300200797_,2026-03-01,101.0,observed
300200797_,2026-04-01,109.0,observed
300200797_,2026-05-01,108.0,observed
300200797_,2026-06-01,108.0,observed
300200797_,2026-07-01,107.0,observed
300200797_,2026-08-01,107.0,observed
300200797_,2026-09-01,102.0,observed
300200798_,2024-01-01,,blank
300200798_,2024-02-01,,blank
300200798_,2024-03-01,,blank
300200798_,2024-04-01,,blank
300200798_,2024-05-01,,blank
300200798_,2024-06-01,,blank
300200798_,2024-07-01,,blank
300200798_,2024-08-01,,blank
300200798_,2024-09-01,30.0,observed
300200798_,2024-10-01,68.0,observed
300200798_,2024-11-01,66.0,observed
300200798_,2024-12-01,114.0,observed
300200798_,2025-01-01,94.0,observed
300200798_,2025-02-01,64.0,observed
300200798_,2025-03-01,52.0,observed
300200798_,2025-04-01,67.0,observed
300200798_,2025-05-01,67.0,observed
300200798_,2025-06-01,67.0,observed
300200798_,2025-07-01,67.0,observed
300200798_,2025-08-01,65.0,observed
300200798_,2025-09-01,60.0,observed
300200798_,2025-10-01,67.0,observed
300200798_,2025-11-01,66.0,observed
300200798_,2025-12-01,66.0,observed
300200798_,2026-01-01,66.0,observed
300200798_,2026-02-01,66.0,observed
300200798_,2026-03-01,66.0,observed
300200798_,2026-04-01,73.0,observed
300200798_,2026-05-01,72.0,observed
300200798_,2026-06-01,72.0,observed
300200798_,2026-07-01,72.0,observed
300200798_,2026-08-01,76.0,observed
300200798_,2026-09-01,74.0,observed
300200799_,2024-01-01,,blank
300200799_,2024-02-01,,blank
300200799_,2024-03-01,,blank
300200799_,2024-04-01,,blank
300200799_,2024-05-01,,blank
300200799_,2024-06-01,,blank
300200799_,2024-07-01,,blank
300200799_,2024-08-01,,blank
300200799_,2024-09-01,20.0,observed
300200799_,2024-10-01,,blank
300200799_,2024-11-01,69.0,observed
300200799_,2024-12-01,118.0,observed
300200799_,2025-01-01,118.0,observed
300200799_,2025-02-01,98.0,observed
300200799_,2025-03-01,98.0,observed
300200799_,2025-04-01,98.0,observed
300200799_,2025-05-01,97.0,observed
300200799_,2025-06-01,97.0,observed
300200799_,2025-07-01,97.0,observed
300200799_,2025-08-01,97.0,observed
300200799_,2025-09-01,97.0,observed
300200799_,2025-10-01,106.0,observed
300200799_,2025-11-01,106.0,observed
300200799_,2025-12-01,106.0,observed
300200799_,2026-01-01,106.0,observed
300200799_,2026-02-01,106.0,observed
300200799_,2026-03-01,106.0,observed
300200799_,2026-04-01,116.0,observed
300200799_,2026-05-01,116.0,observed
300200799_,2026-06-01,116.0,observed
300200799_,2026-07-01,116.0,observed
300200799_,2026-08-01,124.0,observed
300200799_,2026-09-01,121.0,observed
300200800_,2024-01-01,,blank
300200800_,2024-02-01,,blank
300200800_,2024-03-01,,blank
300200800_,2024-04-01,,blank
300200800_,2024-05-01,,blank
300200800_,2024-06-01,,blank
300200800_,2024-07-01,,blank
300200800_,2024-08-01,,blank
300200800_,2024-09-01,20.0,observed
300200800_,2024-10-01,,blank
300200800_,2024-11-01,96.0,observed
300200800_,2024-12-01,79.0,observed
300200800_,2025-01-01,87.0,observed
300200800_,2025-02-01,67.0,observed
300200800_,2025-03-01,60.0,observed
300200800_,2025-04-01,60.0,observed
300200800_,2025-05-01,80.0,observed
300200800_,2025-06-01,77.0,observed
300200800_,2025-07-01,77.0,observed
300200800_,2025-08-01,68.0,observed
300200800_,2025-09-01,68.0,observed
300200800_,2025-10-01,75.0,observed
300200800_,2025-11-01,71.0,observed
300200800_,2025-12-01,71.0,observed
300200800_,2026-01-01,70.0,observed
300200800_,2026-02-01,70.0,observed
300200800_,2026-03-01,70.0,observed
300200800_,2026-04-01,79.0,observed
300200800_,2026-05-01,79.0,observed
300200800_,2026-06-01,79.0,observed
300200800_,2026-07-01,79.0,observed
300200800_,2026-08-01,88.0,observed
300200800_,2026-09-01,88.0,observed
300200801_,2024-01-01,,blank
300200801_,2024-02-01,,blank
300200801_,2024-03-01,,blank
300200801_,2024-04-01,,blank
300200801_,2024-05-01,,blank
300200801_,2024-06-01,,blank
300200801_,2024-07-01,,blank
300200801_,2024-08-01,,blank
300200801_,2024-09-01,94.0,observed
300200801_,2024-10-01,83.0,observed
300200801_,2024-11-01,73.0,observed
300200801_,2024-12-01,73.0,observed
300200801_,2025-01-01,53.0,observed
300200801_,2025-02-01,63.0,observed
300200801_,2025-03-01,63.0,observed
300200801_,2025-04-01,62.0,observed
300200801_,2025-05-01,62.0,observed
300200801_,2025-06-01,60.0,observed
300200801_,2025-07-01,60.0,observed
300200801_,2025-08-01,60.0,observed
300200801_,2025-09-01,60.0,observed
300200801_,2025-10-01,66.0,observed
300200801_,2025-11-01,62.0,observed
300200801_,2025-12-01,62.0,observed
300200801_,2026-01-01,63.0,observed
300200801_,2026-02-01,61.0,observed
300200801_,2026-03-01,53.0,observed
300200801_,2026-04-01,53.0,observed
300200801_,2026-05-01,53.0,observed
300200801_,2026-06-01,49.0,observed
300200801_,2026-07-01,49.0,observed
300200801_,2026-08-01,49.0,observed
300200801_,2026-09-01,49.0,observed
300200802_,2024-01-01,,blank
300200802_,2024-02-01,,blank
300200802_,2024-03-01,,blank
300200802_,2024-04-01,,blank
300200802_,2024-05-01,,blank
300200802_,2024-06-01,,blank
300200802_,2024-07-01,,blank
300200802_,2024-08-01,,blank
300200802_,2024-09-01,160.0,observed
300200802_,2024-10-01,149.0,observed
300200802_,2024-11-01,139.0,observed
300200802_,2024-12-01,139.0,observed
300200802_,2025-01-01,139.0,observed
300200802_,2025-02-01,129.0,observed
300200802_,2025-03-01,126.0,observed
300200802_,2025-04-01,127.0,observed
300200802_,2025-05-01,127.0,observed
300200802_,2025-06-01,127.0,observed
300200802_,2025-07-01,127.0,observed
300200802_,2025-08-01,127.0,observed
300200802_,2025-09-01,127.0,observed
300200802_,2025-10-01,127.0,observed
300200802_,2025-11-01,127.0,observed
300200802_,2025-12-01,127.0,observed
300200802_,2026-01-01,127.0,observed
300200802_,2026-02-01,127.0,observed
300200802_,2026-03-01,127.0,observed
300200802_,2026-04-01,127.0,observed
300200802_,2026-05-01,127.0,observed
300200802_,2026-06-01,127.0,observed
300200802_,2026-07-01,127.0,observed
300200802_,2026-08-01,137.0,observed
300200802_,2026-09-01,117.0,observed
300200803_,2024-01-01,,blank
300200803_,2024-02-01,,blank
300200803_,2024-03-01,,blank
300200803_,2024-04-01,,blank
300200803_,2024-05-01,,blank
300200803_,2024-06-01,,blank
300200803_,2024-07-01,,blank
300200803_,2024-08-01,,blank
300200803_,2024-09-01,30.0,observed
300200803_,2024-10-01,9.0,observed
300200803_,2024-11-01,53.0,observed
300200803_,2024-12-01,103.0,observed
300200803_,2025-01-01,96.0,observed
300200803_,2025-02-01,86.0,observed
300200803_,2025-03-01,76.0,observed
300200803_,2025-04-01,77.0,observed
300200803_,2025-05-01,77.0,observed
300200803_,2025-06-01,73.0,observed
300200803_,2025-07-01,73.0,observed
300200803_,2025-08-01,69.0,observed
300200803_,2025-09-01,69.0,observed
300200803_,2025-10-01,77.0,observed
300200803_,2025-11-01,77.0,observed
300200803_,2025-12-01,75.0,observed
300200803_,2026-01-01,75.0,observed
300200803_,2026-02-01,74.0,observed
300200803_,2026-03-01,68.0,observed
300200803_,2026-04-01,77.0,observed
300200803_,2026-05-01,73.0,observed
300200803_,2026-06-01,73.0,observed
300200803_,2026-07-01,72.0,observed
300200803_,2026-08-01,72.0,observed
300200803_,2026-09-01,72.0,observed
300200804_,2024-01-01,,blank
300200804_,2024-02-01,,blank
300200804_,2024-03-01,,blank
300200804_,2024-04-01,,blank
300200804_,2024-05-01,,blank
300200804_,2024-06-01,,blank
300200804_,2024-07-01,,blank
300200804_,2024-08-01,,blank
300200804_,2024-09-01,44.0,observed
300200804_,2024-10-01,59.0,observed
300200804_,2024-11-01,59.0,observed
300200804_,2024-12-01,59.0,observed
300200804_,2025-01-01,59.0,observed
300200804_,2025-02-01,48.0,observed
300200804_,2025-03-01,48.0,observed
300200804_,2025-04-01,48.0,observed
300200804_,2025-05-01,48.0,observed
300200804_,2025-06-01,48.0,observed
300200804_,2025-07-01,48.0,observed
300200804_,2025-08-01,48.0,observed
300200804_,2025-09-01,48.0,observed
300200804_,2025-10-01,50.0,observed
300200804_,2025-11-01,50.0,observed
300200804_,2025-12-01,50.0,observed
300200804_,2026-01-01,50.0,observed
300200804_,2026-02-01,50.0,observed
300200804_,2026-03-01,50.0,observed
300200804_,2026-04-01,59.0,observed
300200804_,2026-05-01,59.0,observed
300200804_,2026-06-01,59.0,observed
300200804_,2026-07-01,59.0,observed
300200804_,2026-08-01,59.0,observed
300200804_,2026-09-01,59.0,observed
300200805_,2024-01-01,,blank
300200805_,2024-02-01,,blank
300200805_,2024-03-01,,blank
300200805_,2024-04-01,,blank
300200805_,2024-05-01,,blank
300200805_,2024-06-01,,blank
300200805_,2024-07-01,,blank
300200805_,2024-08-01,,blank
300200805_,2024-09-01,45.0,observed
300200805_,2024-10-01,59.0,observed
300200805_,2024-11-01,54.0,observed
300200805_,2024-12-01,54.0,observed
300200805_,2025-01-01,54.0,observed
300200805_,2025-02-01,44.0,observed
300200805_,2025-03-01,44.0,observed
300200805_,2025-04-01,44.0,observed
300200805_,2025-05-01,44.0,observed
300200805_,2025-06-01,44.0,observed
300200805_,2025-07-01,44.0,observed
300200805_,2025-08-01,44.0,observed
300200805_,2025-09-01,44.0,observed
300200805_,2025-10-01,49.0,observed
300200805_,2025-11-01,49.0,observed
300200805_,2025-12-01,49.0,observed
300200805_,2026-01-01,49.0,observed
300200805_,2026-02-01,49.0,observed
300200805_,2026-03-01,49.0,observed
300200805_,2026-04-01,59.0,observed
300200805_,2026-05-01,56.0,observed
300200805_,2026-06-01,56.0,observed
300200805_,2026-07-01,56.0,observed
300200805_,2026-08-01,49.0,observed
300200805_,2026-09-01,49.0,observed
300200806_,2024-01-01,,blank
300200806_,2024-02-01,,blank
300200806_,2024-03-01,,blank
300200806_,2024-04-01,,blank
300200806_,2024-05-01,,blank
300200806_,2024-06-01,,blank
300200806_,2024-07-01,,blank
300200806_,2024-08-01,,blank
300200806_,2024-09-01,44.0,observed
300200806_,2024-10-01,33.0,observed
300200806_,2024-11-01,33.0,observed
300200806_,2024-12-01,63.0,observed
300200806_,2025-01-01,63.0,observed
300200806_,2025-02-01,53.0,observed
300200806_,2025-03-01,53.0,observed
300200806_,2025-04-01,53.0,observed
300200806_,2025-05-01,53.0,observed
300200806_,2025-06-01,53.0,observed
300200806_,2025-07-01,53.0,observed
300200806_,2025-08-01,53.0,observed
300200806_,2025-09-01,52.0,observed
300200806_,2025-10-01,56.0,observed
300200806_,2025-11-01,54.0,observed
300200806_,2025-12-01,51.0,observed
300200806_,2026-01-01,51.0,observed
300200806_,2026-02-01,51.0,observed
300200806_,2026-03-01,51.0,observed
300200806_,2026-04-01,60.0,observed
300200806_,2026-05-01,60.0,observed
300200806_,2026-06-01,60.0,observed
300200806_,2026-07-01,60.0,observed
300200806_,2026-08-01,60.0,observed
300200806_,2026-09-01,60.0,observed
300200807_,2024-01-01,,blank
300200807_,2024-02-01,,blank
300200807_,2024-03-01,,blank
300200807_,2024-04-01,,blank
300200807_,2024-05-01,,blank
300200807_,2024-06-01,,blank
300200807_,2024-07-01,,blank
300200807_,2024-08-01,,blank
300200807_,2024-09-01,17.0,observed
300200807_,2024-10-01,16.0,observed
300200807_,2024-11-01,16.0,observed
300200807_,2024-12-01,16.0,observed
300200807_,2025-01-01,10.0,observed
300200807_,2025-02-01,7.0,observed
300200807_,2025-03-01,12.0,observed
300200807_,2025-04-01,12.0,observed
300200807_,2025-05-01,12.0,observed
300200807_,2025-06-01,12.0,observed
300200807_,2025-07-01,12.0,observed
300200807_,2025-08-01,12.0,observed
300200807_,2025-09-01,12.0,observed
300200807_,2025-10-01,15.0,observed
300200807_,2025-11-01,15.0,observed
300200807_,2025-12-01,15.0,observed
300200807_,2026-01-01,15.0,observed
300200807_,2026-02-01,15.0,observed
300200807_,2026-03-01,15.0,observed
300200807_,2026-04-01,10.0,observed
300200807_,2026-05-01,10.0,observed
300200807_,2026-06-01,10.0,observed
300200807_,2026-07-01,10.0,observed
300200807_,2026-08-01,10.0,observed
300200807_,2026-09-01,10.0,observed
300200808_,2024-01-01,,blank
300200808_,2024-02-01,,blank
300200808_,2024-03-01,,blank
300200808_,2024-04-01,,blank
300200808_,2024-05-01,,blank
300200808_,2024-06-01,,blank
300200808_,2024-07-01,,blank
300200808_,2024-08-01,,blank
300200808_,2024-09-01,7.0,observed
300200808_,2024-10-01,10.0,observed
300200808_,2024-11-01,15.0,observed
300200808_,2024-12-01,15.0,observed
300200808_,2025-01-01,15.0,observed
300200808_,2025-02-01,12.0,observed
300200808_,2025-03-01,12.0,observed
300200808_,2025-04-01,12.0,observed
300200808_,2025-05-01,12.0,observed
300200808_,2025-06-01,12.0,observed
300200808_,2025-07-01,12.0,observed
300200808_,2025-08-01,11.0,observed
300200808_,2025-09-01,11.0,observed
300200808_,2025-10-01,14.0,observed
300200808_,2025-11-01,14.0,observed
300200808_,2025-12-01,14.0,observed
300200808_,2026-01-01,14.0,observed
300200808_,2026-02-01,14.0,observed
300200808_,2026-03-01,14.0,observed
300200808_,2026-04-01,14.0,observed
300200808_,2026-05-01,14.0,observed
300200808_,2026-06-01,14.0,observed
300200808_,2026-07-01,14.0,observed
300200808_,2026-08-01,14.0,observed
300200808_,2026-09-01,14.0,observed
300200809_,2024-01-01,,blank
300200809_,2024-02-01,,blank
300200809_,2024-03-01,,blank
300200809_,2024-04-01,,blank
300200809_,2024-05-01,,blank
300200809_,2024-06-01,,blank
300200809_,2024-07-01,,blank
300200809_,2024-08-01,,blank
300200809_,2024-09-01,47.0,observed
300200809_,2024-10-01,44.0,observed
300200809_,2024-11-01,44.0,observed
300200809_,2024-12-01,44.0,observed
300200809_,2025-01-01,47.0,observed
300200809_,2025-02-01,37.0,observed
300200809_,2025-03-01,37.0,observed
300200809_,2025-04-01,37.0,observed
300200809_,2025-05-01,37.0,observed
300200809_,2025-06-01,36.0,observed
300200809_,2025-07-01,36.0,observed
300200809_,2025-08-01,36.0,observed
300200809_,2025-09-01,36.0,observed
300200809_,2025-10-01,36.0,observed
300200809_,2025-11-01,34.0,observed
300200809_,2025-12-01,34.0,observed
300200809_,2026-01-01,34.0,observed
300200809_,2026-02-01,34.0,observed
300200809_,2026-03-01,34.0,observed
300200809_,2026-04-01,34.0,observed
300200809_,2026-05-01,34.0,observed
300200809_,2026-06-01,34.0,observed
300200809_,2026-07-01,34.0,observed
300200809_,2026-08-01,34.0,observed
300200809_,2026-09-01,34.0,observed
300200810_,2024-01-01,,blank
300200810_,2024-02-01,,blank
300200810_,2024-03-01,,blank
300200810_,2024-04-01,,blank
300200810_,2024-05-01,,blank
300200810_,2024-06-01,,blank
300200810_,2024-07-01,,blank
300200810_,2024-08-01,,blank
300200810_,2024-09-01,656.0,observed
300200810_,2024-10-01,247.0,observed
300200810_,2024-11-01,23.0,observed
300200810_,2024-12-01,722.0,observed
300200810_,2025-01-01,1106.0,observed
300200810_,2025-02-01,1087.0,observed
300200810_,2025-03-01,821.0,observed
300200810_,2025-04-01,441.0,observed
300200810_,2025-05-01,131.0,observed
300200810_,2025-06-01,1373.0,observed
300200810_,2025-07-01,1593.0,observed
300200810_,2025-08-01,1602.0,observed
300200810_,2025-09-01,1389.0,observed
300200810_,2025-10-01,1335.0,observed
300200810_,2025-11-01,1149.0,observed
300200810_,2025-12-01,1045.0,observed
300200810_,2026-01-01,873.0,observed
300200810_,2026-02-01,684.0,observed
300200810_,2026-03-01,637.0,observed
300200810_,2026-04-01,710.0,observed
300200810_,2026-05-01,578.0,observed
300200810_,2026-06-01,359.0,observed
300200810_,2026-07-01,329.0,observed
300200810_,2026-08-01,315.0,observed
300200810_,2026-09-01,168.0,observed
300200811_,2024-01-01,,blank
300200811_,2024-02-01,,blank
300200811_,2024-03-01,,blank
300200811_,2024-04-01,,blank
300200811_,2024-05-01,,blank
300200811_,2024-06-01,,blank
300200811_,2024-07-01,,blank
300200811_,2024-08-01,,blank
300200811_,2024-09-01,99.0,observed
300200811_,2024-10-01,37.0,observed
300200811_,2024-11-01,23.0,observed
300200811_,2024-12-01,293.0,observed
300200811_,2025-01-01,260.0,observed
300200811_,2025-02-01,260.0,observed
300200811_,2025-03-01,260.0,observed
300200811_,2025-04-01,258.0,observed
300200811_,2025-05-01,245.0,observed
300200811_,2025-06-01,217.0,observed
300200811_,2025-07-01,217.0,observed
300200811_,2025-08-01,188.0,observed
300200811_,2025-09-01,213.0,observed
300200811_,2025-10-01,212.0,observed
300200811_,2025-11-01,212.0,observed
300200811_,2025-12-01,210.0,observed
300200811_,2026-01-01,204.0,observed
300200811_,2026-02-01,204.0,observed
300200811_,2026-03-01,204.0,observed
300200811_,2026-04-01,204.0,observed
300200811_,2026-05-01,204.0,observed
300200811_,2026-06-01,119.0,observed
300200811_,2026-07-01,118.0,observed
300200811_,2026-08-01,125.0,observed
300200811_,2026-09-01,125.0,observed
300200812_,2024-01-01,,blank
300200812_,2024-02-01,,blank
300200812_,2024-03-01,,blank
300200812_,2024-04-01,,blank
300200812_,2024-05-01,,blank
300200812_,2024-06-01,,blank
300200812_,2024-07-01,,blank
300200812_,2024-08-01,,blank
300200812_,2024-09-01,136.0,observed
300200812_,2024-10-01,200.0,observed
300200812_,2024-11-01,133.0,observed
300200812_,2024-12-01,434.0,observed
300200812_,2025-01-01,345.0,observed
300200812_,2025-02-01,305.0,observed
300200812_,2025-03-01,277.0,observed
300200812_,2025-04-01,173.0,observed
300200812_,2025-05-01,384.0,observed
300200812_,2025-06-01,591.0,observed
300200812_,2025-07-01,554.0,observed
300200812_,2025-08-01,562.0,observed
300200812_,2025-09-01,553.0,observed
300200812_,2025-10-01,540.0,observed
300200812_,2025-11-01,492.0,observed
300200812_,2025-12-01,457.0,observed
300200812_,2026-01-01,383.0,observed
300200812_,2026-02-01,338.0,observed
300200812_,2026-03-01,293.0,observed
300200812_,2026-04-01,282.0,observed
300200812_,2026-05-01,267.0,observed
300200812_,2026-06-01,207.0,observed
300200812_,2026-07-01,188.0,observed
300200812_,2026-08-01,126.0,observed
300200812_,2026-09-01,117.0,observed
300200813_,2024-01-01,,blank
300200813_,2024-02-01,,blank
300200813_,2024-03-01,,blank
300200813_,2024-04-01,,blank
300200813_,2024-05-01,,blank
300200813_,2024-06-01,,blank
300200813_,2024-07-01,,blank
300200813_,2024-08-01,,blank
300200813_,2024-09-01,50.0,observed
300200813_,2024-10-01,27.0,observed
300200813_,2024-11-01,37.0,observed
300200813_,2024-12-01,38.0,observed
300200813_,2025-01-01,107.0,observed
300200813_,2025-02-01,107.0,observed
300200813_,2025-03-01,105.0,observed
300200813_,2025-04-01,125.0,observed
300200813_,2025-05-01,125.0,observed
300200813_,2025-06-01,125.0,observed
300200813_,2025-07-01,125.0,observed
300200813_,2025-08-01,130.0,observed
300200813_,2025-09-01,144.0,observed
300200813_,2025-10-01,144.0,observed
300200813_,2025-11-01,144.0,observed
300200813_,2025-12-01,144.0,observed
300200813_,2026-01-01,144.0,observed
300200813_,2026-02-01,144.0,observed
300200813_,2026-03-01,144.0,observed
300200813_,2026-04-01,154.0,observed
300200813_,2026-05-01,154.0,observed
300200813_,2026-06-01,154.0,observed
300200813_,2026-07-01,154.0,observed
300200813_,2026-08-01,170.0,observed
300200813_,2026-09-01,158.0,observed
300200814_,2024-01-01,,blank
300200814_,2024-02-01,,blank
300200814_,2024-03-01,,blank
300200814_,2024-04-01,,blank
300200814_,2024-05-01,,blank
300200814_,2024-06-01,,blank
300200814_,2024-07-01,,blank
300200814_,2024-08-01,,blank
300200814_,2024-09-01,90.0,observed
300200814_,2024-10-01,130.0,observed
300200814_,2024-11-01,348.0,observed
300200814_,2024-12-01,271.0,observed
300200814_,2025-01-01,233.0,observed
300200814_,2025-02-01,222.0,observed
300200814_,2025-03-01,133.0,observed
300200814_,2025-04-01,77.0,observed
300200814_,2025-05-01,255.0,observed
300200814_,2025-06-01,218.0,observed
300200814_,2025-07-01,105.0,observed
300200814_,2025-08-01,212.0,observed
300200814_,2025-09-01,199.0,observed
300200814_,2025-10-01,242.0,observed
300200814_,2025-11-01,222.0,observed
300200814_,2025-12-01,224.0,observed
300200814_,2026-01-01,216.0,observed
300200814_,2026-02-01,179.0,observed
300200814_,2026-03-01,148.0,observed
300200814_,2026-04-01,181.0,observed
300200814_,2026-05-01,170.0,observed
300200814_,2026-06-01,144.0,observed
300200814_,2026-07-01,119.0,observed
300200814_,2026-08-01,112.0,observed
300200814_,2026-09-01,62.0,observed
300200815_,2024-01-01,,blank
300200815_,2024-02-01,,blank
300200815_,2024-03-01,,blank
300200815_,2024-04-01,,blank
300200815_,2024-05-01,,blank
300200815_,2024-06-01,,blank
300200815_,2024-07-01,,blank
300200815_,2024-08-01,,blank
300200815_,2024-09-01,50.0,observed
300200815_,2024-10-01,28.0,observed
300200815_,2024-11-01,8.0,observed
300200815_,2024-12-01,70.0,observed
300200815_,2025-01-01,79.0,observed
300200815_,2025-02-01,79.0,observed
300200815_,2025-03-01,77.0,observed
300200815_,2025-04-01,77.0,observed
300200815_,2025-05-01,77.0,observed
300200815_,2025-06-01,77.0,observed
300200815_,2025-07-01,72.0,observed
300200815_,2025-08-01,80.0,observed
300200815_,2025-09-01,81.0,observed
300200815_,2025-10-01,81.0,observed
300200815_,2025-11-01,76.0,observed
300200815_,2025-12-01,76.0,observed
300200815_,2026-01-01,76.0,observed
300200815_,2026-02-01,76.0,observed
300200815_,2026-03-01,76.0,observed
300200815_,2026-04-01,85.0,observed
300200815_,2026-05-01,85.0,observed
300200815_,2026-06-01,85.0,observed
300200815_,2026-07-01,85.0,observed
300200815_,2026-08-01,102.0,observed
300200815_,2026-09-01,102.0,observed
300200816_,2024-01-01,,blank
300200816_,2024-02-01,,blank
300200816_,2024-03-01,,blank
300200816_,2024-04-01,,blank
300200816_,2024-05-01,,blank
300200816_,2024-06-01,,blank
300200816_,2024-07-01,,blank
300200816_,2024-08-01,,blank
300200816_,2024-09-01,45.0,observed
300200816_,2024-10-01,,blank
300200816_,2024-11-01,35.0,observed
300200816_,2024-12-01,101.0,observed
300200816_,2025-01-01,79.0,observed
300200816_,2025-02-01,74.0,observed
300200816_,2025-03-01,55.0,observed
300200816_,2025-04-01,133.0,observed
300200816_,2025-05-01,117.0,observed
300200816_,2025-06-01,116.0,observed
300200816_,2025-07-01,114.0,observed
300200816_,2025-08-01,114.0,observed
300200816_,2025-09-01,116.0,observed
300200816_,2025-10-01,114.0,observed
300200816_,2025-11-01,110.0,observed
300200816_,2025-12-01,105.0,observed
300200816_,2026-01-01,100.0,observed
300200816_,2026-02-01,98.0,observed
300200816_,2026-03-01,95.0,observed
300200816_,2026-04-01,98.0,observed
300200816_,2026-05-01,97.0,observed
300200816_,2026-06-01,83.0,observed
300200816_,2026-07-01,82.0,observed
300200816_,2026-08-01,66.0,observed
300200816_,2026-09-01,61.0,observed
300200817_,2024-01-01,,blank
300200817_,2024-02-01,,blank
300200817_,2024-03-01,,blank
300200817_,2024-04-01,,blank
300200817_,2024-05-01,,blank
300200817_,2024-06-01,,blank
300200817_,2024-07-01,,blank
300200817_,2024-08-01,,blank
300200817_,2024-09-01,40.0,observed
300200817_,2024-10-01,,blank
300200817_,2024-11-01,83.0,observed
300200817_,2024-12-01,159.0,observed
300200817_,2025-01-01,147.0,observed
300200817_,2025-02-01,147.0,observed
300200817_,2025-03-01,119.0,observed
300200817_,2025-04-01,79.0,observed
300200817_,2025-05-01,55.0,observed
300200817_,2025-06-01,53.0,observed
300200817_,2025-07-01,19.0,observed
300200817_,2025-08-01,137.0,observed
300200817_,2025-09-01,134.0,observed
300200817_,2025-10-01,134.0,observed
300200817_,2025-11-01,121.0,observed
300200817_,2025-12-01,114.0,observed
300200817_,2026-01-01,80.0,observed
300200817_,2026-02-01,55.0,observed
300200817_,2026-03-01,43.0,observed
300200817_,2026-04-01,73.0,observed
300200817_,2026-05-01,73.0,observed
300200817_,2026-06-01,67.0,observed
300200817_,2026-07-01,87.0,observed
300200817_,2026-08-01,84.0,observed
300200817_,2026-09-01,73.0,observed
300200818_,2024-01-01,,blank
300200818_,2024-02-01,,blank
300200818_,2024-03-01,,blank
300200818_,2024-04-01,,blank
300200818_,2024-05-01,,blank
300200818_,2024-06-01,,blank
300200818_,2024-07-01,,blank
300200818_,2024-08-01,,blank
300200818_,2024-09-01,20.0,observed
300200818_,2024-10-01,,blank
300200818_,2024-11-01,80.0,observed
300200818_,2024-12-01,107.0,observed
300200818_,2025-01-01,106.0,observed
300200818_,2025-02-01,106.0,observed
300200818_,2025-03-01,98.0,observed
300200818_,2025-04-01,98.0,observed
300200818_,2025-05-01,93.0,observed
300200818_,2025-06-01,73.0,observed
300200818_,2025-07-01,73.0,observed
300200818_,2025-08-01,77.0,observed
300200818_,2025-09-01,75.0,observed
300200818_,2025-10-01,75.0,observed
300200818_,2025-11-01,72.0,observed
300200818_,2025-12-01,72.0,observed
300200818_,2026-01-01,67.0,observed
300200818_,2026-02-01,67.0,observed
300200818_,2026-03-01,67.0,observed
300200818_,2026-04-01,75.0,observed
300200818_,2026-05-01,75.0,observed
300200818_,2026-06-01,72.0,observed
300200818_,2026-07-01,70.0,observed
300200818_,2026-08-01,81.0,observed
300200818_,2026-09-01,78.0,observed
300200819_,2024-01-01,,blank
300200819_,2024-02-01,,blank
300200819_,2024-03-01,,blank
300200819_,2024-04-01,,blank
300200819_,2024-05-01,,blank
300200819_,2024-06-01,,blank
300200819_,2024-07-01,,blank
300200819_,2024-08-01,,blank
300200819_,2024-09-01,20.0,observed
300200819_,2024-10-01,14.0,observed
300200819_,2024-11-01,18.0,observed
300200819_,2024-12-01,23.0,observed
300200819_,2025-01-01,23.0,observed
300200819_,2025-02-01,23.0,observed
300200819_,2025-03-01,23.0,observed
300200819_,2025-04-01,16.0,observed
300200819_,2025-05-01,2.0,observed
300200819_,2025-06-01,17.0,observed
300200819_,2025-07-01,17.0,observed
300200819_,2025-08-01,16.0,observed
300200819_,2025-09-01,17.0,observed
300200819_,2025-10-01,17.0,observed
300200819_,2025-11-01,14.0,observed
300200819_,2025-12-01,14.0,observed
300200819_,2026-01-01,11.0,observed
300200819_,2026-02-01,11.0,observed
300200819_,2026-03-01,3.0,observed
300200819_,2026-04-01,11.0,observed
300200819_,2026-05-01,10.0,observed
300200819_,2026-06-01,10.0,observed
300200819_,2026-07-01,10.0,observed
300200819_,2026-08-01,10.0,observed
300200819_,2026-09-01,10.0,observed
300200820_,2024-01-01,,blank
300200820_,2024-02-01,,blank
300200820_,2024-03-01,,blank
300200820_,2024-04-01,,blank
300200820_,2024-05-01,,blank
300200820_,2024-06-01,,blank
300200820_,2024-07-01,,blank
300200820_,2024-08-01,,blank
300200820_,2024-09-01,15.0,observed
300200820_,2024-10-01,,blank
300200820_,2024-11-01,80.0,observed
300200820_,2024-12-01,69.0,observed
300200820_,2025-01-01,66.0,observed
300200820_,2025-02-01,66.0,observed
300200820_,2025-03-01,57.0,observed
300200820_,2025-04-01,53.0,observed
300200820_,2025-05-01,50.0,observed
300200820_,2025-06-01,50.0,observed
300200820_,2025-07-01,48.0,observed
300200820_,2025-08-01,59.0,observed
300200820_,2025-09-01,59.0,observed
300200820_,2025-10-01,59.0,observed
300200820_,2025-11-01,55.0,observed
300200820_,2025-12-01,49.0,observed
300200820_,2026-01-01,41.0,observed
300200820_,2026-02-01,41.0,observed
300200820_,2026-03-01,41.0,observed
300200820_,2026-04-01,48.0,observed
300200820_,2026-05-01,48.0,observed
300200820_,2026-06-01,45.0,observed
300200820_,2026-07-01,44.0,observed
300200820_,2026-08-01,44.0,observed
300200820_,2026-09-01,43.0,observed
300200821_,2024-01-01,,blank
300200821_,2024-02-01,,blank
300200821_,2024-03-01,,blank
300200821_,2024-04-01,,blank
300200821_,2024-05-01,,blank
300200821_,2024-06-01,,blank
300200821_,2024-07-01,,blank
300200821_,2024-08-01,,blank
300200821_,2024-09-01,255.0,observed
300200821_,2024-10-01,,blank
300200821_,2024-11-01,386.0,observed
300200821_,2024-12-01,795.0,observed
300200821_,2025-01-01,629.0,observed
300200821_,2025-02-01,534.0,observed
300200821_,2025-03-01,313.0,observed
300200821_,2025-04-01,135.0,observed
300200821_,2025-05-01,931.0,observed
300200821_,2025-06-01,795.0,observed
300200821_,2025-07-01,909.0,observed
300200821_,2025-08-01,861.0,observed
300200821_,2025-09-01,813.0,observed
300200821_,2025-10-01,741.0,observed
300200821_,2025-11-01,691.0,observed
300200821_,2025-12-01,768.0,observed
300200821_,2026-01-01,497.0,observed
300200821_,2026-02-01,424.0,observed
300200821_,2026-03-01,460.0,observed
300200821_,2026-04-01,482.0,observed
300200821_,2026-05-01,404.0,observed
300200821_,2026-06-01,181.0,observed
300200821_,2026-07-01,158.0,observed
300200821_,2026-08-01,95.0,observed
300200821_,2026-09-01,131.0,observed
300200822_,2024-01-01,,blank
300200822_,2024-02-01,,blank
300200822_,2024-03-01,,blank
300200822_,2024-04-01,,blank
300200822_,2024-05-01,,blank
300200822_,2024-06-01,,blank
300200822_,2024-07-01,,blank
300200822_,2024-08-01,,blank
300200822_,2024-09-01,190.0,observed
300200822_,2024-10-01,22.0,observed
300200822_,2024-11-01,35.0,observed
300200822_,2024-12-01,370.0,observed
300200822_,2025-01-01,365.0,observed
300200822_,2025-02-01,339.0,observed
300200822_,2025-03-01,233.0,observed
300200822_,2025-04-01,143.0,observed
300200822_,2025-05-01,364.0,observed
300200822_,2025-06-01,398.0,observed
300200822_,2025-07-01,449.0,observed
300200822_,2025-08-01,440.0,observed
300200822_,2025-09-01,369.0,observed
300200822_,2025-10-01,341.0,observed
300200822_,2025-11-01,284.0,observed
300200822_,2025-12-01,351.0,observed
300200822_,2026-01-01,297.0,observed
300200822_,2026-02-01,244.0,observed
300200822_,2026-03-01,161.0,observed
300200822_,2026-04-01,188.0,observed
300200822_,2026-05-01,190.0,observed
300200822_,2026-06-01,116.0,observed
300200822_,2026-07-01,107.0,observed
300200822_,2026-08-01,86.0,observed
300200822_,2026-09-01,131.0,observed
300200823_,2024-01-01,,blank
300200823_,2024-02-01,,blank
300200823_,2024-03-01,,blank
300200823_,2024-04-01,,blank
300200823_,2024-05-01,,blank
300200823_,2024-06-01,,blank
300200823_,2024-07-01,,blank
300200823_,2024-08-01,,blank
300200823_,2024-09-01,90.0,observed
300200823_,2024-10-01,,blank
300200823_,2024-11-01,58.0,observed
300200823_,2024-12-01,249.0,observed
300200823_,2025-01-01,205.0,observed
300200823_,2025-02-01,196.0,observed
300200823_,2025-03-01,119.0,observed
300200823_,2025-04-01,99.0,observed
300200823_,2025-05-01,250.0,observed
300200823_,2025-06-01,223.0,observed
300200823_,2025-07-01,208.0,observed
300200823_,2025-08-01,211.0,observed
300200823_,2025-09-01,187.0,observed
300200823_,2025-10-01,172.0,observed
300200823_,2025-11-01,160.0,observed
300200823_,2025-12-01,175.0,observed
300200823_,2026-01-01,148.0,observed
300200823_,2026-02-01,119.0,observed
300200823_,2026-03-01,101.0,observed
300200823_,2026-04-01,104.0,observed
300200823_,2026-05-01,93.0,observed
300200823_,2026-06-01,46.0,observed
300200823_,2026-07-01,42.0,observed
300200823_,2026-08-01,42.0,observed
300200823_,2026-09-01,36.0,observed
300200824_,2024-01-01,,blank
300200824_,2024-02-01,,blank
300200824_,2024-03-01,,blank
300200824_,2024-04-01,,blank
300200824_,2024-05-01,,blank
300200824_,2024-06-01,,blank
300200824_,2024-07-01,,blank
300200824_,2024-08-01,,blank
300200824_,2024-09-01,45.0,observed
300200824_,2024-10-01,,blank
300200824_,2024-11-01,195.0,observed
300200824_,2024-12-01,177.0,observed
300200824_,2025-01-01,158.0,observed
300200824_,2025-02-01,154.0,observed
300200824_,2025-03-01,127.0,observed
300200824_,2025-04-01,113.0,observed
300200824_,2025-05-01,95.0,observed
300200824_,2025-06-01,91.0,observed
300200824_,2025-07-01,85.0,observed
300200824_,2025-08-01,118.0,observed
300200824_,2025-09-01,109.0,observed
300200824_,2025-10-01,107.0,observed
300200824_,2025-11-01,93.0,observed
300200824_,2025-12-01,86.0,observed
300200824_,2026-01-01,66.0,observed
300200824_,2026-02-01,60.0,observed
300200824_,2026-03-01,49.0,observed
300200824_,2026-04-01,42.0,observed
300200824_,2026-05-01,41.0,observed
300200824_,2026-06-01,28.0,observed
300200824_,2026-07-01,28.0,observed
300200824_,2026-08-01,32.0,observed
300200824_,2026-09-01,18.0,observed
300200825_,2024-01-01,,blank
300200825_,2024-02-01,,blank
300200825_,2024-03-01,,blank
300200825_,2024-04-01,,blank
300200825_,2024-05-01,,blank
300200825_,2024-06-01,,blank
300200825_,2024-07-01,,blank
300200825_,2024-08-01,,blank
300200825_,2024-09-01,28.0,observed
300200825_,2024-10-01,,blank
300200825_,2024-11-01,15.0,observed
300200825_,2024-12-01,85.0,observed
300200825_,2025-01-01,77.0,observed
300200825_,2025-02-01,71.0,observed
300200825_,2025-03-01,67.0,observed
300200825_,2025-04-01,74.0,observed
300200825_,2025-05-01,67.0,observed
300200825_,2025-06-01,67.0,observed
300200825_,2025-07-01,67.0,observed
300200825_,2025-08-01,70.0,observed
300200825_,2025-09-01,78.0,observed
300200825_,2025-10-01,76.0,observed
300200825_,2025-11-01,76.0,observed
300200825_,2025-12-01,74.0,observed
300200825_,2026-01-01,72.0,observed
300200825_,2026-02-01,71.0,observed
300200825_,2026-03-01,70.0,observed
300200825_,2026-04-01,74.0,observed
300200825_,2026-05-01,74.0,observed
300200825_,2026-06-01,72.0,observed
300200825_,2026-07-01,72.0,observed
300200825_,2026-08-01,71.0,observed
300200825_,2026-09-01,69.0,observed
300200826_,2024-01-01,,blank
300200826_,2024-02-01,,blank
300200826_,2024-03-01,,blank
300200826_,2024-04-01,,blank
300200826_,2024-05-01,,blank
300200826_,2024-06-01,,blank
300200826_,2024-07-01,,blank
300200826_,2024-08-01,,blank
300200826_,2024-09-01,40.0,observed
300200826_,2024-10-01,60.0,observed
300200826_,2024-11-01,50.0,observed
300200826_,2024-12-01,170.0,observed
300200826_,2025-01-01,133.0,observed
300200826_,2025-02-01,133.0,observed
300200826_,2025-03-01,99.0,observed
300200826_,2025-04-01,91.0,observed
300200826_,2025-05-01,88.0,observed
300200826_,2025-06-01,112.0,observed
300200826_,2025-07-01,72.0,observed
300200826_,2025-08-01,122.0,observed
300200826_,2025-09-01,117.0,observed
300200826_,2025-10-01,120.0,observed
300200826_,2025-11-01,113.0,observed
300200826_,2025-12-01,108.0,observed
300200826_,2026-01-01,94.0,observed
300200826_,2026-02-01,88.0,observed
300200826_,2026-03-01,84.0,observed
300200826_,2026-04-01,90.0,observed
300200826_,2026-05-01,79.0,observed
300200826_,2026-06-01,52.0,observed
300200826_,2026-07-01,52.0,observed
300200826_,2026-08-01,47.0,observed
300200826_,2026-09-01,36.0,observed
300200827_,2024-01-01,,blank
300200827_,2024-02-01,,blank
300200827_,2024-03-01,,blank
300200827_,2024-04-01,,blank
300200827_,2024-05-01,,blank
300200827_,2024-06-01,,blank
300200827_,2024-07-01,,blank
300200827_,2024-08-01,,blank
300200827_,2024-09-01,,blank
300200827_,2024-10-01,39.0,observed
300200827_,2024-11-01,39.0,observed
300200827_,2024-12-01,49.0,observed
300200827_,2025-01-01,49.0,observed
300200827_,2025-02-01,44.0,observed
300200827_,2025-03-01,44.0,observed
300200827_,2025-04-01,39.0,observed
300200827_,2025-05-01,39.0,observed
300200827_,2025-06-01,34.0,observed
300200827_,2025-07-01,33.0,observed
300200827_,2025-08-01,33.0,observed
300200827_,2025-09-01,42.0,observed
300200827_,2025-10-01,42.0,observed
300200827_,2025-11-01,42.0,observed
300200827_,2025-12-01,42.0,observed
300200827_,2026-01-01,42.0,observed
300200827_,2026-02-01,42.0,observed
300200827_,2026-03-01,42.0,observed
300200827_,2026-04-01,48.0,observed
300200827_,2026-05-01,48.0,observed
300200827_,2026-06-01,48.0,observed
300200827_,2026-07-01,48.0,observed
300200827_,2026-08-01,48.0,observed
300200827_,2026-09-01,48.0,observed
300200828_,2024-01-01,,blank
300200828_,2024-02-01,,blank
300200828_,2024-03-01,,blank
300200828_,2024-04-01,,blank
300200828_,2024-05-01,,blank
300200828_,2024-06-01,,blank
300200828_,2024-07-01,,blank
300200828_,2024-08-01,,blank
300200828_,2024-09-01,50.0,observed
300200828_,2024-10-01,37.0,observed
300200828_,2024-11-01,36.0,observed
300200828_,2024-12-01,46.0,observed
300200828_,2025-01-01,41.0,observed
300200828_,2025-02-01,41.0,observed
300200828_,2025-03-01,34.0,observed
300200828_,2025-04-01,34.0,observed
300200828_,2025-05-01,3.0,observed
300200828_,2025-06-01,40.0,observed
300200828_,2025-07-01,40.0,observed
300200828_,2025-08-01,40.0,observed
300200828_,2025-09-01,44.0,observed
300200828_,2025-10-01,47.0,observed
300200828_,2025-11-01,47.0,observed
300200828_,2025-12-01,39.0,observed
300200828_,2026-01-01,39.0,observed
300200828_,2026-02-01,39.0,observed
300200828_,2026-03-01,39.0,observed
300200828_,2026-04-01,44.0,observed
300200828_,2026-05-01,44.0,observed
300200828_,2026-06-01,42.0,observed
300200828_,2026-07-01,41.0,observed
300200828_,2026-08-01,41.0,observed
300200828_,2026-09-01,30.0,observed
300200829_,2024-01-01,,blank
300200829_,2024-02-01,,blank
300200829_,2024-03-01,,blank
300200829_,2024-04-01,,blank
300200829_,2024-05-01,,blank
300200829_,2024-06-01,,blank
300200829_,2024-07-01,,blank
300200829_,2024-08-01,,blank
300200829_,2024-09-01,50.0,observed
300200829_,2024-10-01,19.0,observed
300200829_,2024-11-01,19.0,observed
300200829_,2024-12-01,139.0,observed
300200829_,2025-01-01,139.0,observed
300200829_,2025-02-01,139.0,observed
300200829_,2025-03-01,139.0,observed
300200829_,2025-04-01,149.0,observed
300200829_,2025-05-01,149.0,observed
300200829_,2025-06-01,149.0,observed
300200829_,2025-07-01,149.0,observed
300200829_,2025-08-01,159.0,observed
300200829_,2025-09-01,169.0,observed
300200829_,2025-10-01,169.0,observed
300200829_,2025-11-01,169.0,observed
300200829_,2025-12-01,169.0,observed
300200829_,2026-01-01,169.0,observed
300200829_,2026-02-01,169.0,observed
300200829_,2026-03-01,169.0,observed
300200829_,2026-04-01,178.0,observed
300200829_,2026-05-01,178.0,observed
300200829_,2026-06-01,178.0,observed
300200829_,2026-07-01,178.0,observed
300200829_,2026-08-01,178.0,observed
300200829_,2026-09-01,178.0,observed
300200830_,2024-01-01,,blank
300200830_,2024-02-01,,blank
300200830_,2024-03-01,,blank
300200830_,2024-04-01,,blank
300200830_,2024-05-01,,blank
300200830_,2024-06-01,,blank
300200830_,2024-07-01,,blank
300200830_,2024-08-01,,blank
300200830_,2024-09-01,,blank
300200830_,2024-10-01,17.0,observed
300200830_,2024-11-01,15.0,observed
300200830_,2024-12-01,15.0,observed
300200830_,2025-01-01,12.0,observed
300200830_,2025-02-01,12.0,observed
300200830_,2025-03-01,12.0,observed
300200830_,2025-04-01,9.0,observed
300200830_,2025-05-01,9.0,observed
300200830_,2025-06-01,9.0,observed
300200830_,2025-07-01,9.0,observed
300200830_,2025-08-01,9.0,observed
300200830_,2025-09-01,7.0,observed
300200830_,2025-10-01,7.0,observed
300200830_,2025-11-01,7.0,observed
300200830_,2025-12-01,7.0,observed
300200830_,2026-01-01,5.0,observed
300200830_,2026-02-01,5.0,observed
300200830_,2026-03-01,5.0,observed
300200830_,2026-04-01,5.0,observed
300200830_,2026-05-01,5.0,observed
300200830_,2026-06-01,5.0,observed
300200830_,2026-07-01,5.0,observed
300200830_,2026-08-01,7.0,observed
300200830_,2026-09-01,2.0,observed
300200831_,2024-01-01,,blank
300200831_,2024-02-01,,blank
300200831_,2024-03-01,,blank
300200831_,2024-04-01,,blank
300200831_,2024-05-01,,blank
300200831_,2024-06-01,,blank
300200831_,2024-07-01,,blank
300200831_,2024-08-01,,blank
300200831_,2024-09-01,5.0,observed
300200831_,2024-10-01,4.0,observed
300200831_,2024-11-01,14.0,observed
300200831_,2024-12-01,14.0,observed
300200831_,2025-01-01,14.0,observed
300200831_,2025-02-01,14.0,observed
300200831_,2025-03-01,14.0,observed
300200831_,2025-04-01,14.0,observed
300200831_,2025-05-01,14.0,observed
300200831_,2025-06-01,14.0,observed
300200831_,2025-07-01,14.0,observed
300200831_,2025-08-01,14.0,observed
300200831_,2025-09-01,14.0,observed
300200831_,2025-10-01,14.0,observed
300200831_,2025-11-01,14.0,observed
300200831_,2025-12-01,13.0,observed
300200831_,2026-01-01,13.0,observed
300200831_,2026-02-01,13.0,observed
300200831_,2026-03-01,13.0,observed
300200831_,2026-04-01,13.0,observed
300200831_,2026-05-01,13.0,observed
300200831_,2026-06-01,2.0,observed
300200831_,2026-07-01,3.0,observed
300200831_,2026-08-01,4.0,observed
300200831_,2026-09-01,4.0,observed
300200832_,2024-01-01,,blank
300200832_,2024-02-01,,blank
300200832_,2024-03-01,,blank
300200832_,2024-04-01,,blank
300200832_,2024-05-01,,blank
300200832_,2024-06-01,,blank
300200832_,2024-07-01,,blank
300200832_,2024-08-01,,blank
300200832_,2024-09-01,45.0,observed
300200832_,2024-10-01,21.0,observed
300200832_,2024-11-01,1.0,observed
300200832_,2024-12-01,52.0,observed
300200832_,2025-01-01,91.0,observed
300200832_,2025-02-01,85.0,observed
300200832_,2025-03-01,65.0,observed
300200832_,2025-04-01,58.0,observed
300200832_,2025-05-01,124.0,observed
300200832_,2025-06-01,118.0,observed
300200832_,2025-07-01,116.0,observed
300200832_,2025-08-01,127.0,observed
300200832_,2025-09-01,130.0,observed
300200832_,2025-10-01,130.0,observed
300200832_,2025-11-01,130.0,observed
300200832_,2025-12-01,130.0,observed
300200832_,2026-01-01,119.0,observed
300200832_,2026-02-01,119.0,observed
300200832_,2026-03-01,112.0,observed
300200832_,2026-04-01,108.0,observed
300200832_,2026-05-01,98.0,observed
300200832_,2026-06-01,90.0,observed
300200832_,2026-07-01,87.0,observed
300200832_,2026-08-01,103.0,observed
300200832_,2026-09-01,81.0,observed
300200833_,2024-01-01,,blank
300200833_,2024-02-01,,blank
300200833_,2024-03-01,,blank
300200833_,2024-04-01,,blank
300200833_,2024-05-01,,blank
300200833_,2024-06-01,,blank
300200833_,2024-07-01,,blank
300200833_,2024-08-01,,blank
300200833_,2024-09-01,1286.0,observed
300200833_,2024-10-01,1091.0,observed
300200833_,2024-11-01,1061.0,observed
300200833_,2024-12-01,979.0,observed
300200833_,2025-01-01,950.0,observed
300200833_,2025-02-01,930.0,observed
300200833_,2025-03-01,891.0,observed
300200833_,2025-04-01,885.0,observed
300200833_,2025-05-01,871.0,observed
300200833_,2025-06-01,862.0,observed
300200833_,2025-07-01,822.0,observed
300200833_,2025-08-01,822.0,observed
300200833_,2025-09-01,830.0,observed
300200833_,2025-10-01,836.0,observed
300200833_,2025-11-01,825.0,observed
300200833_,2025-12-01,820.0,observed
300200833_,2026-01-01,811.0,observed
300200833_,2026-02-01,794.0,observed
300200833_,2026-03-01,791.0,observed
300200833_,2026-04-01,765.0,observed
300200833_,2026-05-01,765.0,observed
300200833_,2026-06-01,737.0,observed
300200833_,2026-07-01,718.0,observed
300200833_,2026-08-01,727.0,observed
300200833_,2026-09-01,703.0,observed
300200834_,2024-01-01,,blank
300200834_,2024-02-01,,blank
300200834_,2024-03-01,,blank
300200834_,2024-04-01,,blank
300200834_,2024-05-01,,blank
300200834_,2024-06-01,,blank
300200834_,2024-07-01,,blank
300200834_,2024-08-01,,blank
300200834_,2024-09-01,,blank
300200834_,2024-10-01,70.0,observed
300200834_,2024-11-01,90.0,observed
300200834_,2024-12-01,99.0,observed
300200834_,2025-01-01,91.0,observed
300200834_,2025-02-01,85.0,observed
300200834_,2025-03-01,85.0,observed
300200834_,2025-04-01,109.0,observed
300200834_,2025-05-01,99.0,observed
300200834_,2025-06-01,71.0,observed
300200834_,2025-07-01,71.0,observed
300200834_,2025-08-01,77.0,observed
300200834_,2025-09-01,73.0,observed
300200834_,2025-10-01,77.0,observed
300200834_,2025-11-01,77.0,observed
300200834_,2025-12-01,77.0,observed
300200834_,2026-01-01,74.0,observed
300200834_,2026-02-01,68.0,observed
300200834_,2026-03-01,68.0,observed
300200834_,2026-04-01,83.0,observed
300200834_,2026-05-01,83.0,observed
300200834_,2026-06-01,81.0,observed
300200834_,2026-07-01,81.0,observed
300200834_,2026-08-01,100.0,observed
300200834_,2026-09-01,100.0,observed
300200835_,2024-01-01,,blank
300200835_,2024-02-01,,blank
300200835_,2024-03-01,,blank
300200835_,2024-04-01,,blank
300200835_,2024-05-01,,blank
300200835_,2024-06-01,,blank
300200835_,2024-07-01,,blank
300200835_,2024-08-01,,blank
300200835_,2024-09-01,,blank
300200835_,2024-10-01,687.0,observed
300200835_,2024-11-01,613.0,observed
300200835_,2024-12-01,535.0,observed
300200835_,2025-01-01,503.0,observed
300200835_,2025-02-01,483.0,observed
300200835_,2025-03-01,431.0,observed
300200835_,2025-04-01,427.0,observed
300200835_,2025-05-01,356.0,observed
300200835_,2025-06-01,326.0,observed
300200835_,2025-07-01,291.0,observed
300200835_,2025-08-01,294.0,observed
300200835_,2025-09-01,287.0,observed
300200835_,2025-10-01,285.0,observed
300200835_,2025-11-01,280.0,observed
300200835_,2025-12-01,280.0,observed
300200835_,2026-01-01,276.0,observed
300200835_,2026-02-01,269.0,observed
300200835_,2026-03-01,266.0,observed
300200835_,2026-04-01,230.0,observed
300200835_,2026-05-01,223.0,observed
300200835_,2026-06-01,211.0,observed
300200835_,2026-07-01,176.0,observed
300200835_,2026-08-01,169.0,observed
300200835_,2026-09-01,154.0,observed
300200836_,2024-01-01,,blank
300200836_,2024-02-01,,blank
300200836_,2024-03-01,,blank
300200836_,2024-04-01,,blank
300200836_,2024-05-01,,blank
300200836_,2024-06-01,,blank
300200836_,2024-07-01,,blank
300200836_,2024-08-01,,blank
300200836_,2024-09-01,55.0,observed
300200836_,2024-10-01,21.0,observed
300200836_,2024-11-01,121.0,observed
300200836_,2024-12-01,87.0,observed
300200836_,2025-01-01,115.0,observed
300200836_,2025-02-01,110.0,observed
300200836_,2025-03-01,110.0,observed
300200836_,2025-04-01,115.0,observed
300200836_,2025-05-01,95.0,observed
300200836_,2025-06-01,84.0,observed
300200836_,2025-07-01,84.0,observed
300200836_,2025-08-01,93.0,observed
300200836_,2025-09-01,97.0,observed
300200836_,2025-10-01,102.0,observed
300200836_,2025-11-01,102.0,observed
300200836_,2025-12-01,102.0,observed
300200836_,2026-01-01,102.0,observed
300200836_,2026-02-01,99.0,observed
300200836_,2026-03-01,99.0,observed
300200836_,2026-04-01,108.0,observed
300200836_,2026-05-01,108.0,observed
300200836_,2026-06-01,106.0,observed
300200836_,2026-07-01,106.0,observed
300200836_,2026-08-01,106.0,observed
300200836_,2026-09-01,103.0,observed
300200837_,2024-01-01,,blank
300200837_,2024-02-01,,blank
300200837_,2024-03-01,,blank
300200837_,2024-04-01,,blank
300200837_,2024-05-01,,blank
300200837_,2024-06-01,,blank
300200837_,2024-07-01,,blank
300200837_,2024-08-01,,blank
300200837_,2024-09-01,10.0,observed
300200837_,2024-10-01,8.0,observed
300200837_,2024-11-01,8.0,observed
300200837_,2024-12-01,8.0,observed
300200837_,2025-01-01,8.0,observed
300200837_,2025-02-01,6.0,observed
300200837_,2025-03-01,6.0,observed
300200837_,2025-04-01,6.0,observed
300200837_,2025-05-01,6.0,observed
300200837_,2025-06-01,6.0,observed
300200837_,2025-07-01,5.0,observed
300200837_,2025-08-01,5.0,observed
300200837_,2025-09-01,5.0,observed
300200837_,2025-10-01,5.0,observed
300200837_,2025-11-01,5.0,observed
300200837_,2025-12-01,5.0,observed
300200837_,2026-01-01,5.0,observed
300200837_,2026-02-01,5.0,observed
300200837_,2026-03-01,5.0,observed
300200837_,2026-04-01,5.0,observed
300200837_,2026-05-01,5.0,observed
300200837_,2026-06-01,5.0,observed
300200837_,2026-07-01,5.0,observed
300200837_,2026-08-01,5.0,observed
300200837_,2026-09-01,5.0,observed
300200838_,2024-01-01,,blank
300200838_,2024-02-01,,blank
300200838_,2024-03-01,,blank
300200838_,2024-04-01,,blank
300200838_,2024-05-01,,blank
300200838_,2024-06-01,,blank
300200838_,2024-07-01,,blank
300200838_,2024-08-01,,blank
300200838_,2024-09-01,,blank
300200838_,2024-10-01,,blank
300200838_,2024-11-01,189.0,observed
300200838_,2024-12-01,179.0,observed
300200838_,2025-01-01,162.0,observed
300200838_,2025-02-01,154.0,observed
300200838_,2025-03-01,133.0,observed
300200838_,2025-04-01,139.0,observed
300200838_,2025-05-01,129.0,observed
300200838_,2025-06-01,120.0,observed
300200838_,2025-07-01,108.0,observed
300200838_,2025-08-01,105.0,observed
300200838_,2025-09-01,98.0,observed
300200838_,2025-10-01,98.0,observed
300200838_,2025-11-01,97.0,observed
300200838_,2025-12-01,93.0,observed
300200838_,2026-01-01,92.0,observed
300200838_,2026-02-01,87.0,observed
300200838_,2026-03-01,86.0,observed
300200838_,2026-04-01,57.0,observed
300200838_,2026-05-01,57.0,observed
300200838_,2026-06-01,55.0,observed
300200838_,2026-07-01,52.0,observed
300200838_,2026-08-01,51.0,observed
300200838_,2026-09-01,33.0,observed
300200839_,2024-01-01,,blank
300200839_,2024-02-01,,blank
300200839_,2024-03-01,,blank
300200839_,2024-04-01,,blank
300200839_,2024-05-01,,blank
300200839_,2024-06-01,,blank
300200839_,2024-07-01,,blank
300200839_,2024-08-01,,blank
300200839_,2024-09-01,,blank
300200839_,2024-10-01,299.0,observed
300200839_,2024-11-01,279.0,observed
300200839_,2024-12-01,246.0,observed
300200839_,2025-01-01,235.0,observed
300200839_,2025-02-01,225.0,observed
300200839_,2025-03-01,205.0,observed
300200839_,2025-04-01,207.0,observed
300200839_,2025-05-01,180.0,observed
300200839_,2025-06-01,176.0,observed
300200839_,2025-07-01,142.0,observed
300200839_,2025-08-01,143.0,observed
300200839_,2025-09-01,141.0,observed
300200839_,2025-10-01,140.0,observed
300200839_,2025-11-01,140.0,observed
300200839_,2025-12-01,134.0,observed
300200839_,2026-01-01,130.0,observed
300200839_,2026-02-01,130.0,observed
300200839_,2026-03-01,122.0,observed
300200839_,2026-04-01,129.0,observed
300200839_,2026-05-01,124.0,observed
300200839_,2026-06-01,117.0,observed
300200839_,2026-07-01,113.0,observed
300200839_,2026-08-01,105.0,observed
300200839_,2026-09-01,97.0,observed
300200840_,2024-01-01,,blank
300200840_,2024-02-01,,blank
300200840_,2024-03-01,,blank
300200840_,2024-04-01,,blank
300200840_,2024-05-01,,blank
300200840_,2024-06-01,,blank
300200840_,2024-07-01,,blank
300200840_,2024-08-01,,blank
300200840_,2024-09-01,55.0,observed
300200840_,2024-10-01,14.0,observed
300200840_,2024-11-01,29.0,observed
300200840_,2024-12-01,157.0,observed
300200840_,2025-01-01,157.0,observed
300200840_,2025-02-01,157.0,observed
300200840_,2025-03-01,154.0,observed
300200840_,2025-04-01,161.0,observed
300200840_,2025-05-01,144.0,observed
300200840_,2025-06-01,144.0,observed
300200840_,2025-07-01,142.0,observed
300200840_,2025-08-01,151.0,observed
300200840_,2025-09-01,156.0,observed
300200840_,2025-10-01,161.0,observed
300200840_,2025-11-01,161.0,observed
300200840_,2025-12-01,161.0,observed
300200840_,2026-01-01,161.0,observed
300200840_,2026-02-01,160.0,observed
300200840_,2026-03-01,160.0,observed
300200840_,2026-04-01,167.0,observed
300200840_,2026-05-01,167.0,observed
300200840_,2026-06-01,165.0,observed
300200840_,2026-07-01,164.0,observed
300200840_,2026-08-01,173.0,observed
300200840_,2026-09-01,153.0,observed
300200841_,2024-01-01,,blank
300200841_,2024-02-01,,blank
300200841_,2024-03-01,,blank
300200841_,2024-04-01,,blank
300200841_,2024-05-01,,blank
300200841_,2024-06-01,,blank
300200841_,2024-07-01,,blank
300200841_,2024-08-01,,blank
300200841_,2024-09-01,47.0,observed
300200841_,2024-10-01,43.0,observed
300200841_,2024-11-01,43.0,observed
300200841_,2024-12-01,41.0,observed
300200841_,2025-01-01,41.0,observed
300200841_,2025-02-01,35.0,observed
300200841_,2025-03-01,33.0,observed
300200841_,2025-04-01,33.0,observed
300200841_,2025-05-01,33.0,observed
300200841_,2025-06-01,33.0,observed
300200841_,2025-07-01,33.0,observed
300200841_,2025-08-01,33.0,observed
300200841_,2025-09-01,35.0,observed
300200841_,2025-10-01,35.0,observed
300200841_,2025-11-01,35.0,observed
300200841_,2025-12-01,35.0,observed
300200841_,2026-01-01,35.0,observed
300200841_,2026-02-01,35.0,observed
300200841_,2026-03-01,35.0,observed
300200841_,2026-04-01,35.0,observed
300200841_,2026-05-01,27.0,observed
300200841_,2026-06-01,24.0,observed
300200841_,2026-07-01,24.0,observed
300200841_,2026-08-01,24.0,observed
300200841_,2026-09-01,24.0,observed
300200842_,2024-01-01,,blank
300200842_,2024-02-01,,blank
300200842_,2024-03-01,,blank
300200842_,2024-04-01,,blank
300200842_,2024-05-01,,blank
300200842_,2024-06-01,,blank
300200842_,2024-07-01,,blank
300200842_,2024-08-01,,blank
300200842_,2024-09-01,2989.0,observed
300200842_,2024-10-01,2599.0,observed
300200842_,2024-11-01,2475.0,observed
300200842_,2024-12-01,1917.0,observed
300200842_,2025-01-01,1646.0,observed
300200842_,2025-02-01,1321.0,observed
300200842_,2025-03-01,1085.0,observed
300200842_,2025-04-01,906.0,observed
300200842_,2025-05-01,347.0,observed
300200842_,2025-06-01,1293.0,observed
300200842_,2025-07-01,1354.0,observed
300200842_,2025-08-01,1647.0,observed
300200842_,2025-09-01,1527.0,observed
300200842_,2025-10-01,1521.0,observed
300200842_,2025-11-01,1521.0,observed
300200842_,2025-12-01,1416.0,observed
300200842_,2026-01-01,1357.0,observed
300200842_,2026-02-01,1267.0,observed
300200842_,2026-03-01,1242.0,observed
300200842_,2026-04-01,1088.0,observed
300200842_,2026-05-01,1085.0,observed
300200842_,2026-06-01,965.0,observed
300200842_,2026-07-01,848.0,observed
300200842_,2026-08-01,816.0,observed
300200842_,2026-09-01,639.0,observed
300200843_,2024-01-01,,blank
300200843_,2024-02-01,,blank
300200843_,2024-03-01,,blank
300200843_,2024-04-01,,blank
300200843_,2024-05-01,,blank
300200843_,2024-06-01,,blank
300200843_,2024-07-01,,blank
300200843_,2024-08-01,,blank
300200843_,2024-09-01,836.0,observed
300200843_,2024-10-01,698.0,observed
300200843_,2024-11-01,683.0,observed
300200843_,2024-12-01,678.0,observed
300200843_,2025-01-01,593.0,observed
300200843_,2025-02-01,517.0,observed
300200843_,2025-03-01,507.0,observed
300200843_,2025-04-01,505.0,observed
300200843_,2025-05-01,464.0,observed
300200843_,2025-06-01,464.0,observed
300200843_,2025-07-01,452.0,observed
300200843_,2025-08-01,446.0,observed
300200843_,2025-09-01,467.0,observed
300200843_,2025-10-01,477.0,observed
300200843_,2025-11-01,429.0,observed
300200843_,2025-12-01,429.0,observed
300200843_,2026-01-01,429.0,observed
300200843_,2026-02-01,429.0,observed
300200843_,2026-03-01,429.0,observed
300200843_,2026-04-01,429.0,observed
300200843_,2026-05-01,414.0,observed
300200843_,2026-06-01,414.0,observed
300200843_,2026-07-01,414.0,observed
300200843_,2026-08-01,402.0,observed
300200843_,2026-09-01,386.0,observed
300200844_,2024-01-01,,blank
300200844_,2024-02-01,,blank
300200844_,2024-03-01,,blank
300200844_,2024-04-01,,blank
300200844_,2024-05-01,,blank
300200844_,2024-06-01,,blank
300200844_,2024-07-01,,blank
300200844_,2024-08-01,,blank
300200844_,2024-09-01,50.0,observed
300200844_,2024-10-01,29.0,observed
300200844_,2024-11-01,9.0,observed
300200844_,2024-12-01,70.0,observed
300200844_,2025-01-01,47.0,observed
300200844_,2025-02-01,34.0,observed
300200844_,2025-03-01,22.0,observed
300200844_,2025-04-01,47.0,observed
300200844_,2025-05-01,86.0,observed
300200844_,2025-06-01,84.0,observed
300200844_,2025-07-01,74.0,observed
300200844_,2025-08-01,74.0,observed
300200844_,2025-09-01,77.0,observed
300200844_,2025-10-01,74.0,observed
300200844_,2025-11-01,74.0,observed
300200844_,2025-12-01,69.0,observed
300200844_,2026-01-01,69.0,observed
300200844_,2026-02-01,69.0,observed
300200844_,2026-03-01,69.0,observed
300200844_,2026-04-01,68.0,observed
300200844_,2026-05-01,66.0,observed
300200844_,2026-06-01,62.0,observed
300200844_,2026-07-01,60.0,observed
300200844_,2026-08-01,76.0,observed
300200844_,2026-09-01,68.0,observed
300200845_,2024-01-01,,blank
300200845_,2024-02-01,,blank
300200845_,2024-03-01,,blank
300200845_,2024-04-01,,blank
300200845_,2024-05-01,,blank
300200845_,2024-06-01,,blank
300200845_,2024-07-01,,blank
300200845_,2024-08-01,,blank
300200845_,2024-09-01,45.0,observed
300200845_,2024-10-01,1.0,observed
300200845_,2024-11-01,135.0,observed
300200845_,2024-12-01,180.0,observed
300200845_,2025-01-01,176.0,observed
300200845_,2025-02-01,176.0,observed
300200845_,2025-03-01,173.0,observed
300200845_,2025-04-01,183.0,observed
300200845_,2025-05-01,182.0,observed
300200845_,2025-06-01,182.0,observed
300200845_,2025-07-01,182.0,observed
300200845_,2025-08-01,204.0,observed
300200845_,2025-09-01,206.0,observed
300200845_,2025-10-01,211.0,observed
300200845_,2025-11-01,207.0,observed
300200845_,2025-12-01,207.0,observed
300200845_,2026-01-01,210.0,observed
300200845_,2026-02-01,210.0,observed
300200845_,2026-03-01,210.0,observed
300200845_,2026-04-01,208.0,observed
300200845_,2026-05-01,208.0,observed
300200845_,2026-06-01,208.0,observed
300200845_,2026-07-01,205.0,observed
300200845_,2026-08-01,205.0,observed
300200845_,2026-09-01,205.0,observed
300200846_,2024-01-01,,blank
300200846_,2024-02-01,,blank
300200846_,2024-03-01,,blank
300200846_,2024-04-01,,blank
300200846_,2024-05-01,,blank
300200846_,2024-06-01,,blank
300200846_,2024-07-01,,blank
300200846_,2024-08-01,,blank
300200846_,2024-09-01,,blank
300200846_,2024-10-01,2743.0,observed
300200846_,2024-11-01,2480.0,observed
300200846_,2024-12-01,1839.0,observed
300200846_,2025-01-01,1695.0,observed
300200846_,2025-02-01,1520.0,observed
300200846_,2025-03-01,1412.0,observed
300200846_,2025-04-01,1378.0,observed
300200846_,2025-05-01,1677.0,observed
300200846_,2025-06-01,1617.0,observed
300200846_,2025-07-01,1517.0,observed
300200846_,2025-08-01,1741.0,observed
300200846_,2025-09-01,1723.0,observed
300200846_,2025-10-01,1745.0,observed
300200846_,2025-11-01,1723.0,observed
300200846_,2025-12-01,1715.0,observed
300200846_,2026-01-01,1637.0,observed
300200846_,2026-02-01,1551.0,observed
300200846_,2026-03-01,1533.0,observed
300200846_,2026-04-01,1542.0,observed
300200846_,2026-05-01,1537.0,observed
300200846_,2026-06-01,1486.0,observed
300200846_,2026-07-01,1397.0,observed
300200846_,2026-08-01,1352.0,observed
300200846_,2026-09-01,1256.0,observed
300200847_,2024-01-01,,blank
300200847_,2024-02-01,,blank
300200847_,2024-03-01,,blank
300200847_,2024-04-01,,blank
300200847_,2024-05-01,,blank
300200847_,2024-06-01,,blank
300200847_,2024-07-01,,blank
300200847_,2024-08-01,,blank
300200847_,2024-09-01,1470.0,observed
300200847_,2024-10-01,1298.0,observed
300200847_,2024-11-01,1265.0,observed
300200847_,2024-12-01,1133.0,observed
300200847_,2025-01-01,1053.0,observed
300200847_,2025-02-01,958.0,observed
300200847_,2025-03-01,896.0,observed
300200847_,2025-04-01,916.0,observed
300200847_,2025-05-01,846.0,observed
300200847_,2025-06-01,810.0,observed
300200847_,2025-07-01,764.0,observed
300200847_,2025-08-01,759.0,observed
300200847_,2025-09-01,733.0,observed
300200847_,2025-10-01,741.0,observed
300200847_,2025-11-01,729.0,observed
300200847_,2025-12-01,729.0,observed
300200847_,2026-01-01,721.0,observed
300200847_,2026-02-01,691.0,observed
300200847_,2026-03-01,680.0,observed
300200847_,2026-04-01,635.0,observed
300200847_,2026-05-01,635.0,observed
300200847_,2026-06-01,597.0,observed
300200847_,2026-07-01,562.0,observed
300200847_,2026-08-01,557.0,observed
300200847_,2026-09-01,510.0,observed
300200848_,2024-01-01,,blank
300200848_,2024-02-01,,blank
300200848_,2024-03-01,,blank
300200848_,2024-04-01,,blank
300200848_,2024-05-01,,blank
300200848_,2024-06-01,,blank
300200848_,2024-07-01,,blank
300200848_,2024-08-01,,blank
300200848_,2024-09-01,730.0,observed
300200848_,2024-10-01,641.0,observed
300200848_,2024-11-01,623.0,observed
300200848_,2024-12-01,568.0,observed
300200848_,2025-01-01,519.0,observed
300200848_,2025-02-01,489.0,observed
300200848_,2025-03-01,475.0,observed
300200848_,2025-04-01,476.0,observed
300200848_,2025-05-01,434.0,observed
300200848_,2025-06-01,426.0,observed
300200848_,2025-07-01,403.0,observed
300200848_,2025-08-01,399.0,observed
300200848_,2025-09-01,376.0,observed
300200848_,2025-10-01,386.0,observed
300200848_,2025-11-01,384.0,observed
300200848_,2025-12-01,384.0,observed
300200848_,2026-01-01,378.0,observed
300200848_,2026-02-01,372.0,observed
300200848_,2026-03-01,371.0,observed
300200848_,2026-04-01,332.0,observed
300200848_,2026-05-01,330.0,observed
300200848_,2026-06-01,314.0,observed
300200848_,2026-07-01,316.0,observed
300200848_,2026-08-01,307.0,observed
300200848_,2026-09-01,292.0,observed
300200849_,2024-01-01,,blank
300200849_,2024-02-01,,blank
300200849_,2024-03-01,,blank
300200849_,2024-04-01,,blank
300200849_,2024-05-01,,blank
300200849_,2024-06-01,,blank
300200849_,2024-07-01,,blank
300200849_,2024-08-01,,blank
300200849_,2024-09-01,290.0,observed
300200849_,2024-10-01,238.0,observed
300200849_,2024-11-01,228.0,observed
300200849_,2024-12-01,207.0,observed
300200849_,2025-01-01,202.0,observed
300200849_,2025-02-01,187.0,observed
300200849_,2025-03-01,170.0,observed
300200849_,2025-04-01,172.0,observed
300200849_,2025-05-01,157.0,observed
300200849_,2025-06-01,154.0,observed
300200849_,2025-07-01,136.0,observed
300200849_,2025-08-01,141.0,observed
300200849_,2025-09-01,141.0,observed
300200849_,2025-10-01,141.0,observed
300200849_,2025-11-01,136.0,observed
300200849_,2025-12-01,135.0,observed
300200849_,2026-01-01,135.0,observed
300200849_,2026-02-01,133.0,observed
300200849_,2026-03-01,132.0,observed
300200849_,2026-04-01,116.0,observed
300200849_,2026-05-01,115.0,observed
300200849_,2026-06-01,109.0,observed
300200849_,2026-07-01,106.0,observed
300200849_,2026-08-01,115.0,observed
300200849_,2026-09-01,104.0,observed
300200850_,2024-01-01,,blank
300200850_,2024-02-01,,blank
300200850_,2024-03-01,,blank
300200850_,2024-04-01,,blank
300200850_,2024-05-01,,blank
300200850_,2024-06-01,,blank
300200850_,2024-07-01,,blank
300200850_,2024-08-01,,blank
300200850_,2024-09-01,65.0,observed
300200850_,2024-10-01,39.0,observed
300200850_,2024-11-01,29.0,observed
300200850_,2024-12-01,117.0,observed
300200850_,2025-01-01,113.0,observed
300200850_,2025-02-01,110.0,observed
300200850_,2025-03-01,110.0,observed
300200850_,2025-04-01,119.0,observed
300200850_,2025-05-01,114.0,observed
300200850_,2025-06-01,112.0,observed
300200850_,2025-07-01,106.0,observed
300200850_,2025-08-01,109.0,observed
300200850_,2025-09-01,118.0,observed
300200850_,2025-10-01,128.0,observed
300200850_,2025-11-01,128.0,observed
300200850_,2025-12-01,128.0,observed
300200850_,2026-01-01,128.0,observed
300200850_,2026-02-01,128.0,observed
300200850_,2026-03-01,126.0,observed
300200850_,2026-04-01,133.0,observed
300200850_,2026-05-01,133.0,observed
300200850_,2026-06-01,133.0,observed
300200850_,2026-07-01,133.0,observed
300200850_,2026-08-01,151.0,observed
300200850_,2026-09-01,150.0,observed
300200851_,2024-01-01,,blank
300200851_,2024-02-01,,blank
300200851_,2024-03-01,,blank
300200851_,2024-04-01,,blank
300200851_,2024-05-01,,blank
300200851_,2024-06-01,,blank
300200851_,2024-07-01,,blank
300200851_,2024-08-01,,blank
300200851_,2024-09-01,,blank
300200851_,2024-10-01,,blank
300200851_,2024-11-01,,blank
300200851_,2024-12-01,100.0,observed
300200851_,2025-01-01,53.0,observed
300200851_,2025-02-01,50.0,observed
300200851_,2025-03-01,34.0,observed
300200851_,2025-04-01,27.0,observed
300200851_,2025-05-01,51.0,observed
300200851_,2025-06-01,24.0,observed
300200851_,2025-07-01,61.0,observed
300200851_,2025-08-01,65.0,observed
300200851_,2025-09-01,61.0,observed
300200851_,2025-10-01,59.0,observed
300200851_,2025-11-01,58.0,observed
300200851_,2025-12-01,58.0,observed
300200851_,2026-01-01,58.0,observed
300200851_,2026-02-01,54.0,observed
300200851_,2026-03-01,45.0,observed
300200851_,2026-04-01,45.0,observed
300200851_,2026-05-01,45.0,observed
300200851_,2026-06-01,42.0,observed
300200851_,2026-07-01,35.0,observed
300200851_,2026-08-01,30.0,observed
300200851_,2026-09-01,10.0,observed
300200852_,2024-01-01,,blank
300200852_,2024-02-01,,blank
300200852_,2024-03-01,,blank
300200852_,2024-04-01,,blank
300200852_,2024-05-01,,blank
300200852_,2024-06-01,,blank
300200852_,2024-07-01,,blank
300200852_,2024-08-01,,blank
300200852_,2024-09-01,44.0,observed
300200852_,2024-10-01,23.0,observed
300200852_,2024-11-01,13.0,observed
300200852_,2024-12-01,93.0,observed
300200852_,2025-01-01,93.0,observed
300200852_,2025-02-01,88.0,observed
300200852_,2025-03-01,88.0,observed
300200852_,2025-04-01,88.0,observed
300200852_,2025-05-01,88.0,observed
300200852_,2025-06-01,82.0,observed
300200852_,2025-07-01,87.0,observed
300200852_,2025-08-01,84.0,observed
300200852_,2025-09-01,94.0,observed
300200852_,2025-10-01,99.0,observed
300200852_,2025-11-01,94.0,observed
300200852_,2025-12-01,79.0,observed
300200852_,2026-01-01,74.0,observed
300200852_,2026-02-01,74.0,observed
300200852_,2026-03-01,74.0,observed
300200852_,2026-04-01,79.0,observed
300200852_,2026-05-01,79.0,observed
300200852_,2026-06-01,79.0,observed
300200852_,2026-07-01,79.0,observed
300200852_,2026-08-01,96.0,observed
300200852_,2026-09-01,96.0,observed
300200853_,2024-01-01,,blank
300200853_,2024-02-01,,blank
300200853_,2024-03-01,,blank
300200853_,2024-04-01,,blank
300200853_,2024-05-01,,blank
300200853_,2024-06-01,,blank
300200853_,2024-07-01,,blank
300200853_,2024-08-01,,blank
300200853_,2024-09-01,45.0,observed
300200853_,2024-10-01,32.0,observed
300200853_,2024-11-01,52.0,observed
300200853_,2024-12-01,32.0,observed
300200853_,2025-01-01,46.0,observed
300200853_,2025-02-01,40.0,observed
300200853_,2025-03-01,38.0,observed
300200853_,2025-04-01,34.0,observed
300200853_,2025-05-01,41.0,observed
300200853_,2025-06-01,41.0,observed
300200853_,2025-07-01,33.0,observed
300200853_,2025-08-01,31.0,observed
300200853_,2025-09-01,34.0,observed
300200853_,2025-10-01,35.0,observed
300200853_,2025-11-01,30.0,observed
300200853_,2025-12-01,30.0,observed
300200853_,2026-01-01,31.0,observed
300200853_,2026-02-01,31.0,observed
300200853_,2026-03-01,31.0,observed
300200853_,2026-04-01,37.0,observed
300200853_,2026-05-01,37.0,observed
300200853_,2026-06-01,36.0,observed
300200853_,2026-07-01,36.0,observed
300200853_,2026-08-01,38.0,observed
300200853_,2026-09-01,16.0,observed
300200854_,2024-01-01,,blank
300200854_,2024-02-01,,blank
300200854_,2024-03-01,,blank
300200854_,2024-04-01,,blank
300200854_,2024-05-01,,blank
300200854_,2024-06-01,,blank
300200854_,2024-07-01,,blank
300200854_,2024-08-01,,blank
300200854_,2024-09-01,44.0,observed
300200854_,2024-10-01,58.0,observed
300200854_,2024-11-01,58.0,observed
300200854_,2024-12-01,102.0,observed
300200854_,2025-01-01,99.0,observed
300200854_,2025-02-01,99.0,observed
300200854_,2025-03-01,94.0,observed
300200854_,2025-04-01,104.0,observed
300200854_,2025-05-01,99.0,observed
300200854_,2025-06-01,99.0,observed
300200854_,2025-07-01,98.0,observed
300200854_,2025-08-01,108.0,observed
300200854_,2025-09-01,113.0,observed
300200854_,2025-10-01,118.0,observed
300200854_,2025-11-01,118.0,observed
300200854_,2025-12-01,118.0,observed
300200854_,2026-01-01,118.0,observed
300200854_,2026-02-01,118.0,observed
300200854_,2026-03-01,118.0,observed
300200854_,2026-04-01,119.0,observed
300200854_,2026-05-01,119.0,observed
300200854_,2026-06-01,119.0,observed
300200854_,2026-07-01,119.0,observed
300200854_,2026-08-01,119.0,observed
300200854_,2026-09-01,119.0,observed
300200855_,2024-01-01,,blank
300200855_,2024-02-01,,blank
300200855_,2024-03-01,,blank
300200855_,2024-04-01,,blank
300200855_,2024-05-01,,blank
300200855_,2024-06-01,,blank
300200855_,2024-07-01,,blank
300200855_,2024-08-01,,blank
300200855_,2024-09-01,20.0,observed
300200855_,2024-10-01,19.0,observed
300200855_,2024-11-01,19.0,observed
300200855_,2024-12-01,18.0,observed
300200855_,2025-01-01,17.0,observed
300200855_,2025-02-01,11.0,observed
300200855_,2025-03-01,8.0,observed
300200855_,2025-04-01,11.0,observed
300200855_,2025-05-01,11.0,observed
300200855_,2025-06-01,11.0,observed
300200855_,2025-07-01,7.0,observed
300200855_,2025-08-01,7.0,observed
300200855_,2025-09-01,7.0,observed
300200855_,2025-10-01,7.0,observed
300200855_,2025-11-01,7.0,observed
300200855_,2025-12-01,7.0,observed
300200855_,2026-01-01,7.0,observed
300200855_,2026-02-01,7.0,observed
300200855_,2026-03-01,7.0,observed
300200855_,2026-04-01,7.0,observed
300200855_,2026-05-01,7.0,observed
300200855_,2026-06-01,7.0,observed
300200855_,2026-07-01,7.0,observed
300200855_,2026-08-01,7.0,observed
300200855_,2026-09-01,7.0,observed
300200856_,2024-01-01,,blank
300200856_,2024-02-01,,blank
300200856_,2024-03-01,,blank
300200856_,2024-04-01,,blank
300200856_,2024-05-01,,blank
300200856_,2024-06-01,,blank
300200856_,2024-07-01,,blank
300200856_,2024-08-01,,blank
300200856_,2024-09-01,2485.0,observed
300200856_,2024-10-01,1856.0,observed
300200856_,2024-11-01,1659.0,observed
300200856_,2024-12-01,1280.0,observed
300200856_,2025-01-01,1326.0,observed
300200856_,2025-02-01,1033.0,observed
300200856_,2025-03-01,1103.0,observed
300200856_,2025-04-01,92.0,observed
300200856_,2025-05-01,1935.0,observed
300200856_,2025-06-01,1744.0,observed
300200856_,2025-07-01,2154.0,observed
300200856_,2025-08-01,1867.0,observed
300200856_,2025-09-01,1767.0,observed
300200856_,2025-10-01,1674.0,observed
300200856_,2025-11-01,1586.0,observed
300200856_,2025-12-01,1336.0,observed
300200856_,2026-01-01,1189.0,observed
300200856_,2026-02-01,1098.0,observed
300200856_,2026-03-01,1023.0,observed
300200856_,2026-04-01,1174.0,observed
300200856_,2026-05-01,1140.0,observed
300200856_,2026-06-01,894.0,observed
300200856_,2026-07-01,618.0,observed
300200856_,2026-08-01,157.0,observed
300200856_,2026-09-01,364.0,observed
300200857_,2024-01-01,,blank
300200857_,2024-02-01,,blank
300200857_,2024-03-01,,blank
300200857_,2024-04-01,,blank
300200857_,2024-05-01,,blank
300200857_,2024-06-01,,blank
300200857_,2024-07-01,,blank
300200857_,2024-08-01,,blank
300200857_,2024-09-01,486.0,observed
300200857_,2024-10-01,274.0,observed
300200857_,2024-11-01,738.0,observed
300200857_,2024-12-01,590.0,observed
300200857_,2025-01-01,502.0,observed
300200857_,2025-02-01,456.0,observed
300200857_,2025-03-01,381.0,observed
300200857_,2025-04-01,384.0,observed
300200857_,2025-05-01,229.0,observed
300200857_,2025-06-01,429.0,observed
300200857_,2025-07-01,367.0,observed
300200857_,2025-08-01,332.0,observed
300200857_,2025-09-01,362.0,observed
300200857_,2025-10-01,302.0,observed
300200857_,2025-11-01,315.0,observed
300200857_,2025-12-01,376.0,observed
300200857_,2026-01-01,355.0,observed
300200857_,2026-02-01,342.0,observed
300200857_,2026-03-01,329.0,observed
300200857_,2026-04-01,368.0,observed
300200857_,2026-05-01,359.0,observed
300200857_,2026-06-01,312.0,observed
300200857_,2026-07-01,222.0,observed
300200857_,2026-08-01,67.0,observed
300200857_,2026-09-01,130.0,observed
300200858_,2024-01-01,,blank
300200858_,2024-02-01,,blank
300200858_,2024-03-01,,blank
300200858_,2024-04-01,,blank
300200858_,2024-05-01,,blank
300200858_,2024-06-01,,blank
300200858_,2024-07-01,,blank
300200858_,2024-08-01,,blank
300200858_,2024-09-01,40.0,observed
300200858_,2024-10-01,17.0,observed
300200858_,2024-11-01,,blank
300200858_,2024-12-01,90.0,observed
300200858_,2025-01-01,87.0,observed
300200858_,2025-02-01,84.0,observed
300200858_,2025-03-01,57.0,observed
300200858_,2025-04-01,47.0,observed
300200858_,2025-05-01,77.0,observed
300200858_,2025-06-01,76.0,observed
300200858_,2025-07-01,76.0,observed
300200858_,2025-08-01,71.0,observed
300200858_,2025-09-01,65.0,observed
300200858_,2025-10-01,73.0,observed
300200858_,2025-11-01,81.0,observed
300200858_,2025-12-01,81.0,observed
300200858_,2026-01-01,81.0,observed
300200858_,2026-02-01,81.0,observed
300200858_,2026-03-01,81.0,observed
300200858_,2026-04-01,93.0,observed
300200858_,2026-05-01,93.0,observed
300200858_,2026-06-01,93.0,observed
300200858_,2026-07-01,93.0,observed
300200858_,2026-08-01,98.0,observed
300200858_,2026-09-01,98.0,observed
300200859_,2024-01-01,,blank
300200859_,2024-02-01,,blank
300200859_,2024-03-01,,blank
300200859_,2024-04-01,,blank
300200859_,2024-05-01,,blank
300200859_,2024-06-01,,blank
300200859_,2024-07-01,,blank
300200859_,2024-08-01,,blank
300200859_,2024-09-01,340.0,observed
300200859_,2024-10-01,112.0,observed
300200859_,2024-11-01,7.0,observed
300200859_,2024-12-01,670.0,observed
300200859_,2025-01-01,567.0,observed
300200859_,2025-02-01,528.0,observed
300200859_,2025-03-01,433.0,observed
300200859_,2025-04-01,429.0,observed
300200859_,2025-05-01,309.0,observed
300200859_,2025-06-01,497.0,observed
300200859_,2025-07-01,462.0,observed
300200859_,2025-08-01,417.0,observed
300200859_,2025-09-01,428.0,observed
300200859_,2025-10-01,397.0,observed
300200859_,2025-11-01,360.0,observed
300200859_,2025-12-01,320.0,observed
300200859_,2026-01-01,302.0,observed
300200859_,2026-02-01,283.0,observed
300200859_,2026-03-01,276.0,observed
300200859_,2026-04-01,288.0,observed
300200859_,2026-05-01,281.0,observed
300200859_,2026-06-01,264.0,observed
300200859_,2026-07-01,204.0,observed
300200859_,2026-08-01,149.0,observed
300200859_,2026-09-01,140.0,observed
300200860_,2024-01-01,,blank
300200860_,2024-02-01,,blank
300200860_,2024-03-01,,blank
300200860_,2024-04-01,,blank
300200860_,2024-05-01,,blank
300200860_,2024-06-01,,blank
300200860_,2024-07-01,,blank
300200860_,2024-08-01,,blank
300200860_,2024-09-01,45.0,observed
300200860_,2024-10-01,20.0,observed
300200860_,2024-11-01,,blank
300200860_,2024-12-01,55.0,observed
300200860_,2025-01-01,99.0,observed
300200860_,2025-02-01,87.0,observed
300200860_,2025-03-01,76.0,observed
300200860_,2025-04-01,81.0,observed
300200860_,2025-05-01,71.0,observed
300200860_,2025-06-01,101.0,observed
300200860_,2025-07-01,101.0,observed
300200860_,2025-08-01,90.0,observed
300200860_,2025-09-01,95.0,observed
300200860_,2025-10-01,93.0,observed
300200860_,2025-11-01,101.0,observed
300200860_,2025-12-01,101.0,observed
300200860_,2026-01-01,101.0,observed
300200860_,2026-02-01,101.0,observed
300200860_,2026-03-01,101.0,observed
300200860_,2026-04-01,117.0,observed
300200860_,2026-05-01,117.0,observed
300200860_,2026-06-01,107.0,observed
300200860_,2026-07-01,107.0,observed
300200860_,2026-08-01,122.0,observed
300200860_,2026-09-01,122.0,observed
300200861_,2024-01-01,,blank
300200861_,2024-02-01,,blank
300200861_,2024-03-01,,blank
300200861_,2024-04-01,,blank
300200861_,2024-05-01,,blank
300200861_,2024-06-01,,blank
300200861_,2024-07-01,,blank
300200861_,2024-08-01,,blank
300200861_,2024-09-01,,blank
300200861_,2024-10-01,,blank
300200861_,2024-11-01,182.0,observed
300200861_,2024-12-01,173.0,observed
300200861_,2025-01-01,156.0,observed
300200861_,2025-02-01,132.0,observed
300200861_,2025-03-01,94.0,observed
300200861_,2025-04-01,96.0,observed
300200861_,2025-05-01,87.0,observed
300200861_,2025-06-01,82.0,observed
300200861_,2025-07-01,50.0,observed
300200861_,2025-08-01,63.0,observed
300200861_,2025-09-01,66.0,observed
300200861_,2025-10-01,61.0,observed
300200861_,2025-11-01,54.0,observed
300200861_,2025-12-01,60.0,observed
300200861_,2026-01-01,60.0,observed
300200861_,2026-02-01,58.0,observed
300200861_,2026-03-01,55.0,observed
300200861_,2026-04-01,77.0,observed
300200861_,2026-05-01,74.0,observed
300200861_,2026-06-01,18.0,observed
300200861_,2026-07-01,20.0,observed
300200861_,2026-08-01,30.0,observed
300200861_,2026-09-01,58.0,observed
300200862_,2024-01-01,,blank
300200862_,2024-02-01,,blank
300200862_,2024-03-01,,blank
300200862_,2024-04-01,,blank
300200862_,2024-05-01,,blank
300200862_,2024-06-01,,blank
300200862_,2024-07-01,,blank
300200862_,2024-08-01,,blank
300200862_,2024-09-01,195.0,observed
300200862_,2024-10-01,111.0,observed
300200862_,2024-11-01,289.0,observed
300200862_,2024-12-01,260.0,observed
300200862_,2025-01-01,250.0,observed
300200862_,2025-02-01,222.0,observed
300200862_,2025-03-01,174.0,observed
300200862_,2025-04-01,228.0,observed
300200862_,2025-05-01,193.0,observed
300200862_,2025-06-01,178.0,observed
300200862_,2025-07-01,146.0,observed
300200862_,2025-08-01,150.0,observed
300200862_,2025-09-01,157.0,observed
300200862_,2025-10-01,146.0,observed
300200862_,2025-11-01,155.0,observed
300200862_,2025-12-01,147.0,observed
300200862_,2026-01-01,127.0,observed
300200862_,2026-02-01,132.0,observed
300200862_,2026-03-01,130.0,observed
300200862_,2026-04-01,137.0,observed
300200862_,2026-05-01,137.0,observed
300200862_,2026-06-01,133.0,observed
300200862_,2026-07-01,110.0,observed
300200862_,2026-08-01,84.0,observed
300200862_,2026-09-01,74.0,observed
300200863_,2024-01-01,,blank
300200863_,2024-02-01,,blank
300200863_,2024-03-01,,blank
300200863_,2024-04-01,,blank
300200863_,2024-05-01,,blank
300200863_,2024-06-01,,blank
300200863_,2024-07-01,,blank
300200863_,2024-08-01,,blank
300200863_,2024-09-01,,blank
300200863_,2024-10-01,24.0,observed
300200863_,2024-11-01,79.0,observed
300200863_,2024-12-01,95.0,observed
300200863_,2025-01-01,89.0,observed
300200863_,2025-02-01,83.0,observed
300200863_,2025-03-01,60.0,observed
300200863_,2025-04-01,63.0,observed
300200863_,2025-05-01,110.0,observed
300200863_,2025-06-01,108.0,observed
300200863_,2025-07-01,89.0,observed
300200863_,2025-08-01,89.0,observed
300200863_,2025-09-01,94.0,observed
300200863_,2025-10-01,93.0,observed
300200863_,2025-11-01,96.0,observed
300200863_,2025-12-01,89.0,observed
300200863_,2026-01-01,89.0,observed
300200863_,2026-02-01,89.0,observed
300200863_,2026-03-01,86.0,observed
300200863_,2026-04-01,99.0,observed
300200863_,2026-05-01,99.0,observed
300200863_,2026-06-01,99.0,observed
300200863_,2026-07-01,92.0,observed
300200863_,2026-08-01,94.0,observed
300200863_,2026-09-01,92.0,observed
300200864_,2024-01-01,,blank
300200864_,2024-02-01,,blank
300200864_,2024-03-01,,blank
300200864_,2024-04-01,,blank
300200864_,2024-05-01,,blank
300200864_,2024-06-01,,blank
300200864_,2024-07-01,,blank
300200864_,2024-08-01,,blank
300200864_,2024-09-01,27.0,observed
300200864_,2024-10-01,19.0,observed
300200864_,2024-11-01,,blank
300200864_,2024-12-01,40.0,observed
300200864_,2025-01-01,28.0,observed
300200864_,2025-02-01,48.0,observed
300200864_,2025-03-01,48.0,observed
300200864_,2025-04-01,47.0,observed
300200864_,2025-05-01,47.0,observed
300200864_,2025-06-01,45.0,observed
300200864_,2025-07-01,43.0,observed
300200864_,2025-08-01,43.0,observed
300200864_,2025-09-01,46.0,observed
300200864_,2025-10-01,49.0,observed
300200864_,2025-11-01,49.0,observed
300200864_,2025-12-01,47.0,observed
300200864_,2026-01-01,47.0,observed
300200864_,2026-02-01,47.0,observed
300200864_,2026-03-01,46.0,observed
300200864_,2026-04-01,46.0,observed
300200864_,2026-05-01,46.0,observed
300200864_,2026-06-01,46.0,observed
300200864_,2026-07-01,46.0,observed
300200864_,2026-08-01,45.0,observed
300200864_,2026-09-01,45.0,observed
300200865_,2024-01-01,,blank
300200865_,2024-02-01,,blank
300200865_,2024-03-01,,blank
300200865_,2024-04-01,,blank
300200865_,2024-05-01,,blank
300200865_,2024-06-01,,blank
300200865_,2024-07-01,,blank
300200865_,2024-08-01,,blank
300200865_,2024-09-01,190.0,observed
300200865_,2024-10-01,51.0,observed
300200865_,2024-11-01,531.0,observed
300200865_,2024-12-01,531.0,observed
300200865_,2025-01-01,530.0,observed
300200865_,2025-02-01,528.0,observed
300200865_,2025-03-01,525.0,observed
300200865_,2025-04-01,525.0,observed
300200865_,2025-05-01,488.0,observed
300200865_,2025-06-01,398.0,observed
300200865_,2025-07-01,328.0,observed
300200865_,2025-08-01,309.0,observed
300200865_,2025-09-01,365.0,observed
300200865_,2025-10-01,356.0,observed
300200865_,2025-11-01,249.0,observed
300200865_,2025-12-01,242.0,observed
300200865_,2026-01-01,243.0,observed
300200865_,2026-02-01,243.0,observed
300200865_,2026-03-01,243.0,observed
300200865_,2026-04-01,236.0,observed
300200865_,2026-05-01,236.0,observed
300200865_,2026-06-01,236.0,observed
300200865_,2026-07-01,138.0,observed
300200865_,2026-08-01,,blank
300200865_,2026-09-01,96.0,observed
300200866_,2024-01-01,,blank
300200866_,2024-02-01,,blank
300200866_,2024-03-01,,blank
300200866_,2024-04-01,,blank
300200866_,2024-05-01,,blank
300200866_,2024-06-01,,blank
300200866_,2024-07-01,,blank
300200866_,2024-08-01,,blank
300200866_,2024-09-01,50.0,observed
300200866_,2024-10-01,19.0,observed
300200866_,2024-11-01,2.0,observed
300200866_,2024-12-01,117.0,observed
300200866_,2025-01-01,110.0,observed
300200866_,2025-02-01,108.0,observed
300200866_,2025-03-01,95.0,observed
300200866_,2025-04-01,69.0,observed
300200866_,2025-05-01,74.0,observed
300200866_,2025-06-01,74.0,observed
300200866_,2025-07-01,73.0,observed
300200866_,2025-08-01,73.0,observed
300200866_,2025-09-01,81.0,observed
300200866_,2025-10-01,79.0,observed
300200866_,2025-11-01,83.0,observed
300200866_,2025-12-01,83.0,observed
300200866_,2026-01-01,82.0,observed
300200866_,2026-02-01,82.0,observed
300200866_,2026-03-01,82.0,observed
300200866_,2026-04-01,89.0,observed
300200866_,2026-05-01,89.0,observed
300200866_,2026-06-01,89.0,observed
300200866_,2026-07-01,89.0,observed
300200866_,2026-08-01,100.0,observed
300200866_,2026-09-01,97.0,observed
300200867_,2024-01-01,,blank
300200867_,2024-02-01,,blank
300200867_,2024-03-01,,blank
300200867_,2024-04-01,,blank
300200867_,2024-05-01,,blank
300200867_,2024-06-01,,blank
300200867_,2024-07-01,,blank
300200867_,2024-08-01,,blank
300200867_,2024-09-01,,blank
300200867_,2024-10-01,50.0,observed
300200867_,2024-11-01,30.0,observed
300200867_,2024-12-01,26.0,observed
300200867_,2025-01-01,32.0,observed
300200867_,2025-02-01,32.0,observed
300200867_,2025-03-01,28.0,observed
300200867_,2025-04-01,36.0,observed
300200867_,2025-05-01,31.0,observed
300200867_,2025-06-01,28.0,observed
300200867_,2025-07-01,18.0,observed
300200867_,2025-08-01,27.0,observed
300200867_,2025-09-01,27.0,observed
300200867_,2025-10-01,33.0,observed
300200867_,2025-11-01,36.0,observed
300200867_,2025-12-01,35.0,observed
300200867_,2026-01-01,34.0,observed
300200867_,2026-02-01,34.0,observed
300200867_,2026-03-01,34.0,observed
300200867_,2026-04-01,42.0,observed
300200867_,2026-05-01,42.0,observed
300200867_,2026-06-01,42.0,observed
300200867_,2026-07-01,42.0,observed
300200867_,2026-08-01,41.0,observed
300200867_,2026-09-01,41.0,observed
300200868_,2024-01-01,,blank
300200868_,2024-02-01,,blank
300200868_,2024-03-01,,blank
300200868_,2024-04-01,,blank
300200868_,2024-05-01,,blank
300200868_,2024-06-01,,blank
300200868_,2024-07-01,,blank
300200868_,2024-08-01,,blank
300200868_,2024-09-01,1465.0,observed
300200868_,2024-10-01,1037.0,observed
300200868_,2024-11-01,1370.0,observed
300200868_,2024-12-01,1134.0,observed
300200868_,2025-01-01,989.0,observed
300200868_,2025-02-01,831.0,observed
300200868_,2025-03-01,702.0,observed
300200868_,2025-04-01,682.0,observed
300200868_,2025-05-01,1131.0,observed
300200868_,2025-06-01,1018.0,observed
300200868_,2025-07-01,996.0,observed
300200868_,2025-08-01,980.0,observed
300200868_,2025-09-01,941.0,observed
300200868_,2025-10-01,805.0,observed
300200868_,2025-11-01,642.0,observed
300200868_,2025-12-01,604.0,observed
300200868_,2026-01-01,566.0,observed
300200868_,2026-02-01,544.0,observed
300200868_,2026-03-01,519.0,observed
300200868_,2026-04-01,580.0,observed
300200868_,2026-05-01,531.0,observed
300200868_,2026-06-01,443.0,observed
300200868_,2026-07-01,257.0,observed
300200868_,2026-08-01,,blank
300200868_,2026-09-01,228.0,observed
300200869_,2024-01-01,,blank
300200869_,2024-02-01,,blank
300200869_,2024-03-01,,blank
300200869_,2024-04-01,,blank
300200869_,2024-05-01,,blank
300200869_,2024-06-01,,blank
300200869_,2024-07-01,,blank
300200869_,2024-08-01,,blank
300200869_,2024-09-01,870.0,observed
300200869_,2024-10-01,665.0,observed
300200869_,2024-11-01,704.0,observed
300200869_,2024-12-01,602.0,observed
300200869_,2025-01-01,470.0,observed
300200869_,2025-02-01,397.0,observed
300200869_,2025-03-01,357.0,observed
300200869_,2025-04-01,329.0,observed
300200869_,2025-05-01,668.0,observed
300200869_,2025-06-01,618.0,observed
300200869_,2025-07-01,553.0,observed
300200869_,2025-08-01,531.0,observed
300200869_,2025-09-01,502.0,observed
300200869_,2025-10-01,464.0,observed
300200869_,2025-11-01,449.0,observed
300200869_,2025-12-01,345.0,observed
300200869_,2026-01-01,298.0,observed
300200869_,2026-02-01,285.0,observed
300200869_,2026-03-01,267.0,observed
300200869_,2026-04-01,332.0,observed
300200869_,2026-05-01,325.0,observed
300200869_,2026-06-01,260.0,observed
300200869_,2026-07-01,134.0,observed
300200869_,2026-08-01,12.0,observed
300200869_,2026-09-01,132.0,observed
300200870_,2024-01-01,,blank
300200870_,2024-02-01,,blank
300200870_,2024-03-01,,blank
300200870_,2024-04-01,,blank
300200870_,2024-05-01,,blank
300200870_,2024-06-01,,blank
300200870_,2024-07-01,,blank
300200870_,2024-08-01,,blank
300200870_,2024-09-01,430.0,observed
300200870_,2024-10-01,304.0,observed
300200870_,2024-11-01,329.0,observed
300200870_,2024-12-01,262.0,observed
300200870_,2025-01-01,324.0,observed
300200870_,2025-02-01,286.0,observed
300200870_,2025-03-01,206.0,observed
300200870_,2025-04-01,207.0,observed
300200870_,2025-05-01,380.0,observed
300200870_,2025-06-01,350.0,observed
300200870_,2025-07-01,311.0,observed
300200870_,2025-08-01,273.0,observed
300200870_,2025-09-01,262.0,observed
300200870_,2025-10-01,262.0,observed
300200870_,2025-11-01,233.0,observed
300200870_,2025-12-01,191.0,observed
300200870_,2026-01-01,211.0,observed
300200870_,2026-02-01,202.0,observed
300200870_,2026-03-01,197.0,observed
300200870_,2026-04-01,212.0,observed
300200870_,2026-05-01,204.0,observed
300200870_,2026-06-01,178.0,observed
300200870_,2026-07-01,142.0,observed
300200870_,2026-08-01,33.0,observed
300200870_,2026-09-01,71.0,observed
300200871_,2024-01-01,,blank
300200871_,2024-02-01,,blank
300200871_,2024-03-01,,blank
300200871_,2024-04-01,,blank
300200871_,2024-05-01,,blank
300200871_,2024-06-01,,blank
300200871_,2024-07-01,,blank
300200871_,2024-08-01,,blank
300200871_,2024-09-01,140.0,observed
300200871_,2024-10-01,98.0,observed
300200871_,2024-11-01,252.0,observed
300200871_,2024-12-01,237.0,observed
300200871_,2025-01-01,205.0,observed
300200871_,2025-02-01,196.0,observed
300200871_,2025-03-01,156.0,observed
300200871_,2025-04-01,173.0,observed
300200871_,2025-05-01,191.0,observed
300200871_,2025-06-01,189.0,observed
300200871_,2025-07-01,166.0,observed
300200871_,2025-08-01,152.0,observed
300200871_,2025-09-01,155.0,observed
300200871_,2025-10-01,152.0,observed
300200871_,2025-11-01,148.0,observed
300200871_,2025-12-01,126.0,observed
300200871_,2026-01-01,107.0,observed
300200871_,2026-02-01,102.0,observed
300200871_,2026-03-01,100.0,observed
300200871_,2026-04-01,108.0,observed
300200871_,2026-05-01,108.0,observed
300200871_,2026-06-01,99.0,observed
300200871_,2026-07-01,88.0,observed
300200871_,2026-08-01,54.0,observed
300200871_,2026-09-01,54.0,observed
300200872_,2024-01-01,,blank
300200872_,2024-02-01,,blank
300200872_,2024-03-01,,blank
300200872_,2024-04-01,,blank
300200872_,2024-05-01,,blank
300200872_,2024-06-01,,blank
300200872_,2024-07-01,,blank
300200872_,2024-08-01,,blank
300200872_,2024-09-01,40.0,observed
300200872_,2024-10-01,39.0,observed
300200872_,2024-11-01,129.0,observed
300200872_,2024-12-01,108.0,observed
300200872_,2025-01-01,100.0,observed
300200872_,2025-02-01,95.0,observed
300200872_,2025-03-01,83.0,observed
300200872_,2025-04-01,126.0,observed
300200872_,2025-05-01,126.0,observed
300200872_,2025-06-01,124.0,observed
300200872_,2025-07-01,114.0,observed
300200872_,2025-08-01,113.0,observed
300200872_,2025-09-01,118.0,observed
300200872_,2025-10-01,128.0,observed
300200872_,2025-11-01,131.0,observed
300200872_,2025-12-01,130.0,observed
300200872_,2026-01-01,130.0,observed
300200872_,2026-02-01,128.0,observed
300200872_,2026-03-01,126.0,observed
300200872_,2026-04-01,136.0,observed
300200872_,2026-05-01,136.0,observed
300200872_,2026-06-01,136.0,observed
300200872_,2026-07-01,136.0,observed
300200872_,2026-08-01,125.0,observed
300200872_,2026-09-01,125.0,observed
300200873_,2024-01-01,,blank
300200873_,2024-02-01,,blank
300200873_,2024-03-01,,blank
300200873_,2024-04-01,,blank
300200873_,2024-05-01,,blank
300200873_,2024-06-01,,blank
300200873_,2024-07-01,,blank
300200873_,2024-08-01,,blank
300200873_,2024-09-01,145.0,observed
300200873_,2024-10-01,73.0,observed
300200873_,2024-11-01,4.0,observed
300200873_,2024-12-01,50.0,observed
300200873_,2025-01-01,260.0,observed
300200873_,2025-02-01,174.0,observed
300200873_,2025-03-01,127.0,observed
300200873_,2025-04-01,294.0,observed
300200873_,2025-05-01,270.0,observed
300200873_,2025-06-01,263.0,observed
300200873_,2025-07-01,153.0,observed
300200873_,2025-08-01,164.0,observed
300200873_,2025-09-01,155.0,observed
300200873_,2025-10-01,154.0,observed
300200873_,2025-11-01,132.0,observed
300200873_,2025-12-01,137.0,observed
300200873_,2026-01-01,119.0,observed
300200873_,2026-02-01,117.0,observed
300200873_,2026-03-01,113.0,observed
300200873_,2026-04-01,121.0,observed
300200873_,2026-05-01,114.0,observed
300200873_,2026-06-01,104.0,observed
300200873_,2026-07-01,89.0,observed
300200873_,2026-08-01,42.0,observed
300200873_,2026-09-01,39.0,observed
300200874_,2024-01-01,,blank
300200874_,2024-02-01,,blank
300200874_,2024-03-01,,blank
300200874_,2024-04-01,,blank
300200874_,2024-05-01,,blank
300200874_,2024-06-01,,blank
300200874_,2024-07-01,,blank
300200874_,2024-08-01,,blank
300200874_,2024-09-01,10.0,observed
300200874_,2024-10-01,9.0,observed
300200874_,2024-11-01,9.0,observed
300200874_,2024-12-01,9.0,observed
300200874_,2025-01-01,9.0,observed
300200874_,2025-02-01,9.0,observed
300200874_,2025-03-01,9.0,observed
300200874_,2025-04-01,9.0,observed
300200874_,2025-05-01,9.0,observed
300200874_,2025-06-01,9.0,observed
300200874_,2025-07-01,9.0,observed
300200874_,2025-08-01,9.0,observed
300200874_,2025-09-01,9.0,observed
300200874_,2025-10-01,9.0,observed
300200874_,2025-11-01,9.0,observed
300200874_,2025-12-01,8.0,observed
300200874_,2026-01-01,8.0,observed
300200874_,2026-02-01,8.0,observed
300200874_,2026-03-01,8.0,observed
300200874_,2026-04-01,8.0,observed
300200874_,2026-05-01,8.0,observed
300200874_,2026-06-01,8.0,observed
300200874_,2026-07-01,8.0,observed
300200874_,2026-08-01,8.0,observed
300200874_,2026-09-01,8.0,observed
300200875_,2024-01-01,,blank
300200875_,2024-02-01,,blank
300200875_,2024-03-01,,blank
300200875_,2024-04-01,,blank
300200875_,2024-05-01,,blank
300200875_,2024-06-01,,blank
300200875_,2024-07-01,,blank
300200875_,2024-08-01,,blank
300200875_,2024-09-01,100.0,observed
300200875_,2024-10-01,66.0,observed
300200875_,2024-11-01,62.0,observed
300200875_,2024-12-01,58.0,observed
300200875_,2025-01-01,142.0,observed
300200875_,2025-02-01,142.0,observed
300200875_,2025-03-01,135.0,observed
300200875_,2025-04-01,129.0,observed
300200875_,2025-05-01,128.0,observed
300200875_,2025-06-01,123.0,observed
300200875_,2025-07-01,114.0,observed
300200875_,2025-08-01,114.0,observed
300200875_,2025-09-01,104.0,observed
300200875_,2025-10-01,102.0,observed
300200875_,2025-11-01,100.0,observed
300200875_,2025-12-01,96.0,observed
300200875_,2026-01-01,91.0,observed
300200875_,2026-02-01,91.0,observed
300200875_,2026-03-01,91.0,observed
300200875_,2026-04-01,91.0,observed
300200875_,2026-05-01,90.0,observed
300200875_,2026-06-01,80.0,observed
300200875_,2026-07-01,80.0,observed
300200875_,2026-08-01,77.0,observed
300200875_,2026-09-01,73.0,observed
300200876_,2024-01-01,,blank
300200876_,2024-02-01,,blank
300200876_,2024-03-01,,blank
300200876_,2024-04-01,,blank
300200876_,2024-05-01,,blank
300200876_,2024-06-01,,blank
300200876_,2024-07-01,,blank
300200876_,2024-08-01,,blank
300200876_,2024-09-01,,blank
300200876_,2024-10-01,160.0,observed
300200876_,2024-11-01,160.0,observed
300200876_,2024-12-01,159.0,observed
300200876_,2025-01-01,156.0,observed
300200876_,2025-02-01,156.0,observed
300200876_,2025-03-01,155.0,observed
300200876_,2025-04-01,155.0,observed
300200876_,2025-05-01,154.0,observed
300200876_,2025-06-01,148.0,observed
300200876_,2025-07-01,148.0,observed
300200876_,2025-08-01,148.0,observed
300200876_,2025-09-01,148.0,observed
300200876_,2025-10-01,148.0,observed
300200876_,2025-11-01,148.0,observed
300200876_,2025-12-01,148.0,observed
300200876_,2026-01-01,148.0,observed
300200876_,2026-02-01,148.0,observed
300200876_,2026-03-01,148.0,observed
300200876_,2026-04-01,148.0,observed
300200876_,2026-05-01,148.0,observed
300200876_,2026-06-01,148.0,observed
300200876_,2026-07-01,148.0,observed
300200876_,2026-08-01,145.0,observed
300200876_,2026-09-01,145.0,observed
300200877_,2024-01-01,,blank
300200877_,2024-02-01,,blank
300200877_,2024-03-01,,blank
300200877_,2024-04-01,,blank
300200877_,2024-05-01,,blank
300200877_,2024-06-01,,blank
300200877_,2024-07-01,,blank
300200877_,2024-08-01,,blank
300200877_,2024-09-01,,blank
300200877_,2024-10-01,,blank
300200877_,2024-11-01,40.0,observed
300200877_,2024-12-01,39.0,observed
300200877_,2025-01-01,39.0,observed
300200877_,2025-02-01,39.0,observed
300200877_,2025-03-01,39.0,observed
300200877_,2025-04-01,39.0,observed
300200877_,2025-05-01,39.0,observed
300200877_,2025-06-01,39.0,observed
300200877_,2025-07-01,39.0,observed
300200877_,2025-08-01,39.0,observed
300200877_,2025-09-01,39.0,observed
300200877_,2025-10-01,38.0,observed
300200877_,2025-11-01,38.0,observed
300200877_,2025-12-01,38.0,observed
300200877_,2026-01-01,38.0,observed
300200877_,2026-02-01,38.0,observed
300200877_,2026-03-01,38.0,observed
300200877_,2026-04-01,38.0,observed
300200877_,2026-05-01,38.0,observed
300200877_,2026-06-01,38.0,observed
300200877_,2026-07-01,38.0,observed
300200877_,2026-08-01,37.0,observed
300200877_,2026-09-01,36.0,observed
300200878_,2024-01-01,,blank
300200878_,2024-02-01,,blank
300200878_,2024-03-01,,blank
300200878_,2024-04-01,,blank
300200878_,2024-05-01,,blank
300200878_,2024-06-01,,blank
300200878_,2024-07-01,,blank
300200878_,2024-08-01,,blank
300200878_,2024-09-01,,blank
300200878_,2024-10-01,50.0,observed
300200878_,2024-11-01,50.0,observed
300200878_,2024-12-01,49.0,observed
300200878_,2025-01-01,49.0,observed
300200878_,2025-02-01,44.0,observed
300200878_,2025-03-01,44.0,observed
300200878_,2025-04-01,44.0,observed
300200878_,2025-05-01,44.0,observed
300200878_,2025-06-01,44.0,observed
300200878_,2025-07-01,36.0,observed
300200878_,2025-08-01,36.0,observed
300200878_,2025-09-01,35.0,observed
300200878_,2025-10-01,13.0,observed
300200878_,2025-11-01,13.0,observed
300200878_,2025-12-01,13.0,observed
300200878_,2026-01-01,13.0,observed
300200878_,2026-02-01,13.0,observed
300200878_,2026-03-01,13.0,observed
300200878_,2026-04-01,12.0,observed
300200878_,2026-05-01,12.0,observed
300200878_,2026-06-01,12.0,observed
300200878_,2026-07-01,12.0,observed
300200878_,2026-08-01,10.0,observed
300200878_,2026-09-01,10.0,observed
300200879_,2024-01-01,,blank
300200879_,2024-02-01,,blank
300200879_,2024-03-01,,blank
300200879_,2024-04-01,,blank
300200879_,2024-05-01,,blank
300200879_,2024-06-01,,blank
300200879_,2024-07-01,,blank
300200879_,2024-08-01,,blank
300200879_,2024-09-01,45.0,observed
300200879_,2024-10-01,13.0,observed
300200879_,2024-11-01,2.0,observed
300200879_,2024-12-01,92.0,observed
300200879_,2025-01-01,83.0,observed
300200879_,2025-02-01,80.0,observed
300200879_,2025-03-01,74.0,observed
300200879_,2025-04-01,87.0,observed
300200879_,2025-05-01,85.0,observed
300200879_,2025-06-01,84.0,observed
300200879_,2025-07-01,79.0,observed
300200879_,2025-08-01,77.0,observed
300200879_,2025-09-01,74.0,observed
300200879_,2025-10-01,79.0,observed
300200879_,2025-11-01,75.0,observed
300200879_,2025-12-01,72.0,observed
300200879_,2026-01-01,69.0,observed
300200879_,2026-02-01,69.0,observed
300200879_,2026-03-01,67.0,observed
300200879_,2026-04-01,67.0,observed
300200879_,2026-05-01,67.0,observed
300200879_,2026-06-01,67.0,observed
300200879_,2026-07-01,65.0,observed
300200879_,2026-08-01,60.0,observed
300200879_,2026-09-01,56.0,observed
300200880_,2024-01-01,,blank
300200880_,2024-02-01,,blank
300200880_,2024-03-01,,blank
300200880_,2024-04-01,,blank
300200880_,2024-05-01,,blank
300200880_,2024-06-01,,blank
300200880_,2024-07-01,,blank
300200880_,2024-08-01,,blank
300200880_,2024-09-01,,blank
300200880_,2024-10-01,46.0,observed
300200880_,2024-11-01,27.0,observed
300200880_,2024-12-01,26.0,observed
300200880_,2025-01-01,50.0,observed
300200880_,2025-02-01,50.0,observed
300200880_,2025-03-01,40.0,observed
300200880_,2025-04-01,60.0,observed
300200880_,2025-05-01,58.0,observed
300200880_,2025-06-01,58.0,observed
300200880_,2025-07-01,58.0,observed
300200880_,2025-08-01,58.0,observed
300200880_,2025-09-01,58.0,observed
300200880_,2025-10-01,60.0,observed
300200880_,2025-11-01,65.0,observed
300200880_,2025-12-01,65.0,observed
300200880_,2026-01-01,65.0,observed
300200880_,2026-02-01,62.0,observed
300200880_,2026-03-01,62.0,observed
300200880_,2026-04-01,72.0,observed
300200880_,2026-05-01,72.0,observed
300200880_,2026-06-01,72.0,observed
300200880_,2026-07-01,72.0,observed
300200880_,2026-08-01,72.0,observed
300200880_,2026-09-01,72.0,observed
300200881_,2024-01-01,,blank
300200881_,2024-02-01,,blank
300200881_,2024-03-01,,blank
300200881_,2024-04-01,,blank
300200881_,2024-05-01,,blank
300200881_,2024-06-01,,blank
300200881_,2024-07-01,,blank
300200881_,2024-08-01,,blank
300200881_,2024-09-01,,blank
300200881_,2024-10-01,20.0,observed
300200881_,2024-11-01,20.0,observed
300200881_,2024-12-01,16.0,observed
300200881_,2025-01-01,15.0,observed
300200881_,2025-02-01,13.0,observed
300200881_,2025-03-01,6.0,observed
300200881_,2025-04-01,13.0,observed
300200881_,2025-05-01,13.0,observed
300200881_,2025-06-01,6.0,observed
300200881_,2025-07-01,6.0,observed
300200881_,2025-08-01,8.0,observed
300200881_,2025-09-01,5.0,observed
300200881_,2025-10-01,7.0,observed
300200881_,2025-11-01,5.0,observed
300200881_,2025-12-01,5.0,observed
300200881_,2026-01-01,4.0,observed
300200881_,2026-02-01,6.0,observed
300200881_,2026-03-01,6.0,observed
300200881_,2026-04-01,6.0,observed
300200881_,2026-05-01,6.0,observed
300200881_,2026-06-01,6.0,observed
300200881_,2026-07-01,6.0,observed
300200881_,2026-08-01,3.0,observed
300200881_,2026-09-01,6.0,observed
300200882_,2024-01-01,,blank
300200882_,2024-02-01,,blank
300200882_,2024-03-01,,blank
300200882_,2024-04-01,,blank
300200882_,2024-05-01,,blank
300200882_,2024-06-01,,blank
300200882_,2024-07-01,,blank
300200882_,2024-08-01,,blank
300200882_,2024-09-01,286.0,observed
300200882_,2024-10-01,262.0,observed
300200882_,2024-11-01,229.0,observed
300200882_,2024-12-01,194.0,observed
300200882_,2025-01-01,194.0,observed
300200882_,2025-02-01,181.0,observed
300200882_,2025-03-01,165.0,observed
300200882_,2025-04-01,161.0,observed
300200882_,2025-05-01,125.0,observed
300200882_,2025-06-01,96.0,observed
300200882_,2025-07-01,136.0,observed
300200882_,2025-08-01,136.0,observed
300200882_,2025-09-01,136.0,observed
300200882_,2025-10-01,146.0,observed
300200882_,2025-11-01,146.0,observed
300200882_,2025-12-01,146.0,observed
300200882_,2026-01-01,146.0,observed
300200882_,2026-02-01,136.0,observed
300200882_,2026-03-01,136.0,observed
300200882_,2026-04-01,105.0,observed
300200882_,2026-05-01,105.0,observed
300200882_,2026-06-01,85.0,observed
300200882_,2026-07-01,85.0,observed
300200882_,2026-08-01,81.0,observed
300200882_,2026-09-01,43.0,observed
300200883_,2024-01-01,,blank
300200883_,2024-02-01,,blank
300200883_,2024-03-01,,blank
300200883_,2024-04-01,,blank
300200883_,2024-05-01,,blank
300200883_,2024-06-01,,blank
300200883_,2024-07-01,,blank
300200883_,2024-08-01,,blank
300200883_,2024-09-01,110.0,observed
300200883_,2024-10-01,88.0,observed
300200883_,2024-11-01,62.0,observed
300200883_,2024-12-01,59.0,observed
300200883_,2025-01-01,74.0,observed
300200883_,2025-02-01,70.0,observed
300200883_,2025-03-01,66.0,observed
300200883_,2025-04-01,81.0,observed
300200883_,2025-05-01,77.0,observed
300200883_,2025-06-01,43.0,observed
300200883_,2025-07-01,40.0,observed
300200883_,2025-08-01,90.0,observed
300200883_,2025-09-01,90.0,observed
300200883_,2025-10-01,100.0,observed
300200883_,2025-11-01,98.0,observed
300200883_,2025-12-01,98.0,observed
300200883_,2026-01-01,98.0,observed
300200883_,2026-02-01,98.0,observed
300200883_,2026-03-01,98.0,observed
300200883_,2026-04-01,98.0,observed
300200883_,2026-05-01,98.0,observed
300200883_,2026-06-01,96.0,observed
300200883_,2026-07-01,96.0,observed
300200883_,2026-08-01,96.0,observed
300200883_,2026-09-01,82.0,observed
300200884_,2024-01-01,,blank
300200884_,2024-02-01,,blank
300200884_,2024-03-01,,blank
300200884_,2024-04-01,,blank
300200884_,2024-05-01,,blank
300200884_,2024-06-01,,blank
300200884_,2024-07-01,,blank
300200884_,2024-08-01,,blank
300200884_,2024-09-01,70.0,observed
300200884_,2024-10-01,69.0,observed
300200884_,2024-11-01,60.0,observed
300200884_,2024-12-01,60.0,observed
300200884_,2025-01-01,60.0,observed
300200884_,2025-02-01,57.0,observed
300200884_,2025-03-01,55.0,observed
300200884_,2025-04-01,55.0,observed
300200884_,2025-05-01,45.0,observed
300200884_,2025-06-01,42.0,observed
300200884_,2025-07-01,42.0,observed
300200884_,2025-08-01,42.0,observed
300200884_,2025-09-01,42.0,observed
300200884_,2025-10-01,52.0,observed
300200884_,2025-11-01,52.0,observed
300200884_,2025-12-01,52.0,observed
300200884_,2026-01-01,52.0,observed
300200884_,2026-02-01,52.0,observed
300200884_,2026-03-01,52.0,observed
300200884_,2026-04-01,52.0,observed
300200884_,2026-05-01,52.0,observed
300200884_,2026-06-01,37.0,observed
300200884_,2026-07-01,37.0,observed
300200884_,2026-08-01,36.0,observed
300200884_,2026-09-01,33.0,observed
300200885_,2024-01-01,,blank
300200885_,2024-02-01,,blank
300200885_,2024-03-01,,blank
300200885_,2024-04-01,,blank
300200885_,2024-05-01,,blank
300200885_,2024-06-01,,blank
300200885_,2024-07-01,,blank
300200885_,2024-08-01,,blank
300200885_,2024-09-01,50.0,observed
300200885_,2024-10-01,47.0,observed
300200885_,2024-11-01,37.0,observed
300200885_,2024-12-01,37.0,observed
300200885_,2025-01-01,57.0,observed
300200885_,2025-02-01,37.0,observed
300200885_,2025-03-01,37.0,observed
300200885_,2025-04-01,37.0,observed
300200885_,2025-05-01,35.0,observed
300200885_,2025-06-01,32.0,observed
300200885_,2025-07-01,32.0,observed
300200885_,2025-08-01,32.0,observed
300200885_,2025-09-01,32.0,observed
300200885_,2025-10-01,42.0,observed
300200885_,2025-11-01,42.0,observed
300200885_,2025-12-01,42.0,observed
300200885_,2026-01-01,42.0,observed
300200885_,2026-02-01,42.0,observed
300200885_,2026-03-01,42.0,observed
300200885_,2026-04-01,42.0,observed
300200885_,2026-05-01,42.0,observed
300200885_,2026-06-01,42.0,observed
300200885_,2026-07-01,42.0,observed
300200885_,2026-08-01,41.0,observed
300200885_,2026-09-01,41.0,observed
300200886_,2024-01-01,,blank
300200886_,2024-02-01,,blank
300200886_,2024-03-01,,blank
300200886_,2024-04-01,,blank
300200886_,2024-05-01,,blank
300200886_,2024-06-01,,blank
300200886_,2024-07-01,,blank
300200886_,2024-08-01,,blank
300200886_,2024-09-01,30.0,observed
300200886_,2024-10-01,39.0,observed
300200886_,2024-11-01,39.0,observed
300200886_,2024-12-01,39.0,observed
300200886_,2025-01-01,39.0,observed
300200886_,2025-02-01,39.0,observed
300200886_,2025-03-01,39.0,observed
300200886_,2025-04-01,39.0,observed
300200886_,2025-05-01,38.0,observed
300200886_,2025-06-01,37.0,observed
300200886_,2025-07-01,37.0,observed
300200886_,2025-08-01,36.0,observed
300200886_,2025-09-01,36.0,observed
300200886_,2025-10-01,46.0,observed
300200886_,2025-11-01,46.0,observed
300200886_,2025-12-01,46.0,observed
300200886_,2026-01-01,46.0,observed
300200886_,2026-02-01,46.0,observed
300200886_,2026-03-01,46.0,observed
300200886_,2026-04-01,46.0,observed
300200886_,2026-05-01,46.0,observed
300200886_,2026-06-01,46.0,observed
300200886_,2026-07-01,46.0,observed
300200886_,2026-08-01,46.0,observed
300200886_,2026-09-01,46.0,observed
300200887_,2024-01-01,,blank
300200887_,2024-02-01,,blank
300200887_,2024-03-01,,blank
300200887_,2024-04-01,,blank
300200887_,2024-05-01,,blank
300200887_,2024-06-01,,blank
300200887_,2024-07-01,,blank
300200887_,2024-08-01,,blank
300200887_,2024-09-01,495.0,observed
300200887_,2024-10-01,406.0,observed
300200887_,2024-11-01,371.0,observed
300200887_,2024-12-01,309.0,observed
300200887_,2025-01-01,282.0,observed
300200887_,2025-02-01,247.0,observed
300200887_,2025-03-01,228.0,observed
300200887_,2025-04-01,218.0,observed
300200887_,2025-05-01,240.0,observed
300200887_,2025-06-01,295.0,observed
300200887_,2025-07-01,190.0,observed
300200887_,2025-08-01,186.0,observed
300200887_,2025-09-01,64.0,observed
300200887_,2025-10-01,194.0,observed
300200887_,2025-11-01,125.0,observed
300200887_,2025-12-01,148.0,observed
300200887_,2026-01-01,110.0,observed
300200887_,2026-02-01,33.0,observed
300200887_,2026-03-01,44.0,observed
300200887_,2026-04-01,130.0,observed
300200887_,2026-05-01,160.0,observed
300200887_,2026-06-01,96.0,observed
300200887_,2026-07-01,66.0,observed
300200887_,2026-08-01,164.0,observed
300200887_,2026-09-01,163.0,observed
300200888_,2024-01-01,,blank
300200888_,2024-02-01,,blank
300200888_,2024-03-01,,blank
300200888_,2024-04-01,,blank
300200888_,2024-05-01,,blank
300200888_,2024-06-01,,blank
300200888_,2024-07-01,,blank
300200888_,2024-08-01,,blank
300200888_,2024-09-01,,blank
300200888_,2024-10-01,150.0,observed
300200888_,2024-11-01,134.0,observed
300200888_,2024-12-01,110.0,observed
300200888_,2025-01-01,102.0,observed
300200888_,2025-02-01,92.0,observed
300200888_,2025-03-01,68.0,observed
300200888_,2025-04-01,77.0,observed
300200888_,2025-05-01,92.0,observed
300200888_,2025-06-01,92.0,observed
300200888_,2025-07-01,82.0,observed
300200888_,2025-08-01,81.0,observed
300200888_,2025-09-01,80.0,observed
300200888_,2025-10-01,80.0,observed
300200888_,2025-11-01,68.0,observed
300200888_,2025-12-01,48.0,observed
300200888_,2026-01-01,44.0,observed
300200888_,2026-02-01,37.0,observed
300200888_,2026-03-01,28.0,observed
300200888_,2026-04-01,,blank
300200888_,2026-05-01,28.0,observed
300200888_,2026-06-01,18.0,observed
300200888_,2026-07-01,18.0,observed
300200888_,2026-08-01,47.0,observed
300200888_,2026-09-01,47.0,observed
300200889_,2024-01-01,,blank
300200889_,2024-02-01,,blank
300200889_,2024-03-01,,blank
300200889_,2024-04-01,,blank
300200889_,2024-05-01,,blank
300200889_,2024-06-01,,blank
300200889_,2024-07-01,,blank
300200889_,2024-08-01,,blank
300200889_,2024-09-01,,blank
300200889_,2024-10-01,45.0,observed
300200889_,2024-11-01,44.0,observed
300200889_,2024-12-01,43.0,observed
300200889_,2025-01-01,43.0,observed
300200889_,2025-02-01,43.0,observed
300200889_,2025-03-01,43.0,observed
300200889_,2025-04-01,43.0,observed
300200889_,2025-05-01,43.0,observed
300200889_,2025-06-01,43.0,observed
300200889_,2025-07-01,43.0,observed
300200889_,2025-08-01,41.0,observed
300200889_,2025-09-01,41.0,observed
300200889_,2025-10-01,41.0,observed
300200889_,2025-11-01,41.0,observed
300200889_,2025-12-01,41.0,observed
300200889_,2026-01-01,40.0,observed
300200889_,2026-02-01,40.0,observed
300200889_,2026-03-01,40.0,observed
300200889_,2026-04-01,40.0,observed
300200889_,2026-05-01,40.0,observed
300200889_,2026-06-01,40.0,observed
300200889_,2026-07-01,40.0,observed
300200889_,2026-08-01,40.0,observed
300200889_,2026-09-01,40.0,observed
300200890_,2024-01-01,,blank
300200890_,2024-02-01,,blank
300200890_,2024-03-01,,blank
300200890_,2024-04-01,,blank
300200890_,2024-05-01,,blank
300200890_,2024-06-01,,blank
300200890_,2024-07-01,,blank
300200890_,2024-08-01,,blank
300200890_,2024-09-01,98.0,observed
300200890_,2024-10-01,73.0,observed
300200890_,2024-11-01,63.0,observed
300200890_,2024-12-01,69.0,observed
300200890_,2025-01-01,92.0,observed
300200890_,2025-02-01,90.0,observed
300200890_,2025-03-01,86.0,observed
300200890_,2025-04-01,96.0,observed
300200890_,2025-05-01,96.0,observed
300200890_,2025-06-01,95.0,observed
300200890_,2025-07-01,89.0,observed
300200890_,2025-08-01,88.0,observed
300200890_,2025-09-01,88.0,observed
300200890_,2025-10-01,88.0,observed
300200890_,2025-11-01,78.0,observed
300200890_,2025-12-01,68.0,observed
300200890_,2026-01-01,62.0,observed
300200890_,2026-02-01,53.0,observed
300200890_,2026-03-01,45.0,observed
300200890_,2026-04-01,34.0,observed
300200890_,2026-05-01,34.0,observed
300200890_,2026-06-01,26.0,observed
300200890_,2026-07-01,17.0,observed
300200890_,2026-08-01,47.0,observed
300200890_,2026-09-01,47.0,observed
300200891_,2024-01-01,,blank
300200891_,2024-02-01,,blank
300200891_,2024-03-01,,blank
300200891_,2024-04-01,,blank
300200891_,2024-05-01,,blank
300200891_,2024-06-01,,blank
300200891_,2024-07-01,,blank
300200891_,2024-08-01,,blank
300200891_,2024-09-01,40.0,observed
300200891_,2024-10-01,38.0,observed
300200891_,2024-11-01,38.0,observed
300200891_,2024-12-01,38.0,observed
300200891_,2025-01-01,38.0,observed
300200891_,2025-02-01,38.0,observed
300200891_,2025-03-01,38.0,observed
300200891_,2025-04-01,38.0,observed
300200891_,2025-05-01,38.0,observed
300200891_,2025-06-01,38.0,observed
300200891_,2025-07-01,38.0,observed
300200891_,2025-08-01,36.0,observed
300200891_,2025-09-01,36.0,observed
300200891_,2025-10-01,36.0,observed
300200891_,2025-11-01,36.0,observed
300200891_,2025-12-01,36.0,observed
300200891_,2026-01-01,36.0,observed
300200891_,2026-02-01,36.0,observed
300200891_,2026-03-01,36.0,observed
300200891_,2026-04-01,36.0,observed
300200891_,2026-05-01,36.0,observed
300200891_,2026-06-01,36.0,observed
300200891_,2026-07-01,36.0,observed
300200891_,2026-08-01,36.0,observed
300200891_,2026-09-01,36.0,observed
300200892_,2024-01-01,,blank
300200892_,2024-02-01,,blank
300200892_,2024-03-01,,blank
300200892_,2024-04-01,,blank
300200892_,2024-05-01,,blank
300200892_,2024-06-01,,blank
300200892_,2024-07-01,,blank
300200892_,2024-08-01,,blank
300200892_,2024-09-01,30.0,observed
300200892_,2024-10-01,19.0,observed
300200892_,2024-11-01,9.0,observed
300200892_,2024-12-01,31.0,observed
300200892_,2025-01-01,31.0,observed
300200892_,2025-02-01,33.0,observed
300200892_,2025-03-01,33.0,observed
300200892_,2025-04-01,38.0,observed
300200892_,2025-05-01,38.0,observed
300200892_,2025-06-01,38.0,observed
300200892_,2025-07-01,30.0,observed
300200892_,2025-08-01,30.0,observed
300200892_,2025-09-01,23.0,observed
300200892_,2025-10-01,23.0,observed
300200892_,2025-11-01,19.0,observed
300200892_,2025-12-01,17.0,observed
300200892_,2026-01-01,16.0,observed
300200892_,2026-02-01,12.0,observed
300200892_,2026-03-01,10.0,observed
300200892_,2026-04-01,8.0,observed
300200892_,2026-05-01,8.0,observed
300200892_,2026-06-01,8.0,observed
300200892_,2026-07-01,6.0,observed
300200892_,2026-08-01,26.0,observed
300200892_,2026-09-01,26.0,observed
300200893_,2024-01-01,,blank
300200893_,2024-02-01,,blank
300200893_,2024-03-01,,blank
300200893_,2024-04-01,,blank
300200893_,2024-05-01,,blank
300200893_,2024-06-01,,blank
300200893_,2024-07-01,,blank
300200893_,2024-08-01,,blank
300200893_,2024-09-01,30.0,observed
300200893_,2024-10-01,19.0,observed
300200893_,2024-11-01,25.0,observed
300200893_,2024-12-01,31.0,observed
300200893_,2025-01-01,32.0,observed
300200893_,2025-02-01,38.0,observed
300200893_,2025-03-01,38.0,observed
300200893_,2025-04-01,38.0,observed
300200893_,2025-05-01,43.0,observed
300200893_,2025-06-01,43.0,observed
300200893_,2025-07-01,40.0,observed
300200893_,2025-08-01,40.0,observed
300200893_,2025-09-01,38.0,observed
300200893_,2025-10-01,38.0,observed
300200893_,2025-11-01,36.0,observed
300200893_,2025-12-01,32.0,observed
300200893_,2026-01-01,30.0,observed
300200893_,2026-02-01,22.0,observed
300200893_,2026-03-01,22.0,observed
300200893_,2026-04-01,22.0,observed
300200893_,2026-05-01,20.0,observed
300200893_,2026-06-01,16.0,observed
300200893_,2026-07-01,16.0,observed
300200893_,2026-08-01,29.0,observed
300200893_,2026-09-01,28.0,observed
300200894_,2024-01-01,,blank
300200894_,2024-02-01,,blank
300200894_,2024-03-01,,blank
300200894_,2024-04-01,,blank
300200894_,2024-05-01,,blank
300200894_,2024-06-01,,blank
300200894_,2024-07-01,,blank
300200894_,2024-08-01,,blank
300200894_,2024-09-01,30.0,observed
300200894_,2024-10-01,29.0,observed
300200894_,2024-11-01,29.0,observed
300200894_,2024-12-01,28.0,observed
300200894_,2025-01-01,28.0,observed
300200894_,2025-02-01,23.0,observed
300200894_,2025-03-01,23.0,observed
300200894_,2025-04-01,23.0,observed
300200894_,2025-05-01,23.0,observed
300200894_,2025-06-01,23.0,observed
300200894_,2025-07-01,21.0,observed
300200894_,2025-08-01,21.0,observed
300200894_,2025-09-01,21.0,observed
300200894_,2025-10-01,21.0,observed
300200894_,2025-11-01,21.0,observed
300200894_,2025-12-01,19.0,observed
300200894_,2026-01-01,18.0,observed
300200894_,2026-02-01,18.0,observed
300200894_,2026-03-01,18.0,observed
300200894_,2026-04-01,18.0,observed
300200894_,2026-05-01,18.0,observed
300200894_,2026-06-01,18.0,observed
300200894_,2026-07-01,18.0,observed
300200894_,2026-08-01,18.0,observed
300200894_,2026-09-01,18.0,observed
300200895_,2024-01-01,,blank
300200895_,2024-02-01,,blank
300200895_,2024-03-01,,blank
300200895_,2024-04-01,,blank
300200895_,2024-05-01,,blank
300200895_,2024-06-01,,blank
300200895_,2024-07-01,,blank
300200895_,2024-08-01,,blank
300200895_,2024-09-01,20.0,observed
300200895_,2024-10-01,19.0,observed
300200895_,2024-11-01,7.0,observed
300200895_,2024-12-01,17.0,observed
300200895_,2025-01-01,19.0,observed
300200895_,2025-02-01,19.0,observed
300200895_,2025-03-01,19.0,observed
300200895_,2025-04-01,19.0,observed
300200895_,2025-05-01,19.0,observed
300200895_,2025-06-01,19.0,observed
300200895_,2025-07-01,19.0,observed
300200895_,2025-08-01,19.0,observed
300200895_,2025-09-01,19.0,observed
300200895_,2025-10-01,19.0,observed
300200895_,2025-11-01,19.0,observed
300200895_,2025-12-01,19.0,observed
300200895_,2026-01-01,19.0,observed
300200895_,2026-02-01,13.0,observed
300200895_,2026-03-01,13.0,observed
300200895_,2026-04-01,13.0,observed
300200895_,2026-05-01,13.0,observed
300200895_,2026-06-01,13.0,observed
300200895_,2026-07-01,13.0,observed
300200895_,2026-08-01,13.0,observed
300200895_,2026-09-01,13.0,observed
300200896_,2024-01-01,,blank
300200896_,2024-02-01,,blank
300200896_,2024-03-01,,blank
300200896_,2024-04-01,,blank
300200896_,2024-05-01,,blank
300200896_,2024-06-01,,blank
300200896_,2024-07-01,,blank
300200896_,2024-08-01,,blank
300200896_,2024-09-01,100.0,observed
300200896_,2024-10-01,89.0,observed
300200896_,2024-11-01,77.0,observed
300200896_,2024-12-01,20.0,observed
300200896_,2025-01-01,100.0,observed
300200896_,2025-02-01,100.0,observed
300200896_,2025-03-01,79.0,observed
300200896_,2025-04-01,79.0,observed
300200896_,2025-05-01,114.0,observed
300200896_,2025-06-01,114.0,observed
300200896_,2025-07-01,114.0,observed
300200896_,2025-08-01,114.0,observed
300200896_,2025-09-01,114.0,observed
300200896_,2025-10-01,114.0,observed
300200896_,2025-11-01,114.0,observed
300200896_,2025-12-01,114.0,observed
300200896_,2026-01-01,114.0,observed
300200896_,2026-02-01,107.0,observed
300200896_,2026-03-01,107.0,observed
300200896_,2026-04-01,107.0,observed
300200896_,2026-05-01,107.0,observed
300200896_,2026-06-01,102.0,observed
300200896_,2026-07-01,102.0,observed
300200896_,2026-08-01,118.0,observed
300200896_,2026-09-01,118.0,observed
300200897_,2024-01-01,,blank
300200897_,2024-02-01,,blank
300200897_,2024-03-01,,blank
300200897_,2024-04-01,,blank
300200897_,2024-05-01,,blank
300200897_,2024-06-01,,blank
300200897_,2024-07-01,,blank
300200897_,2024-08-01,,blank
300200897_,2024-09-01,30.0,observed
300200897_,2024-10-01,18.0,observed
300200897_,2024-11-01,18.0,observed
300200897_,2024-12-01,55.0,observed
300200897_,2025-01-01,55.0,observed
300200897_,2025-02-01,55.0,observed
300200897_,2025-03-01,55.0,observed
300200897_,2025-04-01,55.0,observed
300200897_,2025-05-01,55.0,observed
300200897_,2025-06-01,55.0,observed
300200897_,2025-07-01,55.0,observed
300200897_,2025-08-01,54.0,observed
300200897_,2025-09-01,54.0,observed
300200897_,2025-10-01,54.0,observed
300200897_,2025-11-01,54.0,observed
300200897_,2025-12-01,53.0,observed
300200897_,2026-01-01,53.0,observed
300200897_,2026-02-01,53.0,observed
300200897_,2026-03-01,53.0,observed
300200897_,2026-04-01,53.0,observed
300200897_,2026-05-01,53.0,observed
300200897_,2026-06-01,53.0,observed
300200897_,2026-07-01,53.0,observed
300200897_,2026-08-01,62.0,observed
300200897_,2026-09-01,62.0,observed
300200898_,2024-01-01,,blank
300200898_,2024-02-01,,blank
300200898_,2024-03-01,,blank
300200898_,2024-04-01,,blank
300200898_,2024-05-01,,blank
300200898_,2024-06-01,,blank
300200898_,2024-07-01,,blank
300200898_,2024-08-01,,blank
300200898_,2024-09-01,294.0,observed
300200898_,2024-10-01,227.0,observed
300200898_,2024-11-01,212.0,observed
300200898_,2024-12-01,168.0,observed
300200898_,2025-01-01,149.0,observed
300200898_,2025-02-01,124.0,observed
300200898_,2025-03-01,96.0,observed
300200898_,2025-04-01,131.0,observed
300200898_,2025-05-01,225.0,observed
300200898_,2025-06-01,224.0,observed
300200898_,2025-07-01,213.0,observed
300200898_,2025-08-01,201.0,observed
300200898_,2025-09-01,182.0,observed
300200898_,2025-10-01,175.0,observed
300200898_,2025-11-01,152.0,observed
300200898_,2025-12-01,137.0,observed
300200898_,2026-01-01,85.0,observed
300200898_,2026-02-01,26.0,observed
300200898_,2026-03-01,,blank
300200898_,2026-04-01,,blank
300200898_,2026-05-01,88.0,observed
300200898_,2026-06-01,65.0,observed
300200898_,2026-07-01,29.0,observed
300200898_,2026-08-01,105.0,observed
300200898_,2026-09-01,104.0,observed
300200899_,2024-01-01,,blank
300200899_,2024-02-01,,blank
300200899_,2024-03-01,,blank
300200899_,2024-04-01,,blank
300200899_,2024-05-01,,blank
300200899_,2024-06-01,,blank
300200899_,2024-07-01,,blank
300200899_,2024-08-01,,blank
300200899_,2024-09-01,149.0,observed
300200899_,2024-10-01,119.0,observed
300200899_,2024-11-01,107.0,observed
300200899_,2024-12-01,109.0,observed
300200899_,2025-01-01,102.0,observed
300200899_,2025-02-01,92.0,observed
300200899_,2025-03-01,81.0,observed
300200899_,2025-04-01,92.0,observed
300200899_,2025-05-01,88.0,observed
300200899_,2025-06-01,88.0,observed
300200899_,2025-07-01,63.0,observed
300200899_,2025-08-01,73.0,observed
300200899_,2025-09-01,28.0,observed
300200899_,2025-10-01,68.0,observed
300200899_,2025-11-01,45.0,observed
300200899_,2025-12-01,73.0,observed
300200899_,2026-01-01,49.0,observed
300200899_,2026-02-01,39.0,observed
300200899_,2026-03-01,36.0,observed
300200899_,2026-04-01,37.0,observed
300200899_,2026-05-01,67.0,observed
300200899_,2026-06-01,47.0,observed
300200899_,2026-07-01,44.0,observed
300200899_,2026-08-01,52.0,observed
300200899_,2026-09-01,51.0,observed
300200900_,2024-01-01,,blank
300200900_,2024-02-01,,blank
300200900_,2024-03-01,,blank
300200900_,2024-04-01,,blank
300200900_,2024-05-01,,blank
300200900_,2024-06-01,,blank
300200900_,2024-07-01,,blank
300200900_,2024-08-01,,blank
300200900_,2024-09-01,50.0,observed
300200900_,2024-10-01,36.0,observed
300200900_,2024-11-01,31.0,observed
300200900_,2024-12-01,39.0,observed
300200900_,2025-01-01,57.0,observed
300200900_,2025-02-01,51.0,observed
300200900_,2025-03-01,38.0,observed
300200900_,2025-04-01,74.0,observed
300200900_,2025-05-01,71.0,observed
300200900_,2025-06-01,71.0,observed
300200900_,2025-07-01,66.0,observed
300200900_,2025-08-01,66.0,observed
300200900_,2025-09-01,66.0,observed
300200900_,2025-10-01,66.0,observed
300200900_,2025-11-01,58.0,observed
300200900_,2025-12-01,51.0,observed
300200900_,2026-01-01,45.0,observed
300200900_,2026-02-01,39.0,observed
300200900_,2026-03-01,35.0,observed
300200900_,2026-04-01,31.0,observed
300200900_,2026-05-01,31.0,observed
300200900_,2026-06-01,28.0,observed
300200900_,2026-07-01,24.0,observed
300200900_,2026-08-01,43.0,observed
300200900_,2026-09-01,43.0,observed
300200901_,2024-01-01,,blank
300200901_,2024-02-01,,blank
300200901_,2024-03-01,,blank
300200901_,2024-04-01,,blank
300200901_,2024-05-01,,blank
300200901_,2024-06-01,,blank
300200901_,2024-07-01,,blank
300200901_,2024-08-01,,blank
300200901_,2024-09-01,40.0,observed
300200901_,2024-10-01,28.0,observed
300200901_,2024-11-01,27.0,observed
300200901_,2024-12-01,42.0,observed
300200901_,2025-01-01,42.0,observed
300200901_,2025-02-01,41.0,observed
300200901_,2025-03-01,41.0,observed
300200901_,2025-04-01,41.0,observed
300200901_,2025-05-01,40.0,observed
300200901_,2025-06-01,40.0,observed
300200901_,2025-07-01,28.0,observed
300200901_,2025-08-01,28.0,observed
300200901_,2025-09-01,23.0,observed
300200901_,2025-10-01,23.0,observed
300200901_,2025-11-01,22.0,observed
300200901_,2025-12-01,20.0,observed
300200901_,2026-01-01,18.0,observed
300200901_,2026-02-01,17.0,observed
300200901_,2026-03-01,17.0,observed
300200901_,2026-04-01,15.0,observed
300200901_,2026-05-01,15.0,observed
300200901_,2026-06-01,12.0,observed
300200901_,2026-07-01,12.0,observed
300200901_,2026-08-01,29.0,observed
300200901_,2026-09-01,29.0,observed
300200902_,2024-01-01,,blank
300200902_,2024-02-01,,blank
300200902_,2024-03-01,,blank
300200902_,2024-04-01,,blank
300200902_,2024-05-01,,blank
300200902_,2024-06-01,,blank
300200902_,2024-07-01,,blank
300200902_,2024-08-01,,blank
300200902_,2024-09-01,30.0,observed
300200902_,2024-10-01,18.0,observed
300200902_,2024-11-01,28.0,observed
300200902_,2024-12-01,48.0,observed
300200902_,2025-01-01,48.0,observed
300200902_,2025-02-01,45.0,observed
300200902_,2025-03-01,44.0,observed
300200902_,2025-04-01,45.0,observed
300200902_,2025-05-01,45.0,observed
300200902_,2025-06-01,45.0,observed
300200902_,2025-07-01,45.0,observed
300200902_,2025-08-01,45.0,observed
300200902_,2025-09-01,45.0,observed
300200902_,2025-10-01,45.0,observed
300200902_,2025-11-01,45.0,observed
300200902_,2025-12-01,44.0,observed
300200902_,2026-01-01,44.0,observed
300200902_,2026-02-01,42.0,observed
300200902_,2026-03-01,42.0,observed
300200902_,2026-04-01,42.0,observed
300200902_,2026-05-01,42.0,observed
300200902_,2026-06-01,42.0,observed
300200902_,2026-07-01,42.0,observed
300200902_,2026-08-01,61.0,observed
300200902_,2026-09-01,61.0,observed
300200903_,2024-01-01,,blank
300200903_,2024-02-01,,blank
300200903_,2024-03-01,,blank
300200903_,2024-04-01,,blank
300200903_,2024-05-01,,blank
300200903_,2024-06-01,,blank
300200903_,2024-07-01,,blank
300200903_,2024-08-01,,blank
300200903_,2024-09-01,30.0,observed
300200903_,2024-10-01,19.0,observed
300200903_,2024-11-01,29.0,observed
300200903_,2024-12-01,37.0,observed
300200903_,2025-01-01,39.0,observed
300200903_,2025-02-01,33.0,observed
300200903_,2025-03-01,33.0,observed
300200903_,2025-04-01,33.0,observed
300200903_,2025-05-01,43.0,observed
300200903_,2025-06-01,43.0,observed
300200903_,2025-07-01,35.0,observed
300200903_,2025-08-01,34.0,observed
300200903_,2025-09-01,34.0,observed
300200903_,2025-10-01,34.0,observed
300200903_,2025-11-01,34.0,observed
300200903_,2025-12-01,32.0,observed
300200903_,2026-01-01,30.0,observed
300200903_,2026-02-01,30.0,observed
300200903_,2026-03-01,30.0,observed
300200903_,2026-04-01,28.0,observed
300200903_,2026-05-01,28.0,observed
300200903_,2026-06-01,28.0,observed
300200903_,2026-07-01,28.0,observed
300200903_,2026-08-01,45.0,observed
300200903_,2026-09-01,45.0,observed
300200904_,2024-01-01,,blank
300200904_,2024-02-01,,blank
300200904_,2024-03-01,,blank
300200904_,2024-04-01,,blank
300200904_,2024-05-01,,blank
300200904_,2024-06-01,,blank
300200904_,2024-07-01,,blank
300200904_,2024-08-01,,blank
300200904_,2024-09-01,,blank
300200904_,2024-10-01,50.0,observed
300200904_,2024-11-01,50.0,observed
300200904_,2024-12-01,49.0,observed
300200904_,2025-01-01,49.0,observed
300200904_,2025-02-01,49.0,observed
300200904_,2025-03-01,49.0,observed
300200904_,2025-04-01,49.0,observed
300200904_,2025-05-01,49.0,observed
300200904_,2025-06-01,49.0,observed
300200904_,2025-07-01,49.0,observed
300200904_,2025-08-01,49.0,observed
300200904_,2025-09-01,49.0,observed
300200904_,2025-10-01,49.0,observed
300200904_,2025-11-01,49.0,observed
300200904_,2025-12-01,49.0,observed
300200904_,2026-01-01,46.0,observed
300200904_,2026-02-01,46.0,observed
300200904_,2026-03-01,46.0,observed
300200904_,2026-04-01,46.0,observed
300200904_,2026-05-01,46.0,observed
300200904_,2026-06-01,46.0,observed
300200904_,2026-07-01,46.0,observed
300200904_,2026-08-01,46.0,observed
300200904_,2026-09-01,45.0,observed
300200905_,2024-01-01,,blank
300200905_,2024-02-01,,blank
300200905_,2024-03-01,,blank
300200905_,2024-04-01,,blank
300200905_,2024-05-01,,blank
300200905_,2024-06-01,,blank
300200905_,2024-07-01,,blank
300200905_,2024-08-01,,blank
300200905_,2024-09-01,,blank
300200905_,2024-10-01,,blank
300200905_,2024-11-01,,blank
300200905_,2024-12-01,50.0,observed
300200905_,2025-01-01,47.0,observed
300200905_,2025-02-01,47.0,observed
300200905_,2025-03-01,47.0,observed
300200905_,2025-04-01,47.0,observed
300200905_,2025-05-01,47.0,observed
300200905_,2025-06-01,47.0,observed
300200905_,2025-07-01,39.0,observed
300200905_,2025-08-01,39.0,observed
300200905_,2025-09-01,39.0,observed
300200905_,2025-10-01,39.0,observed
300200905_,2025-11-01,39.0,observed
300200905_,2025-12-01,37.0,observed
300200905_,2026-01-01,37.0,observed
300200905_,2026-02-01,37.0,observed
300200905_,2026-03-01,37.0,observed
300200905_,2026-04-01,35.0,observed
300200905_,2026-05-01,35.0,observed
300200905_,2026-06-01,35.0,observed
300200905_,2026-07-01,35.0,observed
300200905_,2026-08-01,35.0,observed
300200905_,2026-09-01,35.0,observed
300200906_,2024-01-01,,blank
300200906_,2024-02-01,,blank
300200906_,2024-03-01,,blank
300200906_,2024-04-01,,blank
300200906_,2024-05-01,,blank
300200906_,2024-06-01,,blank
300200906_,2024-07-01,,blank
300200906_,2024-08-01,,blank
300200906_,2024-09-01,50.0,observed
300200906_,2024-10-01,49.0,observed
300200906_,2024-11-01,49.0,observed
300200906_,2024-12-01,49.0,observed
300200906_,2025-01-01,49.0,observed
300200906_,2025-02-01,49.0,observed
300200906_,2025-03-01,48.0,observed
300200906_,2025-04-01,48.0,observed
300200906_,2025-05-01,48.0,observed
300200906_,2025-06-01,48.0,observed
300200906_,2025-07-01,48.0,observed
300200906_,2025-08-01,47.0,observed
300200906_,2025-09-01,47.0,observed
300200906_,2025-10-01,47.0,observed
300200906_,2025-11-01,47.0,observed
300200906_,2025-12-01,47.0,observed
300200906_,2026-01-01,47.0,observed
300200906_,2026-02-01,47.0,observed
300200906_,2026-03-01,47.0,observed
300200906_,2026-04-01,47.0,observed
300200906_,2026-05-01,47.0,observed
300200906_,2026-06-01,47.0,observed
300200906_,2026-07-01,47.0,observed
300200906_,2026-08-01,47.0,observed
300200906_,2026-09-01,47.0,observed
300200907_,2024-01-01,,blank
300200907_,2024-02-01,,blank
300200907_,2024-03-01,,blank
300200907_,2024-04-01,,blank
300200907_,2024-05-01,,blank
300200907_,2024-06-01,,blank
300200907_,2024-07-01,,blank
300200907_,2024-08-01,,blank
300200907_,2024-09-01,,blank
300200907_,2024-10-01,19.0,observed
300200907_,2024-11-01,17.0,observed
300200907_,2024-12-01,14.0,observed
300200907_,2025-01-01,12.0,observed
300200907_,2025-02-01,12.0,observed
300200907_,2025-03-01,12.0,observed
300200907_,2025-04-01,12.0,observed
300200907_,2025-05-01,12.0,observed
300200907_,2025-06-01,12.0,observed
300200907_,2025-07-01,12.0,observed
300200907_,2025-08-01,12.0,observed
300200907_,2025-09-01,12.0,observed
300200907_,2025-10-01,12.0,observed
300200907_,2025-11-01,12.0,observed
300200907_,2025-12-01,12.0,observed
300200907_,2026-01-01,12.0,observed
300200907_,2026-02-01,12.0,observed
300200907_,2026-03-01,12.0,observed
300200907_,2026-04-01,12.0,observed
300200907_,2026-05-01,12.0,observed
300200907_,2026-06-01,12.0,observed
300200907_,2026-07-01,12.0,observed
300200907_,2026-08-01,12.0,observed
300200907_,2026-09-01,12.0,observed
300200908_,2024-01-01,,blank
300200908_,2024-02-01,,blank
300200908_,2024-03-01,,blank
300200908_,2024-04-01,,blank
300200908_,2024-05-01,,blank
300200908_,2024-06-01,,blank
300200908_,2024-07-01,,blank
300200908_,2024-08-01,,blank
300200908_,2024-09-01,10.0,observed
300200908_,2024-10-01,9.0,observed
300200908_,2024-11-01,9.0,observed
300200908_,2024-12-01,9.0,observed
300200908_,2025-01-01,9.0,observed
300200908_,2025-02-01,9.0,observed
300200908_,2025-03-01,9.0,observed
300200908_,2025-04-01,9.0,observed
300200908_,2025-05-01,9.0,observed
300200908_,2025-06-01,9.0,observed
300200908_,2025-07-01,9.0,observed
300200908_,2025-08-01,9.0,observed
300200908_,2025-09-01,9.0,observed
300200908_,2025-10-01,9.0,observed
300200908_,2025-11-01,9.0,observed
300200908_,2025-12-01,9.0,observed
300200908_,2026-01-01,9.0,observed
300200908_,2026-02-01,9.0,observed
300200908_,2026-03-01,9.0,observed
300200908_,2026-04-01,1.0,observed
300200908_,2026-05-01,3.0,observed
300200908_,2026-06-01,3.0,observed
300200908_,2026-07-01,3.0,observed
300200908_,2026-08-01,3.0,observed
300200908_,2026-09-01,3.0,observed
300200909_,2024-01-01,,blank
300200909_,2024-02-01,,blank
300200909_,2024-03-01,,blank
300200909_,2024-04-01,,blank
300200909_,2024-05-01,,blank
300200909_,2024-06-01,,blank
300200909_,2024-07-01,,blank
300200909_,2024-08-01,,blank
300200909_,2024-09-01,50.0,observed
300200909_,2024-10-01,39.0,observed
300200909_,2024-11-01,29.0,observed
300200909_,2024-12-01,36.0,observed
300200909_,2025-01-01,34.0,observed
300200909_,2025-02-01,34.0,observed
300200909_,2025-03-01,34.0,observed
300200909_,2025-04-01,34.0,observed
300200909_,2025-05-01,34.0,observed
300200909_,2025-06-01,34.0,observed
300200909_,2025-07-01,32.0,observed
300200909_,2025-08-01,32.0,observed
300200909_,2025-09-01,31.0,observed
300200909_,2025-10-01,31.0,observed
300200909_,2025-11-01,31.0,observed
300200909_,2025-12-01,27.0,observed
300200909_,2026-01-01,27.0,observed
300200909_,2026-02-01,27.0,observed
300200909_,2026-03-01,27.0,observed
300200909_,2026-04-01,23.0,observed
300200909_,2026-05-01,23.0,observed
300200909_,2026-06-01,23.0,observed
300200909_,2026-07-01,23.0,observed
300200909_,2026-08-01,43.0,observed
300200909_,2026-09-01,43.0,observed
300200910_,2024-01-01,,blank
300200910_,2024-02-01,,blank
300200910_,2024-03-01,,blank
300200910_,2024-04-01,,blank
300200910_,2024-05-01,,blank
300200910_,2024-06-01,,blank
300200910_,2024-07-01,,blank
300200910_,2024-08-01,,blank
300200910_,2024-09-01,675.0,observed
300200910_,2024-10-01,449.0,observed
300200910_,2024-11-01,806.0,observed
300200910_,2024-12-01,685.0,observed
300200910_,2025-01-01,611.0,observed
300200910_,2025-02-01,426.0,observed
300200910_,2025-03-01,297.0,observed
300200910_,2025-04-01,310.0,observed
300200910_,2025-05-01,237.0,observed
300200910_,2025-06-01,547.0,observed
300200910_,2025-07-01,412.0,observed
300200910_,2025-08-01,352.0,observed
300200910_,2025-09-01,65.0,observed
300200910_,2025-10-01,709.0,observed
300200910_,2025-11-01,491.0,observed
300200910_,2025-12-01,517.0,observed
300200910_,2026-01-01,584.0,observed
300200910_,2026-02-01,535.0,observed
300200910_,2026-03-01,434.0,observed
300200910_,2026-04-01,523.0,observed
300200910_,2026-05-01,457.0,observed
300200910_,2026-06-01,334.0,observed
300200910_,2026-07-01,196.0,observed
300200910_,2026-08-01,341.0,observed
300200910_,2026-09-01,202.0,observed
300200911_,2024-01-01,,blank
300200911_,2024-02-01,,blank
300200911_,2024-03-01,,blank
300200911_,2024-04-01,,blank
300200911_,2024-05-01,,blank
300200911_,2024-06-01,,blank
300200911_,2024-07-01,,blank
300200911_,2024-08-01,,blank
300200911_,2024-09-01,100.0,observed
300200911_,2024-10-01,88.0,observed
300200911_,2024-11-01,78.0,observed
300200911_,2024-12-01,78.0,observed
300200911_,2025-01-01,78.0,observed
300200911_,2025-02-01,78.0,observed
300200911_,2025-03-01,78.0,observed
300200911_,2025-04-01,77.0,observed
300200911_,2025-05-01,77.0,observed
300200911_,2025-06-01,77.0,observed
300200911_,2025-07-01,77.0,observed
300200911_,2025-08-01,75.0,observed
300200911_,2025-09-01,,blank
300200911_,2025-10-01,40.0,observed
300200911_,2025-11-01,31.0,observed
300200911_,2025-12-01,41.0,observed
300200911_,2026-01-01,41.0,observed
300200911_,2026-02-01,41.0,observed
300200911_,2026-03-01,41.0,observed
300200911_,2026-04-01,41.0,observed
300200911_,2026-05-01,41.0,observed
300200911_,2026-06-01,21.0,observed
300200911_,2026-07-01,8.0,observed
300200911_,2026-08-01,44.0,observed
300200911_,2026-09-01,44.0,observed
300200912_,2024-01-01,,blank
300200912_,2024-02-01,,blank
300200912_,2024-03-01,,blank
300200912_,2024-04-01,,blank
300200912_,2024-05-01,,blank
300200912_,2024-06-01,,blank
300200912_,2024-07-01,,blank
300200912_,2024-08-01,,blank
300200912_,2024-09-01,126.0,observed
300200912_,2024-10-01,87.0,observed
300200912_,2024-11-01,172.0,observed
300200912_,2024-12-01,114.0,observed
300200912_,2025-01-01,148.0,observed
300200912_,2025-02-01,135.0,observed
300200912_,2025-03-01,139.0,observed
300200912_,2025-04-01,102.0,observed
300200912_,2025-05-01,91.0,observed
300200912_,2025-06-01,121.0,observed
300200912_,2025-07-01,112.0,observed
300200912_,2025-08-01,121.0,observed
300200912_,2025-09-01,31.0,observed
300200912_,2025-10-01,148.0,observed
300200912_,2025-11-01,109.0,observed
300200912_,2025-12-01,116.0,observed
300200912_,2026-01-01,111.0,observed
300200912_,2026-02-01,110.0,observed
300200912_,2026-03-01,82.0,observed
300200912_,2026-04-01,83.0,observed
300200912_,2026-05-01,78.0,observed
300200912_,2026-06-01,49.0,observed
300200912_,2026-07-01,28.0,observed
300200912_,2026-08-01,65.0,observed
300200912_,2026-09-01,51.0,observed
300200913_,2024-01-01,,blank
300200913_,2024-02-01,,blank
300200913_,2024-03-01,,blank
300200913_,2024-04-01,,blank
300200913_,2024-05-01,,blank
300200913_,2024-06-01,,blank
300200913_,2024-07-01,,blank
300200913_,2024-08-01,,blank
300200913_,2024-09-01,40.0,observed
300200913_,2024-10-01,29.0,observed
300200913_,2024-11-01,69.0,observed
300200913_,2024-12-01,49.0,observed
300200913_,2025-01-01,68.0,observed
300200913_,2025-02-01,68.0,observed
300200913_,2025-03-01,68.0,observed
300200913_,2025-04-01,67.0,observed
300200913_,2025-05-01,67.0,observed
300200913_,2025-06-01,67.0,observed
300200913_,2025-07-01,67.0,observed
300200913_,2025-08-01,65.0,observed
300200913_,2025-09-01,65.0,observed
300200913_,2025-10-01,75.0,observed
300200913_,2025-11-01,75.0,observed
300200913_,2025-12-01,75.0,observed
300200913_,2026-01-01,75.0,observed
300200913_,2026-02-01,75.0,observed
300200913_,2026-03-01,75.0,observed
300200913_,2026-04-01,92.0,observed
300200913_,2026-05-01,92.0,observed
300200913_,2026-06-01,92.0,observed
300200913_,2026-07-01,88.0,observed
300200913_,2026-08-01,105.0,observed
300200913_,2026-09-01,99.0,observed
300200914_,2024-01-01,,blank
300200914_,2024-02-01,,blank
300200914_,2024-03-01,,blank
300200914_,2024-04-01,,blank
300200914_,2024-05-01,,blank
300200914_,2024-06-01,,blank
300200914_,2024-07-01,,blank
300200914_,2024-08-01,,blank
300200914_,2024-09-01,80.0,observed
300200914_,2024-10-01,21.0,observed
300200914_,2024-11-01,236.0,observed
300200914_,2024-12-01,202.0,observed
300200914_,2025-01-01,192.0,observed
300200914_,2025-02-01,153.0,observed
300200914_,2025-03-01,125.0,observed
300200914_,2025-04-01,219.0,observed
300200914_,2025-05-01,173.0,observed
300200914_,2025-06-01,173.0,observed
300200914_,2025-07-01,173.0,observed
300200914_,2025-08-01,172.0,observed
300200914_,2025-09-01,131.0,observed
300200914_,2025-10-01,129.0,observed
300200914_,2025-11-01,94.0,observed
300200914_,2025-12-01,84.0,observed
300200914_,2026-01-01,99.0,observed
300200914_,2026-02-01,99.0,observed
300200914_,2026-03-01,88.0,observed
300200914_,2026-04-01,89.0,observed
300200914_,2026-05-01,74.0,observed
300200914_,2026-06-01,62.0,observed
300200914_,2026-07-01,36.0,observed
300200914_,2026-08-01,58.0,observed
300200914_,2026-09-01,58.0,observed
300200915_,2024-01-01,,blank
300200915_,2024-02-01,,blank
300200915_,2024-03-01,,blank
300200915_,2024-04-01,,blank
300200915_,2024-05-01,,blank
300200915_,2024-06-01,,blank
300200915_,2024-07-01,,blank
300200915_,2024-08-01,,blank
300200915_,2024-09-01,40.0,observed
300200915_,2024-10-01,28.0,observed
300200915_,2024-11-01,68.0,observed
300200915_,2024-12-01,48.0,observed
300200915_,2025-01-01,67.0,observed
300200915_,2025-02-01,67.0,observed
300200915_,2025-03-01,67.0,observed
300200915_,2025-04-01,67.0,observed
300200915_,2025-05-01,67.0,observed
300200915_,2025-06-01,67.0,observed
300200915_,2025-07-01,67.0,observed
300200915_,2025-08-01,65.0,observed
300200915_,2025-09-01,65.0,observed
300200915_,2025-10-01,75.0,observed
300200915_,2025-11-01,74.0,observed
300200915_,2025-12-01,74.0,observed
300200915_,2026-01-01,74.0,observed
300200915_,2026-02-01,74.0,observed
300200915_,2026-03-01,74.0,observed
300200915_,2026-04-01,92.0,observed
300200915_,2026-05-01,92.0,observed
300200915_,2026-06-01,92.0,observed
300200915_,2026-07-01,92.0,observed
300200915_,2026-08-01,108.0,observed
300200915_,2026-09-01,108.0,observed
300200916_,2024-01-01,,blank
300200916_,2024-02-01,,blank
300200916_,2024-03-01,,blank
300200916_,2024-04-01,,blank
300200916_,2024-05-01,,blank
300200916_,2024-06-01,,blank
300200916_,2024-07-01,,blank
300200916_,2024-08-01,,blank
300200916_,2024-09-01,44.0,observed
300200916_,2024-10-01,32.0,observed
300200916_,2024-11-01,20.0,observed
300200916_,2024-12-01,38.0,observed
300200916_,2025-01-01,52.0,observed
300200916_,2025-02-01,46.0,observed
300200916_,2025-03-01,46.0,observed
300200916_,2025-04-01,55.0,observed
300200916_,2025-05-01,49.0,observed
300200916_,2025-06-01,49.0,observed
300200916_,2025-07-01,46.0,observed
300200916_,2025-08-01,45.0,observed
300200916_,2025-09-01,15.0,observed
300200916_,2025-10-01,35.0,observed
300200916_,2025-11-01,28.0,observed
300200916_,2025-12-01,28.0,observed
300200916_,2026-01-01,26.0,observed
300200916_,2026-02-01,26.0,observed
300200916_,2026-03-01,15.0,observed
300200916_,2026-04-01,18.0,observed
300200916_,2026-05-01,16.0,observed
300200916_,2026-06-01,14.0,observed
300200916_,2026-07-01,8.0,observed
300200916_,2026-08-01,35.0,observed
300200916_,2026-09-01,30.0,observed
300200917_,2024-01-01,,blank
300200917_,2024-02-01,,blank
300200917_,2024-03-01,,blank
300200917_,2024-04-01,,blank
300200917_,2024-05-01,,blank
300200917_,2024-06-01,,blank
300200917_,2024-07-01,,blank
300200917_,2024-08-01,,blank
300200917_,2024-09-01,40.0,observed
300200917_,2024-10-01,25.0,observed
300200917_,2024-11-01,15.0,observed
300200917_,2024-12-01,75.0,observed
300200917_,2025-01-01,72.0,observed
300200917_,2025-02-01,58.0,observed
300200917_,2025-03-01,58.0,observed
300200917_,2025-04-01,57.0,observed
300200917_,2025-05-01,37.0,observed
300200917_,2025-06-01,57.0,observed
300200917_,2025-07-01,47.0,observed
300200917_,2025-08-01,47.0,observed
300200917_,2025-09-01,14.0,observed
300200917_,2025-10-01,64.0,observed
300200917_,2025-11-01,54.0,observed
300200917_,2025-12-01,50.0,observed
300200917_,2026-01-01,47.0,observed
300200917_,2026-02-01,47.0,observed
300200917_,2026-03-01,42.0,observed
300200917_,2026-04-01,50.0,observed
300200917_,2026-05-01,48.0,observed
300200917_,2026-06-01,48.0,observed
300200917_,2026-07-01,34.0,observed
300200917_,2026-08-01,51.0,observed
300200917_,2026-09-01,47.0,observed
300200918_,2024-01-01,,blank
300200918_,2024-02-01,,blank
300200918_,2024-03-01,,blank
300200918_,2024-04-01,,blank
300200918_,2024-05-01,,blank
300200918_,2024-06-01,,blank
300200918_,2024-07-01,,blank
300200918_,2024-08-01,,blank
300200918_,2024-09-01,25.0,observed
300200918_,2024-10-01,11.0,observed
300200918_,2024-11-01,1.0,observed
300200918_,2024-12-01,61.0,observed
300200918_,2025-01-01,61.0,observed
300200918_,2025-02-01,58.0,observed
300200918_,2025-03-01,58.0,observed
300200918_,2025-04-01,58.0,observed
300200918_,2025-05-01,58.0,observed
300200918_,2025-06-01,58.0,observed
300200918_,2025-07-01,58.0,observed
300200918_,2025-08-01,56.0,observed
300200918_,2025-09-01,50.0,observed
300200918_,2025-10-01,55.0,observed
300200918_,2025-11-01,53.0,observed
300200918_,2025-12-01,51.0,observed
300200918_,2026-01-01,51.0,observed
300200918_,2026-02-01,51.0,observed
300200918_,2026-03-01,48.0,observed
300200918_,2026-04-01,48.0,observed
300200918_,2026-05-01,48.0,observed
300200918_,2026-06-01,48.0,observed
300200918_,2026-07-01,44.0,observed
300200918_,2026-08-01,64.0,observed
300200918_,2026-09-01,64.0,observed
300200919_,2024-01-01,,blank
300200919_,2024-02-01,,blank
300200919_,2024-03-01,,blank
300200919_,2024-04-01,,blank
300200919_,2024-05-01,,blank
300200919_,2024-06-01,,blank
300200919_,2024-07-01,,blank
300200919_,2024-08-01,,blank
300200919_,2024-09-01,17.0,observed
300200919_,2024-10-01,16.0,observed
300200919_,2024-11-01,16.0,observed
300200919_,2024-12-01,16.0,observed
300200919_,2025-01-01,16.0,observed
300200919_,2025-02-01,11.0,observed
300200919_,2025-03-01,11.0,observed
300200919_,2025-04-01,11.0,observed
300200919_,2025-05-01,11.0,observed
300200919_,2025-06-01,11.0,observed
300200919_,2025-07-01,10.0,observed
300200919_,2025-08-01,10.0,observed
300200919_,2025-09-01,10.0,observed
300200919_,2025-10-01,13.0,observed
300200919_,2025-11-01,13.0,observed
300200919_,2025-12-01,13.0,observed
300200919_,2026-01-01,13.0,observed
300200919_,2026-02-01,13.0,observed
300200919_,2026-03-01,10.0,observed
300200919_,2026-04-01,6.0,observed
300200919_,2026-05-01,3.0,observed
300200919_,2026-06-01,2.0,observed
300200919_,2026-07-01,4.0,observed
300200919_,2026-08-01,4.0,observed
300200919_,2026-09-01,4.0,observed
300200920_,2024-01-01,,blank
300200920_,2024-02-01,,blank
300200920_,2024-03-01,,blank
300200920_,2024-04-01,,blank
300200920_,2024-05-01,,blank
300200920_,2024-06-01,,blank
300200920_,2024-07-01,,blank
300200920_,2024-08-01,,blank
300200920_,2024-09-01,15.0,observed
300200920_,2024-10-01,7.0,observed
300200920_,2024-11-01,7.0,observed
300200920_,2024-12-01,50.0,observed
300200920_,2025-01-01,50.0,observed
300200920_,2025-02-01,49.0,observed
300200920_,2025-03-01,35.0,observed
300200920_,2025-04-01,35.0,observed
300200920_,2025-05-01,45.0,observed
300200920_,2025-06-01,45.0,observed
300200920_,2025-07-01,45.0,observed
300200920_,2025-08-01,39.0,observed
300200920_,2025-09-01,36.0,observed
300200920_,2025-10-01,41.0,observed
300200920_,2025-11-01,38.0,observed
300200920_,2025-12-01,37.0,observed
300200920_,2026-01-01,36.0,observed
300200920_,2026-02-01,36.0,observed
300200920_,2026-03-01,36.0,observed
300200920_,2026-04-01,41.0,observed
300200920_,2026-05-01,41.0,observed
300200920_,2026-06-01,41.0,observed
300200920_,2026-07-01,41.0,observed
300200920_,2026-08-01,50.0,observed
300200920_,2026-09-01,49.0,observed
300200921_,2024-01-01,,blank
300200921_,2024-02-01,,blank
300200921_,2024-03-01,,blank
300200921_,2024-04-01,,blank
300200921_,2024-05-01,,blank
300200921_,2024-06-01,,blank
300200921_,2024-07-01,,blank
300200921_,2024-08-01,,blank
300200921_,2024-09-01,265.0,observed
300200921_,2024-10-01,159.0,observed
300200921_,2024-11-01,291.0,observed
300200921_,2024-12-01,133.0,observed
300200921_,2025-01-01,314.0,observed
300200921_,2025-02-01,233.0,observed
300200921_,2025-03-01,380.0,observed
300200921_,2025-04-01,317.0,observed
300200921_,2025-05-01,184.0,observed
300200921_,2025-06-01,304.0,observed
300200921_,2025-07-01,306.0,observed
300200921_,2025-08-01,321.0,observed
300200921_,2025-09-01,44.0,observed
300200921_,2025-10-01,449.0,observed
300200921_,2025-11-01,332.0,observed
300200921_,2025-12-01,375.0,observed
300200921_,2026-01-01,366.0,observed
300200921_,2026-02-01,329.0,observed
300200921_,2026-03-01,255.0,observed
300200921_,2026-04-01,311.0,observed
300200921_,2026-05-01,283.0,observed
300200921_,2026-06-01,224.0,observed
300200921_,2026-07-01,133.0,observed
300200921_,2026-08-01,184.0,observed
300200921_,2026-09-01,130.0,observed
300200922_,2024-01-01,,blank
300200922_,2024-02-01,,blank
300200922_,2024-03-01,,blank
300200922_,2024-04-01,,blank
300200922_,2024-05-01,,blank
300200922_,2024-06-01,,blank
300200922_,2024-07-01,,blank
300200922_,2024-08-01,,blank
300200922_,2024-09-01,170.0,observed
300200922_,2024-10-01,127.0,observed
300200922_,2024-11-01,250.0,observed
300200922_,2024-12-01,179.0,observed
300200922_,2025-01-01,203.0,observed
300200922_,2025-02-01,129.0,observed
300200922_,2025-03-01,205.0,observed
300200922_,2025-04-01,152.0,observed
300200922_,2025-05-01,26.0,observed
300200922_,2025-06-01,216.0,observed
300200922_,2025-07-01,221.0,observed
300200922_,2025-08-01,230.0,observed
300200922_,2025-09-01,157.0,observed
300200922_,2025-10-01,222.0,observed
300200922_,2025-11-01,166.0,observed
300200922_,2025-12-01,161.0,observed
300200922_,2026-01-01,189.0,observed
300200922_,2026-02-01,172.0,observed
300200922_,2026-03-01,143.0,observed
300200922_,2026-04-01,153.0,observed
300200922_,2026-05-01,130.0,observed
300200922_,2026-06-01,108.0,observed
300200922_,2026-07-01,37.0,observed
300200922_,2026-08-01,72.0,observed
300200922_,2026-09-01,96.0,observed
300200923_,2024-01-01,,blank
300200923_,2024-02-01,,blank
300200923_,2024-03-01,,blank
300200923_,2024-04-01,,blank
300200923_,2024-05-01,,blank
300200923_,2024-06-01,,blank
300200923_,2024-07-01,,blank
300200923_,2024-08-01,,blank
300200923_,2024-09-01,80.0,observed
300200923_,2024-10-01,52.0,observed
300200923_,2024-11-01,127.0,observed
300200923_,2024-12-01,104.0,observed
300200923_,2025-01-01,117.0,observed
300200923_,2025-02-01,97.0,observed
300200923_,2025-03-01,66.0,observed
300200923_,2025-04-01,80.0,observed
300200923_,2025-05-01,114.0,observed
300200923_,2025-06-01,108.0,observed
300200923_,2025-07-01,105.0,observed
300200923_,2025-08-01,49.0,observed
300200923_,2025-09-01,77.0,observed
300200923_,2025-10-01,130.0,observed
300200923_,2025-11-01,100.0,observed
300200923_,2025-12-01,116.0,observed
300200923_,2026-01-01,96.0,observed
300200923_,2026-02-01,86.0,observed
300200923_,2026-03-01,81.0,observed
300200923_,2026-04-01,81.0,observed
300200923_,2026-05-01,79.0,observed
300200923_,2026-06-01,79.0,observed
300200923_,2026-07-01,67.0,observed
300200923_,2026-08-01,67.0,observed
300200923_,2026-09-01,53.0,observed
300200924_,2024-01-01,,blank
300200924_,2024-02-01,,blank
300200924_,2024-03-01,,blank
300200924_,2024-04-01,,blank
300200924_,2024-05-01,,blank
300200924_,2024-06-01,,blank
300200924_,2024-07-01,,blank
300200924_,2024-08-01,,blank
300200924_,2024-09-01,40.0,observed
300200924_,2024-10-01,27.0,observed
300200924_,2024-11-01,13.0,observed
300200924_,2024-12-01,53.0,observed
300200924_,2025-01-01,53.0,observed
300200924_,2025-02-01,50.0,observed
300200924_,2025-03-01,46.0,observed
300200924_,2025-04-01,61.0,observed
300200924_,2025-05-01,59.0,observed
300200924_,2025-06-01,56.0,observed
300200924_,2025-07-01,54.0,observed
300200924_,2025-08-01,54.0,observed
300200924_,2025-09-01,32.0,observed
300200924_,2025-10-01,32.0,observed
300200924_,2025-11-01,23.0,observed
300200924_,2025-12-01,28.0,observed
300200924_,2026-01-01,27.0,observed
300200924_,2026-02-01,27.0,observed
300200924_,2026-03-01,17.0,observed
300200924_,2026-04-01,24.0,observed
300200924_,2026-05-01,24.0,observed
300200924_,2026-06-01,22.0,observed
300200924_,2026-07-01,13.0,observed
300200924_,2026-08-01,30.0,observed
300200924_,2026-09-01,30.0,observed
300200925_,2024-01-01,,blank
300200925_,2024-02-01,,blank
300200925_,2024-03-01,,blank
300200925_,2024-04-01,,blank
300200925_,2024-05-01,,blank
300200925_,2024-06-01,,blank
300200925_,2024-07-01,,blank
300200925_,2024-08-01,,blank
300200925_,2024-09-01,20.0,observed
300200925_,2024-10-01,26.0,observed
300200925_,2024-11-01,15.0,observed
300200925_,2024-12-01,65.0,observed
300200925_,2025-01-01,63.0,observed
300200925_,2025-02-01,63.0,observed
300200925_,2025-03-01,63.0,observed
300200925_,2025-04-01,63.0,observed
300200925_,2025-05-01,63.0,observed
300200925_,2025-06-01,63.0,observed
300200925_,2025-07-01,62.0,observed
300200925_,2025-08-01,62.0,observed
300200925_,2025-09-01,62.0,observed
300200925_,2025-10-01,72.0,observed
300200925_,2025-11-01,71.0,observed
300200925_,2025-12-01,71.0,observed
300200925_,2026-01-01,71.0,observed
300200925_,2026-02-01,71.0,observed
300200925_,2026-03-01,62.0,observed
300200925_,2026-04-01,70.0,observed
300200925_,2026-05-01,70.0,observed
300200925_,2026-06-01,70.0,observed
300200925_,2026-07-01,70.0,observed
300200925_,2026-08-01,79.0,observed
300200925_,2026-09-01,79.0,observed
300200926_,2024-01-01,,blank
300200926_,2024-02-01,,blank
300200926_,2024-03-01,,blank
300200926_,2024-04-01,,blank
300200926_,2024-05-01,,blank
300200926_,2024-06-01,,blank
300200926_,2024-07-01,,blank
300200926_,2024-08-01,,blank
300200926_,2024-09-01,40.0,observed
300200926_,2024-10-01,26.0,observed
300200926_,2024-11-01,86.0,observed
300200926_,2024-12-01,66.0,observed
300200926_,2025-01-01,66.0,observed
300200926_,2025-02-01,35.0,observed
300200926_,2025-03-01,32.0,observed
300200926_,2025-04-01,33.0,observed
300200926_,2025-05-01,27.0,observed
300200926_,2025-06-01,27.0,observed
300200926_,2025-07-01,12.0,observed
300200926_,2025-08-01,57.0,observed
300200926_,2025-09-01,46.0,observed
300200926_,2025-10-01,66.0,observed
300200926_,2025-11-01,50.0,observed
300200926_,2025-12-01,50.0,observed
300200926_,2026-01-01,48.0,observed
300200926_,2026-02-01,48.0,observed
300200926_,2026-03-01,48.0,observed
300200926_,2026-04-01,57.0,observed
300200926_,2026-05-01,57.0,observed
300200926_,2026-06-01,45.0,observed
300200926_,2026-07-01,19.0,observed
300200926_,2026-08-01,23.0,observed
300200926_,2026-09-01,18.0,observed
300200927_,2024-01-01,,blank
300200927_,2024-02-01,,blank
300200927_,2024-03-01,,blank
300200927_,2024-04-01,,blank
300200927_,2024-05-01,,blank
300200927_,2024-06-01,,blank
300200927_,2024-07-01,,blank
300200927_,2024-08-01,,blank
300200927_,2024-09-01,44.0,observed
300200927_,2024-10-01,43.0,observed
300200927_,2024-11-01,42.0,observed
300200927_,2024-12-01,32.0,observed
300200927_,2025-01-01,32.0,observed
300200927_,2025-02-01,32.0,observed
300200927_,2025-03-01,32.0,observed
300200927_,2025-04-01,32.0,observed
300200927_,2025-05-01,32.0,observed
300200927_,2025-06-01,32.0,observed
300200927_,2025-07-01,32.0,observed
300200927_,2025-08-01,32.0,observed
300200927_,2025-09-01,32.0,observed
300200927_,2025-10-01,37.0,observed
300200927_,2025-11-01,25.0,observed
300200927_,2025-12-01,25.0,observed
300200927_,2026-01-01,25.0,observed
300200927_,2026-02-01,25.0,observed
300200927_,2026-03-01,5.0,observed
300200927_,2026-04-01,18.0,observed
300200927_,2026-05-01,18.0,observed
300200927_,2026-06-01,18.0,observed
300200927_,2026-07-01,18.0,observed
300200927_,2026-08-01,18.0,observed
300200927_,2026-09-01,18.0,observed
300200928_,2024-01-01,,blank
300200928_,2024-02-01,,blank
300200928_,2024-03-01,,blank
300200928_,2024-04-01,,blank
300200928_,2024-05-01,,blank
300200928_,2024-06-01,,blank
300200928_,2024-07-01,,blank
300200928_,2024-08-01,,blank
300200928_,2024-09-01,50.0,observed
300200928_,2024-10-01,49.0,observed
300200928_,2024-11-01,49.0,observed
300200928_,2024-12-01,46.0,observed
300200928_,2025-01-01,46.0,observed
300200928_,2025-02-01,36.0,observed
300200928_,2025-03-01,36.0,observed
300200928_,2025-04-01,34.0,observed
300200928_,2025-05-01,32.0,observed
300200928_,2025-06-01,32.0,observed
300200928_,2025-07-01,32.0,observed
300200928_,2025-08-01,32.0,observed
300200928_,2025-09-01,32.0,observed
300200928_,2025-10-01,32.0,observed
300200928_,2025-11-01,31.0,observed
300200928_,2025-12-01,31.0,observed
300200928_,2026-01-01,31.0,observed
300200928_,2026-02-01,31.0,observed
300200928_,2026-03-01,31.0,observed
300200928_,2026-04-01,35.0,observed
300200928_,2026-05-01,35.0,observed
300200928_,2026-06-01,34.0,observed
300200928_,2026-07-01,34.0,observed
300200928_,2026-08-01,34.0,observed
300200928_,2026-09-01,32.0,observed
300200929_,2024-01-01,,blank
300200929_,2024-02-01,,blank
300200929_,2024-03-01,,blank
300200929_,2024-04-01,,blank
300200929_,2024-05-01,,blank
300200929_,2024-06-01,,blank
300200929_,2024-07-01,,blank
300200929_,2024-08-01,,blank
300200929_,2024-09-01,44.0,observed
300200929_,2024-10-01,41.0,observed
300200929_,2024-11-01,41.0,observed
300200929_,2024-12-01,31.0,observed
300200929_,2025-01-01,31.0,observed
300200929_,2025-02-01,30.0,observed
300200929_,2025-03-01,30.0,observed
300200929_,2025-04-01,30.0,observed
300200929_,2025-05-01,30.0,observed
300200929_,2025-06-01,30.0,observed
300200929_,2025-07-01,29.0,observed
300200929_,2025-08-01,29.0,observed
300200929_,2025-09-01,29.0,observed
300200929_,2025-10-01,34.0,observed
300200929_,2025-11-01,34.0,observed
300200929_,2025-12-01,34.0,observed
300200929_,2026-01-01,34.0,observed
300200929_,2026-02-01,34.0,observed
300200929_,2026-03-01,34.0,observed
300200929_,2026-04-01,43.0,observed
300200929_,2026-05-01,43.0,observed
300200929_,2026-06-01,43.0,observed
300200929_,2026-07-01,43.0,observed
300200929_,2026-08-01,43.0,observed
300200929_,2026-09-01,43.0,observed
300200930_,2024-01-01,,blank
300200930_,2024-02-01,,blank
300200930_,2024-03-01,,blank
300200930_,2024-04-01,,blank
300200930_,2024-05-01,,blank
300200930_,2024-06-01,,blank
300200930_,2024-07-01,,blank
300200930_,2024-08-01,,blank
300200930_,2024-09-01,,blank
300200930_,2024-10-01,10.0,observed
300200930_,2024-11-01,30.0,observed
300200930_,2024-12-01,30.0,observed
300200930_,2025-01-01,29.0,observed
300200930_,2025-02-01,29.0,observed
300200930_,2025-03-01,27.0,observed
300200930_,2025-04-01,27.0,observed
300200930_,2025-05-01,27.0,observed
300200930_,2025-06-01,27.0,observed
300200930_,2025-07-01,27.0,observed
300200930_,2025-08-01,27.0,observed
300200930_,2025-09-01,27.0,observed
300200930_,2025-10-01,27.0,observed
300200930_,2025-11-01,27.0,observed
300200930_,2025-12-01,26.0,observed
300200930_,2026-01-01,26.0,observed
300200930_,2026-02-01,26.0,observed
300200930_,2026-03-01,24.0,observed
300200930_,2026-04-01,24.0,observed
300200930_,2026-05-01,24.0,observed
300200930_,2026-06-01,24.0,observed
300200930_,2026-07-01,17.0,observed
300200930_,2026-08-01,17.0,observed
300200930_,2026-09-01,17.0,observed
300200931_,2024-01-01,,blank
300200931_,2024-02-01,,blank
300200931_,2024-03-01,,blank
300200931_,2024-04-01,,blank
300200931_,2024-05-01,,blank
300200931_,2024-06-01,,blank
300200931_,2024-07-01,,blank
300200931_,2024-08-01,,blank
300200931_,2024-09-01,2.0,observed
300200931_,2024-10-01,11.0,observed
300200931_,2024-11-01,11.0,observed
300200931_,2024-12-01,11.0,observed
300200931_,2025-01-01,11.0,observed
300200931_,2025-02-01,11.0,observed
300200931_,2025-03-01,11.0,observed
300200931_,2025-04-01,11.0,observed
300200931_,2025-05-01,11.0,observed
300200931_,2025-06-01,11.0,observed
300200931_,2025-07-01,11.0,observed
300200931_,2025-08-01,11.0,observed
300200931_,2025-09-01,11.0,observed
300200931_,2025-10-01,11.0,observed
300200931_,2025-11-01,11.0,observed
300200931_,2025-12-01,11.0,observed
300200931_,2026-01-01,11.0,observed
300200931_,2026-02-01,11.0,observed
300200931_,2026-03-01,11.0,observed
300200931_,2026-04-01,11.0,observed
300200931_,2026-05-01,11.0,observed
300200931_,2026-06-01,11.0,observed
300200931_,2026-07-01,11.0,observed
300200931_,2026-08-01,11.0,observed
300200931_,2026-09-01,5.0,observed
300200932_,2024-01-01,,blank
300200932_,2024-02-01,,blank
300200932_,2024-03-01,,blank
300200932_,2024-04-01,,blank
300200932_,2024-05-01,,blank
300200932_,2024-06-01,,blank
300200932_,2024-07-01,,blank
300200932_,2024-08-01,,blank
300200932_,2024-09-01,40.0,observed
300200932_,2024-10-01,28.0,observed
300200932_,2024-11-01,18.0,observed
300200932_,2024-12-01,68.0,observed
300200932_,2025-01-01,68.0,observed
300200932_,2025-02-01,53.0,observed
300200932_,2025-03-01,53.0,observed
300200932_,2025-04-01,48.0,observed
300200932_,2025-05-01,1.0,observed
300200932_,2025-06-01,51.0,observed
300200932_,2025-07-01,48.0,observed
300200932_,2025-08-01,48.0,observed
300200932_,2025-09-01,48.0,observed
300200932_,2025-10-01,58.0,observed
300200932_,2025-11-01,56.0,observed
300200932_,2025-12-01,56.0,observed
300200932_,2026-01-01,56.0,observed
300200932_,2026-02-01,56.0,observed
300200932_,2026-03-01,54.0,observed
300200932_,2026-04-01,59.0,observed
300200932_,2026-05-01,59.0,observed
300200932_,2026-06-01,59.0,observed
300200932_,2026-07-01,59.0,observed
300200932_,2026-08-01,72.0,observed
300200932_,2026-09-01,72.0,observed
300200933_,2024-01-01,,blank
300200933_,2024-02-01,,blank
300200933_,2024-03-01,,blank
300200933_,2024-04-01,,blank
300200933_,2024-05-01,,blank
300200933_,2024-06-01,,blank
300200933_,2024-07-01,,blank
300200933_,2024-08-01,,blank
300200933_,2024-09-01,2495.0,observed
300200933_,2024-10-01,2387.0,observed
300200933_,2024-11-01,2349.0,observed
300200933_,2024-12-01,2097.0,observed
300200933_,2025-01-01,1905.0,observed
300200933_,2025-02-01,1662.0,observed
300200933_,2025-03-01,1436.0,observed
300200933_,2025-04-01,1182.0,observed
300200933_,2025-05-01,750.0,observed
300200933_,2025-06-01,681.0,observed
300200933_,2025-07-01,823.0,observed
300200933_,2025-08-01,711.0,observed
300200933_,2025-09-01,595.0,observed
300200933_,2025-10-01,666.0,observed
300200933_,2025-11-01,634.0,observed
300200933_,2025-12-01,802.0,observed
300200933_,2026-01-01,780.0,observed
300200933_,2026-02-01,735.0,observed
300200933_,2026-03-01,690.0,observed
300200933_,2026-04-01,649.0,observed
300200933_,2026-05-01,479.0,observed
300200933_,2026-06-01,414.0,observed
300200933_,2026-07-01,243.0,observed
300200933_,2026-08-01,146.0,observed
300200933_,2026-09-01,75.0,observed
300200934_,2024-01-01,,blank
300200934_,2024-02-01,,blank
300200934_,2024-03-01,,blank
300200934_,2024-04-01,,blank
300200934_,2024-05-01,,blank
300200934_,2024-06-01,,blank
300200934_,2024-07-01,,blank
300200934_,2024-08-01,,blank
300200934_,2024-09-01,456.0,observed
300200934_,2024-10-01,450.0,observed
300200934_,2024-11-01,426.0,observed
300200934_,2024-12-01,386.0,observed
300200934_,2025-01-01,361.0,observed
300200934_,2025-02-01,331.0,observed
300200934_,2025-03-01,310.0,observed
300200934_,2025-04-01,261.0,observed
300200934_,2025-05-01,213.0,observed
300200934_,2025-06-01,207.0,observed
300200934_,2025-07-01,202.0,observed
300200934_,2025-08-01,165.0,observed
300200934_,2025-09-01,127.0,observed
300200934_,2025-10-01,89.0,observed
300200934_,2025-11-01,94.0,observed
300200934_,2025-12-01,138.0,observed
300200934_,2026-01-01,122.0,observed
300200934_,2026-02-01,108.0,observed
300200934_,2026-03-01,103.0,observed
300200934_,2026-04-01,99.0,observed
300200934_,2026-05-01,69.0,observed
300200934_,2026-06-01,54.0,observed
300200934_,2026-07-01,39.0,observed
300200934_,2026-08-01,66.0,observed
300200934_,2026-09-01,5.0,observed
300200935_,2024-01-01,,blank
300200935_,2024-02-01,,blank
300200935_,2024-03-01,,blank
300200935_,2024-04-01,,blank
300200935_,2024-05-01,,blank
300200935_,2024-06-01,,blank
300200935_,2024-07-01,,blank
300200935_,2024-08-01,,blank
300200935_,2024-09-01,50.0,observed
300200935_,2024-10-01,38.0,observed
300200935_,2024-11-01,28.0,observed
300200935_,2024-12-01,45.0,observed
300200935_,2025-01-01,44.0,observed
300200935_,2025-02-01,28.0,observed
300200935_,2025-03-01,25.0,observed
300200935_,2025-04-01,50.0,observed
300200935_,2025-05-01,50.0,observed
300200935_,2025-06-01,50.0,observed
300200935_,2025-07-01,50.0,observed
300200935_,2025-08-01,49.0,observed
300200935_,2025-09-01,49.0,observed
300200935_,2025-10-01,49.0,observed
300200935_,2025-11-01,49.0,observed
300200935_,2025-12-01,49.0,observed
300200935_,2026-01-01,49.0,observed
300200935_,2026-02-01,49.0,observed
300200935_,2026-03-01,49.0,observed
300200935_,2026-04-01,49.0,observed
300200935_,2026-05-01,49.0,observed
300200935_,2026-06-01,49.0,observed
300200935_,2026-07-01,49.0,observed
300200935_,2026-08-01,59.0,observed
300200935_,2026-09-01,57.0,observed
300200936_,2024-01-01,,blank
300200936_,2024-02-01,,blank
300200936_,2024-03-01,,blank
300200936_,2024-04-01,,blank
300200936_,2024-05-01,,blank
300200936_,2024-06-01,,blank
300200936_,2024-07-01,,blank
300200936_,2024-08-01,,blank
300200936_,2024-09-01,350.0,observed
300200936_,2024-10-01,322.0,observed
300200936_,2024-11-01,304.0,observed
300200936_,2024-12-01,225.0,observed
300200936_,2025-01-01,212.0,observed
300200936_,2025-02-01,211.0,observed
300200936_,2025-03-01,172.0,observed
300200936_,2025-04-01,95.0,observed
300200936_,2025-05-01,105.0,observed
300200936_,2025-06-01,137.0,observed
300200936_,2025-07-01,111.0,observed
300200936_,2025-08-01,118.0,observed
300200936_,2025-09-01,117.0,observed
300200936_,2025-10-01,125.0,observed
300200936_,2025-11-01,112.0,observed
300200936_,2025-12-01,150.0,observed
300200936_,2026-01-01,150.0,observed
300200936_,2026-02-01,133.0,observed
300200936_,2026-03-01,129.0,observed
300200936_,2026-04-01,123.0,observed
300200936_,2026-05-01,94.0,observed
300200936_,2026-06-01,83.0,observed
300200936_,2026-07-01,62.0,observed
300200936_,2026-08-01,73.0,observed
300200936_,2026-09-01,51.0,observed
300200937_,2024-01-01,,blank
300200937_,2024-02-01,,blank
300200937_,2024-03-01,,blank
300200937_,2024-04-01,,blank
300200937_,2024-05-01,,blank
300200937_,2024-06-01,,blank
300200937_,2024-07-01,,blank
300200937_,2024-08-01,,blank
300200937_,2024-09-01,50.0,observed
300200937_,2024-10-01,38.0,observed
300200937_,2024-11-01,33.0,observed
300200937_,2024-12-01,47.0,observed
300200937_,2025-01-01,48.0,observed
300200937_,2025-02-01,30.0,observed
300200937_,2025-03-01,20.0,observed
300200937_,2025-04-01,20.0,observed
300200937_,2025-05-01,60.0,observed
300200937_,2025-06-01,60.0,observed
300200937_,2025-07-01,60.0,observed
300200937_,2025-08-01,59.0,observed
300200937_,2025-09-01,59.0,observed
300200937_,2025-10-01,59.0,observed
300200937_,2025-11-01,59.0,observed
300200937_,2025-12-01,59.0,observed
300200937_,2026-01-01,59.0,observed
300200937_,2026-02-01,59.0,observed
300200937_,2026-03-01,59.0,observed
300200937_,2026-04-01,59.0,observed
300200937_,2026-05-01,59.0,observed
300200937_,2026-06-01,59.0,observed
300200937_,2026-07-01,59.0,observed
300200937_,2026-08-01,70.0,observed
300200937_,2026-09-01,69.0,observed
300200938_,2024-01-01,,blank
300200938_,2024-02-01,,blank
300200938_,2024-03-01,,blank
300200938_,2024-04-01,,blank
300200938_,2024-05-01,,blank
300200938_,2024-06-01,,blank
300200938_,2024-07-01,,blank
300200938_,2024-08-01,,blank
300200938_,2024-09-01,,blank
300200938_,2024-10-01,,blank
300200938_,2024-11-01,196.0,observed
300200938_,2024-12-01,190.0,observed
300200938_,2025-01-01,185.0,observed
300200938_,2025-02-01,164.0,observed
300200938_,2025-03-01,152.0,observed
300200938_,2025-04-01,148.0,observed
300200938_,2025-05-01,132.0,observed
300200938_,2025-06-01,132.0,observed
300200938_,2025-07-01,132.0,observed
300200938_,2025-08-01,127.0,observed
300200938_,2025-09-01,115.0,observed
300200938_,2025-10-01,108.0,observed
300200938_,2025-11-01,106.0,observed
300200938_,2025-12-01,106.0,observed
300200938_,2026-01-01,106.0,observed
300200938_,2026-02-01,99.0,observed
300200938_,2026-03-01,97.0,observed
300200938_,2026-04-01,93.0,observed
300200938_,2026-05-01,90.0,observed
300200938_,2026-06-01,90.0,observed
300200938_,2026-07-01,80.0,observed
300200938_,2026-08-01,80.0,observed
300200938_,2026-09-01,70.0,observed
300200939_,2024-01-01,,blank
300200939_,2024-02-01,,blank
300200939_,2024-03-01,,blank
300200939_,2024-04-01,,blank
300200939_,2024-05-01,,blank
300200939_,2024-06-01,,blank
300200939_,2024-07-01,,blank
300200939_,2024-08-01,,blank
300200939_,2024-09-01,200.0,observed
300200939_,2024-10-01,185.0,observed
300200939_,2024-11-01,175.0,observed
300200939_,2024-12-01,164.0,observed
300200939_,2025-01-01,160.0,observed
300200939_,2025-02-01,159.0,observed
300200939_,2025-03-01,159.0,observed
300200939_,2025-04-01,139.0,observed
300200939_,2025-05-01,139.0,observed
300200939_,2025-06-01,139.0,observed
300200939_,2025-07-01,112.0,observed
300200939_,2025-08-01,103.0,observed
300200939_,2025-09-01,89.0,observed
300200939_,2025-10-01,80.0,observed
300200939_,2025-11-01,76.0,observed
300200939_,2025-12-01,73.0,observed
300200939_,2026-01-01,74.0,observed
300200939_,2026-02-01,62.0,observed
300200939_,2026-03-01,59.0,observed
300200939_,2026-04-01,57.0,observed
300200939_,2026-05-01,55.0,observed
300200939_,2026-06-01,53.0,observed
300200939_,2026-07-01,45.0,observed
300200939_,2026-08-01,54.0,observed
300200939_,2026-09-01,35.0,observed
300200940_,2024-01-01,,blank
300200940_,2024-02-01,,blank
300200940_,2024-03-01,,blank
300200940_,2024-04-01,,blank
300200940_,2024-05-01,,blank
300200940_,2024-06-01,,blank
300200940_,2024-07-01,,blank
300200940_,2024-08-01,,blank
300200940_,2024-09-01,,blank
300200940_,2024-10-01,39.0,observed
300200940_,2024-11-01,29.0,observed
300200940_,2024-12-01,40.0,observed
300200940_,2025-01-01,40.0,observed
300200940_,2025-02-01,40.0,observed
300200940_,2025-03-01,38.0,observed
300200940_,2025-04-01,32.0,observed
300200940_,2025-05-01,31.0,observed
300200940_,2025-06-01,31.0,observed
300200940_,2025-07-01,31.0,observed
300200940_,2025-08-01,31.0,observed
300200940_,2025-09-01,28.0,observed
300200940_,2025-10-01,28.0,observed
300200940_,2025-11-01,28.0,observed
300200940_,2025-12-01,26.0,observed
300200940_,2026-01-01,26.0,observed
300200940_,2026-02-01,26.0,observed
300200940_,2026-03-01,20.0,observed
300200940_,2026-04-01,20.0,observed
300200940_,2026-05-01,20.0,observed
300200940_,2026-06-01,20.0,observed
300200940_,2026-07-01,18.0,observed
300200940_,2026-08-01,28.0,observed
300200940_,2026-09-01,24.0,observed
300200941_,2024-01-01,,blank
300200941_,2024-02-01,,blank
300200941_,2024-03-01,,blank
300200941_,2024-04-01,,blank
300200941_,2024-05-01,,blank
300200941_,2024-06-01,,blank
300200941_,2024-07-01,,blank
300200941_,2024-08-01,,blank
300200941_,2024-09-01,30.0,observed
300200941_,2024-10-01,28.0,observed
300200941_,2024-11-01,26.0,observed
300200941_,2024-12-01,26.0,observed
300200941_,2025-01-01,26.0,observed
300200941_,2025-02-01,23.0,observed
300200941_,2025-03-01,21.0,observed
300200941_,2025-04-01,21.0,observed
300200941_,2025-05-01,21.0,observed
300200941_,2025-06-01,21.0,observed
300200941_,2025-07-01,21.0,observed
300200941_,2025-08-01,20.0,observed
300200941_,2025-09-01,20.0,observed
300200941_,2025-10-01,20.0,observed
300200941_,2025-11-01,20.0,observed
300200941_,2025-12-01,20.0,observed
300200941_,2026-01-01,18.0,observed
300200941_,2026-02-01,18.0,observed
300200941_,2026-03-01,6.0,observed
300200941_,2026-04-01,6.0,observed
300200941_,2026-05-01,6.0,observed
300200941_,2026-06-01,6.0,observed
300200941_,2026-07-01,6.0,observed
300200941_,2026-08-01,6.0,observed
300200941_,2026-09-01,6.0,observed
300200942_,2024-01-01,,blank
300200942_,2024-02-01,,blank
300200942_,2024-03-01,,blank
300200942_,2024-04-01,,blank
300200942_,2024-05-01,,blank
300200942_,2024-06-01,,blank
300200942_,2024-07-01,,blank
300200942_,2024-08-01,,blank
300200942_,2024-09-01,200.0,observed
300200942_,2024-10-01,189.0,observed
300200942_,2024-11-01,113.0,observed
300200942_,2024-12-01,93.0,observed
300200942_,2025-01-01,173.0,observed
300200942_,2025-02-01,57.0,observed
300200942_,2025-03-01,37.0,observed
300200942_,2025-04-01,172.0,observed
300200942_,2025-05-01,263.0,observed
300200942_,2025-06-01,263.0,observed
300200942_,2025-07-01,263.0,observed
300200942_,2025-08-01,198.0,observed
300200942_,2025-09-01,198.0,observed
300200942_,2025-10-01,198.0,observed
300200942_,2025-11-01,196.0,observed
300200942_,2025-12-01,194.0,observed
300200942_,2026-01-01,94.0,observed
300200942_,2026-02-01,14.0,observed
300200942_,2026-03-01,75.0,observed
300200942_,2026-04-01,95.0,observed
300200942_,2026-05-01,95.0,observed
300200942_,2026-06-01,95.0,observed
300200942_,2026-07-01,41.0,observed
300200942_,2026-08-01,97.0,observed
300200942_,2026-09-01,77.0,observed
300200943_,2024-01-01,,blank
300200943_,2024-02-01,,blank
300200943_,2024-03-01,,blank
300200943_,2024-04-01,,blank
300200943_,2024-05-01,,blank
300200943_,2024-06-01,,blank
300200943_,2024-07-01,,blank
300200943_,2024-08-01,,blank
300200943_,2024-09-01,50.0,observed
300200943_,2024-10-01,38.0,observed
300200943_,2024-11-01,26.0,observed
300200943_,2024-12-01,30.0,observed
300200943_,2025-01-01,28.0,observed
300200943_,2025-02-01,28.0,observed
300200943_,2025-03-01,24.0,observed
300200943_,2025-04-01,39.0,observed
300200943_,2025-05-01,54.0,observed
300200943_,2025-06-01,52.0,observed
300200943_,2025-07-01,47.0,observed
300200943_,2025-08-01,40.0,observed
300200943_,2025-09-01,38.0,observed
300200943_,2025-10-01,32.0,observed
300200943_,2025-11-01,28.0,observed
300200943_,2025-12-01,29.0,observed
300200943_,2026-01-01,29.0,observed
300200943_,2026-02-01,29.0,observed
300200943_,2026-03-01,29.0,observed
300200943_,2026-04-01,29.0,observed
300200943_,2026-05-01,18.0,observed
300200943_,2026-06-01,18.0,observed
300200943_,2026-07-01,14.0,observed
300200943_,2026-08-01,23.0,observed
300200943_,2026-09-01,15.0,observed
300200944_,2024-01-01,,blank
300200944_,2024-02-01,,blank
300200944_,2024-03-01,,blank
300200944_,2024-04-01,,blank
300200944_,2024-05-01,,blank
300200944_,2024-06-01,,blank
300200944_,2024-07-01,,blank
300200944_,2024-08-01,,blank
300200944_,2024-09-01,50.0,observed
300200944_,2024-10-01,38.0,observed
300200944_,2024-11-01,38.0,observed
300200944_,2024-12-01,58.0,observed
300200944_,2025-01-01,58.0,observed
300200944_,2025-02-01,55.0,observed
300200944_,2025-03-01,55.0,observed
300200944_,2025-04-01,55.0,observed
300200944_,2025-05-01,55.0,observed
300200944_,2025-06-01,55.0,observed
300200944_,2025-07-01,55.0,observed
300200944_,2025-08-01,53.0,observed
300200944_,2025-09-01,53.0,observed
300200944_,2025-10-01,51.0,observed
300200944_,2025-11-01,51.0,observed
300200944_,2025-12-01,51.0,observed
300200944_,2026-01-01,51.0,observed
300200944_,2026-02-01,47.0,observed
300200944_,2026-03-01,46.0,observed
300200944_,2026-04-01,46.0,observed
300200944_,2026-05-01,46.0,observed
300200944_,2026-06-01,46.0,observed
300200944_,2026-07-01,46.0,observed
300200944_,2026-08-01,56.0,observed
300200944_,2026-09-01,56.0,observed
300200945_,2024-01-01,,blank
300200945_,2024-02-01,,blank
300200945_,2024-03-01,,blank
300200945_,2024-04-01,,blank
300200945_,2024-05-01,,blank
300200945_,2024-06-01,,blank
300200945_,2024-07-01,,blank
300200945_,2024-08-01,,blank
300200945_,2024-09-01,1500.0,observed
300200945_,2024-10-01,1427.0,observed
300200945_,2024-11-01,1355.0,observed
300200945_,2024-12-01,1206.0,observed
300200945_,2025-01-01,1125.0,observed
300200945_,2025-02-01,1057.0,observed
300200945_,2025-03-01,968.0,observed
300200945_,2025-04-01,855.0,observed
300200945_,2025-05-01,683.0,observed
300200945_,2025-06-01,653.0,observed
300200945_,2025-07-01,609.0,observed
300200945_,2025-08-01,541.0,observed
300200945_,2025-09-01,481.0,observed
300200945_,2025-10-01,386.0,observed
300200945_,2025-11-01,336.0,observed
300200945_,2025-12-01,379.0,observed
300200945_,2026-01-01,352.0,observed
300200945_,2026-02-01,300.0,observed
300200945_,2026-03-01,295.0,observed
300200945_,2026-04-01,285.0,observed
300200945_,2026-05-01,234.0,observed
300200945_,2026-06-01,217.0,observed
300200945_,2026-07-01,110.0,observed
300200945_,2026-08-01,127.0,observed
300200945_,2026-09-01,24.0,observed
300200946_,2024-01-01,,blank
300200946_,2024-02-01,,blank
300200946_,2024-03-01,,blank
300200946_,2024-04-01,,blank
300200946_,2024-05-01,,blank
300200946_,2024-06-01,,blank
300200946_,2024-07-01,,blank
300200946_,2024-08-01,,blank
300200946_,2024-09-01,900.0,observed
300200946_,2024-10-01,868.0,observed
300200946_,2024-11-01,835.0,observed
300200946_,2024-12-01,742.0,observed
300200946_,2025-01-01,694.0,observed
300200946_,2025-02-01,605.0,observed
300200946_,2025-03-01,547.0,observed
300200946_,2025-04-01,476.0,observed
300200946_,2025-05-01,375.0,observed
300200946_,2025-06-01,352.0,observed
300200946_,2025-07-01,327.0,observed
300200946_,2025-08-01,287.0,observed
300200946_,2025-09-01,247.0,observed
300200946_,2025-10-01,204.0,observed
300200946_,2025-11-01,192.0,observed
300200946_,2025-12-01,282.0,observed
300200946_,2026-01-01,244.0,observed
300200946_,2026-02-01,219.0,observed
300200946_,2026-03-01,204.0,observed
300200946_,2026-04-01,193.0,observed
300200946_,2026-05-01,166.0,observed
300200946_,2026-06-01,149.0,observed
300200946_,2026-07-01,114.0,observed
300200946_,2026-08-01,114.0,observed
300200946_,2026-09-01,35.0,observed
300200947_,2024-01-01,,blank
300200947_,2024-02-01,,blank
300200947_,2024-03-01,,blank
300200947_,2024-04-01,,blank
300200947_,2024-05-01,,blank
300200947_,2024-06-01,,blank
300200947_,2024-07-01,,blank
300200947_,2024-08-01,,blank
300200947_,2024-09-01,450.0,observed
300200947_,2024-10-01,432.0,observed
300200947_,2024-11-01,408.0,observed
300200947_,2024-12-01,387.0,observed
300200947_,2025-01-01,357.0,observed
300200947_,2025-02-01,316.0,observed
300200947_,2025-03-01,288.0,observed
300200947_,2025-04-01,246.0,observed
300200947_,2025-05-01,213.0,observed
300200947_,2025-06-01,206.0,observed
300200947_,2025-07-01,197.0,observed
300200947_,2025-08-01,168.0,observed
300200947_,2025-09-01,143.0,observed
300200947_,2025-10-01,133.0,observed
300200947_,2025-11-01,130.0,observed
300200947_,2025-12-01,129.0,observed
300200947_,2026-01-01,126.0,observed
300200947_,2026-02-01,113.0,observed
300200947_,2026-03-01,107.0,observed
300200947_,2026-04-01,104.0,observed
300200947_,2026-05-01,93.0,observed
300200947_,2026-06-01,77.0,observed
300200947_,2026-07-01,64.0,observed
300200947_,2026-08-01,54.0,observed
300200947_,2026-09-01,29.0,observed
300200948_,2024-01-01,,blank
300200948_,2024-02-01,,blank
300200948_,2024-03-01,,blank
300200948_,2024-04-01,,blank
300200948_,2024-05-01,,blank
300200948_,2024-06-01,,blank
300200948_,2024-07-01,,blank
300200948_,2024-08-01,,blank
300200948_,2024-09-01,150.0,observed
300200948_,2024-10-01,137.0,observed
300200948_,2024-11-01,125.0,observed
300200948_,2024-12-01,114.0,observed
300200948_,2025-01-01,108.0,observed
300200948_,2025-02-01,91.0,observed
300200948_,2025-03-01,82.0,observed
300200948_,2025-04-01,72.0,observed
300200948_,2025-05-01,68.0,observed
300200948_,2025-06-01,68.0,observed
300200948_,2025-07-01,66.0,observed
300200948_,2025-08-01,57.0,observed
300200948_,2025-09-01,50.0,observed
300200948_,2025-10-01,47.0,observed
300200948_,2025-11-01,43.0,observed
300200948_,2025-12-01,53.0,observed
300200948_,2026-01-01,52.0,observed
300200948_,2026-02-01,44.0,observed
300200948_,2026-03-01,43.0,observed
300200948_,2026-04-01,40.0,observed
300200948_,2026-05-01,33.0,observed
300200948_,2026-06-01,33.0,observed
300200948_,2026-07-01,16.0,observed
300200948_,2026-08-01,25.0,observed
300200948_,2026-09-01,17.0,observed
300200949_,2024-01-01,,blank
300200949_,2024-02-01,,blank
300200949_,2024-03-01,,blank
300200949_,2024-04-01,,blank
300200949_,2024-05-01,,blank
300200949_,2024-06-01,,blank
300200949_,2024-07-01,,blank
300200949_,2024-08-01,,blank
300200949_,2024-09-01,50.0,observed
300200949_,2024-10-01,37.0,observed
300200949_,2024-11-01,27.0,observed
300200949_,2024-12-01,49.0,observed
300200949_,2025-01-01,49.0,observed
300200949_,2025-02-01,47.0,observed
300200949_,2025-03-01,46.0,observed
300200949_,2025-04-01,45.0,observed
300200949_,2025-05-01,45.0,observed
300200949_,2025-06-01,45.0,observed
300200949_,2025-07-01,45.0,observed
300200949_,2025-08-01,43.0,observed
300200949_,2025-09-01,43.0,observed
300200949_,2025-10-01,43.0,observed
300200949_,2025-11-01,43.0,observed
300200949_,2025-12-01,43.0,observed
300200949_,2026-01-01,42.0,observed
300200949_,2026-02-01,42.0,observed
300200949_,2026-03-01,41.0,observed
300200949_,2026-04-01,41.0,observed
300200949_,2026-05-01,37.0,observed
300200949_,2026-06-01,37.0,observed
300200949_,2026-07-01,36.0,observed
300200949_,2026-08-01,46.0,observed
300200949_,2026-09-01,41.0,observed
300200950_,2024-01-01,,blank
300200950_,2024-02-01,,blank
300200950_,2024-03-01,,blank
300200950_,2024-04-01,,blank
300200950_,2024-05-01,,blank
300200950_,2024-06-01,,blank
300200950_,2024-07-01,,blank
300200950_,2024-08-01,,blank
300200950_,2024-09-01,,blank
300200950_,2024-10-01,139.0,observed
300200950_,2024-11-01,126.0,observed
300200950_,2024-12-01,131.0,observed
300200950_,2025-01-01,127.0,observed
300200950_,2025-02-01,124.0,observed
300200950_,2025-03-01,118.0,observed
300200950_,2025-04-01,117.0,observed
300200950_,2025-05-01,77.0,observed
300200950_,2025-06-01,76.0,observed
300200950_,2025-07-01,74.0,observed
300200950_,2025-08-01,58.0,observed
300200950_,2025-09-01,54.0,observed
300200950_,2025-10-01,49.0,observed
300200950_,2025-11-01,44.0,observed
300200950_,2025-12-01,45.0,observed
300200950_,2026-01-01,48.0,observed
300200950_,2026-02-01,40.0,observed
300200950_,2026-03-01,40.0,observed
300200950_,2026-04-01,40.0,observed
300200950_,2026-05-01,34.0,observed
300200950_,2026-06-01,32.0,observed
300200950_,2026-07-01,22.0,observed
300200950_,2026-08-01,32.0,observed
300200950_,2026-09-01,29.0,observed
300200951_,2024-01-01,,blank
300200951_,2024-02-01,,blank
300200951_,2024-03-01,,blank
300200951_,2024-04-01,,blank
300200951_,2024-05-01,,blank
300200951_,2024-06-01,,blank
300200951_,2024-07-01,,blank
300200951_,2024-08-01,,blank
300200951_,2024-09-01,10.0,observed
300200951_,2024-10-01,9.0,observed
300200951_,2024-11-01,9.0,observed
300200951_,2024-12-01,9.0,observed
300200951_,2025-01-01,9.0,observed
300200951_,2025-02-01,9.0,observed
300200951_,2025-03-01,9.0,observed
300200951_,2025-04-01,6.0,observed
300200951_,2025-05-01,6.0,observed
300200951_,2025-06-01,6.0,observed
300200951_,2025-07-01,6.0,observed
300200951_,2025-08-01,6.0,observed
300200951_,2025-09-01,6.0,observed
300200951_,2025-10-01,1.0,observed
300200951_,2025-11-01,2.0,observed
300200951_,2025-12-01,4.0,observed
300200951_,2026-01-01,4.0,observed
300200951_,2026-02-01,3.0,observed
300200951_,2026-03-01,3.0,observed
300200951_,2026-04-01,3.0,observed
300200951_,2026-05-01,3.0,observed
300200951_,2026-06-01,3.0,observed
300200951_,2026-07-01,3.0,observed
300200951_,2026-08-01,3.0,observed
300200951_,2026-09-01,3.0,observed
300200952_,2024-01-01,,blank
300200952_,2024-02-01,,blank
300200952_,2024-03-01,,blank
300200952_,2024-04-01,,blank
300200952_,2024-05-01,,blank
300200952_,2024-06-01,,blank
300200952_,2024-07-01,,blank
300200952_,2024-08-01,,blank
300200952_,2024-09-01,,blank
300200952_,2024-10-01,49.0,observed
300200952_,2024-11-01,49.0,observed
300200952_,2024-12-01,49.0,observed
300200952_,2025-01-01,49.0,observed
300200952_,2025-02-01,45.0,observed
300200952_,2025-03-01,45.0,observed
300200952_,2025-04-01,45.0,observed
300200952_,2025-05-01,37.0,observed
300200952_,2025-06-01,37.0,observed
300200952_,2025-07-01,37.0,observed
300200952_,2025-08-01,37.0,observed
300200952_,2025-09-01,37.0,observed
300200952_,2025-10-01,37.0,observed
300200952_,2025-11-01,37.0,observed
300200952_,2025-12-01,37.0,observed
300200952_,2026-01-01,37.0,observed
300200952_,2026-02-01,37.0,observed
300200952_,2026-03-01,37.0,observed
300200952_,2026-04-01,35.0,observed
300200952_,2026-05-01,28.0,observed
300200952_,2026-06-01,28.0,observed
300200952_,2026-07-01,27.0,observed
300200952_,2026-08-01,27.0,observed
300200952_,2026-09-01,27.0,observed
300200953_,2024-01-01,,blank
300200953_,2024-02-01,,blank
300200953_,2024-03-01,,blank
300200953_,2024-04-01,,blank
300200953_,2024-05-01,,blank
300200953_,2024-06-01,,blank
300200953_,2024-07-01,,blank
300200953_,2024-08-01,,blank
300200953_,2024-09-01,50.0,observed
300200953_,2024-10-01,49.0,observed
300200953_,2024-11-01,46.0,observed
300200953_,2024-12-01,43.0,observed
300200953_,2025-01-01,43.0,observed
300200953_,2025-02-01,33.0,observed
300200953_,2025-03-01,33.0,observed
300200953_,2025-04-01,33.0,observed
300200953_,2025-05-01,32.0,observed
300200953_,2025-06-01,32.0,observed
300200953_,2025-07-01,29.0,observed
300200953_,2025-08-01,29.0,observed
300200953_,2025-09-01,29.0,observed
300200953_,2025-10-01,29.0,observed
300200953_,2025-11-01,25.0,observed
300200953_,2025-12-01,25.0,observed
300200953_,2026-01-01,25.0,observed
300200953_,2026-02-01,23.0,observed
300200953_,2026-03-01,21.0,observed
300200953_,2026-04-01,21.0,observed
300200953_,2026-05-01,10.0,observed
300200953_,2026-06-01,9.0,observed
300200953_,2026-07-01,5.0,observed
300200953_,2026-08-01,10.0,observed
300200953_,2026-09-01,10.0,observed
300200954_,2024-01-01,,blank
300200954_,2024-02-01,,blank
300200954_,2024-03-01,,blank
300200954_,2024-04-01,,blank
300200954_,2024-05-01,,blank
300200954_,2024-06-01,,blank
300200954_,2024-07-01,,blank
300200954_,2024-08-01,,blank
300200954_,2024-09-01,50.0,observed
300200954_,2024-10-01,48.0,observed
300200954_,2024-11-01,48.0,observed
300200954_,2024-12-01,48.0,observed
300200954_,2025-01-01,48.0,observed
300200954_,2025-02-01,30.0,observed
300200954_,2025-03-01,29.0,observed
300200954_,2025-04-01,29.0,observed
300200954_,2025-05-01,29.0,observed
300200954_,2025-06-01,29.0,observed
300200954_,2025-07-01,29.0,observed
300200954_,2025-08-01,27.0,observed
300200954_,2025-09-01,27.0,observed
300200954_,2025-10-01,27.0,observed
300200954_,2025-11-01,27.0,observed
300200954_,2025-12-01,27.0,observed
300200954_,2026-01-01,27.0,observed
300200954_,2026-02-01,27.0,observed
300200954_,2026-03-01,27.0,observed
300200954_,2026-04-01,27.0,observed
300200954_,2026-05-01,27.0,observed
300200954_,2026-06-01,20.0,observed
300200954_,2026-07-01,20.0,observed
300200954_,2026-08-01,20.0,observed
300200954_,2026-09-01,20.0,observed
300200955_,2024-01-01,,blank
300200955_,2024-02-01,,blank
300200955_,2024-03-01,,blank
300200955_,2024-04-01,,blank
300200955_,2024-05-01,,blank
300200955_,2024-06-01,,blank
300200955_,2024-07-01,,blank
300200955_,2024-08-01,,blank
300200955_,2024-09-01,,blank
300200955_,2024-10-01,15.0,observed
300200955_,2024-11-01,15.0,observed
300200955_,2024-12-01,20.0,observed
300200955_,2025-01-01,20.0,observed
300200955_,2025-02-01,20.0,observed
300200955_,2025-03-01,20.0,observed
300200955_,2025-04-01,20.0,observed
300200955_,2025-05-01,20.0,observed
300200955_,2025-06-01,20.0,observed
300200955_,2025-07-01,20.0,observed
300200955_,2025-08-01,17.0,observed
300200955_,2025-09-01,17.0,observed
300200955_,2025-10-01,17.0,observed
300200955_,2025-11-01,17.0,observed
300200955_,2025-12-01,17.0,observed
300200955_,2026-01-01,17.0,observed
300200955_,2026-02-01,17.0,observed
300200955_,2026-03-01,17.0,observed
300200955_,2026-04-01,17.0,observed
300200955_,2026-05-01,17.0,observed
300200955_,2026-06-01,17.0,observed
300200955_,2026-07-01,17.0,observed
300200955_,2026-08-01,17.0,observed
300200955_,2026-09-01,15.0,observed
300200371_,2024-01-01,32.0,observed
300200371_,2024-02-01,32.0,observed
300200371_,2024-03-01,251.0,observed
300200371_,2024-04-01,424.0,observed
300200371_,2024-05-01,670.0,observed
300200371_,2024-06-01,612.0,observed
300200371_,2024-07-01,588.0,observed
300200371_,2024-08-01,552.0,observed
300200371_,2024-09-01,513.0,observed
300200371_,2024-10-01,505.0,observed
300200371_,2024-11-01,490.0,observed
300200371_,2024-12-01,448.0,observed
300200371_,2025-01-01,454.0,observed
300200371_,2025-02-01,448.0,observed
300200371_,2025-03-01,440.0,observed
300200371_,2025-04-01,412.0,observed
300200371_,2025-05-01,407.0,observed
300200371_,2025-06-01,420.0,observed
300200371_,2025-07-01,388.0,observed
300200371_,2025-08-01,358.0,observed
300200371_,2025-09-01,291.0,observed
300200371_,2025-10-01,268.0,observed
300200371_,2025-11-01,262.0,observed
300200371_,2025-12-01,235.0,observed
300200371_,2026-01-01,231.0,observed
300200371_,2026-02-01,225.0,observed
300200371_,2026-03-01,220.0,observed
300200371_,2026-04-01,205.0,observed
300200371_,2026-05-01,188.0,observed
300200371_,2026-06-01,181.0,observed
300200371_,2026-07-01,161.0,observed
300200371_,2026-08-01,141.0,observed
300200371_,2026-09-01,116.0,observed
300200420_,2024-01-01,30.0,observed
300200420_,2024-02-01,30.0,observed
300200420_,2024-03-01,50.0,observed
300200420_,2024-04-01,28.0,observed
300200420_,2024-05-01,109.0,observed
300200420_,2024-06-01,109.0,observed
300200420_,2024-07-01,109.0,observed
300200420_,2024-08-01,147.0,observed
300200420_,2024-09-01,142.0,observed
300200420_,2024-10-01,132.0,observed
300200420_,2024-11-01,122.0,observed
300200420_,2024-12-01,110.0,observed
300200420_,2025-01-01,116.0,observed
300200420_,2025-02-01,113.0,observed
300200420_,2025-03-01,113.0,observed
300200420_,2025-04-01,109.0,observed
300200420_,2025-05-01,69.0,observed
300200420_,2025-06-01,65.0,observed
300200420_,2025-07-01,62.0,observed
300200420_,2025-08-01,62.0,observed
300200420_,2025-09-01,61.0,observed
300200420_,2025-10-01,51.0,observed
300200420_,2025-11-01,48.0,observed
300200420_,2025-12-01,42.0,observed
300200420_,2026-01-01,36.0,observed
300200420_,2026-02-01,36.0,observed
300200420_,2026-03-01,36.0,observed
300200420_,2026-04-01,36.0,observed
300200420_,2026-05-01,31.0,observed
300200420_,2026-06-01,31.0,observed
300200420_,2026-07-01,11.0,observed
300200420_,2026-08-01,18.0,observed
300200420_,2026-09-01,18.0,observed
300200375_,2024-01-01,47.0,observed
300200375_,2024-02-01,47.0,observed
300200375_,2024-03-01,96.0,observed
300200375_,2024-04-01,157.0,observed
300200375_,2024-05-01,635.0,observed
300200375_,2024-06-01,609.0,observed
300200375_,2024-07-01,588.0,observed
300200375_,2024-08-01,575.0,observed
300200375_,2024-09-01,502.0,observed
300200375_,2024-10-01,458.0,observed
300200375_,2024-11-01,431.0,observed
300200375_,2024-12-01,358.0,observed
300200375_,2025-01-01,315.0,observed
300200375_,2025-02-01,305.0,observed
300200375_,2025-03-01,273.0,observed
300200375_,2025-04-01,159.0,observed
300200375_,2025-05-01,204.0,observed
300200375_,2025-06-01,183.0,observed
300200375_,2025-07-01,220.0,observed
300200375_,2025-08-01,209.0,observed
300200375_,2025-09-01,183.0,observed
300200375_,2025-10-01,142.0,observed
300200375_,2025-11-01,129.0,observed
300200375_,2025-12-01,147.0,observed
300200375_,2026-01-01,131.0,observed
300200375_,2026-02-01,64.0,observed
300200375_,2026-03-01,78.0,observed
300200375_,2026-04-01,57.0,observed
300200375_,2026-05-01,98.0,observed
300200375_,2026-06-01,76.0,observed
300200375_,2026-07-01,37.0,observed
300200375_,2026-08-01,157.0,observed
300200375_,2026-09-01,132.0,observed
300200422_,2024-01-01,12.0,observed
300200422_,2024-02-01,12.0,observed
300200422_,2024-03-01,22.0,observed
300200422_,2024-04-01,12.0,observed
300200422_,2024-05-01,85.0,observed
300200422_,2024-06-01,75.0,observed
300200422_,2024-07-01,74.0,observed
300200422_,2024-08-01,79.0,observed
300200422_,2024-09-01,76.0,observed
300200422_,2024-10-01,63.0,observed
300200422_,2024-11-01,63.0,observed
300200422_,2024-12-01,53.0,observed
300200422_,2025-01-01,71.0,observed
300200422_,2025-02-01,61.0,observed
300200422_,2025-03-01,61.0,observed
300200422_,2025-04-01,60.0,observed
300200422_,2025-05-01,53.0,observed
300200422_,2025-06-01,52.0,observed
300200422_,2025-07-01,50.0,observed
300200422_,2025-08-01,50.0,observed
300200422_,2025-09-01,46.0,observed
300200422_,2025-10-01,46.0,observed
300200422_,2025-11-01,43.0,observed
300200422_,2025-12-01,41.0,observed
300200422_,2026-01-01,39.0,observed
300200422_,2026-02-01,39.0,observed
300200422_,2026-03-01,39.0,observed
300200422_,2026-04-01,39.0,observed
300200422_,2026-05-01,36.0,observed
300200422_,2026-06-01,36.0,observed
300200422_,2026-07-01,13.0,observed
300200422_,2026-08-01,19.0,observed
300200422_,2026-09-01,19.0,observed
300200363_,2024-01-01,46.0,observed
300200363_,2024-02-01,6.0,observed
300200363_,2024-03-01,6.0,observed
300200363_,2024-04-01,6.0,observed
300200363_,2024-05-01,80.0,observed
300200363_,2024-06-01,58.0,observed
300200363_,2024-07-01,47.0,observed
300200363_,2024-08-01,72.0,observed
300200363_,2024-09-01,58.0,observed
300200363_,2024-10-01,44.0,observed
300200363_,2024-11-01,30.0,observed
300200363_,2024-12-01,37.0,observed
300200363_,2025-01-01,58.0,observed
300200363_,2025-02-01,58.0,observed
300200363_,2025-03-01,56.0,observed
300200363_,2025-04-01,63.0,observed
300200363_,2025-05-01,62.0,observed
300200363_,2025-06-01,61.0,observed
300200363_,2025-07-01,50.0,observed
300200363_,2025-08-01,50.0,observed
300200363_,2025-09-01,50.0,observed
300200363_,2025-10-01,50.0,observed
300200363_,2025-11-01,40.0,observed
300200363_,2025-12-01,40.0,observed
300200363_,2026-01-01,40.0,observed
300200363_,2026-02-01,39.0,observed
300200363_,2026-03-01,38.0,observed
300200363_,2026-04-01,38.0,observed
300200363_,2026-05-01,36.0,observed
300200363_,2026-06-01,34.0,observed
300200363_,2026-07-01,31.0,observed
300200363_,2026-08-01,46.0,observed
300200363_,2026-09-01,45.0,observed
300200423_,2024-01-01,1.0,observed
300200423_,2024-02-01,1.0,observed
300200423_,2024-03-01,1.0,observed
300200423_,2024-04-01,1.0,observed
300200423_,2024-05-01,1.0,observed
300200423_,2024-06-01,1.0,observed
300200423_,2024-07-01,1.0,observed
300200423_,2024-08-01,1.0,observed
300200423_,2024-09-01,1.0,observed
300200423_,2024-10-01,1.0,observed
300200423_,2024-11-01,1.0,observed
300200423_,2024-12-01,1.0,observed
300200423_,2025-01-01,1.0,observed
300200423_,2025-02-01,1.0,observed
300200423_,2025-03-01,1.0,observed
300200423_,2025-04-01,1.0,observed
300200423_,2025-05-01,1.0,observed
300200423_,2025-06-01,1.0,observed
300200423_,2025-07-01,1.0,observed
300200423_,2025-08-01,1.0,observed
300200423_,2025-09-01,1.0,observed
300200423_,2025-10-01,1.0,observed
300200423_,2025-11-01,1.0,observed
300200423_,2025-12-01,1.0,observed
300200423_,2026-01-01,1.0,observed
300200423_,2026-02-01,1.0,observed
300200423_,2026-03-01,1.0,observed
300200423_,2026-04-01,1.0,observed
300200423_,2026-05-01,1.0,observed
300200423_,2026-06-01,1.0,observed
300200423_,2026-07-01,1.0,observed
300200423_,2026-08-01,1.0,observed
300200423_,2026-09-01,1.0,observed
300200368_,2024-01-01,17.0,observed
300200368_,2024-02-01,57.0,observed
300200368_,2024-03-01,205.0,observed
300200368_,2024-04-01,182.0,observed
300200368_,2024-05-01,190.0,observed
300200368_,2024-06-01,159.0,observed
300200368_,2024-07-01,127.0,observed
300200368_,2024-08-01,121.0,observed
300200368_,2024-09-01,90.0,observed
300200368_,2024-10-01,85.0,observed
300200368_,2024-11-01,105.0,observed
300200368_,2024-12-01,37.0,observed
300200368_,2025-01-01,173.0,observed
300200368_,2025-02-01,171.0,observed
300200368_,2025-03-01,161.0,observed
300200368_,2025-04-01,172.0,observed
300200368_,2025-05-01,156.0,observed
300200368_,2025-06-01,149.0,observed
300200368_,2025-07-01,130.0,observed
300200368_,2025-08-01,125.0,observed
300200368_,2025-09-01,105.0,observed
300200368_,2025-10-01,90.0,observed
300200368_,2025-11-01,83.0,observed
300200368_,2025-12-01,77.0,observed
300200368_,2026-01-01,74.0,observed
300200368_,2026-02-01,58.0,observed
300200368_,2026-03-01,55.0,observed
300200368_,2026-04-01,47.0,observed
300200368_,2026-05-01,45.0,observed
300200368_,2026-06-01,31.0,observed
300200368_,2026-07-01,27.0,observed
300200368_,2026-08-01,29.0,observed
300200368_,2026-09-01,38.0,observed
300200367_,2024-01-01,16.0,observed
300200367_,2024-02-01,26.0,observed
300200367_,2024-03-01,64.0,observed
300200367_,2024-04-01,107.0,observed
300200367_,2024-05-01,246.0,observed
300200367_,2024-06-01,217.0,observed
300200367_,2024-07-01,181.0,observed
300200367_,2024-08-01,186.0,observed
300200367_,2024-09-01,159.0,observed
300200367_,2024-10-01,133.0,observed
300200367_,2024-11-01,124.0,observed
300200367_,2024-12-01,150.0,observed
300200367_,2025-01-01,149.0,observed
300200367_,2025-02-01,203.0,observed
300200367_,2025-03-01,195.0,observed
300200367_,2025-04-01,250.0,observed
300200367_,2025-05-01,232.0,observed
300200367_,2025-06-01,232.0,observed
300200367_,2025-07-01,189.0,observed
300200367_,2025-08-01,177.0,observed
300200367_,2025-09-01,156.0,observed
300200367_,2025-10-01,133.0,observed
300200367_,2025-11-01,130.0,observed
300200367_,2025-12-01,127.0,observed
300200367_,2026-01-01,127.0,observed
300200367_,2026-02-01,125.0,observed
300200367_,2026-03-01,125.0,observed
300200367_,2026-04-01,125.0,observed
300200367_,2026-05-01,118.0,observed
300200367_,2026-06-01,94.0,observed
300200367_,2026-07-01,94.0,observed
300200367_,2026-08-01,80.0,observed
300200367_,2026-09-01,80.0,observed
300200426_,2024-01-01,13.0,observed
300200426_,2024-02-01,13.0,observed
300200426_,2024-03-01,9.0,observed
300200426_,2024-04-01,9.0,observed
300200426_,2024-05-01,29.0,observed
300200426_,2024-06-01,29.0,observed
300200426_,2024-07-01,27.0,observed
300200426_,2024-08-01,43.0,observed
300200426_,2024-09-01,42.0,observed
300200426_,2024-10-01,42.0,observed
300200426_,2024-11-01,42.0,observed
300200426_,2024-12-01,42.0,observed
300200426_,2025-01-01,39.0,observed
300200426_,2025-02-01,39.0,observed
300200426_,2025-03-01,39.0,observed
300200426_,2025-04-01,38.0,observed
300200426_,2025-05-01,36.0,observed
300200426_,2025-06-01,36.0,observed
300200426_,2025-07-01,36.0,observed
300200426_,2025-08-01,35.0,observed
300200426_,2025-09-01,35.0,observed
300200426_,2025-10-01,35.0,observed
300200426_,2025-11-01,35.0,observed
300200426_,2025-12-01,35.0,observed
300200426_,2026-01-01,35.0,observed
300200426_,2026-02-01,35.0,observed
300200426_,2026-03-01,35.0,observed
300200426_,2026-04-01,35.0,observed
300200426_,2026-05-01,35.0,observed
300200426_,2026-06-01,35.0,observed
300200426_,2026-07-01,35.0,observed
300200426_,2026-08-01,35.0,observed
300200426_,2026-09-01,35.0,observed
300200424_,2024-01-01,35.0,observed
300200424_,2024-02-01,31.0,observed
300200424_,2024-03-01,35.0,observed
300200424_,2024-04-01,15.0,observed
300200424_,2024-05-01,60.0,observed
300200424_,2024-06-01,58.0,observed
300200424_,2024-07-01,57.0,observed
300200424_,2024-08-01,78.0,observed
300200424_,2024-09-01,75.0,observed
300200424_,2024-10-01,65.0,observed
300200424_,2024-11-01,61.0,observed
300200424_,2024-12-01,61.0,observed
300200424_,2025-01-01,79.0,observed
300200424_,2025-02-01,78.0,observed
300200424_,2025-03-01,78.0,observed
300200424_,2025-04-01,77.0,observed
300200424_,2025-05-01,69.0,observed
300200424_,2025-06-01,69.0,observed
300200424_,2025-07-01,68.0,observed
300200424_,2025-08-01,68.0,observed
300200424_,2025-09-01,68.0,observed
300200424_,2025-10-01,67.0,observed
300200424_,2025-11-01,67.0,observed
300200424_,2025-12-01,64.0,observed
300200424_,2026-01-01,63.0,observed
300200424_,2026-02-01,63.0,observed
300200424_,2026-03-01,63.0,observed
300200424_,2026-04-01,63.0,observed
300200424_,2026-05-01,62.0,observed
300200424_,2026-06-01,61.0,observed
300200424_,2026-07-01,61.0,observed
300200424_,2026-08-01,66.0,observed
300200424_,2026-09-01,66.0,observed
300200372_,2024-01-01,2.0,observed
300200372_,2024-02-01,2.0,observed
300200372_,2024-03-01,35.0,observed
300200372_,2024-04-01,2.0,observed
300200372_,2024-05-01,503.0,observed
300200372_,2024-06-01,519.0,observed
300200372_,2024-07-01,461.0,observed
300200372_,2024-08-01,408.0,observed
300200372_,2024-09-01,360.0,observed
300200372_,2024-10-01,294.0,observed
300200372_,2024-11-01,242.0,observed
300200372_,2024-12-01,220.0,observed
300200372_,2025-01-01,217.0,observed
300200372_,2025-02-01,191.0,observed
300200372_,2025-03-01,171.0,observed
300200372_,2025-04-01,335.0,observed
300200372_,2025-05-01,318.0,observed
300200372_,2025-06-01,306.0,observed
300200372_,2025-07-01,270.0,observed
300200372_,2025-08-01,209.0,observed
300200372_,2025-09-01,184.0,observed
300200372_,2025-10-01,131.0,observed
300200372_,2025-11-01,129.0,observed
300200372_,2025-12-01,129.0,observed
300200372_,2026-01-01,106.0,observed
300200372_,2026-02-01,104.0,observed
300200372_,2026-03-01,104.0,observed
300200372_,2026-04-01,104.0,observed
300200372_,2026-05-01,94.0,observed
300200372_,2026-06-01,64.0,observed
300200372_,2026-07-01,38.0,observed
300200372_,2026-08-01,61.0,observed
300200372_,2026-09-01,74.0,observed
300200373_,2024-01-01,2.0,observed
300200373_,2024-02-01,2.0,observed
300200373_,2024-03-01,25.0,observed
300200373_,2024-04-01,95.0,observed
300200373_,2024-05-01,313.0,observed
300200373_,2024-06-01,286.0,observed
300200373_,2024-07-01,302.0,observed
300200373_,2024-08-01,326.0,observed
300200373_,2024-09-01,314.0,observed
300200373_,2024-10-01,295.0,observed
300200373_,2024-11-01,210.0,observed
300200373_,2024-12-01,128.0,observed
300200373_,2025-01-01,150.0,observed
300200373_,2025-02-01,117.0,observed
300200373_,2025-03-01,134.0,observed
300200373_,2025-04-01,69.0,observed
300200373_,2025-05-01,201.0,observed
300200373_,2025-06-01,256.0,observed
300200373_,2025-07-01,241.0,observed
300200373_,2025-08-01,239.0,observed
300200373_,2025-09-01,236.0,observed
300200373_,2025-10-01,229.0,observed
300200373_,2025-11-01,212.0,observed
300200373_,2025-12-01,212.0,observed
300200373_,2026-01-01,211.0,observed
300200373_,2026-02-01,180.0,observed
300200373_,2026-03-01,165.0,observed
300200373_,2026-04-01,165.0,observed
300200373_,2026-05-01,126.0,observed
300200373_,2026-06-01,122.0,observed
300200373_,2026-07-01,82.0,observed
300200373_,2026-08-01,63.0,observed
300200373_,2026-09-01,61.0,observed
300200418_,2024-01-01,43.0,observed
300200418_,2024-02-01,33.0,observed
300200418_,2024-03-01,33.0,observed
300200418_,2024-04-01,23.0,observed
300200418_,2024-05-01,13.0,observed
300200418_,2024-06-01,13.0,observed
300200418_,2024-07-01,13.0,observed
300200418_,2024-08-01,43.0,observed
300200418_,2024-09-01,38.0,observed
300200418_,2024-10-01,38.0,observed
300200418_,2024-11-01,37.0,observed
300200418_,2024-12-01,6.0,observed
300200418_,2025-01-01,45.0,observed
300200418_,2025-02-01,45.0,observed
300200418_,2025-03-01,45.0,observed
300200418_,2025-04-01,44.0,observed
300200418_,2025-05-01,42.0,observed
300200418_,2025-06-01,42.0,observed
300200418_,2025-07-01,42.0,observed
300200418_,2025-08-01,38.0,observed
300200418_,2025-09-01,38.0,observed
300200418_,2025-10-01,27.0,observed
300200418_,2025-11-01,27.0,observed
300200418_,2025-12-01,26.0,observed
300200418_,2026-01-01,24.0,observed
300200418_,2026-02-01,23.0,observed
300200418_,2026-03-01,23.0,observed
300200418_,2026-04-01,23.0,observed
300200418_,2026-05-01,23.0,observed
300200418_,2026-06-01,23.0,observed
300200418_,2026-07-01,23.0,observed
300200418_,2026-08-01,23.0,observed
300200418_,2026-09-01,23.0,observed
300200365_,2024-01-01,1.0,observed
300200365_,2024-02-01,241.0,observed
300200365_,2024-03-01,2116.0,observed
300200365_,2024-04-01,1373.0,observed
300200365_,2024-05-01,2943.0,observed
300200365_,2024-06-01,2214.0,observed
300200365_,2024-07-01,1792.0,observed
300200365_,2024-08-01,2516.0,observed
300200365_,2024-09-01,2222.0,observed
300200365_,2024-10-01,1875.0,observed
300200365_,2024-11-01,2033.0,observed
300200365_,2024-12-01,1444.0,observed
300200365_,2025-01-01,2289.0,observed
300200365_,2025-02-01,2156.0,observed
300200365_,2025-03-01,1732.0,observed
300200365_,2025-04-01,3537.0,observed
300200365_,2025-05-01,3085.0,observed
300200365_,2025-06-01,2725.0,observed
300200365_,2025-07-01,2245.0,observed
300200365_,2025-08-01,1916.0,observed
300200365_,2025-09-01,1844.0,observed
300200365_,2025-10-01,1650.0,observed
300200365_,2025-11-01,1363.0,observed
300200365_,2025-12-01,1362.0,observed
300200365_,2026-01-01,1188.0,observed
300200365_,2026-02-01,986.0,observed
300200365_,2026-03-01,1014.0,observed
300200365_,2026-04-01,820.0,observed
300200365_,2026-05-01,882.0,observed
300200365_,2026-06-01,745.0,observed
300200365_,2026-07-01,321.0,observed
300200365_,2026-08-01,369.0,observed
300200365_,2026-09-01,383.0,observed
300200364_,2024-01-01,4.0,observed
300200364_,2024-02-01,84.0,observed
300200364_,2024-03-01,4.0,observed
300200364_,2024-04-01,4.0,observed
300200364_,2024-05-01,1.0,observed
300200364_,2024-06-01,211.0,observed
300200364_,2024-07-01,177.0,observed
300200364_,2024-08-01,125.0,observed
300200364_,2024-09-01,190.0,observed
300200364_,2024-10-01,147.0,observed
300200364_,2024-11-01,292.0,observed
300200364_,2024-12-01,266.0,observed
300200364_,2025-01-01,202.0,observed
300200364_,2025-02-01,319.0,observed
300200364_,2025-03-01,312.0,observed
300200364_,2025-04-01,400.0,observed
300200364_,2025-05-01,377.0,observed
300200364_,2025-06-01,377.0,observed
300200364_,2025-07-01,305.0,observed
300200364_,2025-08-01,229.0,observed
300200364_,2025-09-01,162.0,observed
300200364_,2025-10-01,175.0,observed
300200364_,2025-11-01,195.0,observed
300200364_,2025-12-01,156.0,observed
300200364_,2026-01-01,140.0,observed
300200364_,2026-02-01,134.0,observed
300200364_,2026-03-01,134.0,observed
300200364_,2026-04-01,134.0,observed
300200364_,2026-05-01,105.0,observed
300200364_,2026-06-01,105.0,observed
300200364_,2026-07-01,105.0,observed
300200364_,2026-08-01,113.0,observed
300200364_,2026-09-01,113.0,observed
300200374_,2024-01-01,11.0,observed
300200374_,2024-02-01,6.0,observed
300200374_,2024-03-01,221.0,observed
300200374_,2024-04-01,208.0,observed
300200374_,2024-05-01,590.0,observed
300200374_,2024-06-01,556.0,observed
300200374_,2024-07-01,464.0,observed
300200374_,2024-08-01,466.0,observed
300200374_,2024-09-01,434.0,observed
300200374_,2024-10-01,412.0,observed
300200374_,2024-11-01,411.0,observed
300200374_,2024-12-01,404.0,observed
300200374_,2025-01-01,395.0,observed
300200374_,2025-02-01,392.0,observed
300200374_,2025-03-01,392.0,observed
300200374_,2025-04-01,377.0,observed
300200374_,2025-05-01,360.0,observed
300200374_,2025-06-01,400.0,observed
300200374_,2025-07-01,360.0,observed
300200374_,2025-08-01,330.0,observed
300200374_,2025-09-01,271.0,observed
300200374_,2025-10-01,271.0,observed
300200374_,2025-11-01,269.0,observed
300200374_,2025-12-01,169.0,observed
300200374_,2026-01-01,157.0,observed
300200374_,2026-02-01,157.0,observed
300200374_,2026-03-01,156.0,observed
300200374_,2026-04-01,156.0,observed
300200374_,2026-05-01,154.0,observed
300200374_,2026-06-01,104.0,observed
300200374_,2026-07-01,100.0,observed
300200374_,2026-08-01,103.0,observed
300200374_,2026-09-01,100.0,observed
300200370_,2024-01-01,11.0,observed
300200370_,2024-02-01,1.0,observed
300200370_,2024-03-01,81.0,observed
300200370_,2024-04-01,70.0,observed
300200370_,2024-05-01,70.0,observed
300200370_,2024-06-01,67.0,observed
300200370_,2024-07-01,67.0,observed
300200370_,2024-08-01,79.0,observed
300200370_,2024-09-01,74.0,observed
300200370_,2024-10-01,72.0,observed
300200370_,2024-11-01,70.0,observed
300200370_,2024-12-01,69.0,observed
300200370_,2025-01-01,74.0,observed
300200370_,2025-02-01,72.0,observed
300200370_,2025-03-01,71.0,observed
300200370_,2025-04-01,65.0,observed
300200370_,2025-05-01,63.0,observed
300200370_,2025-06-01,63.0,observed
300200370_,2025-07-01,62.0,observed
300200370_,2025-08-01,62.0,observed
300200370_,2025-09-01,59.0,observed
300200370_,2025-10-01,58.0,observed
300200370_,2025-11-01,58.0,observed
300200370_,2025-12-01,55.0,observed
300200370_,2026-01-01,54.0,observed
300200370_,2026-02-01,54.0,observed
300200370_,2026-03-01,54.0,observed
300200370_,2026-04-01,54.0,observed
300200370_,2026-05-01,54.0,observed
300200370_,2026-06-01,54.0,observed
300200370_,2026-07-01,54.0,observed
300200370_,2026-08-01,54.0,observed
300200370_,2026-09-01,52.0,observed
300200425_,2024-01-01,14.0,observed
300200425_,2024-02-01,12.0,observed
300200425_,2024-03-01,12.0,observed
300200425_,2024-04-01,12.0,observed
300200425_,2024-05-01,12.0,observed
300200425_,2024-06-01,12.0,observed
300200425_,2024-07-01,12.0,observed
300200425_,2024-08-01,48.0,observed
300200425_,2024-09-01,47.0,observed
300200425_,2024-10-01,37.0,observed
300200425_,2024-11-01,37.0,observed
300200425_,2024-12-01,37.0,observed
300200425_,2025-01-01,36.0,observed
300200425_,2025-02-01,36.0,observed
300200425_,2025-03-01,36.0,observed
300200425_,2025-04-01,35.0,observed
300200425_,2025-05-01,35.0,observed
300200425_,2025-06-01,35.0,observed
300200425_,2025-07-01,30.0,observed
300200425_,2025-08-01,30.0,observed
300200425_,2025-09-01,29.0,observed
300200425_,2025-10-01,29.0,observed
300200425_,2025-11-01,29.0,observed
300200425_,2025-12-01,29.0,observed
300200425_,2026-01-01,29.0,observed
300200425_,2026-02-01,29.0,observed
300200425_,2026-03-01,29.0,observed
300200425_,2026-04-01,29.0,observed
300200425_,2026-05-01,28.0,observed
300200425_,2026-06-01,28.0,observed
300200425_,2026-07-01,28.0,observed
300200425_,2026-08-01,28.0,observed
300200425_,2026-09-01,28.0,observed
300200419_,2024-01-01,1.0,observed
300200419_,2024-02-01,1.0,observed
300200419_,2024-03-01,1.0,observed
300200419_,2024-04-01,1.0,observed
300200419_,2024-05-01,1.0,observed
300200419_,2024-06-01,1.0,observed
300200419_,2024-07-01,1.0,observed
300200419_,2024-08-01,4.0,observed
300200419_,2024-09-01,4.0,observed
300200419_,2024-10-01,4.0,observed
300200419_,2024-11-01,4.0,observed
300200419_,2024-12-01,4.0,observed
300200419_,2025-01-01,4.0,observed
300200419_,2025-02-01,4.0,observed
300200419_,2025-03-01,4.0,observed
300200419_,2025-04-01,3.0,observed
300200419_,2025-05-01,3.0,observed
300200419_,2025-06-01,3.0,observed
300200419_,2025-07-01,3.0,observed
300200419_,2025-08-01,3.0,observed
300200419_,2025-09-01,3.0,observed
300200419_,2025-10-01,3.0,observed
300200419_,2025-11-01,1.0,observed
300200419_,2025-12-01,1.0,observed
300200419_,2026-01-01,1.0,observed
300200419_,2026-02-01,1.0,observed
300200419_,2026-03-01,1.0,observed
300200419_,2026-04-01,1.0,observed
300200419_,2026-05-01,1.0,observed
300200419_,2026-06-01,1.0,observed
300200419_,2026-07-01,1.0,observed
300200419_,2026-08-01,1.0,observed
300200419_,2026-09-01,1.0,observed
300200376_,2024-01-01,453.0,observed
300200376_,2024-02-01,401.0,observed
300200376_,2024-03-01,863.0,observed
300200376_,2024-04-01,699.0,observed
300200376_,2024-05-01,2482.0,observed
300200376_,2024-06-01,2127.0,observed
300200376_,2024-07-01,1882.0,observed
300200376_,2024-08-01,1537.0,observed
300200376_,2024-09-01,1191.0,observed
300200376_,2024-10-01,934.0,observed
300200376_,2024-11-01,851.0,observed
300200376_,2024-12-01,1002.0,observed
300200376_,2025-01-01,1229.0,observed
300200376_,2025-02-01,1190.0,observed
300200376_,2025-03-01,933.0,observed
300200376_,2025-04-01,1116.0,observed
300200376_,2025-05-01,1980.0,observed
300200376_,2025-06-01,1827.0,observed
300200376_,2025-07-01,1528.0,observed
300200376_,2025-08-01,1278.0,observed
300200376_,2025-09-01,1226.0,observed
300200376_,2025-10-01,1033.0,observed
300200376_,2025-11-01,987.0,observed
300200376_,2025-12-01,990.0,observed
300200376_,2026-01-01,973.0,observed
300200376_,2026-02-01,886.0,observed
300200376_,2026-03-01,835.0,observed
300200376_,2026-04-01,733.0,observed
300200376_,2026-05-01,643.0,observed
300200376_,2026-06-01,587.0,observed
300200376_,2026-07-01,333.0,observed
300200376_,2026-08-01,265.0,observed
300200376_,2026-09-01,264.0,observed
300200377_,2024-01-01,8.0,observed
300200377_,2024-02-01,24.0,observed
300200377_,2024-03-01,501.0,observed
300200377_,2024-04-01,352.0,observed
300200377_,2024-05-01,1043.0,observed
300200377_,2024-06-01,849.0,observed
300200377_,2024-07-01,755.0,observed
300200377_,2024-08-01,771.0,observed
300200377_,2024-09-01,615.0,observed
300200377_,2024-10-01,511.0,observed
300200377_,2024-11-01,556.0,observed
300200377_,2024-12-01,480.0,observed
300200377_,2025-01-01,514.0,observed
300200377_,2025-02-01,492.0,observed
300200377_,2025-03-01,398.0,observed
300200377_,2025-04-01,326.0,observed
300200377_,2025-05-01,536.0,observed
300200377_,2025-06-01,411.0,observed
300200377_,2025-07-01,375.0,observed
300200377_,2025-08-01,616.0,observed
300200377_,2025-09-01,558.0,observed
300200377_,2025-10-01,493.0,observed
300200377_,2025-11-01,429.0,observed
300200377_,2025-12-01,365.0,observed
300200377_,2026-01-01,378.0,observed
300200377_,2026-02-01,327.0,observed
300200377_,2026-03-01,307.0,observed
300200377_,2026-04-01,270.0,observed
300200377_,2026-05-01,303.0,observed
300200377_,2026-06-01,249.0,observed
300200377_,2026-07-01,183.0,observed
300200377_,2026-08-01,128.0,observed
300200377_,2026-09-01,173.0,observed
300200378_,2024-01-01,10.0,observed
300200378_,2024-02-01,9.0,observed
300200378_,2024-03-01,469.0,observed
300200378_,2024-04-01,417.0,observed
300200378_,2024-05-01,446.0,observed
300200378_,2024-06-01,392.0,observed
300200378_,2024-07-01,347.0,observed
300200378_,2024-08-01,359.0,observed
300200378_,2024-09-01,263.0,observed
300200378_,2024-10-01,229.0,observed
300200378_,2024-11-01,258.0,observed
300200378_,2024-12-01,202.0,observed
300200378_,2025-01-01,240.0,observed
300200378_,2025-02-01,226.0,observed
300200378_,2025-03-01,212.0,observed
300200378_,2025-04-01,371.0,observed
300200378_,2025-05-01,314.0,observed
300200378_,2025-06-01,263.0,observed
300200378_,2025-07-01,190.0,observed
300200378_,2025-08-01,223.0,observed
300200378_,2025-09-01,205.0,observed
300200378_,2025-10-01,192.0,observed
300200378_,2025-11-01,165.0,observed
300200378_,2025-12-01,167.0,observed
300200378_,2026-01-01,160.0,observed
300200378_,2026-02-01,155.0,observed
300200378_,2026-03-01,148.0,observed
300200378_,2026-04-01,124.0,observed
300200378_,2026-05-01,114.0,observed
300200378_,2026-06-01,92.0,observed
300200378_,2026-07-01,64.0,observed
300200378_,2026-08-01,54.0,observed
300200378_,2026-09-01,59.0,observed
300200379_,2024-01-01,18.0,observed
300200379_,2024-02-01,17.0,observed
300200379_,2024-03-01,102.0,observed
300200379_,2024-04-01,87.0,observed
300200379_,2024-05-01,142.0,observed
300200379_,2024-06-01,97.0,observed
300200379_,2024-07-01,81.0,observed
300200379_,2024-08-01,136.0,observed
300200379_,2024-09-01,114.0,observed
300200379_,2024-10-01,79.0,observed
300200379_,2024-11-01,50.0,observed
300200379_,2024-12-01,74.0,observed
300200379_,2025-01-01,145.0,observed
300200379_,2025-02-01,139.0,observed
300200379_,2025-03-01,128.0,observed
300200379_,2025-04-01,171.0,observed
300200379_,2025-05-01,166.0,observed
300200379_,2025-06-01,136.0,observed
300200379_,2025-07-01,115.0,observed
300200379_,2025-08-01,112.0,observed
300200379_,2025-09-01,97.0,observed
300200379_,2025-10-01,92.0,observed
300200379_,2025-11-01,90.0,observed
300200379_,2025-12-01,84.0,observed
300200379_,2026-01-01,79.0,observed
300200379_,2026-02-01,75.0,observed
300200379_,2026-03-01,70.0,observed
300200379_,2026-04-01,62.0,observed
300200379_,2026-05-01,60.0,observed
300200379_,2026-06-01,51.0,observed
300200379_,2026-07-01,37.0,observed
300200379_,2026-08-01,35.0,observed
300200379_,2026-09-01,34.0,observed
300200380_,2024-01-01,1.0,observed
300200380_,2024-02-01,1.0,observed
300200380_,2024-03-01,69.0,observed
300200380_,2024-04-01,51.0,observed
300200380_,2024-05-01,51.0,observed
300200380_,2024-06-01,40.0,observed
300200380_,2024-07-01,40.0,observed
300200380_,2024-08-01,68.0,observed
300200380_,2024-09-01,61.0,observed
300200380_,2024-10-01,31.0,observed
300200380_,2024-11-01,29.0,observed
300200380_,2024-12-01,35.0,observed
300200380_,2025-01-01,61.0,observed
300200380_,2025-02-01,57.0,observed
300200380_,2025-03-01,57.0,observed
300200380_,2025-04-01,43.0,observed
300200380_,2025-05-01,43.0,observed
300200380_,2025-06-01,41.0,observed
300200380_,2025-07-01,41.0,observed
300200380_,2025-08-01,38.0,observed
300200380_,2025-09-01,36.0,observed
300200380_,2025-10-01,35.0,observed
300200380_,2025-11-01,33.0,observed
300200380_,2025-12-01,29.0,observed
300200380_,2026-01-01,27.0,observed
300200380_,2026-02-01,27.0,observed
300200380_,2026-03-01,26.0,observed
300200380_,2026-04-01,26.0,observed
300200380_,2026-05-01,25.0,observed
300200380_,2026-06-01,19.0,observed
300200380_,2026-07-01,19.0,observed
300200380_,2026-08-01,26.0,observed
300200380_,2026-09-01,26.0,observed
300200421_,2024-01-01,74.0,observed
300200421_,2024-02-01,34.0,observed
300200421_,2024-03-01,94.0,observed
300200421_,2024-04-01,63.0,observed
300200421_,2024-05-01,169.0,observed
300200421_,2024-06-01,120.0,observed
300200421_,2024-07-01,117.0,observed
300200421_,2024-08-01,148.0,observed
300200421_,2024-09-01,122.0,observed
300200421_,2024-10-01,105.0,observed
300200421_,2024-11-01,93.0,observed
300200421_,2024-12-01,84.0,observed
300200421_,2025-01-01,108.0,observed
300200421_,2025-02-01,102.0,observed
300200421_,2025-03-01,92.0,observed
300200421_,2025-04-01,126.0,observed
300200421_,2025-05-01,123.0,observed
300200421_,2025-06-01,123.0,observed
300200421_,2025-07-01,95.0,observed
300200421_,2025-08-01,91.0,observed
300200421_,2025-09-01,90.0,observed
300200421_,2025-10-01,83.0,observed
300200421_,2025-11-01,81.0,observed
300200421_,2025-12-01,81.0,observed
300200421_,2026-01-01,68.0,observed
300200421_,2026-02-01,66.0,observed
300200421_,2026-03-01,66.0,observed
300200421_,2026-04-01,61.0,observed
300200421_,2026-05-01,56.0,observed
300200421_,2026-06-01,52.0,observed
300200421_,2026-07-01,43.0,observed
300200421_,2026-08-01,47.0,observed
300200421_,2026-09-01,47.0,observed
щщщ0116254,2024-01-01,32.0,observed
щщщ0116254,2024-02-01,32.0,observed
щщщ0116254,2024-03-01,29.0,observed
щщщ0116254,2024-04-01,32.0,observed
щщщ0116254,2024-05-01,47.0,observed
щщщ0116254,2024-06-01,47.0,observed
щщщ0116254,2024-07-01,47.0,observed
щщщ0116254,2024-08-01,47.0,observed
щщщ0116254,2024-09-01,43.0,observed
щщщ0116254,2024-10-01,43.0,observed
щщщ0116254,2024-11-01,43.0,observed
щщщ0116254,2024-12-01,43.0,observed
щщщ0116254,2025-01-01,43.0,observed
щщщ0116254,2025-02-01,43.0,observed
щщщ0116254,2025-03-01,42.0,observed
щщщ0116254,2025-04-01,42.0,observed
щщщ0116254,2025-05-01,42.0,observed
щщщ0116254,2025-06-01,42.0,observed
щщщ0116254,2025-07-01,42.0,observed
щщщ0116254,2025-08-01,42.0,observed
щщщ0116254,2025-09-01,42.0,observed
щщщ0116254,2025-10-01,42.0,observed
щщщ0116254,2025-11-01,42.0,observed
щщщ0116254,2025-12-01,37.0,observed
щщщ0116254,2026-01-01,37.0,observed
щщщ0116254,2026-02-01,37.0,observed
щщщ0116254,2026-03-01,37.0,observed
щщщ0116254,2026-04-01,37.0,observed
щщщ0116254,2026-05-01,37.0,observed
щщщ0116254,2026-06-01,37.0,observed
щщщ0116254,2026-07-01,37.0,observed
щщщ0116254,2026-08-01,37.0,observed
щщщ0116254,2026-09-01,35.0,observed
300200520_,2024-01-01,2.0,observed
300200520_,2024-02-01,2.0,observed
300200520_,2024-03-01,2.0,observed
300200520_,2024-04-01,1714.0,observed
300200520_,2024-05-01,2348.0,observed
300200520_,2024-06-01,2153.0,observed
300200520_,2024-07-01,1894.0,observed
300200520_,2024-08-01,1266.0,observed
300200520_,2024-09-01,780.0,observed
300200520_,2024-10-01,823.0,observed
300200520_,2024-11-01,539.0,observed
300200520_,2024-12-01,1102.0,observed
300200520_,2025-01-01,1249.0,observed
300200520_,2025-02-01,1154.0,observed
300200520_,2025-03-01,1019.0,observed
300200520_,2025-04-01,2158.0,observed
300200520_,2025-05-01,1963.0,observed
300200520_,2025-06-01,1831.0,observed
300200520_,2025-07-01,1796.0,observed
300200520_,2025-08-01,1676.0,observed
300200520_,2025-09-01,1623.0,observed
300200520_,2025-10-01,1109.0,observed
300200520_,2025-11-01,900.0,observed
300200520_,2025-12-01,761.0,observed
300200520_,2026-01-01,377.0,observed
300200520_,2026-02-01,381.0,observed
300200520_,2026-03-01,364.0,observed
300200520_,2026-04-01,549.0,observed
300200520_,2026-05-01,601.0,observed
300200520_,2026-06-01,438.0,observed
300200520_,2026-07-01,432.0,observed
300200520_,2026-08-01,703.0,observed
300200520_,2026-09-01,617.0,observed
300200521_,2024-01-01,81.0,observed
300200521_,2024-02-01,81.0,observed
300200521_,2024-03-01,139.0,observed
300200521_,2024-04-01,131.0,observed
300200521_,2024-05-01,239.0,observed
300200521_,2024-06-01,219.0,observed
300200521_,2024-07-01,183.0,observed
300200521_,2024-08-01,159.0,observed
300200521_,2024-09-01,126.0,observed
300200521_,2024-10-01,88.0,observed
300200521_,2024-11-01,89.0,observed
300200521_,2024-12-01,68.0,observed
300200521_,2025-01-01,114.0,observed
300200521_,2025-02-01,92.0,observed
300200521_,2025-03-01,90.0,observed
300200521_,2025-04-01,203.0,observed
300200521_,2025-05-01,203.0,observed
300200521_,2025-06-01,195.0,observed
300200521_,2025-07-01,194.0,observed
300200521_,2025-08-01,142.0,observed
300200521_,2025-09-01,140.0,observed
300200521_,2025-10-01,134.0,observed
300200521_,2025-11-01,109.0,observed
300200521_,2025-12-01,106.0,observed
300200521_,2026-01-01,47.0,observed
300200521_,2026-02-01,49.0,observed
300200521_,2026-03-01,41.0,observed
300200521_,2026-04-01,38.0,observed
300200521_,2026-05-01,67.0,observed
300200521_,2026-06-01,65.0,observed
300200521_,2026-07-01,64.0,observed
300200521_,2026-08-01,66.0,observed
300200521_,2026-09-01,66.0,observed
300200522_,2024-01-01,37.0,observed
300200522_,2024-02-01,37.0,observed
300200522_,2024-03-01,37.0,observed
300200522_,2024-04-01,37.0,observed
300200522_,2024-05-01,30.0,observed
300200522_,2024-06-01,30.0,observed
300200522_,2024-07-01,30.0,observed
300200522_,2024-08-01,30.0,observed
300200522_,2024-09-01,29.0,observed
300200522_,2024-10-01,29.0,observed
300200522_,2024-11-01,29.0,observed
300200522_,2024-12-01,7.0,observed
300200522_,2025-01-01,12.0,observed
300200522_,2025-02-01,12.0,observed
300200522_,2025-03-01,12.0,observed
300200522_,2025-04-01,11.0,observed
300200522_,2025-05-01,11.0,observed
300200522_,2025-06-01,11.0,observed
300200522_,2025-07-01,11.0,observed
300200522_,2025-08-01,11.0,observed
300200522_,2025-09-01,11.0,observed
300200522_,2025-10-01,11.0,observed
300200522_,2025-11-01,3.0,observed
300200522_,2025-12-01,3.0,observed
300200522_,2026-01-01,3.0,observed
300200522_,2026-02-01,3.0,observed
300200522_,2026-03-01,3.0,observed
300200522_,2026-04-01,3.0,observed
300200522_,2026-05-01,3.0,observed
300200522_,2026-06-01,,blank
300200522_,2026-07-01,,blank
300200522_,2026-08-01,10.0,observed
300200522_,2026-09-01,10.0,observed
300200523_,2024-01-01,70.0,observed
300200523_,2024-02-01,69.0,observed
300200523_,2024-03-01,62.0,observed
300200523_,2024-04-01,78.0,observed
300200523_,2024-05-01,186.0,observed
300200523_,2024-06-01,169.0,observed
300200523_,2024-07-01,154.0,observed
300200523_,2024-08-01,109.0,observed
300200523_,2024-09-01,42.0,observed
300200523_,2024-10-01,80.0,observed
300200523_,2024-11-01,64.0,observed
300200523_,2024-12-01,95.0,observed
300200523_,2025-01-01,136.0,observed
300200523_,2025-02-01,111.0,observed
300200523_,2025-03-01,102.0,observed
300200523_,2025-04-01,211.0,observed
300200523_,2025-05-01,205.0,observed
300200523_,2025-06-01,200.0,observed
300200523_,2025-07-01,194.0,observed
300200523_,2025-08-01,174.0,observed
300200523_,2025-09-01,171.0,observed
300200523_,2025-10-01,161.0,observed
300200523_,2025-11-01,148.0,observed
300200523_,2025-12-01,140.0,observed
300200523_,2026-01-01,108.0,observed
300200523_,2026-02-01,104.0,observed
300200523_,2026-03-01,94.0,observed
300200523_,2026-04-01,85.0,observed
300200523_,2026-05-01,79.0,observed
300200523_,2026-06-01,72.0,observed
300200523_,2026-07-01,67.0,observed
300200523_,2026-08-01,63.0,observed
300200523_,2026-09-01,55.0,observed
300200524_,2024-01-01,17.0,observed
300200524_,2024-02-01,17.0,observed
300200524_,2024-03-01,22.0,observed
300200524_,2024-04-01,27.0,observed
300200524_,2024-05-01,27.0,observed
300200524_,2024-06-01,27.0,observed
300200524_,2024-07-01,19.0,observed
300200524_,2024-08-01,19.0,observed
300200524_,2024-09-01,18.0,observed
300200524_,2024-10-01,13.0,observed
300200524_,2024-11-01,6.0,observed
300200524_,2024-12-01,9.0,observed
300200524_,2025-01-01,9.0,observed
300200524_,2025-02-01,9.0,observed
300200524_,2025-03-01,9.0,observed
300200524_,2025-04-01,13.0,observed
300200524_,2025-05-01,13.0,observed
300200524_,2025-06-01,13.0,observed
300200524_,2025-07-01,13.0,observed
300200524_,2025-08-01,13.0,observed
300200524_,2025-09-01,13.0,observed
300200524_,2025-10-01,13.0,observed
300200524_,2025-11-01,7.0,observed
300200524_,2025-12-01,7.0,observed
300200524_,2026-01-01,7.0,observed
300200524_,2026-02-01,2.0,observed
300200524_,2026-03-01,7.0,observed
300200524_,2026-04-01,7.0,observed
300200524_,2026-05-01,6.0,observed
300200524_,2026-06-01,5.0,observed
300200524_,2026-07-01,5.0,observed
300200524_,2026-08-01,8.0,observed
300200524_,2026-09-01,5.0,observed
300200525_,2024-01-01,10.0,observed
300200525_,2024-02-01,10.0,observed
300200525_,2024-03-01,25.0,observed
300200525_,2024-04-01,22.0,observed
300200525_,2024-05-01,27.0,observed
300200525_,2024-06-01,41.0,observed
300200525_,2024-07-01,39.0,observed
300200525_,2024-08-01,84.0,observed
300200525_,2024-09-01,82.0,observed
300200525_,2024-10-01,67.0,observed
300200525_,2024-11-01,56.0,observed
300200525_,2024-12-01,53.0,observed
300200525_,2025-01-01,48.0,observed
300200525_,2025-02-01,47.0,observed
300200525_,2025-03-01,45.0,observed
300200525_,2025-04-01,44.0,observed
300200525_,2025-05-01,44.0,observed
300200525_,2025-06-01,44.0,observed
300200525_,2025-07-01,44.0,observed
300200525_,2025-08-01,42.0,observed
300200525_,2025-09-01,43.0,observed
300200525_,2025-10-01,43.0,observed
300200525_,2025-11-01,43.0,observed
300200525_,2025-12-01,43.0,observed
300200525_,2026-01-01,32.0,observed
300200525_,2026-02-01,32.0,observed
300200525_,2026-03-01,31.0,observed
300200525_,2026-04-01,30.0,observed
300200525_,2026-05-01,30.0,observed
300200525_,2026-06-01,30.0,observed
300200525_,2026-07-01,28.0,observed
300200525_,2026-08-01,42.0,observed
300200525_,2026-09-01,41.0,observed
300200526_,2024-01-01,35.0,observed
300200526_,2024-02-01,35.0,observed
300200526_,2024-03-01,23.0,observed
300200526_,2024-04-01,71.0,observed
300200526_,2024-05-01,115.0,observed
300200526_,2024-06-01,106.0,observed
300200526_,2024-07-01,93.0,observed
300200526_,2024-08-01,79.0,observed
300200526_,2024-09-01,55.0,observed
300200526_,2024-10-01,29.0,observed
300200526_,2024-11-01,24.0,observed
300200526_,2024-12-01,60.0,observed
300200526_,2025-01-01,70.0,observed
300200526_,2025-02-01,64.0,observed
300200526_,2025-03-01,63.0,observed
300200526_,2025-04-01,112.0,observed
300200526_,2025-05-01,111.0,observed
300200526_,2025-06-01,111.0,observed
300200526_,2025-07-01,110.0,observed
300200526_,2025-08-01,103.0,observed
300200526_,2025-09-01,98.0,observed
300200526_,2025-10-01,53.0,observed
300200526_,2025-11-01,48.0,observed
300200526_,2025-12-01,34.0,observed
300200526_,2026-01-01,6.0,observed
300200526_,2026-02-01,29.0,observed
300200526_,2026-03-01,8.0,observed
300200526_,2026-04-01,37.0,observed
300200526_,2026-05-01,41.0,observed
300200526_,2026-06-01,30.0,observed
300200526_,2026-07-01,33.0,observed
300200526_,2026-08-01,64.0,observed
300200526_,2026-09-01,54.0,observed
300200527_,2024-01-01,48.0,observed
300200527_,2024-02-01,48.0,observed
300200527_,2024-03-01,30.0,observed
300200527_,2024-04-01,41.0,observed
300200527_,2024-05-01,85.0,observed
300200527_,2024-06-01,85.0,observed
300200527_,2024-07-01,71.0,observed
300200527_,2024-08-01,482.0,observed
300200527_,2024-09-01,459.0,observed
300200527_,2024-10-01,435.0,observed
300200527_,2024-11-01,419.0,observed
300200527_,2024-12-01,401.0,observed
300200527_,2025-01-01,400.0,observed
300200527_,2025-02-01,400.0,observed
300200527_,2025-03-01,396.0,observed
300200527_,2025-04-01,395.0,observed
300200527_,2025-05-01,372.0,observed
300200527_,2025-06-01,359.0,observed
300200527_,2025-07-01,358.0,observed
300200527_,2025-08-01,358.0,observed
300200527_,2025-09-01,358.0,observed
300200527_,2025-10-01,338.0,observed
300200527_,2025-11-01,326.0,observed
300200527_,2025-12-01,314.0,observed
300200527_,2026-01-01,289.0,observed
300200527_,2026-02-01,289.0,observed
300200527_,2026-03-01,289.0,observed
300200527_,2026-04-01,289.0,observed
300200527_,2026-05-01,288.0,observed
300200527_,2026-06-01,286.0,observed
300200527_,2026-07-01,286.0,observed
300200527_,2026-08-01,290.0,observed
300200527_,2026-09-01,288.0,observed
300200529_,2024-01-01,12.0,observed
300200529_,2024-02-01,12.0,observed
300200529_,2024-03-01,12.0,observed
300200529_,2024-04-01,12.0,observed
300200529_,2024-05-01,19.0,observed
300200529_,2024-06-01,19.0,observed
300200529_,2024-07-01,11.0,observed
300200529_,2024-08-01,114.0,observed
300200529_,2024-09-01,114.0,observed
300200529_,2024-10-01,104.0,observed
300200529_,2024-11-01,94.0,observed
300200529_,2024-12-01,79.0,observed
300200529_,2025-01-01,77.0,observed
300200529_,2025-02-01,77.0,observed
300200529_,2025-03-01,77.0,observed
300200529_,2025-04-01,76.0,observed
300200529_,2025-05-01,76.0,observed
300200529_,2025-06-01,75.0,observed
300200529_,2025-07-01,75.0,observed
300200529_,2025-08-01,75.0,observed
300200529_,2025-09-01,75.0,observed
300200529_,2025-10-01,71.0,observed
300200529_,2025-11-01,69.0,observed
300200529_,2025-12-01,65.0,observed
300200529_,2026-01-01,60.0,observed
300200529_,2026-02-01,60.0,observed
300200529_,2026-03-01,60.0,observed
300200529_,2026-04-01,59.0,observed
300200529_,2026-05-01,59.0,observed
300200529_,2026-06-01,59.0,observed
300200529_,2026-07-01,59.0,observed
300200529_,2026-08-01,68.0,observed
300200529_,2026-09-01,68.0,observed
300200530_,2024-01-01,12.0,observed
300200530_,2024-02-01,10.0,observed
300200530_,2024-03-01,10.0,observed
300200530_,2024-04-01,10.0,observed
300200530_,2024-05-01,70.0,observed
300200530_,2024-06-01,70.0,observed
300200530_,2024-07-01,69.0,observed
300200530_,2024-08-01,68.0,observed
300200530_,2024-09-01,45.0,observed
300200530_,2024-10-01,12.0,observed
300200530_,2024-11-01,7.0,observed
300200530_,2024-12-01,37.0,observed
300200530_,2025-01-01,42.0,observed
300200530_,2025-02-01,7.0,observed
300200530_,2025-03-01,19.0,observed
300200530_,2025-04-01,84.0,observed
300200530_,2025-05-01,74.0,observed
300200530_,2025-06-01,74.0,observed
300200530_,2025-07-01,74.0,observed
300200530_,2025-08-01,63.0,observed
300200530_,2025-09-01,63.0,observed
300200530_,2025-10-01,61.0,observed
300200530_,2025-11-01,59.0,observed
300200530_,2025-12-01,59.0,observed
300200530_,2026-01-01,59.0,observed
300200530_,2026-02-01,44.0,observed
300200530_,2026-03-01,44.0,observed
300200530_,2026-04-01,44.0,observed
300200530_,2026-05-01,44.0,observed
300200530_,2026-06-01,42.0,observed
300200530_,2026-07-01,42.0,observed
300200530_,2026-08-01,42.0,observed
300200530_,2026-09-01,42.0,observed
300200531_,2024-01-01,79.0,observed
300200531_,2024-02-01,79.0,observed
300200531_,2024-03-01,79.0,observed
300200531_,2024-04-01,72.0,observed
300200531_,2024-05-01,99.0,observed
300200531_,2024-06-01,99.0,observed
300200531_,2024-07-01,89.0,observed
300200531_,2024-08-01,83.0,observed
300200531_,2024-09-01,47.0,observed
300200531_,2024-10-01,37.0,observed
300200531_,2024-11-01,24.0,observed
300200531_,2024-12-01,8.0,observed
300200531_,2025-01-01,55.0,observed
300200531_,2025-02-01,47.0,observed
300200531_,2025-03-01,46.0,observed
300200531_,2025-04-01,105.0,observed
300200531_,2025-05-01,103.0,observed
300200531_,2025-06-01,103.0,observed
300200531_,2025-07-01,83.0,observed
300200531_,2025-08-01,82.0,observed
300200531_,2025-09-01,82.0,observed
300200531_,2025-10-01,82.0,observed
300200531_,2025-11-01,70.0,observed
300200531_,2025-12-01,35.0,observed
300200531_,2026-01-01,31.0,observed
300200531_,2026-02-01,31.0,observed
300200531_,2026-03-01,29.0,observed
300200531_,2026-04-01,15.0,observed
300200531_,2026-05-01,32.0,observed
300200531_,2026-06-01,27.0,observed
300200531_,2026-07-01,25.0,observed
300200531_,2026-08-01,23.0,observed
300200531_,2026-09-01,21.0,observed
300200532_,2024-01-01,15.0,observed
300200532_,2024-02-01,15.0,observed
300200532_,2024-03-01,15.0,observed
300200532_,2024-04-01,15.0,observed
300200532_,2024-05-01,14.0,observed
300200532_,2024-06-01,14.0,observed
300200532_,2024-07-01,14.0,observed
300200532_,2024-08-01,12.0,observed
300200532_,2024-09-01,5.0,observed
300200532_,2024-10-01,5.0,observed
300200532_,2024-11-01,3.0,observed
300200532_,2024-12-01,4.0,observed
300200532_,2025-01-01,9.0,observed
300200532_,2025-02-01,6.0,observed
300200532_,2025-03-01,6.0,observed
300200532_,2025-04-01,5.0,observed
300200532_,2025-05-01,10.0,observed
300200532_,2025-06-01,15.0,observed
300200532_,2025-07-01,15.0,observed
300200532_,2025-08-01,15.0,observed
300200532_,2025-09-01,13.0,observed
300200532_,2025-10-01,10.0,observed
300200532_,2025-11-01,9.0,observed
300200532_,2025-12-01,8.0,observed
300200532_,2026-01-01,8.0,observed
300200532_,2026-02-01,8.0,observed
300200532_,2026-03-01,,blank
300200532_,2026-04-01,5.0,observed
300200532_,2026-05-01,5.0,observed
300200532_,2026-06-01,5.0,observed
300200532_,2026-07-01,5.0,observed
300200532_,2026-08-01,4.0,observed
300200532_,2026-09-01,3.0,observed
300200533_,2024-01-01,14.0,observed
300200533_,2024-02-01,14.0,observed
300200533_,2024-03-01,14.0,observed
300200533_,2024-04-01,34.0,observed
300200533_,2024-05-01,128.0,observed
300200533_,2024-06-01,128.0,observed
300200533_,2024-07-01,106.0,observed
300200533_,2024-08-01,106.0,observed
300200533_,2024-09-01,89.0,observed
300200533_,2024-10-01,89.0,observed
300200533_,2024-11-01,88.0,observed
300200533_,2024-12-01,60.0,observed
300200533_,2025-01-01,59.0,observed
300200533_,2025-02-01,54.0,observed
300200533_,2025-03-01,54.0,observed
300200533_,2025-04-01,58.0,observed
300200533_,2025-05-01,58.0,observed
300200533_,2025-06-01,58.0,observed
300200533_,2025-07-01,56.0,observed
300200533_,2025-08-01,56.0,observed
300200533_,2025-09-01,56.0,observed
300200533_,2025-10-01,54.0,observed
300200533_,2025-11-01,51.0,observed
300200533_,2025-12-01,51.0,observed
300200533_,2026-01-01,51.0,observed
300200533_,2026-02-01,51.0,observed
300200533_,2026-03-01,51.0,observed
300200533_,2026-04-01,48.0,observed
300200533_,2026-05-01,48.0,observed
300200533_,2026-06-01,48.0,observed
300200533_,2026-07-01,48.0,observed
300200533_,2026-08-01,47.0,observed
300200533_,2026-09-01,47.0,observed
300200534_,2024-01-01,16.0,observed
300200534_,2024-02-01,16.0,observed
300200534_,2024-03-01,25.0,observed
300200534_,2024-04-01,24.0,observed
300200534_,2024-05-01,34.0,observed
300200534_,2024-06-01,33.0,observed
300200534_,2024-07-01,25.0,observed
300200534_,2024-08-01,23.0,observed
300200534_,2024-09-01,22.0,observed
300200534_,2024-10-01,21.0,observed
300200534_,2024-11-01,17.0,observed
300200534_,2024-12-01,16.0,observed
300200534_,2025-01-01,16.0,observed
300200534_,2025-02-01,14.0,observed
300200534_,2025-03-01,13.0,observed
300200534_,2025-04-01,22.0,observed
300200534_,2025-05-01,20.0,observed
300200534_,2025-06-01,20.0,observed
300200534_,2025-07-01,20.0,observed
300200534_,2025-08-01,20.0,observed
300200534_,2025-09-01,19.0,observed
300200534_,2025-10-01,19.0,observed
300200534_,2025-11-01,15.0,observed
300200534_,2025-12-01,15.0,observed
300200534_,2026-01-01,15.0,observed
300200534_,2026-02-01,15.0,observed
300200534_,2026-03-01,13.0,observed
300200534_,2026-04-01,8.0,observed
300200534_,2026-05-01,6.0,observed
300200534_,2026-06-01,6.0,observed
300200534_,2026-07-01,6.0,observed
300200534_,2026-08-01,6.0,observed
300200534_,2026-09-01,3.0,observed
300200535_,2024-01-01,4.0,observed
300200535_,2024-02-01,4.0,observed
300200535_,2024-03-01,4.0,observed
300200535_,2024-04-01,4.0,observed
300200535_,2024-05-01,6.0,observed
300200535_,2024-06-01,6.0,observed
300200535_,2024-07-01,4.0,observed
300200535_,2024-08-01,22.0,observed
300200535_,2024-09-01,20.0,observed
300200535_,2024-10-01,20.0,observed
300200535_,2024-11-01,20.0,observed
300200535_,2024-12-01,20.0,observed
300200535_,2025-01-01,19.0,observed
300200535_,2025-02-01,19.0,observed
300200535_,2025-03-01,19.0,observed
300200535_,2025-04-01,18.0,observed
300200535_,2025-05-01,18.0,observed
300200535_,2025-06-01,18.0,observed
300200535_,2025-07-01,18.0,observed
300200535_,2025-08-01,17.0,observed
300200535_,2025-09-01,17.0,observed
300200535_,2025-10-01,2.0,observed
300200535_,2025-11-01,7.0,observed
300200535_,2025-12-01,7.0,observed
300200535_,2026-01-01,7.0,observed
300200535_,2026-02-01,7.0,observed
300200535_,2026-03-01,7.0,observed
300200535_,2026-04-01,7.0,observed
300200535_,2026-05-01,7.0,observed
300200535_,2026-06-01,7.0,observed
300200535_,2026-07-01,7.0,observed
300200535_,2026-08-01,7.0,observed
300200535_,2026-09-01,7.0,observed
300200536_,2024-01-01,7.0,observed
300200536_,2024-02-01,7.0,observed
300200536_,2024-03-01,7.0,observed
300200536_,2024-04-01,241.0,observed
300200536_,2024-05-01,1007.0,observed
300200536_,2024-06-01,890.0,observed
300200536_,2024-07-01,784.0,observed
300200536_,2024-08-01,1285.0,observed
300200536_,2024-09-01,1193.0,observed
300200536_,2024-10-01,1030.0,observed
300200536_,2024-11-01,849.0,observed
300200536_,2024-12-01,726.0,observed
300200536_,2025-01-01,640.0,observed
300200536_,2025-02-01,597.0,observed
300200536_,2025-03-01,526.0,observed
300200536_,2025-04-01,824.0,observed
300200536_,2025-05-01,667.0,observed
300200536_,2025-06-01,650.0,observed
300200536_,2025-07-01,566.0,observed
300200536_,2025-08-01,422.0,observed
300200536_,2025-09-01,401.0,observed
300200536_,2025-10-01,235.0,observed
300200536_,2025-11-01,321.0,observed
300200536_,2025-12-01,426.0,observed
300200536_,2026-01-01,121.0,observed
300200536_,2026-02-01,104.0,observed
300200536_,2026-03-01,291.0,observed
300200536_,2026-04-01,381.0,observed
300200536_,2026-05-01,311.0,observed
300200536_,2026-06-01,338.0,observed
300200536_,2026-07-01,318.0,observed
300200536_,2026-08-01,308.0,observed
300200536_,2026-09-01,263.0,observed
300200537_,2024-01-01,,blank
300200537_,2024-02-01,,blank
300200537_,2024-03-01,,blank
300200537_,2024-04-01,464.0,observed
300200537_,2024-05-01,649.0,observed
300200537_,2024-06-01,593.0,observed
300200537_,2024-07-01,463.0,observed
300200537_,2024-08-01,333.0,observed
300200537_,2024-09-01,267.0,observed
300200537_,2024-10-01,173.0,observed
300200537_,2024-11-01,104.0,observed
300200537_,2024-12-01,289.0,observed
300200537_,2025-01-01,347.0,observed
300200537_,2025-02-01,332.0,observed
300200537_,2025-03-01,317.0,observed
300200537_,2025-04-01,519.0,observed
300200537_,2025-05-01,490.0,observed
300200537_,2025-06-01,467.0,observed
300200537_,2025-07-01,424.0,observed
300200537_,2025-08-01,397.0,observed
300200537_,2025-09-01,395.0,observed
300200537_,2025-10-01,358.0,observed
300200537_,2025-11-01,299.0,observed
300200537_,2025-12-01,249.0,observed
300200537_,2026-01-01,159.0,observed
300200537_,2026-02-01,144.0,observed
300200537_,2026-03-01,102.0,observed
300200537_,2026-04-01,125.0,observed
300200537_,2026-05-01,127.0,observed
300200537_,2026-06-01,121.0,observed
300200537_,2026-07-01,120.0,observed
300200537_,2026-08-01,112.0,observed
300200537_,2026-09-01,90.0,observed
300200538_,2024-01-01,34.0,observed
300200538_,2024-02-01,31.0,observed
300200538_,2024-03-01,31.0,observed
300200538_,2024-04-01,155.0,observed
300200538_,2024-05-01,242.0,observed
300200538_,2024-06-01,214.0,observed
300200538_,2024-07-01,128.0,observed
300200538_,2024-08-01,202.0,observed
300200538_,2024-09-01,142.0,observed
300200538_,2024-10-01,96.0,observed
300200538_,2024-11-01,77.0,observed
300200538_,2024-12-01,124.0,observed
300200538_,2025-01-01,145.0,observed
300200538_,2025-02-01,137.0,observed
300200538_,2025-03-01,132.0,observed
300200538_,2025-04-01,256.0,observed
300200538_,2025-05-01,248.0,observed
300200538_,2025-06-01,212.0,observed
300200538_,2025-07-01,206.0,observed
300200538_,2025-08-01,185.0,observed
300200538_,2025-09-01,176.0,observed
300200538_,2025-10-01,161.0,observed
300200538_,2025-11-01,156.0,observed
300200538_,2025-12-01,132.0,observed
300200538_,2026-01-01,100.0,observed
300200538_,2026-02-01,98.0,observed
300200538_,2026-03-01,85.0,observed
300200538_,2026-04-01,79.0,observed
300200538_,2026-05-01,74.0,observed
300200538_,2026-06-01,53.0,observed
300200538_,2026-07-01,47.0,observed
300200538_,2026-08-01,58.0,observed
300200538_,2026-09-01,46.0,observed
300200539_,2024-01-01,18.0,observed
300200539_,2024-02-01,18.0,observed
300200539_,2024-03-01,18.0,observed
300200539_,2024-04-01,9.0,observed
300200539_,2024-05-01,145.0,observed
300200539_,2024-06-01,133.0,observed
300200539_,2024-07-01,108.0,observed
300200539_,2024-08-01,142.0,observed
300200539_,2024-09-01,124.0,observed
300200539_,2024-10-01,108.0,observed
300200539_,2024-11-01,84.0,observed
300200539_,2024-12-01,62.0,observed
300200539_,2025-01-01,91.0,observed
300200539_,2025-02-01,89.0,observed
300200539_,2025-03-01,86.0,observed
300200539_,2025-04-01,113.0,observed
300200539_,2025-05-01,102.0,observed
300200539_,2025-06-01,101.0,observed
300200539_,2025-07-01,100.0,observed
300200539_,2025-08-01,94.0,observed
300200539_,2025-09-01,85.0,observed
300200539_,2025-10-01,41.0,observed
300200539_,2025-11-01,33.0,observed
300200539_,2025-12-01,45.0,observed
300200539_,2026-01-01,39.0,observed
300200539_,2026-02-01,8.0,observed
300200539_,2026-03-01,9.0,observed
300200539_,2026-04-01,67.0,observed
300200539_,2026-05-01,67.0,observed
300200539_,2026-06-01,8.0,observed
300200539_,2026-07-01,58.0,observed
300200539_,2026-08-01,76.0,observed
300200539_,2026-09-01,70.0,observed
300200540_,2024-01-01,9.0,observed
300200540_,2024-02-01,9.0,observed
300200540_,2024-03-01,13.0,observed
300200540_,2024-04-01,7.0,observed
300200540_,2024-05-01,22.0,observed
300200540_,2024-06-01,17.0,observed
300200540_,2024-07-01,10.0,observed
300200540_,2024-08-01,137.0,observed
300200540_,2024-09-01,127.0,observed
300200540_,2024-10-01,114.0,observed
300200540_,2024-11-01,100.0,observed
300200540_,2024-12-01,95.0,observed
300200540_,2025-01-01,96.0,observed
300200540_,2025-02-01,96.0,observed
300200540_,2025-03-01,96.0,observed
300200540_,2025-04-01,84.0,observed
300200540_,2025-05-01,83.0,observed
300200540_,2025-06-01,83.0,observed
300200540_,2025-07-01,82.0,observed
300200540_,2025-08-01,82.0,observed
300200540_,2025-09-01,82.0,observed
300200540_,2025-10-01,81.0,observed
300200540_,2025-11-01,105.0,observed
300200540_,2025-12-01,105.0,observed
300200540_,2026-01-01,100.0,observed
300200540_,2026-02-01,99.0,observed
300200540_,2026-03-01,99.0,observed
300200540_,2026-04-01,99.0,observed
300200540_,2026-05-01,99.0,observed
300200540_,2026-06-01,99.0,observed
300200540_,2026-07-01,99.0,observed
300200540_,2026-08-01,83.0,observed
300200540_,2026-09-01,82.0,observed
300200541_,2024-01-01,,blank
300200541_,2024-02-01,,blank
300200541_,2024-03-01,15.0,observed
300200541_,2024-04-01,41.0,observed
300200541_,2024-05-01,40.0,observed
300200541_,2024-06-01,32.0,observed
300200541_,2024-07-01,32.0,observed
300200541_,2024-08-01,120.0,observed
300200541_,2024-09-01,95.0,observed
300200541_,2024-10-01,71.0,observed
300200541_,2024-11-01,41.0,observed
300200541_,2024-12-01,46.0,observed
300200541_,2025-01-01,58.0,observed
300200541_,2025-02-01,52.0,observed
300200541_,2025-03-01,52.0,observed
300200541_,2025-04-01,101.0,observed
300200541_,2025-05-01,101.0,observed
300200541_,2025-06-01,101.0,observed
300200541_,2025-07-01,101.0,observed
300200541_,2025-08-01,97.0,observed
300200541_,2025-09-01,97.0,observed
300200541_,2025-10-01,97.0,observed
300200541_,2025-11-01,82.0,observed
300200541_,2025-12-01,64.0,observed
300200541_,2026-01-01,63.0,observed
300200541_,2026-02-01,63.0,observed
300200541_,2026-03-01,63.0,observed
300200541_,2026-04-01,58.0,observed
300200541_,2026-05-01,58.0,observed
300200541_,2026-06-01,58.0,observed
300200541_,2026-07-01,58.0,observed
300200541_,2026-08-01,73.0,observed
300200541_,2026-09-01,73.0,observed
300200542_,2024-01-01,1071.0,observed
300200542_,2024-02-01,350.0,observed
300200542_,2024-03-01,2177.0,observed
300200542_,2024-04-01,1418.0,observed
300200542_,2024-05-01,5596.0,observed
300200542_,2024-06-01,3523.0,observed
300200542_,2024-07-01,2063.0,observed
300200542_,2024-08-01,4915.0,observed
300200542_,2024-09-01,3369.0,observed
300200542_,2024-10-01,3066.0,observed
300200542_,2024-11-01,2791.0,observed
300200542_,2024-12-01,4361.0,observed
300200542_,2025-01-01,4885.0,observed
300200542_,2025-02-01,4521.0,observed
300200542_,2025-03-01,4477.0,observed
300200542_,2025-04-01,4616.0,observed
300200542_,2025-05-01,7663.0,observed
300200542_,2025-06-01,7033.0,observed
300200542_,2025-07-01,6532.0,observed
300200542_,2025-08-01,5600.0,observed
300200542_,2025-09-01,4981.0,observed
300200542_,2025-10-01,4363.0,observed
300200542_,2025-11-01,3615.0,observed
300200542_,2025-12-01,3004.0,observed
300200542_,2026-01-01,2610.0,observed
300200542_,2026-02-01,2418.0,observed
300200542_,2026-03-01,1944.0,observed
300200542_,2026-04-01,2005.0,observed
300200542_,2026-05-01,1697.0,observed
300200542_,2026-06-01,1211.0,observed
300200542_,2026-07-01,926.0,observed
300200542_,2026-08-01,1245.0,observed
300200542_,2026-09-01,890.0,observed
300200624_,2024-01-01,1.0,observed
300200624_,2024-02-01,1.0,observed
300200624_,2024-03-01,161.0,observed
300200624_,2024-04-01,144.0,observed
300200624_,2024-05-01,570.0,observed
300200624_,2024-06-01,520.0,observed
300200624_,2024-07-01,520.0,observed
300200624_,2024-08-01,490.0,observed
300200624_,2024-09-01,436.0,observed
300200624_,2024-10-01,429.0,observed
300200624_,2024-11-01,354.0,observed
300200624_,2024-12-01,350.0,observed
300200624_,2025-01-01,282.0,observed
300200624_,2025-02-01,282.0,observed
300200624_,2025-03-01,266.0,observed
300200624_,2025-04-01,261.0,observed
300200624_,2025-05-01,256.0,observed
300200624_,2025-06-01,250.0,observed
300200624_,2025-07-01,250.0,observed
300200624_,2025-08-01,215.0,observed
300200624_,2025-09-01,215.0,observed
300200624_,2025-10-01,202.0,observed
300200624_,2025-11-01,156.0,observed
300200624_,2025-12-01,110.0,observed
300200624_,2026-01-01,103.0,observed
300200624_,2026-02-01,102.0,observed
300200624_,2026-03-01,102.0,observed
300200624_,2026-04-01,85.0,observed
300200624_,2026-05-01,47.0,observed
300200624_,2026-06-01,43.0,observed
300200624_,2026-07-01,63.0,observed
300200624_,2026-08-01,68.0,observed
300200624_,2026-09-01,56.0,observed
300200704_,2024-01-01,1.0,observed
300200704_,2024-02-01,1.0,observed
300200704_,2024-03-01,1.0,observed
300200704_,2024-04-01,1.0,observed
300200704_,2024-05-01,1.0,observed
300200704_,2024-06-01,354.0,observed
300200704_,2024-07-01,105.0,observed
300200704_,2024-08-01,655.0,observed
300200704_,2024-09-01,430.0,observed
300200704_,2024-10-01,730.0,observed
300200704_,2024-11-01,652.0,observed
300200704_,2024-12-01,557.0,observed
300200704_,2025-01-01,648.0,observed
300200704_,2025-02-01,594.0,observed
300200704_,2025-03-01,493.0,observed
300200704_,2025-04-01,980.0,observed
300200704_,2025-05-01,860.0,observed
300200704_,2025-06-01,749.0,observed
300200704_,2025-07-01,651.0,observed
300200704_,2025-08-01,490.0,observed
300200704_,2025-09-01,438.0,observed
300200704_,2025-10-01,442.0,observed
300200704_,2025-11-01,437.0,observed
300200704_,2025-12-01,452.0,observed
300200704_,2026-01-01,452.0,observed
300200704_,2026-02-01,445.0,observed
300200704_,2026-03-01,445.0,observed
300200704_,2026-04-01,445.0,observed
300200704_,2026-05-01,345.0,observed
300200704_,2026-06-01,344.0,observed
300200704_,2026-07-01,331.0,observed
300200704_,2026-08-01,360.0,observed
300200704_,2026-09-01,356.0,observed
300200543_,2024-01-01,39.0,observed
300200543_,2024-02-01,18.0,observed
300200543_,2024-03-01,232.0,observed
300200543_,2024-04-01,81.0,observed
300200543_,2024-05-01,568.0,observed
300200543_,2024-06-01,370.0,observed
300200543_,2024-07-01,181.0,observed
300200543_,2024-08-01,654.0,observed
300200543_,2024-09-01,391.0,observed
300200543_,2024-10-01,525.0,observed
300200543_,2024-11-01,301.0,observed
300200543_,2024-12-01,691.0,observed
300200543_,2025-01-01,627.0,observed
300200543_,2025-02-01,643.0,observed
300200543_,2025-03-01,595.0,observed
300200543_,2025-04-01,516.0,observed
300200543_,2025-05-01,1012.0,observed
300200543_,2025-06-01,1096.0,observed
300200543_,2025-07-01,1037.0,observed
300200543_,2025-08-01,928.0,observed
300200543_,2025-09-01,863.0,observed
300200543_,2025-10-01,819.0,observed
300200543_,2025-11-01,731.0,observed
300200543_,2025-12-01,701.0,observed
300200543_,2026-01-01,644.0,observed
300200543_,2026-02-01,635.0,observed
300200543_,2026-03-01,597.0,observed
300200543_,2026-04-01,570.0,observed
300200543_,2026-05-01,479.0,observed
300200543_,2026-06-01,429.0,observed
300200543_,2026-07-01,290.0,observed
300200543_,2026-08-01,241.0,observed
300200543_,2026-09-01,169.0,observed
300200544_,2024-01-01,36.0,observed
300200544_,2024-02-01,20.0,observed
300200544_,2024-03-01,40.0,observed
300200544_,2024-04-01,37.0,observed
300200544_,2024-05-01,114.0,observed
300200544_,2024-06-01,114.0,observed
300200544_,2024-07-01,114.0,observed
300200544_,2024-08-01,112.0,observed
300200544_,2024-09-01,100.0,observed
300200544_,2024-10-01,83.0,observed
300200544_,2024-11-01,49.0,observed
300200544_,2024-12-01,44.0,observed
300200544_,2025-01-01,44.0,observed
300200544_,2025-02-01,44.0,observed
300200544_,2025-03-01,36.0,observed
300200544_,2025-04-01,54.0,observed
300200544_,2025-05-01,45.0,observed
300200544_,2025-06-01,42.0,observed
300200544_,2025-07-01,40.0,observed
300200544_,2025-08-01,36.0,observed
300200544_,2025-09-01,25.0,observed
300200544_,2025-10-01,39.0,observed
300200544_,2025-11-01,39.0,observed
300200544_,2025-12-01,31.0,observed
300200544_,2026-01-01,31.0,observed
300200544_,2026-02-01,31.0,observed
300200544_,2026-03-01,31.0,observed
300200544_,2026-04-01,20.0,observed
300200544_,2026-05-01,19.0,observed
300200544_,2026-06-01,19.0,observed
300200544_,2026-07-01,16.0,observed
300200544_,2026-08-01,5.0,observed
300200544_,2026-09-01,15.0,observed
300200545_,2024-01-01,25.0,observed
300200545_,2024-02-01,18.0,observed
300200545_,2024-03-01,235.0,observed
300200545_,2024-04-01,414.0,observed
300200545_,2024-05-01,807.0,observed
300200545_,2024-06-01,661.0,observed
300200545_,2024-07-01,543.0,observed
300200545_,2024-08-01,606.0,observed
300200545_,2024-09-01,563.0,observed
300200545_,2024-10-01,520.0,observed
300200545_,2024-11-01,505.0,observed
300200545_,2024-12-01,480.0,observed
300200545_,2025-01-01,462.0,observed
300200545_,2025-02-01,451.0,observed
300200545_,2025-03-01,422.0,observed
300200545_,2025-04-01,385.0,observed
300200545_,2025-05-01,478.0,observed
300200545_,2025-06-01,478.0,observed
300200545_,2025-07-01,453.0,observed
300200545_,2025-08-01,393.0,observed
300200545_,2025-09-01,358.0,observed
300200545_,2025-10-01,342.0,observed
300200545_,2025-11-01,315.0,observed
300200545_,2025-12-01,304.0,observed
300200545_,2026-01-01,274.0,observed
300200545_,2026-02-01,267.0,observed
300200545_,2026-03-01,249.0,observed
300200545_,2026-04-01,243.0,observed
300200545_,2026-05-01,222.0,observed
300200545_,2026-06-01,209.0,observed
300200545_,2026-07-01,171.0,observed
300200545_,2026-08-01,149.0,observed
300200545_,2026-09-01,123.0,observed
300200593_,2024-01-01,1.0,observed
300200593_,2024-02-01,1.0,observed
300200593_,2024-03-01,1.0,observed
300200593_,2024-04-01,1.0,observed
300200593_,2024-05-01,1.0,observed
300200593_,2024-06-01,198.0,observed
300200593_,2024-07-01,3.0,observed
300200593_,2024-08-01,1246.0,observed
300200593_,2024-09-01,1079.0,observed
300200593_,2024-10-01,747.0,observed
300200593_,2024-11-01,603.0,observed
300200593_,2024-12-01,789.0,observed
300200593_,2025-01-01,778.0,observed
300200593_,2025-02-01,676.0,observed
300200593_,2025-03-01,656.0,observed
300200593_,2025-04-01,1198.0,observed
300200593_,2025-05-01,945.0,observed
300200593_,2025-06-01,847.0,observed
300200593_,2025-07-01,779.0,observed
300200593_,2025-08-01,725.0,observed
300200593_,2025-09-01,664.0,observed
300200593_,2025-10-01,604.0,observed
300200593_,2025-11-01,528.0,observed
300200593_,2025-12-01,412.0,observed
300200593_,2026-01-01,384.0,observed
300200593_,2026-02-01,367.0,observed
300200593_,2026-03-01,321.0,observed
300200593_,2026-04-01,256.0,observed
300200593_,2026-05-01,282.0,observed
300200593_,2026-06-01,250.0,observed
300200593_,2026-07-01,258.0,observed
300200593_,2026-08-01,223.0,observed
300200593_,2026-09-01,142.0,observed
300200546_,2024-01-01,28.0,observed
300200546_,2024-02-01,11.0,observed
300200546_,2024-03-01,18.0,observed
300200546_,2024-04-01,14.0,observed
300200546_,2024-05-01,93.0,observed
300200546_,2024-06-01,93.0,observed
300200546_,2024-07-01,93.0,observed
300200546_,2024-08-01,93.0,observed
300200546_,2024-09-01,92.0,observed
300200546_,2024-10-01,82.0,observed
300200546_,2024-11-01,67.0,observed
300200546_,2024-12-01,66.0,observed
300200546_,2025-01-01,65.0,observed
300200546_,2025-02-01,59.0,observed
300200546_,2025-03-01,59.0,observed
300200546_,2025-04-01,58.0,observed
300200546_,2025-05-01,52.0,observed
300200546_,2025-06-01,43.0,observed
300200546_,2025-07-01,42.0,observed
300200546_,2025-08-01,42.0,observed
300200546_,2025-09-01,38.0,observed
300200546_,2025-10-01,33.0,observed
300200546_,2025-11-01,33.0,observed
300200546_,2025-12-01,14.0,observed
300200546_,2026-01-01,13.0,observed
300200546_,2026-02-01,22.0,observed
300200546_,2026-03-01,22.0,observed
300200546_,2026-04-01,15.0,observed
300200546_,2026-05-01,15.0,observed
300200546_,2026-06-01,15.0,observed
300200546_,2026-07-01,12.0,observed
300200546_,2026-08-01,20.0,observed
300200546_,2026-09-01,20.0,observed
300200547_,2024-01-01,5.0,observed
300200547_,2024-02-01,,blank
300200547_,2024-03-01,19.0,observed
300200547_,2024-04-01,7.0,observed
300200547_,2024-05-01,95.0,observed
300200547_,2024-06-01,79.0,observed
300200547_,2024-07-01,59.0,observed
300200547_,2024-08-01,80.0,observed
300200547_,2024-09-01,60.0,observed
300200547_,2024-10-01,27.0,observed
300200547_,2024-11-01,25.0,observed
300200547_,2024-12-01,75.0,observed
300200547_,2025-01-01,47.0,observed
300200547_,2025-02-01,38.0,observed
300200547_,2025-03-01,57.0,observed
300200547_,2025-04-01,121.0,observed
300200547_,2025-05-01,98.0,observed
300200547_,2025-06-01,92.0,observed
300200547_,2025-07-01,84.0,observed
300200547_,2025-08-01,74.0,observed
300200547_,2025-09-01,65.0,observed
300200547_,2025-10-01,68.0,observed
300200547_,2025-11-01,64.0,observed
300200547_,2025-12-01,53.0,observed
300200547_,2026-01-01,67.0,observed
300200547_,2026-02-01,62.0,observed
300200547_,2026-03-01,57.0,observed
300200547_,2026-04-01,53.0,observed
300200547_,2026-05-01,52.0,observed
300200547_,2026-06-01,38.0,observed
300200547_,2026-07-01,31.0,observed
300200547_,2026-08-01,24.0,observed
300200547_,2026-09-01,14.0,observed
300200548_,2024-01-01,63.0,observed
300200548_,2024-02-01,44.0,observed
300200548_,2024-03-01,161.0,observed
300200548_,2024-04-01,113.0,observed
300200548_,2024-05-01,403.0,observed
300200548_,2024-06-01,346.0,observed
300200548_,2024-07-01,259.0,observed
300200548_,2024-08-01,300.0,observed
300200548_,2024-09-01,206.0,observed
300200548_,2024-10-01,224.0,observed
300200548_,2024-11-01,219.0,observed
300200548_,2024-12-01,212.0,observed
300200548_,2025-01-01,236.0,observed
300200548_,2025-02-01,253.0,observed
300200548_,2025-03-01,231.0,observed
300200548_,2025-04-01,448.0,observed
300200548_,2025-05-01,376.0,observed
300200548_,2025-06-01,331.0,observed
300200548_,2025-07-01,302.0,observed
300200548_,2025-08-01,286.0,observed
300200548_,2025-09-01,253.0,observed
300200548_,2025-10-01,222.0,observed
300200548_,2025-11-01,196.0,observed
300200548_,2025-12-01,179.0,observed
300200548_,2026-01-01,126.0,observed
300200548_,2026-02-01,144.0,observed
300200548_,2026-03-01,131.0,observed
300200548_,2026-04-01,110.0,observed
300200548_,2026-05-01,102.0,observed
300200548_,2026-06-01,146.0,observed
300200548_,2026-07-01,115.0,observed
300200548_,2026-08-01,102.0,observed
300200548_,2026-09-01,81.0,observed
300200549_,2024-01-01,65.0,observed
300200549_,2024-02-01,47.0,observed
300200549_,2024-03-01,176.0,observed
300200549_,2024-04-01,153.0,observed
300200549_,2024-05-01,486.0,observed
300200549_,2024-06-01,421.0,observed
300200549_,2024-07-01,360.0,observed
300200549_,2024-08-01,405.0,observed
300200549_,2024-09-01,317.0,observed
300200549_,2024-10-01,283.0,observed
300200549_,2024-11-01,196.0,observed
300200549_,2024-12-01,198.0,observed
300200549_,2025-01-01,243.0,observed
300200549_,2025-02-01,233.0,observed
300200549_,2025-03-01,183.0,observed
300200549_,2025-04-01,428.0,observed
300200549_,2025-05-01,108.0,observed
300200549_,2025-06-01,84.0,observed
300200549_,2025-07-01,348.0,observed
300200549_,2025-08-01,333.0,observed
300200549_,2025-09-01,293.0,observed
300200549_,2025-10-01,301.0,observed
300200549_,2025-11-01,229.0,observed
300200549_,2025-12-01,311.0,observed
300200549_,2026-01-01,273.0,observed
300200549_,2026-02-01,270.0,observed
300200549_,2026-03-01,257.0,observed
300200549_,2026-04-01,235.0,observed
300200549_,2026-05-01,168.0,observed
300200549_,2026-06-01,191.0,observed
300200549_,2026-07-01,182.0,observed
300200549_,2026-08-01,151.0,observed
300200549_,2026-09-01,113.0,observed
300200550_,2024-01-01,11.0,observed
300200550_,2024-02-01,11.0,observed
300200550_,2024-03-01,21.0,observed
300200550_,2024-04-01,21.0,observed
300200550_,2024-05-01,21.0,observed
300200550_,2024-06-01,21.0,observed
300200550_,2024-07-01,21.0,observed
300200550_,2024-08-01,21.0,observed
300200550_,2024-09-01,20.0,observed
300200550_,2024-10-01,19.0,observed
300200550_,2024-11-01,19.0,observed
300200550_,2024-12-01,19.0,observed
300200550_,2025-01-01,20.0,observed
300200550_,2025-02-01,20.0,observed
300200550_,2025-03-01,20.0,observed
300200550_,2025-04-01,19.0,observed
300200550_,2025-05-01,19.0,observed
300200550_,2025-06-01,19.0,observed
300200550_,2025-07-01,19.0,observed
300200550_,2025-08-01,19.0,observed
300200550_,2025-09-01,19.0,observed
300200550_,2025-10-01,19.0,observed
300200550_,2025-11-01,19.0,observed
300200550_,2025-12-01,18.0,observed
300200550_,2026-01-01,18.0,observed
300200550_,2026-02-01,18.0,observed
300200550_,2026-03-01,18.0,observed
300200550_,2026-04-01,18.0,observed
300200550_,2026-05-01,18.0,observed
300200550_,2026-06-01,18.0,observed
300200550_,2026-07-01,16.0,observed
300200550_,2026-08-01,16.0,observed
300200550_,2026-09-01,14.0,observed
300200551_,2024-01-01,43.0,observed
300200551_,2024-02-01,40.0,observed
300200551_,2024-03-01,53.0,observed
300200551_,2024-04-01,45.0,observed
300200551_,2024-05-01,75.0,observed
300200551_,2024-06-01,63.0,observed
300200551_,2024-07-01,49.0,observed
300200551_,2024-08-01,46.0,observed
300200551_,2024-09-01,28.0,observed
300200551_,2024-10-01,26.0,observed
300200551_,2024-11-01,10.0,observed
300200551_,2024-12-01,21.0,observed
300200551_,2025-01-01,63.0,observed
300200551_,2025-02-01,60.0,observed
300200551_,2025-03-01,54.0,observed
300200551_,2025-04-01,92.0,observed
300200551_,2025-05-01,77.0,observed
300200551_,2025-06-01,70.0,observed
300200551_,2025-07-01,70.0,observed
300200551_,2025-08-01,64.0,observed
300200551_,2025-09-01,58.0,observed
300200551_,2025-10-01,46.0,observed
300200551_,2025-11-01,27.0,observed
300200551_,2025-12-01,47.0,observed
300200551_,2026-01-01,42.0,observed
300200551_,2026-02-01,42.0,observed
300200551_,2026-03-01,42.0,observed
300200551_,2026-04-01,41.0,observed
300200551_,2026-05-01,33.0,observed
300200551_,2026-06-01,26.0,observed
300200551_,2026-07-01,23.0,observed
300200551_,2026-08-01,37.0,observed
300200551_,2026-09-01,34.0,observed
300200773_,2024-01-01,,blank
300200773_,2024-02-01,,blank
300200773_,2024-03-01,,blank
300200773_,2024-04-01,,blank
300200773_,2024-05-01,,blank
300200773_,2024-06-01,95.0,observed
300200773_,2024-07-01,94.0,observed
300200773_,2024-08-01,92.0,observed
300200773_,2024-09-01,48.0,observed
300200773_,2024-10-01,60.0,observed
300200773_,2024-11-01,57.0,observed
300200773_,2024-12-01,53.0,observed
300200773_,2025-01-01,9.0,observed
300200773_,2025-02-01,4.0,observed
300200773_,2025-03-01,50.0,observed
300200773_,2025-04-01,82.0,observed
300200773_,2025-05-01,65.0,observed
300200773_,2025-06-01,63.0,observed
300200773_,2025-07-01,61.0,observed
300200773_,2025-08-01,55.0,observed
300200773_,2025-09-01,45.0,observed
300200773_,2025-10-01,45.0,observed
300200773_,2025-11-01,35.0,observed
300200773_,2025-12-01,45.0,observed
300200773_,2026-01-01,40.0,observed
300200773_,2026-02-01,40.0,observed
300200773_,2026-03-01,34.0,observed
300200773_,2026-04-01,32.0,observed
300200773_,2026-05-01,20.0,observed
300200773_,2026-06-01,15.0,observed
300200773_,2026-07-01,17.0,observed
300200773_,2026-08-01,25.0,observed
300200773_,2026-09-01,24.0,observed
300200552_,2024-01-01,14.0,observed
300200552_,2024-02-01,14.0,observed
300200552_,2024-03-01,33.0,observed
300200552_,2024-04-01,14.0,observed
300200552_,2024-05-01,289.0,observed
300200552_,2024-06-01,286.0,observed
300200552_,2024-07-01,185.0,observed
300200552_,2024-08-01,98.0,observed
300200552_,2024-09-01,147.0,observed
300200552_,2024-10-01,157.0,observed
300200552_,2024-11-01,113.0,observed
300200552_,2024-12-01,157.0,observed
300200552_,2025-01-01,224.0,observed
300200552_,2025-02-01,216.0,observed
300200552_,2025-03-01,164.0,observed
300200552_,2025-04-01,431.0,observed
300200552_,2025-05-01,417.0,observed
300200552_,2025-06-01,396.0,observed
300200552_,2025-07-01,319.0,observed
300200552_,2025-08-01,252.0,observed
300200552_,2025-09-01,183.0,observed
300200552_,2025-10-01,235.0,observed
300200552_,2025-11-01,209.0,observed
300200552_,2025-12-01,199.0,observed
300200552_,2026-01-01,196.0,observed
300200552_,2026-02-01,196.0,observed
300200552_,2026-03-01,189.0,observed
300200552_,2026-04-01,185.0,observed
300200552_,2026-05-01,152.0,observed
300200552_,2026-06-01,118.0,observed
300200552_,2026-07-01,106.0,observed
300200552_,2026-08-01,85.0,observed
300200552_,2026-09-01,115.0,observed
300200553_,2024-01-01,33.0,observed
300200553_,2024-02-01,28.0,observed
300200553_,2024-03-01,189.0,observed
300200553_,2024-04-01,321.0,observed
300200553_,2024-05-01,378.0,observed
300200553_,2024-06-01,234.0,observed
300200553_,2024-07-01,204.0,observed
300200553_,2024-08-01,310.0,observed
300200553_,2024-09-01,243.0,observed
300200553_,2024-10-01,162.0,observed
300200553_,2024-11-01,59.0,observed
300200553_,2024-12-01,221.0,observed
300200553_,2025-01-01,222.0,observed
300200553_,2025-02-01,200.0,observed
300200553_,2025-03-01,159.0,observed
300200553_,2025-04-01,103.0,observed
300200553_,2025-05-01,413.0,observed
300200553_,2025-06-01,292.0,observed
300200553_,2025-07-01,215.0,observed
300200553_,2025-08-01,232.0,observed
300200553_,2025-09-01,134.0,observed
300200553_,2025-10-01,288.0,observed
300200553_,2025-11-01,248.0,observed
300200553_,2025-12-01,267.0,observed
300200553_,2026-01-01,228.0,observed
300200553_,2026-02-01,230.0,observed
300200553_,2026-03-01,187.0,observed
300200553_,2026-04-01,163.0,observed
300200553_,2026-05-01,198.0,observed
300200553_,2026-06-01,157.0,observed
300200553_,2026-07-01,134.0,observed
300200553_,2026-08-01,114.0,observed
300200553_,2026-09-01,82.0,observed
300200554_,2024-01-01,11.0,observed
300200554_,2024-02-01,8.0,observed
300200554_,2024-03-01,7.0,observed
300200554_,2024-04-01,7.0,observed
300200554_,2024-05-01,25.0,observed
300200554_,2024-06-01,22.0,observed
300200554_,2024-07-01,20.0,observed
300200554_,2024-08-01,16.0,observed
300200554_,2024-09-01,8.0,observed
300200554_,2024-10-01,18.0,observed
300200554_,2024-11-01,8.0,observed
300200554_,2024-12-01,15.0,observed
300200554_,2025-01-01,18.0,observed
300200554_,2025-02-01,16.0,observed
300200554_,2025-03-01,13.0,observed
300200554_,2025-04-01,24.0,observed
300200554_,2025-05-01,24.0,observed
300200554_,2025-06-01,24.0,observed
300200554_,2025-07-01,24.0,observed
300200554_,2025-08-01,12.0,observed
300200554_,2025-09-01,19.0,observed
300200554_,2025-10-01,19.0,observed
300200554_,2025-11-01,18.0,observed
300200554_,2025-12-01,18.0,observed
300200554_,2026-01-01,12.0,observed
300200554_,2026-02-01,12.0,observed
300200554_,2026-03-01,12.0,observed
300200554_,2026-04-01,12.0,observed
300200554_,2026-05-01,12.0,observed
300200554_,2026-06-01,12.0,observed
300200554_,2026-07-01,10.0,observed
300200554_,2026-08-01,10.0,observed
300200554_,2026-09-01,7.0,observed
300200555_,2024-01-01,111.0,observed
300200555_,2024-02-01,97.0,observed
300200555_,2024-03-01,35.0,observed
300200555_,2024-04-01,106.0,observed
300200555_,2024-05-01,398.0,observed
300200555_,2024-06-01,312.0,observed
300200555_,2024-07-01,279.0,observed
300200555_,2024-08-01,355.0,observed
300200555_,2024-09-01,351.0,observed
300200555_,2024-10-01,310.0,observed
300200555_,2024-11-01,310.0,observed
300200555_,2024-12-01,310.0,observed
300200555_,2025-01-01,319.0,observed
300200555_,2025-02-01,308.0,observed
300200555_,2025-03-01,306.0,observed
300200555_,2025-04-01,216.0,observed
300200555_,2025-05-01,213.0,observed
300200555_,2025-06-01,210.0,observed
300200555_,2025-07-01,206.0,observed
300200555_,2025-08-01,175.0,observed
300200555_,2025-09-01,175.0,observed
300200555_,2025-10-01,172.0,observed
300200555_,2025-11-01,162.0,observed
300200555_,2025-12-01,162.0,observed
300200555_,2026-01-01,127.0,observed
300200555_,2026-02-01,125.0,observed
300200555_,2026-03-01,125.0,observed
300200555_,2026-04-01,122.0,observed
300200555_,2026-05-01,98.0,observed
300200555_,2026-06-01,67.0,observed
300200555_,2026-07-01,35.0,observed
300200555_,2026-08-01,55.0,observed
300200555_,2026-09-01,44.0,observed
300200556_,2024-01-01,4.0,observed
300200556_,2024-02-01,9.0,observed
300200556_,2024-03-01,55.0,observed
300200556_,2024-04-01,50.0,observed
300200556_,2024-05-01,139.0,observed
300200556_,2024-06-01,120.0,observed
300200556_,2024-07-01,107.0,observed
300200556_,2024-08-01,106.0,observed
300200556_,2024-09-01,52.0,observed
300200556_,2024-10-01,86.0,observed
300200556_,2024-11-01,81.0,observed
300200556_,2024-12-01,88.0,observed
300200556_,2025-01-01,94.0,observed
300200556_,2025-02-01,93.0,observed
300200556_,2025-03-01,84.0,observed
300200556_,2025-04-01,121.0,observed
300200556_,2025-05-01,94.0,observed
300200556_,2025-06-01,94.0,observed
300200556_,2025-07-01,88.0,observed
300200556_,2025-08-01,84.0,observed
300200556_,2025-09-01,84.0,observed
300200556_,2025-10-01,83.0,observed
300200556_,2025-11-01,74.0,observed
300200556_,2025-12-01,73.0,observed
300200556_,2026-01-01,69.0,observed
300200556_,2026-02-01,69.0,observed
300200556_,2026-03-01,69.0,observed
300200556_,2026-04-01,69.0,observed
300200556_,2026-05-01,67.0,observed
300200556_,2026-06-01,66.0,observed
300200556_,2026-07-01,63.0,observed
300200556_,2026-08-01,57.0,observed
300200556_,2026-09-01,52.0,observed
300200557_,2024-01-01,48.0,observed
300200557_,2024-02-01,48.0,observed
300200557_,2024-03-01,48.0,observed
300200557_,2024-04-01,48.0,observed
300200557_,2024-05-01,48.0,observed
300200557_,2024-06-01,43.0,observed
300200557_,2024-07-01,43.0,observed
300200557_,2024-08-01,52.0,observed
300200557_,2024-09-01,51.0,observed
300200557_,2024-10-01,49.0,observed
300200557_,2024-11-01,49.0,observed
300200557_,2024-12-01,49.0,observed
300200557_,2025-01-01,47.0,observed
300200557_,2025-02-01,47.0,observed
300200557_,2025-03-01,47.0,observed
300200557_,2025-04-01,46.0,observed
300200557_,2025-05-01,38.0,observed
300200557_,2025-06-01,38.0,observed
300200557_,2025-07-01,32.0,observed
300200557_,2025-08-01,32.0,observed
300200557_,2025-09-01,31.0,observed
300200557_,2025-10-01,29.0,observed
300200557_,2025-11-01,23.0,observed
300200557_,2025-12-01,17.0,observed
300200557_,2026-01-01,11.0,observed
300200557_,2026-02-01,11.0,observed
300200557_,2026-03-01,11.0,observed
300200557_,2026-04-01,11.0,observed
300200557_,2026-05-01,9.0,observed
300200557_,2026-06-01,8.0,observed
300200557_,2026-07-01,8.0,observed
300200557_,2026-08-01,8.0,observed
300200557_,2026-09-01,8.0,observed
300200558_,2024-01-01,594.0,observed
300200558_,2024-02-01,490.0,observed
300200558_,2024-03-01,1008.0,observed
300200558_,2024-04-01,796.0,observed
300200558_,2024-05-01,2585.0,observed
300200558_,2024-06-01,2054.0,observed
300200558_,2024-07-01,1004.0,observed
300200558_,2024-08-01,908.0,observed
300200558_,2024-09-01,1376.0,observed
300200558_,2024-10-01,1635.0,observed
300200558_,2024-11-01,1328.0,observed
300200558_,2024-12-01,1784.0,observed
300200558_,2025-01-01,2156.0,observed
300200558_,2025-02-01,2137.0,observed
300200558_,2025-03-01,2079.0,observed
300200558_,2025-04-01,2113.0,observed
300200558_,2025-05-01,3667.0,observed
300200558_,2025-06-01,3172.0,observed
300200558_,2025-07-01,3017.0,observed
300200558_,2025-08-01,2235.0,observed
300200558_,2025-09-01,2358.0,observed
300200558_,2025-10-01,2347.0,observed
300200558_,2025-11-01,2050.0,observed
300200558_,2025-12-01,2334.0,observed
300200558_,2026-01-01,1863.0,observed
300200558_,2026-02-01,1706.0,observed
300200558_,2026-03-01,1544.0,observed
300200558_,2026-04-01,1363.0,observed
300200558_,2026-05-01,1444.0,observed
300200558_,2026-06-01,1178.0,observed
300200558_,2026-07-01,719.0,observed
300200558_,2026-08-01,1115.0,observed
300200558_,2026-09-01,757.0,observed
300200559_,2024-01-01,646.0,observed
300200559_,2024-02-01,537.0,observed
300200559_,2024-03-01,501.0,observed
300200559_,2024-04-01,316.0,observed
300200559_,2024-05-01,1580.0,observed
300200559_,2024-06-01,1190.0,observed
300200559_,2024-07-01,796.0,observed
300200559_,2024-08-01,1016.0,observed
300200559_,2024-09-01,667.0,observed
300200559_,2024-10-01,664.0,observed
300200559_,2024-11-01,776.0,observed
300200559_,2024-12-01,1041.0,observed
300200559_,2025-01-01,1194.0,observed
300200559_,2025-02-01,1057.0,observed
300200559_,2025-03-01,1287.0,observed
300200559_,2025-04-01,1304.0,observed
300200559_,2025-05-01,2114.0,observed
300200559_,2025-06-01,1907.0,observed
300200559_,2025-07-01,1786.0,observed
300200559_,2025-08-01,1569.0,observed
300200559_,2025-09-01,1399.0,observed
300200559_,2025-10-01,1177.0,observed
300200559_,2025-11-01,927.0,observed
300200559_,2025-12-01,1048.0,observed
300200559_,2026-01-01,822.0,observed
300200559_,2026-02-01,776.0,observed
300200559_,2026-03-01,659.0,observed
300200559_,2026-04-01,648.0,observed
300200559_,2026-05-01,548.0,observed
300200559_,2026-06-01,546.0,observed
300200559_,2026-07-01,398.0,observed
300200559_,2026-08-01,585.0,observed
300200559_,2026-09-01,350.0,observed
300200560_,2024-01-01,101.0,observed
300200560_,2024-02-01,53.0,observed
300200560_,2024-03-01,224.0,observed
300200560_,2024-04-01,154.0,observed
300200560_,2024-05-01,584.0,observed
300200560_,2024-06-01,418.0,observed
300200560_,2024-07-01,237.0,observed
300200560_,2024-08-01,459.0,observed
300200560_,2024-09-01,311.0,observed
300200560_,2024-10-01,351.0,observed
300200560_,2024-11-01,379.0,observed
300200560_,2024-12-01,523.0,observed
300200560_,2025-01-01,575.0,observed
300200560_,2025-02-01,570.0,observed
300200560_,2025-03-01,550.0,observed
300200560_,2025-04-01,1105.0,observed
300200560_,2025-05-01,940.0,observed
300200560_,2025-06-01,878.0,observed
300200560_,2025-07-01,795.0,observed
300200560_,2025-08-01,705.0,observed
300200560_,2025-09-01,640.0,observed
300200560_,2025-10-01,541.0,observed
300200560_,2025-11-01,465.0,observed
300200560_,2025-12-01,403.0,observed
300200560_,2026-01-01,324.0,observed
300200560_,2026-02-01,317.0,observed
300200560_,2026-03-01,316.0,observed
300200560_,2026-04-01,291.0,observed
300200560_,2026-05-01,230.0,observed
300200560_,2026-06-01,222.0,observed
300200560_,2026-07-01,191.0,observed
300200560_,2026-08-01,153.0,observed
300200560_,2026-09-01,151.0,observed
300200561_,2024-01-01,8.0,observed
300200561_,2024-02-01,1.0,observed
300200561_,2024-03-01,160.0,observed
300200561_,2024-04-01,109.0,observed
300200561_,2024-05-01,319.0,observed
300200561_,2024-06-01,254.0,observed
300200561_,2024-07-01,199.0,observed
300200561_,2024-08-01,281.0,observed
300200561_,2024-09-01,195.0,observed
300200561_,2024-10-01,184.0,observed
300200561_,2024-11-01,193.0,observed
300200561_,2024-12-01,189.0,observed
300200561_,2025-01-01,241.0,observed
300200561_,2025-02-01,211.0,observed
300200561_,2025-03-01,274.0,observed
300200561_,2025-04-01,440.0,observed
300200561_,2025-05-01,283.0,observed
300200561_,2025-06-01,288.0,observed
300200561_,2025-07-01,256.0,observed
300200561_,2025-08-01,308.0,observed
300200561_,2025-09-01,295.0,observed
300200561_,2025-10-01,241.0,observed
300200561_,2025-11-01,212.0,observed
300200561_,2025-12-01,241.0,observed
300200561_,2026-01-01,211.0,observed
300200561_,2026-02-01,209.0,observed
300200561_,2026-03-01,190.0,observed
300200561_,2026-04-01,183.0,observed
300200561_,2026-05-01,157.0,observed
300200561_,2026-06-01,133.0,observed
300200561_,2026-07-01,109.0,observed
300200561_,2026-08-01,84.0,observed
300200561_,2026-09-01,87.0,observed
300200562_,2024-01-01,11.0,observed
300200562_,2024-02-01,11.0,observed
300200562_,2024-03-01,37.0,observed
300200562_,2024-04-01,27.0,observed
300200562_,2024-05-01,88.0,observed
300200562_,2024-06-01,71.0,observed
300200562_,2024-07-01,51.0,observed
300200562_,2024-08-01,182.0,observed
300200562_,2024-09-01,153.0,observed
300200562_,2024-10-01,124.0,observed
300200562_,2024-11-01,102.0,observed
300200562_,2024-12-01,91.0,observed
300200562_,2025-01-01,5.0,observed
300200562_,2025-02-01,103.0,observed
300200562_,2025-03-01,103.0,observed
300200562_,2025-04-01,170.0,observed
300200562_,2025-05-01,167.0,observed
300200562_,2025-06-01,139.0,observed
300200562_,2025-07-01,134.0,observed
300200562_,2025-08-01,127.0,observed
300200562_,2025-09-01,119.0,observed
300200562_,2025-10-01,114.0,observed
300200562_,2025-11-01,112.0,observed
300200562_,2025-12-01,106.0,observed
300200562_,2026-01-01,91.0,observed
300200562_,2026-02-01,91.0,observed
300200562_,2026-03-01,90.0,observed
300200562_,2026-04-01,90.0,observed
300200562_,2026-05-01,90.0,observed
300200562_,2026-06-01,86.0,observed
300200562_,2026-07-01,85.0,observed
300200562_,2026-08-01,87.0,observed
300200562_,2026-09-01,77.0,observed
300200563_,2024-01-01,75.0,observed
300200563_,2024-02-01,46.0,observed
300200563_,2024-03-01,357.0,observed
300200563_,2024-04-01,310.0,observed
300200563_,2024-05-01,431.0,observed
300200563_,2024-06-01,363.0,observed
300200563_,2024-07-01,307.0,observed
300200563_,2024-08-01,361.0,observed
300200563_,2024-09-01,242.0,observed
300200563_,2024-10-01,206.0,observed
300200563_,2024-11-01,205.0,observed
300200563_,2024-12-01,190.0,observed
300200563_,2025-01-01,217.0,observed
300200563_,2025-02-01,222.0,observed
300200563_,2025-03-01,186.0,observed
300200563_,2025-04-01,364.0,observed
300200563_,2025-05-01,206.0,observed
300200563_,2025-06-01,168.0,observed
300200563_,2025-07-01,248.0,observed
300200563_,2025-08-01,276.0,observed
300200563_,2025-09-01,227.0,observed
300200563_,2025-10-01,198.0,observed
300200563_,2025-11-01,168.0,observed
300200563_,2025-12-01,179.0,observed
300200563_,2026-01-01,171.0,observed
300200563_,2026-02-01,167.0,observed
300200563_,2026-03-01,145.0,observed
300200563_,2026-04-01,133.0,observed
300200563_,2026-05-01,128.0,observed
300200563_,2026-06-01,99.0,observed
300200563_,2026-07-01,77.0,observed
300200563_,2026-08-01,63.0,observed
300200563_,2026-09-01,71.0,observed
300200564_,2024-01-01,518.0,observed
300200564_,2024-02-01,379.0,observed
300200564_,2024-03-01,1049.0,observed
300200564_,2024-04-01,841.0,observed
300200564_,2024-05-01,2764.0,observed
300200564_,2024-06-01,2279.0,observed
300200564_,2024-07-01,2126.0,observed
300200564_,2024-08-01,1980.0,observed
300200564_,2024-09-01,1810.0,observed
300200564_,2024-10-01,1674.0,observed
300200564_,2024-11-01,1497.0,observed
300200564_,2024-12-01,1234.0,observed
300200564_,2025-01-01,995.0,observed
300200564_,2025-02-01,924.0,observed
300200564_,2025-03-01,891.0,observed
300200564_,2025-04-01,1517.0,observed
300200564_,2025-05-01,1509.0,observed
300200564_,2025-06-01,1329.0,observed
300200564_,2025-07-01,1044.0,observed
300200564_,2025-08-01,882.0,observed
300200564_,2025-09-01,795.0,observed
300200564_,2025-10-01,615.0,observed
300200564_,2025-11-01,620.0,observed
300200564_,2025-12-01,610.0,observed
300200564_,2026-01-01,540.0,observed
300200564_,2026-02-01,472.0,observed
300200564_,2026-03-01,245.0,observed
300200564_,2026-04-01,433.0,observed
300200564_,2026-05-01,446.0,observed
300200564_,2026-06-01,433.0,observed
300200564_,2026-07-01,413.0,observed
300200564_,2026-08-01,326.0,observed
300200564_,2026-09-01,262.0,observed
300200565_,2024-01-01,,blank
300200565_,2024-02-01,,blank
300200565_,2024-03-01,232.0,observed
300200565_,2024-04-01,207.0,observed
300200565_,2024-05-01,355.0,observed
300200565_,2024-06-01,301.0,observed
300200565_,2024-07-01,319.0,observed
300200565_,2024-08-01,301.0,observed
300200565_,2024-09-01,277.0,observed
300200565_,2024-10-01,288.0,observed
300200565_,2024-11-01,258.0,observed
300200565_,2024-12-01,232.0,observed
300200565_,2025-01-01,198.0,observed
300200565_,2025-02-01,189.0,observed
300200565_,2025-03-01,183.0,observed
300200565_,2025-04-01,198.0,observed
300200565_,2025-05-01,198.0,observed
300200565_,2025-06-01,180.0,observed
300200565_,2025-07-01,165.0,observed
300200565_,2025-08-01,164.0,observed
300200565_,2025-09-01,162.0,observed
300200565_,2025-10-01,158.0,observed
300200565_,2025-11-01,141.0,observed
300200565_,2025-12-01,127.0,observed
300200565_,2026-01-01,118.0,observed
300200565_,2026-02-01,106.0,observed
300200565_,2026-03-01,85.0,observed
300200565_,2026-04-01,74.0,observed
300200565_,2026-05-01,70.0,observed
300200565_,2026-06-01,43.0,observed
300200565_,2026-07-01,37.0,observed
300200565_,2026-08-01,34.0,observed
300200565_,2026-09-01,3.0,observed
300200590_,2024-01-01,2.0,observed
300200590_,2024-02-01,1.0,observed
300200590_,2024-03-01,1.0,observed
300200590_,2024-04-01,1.0,observed
300200590_,2024-05-01,1.0,observed
300200590_,2024-06-01,311.0,observed
300200590_,2024-07-01,293.0,observed
300200590_,2024-08-01,291.0,observed
300200590_,2024-09-01,279.0,observed
300200590_,2024-10-01,218.0,observed
300200590_,2024-11-01,197.0,observed
300200590_,2024-12-01,126.0,observed
300200590_,2025-01-01,146.0,observed
300200590_,2025-02-01,130.0,observed
300200590_,2025-03-01,97.0,observed
300200590_,2025-04-01,195.0,observed
300200590_,2025-05-01,194.0,observed
300200590_,2025-06-01,175.0,observed
300200590_,2025-07-01,171.0,observed
300200590_,2025-08-01,153.0,observed
300200590_,2025-09-01,136.0,observed
300200590_,2025-10-01,91.0,observed
300200590_,2025-11-01,114.0,observed
300200590_,2025-12-01,97.0,observed
300200590_,2026-01-01,78.0,observed
300200590_,2026-02-01,42.0,observed
300200590_,2026-03-01,38.0,observed
300200590_,2026-04-01,23.0,observed
300200590_,2026-05-01,62.0,observed
300200590_,2026-06-01,72.0,observed
300200590_,2026-07-01,61.0,observed
300200590_,2026-08-01,121.0,observed
300200590_,2026-09-01,103.0,observed
300200566_,2024-01-01,5.0,observed
300200566_,2024-02-01,4.0,observed
300200566_,2024-03-01,50.0,observed
300200566_,2024-04-01,22.0,observed
300200566_,2024-05-01,80.0,observed
300200566_,2024-06-01,77.0,observed
300200566_,2024-07-01,75.0,observed
300200566_,2024-08-01,71.0,observed
300200566_,2024-09-01,67.0,observed
300200566_,2024-10-01,71.0,observed
300200566_,2024-11-01,67.0,observed
300200566_,2024-12-01,67.0,observed
300200566_,2025-01-01,87.0,observed
300200566_,2025-02-01,87.0,observed
300200566_,2025-03-01,87.0,observed
300200566_,2025-04-01,86.0,observed
300200566_,2025-05-01,76.0,observed
300200566_,2025-06-01,76.0,observed
300200566_,2025-07-01,76.0,observed
300200566_,2025-08-01,76.0,observed
300200566_,2025-09-01,75.0,observed
300200566_,2025-10-01,75.0,observed
300200566_,2025-11-01,75.0,observed
300200566_,2025-12-01,75.0,observed
300200566_,2026-01-01,75.0,observed
300200566_,2026-02-01,75.0,observed
300200566_,2026-03-01,75.0,observed
300200566_,2026-04-01,75.0,observed
300200566_,2026-05-01,75.0,observed
300200566_,2026-06-01,75.0,observed
300200566_,2026-07-01,75.0,observed
300200566_,2026-08-01,75.0,observed
300200566_,2026-09-01,75.0,observed
300200567_,2024-01-01,22.0,observed
300200567_,2024-02-01,3.0,observed
300200567_,2024-03-01,28.0,observed
300200567_,2024-04-01,14.0,observed
300200567_,2024-05-01,269.0,observed
300200567_,2024-06-01,249.0,observed
300200567_,2024-07-01,243.0,observed
300200567_,2024-08-01,234.0,observed
300200567_,2024-09-01,230.0,observed
300200567_,2024-10-01,225.0,observed
300200567_,2024-11-01,198.0,observed
300200567_,2024-12-01,186.0,observed
300200567_,2025-01-01,184.0,observed
300200567_,2025-02-01,177.0,observed
300200567_,2025-03-01,177.0,observed
300200567_,2025-04-01,170.0,observed
300200567_,2025-05-01,160.0,observed
300200567_,2025-06-01,157.0,observed
300200567_,2025-07-01,148.0,observed
300200567_,2025-08-01,148.0,observed
300200567_,2025-09-01,148.0,observed
300200567_,2025-10-01,140.0,observed
300200567_,2025-11-01,132.0,observed
300200567_,2025-12-01,122.0,observed
300200567_,2026-01-01,118.0,observed
300200567_,2026-02-01,118.0,observed
300200567_,2026-03-01,118.0,observed
300200567_,2026-04-01,110.0,observed
300200567_,2026-05-01,109.0,observed
300200567_,2026-06-01,104.0,observed
300200567_,2026-07-01,104.0,observed
300200567_,2026-08-01,91.0,observed
300200567_,2026-09-01,88.0,observed
300200591_,2024-01-01,31.0,observed
300200591_,2024-02-01,16.0,observed
300200591_,2024-03-01,84.0,observed
300200591_,2024-04-01,74.0,observed
300200591_,2024-05-01,172.0,observed
300200591_,2024-06-01,147.0,observed
300200591_,2024-07-01,138.0,observed
300200591_,2024-08-01,157.0,observed
300200591_,2024-09-01,135.0,observed
300200591_,2024-10-01,138.0,observed
300200591_,2024-11-01,107.0,observed
300200591_,2024-12-01,90.0,observed
300200591_,2025-01-01,82.0,observed
300200591_,2025-02-01,80.0,observed
300200591_,2025-03-01,71.0,observed
300200591_,2025-04-01,109.0,observed
300200591_,2025-05-01,108.0,observed
300200591_,2025-06-01,102.0,observed
300200591_,2025-07-01,94.0,observed
300200591_,2025-08-01,76.0,observed
300200591_,2025-09-01,59.0,observed
300200591_,2025-10-01,32.0,observed
300200591_,2025-11-01,40.0,observed
300200591_,2025-12-01,58.0,observed
300200591_,2026-01-01,58.0,observed
300200591_,2026-02-01,45.0,observed
300200591_,2026-03-01,22.0,observed
300200591_,2026-04-01,38.0,observed
300200591_,2026-05-01,27.0,observed
300200591_,2026-06-01,37.0,observed
300200591_,2026-07-01,33.0,observed
300200591_,2026-08-01,43.0,observed
300200591_,2026-09-01,41.0,observed
300200568_,2024-01-01,28.0,observed
300200568_,2024-02-01,17.0,observed
300200568_,2024-03-01,17.0,observed
300200568_,2024-04-01,15.0,observed
300200568_,2024-05-01,65.0,observed
300200568_,2024-06-01,55.0,observed
300200568_,2024-07-01,35.0,observed
300200568_,2024-08-01,29.0,observed
300200568_,2024-09-01,34.0,observed
300200568_,2024-10-01,51.0,observed
300200568_,2024-11-01,57.0,observed
300200568_,2024-12-01,57.0,observed
300200568_,2025-01-01,67.0,observed
300200568_,2025-02-01,67.0,observed
300200568_,2025-03-01,67.0,observed
300200568_,2025-04-01,66.0,observed
300200568_,2025-05-01,66.0,observed
300200568_,2025-06-01,66.0,observed
300200568_,2025-07-01,66.0,observed
300200568_,2025-08-01,66.0,observed
300200568_,2025-09-01,66.0,observed
300200568_,2025-10-01,66.0,observed
300200568_,2025-11-01,66.0,observed
300200568_,2025-12-01,66.0,observed
300200568_,2026-01-01,65.0,observed
300200568_,2026-02-01,65.0,observed
300200568_,2026-03-01,65.0,observed
300200568_,2026-04-01,65.0,observed
300200568_,2026-05-01,65.0,observed
300200568_,2026-06-01,65.0,observed
300200568_,2026-07-01,65.0,observed
300200568_,2026-08-01,68.0,observed
300200568_,2026-09-01,68.0,observed
300200569_,2024-01-01,2.0,observed
300200569_,2024-02-01,2.0,observed
300200569_,2024-03-01,12.0,observed
300200569_,2024-04-01,2.0,observed
300200569_,2024-05-01,32.0,observed
300200569_,2024-06-01,29.0,observed
300200569_,2024-07-01,27.0,observed
300200569_,2024-08-01,60.0,observed
300200569_,2024-09-01,59.0,observed
300200569_,2024-10-01,54.0,observed
300200569_,2024-11-01,49.0,observed
300200569_,2024-12-01,46.0,observed
300200569_,2025-01-01,52.0,observed
300200569_,2025-02-01,52.0,observed
300200569_,2025-03-01,52.0,observed
300200569_,2025-04-01,51.0,observed
300200569_,2025-05-01,51.0,observed
300200569_,2025-06-01,50.0,observed
300200569_,2025-07-01,49.0,observed
300200569_,2025-08-01,49.0,observed
300200569_,2025-09-01,49.0,observed
300200569_,2025-10-01,49.0,observed
300200569_,2025-11-01,49.0,observed
300200569_,2025-12-01,45.0,observed
300200569_,2026-01-01,41.0,observed
300200569_,2026-02-01,41.0,observed
300200569_,2026-03-01,40.0,observed
300200569_,2026-04-01,40.0,observed
300200569_,2026-05-01,37.0,observed
300200569_,2026-06-01,37.0,observed
300200569_,2026-07-01,37.0,observed
300200569_,2026-08-01,43.0,observed
300200569_,2026-09-01,43.0,observed
300200570_,2024-01-01,30.0,observed
300200570_,2024-02-01,25.0,observed
300200570_,2024-03-01,41.0,observed
300200570_,2024-04-01,27.0,observed
300200570_,2024-05-01,86.0,observed
300200570_,2024-06-01,58.0,observed
300200570_,2024-07-01,53.0,observed
300200570_,2024-08-01,82.0,observed
300200570_,2024-09-01,77.0,observed
300200570_,2024-10-01,74.0,observed
300200570_,2024-11-01,65.0,observed
300200570_,2024-12-01,37.0,observed
300200570_,2025-01-01,58.0,observed
300200570_,2025-02-01,57.0,observed
300200570_,2025-03-01,38.0,observed
300200570_,2025-04-01,46.0,observed
300200570_,2025-05-01,46.0,observed
300200570_,2025-06-01,39.0,observed
300200570_,2025-07-01,38.0,observed
300200570_,2025-08-01,30.0,observed
300200570_,2025-09-01,26.0,observed
300200570_,2025-10-01,25.0,observed
300200570_,2025-11-01,24.0,observed
300200570_,2025-12-01,32.0,observed
300200570_,2026-01-01,31.0,observed
300200570_,2026-02-01,20.0,observed
300200570_,2026-03-01,14.0,observed
300200570_,2026-04-01,22.0,observed
300200570_,2026-05-01,21.0,observed
300200570_,2026-06-01,13.0,observed
300200570_,2026-07-01,12.0,observed
300200570_,2026-08-01,22.0,observed
300200570_,2026-09-01,20.0,observed
300200571_,2024-01-01,15.0,observed
300200571_,2024-02-01,8.0,observed
300200571_,2024-03-01,35.0,observed
300200571_,2024-04-01,15.0,observed
300200571_,2024-05-01,145.0,observed
300200571_,2024-06-01,127.0,observed
300200571_,2024-07-01,117.0,observed
300200571_,2024-08-01,134.0,observed
300200571_,2024-09-01,130.0,observed
300200571_,2024-10-01,113.0,observed
300200571_,2024-11-01,110.0,observed
300200571_,2024-12-01,84.0,observed
300200571_,2025-01-01,93.0,observed
300200571_,2025-02-01,89.0,observed
300200571_,2025-03-01,87.0,observed
300200571_,2025-04-01,86.0,observed
300200571_,2025-05-01,86.0,observed
300200571_,2025-06-01,81.0,observed
300200571_,2025-07-01,75.0,observed
300200571_,2025-08-01,51.0,observed
300200571_,2025-09-01,51.0,observed
300200571_,2025-10-01,50.0,observed
300200571_,2025-11-01,46.0,observed
300200571_,2025-12-01,41.0,observed
300200571_,2026-01-01,39.0,observed
300200571_,2026-02-01,33.0,observed
300200571_,2026-03-01,29.0,observed
300200571_,2026-04-01,26.0,observed
300200571_,2026-05-01,24.0,observed
300200571_,2026-06-01,24.0,observed
300200571_,2026-07-01,24.0,observed
300200571_,2026-08-01,23.0,observed
300200571_,2026-09-01,23.0,observed
300200572_,2024-01-01,4.0,observed
300200572_,2024-02-01,4.0,observed
300200572_,2024-03-01,4.0,observed
300200572_,2024-04-01,4.0,observed
300200572_,2024-05-01,4.0,observed
300200572_,2024-06-01,4.0,observed
300200572_,2024-07-01,4.0,observed
300200572_,2024-08-01,,blank
300200572_,2024-09-01,10.0,observed
300200572_,2024-10-01,10.0,observed
300200572_,2024-11-01,10.0,observed
300200572_,2024-12-01,10.0,observed
300200572_,2025-01-01,10.0,observed
300200572_,2025-02-01,10.0,observed
300200572_,2025-03-01,10.0,observed
300200572_,2025-04-01,9.0,observed
300200572_,2025-05-01,9.0,observed
300200572_,2025-06-01,9.0,observed
300200572_,2025-07-01,9.0,observed
300200572_,2025-08-01,9.0,observed
300200572_,2025-09-01,9.0,observed
300200572_,2025-10-01,9.0,observed
300200572_,2025-11-01,9.0,observed
300200572_,2025-12-01,9.0,observed
300200572_,2026-01-01,9.0,observed
300200572_,2026-02-01,9.0,observed
300200572_,2026-03-01,9.0,observed
300200572_,2026-04-01,9.0,observed
300200572_,2026-05-01,9.0,observed
300200572_,2026-06-01,9.0,observed
300200572_,2026-07-01,9.0,observed
300200572_,2026-08-01,8.0,observed
300200572_,2026-09-01,8.0,observed
300200573_,2024-01-01,55.0,observed
300200573_,2024-02-01,50.0,observed
300200573_,2024-03-01,50.0,observed
300200573_,2024-04-01,40.0,observed
300200573_,2024-05-01,30.0,observed
300200573_,2024-06-01,28.0,observed
300200573_,2024-07-01,26.0,observed
300200573_,2024-08-01,41.0,observed
300200573_,2024-09-01,40.0,observed
300200573_,2024-10-01,39.0,observed
300200573_,2024-11-01,39.0,observed
300200573_,2024-12-01,39.0,observed
300200573_,2025-01-01,63.0,observed
300200573_,2025-02-01,63.0,observed
300200573_,2025-03-01,63.0,observed
300200573_,2025-04-01,62.0,observed
300200573_,2025-05-01,62.0,observed
300200573_,2025-06-01,62.0,observed
300200573_,2025-07-01,62.0,observed
300200573_,2025-08-01,61.0,observed
300200573_,2025-09-01,61.0,observed
300200573_,2025-10-01,60.0,observed
300200573_,2025-11-01,60.0,observed
300200573_,2025-12-01,60.0,observed
300200573_,2026-01-01,61.0,observed
300200573_,2026-02-01,61.0,observed
300200573_,2026-03-01,54.0,observed
300200573_,2026-04-01,54.0,observed
300200573_,2026-05-01,54.0,observed
300200573_,2026-06-01,54.0,observed
300200573_,2026-07-01,54.0,observed
300200573_,2026-08-01,54.0,observed
300200573_,2026-09-01,53.0,observed
300200574_,2024-01-01,2.0,observed
300200574_,2024-02-01,2.0,observed
300200574_,2024-03-01,94.0,observed
300200574_,2024-04-01,70.0,observed
300200574_,2024-05-01,213.0,observed
300200574_,2024-06-01,168.0,observed
300200574_,2024-07-01,177.0,observed
300200574_,2024-08-01,204.0,observed
300200574_,2024-09-01,203.0,observed
300200574_,2024-10-01,231.0,observed
300200574_,2024-11-01,231.0,observed
300200574_,2024-12-01,192.0,observed
300200574_,2025-01-01,203.0,observed
300200574_,2025-02-01,199.0,observed
300200574_,2025-03-01,199.0,observed
300200574_,2025-04-01,196.0,observed
300200574_,2025-05-01,196.0,observed
300200574_,2025-06-01,196.0,observed
300200574_,2025-07-01,191.0,observed
300200574_,2025-08-01,180.0,observed
300200574_,2025-09-01,164.0,observed
300200574_,2025-10-01,162.0,observed
300200574_,2025-11-01,151.0,observed
300200574_,2025-12-01,151.0,observed
300200574_,2026-01-01,131.0,observed
300200574_,2026-02-01,126.0,observed
300200574_,2026-03-01,126.0,observed
300200574_,2026-04-01,126.0,observed
300200574_,2026-05-01,124.0,observed
300200574_,2026-06-01,120.0,observed
300200574_,2026-07-01,120.0,observed
300200574_,2026-08-01,125.0,observed
300200574_,2026-09-01,120.0,observed
300200575_,2024-01-01,53.0,observed
300200575_,2024-02-01,32.0,observed
300200575_,2024-03-01,79.0,observed
300200575_,2024-04-01,79.0,observed
300200575_,2024-05-01,207.0,observed
300200575_,2024-06-01,207.0,observed
300200575_,2024-07-01,207.0,observed
300200575_,2024-08-01,206.0,observed
300200575_,2024-09-01,190.0,observed
300200575_,2024-10-01,188.0,observed
300200575_,2024-11-01,124.0,observed
300200575_,2024-12-01,95.0,observed
300200575_,2025-01-01,51.0,observed
300200575_,2025-02-01,90.0,observed
300200575_,2025-03-01,63.0,observed
300200575_,2025-04-01,58.0,observed
300200575_,2025-05-01,148.0,observed
300200575_,2025-06-01,148.0,observed
300200575_,2025-07-01,147.0,observed
300200575_,2025-08-01,147.0,observed
300200575_,2025-09-01,145.0,observed
300200575_,2025-10-01,133.0,observed
300200575_,2025-11-01,115.0,observed
300200575_,2025-12-01,115.0,observed
300200575_,2026-01-01,113.0,observed
300200575_,2026-02-01,113.0,observed
300200575_,2026-03-01,101.0,observed
300200575_,2026-04-01,74.0,observed
300200575_,2026-05-01,56.0,observed
300200575_,2026-06-01,53.0,observed
300200575_,2026-07-01,48.0,observed
300200575_,2026-08-01,48.0,observed
300200575_,2026-09-01,48.0,observed
300200511_,2024-01-01,16.0,observed
300200511_,2024-02-01,11.0,observed
300200511_,2024-03-01,10.0,observed
300200511_,2024-04-01,,blank
300200511_,2024-05-01,20.0,observed
300200511_,2024-06-01,18.0,observed
300200511_,2024-07-01,18.0,observed
300200511_,2024-08-01,32.0,observed
300200511_,2024-09-01,10.0,observed
300200511_,2024-10-01,20.0,observed
300200511_,2024-11-01,20.0,observed
300200511_,2024-12-01,9.0,observed
300200511_,2025-01-01,46.0,observed
300200511_,2025-02-01,46.0,observed
300200511_,2025-03-01,46.0,observed
300200511_,2025-04-01,45.0,observed
300200511_,2025-05-01,45.0,observed
300200511_,2025-06-01,24.0,observed
300200511_,2025-07-01,24.0,observed
300200511_,2025-08-01,24.0,observed
300200511_,2025-09-01,24.0,observed
300200511_,2025-10-01,24.0,observed
300200511_,2025-11-01,24.0,observed
300200511_,2025-12-01,12.0,observed
300200511_,2026-01-01,12.0,observed
300200511_,2026-02-01,12.0,observed
300200511_,2026-03-01,13.0,observed
300200511_,2026-04-01,12.0,observed
300200511_,2026-05-01,12.0,observed
300200511_,2026-06-01,12.0,observed
300200511_,2026-07-01,12.0,observed
300200511_,2026-08-01,12.0,observed
300200511_,2026-09-01,8.0,observed
300200576_,2024-01-01,80.0,observed
300200576_,2024-02-01,64.0,observed
300200576_,2024-03-01,244.0,observed
300200576_,2024-04-01,227.0,observed
300200576_,2024-05-01,438.0,observed
300200576_,2024-06-01,415.0,observed
300200576_,2024-07-01,385.0,observed
300200576_,2024-08-01,375.0,observed
300200576_,2024-09-01,355.0,observed
300200576_,2024-10-01,369.0,observed
300200576_,2024-11-01,351.0,observed
300200576_,2024-12-01,321.0,observed
300200576_,2025-01-01,319.0,observed
300200576_,2025-02-01,315.0,observed
300200576_,2025-03-01,235.0,observed
300200576_,2025-04-01,232.0,observed
300200576_,2025-05-01,232.0,observed
300200576_,2025-06-01,210.0,observed
300200576_,2025-07-01,208.0,observed
300200576_,2025-08-01,208.0,observed
300200576_,2025-09-01,207.0,observed
300200576_,2025-10-01,207.0,observed
300200576_,2025-11-01,198.0,observed
300200576_,2025-12-01,167.0,observed
300200576_,2026-01-01,166.0,observed
300200576_,2026-02-01,160.0,observed
300200576_,2026-03-01,158.0,observed
300200576_,2026-04-01,110.0,observed
300200576_,2026-05-01,109.0,observed
300200576_,2026-06-01,105.0,observed
300200576_,2026-07-01,95.0,observed
300200576_,2026-08-01,95.0,observed
300200576_,2026-09-01,65.0,observed
300200776_,2024-01-01,,blank
300200776_,2024-02-01,,blank
300200776_,2024-03-01,,blank
300200776_,2024-04-01,,blank
300200776_,2024-05-01,,blank
300200776_,2024-06-01,220.0,observed
300200776_,2024-07-01,217.0,observed
300200776_,2024-08-01,221.0,observed
300200776_,2024-09-01,220.0,observed
300200776_,2024-10-01,185.0,observed
300200776_,2024-11-01,187.0,observed
300200776_,2024-12-01,78.0,observed
300200776_,2025-01-01,124.0,observed
300200776_,2025-02-01,114.0,observed
300200776_,2025-03-01,114.0,observed
300200776_,2025-04-01,163.0,observed
300200776_,2025-05-01,163.0,observed
300200776_,2025-06-01,163.0,observed
300200776_,2025-07-01,163.0,observed
300200776_,2025-08-01,163.0,observed
300200776_,2025-09-01,161.0,observed
300200776_,2025-10-01,157.0,observed
300200776_,2025-11-01,157.0,observed
300200776_,2025-12-01,157.0,observed
300200776_,2026-01-01,153.0,observed
300200776_,2026-02-01,153.0,observed
300200776_,2026-03-01,153.0,observed
300200776_,2026-04-01,153.0,observed
300200776_,2026-05-01,152.0,observed
300200776_,2026-06-01,149.0,observed
300200776_,2026-07-01,149.0,observed
300200776_,2026-08-01,159.0,observed
300200776_,2026-09-01,154.0,observed
300200577_,2024-01-01,34.0,observed
300200577_,2024-02-01,29.0,observed
300200577_,2024-03-01,29.0,observed
300200577_,2024-04-01,21.0,observed
300200577_,2024-05-01,21.0,observed
300200577_,2024-06-01,21.0,observed
300200577_,2024-07-01,27.0,observed
300200577_,2024-08-01,36.0,observed
300200577_,2024-09-01,35.0,observed
300200577_,2024-10-01,34.0,observed
300200577_,2024-11-01,31.0,observed
300200577_,2024-12-01,27.0,observed
300200577_,2025-01-01,44.0,observed
300200577_,2025-02-01,44.0,observed
300200577_,2025-03-01,44.0,observed
300200577_,2025-04-01,43.0,observed
300200577_,2025-05-01,43.0,observed
300200577_,2025-06-01,43.0,observed
300200577_,2025-07-01,42.0,observed
300200577_,2025-08-01,40.0,observed
300200577_,2025-09-01,40.0,observed
300200577_,2025-10-01,40.0,observed
300200577_,2025-11-01,40.0,observed
300200577_,2025-12-01,39.0,observed
300200577_,2026-01-01,39.0,observed
300200577_,2026-02-01,39.0,observed
300200577_,2026-03-01,39.0,observed
300200577_,2026-04-01,39.0,observed
300200577_,2026-05-01,39.0,observed
300200577_,2026-06-01,39.0,observed
300200577_,2026-07-01,39.0,observed
300200577_,2026-08-01,39.0,observed
300200577_,2026-09-01,39.0,observed
300200579_,2024-01-01,298.0,observed
300200579_,2024-02-01,203.0,observed
300200579_,2024-03-01,362.0,observed
300200579_,2024-04-01,299.0,observed
300200579_,2024-05-01,1249.0,observed
300200579_,2024-06-01,1064.0,observed
300200579_,2024-07-01,1042.0,observed
300200579_,2024-08-01,981.0,observed
300200579_,2024-09-01,898.0,observed
300200579_,2024-10-01,772.0,observed
300200579_,2024-11-01,670.0,observed
300200579_,2024-12-01,484.0,observed
300200579_,2025-01-01,521.0,observed
300200579_,2025-02-01,506.0,observed
300200579_,2025-03-01,506.0,observed
300200579_,2025-04-01,666.0,observed
300200579_,2025-05-01,654.0,observed
300200579_,2025-06-01,551.0,observed
300200579_,2025-07-01,516.0,observed
300200579_,2025-08-01,439.0,observed
300200579_,2025-09-01,358.0,observed
300200579_,2025-10-01,273.0,observed
300200579_,2025-11-01,257.0,observed
300200579_,2025-12-01,237.0,observed
300200579_,2026-01-01,206.0,observed
300200579_,2026-02-01,133.0,observed
300200579_,2026-03-01,57.0,observed
300200579_,2026-04-01,265.0,observed
300200579_,2026-05-01,246.0,observed
300200579_,2026-06-01,243.0,observed
300200579_,2026-07-01,240.0,observed
300200579_,2026-08-01,197.0,observed
300200579_,2026-09-01,123.0,observed
300200580_,2024-01-01,252.0,observed
300200580_,2024-02-01,236.0,observed
300200580_,2024-03-01,339.0,observed
300200580_,2024-04-01,295.0,observed
300200580_,2024-05-01,640.0,observed
300200580_,2024-06-01,497.0,observed
300200580_,2024-07-01,477.0,observed
300200580_,2024-08-01,532.0,observed
300200580_,2024-09-01,494.0,observed
300200580_,2024-10-01,453.0,observed
300200580_,2024-11-01,405.0,observed
300200580_,2024-12-01,342.0,observed
300200580_,2025-01-01,311.0,observed
300200580_,2025-02-01,293.0,observed
300200580_,2025-03-01,284.0,observed
300200580_,2025-04-01,343.0,observed
300200580_,2025-05-01,340.0,observed
300200580_,2025-06-01,307.0,observed
300200580_,2025-07-01,280.0,observed
300200580_,2025-08-01,240.0,observed
300200580_,2025-09-01,227.0,observed
300200580_,2025-10-01,197.0,observed
300200580_,2025-11-01,183.0,observed
300200580_,2025-12-01,155.0,observed
300200580_,2026-01-01,116.0,observed
300200580_,2026-02-01,79.0,observed
300200580_,2026-03-01,31.0,observed
300200580_,2026-04-01,67.0,observed
300200580_,2026-05-01,103.0,observed
300200580_,2026-06-01,103.0,observed
300200580_,2026-07-01,80.0,observed
300200580_,2026-08-01,83.0,observed
300200580_,2026-09-01,80.0,observed
300200581_,2024-01-01,55.0,observed
300200581_,2024-02-01,38.0,observed
300200581_,2024-03-01,87.0,observed
300200581_,2024-04-01,69.0,observed
300200581_,2024-05-01,214.0,observed
300200581_,2024-06-01,189.0,observed
300200581_,2024-07-01,175.0,observed
300200581_,2024-08-01,165.0,observed
300200581_,2024-09-01,145.0,observed
300200581_,2024-10-01,124.0,observed
300200581_,2024-11-01,95.0,observed
300200581_,2024-12-01,88.0,observed
300200581_,2025-01-01,139.0,observed
300200581_,2025-02-01,122.0,observed
300200581_,2025-03-01,83.0,observed
300200581_,2025-04-01,219.0,observed
300200581_,2025-05-01,217.0,observed
300200581_,2025-06-01,204.0,observed
300200581_,2025-07-01,140.0,observed
300200581_,2025-08-01,129.0,observed
300200581_,2025-09-01,126.0,observed
300200581_,2025-10-01,113.0,observed
300200581_,2025-11-01,108.0,observed
300200581_,2025-12-01,99.0,observed
300200581_,2026-01-01,94.0,observed
300200581_,2026-02-01,82.0,observed
300200581_,2026-03-01,57.0,observed
300200581_,2026-04-01,56.0,observed
300200581_,2026-05-01,44.0,observed
300200581_,2026-06-01,53.0,observed
300200581_,2026-07-01,52.0,observed
300200581_,2026-08-01,41.0,observed
300200581_,2026-09-01,41.0,observed
300200582_,2024-01-01,13.0,observed
300200582_,2024-02-01,12.0,observed
300200582_,2024-03-01,21.0,observed
300200582_,2024-04-01,9.0,observed
300200582_,2024-05-01,79.0,observed
300200582_,2024-06-01,64.0,observed
300200582_,2024-07-01,81.0,observed
300200582_,2024-08-01,118.0,observed
300200582_,2024-09-01,116.0,observed
300200582_,2024-10-01,83.0,observed
300200582_,2024-11-01,71.0,observed
300200582_,2024-12-01,53.0,observed
300200582_,2025-01-01,94.0,observed
300200582_,2025-02-01,89.0,observed
300200582_,2025-03-01,89.0,observed
300200582_,2025-04-01,86.0,observed
300200582_,2025-05-01,86.0,observed
300200582_,2025-06-01,74.0,observed
300200582_,2025-07-01,72.0,observed
300200582_,2025-08-01,67.0,observed
300200582_,2025-09-01,62.0,observed
300200582_,2025-10-01,53.0,observed
300200582_,2025-11-01,52.0,observed
300200582_,2025-12-01,43.0,observed
300200582_,2026-01-01,38.0,observed
300200582_,2026-02-01,25.0,observed
300200582_,2026-03-01,12.0,observed
300200582_,2026-04-01,23.0,observed
300200582_,2026-05-01,21.0,observed
300200582_,2026-06-01,20.0,observed
300200582_,2026-07-01,19.0,observed
300200582_,2026-08-01,24.0,observed
300200582_,2026-09-01,23.0,observed
300200583_,2024-01-01,18.0,observed
300200583_,2024-02-01,12.0,observed
300200583_,2024-03-01,12.0,observed
300200583_,2024-04-01,11.0,observed
300200583_,2024-05-01,15.0,observed
300200583_,2024-06-01,,blank
300200583_,2024-07-01,8.0,observed
300200583_,2024-08-01,59.0,observed
300200583_,2024-09-01,53.0,observed
300200583_,2024-10-01,42.0,observed
300200583_,2024-11-01,41.0,observed
300200583_,2024-12-01,34.0,observed
300200583_,2025-01-01,49.0,observed
300200583_,2025-02-01,49.0,observed
300200583_,2025-03-01,49.0,observed
300200583_,2025-04-01,48.0,observed
300200583_,2025-05-01,48.0,observed
300200583_,2025-06-01,46.0,observed
300200583_,2025-07-01,46.0,observed
300200583_,2025-08-01,46.0,observed
300200583_,2025-09-01,46.0,observed
300200583_,2025-10-01,43.0,observed
300200583_,2025-11-01,43.0,observed
300200583_,2025-12-01,42.0,observed
300200583_,2026-01-01,37.0,observed
300200583_,2026-02-01,37.0,observed
300200583_,2026-03-01,36.0,observed
300200583_,2026-04-01,34.0,observed
300200583_,2026-05-01,33.0,observed
300200583_,2026-06-01,32.0,observed
300200583_,2026-07-01,30.0,observed
300200583_,2026-08-01,41.0,observed
300200583_,2026-09-01,41.0,observed
300200584_,2024-01-01,61.0,observed
300200584_,2024-02-01,45.0,observed
300200584_,2024-03-01,44.0,observed
300200584_,2024-04-01,33.0,observed
300200584_,2024-05-01,91.0,observed
300200584_,2024-06-01,82.0,observed
300200584_,2024-07-01,78.0,observed
300200584_,2024-08-01,99.0,observed
300200584_,2024-09-01,97.0,observed
300200584_,2024-10-01,101.0,observed
300200584_,2024-11-01,98.0,observed
300200584_,2024-12-01,80.0,observed
300200584_,2025-01-01,101.0,observed
300200584_,2025-02-01,101.0,observed
300200584_,2025-03-01,100.0,observed
300200584_,2025-04-01,95.0,observed
300200584_,2025-05-01,95.0,observed
300200584_,2025-06-01,91.0,observed
300200584_,2025-07-01,91.0,observed
300200584_,2025-08-01,86.0,observed
300200584_,2025-09-01,86.0,observed
300200584_,2025-10-01,81.0,observed
300200584_,2025-11-01,81.0,observed
300200584_,2025-12-01,73.0,observed
300200584_,2026-01-01,73.0,observed
300200584_,2026-02-01,73.0,observed
300200584_,2026-03-01,71.0,observed
300200584_,2026-04-01,62.0,observed
300200584_,2026-05-01,55.0,observed
300200584_,2026-06-01,55.0,observed
300200584_,2026-07-01,54.0,observed
300200584_,2026-08-01,62.0,observed
300200584_,2026-09-01,59.0,observed
300200343_,2024-01-01,2202.0,observed
300200343_,2024-02-01,555.0,observed
300200343_,2024-03-01,7.0,observed
300200343_,2024-04-01,11810.0,observed
300200343_,2024-05-01,27768.0,observed
300200343_,2024-06-01,23168.0,observed
300200343_,2024-07-01,16944.0,observed
300200343_,2024-08-01,25764.0,observed
300200343_,2024-09-01,21183.0,observed
300200343_,2024-10-01,17358.0,observed
300200343_,2024-11-01,14160.0,observed
300200343_,2024-12-01,15686.0,observed
300200343_,2025-01-01,19234.0,observed
300200343_,2025-02-01,16295.0,observed
300200343_,2025-03-01,14277.0,observed
300200343_,2025-04-01,17826.0,observed
300200343_,2025-05-01,25799.0,observed
300200343_,2025-06-01,23870.0,observed
300200343_,2025-07-01,21930.0,observed
300200343_,2025-08-01,20161.0,observed
300200343_,2025-09-01,17518.0,observed
300200343_,2025-10-01,14890.0,observed
300200343_,2025-11-01,13367.0,observed
300200343_,2025-12-01,11665.0,observed
300200343_,2026-01-01,9648.0,observed
300200343_,2026-02-01,8422.0,observed
300200343_,2026-03-01,6801.0,observed
300200343_,2026-04-01,5683.0,observed
300200343_,2026-05-01,5928.0,observed
300200343_,2026-06-01,4219.0,observed
300200343_,2026-07-01,3208.0,observed
300200343_,2026-08-01,4302.0,observed
300200343_,2026-09-01,3776.0,observed
020100163_,2024-01-01,5.0,observed
020100163_,2024-02-01,4.0,observed
020100163_,2024-03-01,889.0,observed
020100163_,2024-04-01,677.0,observed
020100163_,2024-05-01,1791.0,observed
020100163_,2024-06-01,1536.0,observed
020100163_,2024-07-01,1023.0,observed
020100163_,2024-08-01,1433.0,observed
020100163_,2024-09-01,1173.0,observed
020100163_,2024-10-01,1058.0,observed
020100163_,2024-11-01,888.0,observed
020100163_,2024-12-01,1174.0,observed
020100163_,2025-01-01,1482.0,observed
020100163_,2025-02-01,1358.0,observed
020100163_,2025-03-01,1221.0,observed
020100163_,2025-04-01,1572.0,observed
020100163_,2025-05-01,1807.0,observed
020100163_,2025-06-01,1786.0,observed
020100163_,2025-07-01,1671.0,observed
020100163_,2025-08-01,1555.0,observed
020100163_,2025-09-01,1324.0,observed
020100163_,2025-10-01,1278.0,observed
020100163_,2025-11-01,1244.0,observed
020100163_,2025-12-01,1187.0,observed
020100163_,2026-01-01,1130.0,observed
020100163_,2026-02-01,1099.0,observed
020100163_,2026-03-01,1040.0,observed
020100163_,2026-04-01,929.0,observed
020100163_,2026-05-01,908.0,observed
020100163_,2026-06-01,897.0,observed
020100163_,2026-07-01,849.0,observed
020100163_,2026-08-01,559.0,observed
020100163_,2026-09-01,429.0,observed
300200459_,2024-01-01,210.0,observed
300200459_,2024-02-01,4.0,observed
300200459_,2024-03-01,4.0,observed
300200459_,2024-04-01,1315.0,observed
300200459_,2024-05-01,2498.0,observed
300200459_,2024-06-01,2057.0,observed
300200459_,2024-07-01,1892.0,observed
300200459_,2024-08-01,1831.0,observed
300200459_,2024-09-01,1660.0,observed
300200459_,2024-10-01,1490.0,observed
300200459_,2024-11-01,1344.0,observed
300200459_,2024-12-01,1227.0,observed
300200459_,2025-01-01,1173.0,observed
300200459_,2025-02-01,1088.0,observed
300200459_,2025-03-01,920.0,observed
300200459_,2025-04-01,1298.0,observed
300200459_,2025-05-01,1224.0,observed
300200459_,2025-06-01,1176.0,observed
300200459_,2025-07-01,1093.0,observed
300200459_,2025-08-01,879.0,observed
300200459_,2025-09-01,782.0,observed
300200459_,2025-10-01,627.0,observed
300200459_,2025-11-01,566.0,observed
300200459_,2025-12-01,489.0,observed
300200459_,2026-01-01,396.0,observed
300200459_,2026-02-01,381.0,observed
300200459_,2026-03-01,313.0,observed
300200459_,2026-04-01,322.0,observed
300200459_,2026-05-01,350.0,observed
300200459_,2026-06-01,227.0,observed
300200459_,2026-07-01,258.0,observed
300200459_,2026-08-01,279.0,observed
300200459_,2026-09-01,293.0,observed
020100158_,2024-01-01,71.0,observed
020100158_,2024-02-01,5.0,observed
020100158_,2024-03-01,1086.0,observed
020100158_,2024-04-01,575.0,observed
020100158_,2024-05-01,3104.0,observed
020100158_,2024-06-01,2480.0,observed
020100158_,2024-07-01,1477.0,observed
020100158_,2024-08-01,2834.0,observed
020100158_,2024-09-01,2213.0,observed
020100158_,2024-10-01,1732.0,observed
020100158_,2024-11-01,2015.0,observed
020100158_,2024-12-01,2278.0,observed
020100158_,2025-01-01,3153.0,observed
020100158_,2025-02-01,2689.0,observed
020100158_,2025-03-01,2301.0,observed
020100158_,2025-04-01,2959.0,observed
020100158_,2025-05-01,3989.0,observed
020100158_,2025-06-01,3659.0,observed
020100158_,2025-07-01,3218.0,observed
020100158_,2025-08-01,2926.0,observed
020100158_,2025-09-01,2450.0,observed
020100158_,2025-10-01,2072.0,observed
020100158_,2025-11-01,1864.0,observed
020100158_,2025-12-01,1493.0,observed
020100158_,2026-01-01,1253.0,observed
020100158_,2026-02-01,1074.0,observed
020100158_,2026-03-01,1137.0,observed
020100158_,2026-04-01,928.0,observed
020100158_,2026-05-01,1174.0,observed
020100158_,2026-06-01,844.0,observed
020100158_,2026-07-01,636.0,observed
020100158_,2026-08-01,533.0,observed
020100158_,2026-09-01,536.0,observed
020100159_,2024-01-01,12.0,observed
020100159_,2024-02-01,8.0,observed
020100159_,2024-03-01,59.0,observed
020100159_,2024-04-01,9.0,observed
020100159_,2024-05-01,362.0,observed
020100159_,2024-06-01,321.0,observed
020100159_,2024-07-01,315.0,observed
020100159_,2024-08-01,365.0,observed
020100159_,2024-09-01,331.0,observed
020100159_,2024-10-01,297.0,observed
020100159_,2024-11-01,299.0,observed
020100159_,2024-12-01,274.0,observed
020100159_,2025-01-01,265.0,observed
020100159_,2025-02-01,247.0,observed
020100159_,2025-03-01,97.0,observed
020100159_,2025-04-01,260.0,observed
020100159_,2025-05-01,221.0,observed
020100159_,2025-06-01,207.0,observed
020100159_,2025-07-01,173.0,observed
020100159_,2025-08-01,159.0,observed
020100159_,2025-09-01,156.0,observed
020100159_,2025-10-01,146.0,observed
020100159_,2025-11-01,140.0,observed
020100159_,2025-12-01,145.0,observed
020100159_,2026-01-01,123.0,observed
020100159_,2026-02-01,123.0,observed
020100159_,2026-03-01,123.0,observed
020100159_,2026-04-01,119.0,observed
020100159_,2026-05-01,119.0,observed
020100159_,2026-06-01,148.0,observed
020100159_,2026-07-01,139.0,observed
020100159_,2026-08-01,143.0,observed
020100159_,2026-09-01,143.0,observed
300200460_,2024-01-01,1186.0,observed
300200460_,2024-02-01,986.0,observed
300200460_,2024-03-01,887.0,observed
300200460_,2024-04-01,777.0,observed
300200460_,2024-05-01,2092.0,observed
300200460_,2024-06-01,1882.0,observed
300200460_,2024-07-01,1759.0,observed
300200460_,2024-08-01,1579.0,observed
300200460_,2024-09-01,1433.0,observed
300200460_,2024-10-01,1345.0,observed
300200460_,2024-11-01,1288.0,observed
300200460_,2024-12-01,1200.0,observed
300200460_,2025-01-01,1197.0,observed
300200460_,2025-02-01,1107.0,observed
300200460_,2025-03-01,977.0,observed
300200460_,2025-04-01,924.0,observed
300200460_,2025-05-01,884.0,observed
300200460_,2025-06-01,834.0,observed
300200460_,2025-07-01,711.0,observed
300200460_,2025-08-01,637.0,observed
300200460_,2025-09-01,594.0,observed
300200460_,2025-10-01,433.0,observed
300200460_,2025-11-01,391.0,observed
300200460_,2025-12-01,339.0,observed
300200460_,2026-01-01,273.0,observed
300200460_,2026-02-01,268.0,observed
300200460_,2026-03-01,203.0,observed
300200460_,2026-04-01,217.0,observed
300200460_,2026-05-01,253.0,observed
300200460_,2026-06-01,220.0,observed
300200460_,2026-07-01,195.0,observed
300200460_,2026-08-01,168.0,observed
300200460_,2026-09-01,182.0,observed
020100160_,2024-01-01,6.0,observed
020100160_,2024-02-01,6.0,observed
020100160_,2024-03-01,6.0,observed
020100160_,2024-04-01,408.0,observed
020100160_,2024-05-01,1566.0,observed
020100160_,2024-06-01,1096.0,observed
020100160_,2024-07-01,329.0,observed
020100160_,2024-08-01,1405.0,observed
020100160_,2024-09-01,1275.0,observed
020100160_,2024-10-01,1369.0,observed
020100160_,2024-11-01,1346.0,observed
020100160_,2024-12-01,1528.0,observed
020100160_,2025-01-01,2275.0,observed
020100160_,2025-02-01,1970.0,observed
020100160_,2025-03-01,1719.0,observed
020100160_,2025-04-01,2181.0,observed
020100160_,2025-05-01,3107.0,observed
020100160_,2025-06-01,2924.0,observed
020100160_,2025-07-01,2631.0,observed
020100160_,2025-08-01,2487.0,observed
020100160_,2025-09-01,2126.0,observed
020100160_,2025-10-01,1894.0,observed
020100160_,2025-11-01,1709.0,observed
020100160_,2025-12-01,1533.0,observed
020100160_,2026-01-01,1274.0,observed
020100160_,2026-02-01,1134.0,observed
020100160_,2026-03-01,989.0,observed
020100160_,2026-04-01,833.0,observed
020100160_,2026-05-01,763.0,observed
020100160_,2026-06-01,560.0,observed
020100160_,2026-07-01,451.0,observed
020100160_,2026-08-01,363.0,observed
020100160_,2026-09-01,417.0,observed
020100161_,2024-01-01,44.0,observed
020100161_,2024-02-01,9.0,observed
020100161_,2024-03-01,3.0,observed
020100161_,2024-04-01,32.0,observed
020100161_,2024-05-01,302.0,observed
020100161_,2024-06-01,279.0,observed
020100161_,2024-07-01,249.0,observed
020100161_,2024-08-01,281.0,observed
020100161_,2024-09-01,276.0,observed
020100161_,2024-10-01,250.0,observed
020100161_,2024-11-01,257.0,observed
020100161_,2024-12-01,212.0,observed
020100161_,2025-01-01,215.0,observed
020100161_,2025-02-01,202.0,observed
020100161_,2025-03-01,172.0,observed
020100161_,2025-04-01,166.0,observed
020100161_,2025-05-01,128.0,observed
020100161_,2025-06-01,126.0,observed
020100161_,2025-07-01,114.0,observed
020100161_,2025-08-01,80.0,observed
020100161_,2025-09-01,80.0,observed
020100161_,2025-10-01,73.0,observed
020100161_,2025-11-01,73.0,observed
020100161_,2025-12-01,73.0,observed
020100161_,2026-01-01,58.0,observed
020100161_,2026-02-01,58.0,observed
020100161_,2026-03-01,58.0,observed
020100161_,2026-04-01,57.0,observed
020100161_,2026-05-01,57.0,observed
020100161_,2026-06-01,57.0,observed
020100161_,2026-07-01,51.0,observed
020100161_,2026-08-01,57.0,observed
020100161_,2026-09-01,47.0,observed
300200461_,2024-01-01,,blank
300200461_,2024-02-01,,blank
300200461_,2024-03-01,174.0,observed
300200461_,2024-04-01,310.0,observed
300200461_,2024-05-01,304.0,observed
300200461_,2024-06-01,266.0,observed
300200461_,2024-07-01,231.0,observed
300200461_,2024-08-01,239.0,observed
300200461_,2024-09-01,167.0,observed
300200461_,2024-10-01,73.0,observed
300200461_,2024-11-01,89.0,observed
300200461_,2024-12-01,194.0,observed
300200461_,2025-01-01,255.0,observed
300200461_,2025-02-01,224.0,observed
300200461_,2025-03-01,189.0,observed
300200461_,2025-04-01,328.0,observed
300200461_,2025-05-01,297.0,observed
300200461_,2025-06-01,267.0,observed
300200461_,2025-07-01,240.0,observed
300200461_,2025-08-01,207.0,observed
300200461_,2025-09-01,194.0,observed
300200461_,2025-10-01,178.0,observed
300200461_,2025-11-01,157.0,observed
300200461_,2025-12-01,128.0,observed
300200461_,2026-01-01,93.0,observed
300200461_,2026-02-01,70.0,observed
300200461_,2026-03-01,78.0,observed
300200461_,2026-04-01,62.0,observed
300200461_,2026-05-01,99.0,observed
300200461_,2026-06-01,89.0,observed
300200461_,2026-07-01,73.0,observed
300200461_,2026-08-01,58.0,observed
300200461_,2026-09-01,46.0,observed
300200472_,2024-01-01,182.0,observed
300200472_,2024-02-01,94.0,observed
300200472_,2024-03-01,48.0,observed
300200472_,2024-04-01,754.0,observed
300200472_,2024-05-01,1800.0,observed
300200472_,2024-06-01,1560.0,observed
300200472_,2024-07-01,1283.0,observed
300200472_,2024-08-01,1568.0,observed
300200472_,2024-09-01,1317.0,observed
300200472_,2024-10-01,1150.0,observed
300200472_,2024-11-01,971.0,observed
300200472_,2024-12-01,755.0,observed
300200472_,2025-01-01,1220.0,observed
300200472_,2025-02-01,1041.0,observed
300200472_,2025-03-01,866.0,observed
300200472_,2025-04-01,1562.0,observed
300200472_,2025-05-01,1510.0,observed
300200472_,2025-06-01,1421.0,observed
300200472_,2025-07-01,1266.0,observed
300200472_,2025-08-01,1187.0,observed
300200472_,2025-09-01,1045.0,observed
300200472_,2025-10-01,995.0,observed
300200472_,2025-11-01,968.0,observed
300200472_,2025-12-01,873.0,observed
300200472_,2026-01-01,708.0,observed
300200472_,2026-02-01,687.0,observed
300200472_,2026-03-01,588.0,observed
300200472_,2026-04-01,493.0,observed
300200472_,2026-05-01,424.0,observed
300200472_,2026-06-01,266.0,observed
300200472_,2026-07-01,204.0,observed
300200472_,2026-08-01,162.0,observed
300200472_,2026-09-01,142.0,observed
300200462_,2024-01-01,162.0,observed
300200462_,2024-02-01,93.0,observed
300200462_,2024-03-01,10.0,observed
300200462_,2024-04-01,727.0,observed
300200462_,2024-05-01,1756.0,observed
300200462_,2024-06-01,1447.0,observed
300200462_,2024-07-01,1188.0,observed
300200462_,2024-08-01,1599.0,observed
300200462_,2024-09-01,1363.0,observed
300200462_,2024-10-01,1219.0,observed
300200462_,2024-11-01,988.0,observed
300200462_,2024-12-01,805.0,observed
300200462_,2025-01-01,930.0,observed
300200462_,2025-02-01,753.0,observed
300200462_,2025-03-01,709.0,observed
300200462_,2025-04-01,863.0,observed
300200462_,2025-05-01,1232.0,observed
300200462_,2025-06-01,1099.0,observed
300200462_,2025-07-01,1004.0,observed
300200462_,2025-08-01,932.0,observed
300200462_,2025-09-01,788.0,observed
300200462_,2025-10-01,656.0,observed
300200462_,2025-11-01,590.0,observed
300200462_,2025-12-01,536.0,observed
300200462_,2026-01-01,443.0,observed
300200462_,2026-02-01,408.0,observed
300200462_,2026-03-01,386.0,observed
300200462_,2026-04-01,333.0,observed
300200462_,2026-05-01,301.0,observed
300200462_,2026-06-01,254.0,observed
300200462_,2026-07-01,198.0,observed
300200462_,2026-08-01,170.0,observed
300200462_,2026-09-01,144.0,observed
300200517_,2024-01-01,6.0,observed
300200517_,2024-02-01,6.0,observed
300200517_,2024-03-01,,blank
300200517_,2024-04-01,,blank
300200517_,2024-05-01,25.0,observed
300200517_,2024-06-01,11.0,observed
300200517_,2024-07-01,11.0,observed
300200517_,2024-08-01,59.0,observed
300200517_,2024-09-01,31.0,observed
300200517_,2024-10-01,30.0,observed
300200517_,2024-11-01,29.0,observed
300200517_,2024-12-01,29.0,observed
300200517_,2025-01-01,34.0,observed
300200517_,2025-02-01,30.0,observed
300200517_,2025-03-01,30.0,observed
300200517_,2025-04-01,34.0,observed
300200517_,2025-05-01,34.0,observed
300200517_,2025-06-01,34.0,observed
300200517_,2025-07-01,34.0,observed
300200517_,2025-08-01,28.0,observed
300200517_,2025-09-01,28.0,observed
300200517_,2025-10-01,28.0,observed
300200517_,2025-11-01,26.0,observed
300200517_,2025-12-01,26.0,observed
300200517_,2026-01-01,26.0,observed
300200517_,2026-02-01,26.0,observed
300200517_,2026-03-01,26.0,observed
300200517_,2026-04-01,26.0,observed
300200517_,2026-05-01,26.0,observed
300200517_,2026-06-01,26.0,observed
300200517_,2026-07-01,26.0,observed
300200517_,2026-08-01,26.0,observed
300200517_,2026-09-01,26.0,observed
020100162_,2024-01-01,95.0,observed
020100162_,2024-02-01,73.0,observed
020100162_,2024-03-01,185.0,observed
020100162_,2024-04-01,148.0,observed
020100162_,2024-05-01,490.0,observed
020100162_,2024-06-01,458.0,observed
020100162_,2024-07-01,359.0,observed
020100162_,2024-08-01,345.0,observed
020100162_,2024-09-01,257.0,observed
020100162_,2024-10-01,236.0,observed
020100162_,2024-11-01,191.0,observed
020100162_,2024-12-01,178.0,observed
020100162_,2025-01-01,232.0,observed
020100162_,2025-02-01,199.0,observed
020100162_,2025-03-01,157.0,observed
020100162_,2025-04-01,308.0,observed
020100162_,2025-05-01,284.0,observed
020100162_,2025-06-01,230.0,observed
020100162_,2025-07-01,213.0,observed
020100162_,2025-08-01,203.0,observed
020100162_,2025-09-01,189.0,observed
020100162_,2025-10-01,186.0,observed
020100162_,2025-11-01,182.0,observed
020100162_,2025-12-01,161.0,observed
020100162_,2026-01-01,162.0,observed
020100162_,2026-02-01,147.0,observed
020100162_,2026-03-01,153.0,observed
020100162_,2026-04-01,130.0,observed
020100162_,2026-05-01,127.0,observed
020100162_,2026-06-01,88.0,observed
020100162_,2026-07-01,80.0,observed
020100162_,2026-08-01,75.0,observed
020100162_,2026-09-01,52.0,observed
300200772_,2024-01-01,,blank
300200772_,2024-02-01,,blank
300200772_,2024-03-01,,blank
300200772_,2024-04-01,,blank
300200772_,2024-05-01,,blank
300200772_,2024-06-01,488.0,observed
300200772_,2024-07-01,375.0,observed
300200772_,2024-08-01,317.0,observed
300200772_,2024-09-01,258.0,observed
300200772_,2024-10-01,234.0,observed
300200772_,2024-11-01,174.0,observed
300200772_,2024-12-01,241.0,observed
300200772_,2025-01-01,264.0,observed
300200772_,2025-02-01,192.0,observed
300200772_,2025-03-01,198.0,observed
300200772_,2025-04-01,363.0,observed
300200772_,2025-05-01,347.0,observed
300200772_,2025-06-01,334.0,observed
300200772_,2025-07-01,319.0,observed
300200772_,2025-08-01,306.0,observed
300200772_,2025-09-01,290.0,observed
300200772_,2025-10-01,282.0,observed
300200772_,2025-11-01,278.0,observed
300200772_,2025-12-01,271.0,observed
300200772_,2026-01-01,260.0,observed
300200772_,2026-02-01,248.0,observed
300200772_,2026-03-01,227.0,observed
300200772_,2026-04-01,222.0,observed
300200772_,2026-05-01,219.0,observed
300200772_,2026-06-01,206.0,observed
300200772_,2026-07-01,197.0,observed
300200772_,2026-08-01,187.0,observed
300200772_,2026-09-01,180.0,observed
300200468_,2024-01-01,12.0,observed
300200468_,2024-02-01,4.0,observed
300200468_,2024-03-01,1035.0,observed
300200468_,2024-04-01,1005.0,observed
300200468_,2024-05-01,1355.0,observed
300200468_,2024-06-01,1307.0,observed
300200468_,2024-07-01,1157.0,observed
300200468_,2024-08-01,1122.0,observed
300200468_,2024-09-01,983.0,observed
300200468_,2024-10-01,810.0,observed
300200468_,2024-11-01,689.0,observed
300200468_,2024-12-01,651.0,observed
300200468_,2025-01-01,835.0,observed
300200468_,2025-02-01,822.0,observed
300200468_,2025-03-01,755.0,observed
300200468_,2025-04-01,760.0,observed
300200468_,2025-05-01,834.0,observed
300200468_,2025-06-01,800.0,observed
300200468_,2025-07-01,670.0,observed
300200468_,2025-08-01,552.0,observed
300200468_,2025-09-01,433.0,observed
300200468_,2025-10-01,347.0,observed
300200468_,2025-11-01,340.0,observed
300200468_,2025-12-01,390.0,observed
300200468_,2026-01-01,361.0,observed
300200468_,2026-02-01,336.0,observed
300200468_,2026-03-01,274.0,observed
300200468_,2026-04-01,267.0,observed
300200468_,2026-05-01,308.0,observed
300200468_,2026-06-01,176.0,observed
300200468_,2026-07-01,163.0,observed
300200468_,2026-08-01,133.0,observed
300200468_,2026-09-01,159.0,observed
300200515_,2024-01-01,2.0,observed
300200515_,2024-02-01,5.0,observed
300200515_,2024-03-01,832.0,observed
300200515_,2024-04-01,1463.0,observed
300200515_,2024-05-01,1682.0,observed
300200515_,2024-06-01,1324.0,observed
300200515_,2024-07-01,1179.0,observed
300200515_,2024-08-01,1152.0,observed
300200515_,2024-09-01,953.0,observed
300200515_,2024-10-01,707.0,observed
300200515_,2024-11-01,543.0,observed
300200515_,2024-12-01,649.0,observed
300200515_,2025-01-01,929.0,observed
300200515_,2025-02-01,779.0,observed
300200515_,2025-03-01,594.0,observed
300200515_,2025-04-01,1424.0,observed
300200515_,2025-05-01,1267.0,observed
300200515_,2025-06-01,1123.0,observed
300200515_,2025-07-01,896.0,observed
300200515_,2025-08-01,755.0,observed
300200515_,2025-09-01,675.0,observed
300200515_,2025-10-01,579.0,observed
300200515_,2025-11-01,523.0,observed
300200515_,2025-12-01,464.0,observed
300200515_,2026-01-01,542.0,observed
300200515_,2026-02-01,513.0,observed
300200515_,2026-03-01,411.0,observed
300200515_,2026-04-01,370.0,observed
300200515_,2026-05-01,369.0,observed
300200515_,2026-06-01,309.0,observed
300200515_,2026-07-01,293.0,observed
300200515_,2026-08-01,186.0,observed
300200515_,2026-09-01,198.0,observed
300200518_,2024-01-01,1.0,observed
300200518_,2024-02-01,11.0,observed
300200518_,2024-03-01,92.0,observed
300200518_,2024-04-01,76.0,observed
300200518_,2024-05-01,130.0,observed
300200518_,2024-06-01,124.0,observed
300200518_,2024-07-01,88.0,observed
300200518_,2024-08-01,107.0,observed
300200518_,2024-09-01,43.0,observed
300200518_,2024-10-01,41.0,observed
300200518_,2024-11-01,42.0,observed
300200518_,2024-12-01,103.0,observed
300200518_,2025-01-01,170.0,observed
300200518_,2025-02-01,161.0,observed
300200518_,2025-03-01,105.0,observed
300200518_,2025-04-01,139.0,observed
300200518_,2025-05-01,126.0,observed
300200518_,2025-06-01,144.0,observed
300200518_,2025-07-01,107.0,observed
300200518_,2025-08-01,158.0,observed
300200518_,2025-09-01,146.0,observed
300200518_,2025-10-01,124.0,observed
300200518_,2025-11-01,82.0,observed
300200518_,2025-12-01,112.0,observed
300200518_,2026-01-01,103.0,observed
300200518_,2026-02-01,89.0,observed
300200518_,2026-03-01,87.0,observed
300200518_,2026-04-01,30.0,observed
300200518_,2026-05-01,107.0,observed
300200518_,2026-06-01,82.0,observed
300200518_,2026-07-01,53.0,observed
300200518_,2026-08-01,60.0,observed
300200518_,2026-09-01,50.0,observed
300200516_,2024-01-01,160.0,observed
300200516_,2024-02-01,39.0,observed
300200516_,2024-03-01,943.0,observed
300200516_,2024-04-01,256.0,observed
300200516_,2024-05-01,1182.0,observed
300200516_,2024-06-01,1110.0,observed
300200516_,2024-07-01,1051.0,observed
300200516_,2024-08-01,2479.0,observed
300200516_,2024-09-01,2423.0,observed
300200516_,2024-10-01,2241.0,observed
300200516_,2024-11-01,2086.0,observed
300200516_,2024-12-01,1889.0,observed
300200516_,2025-01-01,1615.0,observed
300200516_,2025-02-01,1550.0,observed
300200516_,2025-03-01,1496.0,observed
300200516_,2025-04-01,1573.0,observed
300200516_,2025-05-01,1320.0,observed
300200516_,2025-06-01,1264.0,observed
300200516_,2025-07-01,1175.0,observed
300200516_,2025-08-01,1057.0,observed
300200516_,2025-09-01,964.0,observed
300200516_,2025-10-01,913.0,observed
300200516_,2025-11-01,808.0,observed
300200516_,2025-12-01,775.0,observed
300200516_,2026-01-01,525.0,observed
300200516_,2026-02-01,478.0,observed
300200516_,2026-03-01,346.0,observed
300200516_,2026-04-01,278.0,observed
300200516_,2026-05-01,403.0,observed
300200516_,2026-06-01,323.0,observed
300200516_,2026-07-01,311.0,observed
300200516_,2026-08-01,306.0,observed
300200516_,2026-09-01,302.0,observed
300200471_,2024-01-01,134.0,observed
300200471_,2024-02-01,2.0,observed
300200471_,2024-03-01,49.0,observed
300200471_,2024-04-01,8.0,observed
300200471_,2024-05-01,484.0,observed
300200471_,2024-06-01,443.0,observed
300200471_,2024-07-01,423.0,observed
300200471_,2024-08-01,421.0,observed
300200471_,2024-09-01,408.0,observed
300200471_,2024-10-01,393.0,observed
300200471_,2024-11-01,377.0,observed
300200471_,2024-12-01,371.0,observed
300200471_,2025-01-01,363.0,observed
300200471_,2025-02-01,344.0,observed
300200471_,2025-03-01,328.0,observed
300200471_,2025-04-01,320.0,observed
300200471_,2025-05-01,279.0,observed
300200471_,2025-06-01,302.0,observed
300200471_,2025-07-01,262.0,observed
300200471_,2025-08-01,249.0,observed
300200471_,2025-09-01,228.0,observed
300200471_,2025-10-01,219.0,observed
300200471_,2025-11-01,217.0,observed
300200471_,2025-12-01,193.0,observed
300200471_,2026-01-01,190.0,observed
300200471_,2026-02-01,189.0,observed
300200471_,2026-03-01,187.0,observed
300200471_,2026-04-01,186.0,observed
300200471_,2026-05-01,178.0,observed
300200471_,2026-06-01,178.0,observed
300200471_,2026-07-01,178.0,observed
300200471_,2026-08-01,160.0,observed
300200471_,2026-09-01,145.0,observed
300200470_,2024-01-01,17.0,observed
300200470_,2024-02-01,2.0,observed
300200470_,2024-03-01,2.0,observed
300200470_,2024-04-01,22.0,observed
300200470_,2024-05-01,49.0,observed
300200470_,2024-06-01,49.0,observed
300200470_,2024-07-01,48.0,observed
300200470_,2024-08-01,67.0,observed
300200470_,2024-09-01,54.0,observed
300200470_,2024-10-01,44.0,observed
300200470_,2024-11-01,24.0,observed
300200470_,2024-12-01,32.0,observed
300200470_,2025-01-01,55.0,observed
300200470_,2025-02-01,55.0,observed
300200470_,2025-03-01,45.0,observed
300200470_,2025-04-01,45.0,observed
300200470_,2025-05-01,45.0,observed
300200470_,2025-06-01,45.0,observed
300200470_,2025-07-01,40.0,observed
300200470_,2025-08-01,40.0,observed
300200470_,2025-09-01,40.0,observed
300200470_,2025-10-01,40.0,observed
300200470_,2025-11-01,39.0,observed
300200470_,2025-12-01,39.0,observed
300200470_,2026-01-01,39.0,observed
300200470_,2026-02-01,34.0,observed
300200470_,2026-03-01,34.0,observed
300200470_,2026-04-01,34.0,observed
300200470_,2026-05-01,34.0,observed
300200470_,2026-06-01,34.0,observed
300200470_,2026-07-01,34.0,observed
300200470_,2026-08-01,34.0,observed
300200470_,2026-09-01,34.0,observed
300200463_,2024-01-01,751.0,observed
300200463_,2024-02-01,156.0,observed
300200463_,2024-03-01,5556.0,observed
300200463_,2024-04-01,9905.0,observed
300200463_,2024-05-01,15152.0,observed
300200463_,2024-06-01,12243.0,observed
300200463_,2024-07-01,9140.0,observed
300200463_,2024-08-01,14500.0,observed
300200463_,2024-09-01,12772.0,observed
300200463_,2024-10-01,11038.0,observed
300200463_,2024-11-01,8966.0,observed
300200463_,2024-12-01,7731.0,observed
300200463_,2025-01-01,10895.0,observed
300200463_,2025-02-01,9344.0,observed
300200463_,2025-03-01,8307.0,observed
300200463_,2025-04-01,10297.0,observed
300200463_,2025-05-01,13885.0,observed
300200463_,2025-06-01,12707.0,observed
300200463_,2025-07-01,11470.0,observed
300200463_,2025-08-01,10418.0,observed
300200463_,2025-09-01,9286.0,observed
300200463_,2025-10-01,8317.0,observed
300200463_,2025-11-01,7749.0,observed
300200463_,2025-12-01,6695.0,observed
300200463_,2026-01-01,5229.0,observed
300200463_,2026-02-01,4754.0,observed
300200463_,2026-03-01,3937.0,observed
300200463_,2026-04-01,3281.0,observed
300200463_,2026-05-01,3105.0,observed
300200463_,2026-06-01,2453.0,observed
300200463_,2026-07-01,1903.0,observed
300200463_,2026-08-01,1376.0,observed
300200463_,2026-09-01,1469.0,observed
300200464_,2024-01-01,713.0,observed
300200464_,2024-02-01,407.0,observed
300200464_,2024-03-01,3864.0,observed
300200464_,2024-04-01,6586.0,observed
300200464_,2024-05-01,8148.0,observed
300200464_,2024-06-01,7222.0,observed
300200464_,2024-07-01,5561.0,observed
300200464_,2024-08-01,6860.0,observed
300200464_,2024-09-01,5586.0,observed
300200464_,2024-10-01,4296.0,observed
300200464_,2024-11-01,3638.0,observed
300200464_,2024-12-01,3783.0,observed
300200464_,2025-01-01,5238.0,observed
300200464_,2025-02-01,4618.0,observed
300200464_,2025-03-01,3934.0,observed
300200464_,2025-04-01,4896.0,observed
300200464_,2025-05-01,7110.0,observed
300200464_,2025-06-01,6341.0,observed
300200464_,2025-07-01,5945.0,observed
300200464_,2025-08-01,5464.0,observed
300200464_,2025-09-01,4786.0,observed
300200464_,2025-10-01,4119.0,observed
300200464_,2025-11-01,3757.0,observed
300200464_,2025-12-01,3300.0,observed
300200464_,2026-01-01,2699.0,observed
300200464_,2026-02-01,2157.0,observed
300200464_,2026-03-01,1605.0,observed
300200464_,2026-04-01,1682.0,observed
300200464_,2026-05-01,1758.0,observed
300200464_,2026-06-01,1183.0,observed
300200464_,2026-07-01,887.0,observed
300200464_,2026-08-01,1048.0,observed
300200464_,2026-09-01,757.0,observed
300200465_,2024-01-01,357.0,observed
300200465_,2024-02-01,201.0,observed
300200465_,2024-03-01,1740.0,observed
300200465_,2024-04-01,2988.0,observed
300200465_,2024-05-01,3776.0,observed
300200465_,2024-06-01,3350.0,observed
300200465_,2024-07-01,2614.0,observed
300200465_,2024-08-01,3323.0,observed
300200465_,2024-09-01,2722.0,observed
300200465_,2024-10-01,2297.0,observed
300200465_,2024-11-01,1790.0,observed
300200465_,2024-12-01,1546.0,observed
300200465_,2025-01-01,2415.0,observed
300200465_,2025-02-01,2053.0,observed
300200465_,2025-03-01,1798.0,observed
300200465_,2025-04-01,2275.0,observed
300200465_,2025-05-01,3249.0,observed
300200465_,2025-06-01,2978.0,observed
300200465_,2025-07-01,2802.0,observed
300200465_,2025-08-01,2544.0,observed
300200465_,2025-09-01,2286.0,observed
300200465_,2025-10-01,2071.0,observed
300200465_,2025-11-01,1889.0,observed
300200465_,2025-12-01,1720.0,observed
300200465_,2026-01-01,1447.0,observed
300200465_,2026-02-01,1320.0,observed
300200465_,2026-03-01,1193.0,observed
300200465_,2026-04-01,1023.0,observed
300200465_,2026-05-01,783.0,observed
300200465_,2026-06-01,586.0,observed
300200465_,2026-07-01,370.0,observed
300200465_,2026-08-01,436.0,observed
300200465_,2026-09-01,398.0,observed
300200466_,2024-01-01,5.0,observed
300200466_,2024-02-01,,blank
300200466_,2024-03-01,706.0,observed
300200466_,2024-04-01,1255.0,observed
300200466_,2024-05-01,1432.0,observed
300200466_,2024-06-01,1249.0,observed
300200466_,2024-07-01,890.0,observed
300200466_,2024-08-01,1036.0,observed
300200466_,2024-09-01,736.0,observed
300200466_,2024-10-01,672.0,observed
300200466_,2024-11-01,601.0,observed
300200466_,2024-12-01,624.0,observed
300200466_,2025-01-01,875.0,observed
300200466_,2025-02-01,780.0,observed
300200466_,2025-03-01,682.0,observed
300200466_,2025-04-01,1451.0,observed
300200466_,2025-05-01,1372.0,observed
300200466_,2025-06-01,1321.0,observed
300200466_,2025-07-01,1231.0,observed
300200466_,2025-08-01,1171.0,observed
300200466_,2025-09-01,1031.0,observed
300200466_,2025-10-01,879.0,observed
300200466_,2025-11-01,734.0,observed
300200466_,2025-12-01,684.0,observed
300200466_,2026-01-01,630.0,observed
300200466_,2026-02-01,597.0,observed
300200466_,2026-03-01,500.0,observed
300200466_,2026-04-01,470.0,observed
300200466_,2026-05-01,423.0,observed
300200466_,2026-06-01,313.0,observed
300200466_,2026-07-01,282.0,observed
300200466_,2026-08-01,229.0,observed
300200466_,2026-09-01,248.0,observed
300200467_,2024-01-01,36.0,observed
300200467_,2024-02-01,,blank
300200467_,2024-03-01,,blank
300200467_,2024-04-01,191.0,observed
300200467_,2024-05-01,397.0,observed
300200467_,2024-06-01,343.0,observed
300200467_,2024-07-01,260.0,observed
300200467_,2024-08-01,301.0,observed
300200467_,2024-09-01,253.0,observed
300200467_,2024-10-01,206.0,observed
300200467_,2024-11-01,157.0,observed
300200467_,2024-12-01,188.0,observed
300200467_,2025-01-01,274.0,observed
300200467_,2025-02-01,237.0,observed
300200467_,2025-03-01,214.0,observed
300200467_,2025-04-01,332.0,observed
300200467_,2025-05-01,304.0,observed
300200467_,2025-06-01,291.0,observed
300200467_,2025-07-01,276.0,observed
300200467_,2025-08-01,265.0,observed
300200467_,2025-09-01,220.0,observed
300200467_,2025-10-01,214.0,observed
300200467_,2025-11-01,199.0,observed
300200467_,2025-12-01,168.0,observed
300200467_,2026-01-01,134.0,observed
300200467_,2026-02-01,132.0,observed
300200467_,2026-03-01,116.0,observed
300200467_,2026-04-01,103.0,observed
300200467_,2026-05-01,70.0,observed
300200467_,2026-06-01,53.0,observed
300200467_,2026-07-01,46.0,observed
300200467_,2026-08-01,45.0,observed
300200467_,2026-09-01,76.0,observed
300200519_,2024-01-01,153.0,observed
300200519_,2024-02-01,45.0,observed
300200519_,2024-03-01,898.0,observed
300200519_,2024-04-01,1724.0,observed
300200519_,2024-05-01,1746.0,observed
300200519_,2024-06-01,1466.0,observed
300200519_,2024-07-01,1234.0,observed
300200519_,2024-08-01,1526.0,observed
300200519_,2024-09-01,1329.0,observed
300200519_,2024-10-01,1190.0,observed
300200519_,2024-11-01,1070.0,observed
300200519_,2024-12-01,910.0,observed
300200519_,2025-01-01,740.0,observed
300200519_,2025-02-01,645.0,observed
300200519_,2025-03-01,568.0,observed
300200519_,2025-04-01,616.0,observed
300200519_,2025-05-01,1027.0,observed
300200519_,2025-06-01,949.0,observed
300200519_,2025-07-01,877.0,observed
300200519_,2025-08-01,802.0,observed
300200519_,2025-09-01,692.0,observed
300200519_,2025-10-01,586.0,observed
300200519_,2025-11-01,545.0,observed
300200519_,2025-12-01,509.0,observed
300200519_,2026-01-01,458.0,observed
300200519_,2026-02-01,405.0,observed
300200519_,2026-03-01,355.0,observed
300200519_,2026-04-01,294.0,observed
300200519_,2026-05-01,265.0,observed
300200519_,2026-06-01,227.0,observed
300200519_,2026-07-01,157.0,observed
300200519_,2026-08-01,158.0,observed
300200519_,2026-09-01,113.0,observed
300200775_,2024-01-01,,blank
300200775_,2024-02-01,,blank
300200775_,2024-03-01,,blank
300200775_,2024-04-01,,blank
300200775_,2024-05-01,,blank
300200775_,2024-06-01,29.0,observed
300200775_,2024-07-01,26.0,observed
300200775_,2024-08-01,25.0,observed
300200775_,2024-09-01,21.0,observed
300200775_,2024-10-01,30.0,observed
300200775_,2024-11-01,27.0,observed
300200775_,2024-12-01,28.0,observed
300200775_,2025-01-01,27.0,observed
300200775_,2025-02-01,23.0,observed
300200775_,2025-03-01,23.0,observed
300200775_,2025-04-01,3.0,observed
300200775_,2025-05-01,3.0,observed
300200775_,2025-06-01,23.0,observed
300200775_,2025-07-01,23.0,observed
300200775_,2025-08-01,23.0,observed
300200775_,2025-09-01,23.0,observed
300200775_,2025-10-01,23.0,observed
300200775_,2025-11-01,22.0,observed
300200775_,2025-12-01,12.0,observed
300200775_,2026-01-01,8.0,observed
300200775_,2026-02-01,12.0,observed
300200775_,2026-03-01,12.0,observed
300200775_,2026-04-01,14.0,observed
300200775_,2026-05-01,14.0,observed
300200775_,2026-06-01,14.0,observed
300200775_,2026-07-01,14.0,observed
300200775_,2026-08-01,14.0,observed
300200775_,2026-09-01,14.0,observed
300200781_,2024-01-01,,blank
300200781_,2024-02-01,,blank
300200781_,2024-03-01,,blank
300200781_,2024-04-01,,blank
300200781_,2024-05-01,,blank
300200781_,2024-06-01,50.0,observed
300200781_,2024-07-01,50.0,observed
300200781_,2024-08-01,50.0,observed
300200781_,2024-09-01,49.0,observed
300200781_,2024-10-01,48.0,observed
300200781_,2024-11-01,44.0,observed
300200781_,2024-12-01,37.0,observed
300200781_,2025-01-01,37.0,observed
300200781_,2025-02-01,37.0,observed
300200781_,2025-03-01,35.0,observed
300200781_,2025-04-01,34.0,observed
300200781_,2025-05-01,34.0,observed
300200781_,2025-06-01,34.0,observed
300200781_,2025-07-01,33.0,observed
300200781_,2025-08-01,33.0,observed
300200781_,2025-09-01,33.0,observed
300200781_,2025-10-01,33.0,observed
300200781_,2025-11-01,33.0,observed
300200781_,2025-12-01,27.0,observed
300200781_,2026-01-01,24.0,observed
300200781_,2026-02-01,24.0,observed
300200781_,2026-03-01,24.0,observed
300200781_,2026-04-01,20.0,observed
300200781_,2026-05-01,20.0,observed
300200781_,2026-06-01,20.0,observed
300200781_,2026-07-01,20.0,observed
300200781_,2026-08-01,20.0,observed
300200781_,2026-09-01,19.0,observed
300200779_,2024-01-01,,blank
300200779_,2024-02-01,,blank
300200779_,2024-03-01,,blank
300200779_,2024-04-01,,blank
300200779_,2024-05-01,,blank
300200779_,2024-06-01,392.0,observed
300200779_,2024-07-01,125.0,observed
300200779_,2024-08-01,561.0,observed
300200779_,2024-09-01,461.0,observed
300200779_,2024-10-01,480.0,observed
300200779_,2024-11-01,442.0,observed
300200779_,2024-12-01,402.0,observed
300200779_,2025-01-01,414.0,observed
300200779_,2025-02-01,413.0,observed
300200779_,2025-03-01,373.0,observed
300200779_,2025-04-01,440.0,observed
300200779_,2025-05-01,406.0,observed
300200779_,2025-06-01,368.0,observed
300200779_,2025-07-01,339.0,observed
300200779_,2025-08-01,332.0,observed
300200779_,2025-09-01,253.0,observed
300200779_,2025-10-01,211.0,observed
300200779_,2025-11-01,161.0,observed
300200779_,2025-12-01,114.0,observed
300200779_,2026-01-01,99.0,observed
300200779_,2026-02-01,85.0,observed
300200779_,2026-03-01,127.0,observed
300200779_,2026-04-01,125.0,observed
300200779_,2026-05-01,141.0,observed
300200779_,2026-06-01,99.0,observed
300200779_,2026-07-01,88.0,observed
300200779_,2026-08-01,90.0,observed
300200779_,2026-09-01,84.0,observed
300200782_,2024-01-01,,blank
300200782_,2024-02-01,,blank
300200782_,2024-03-01,,blank
300200782_,2024-04-01,,blank
300200782_,2024-05-01,,blank
300200782_,2024-06-01,400.0,observed
300200782_,2024-07-01,397.0,observed
300200782_,2024-08-01,387.0,observed
300200782_,2024-09-01,376.0,observed
300200782_,2024-10-01,376.0,observed
300200782_,2024-11-01,369.0,observed
300200782_,2024-12-01,348.0,observed
300200782_,2025-01-01,345.0,observed
300200782_,2025-02-01,336.0,observed
300200782_,2025-03-01,328.0,observed
300200782_,2025-04-01,324.0,observed
300200782_,2025-05-01,320.0,observed
300200782_,2025-06-01,316.0,observed
300200782_,2025-07-01,307.0,observed
300200782_,2025-08-01,307.0,observed
300200782_,2025-09-01,282.0,observed
300200782_,2025-10-01,262.0,observed
300200782_,2025-11-01,236.0,observed
300200782_,2025-12-01,229.0,observed
300200782_,2026-01-01,213.0,observed
300200782_,2026-02-01,213.0,observed
300200782_,2026-03-01,213.0,observed
300200782_,2026-04-01,210.0,observed
300200782_,2026-05-01,210.0,observed
300200782_,2026-06-01,205.0,observed
300200782_,2026-07-01,201.0,observed
300200782_,2026-08-01,196.0,observed
300200782_,2026-09-01,192.0,observed
300200783_,2024-01-01,,blank
300200783_,2024-02-01,,blank
300200783_,2024-03-01,,blank
300200783_,2024-04-01,,blank
300200783_,2024-05-01,,blank
300200783_,2024-06-01,100.0,observed
300200783_,2024-07-01,99.0,observed
300200783_,2024-08-01,98.0,observed
300200783_,2024-09-01,96.0,observed
300200783_,2024-10-01,95.0,observed
300200783_,2024-11-01,94.0,observed
300200783_,2024-12-01,91.0,observed
300200783_,2025-01-01,89.0,observed
300200783_,2025-02-01,89.0,observed
300200783_,2025-03-01,84.0,observed
300200783_,2025-04-01,81.0,observed
300200783_,2025-05-01,83.0,observed
300200783_,2025-06-01,83.0,observed
300200783_,2025-07-01,80.0,observed
300200783_,2025-08-01,80.0,observed
300200783_,2025-09-01,64.0,observed
300200783_,2025-10-01,57.0,observed
300200783_,2025-11-01,57.0,observed
300200783_,2025-12-01,48.0,observed
300200783_,2026-01-01,48.0,observed
300200783_,2026-02-01,47.0,observed
300200783_,2026-03-01,47.0,observed
300200783_,2026-04-01,35.0,observed
300200783_,2026-05-01,28.0,observed
300200783_,2026-06-01,27.0,observed
300200783_,2026-07-01,27.0,observed
300200783_,2026-08-01,28.0,observed
300200783_,2026-09-01,23.0,observed
300100015_,2024-01-01,108.0,observed
300100015_,2024-02-01,108.0,observed
300100015_,2024-03-01,108.0,observed
300100015_,2024-04-01,78.0,observed
300100015_,2024-05-01,74.0,observed
300100015_,2024-06-01,74.0,observed
300100015_,2024-07-01,74.0,observed
300100015_,2024-08-01,75.0,observed
300100015_,2024-09-01,48.0,observed
300100015_,2024-10-01,48.0,observed
300100015_,2024-11-01,48.0,observed
300100015_,2024-12-01,48.0,observed
300100015_,2025-01-01,48.0,observed
300100015_,2025-02-01,48.0,observed
300100015_,2025-03-01,48.0,observed
300100015_,2025-04-01,48.0,observed
300100015_,2025-05-01,48.0,observed
300100015_,2025-06-01,116.0,observed
300100015_,2025-07-01,116.0,observed
300100015_,2025-08-01,96.0,observed
300100015_,2025-09-01,96.0,observed
300100015_,2025-10-01,96.0,observed
300100015_,2025-11-01,91.0,observed
300100015_,2025-12-01,,blank
300100015_,2026-01-01,,blank
300100015_,2026-02-01,,blank
300100015_,2026-03-01,,blank
300100015_,2026-04-01,,blank
300100015_,2026-05-01,,blank
300100015_,2026-06-01,,blank
300100015_,2026-07-01,,blank
300100015_,2026-08-01,,blank
300100015_,2026-09-01,,blank
300100006_,2024-01-01,165.0,observed
300100006_,2024-02-01,164.0,observed
300100006_,2024-03-01,164.0,observed
300100006_,2024-04-01,160.0,observed
300100006_,2024-05-01,160.0,observed
300100006_,2024-06-01,157.0,observed
300100006_,2024-07-01,155.0,observed
300100006_,2024-08-01,313.0,observed
300100006_,2024-09-01,313.0,observed
300100006_,2024-10-01,310.0,observed
300100006_,2024-11-01,309.0,observed
300100006_,2024-12-01,309.0,observed
300100006_,2025-01-01,309.0,observed
300100006_,2025-02-01,309.0,observed
300100006_,2025-03-01,309.0,observed
300100006_,2025-04-01,309.0,observed
300100006_,2025-05-01,309.0,observed
300100006_,2025-06-01,425.0,observed
300100006_,2025-07-01,423.0,observed
300100006_,2025-08-01,474.0,observed
300100006_,2025-09-01,474.0,observed
300100006_,2025-10-01,474.0,observed
300100006_,2025-11-01,468.0,observed
300100006_,2025-12-01,,blank
300100006_,2026-01-01,,blank
300100006_,2026-02-01,,blank
300100006_,2026-03-01,,blank
300100006_,2026-04-01,,blank
300100006_,2026-05-01,,blank
300100006_,2026-06-01,,blank
300100006_,2026-07-01,,blank
300100006_,2026-08-01,,blank
300100006_,2026-09-01,,blank
300100003_,2024-01-01,241.0,observed
300100003_,2024-02-01,238.0,observed
300100003_,2024-03-01,238.0,observed
300100003_,2024-04-01,237.0,observed
300100003_,2024-05-01,237.0,observed
300100003_,2024-06-01,228.0,observed
300100003_,2024-07-01,202.0,observed
300100003_,2024-08-01,203.0,observed
300100003_,2024-09-01,203.0,observed
300100003_,2024-10-01,201.0,observed
300100003_,2024-11-01,201.0,observed
300100003_,2024-12-01,201.0,observed
300100003_,2025-01-01,201.0,observed
300100003_,2025-02-01,201.0,observed
300100003_,2025-03-01,200.0,observed
300100003_,2025-04-01,200.0,observed
300100003_,2025-05-01,200.0,observed
300100003_,2025-06-01,276.0,observed
300100003_,2025-07-01,275.0,observed
300100003_,2025-08-01,352.0,observed
300100003_,2025-09-01,352.0,observed
300100003_,2025-10-01,352.0,observed
300100003_,2025-11-01,352.0,observed
300100003_,2025-12-01,,blank
300100003_,2026-01-01,,blank
300100003_,2026-02-01,,blank
300100003_,2026-03-01,,blank
300100003_,2026-04-01,,blank
300100003_,2026-05-01,,blank
300100003_,2026-06-01,,blank
300100003_,2026-07-01,,blank
300100003_,2026-08-01,,blank
300100003_,2026-09-01,,blank
300100012_,2024-01-01,10.0,observed
300100012_,2024-02-01,7.0,observed
300100012_,2024-03-01,7.0,observed
300100012_,2024-04-01,7.0,observed
300100012_,2024-05-01,7.0,observed
300100012_,2024-06-01,7.0,observed
300100012_,2024-07-01,7.0,observed
300100012_,2024-08-01,8.0,observed
300100012_,2024-09-01,8.0,observed
300100012_,2024-10-01,8.0,observed
300100012_,2024-11-01,8.0,observed
300100012_,2024-12-01,8.0,observed
300100012_,2025-01-01,8.0,observed
300100012_,2025-02-01,8.0,observed
300100012_,2025-03-01,8.0,observed
300100012_,2025-04-01,8.0,observed
300100012_,2025-05-01,8.0,observed
300100012_,2025-06-01,8.0,observed
300100012_,2025-07-01,8.0,observed
300100012_,2025-08-01,18.0,observed
300100012_,2025-09-01,18.0,observed
300100012_,2025-10-01,18.0,observed
300100012_,2025-11-01,18.0,observed
300100012_,2025-12-01,,blank
300100012_,2026-01-01,,blank
300100012_,2026-02-01,,blank
300100012_,2026-03-01,,blank
300100012_,2026-04-01,,blank
300100012_,2026-05-01,,blank
300100012_,2026-06-01,,blank
300100012_,2026-07-01,,blank
300100012_,2026-08-01,,blank
300100012_,2026-09-01,,blank
030200006_,2024-01-01,,blank
030200006_,2024-02-01,,blank
030200006_,2024-03-01,,blank
030200006_,2024-04-01,,blank
030200006_,2024-05-01,,blank
030200006_,2024-06-01,,blank
030200006_,2024-07-01,,blank
030200006_,2024-08-01,6.0,observed
030200006_,2024-09-01,6.0,observed
030200006_,2024-10-01,6.0,observed
030200006_,2024-11-01,6.0,observed
030200006_,2024-12-01,6.0,observed
030200006_,2025-01-01,6.0,observed
030200006_,2025-02-01,,blank
030200006_,2025-03-01,,blank
030200006_,2025-04-01,,blank
030200006_,2025-05-01,,blank
030200006_,2025-06-01,2.0,observed
030200006_,2025-07-01,101.0,observed
030200006_,2025-08-01,93.0,observed
030200006_,2025-09-01,67.0,observed
030200006_,2025-10-01,,blank
030200006_,2025-11-01,,blank
030200006_,2025-12-01,,blank
030200006_,2026-01-01,2.0,observed
030200006_,2026-02-01,2.0,observed
030200006_,2026-03-01,2.0,observed
030200006_,2026-04-01,2.0,observed
030200006_,2026-05-01,1.0,observed
030200006_,2026-06-01,1.0,observed
030200006_,2026-07-01,1.0,observed
030200006_,2026-08-01,1.0,observed
030200006_,2026-09-01,1.0,observed
030200008_,2024-01-01,,blank
030200008_,2024-02-01,,blank
030200008_,2024-03-01,,blank
030200008_,2024-04-01,,blank
030200008_,2024-05-01,,blank
030200008_,2024-06-01,,blank
030200008_,2024-07-01,,blank
030200008_,2024-08-01,,blank
030200008_,2024-09-01,,blank
030200008_,2024-10-01,,blank
030200008_,2024-11-01,,blank
030200008_,2024-12-01,,blank
030200008_,2025-01-01,,blank
030200008_,2025-02-01,,blank
030200008_,2025-03-01,,blank
030200008_,2025-04-01,,blank
030200008_,2025-05-01,,blank
030200008_,2025-06-01,3.0,observed
030200008_,2025-07-01,181.0,observed
030200008_,2025-08-01,181.0,observed
030200008_,2025-09-01,146.0,observed
030200008_,2025-10-01,99.0,observed
030200008_,2025-11-01,72.0,observed
030200008_,2025-12-01,38.0,observed
030200008_,2026-01-01,6.0,observed
030200008_,2026-02-01,,blank
030200008_,2026-03-01,,blank
030200008_,2026-04-01,,blank
030200008_,2026-05-01,,blank
030200008_,2026-06-01,,blank
030200008_,2026-07-01,,blank
030200008_,2026-08-01,,blank
030200008_,2026-09-01,,blank
030200005_,2024-01-01,151.0,observed
030200005_,2024-02-01,148.0,observed
030200005_,2024-03-01,140.0,observed
030200005_,2024-04-01,133.0,observed
030200005_,2024-05-01,131.0,observed
030200005_,2024-06-01,128.0,observed
030200005_,2024-07-01,126.0,observed
030200005_,2024-08-01,655.0,observed
030200005_,2024-09-01,655.0,observed
030200005_,2024-10-01,655.0,observed
030200005_,2024-11-01,655.0,observed
030200005_,2024-12-01,655.0,observed
030200005_,2025-01-01,654.0,observed
030200005_,2025-02-01,650.0,observed
030200005_,2025-03-01,650.0,observed
030200005_,2025-04-01,650.0,observed
030200005_,2025-05-01,646.0,observed
030200005_,2025-06-01,646.0,observed
030200005_,2025-07-01,740.0,observed
030200005_,2025-08-01,771.0,observed
030200005_,2025-09-01,771.0,observed
030200005_,2025-10-01,753.0,observed
030200005_,2025-11-01,742.0,observed
030200005_,2025-12-01,740.0,observed
030200005_,2026-01-01,441.0,observed
030200005_,2026-02-01,430.0,observed
030200005_,2026-03-01,428.0,observed
030200005_,2026-04-01,423.0,observed
030200005_,2026-05-01,419.0,observed
030200005_,2026-06-01,419.0,observed
030200005_,2026-07-01,388.0,observed
030200005_,2026-08-01,378.0,observed
030200005_,2026-09-01,361.0,observed
030200007_,2024-01-01,52.0,observed
030200007_,2024-02-01,46.0,observed
030200007_,2024-03-01,43.0,observed
030200007_,2024-04-01,40.0,observed
030200007_,2024-05-01,39.0,observed
030200007_,2024-06-01,32.0,observed
030200007_,2024-07-01,29.0,observed
030200007_,2024-08-01,585.0,observed
030200007_,2024-09-01,585.0,observed
030200007_,2024-10-01,585.0,observed
030200007_,2024-11-01,585.0,observed
030200007_,2024-12-01,585.0,observed
030200007_,2025-01-01,585.0,observed
030200007_,2025-02-01,570.0,observed
030200007_,2025-03-01,570.0,observed
030200007_,2025-04-01,570.0,observed
030200007_,2025-05-01,570.0,observed
030200007_,2025-06-01,572.0,observed
030200007_,2025-07-01,665.0,observed
030200007_,2025-08-01,707.0,observed
030200007_,2025-09-01,707.0,observed
030200007_,2025-10-01,705.0,observed
030200007_,2025-11-01,704.0,observed
030200007_,2025-12-01,702.0,observed
030200007_,2026-01-01,161.0,observed
030200007_,2026-02-01,161.0,observed
030200007_,2026-03-01,161.0,observed
030200007_,2026-04-01,161.0,observed
030200007_,2026-05-01,161.0,observed
030200007_,2026-06-01,161.0,observed
030200007_,2026-07-01,118.0,observed
030200007_,2026-08-01,117.0,observed
030200007_,2026-09-01,116.0,observed
030200013_,2024-01-01,1.0,observed
030200013_,2024-02-01,1.0,observed
030200013_,2024-03-01,1.0,observed
030200013_,2024-04-01,1.0,observed
030200013_,2024-05-01,1.0,observed
030200013_,2024-06-01,1.0,observed
030200013_,2024-07-01,1.0,observed
030200013_,2024-08-01,54.0,observed
030200013_,2024-09-01,54.0,observed
030200013_,2024-10-01,54.0,observed
030200013_,2024-11-01,54.0,observed
030200013_,2024-12-01,54.0,observed
030200013_,2025-01-01,54.0,observed
030200013_,2025-02-01,51.0,observed
030200013_,2025-03-01,51.0,observed
030200013_,2025-04-01,51.0,observed
030200013_,2025-05-01,51.0,observed
030200013_,2025-06-01,51.0,observed
030200013_,2025-07-01,51.0,observed
030200013_,2025-08-01,375.0,observed
030200013_,2025-09-01,375.0,observed
030200013_,2025-10-01,375.0,observed
030200013_,2025-11-01,375.0,observed
030200013_,2025-12-01,375.0,observed
030200013_,2026-01-01,323.0,observed
030200013_,2026-02-01,323.0,observed
030200013_,2026-03-01,323.0,observed
030200013_,2026-04-01,323.0,observed
030200013_,2026-05-01,323.0,observed
030200013_,2026-06-01,323.0,observed
030200013_,2026-07-01,323.0,observed
030200013_,2026-08-01,323.0,observed
030200013_,2026-09-01,323.0,observed
030200015_,2024-01-01,1.0,observed
030200015_,2024-02-01,1.0,observed
030200015_,2024-03-01,1.0,observed
030200015_,2024-04-01,1.0,observed
030200015_,2024-05-01,1.0,observed
030200015_,2024-06-01,1.0,observed
030200015_,2024-07-01,1.0,observed
030200015_,2024-08-01,8.0,observed
030200015_,2024-09-01,8.0,observed
030200015_,2024-10-01,8.0,observed
030200015_,2024-11-01,8.0,observed
030200015_,2024-12-01,8.0,observed
030200015_,2025-01-01,8.0,observed
030200015_,2025-02-01,8.0,observed
030200015_,2025-03-01,8.0,observed
030200015_,2025-04-01,8.0,observed
030200015_,2025-05-01,8.0,observed
030200015_,2025-06-01,7.0,observed
030200015_,2025-07-01,11.0,observed
030200015_,2025-08-01,5.0,observed
030200015_,2025-09-01,5.0,observed
030200015_,2025-10-01,5.0,observed
030200015_,2025-11-01,1.0,observed
030200015_,2025-12-01,5.0,observed
030200015_,2026-01-01,4.0,observed
030200015_,2026-02-01,4.0,observed
030200015_,2026-03-01,4.0,observed
030200015_,2026-04-01,4.0,observed
030200015_,2026-05-01,3.0,observed
030200015_,2026-06-01,3.0,observed
030200015_,2026-07-01,3.0,observed
030200015_,2026-08-01,3.0,observed
030200015_,2026-09-01,3.0,observed
030200016_,2024-01-01,,blank
030200016_,2024-02-01,,blank
030200016_,2024-03-01,,blank
030200016_,2024-04-01,,blank
030200016_,2024-05-01,,blank
030200016_,2024-06-01,,blank
030200016_,2024-07-01,,blank
030200016_,2024-08-01,65.0,observed
030200016_,2024-09-01,65.0,observed
030200016_,2024-10-01,65.0,observed
030200016_,2024-11-01,65.0,observed
030200016_,2024-12-01,65.0,observed
030200016_,2025-01-01,65.0,observed
030200016_,2025-02-01,65.0,observed
030200016_,2025-03-01,65.0,observed
030200016_,2025-04-01,65.0,observed
030200016_,2025-05-01,65.0,observed
030200016_,2025-06-01,70.0,observed
030200016_,2025-07-01,70.0,observed
030200016_,2025-08-01,70.0,observed
030200016_,2025-09-01,70.0,observed
030200016_,2025-10-01,70.0,observed
030200016_,2025-11-01,70.0,observed
030200016_,2025-12-01,70.0,observed
030200016_,2026-01-01,62.0,observed
030200016_,2026-02-01,62.0,observed
030200016_,2026-03-01,62.0,observed
030200016_,2026-04-01,62.0,observed
030200016_,2026-05-01,62.0,observed
030200016_,2026-06-01,62.0,observed
030200016_,2026-07-01,62.0,observed
030200016_,2026-08-01,62.0,observed
030200016_,2026-09-01,62.0,observed
030200002_,2024-01-01,,blank
030200002_,2024-02-01,,blank
030200002_,2024-03-01,,blank
030200002_,2024-04-01,,blank
030200002_,2024-05-01,,blank
030200002_,2024-06-01,,blank
030200002_,2024-07-01,,blank
030200002_,2024-08-01,,blank
030200002_,2024-09-01,,blank
030200002_,2024-10-01,,blank
030200002_,2024-11-01,,blank
030200002_,2024-12-01,,blank
030200002_,2025-01-01,,blank
030200002_,2025-02-01,,blank
030200002_,2025-03-01,,blank
030200002_,2025-04-01,,blank
030200002_,2025-05-01,,blank
030200002_,2025-06-01,,blank
030200002_,2025-07-01,9.0,observed
030200002_,2025-08-01,9.0,observed
030200002_,2025-09-01,3.0,observed
030200002_,2025-10-01,3.0,observed
030200002_,2025-11-01,3.0,observed
030200002_,2025-12-01,3.0,observed
030200002_,2026-01-01,3.0,observed
030200002_,2026-02-01,3.0,observed
030200002_,2026-03-01,3.0,observed
030200002_,2026-04-01,3.0,observed
030200002_,2026-05-01,3.0,observed
030200002_,2026-06-01,3.0,observed
030200002_,2026-07-01,3.0,observed
030200002_,2026-08-01,3.0,observed
030200002_,2026-09-01,3.0,observed
030200003_,2024-01-01,6.0,observed
030200003_,2024-02-01,6.0,observed
030200003_,2024-03-01,6.0,observed
030200003_,2024-04-01,6.0,observed
030200003_,2024-05-01,6.0,observed
030200003_,2024-06-01,6.0,observed
030200003_,2024-07-01,6.0,observed
030200003_,2024-08-01,6.0,observed
030200003_,2024-09-01,6.0,observed
030200003_,2024-10-01,6.0,observed
030200003_,2024-11-01,6.0,observed
030200003_,2024-12-01,6.0,observed
030200003_,2025-01-01,6.0,observed
030200003_,2025-02-01,6.0,observed
030200003_,2025-03-01,6.0,observed
030200003_,2025-04-01,6.0,observed
030200003_,2025-05-01,2.0,observed
030200003_,2025-06-01,2.0,observed
030200003_,2025-07-01,131.0,observed
030200003_,2025-08-01,116.0,observed
030200003_,2025-09-01,108.0,observed
030200003_,2025-10-01,107.0,observed
030200003_,2025-11-01,94.0,observed
030200003_,2025-12-01,91.0,observed
030200003_,2026-01-01,88.0,observed
030200003_,2026-02-01,84.0,observed
030200003_,2026-03-01,84.0,observed
030200003_,2026-04-01,81.0,observed
030200003_,2026-05-01,72.0,observed
030200003_,2026-06-01,66.0,observed
030200003_,2026-07-01,19.0,observed
030200003_,2026-08-01,14.0,observed
030200003_,2026-09-01,4.0,observed
030200009_,2024-01-01,,blank
030200009_,2024-02-01,,blank
030200009_,2024-03-01,,blank
030200009_,2024-04-01,,blank
030200009_,2024-05-01,,blank
030200009_,2024-06-01,,blank
030200009_,2024-07-01,,blank
030200009_,2024-08-01,,blank
030200009_,2024-09-01,,blank
030200009_,2024-10-01,,blank
030200009_,2024-11-01,,blank
030200009_,2024-12-01,,blank
030200009_,2025-01-01,,blank
030200009_,2025-02-01,,blank
030200009_,2025-03-01,,blank
030200009_,2025-04-01,,blank
030200009_,2025-05-01,,blank
030200009_,2025-06-01,1.0,observed
030200009_,2025-07-01,1.0,observed
030200009_,2025-08-01,20.0,observed
030200009_,2025-09-01,6.0,observed
030200009_,2025-10-01,1.0,observed
030200009_,2025-11-01,1.0,observed
030200009_,2025-12-01,1.0,observed
030200009_,2026-01-01,2.0,observed
030200009_,2026-02-01,2.0,observed
030200009_,2026-03-01,2.0,observed
030200009_,2026-04-01,2.0,observed
030200009_,2026-05-01,2.0,observed
030200009_,2026-06-01,2.0,observed
030200009_,2026-07-01,2.0,observed
030200009_,2026-08-01,2.0,observed
030200009_,2026-09-01,2.0,observed
030200011_,2024-01-01,2.0,observed
030200011_,2024-02-01,2.0,observed
030200011_,2024-03-01,2.0,observed
030200011_,2024-04-01,2.0,observed
030200011_,2024-05-01,2.0,observed
030200011_,2024-06-01,2.0,observed
030200011_,2024-07-01,2.0,observed
030200011_,2024-08-01,2.0,observed
030200011_,2024-09-01,2.0,observed
030200011_,2024-10-01,2.0,observed
030200011_,2024-11-01,2.0,observed
030200011_,2024-12-01,2.0,observed
030200011_,2025-01-01,2.0,observed
030200011_,2025-02-01,2.0,observed
030200011_,2025-03-01,2.0,observed
030200011_,2025-04-01,2.0,observed
030200011_,2025-05-01,2.0,observed
030200011_,2025-06-01,2.0,observed
030200011_,2025-07-01,2.0,observed
030200011_,2025-08-01,2.0,observed
030200011_,2025-09-01,2.0,observed
030200011_,2025-10-01,2.0,observed
030200011_,2025-11-01,2.0,observed
030200011_,2025-12-01,2.0,observed
030200011_,2026-01-01,2.0,observed
030200011_,2026-02-01,2.0,observed
030200011_,2026-03-01,2.0,observed
030200011_,2026-04-01,2.0,observed
030200011_,2026-05-01,2.0,observed
030200011_,2026-06-01,2.0,observed
030200011_,2026-07-01,2.0,observed
030200011_,2026-08-01,2.0,observed
030200011_,2026-09-01,2.0,observed
030200266_,2024-01-01,5.0,observed
030200266_,2024-02-01,5.0,observed
030200266_,2024-03-01,5.0,observed
030200266_,2024-04-01,5.0,observed
030200266_,2024-05-01,5.0,observed
030200266_,2024-06-01,5.0,observed
030200266_,2024-07-01,5.0,observed
030200266_,2024-08-01,5.0,observed
030200266_,2024-09-01,5.0,observed
030200266_,2024-10-01,5.0,observed
030200266_,2024-11-01,5.0,observed
030200266_,2024-12-01,5.0,observed
030200266_,2025-01-01,5.0,observed
030200266_,2025-02-01,5.0,observed
030200266_,2025-03-01,5.0,observed
030200266_,2025-04-01,5.0,observed
030200266_,2025-05-01,5.0,observed
030200266_,2025-06-01,5.0,observed
030200266_,2025-07-01,5.0,observed
030200266_,2025-08-01,5.0,observed
030200266_,2025-09-01,5.0,observed
030200266_,2025-10-01,5.0,observed
030200266_,2025-11-01,5.0,observed
030200266_,2025-12-01,5.0,observed
030200266_,2026-01-01,5.0,observed
030200266_,2026-02-01,5.0,observed
030200266_,2026-03-01,5.0,observed
030200266_,2026-04-01,5.0,observed
030200266_,2026-05-01,5.0,observed
030200266_,2026-06-01,5.0,observed
030200266_,2026-07-01,5.0,observed
030200266_,2026-08-01,5.0,observed
030200266_,2026-09-01,5.0,observed
030200010_,2024-01-01,,blank
030200010_,2024-02-01,,blank
030200010_,2024-03-01,,blank
030200010_,2024-04-01,,blank
030200010_,2024-05-01,,blank
030200010_,2024-06-01,,blank
030200010_,2024-07-01,,blank
030200010_,2024-08-01,,blank
030200010_,2024-09-01,,blank
030200010_,2024-10-01,,blank
030200010_,2024-11-01,,blank
030200010_,2024-12-01,,blank
030200010_,2025-01-01,,blank
030200010_,2025-02-01,,blank
030200010_,2025-03-01,,blank
030200010_,2025-04-01,,blank
030200010_,2025-05-01,,blank
030200010_,2025-06-01,,blank
030200010_,2025-07-01,,blank
030200010_,2025-08-01,44.0,observed
030200010_,2025-09-01,44.0,observed
030200010_,2025-10-01,44.0,observed
030200010_,2025-11-01,44.0,observed
030200010_,2025-12-01,44.0,observed
030200010_,2026-01-01,44.0,observed
030200010_,2026-02-01,44.0,observed
030200010_,2026-03-01,44.0,observed
030200010_,2026-04-01,44.0,observed
030200010_,2026-05-01,44.0,observed
030200010_,2026-06-01,44.0,observed
030200010_,2026-07-01,44.0,observed
030200010_,2026-08-01,44.0,observed
030200010_,2026-09-01,44.0,observed
030200012_,2024-01-01,,blank
030200012_,2024-02-01,,blank
030200012_,2024-03-01,,blank
030200012_,2024-04-01,,blank
030200012_,2024-05-01,,blank
030200012_,2024-06-01,,blank
030200012_,2024-07-01,,blank
030200012_,2024-08-01,,blank
030200012_,2024-09-01,,blank
030200012_,2024-10-01,,blank
030200012_,2024-11-01,,blank
030200012_,2024-12-01,,blank
030200012_,2025-01-01,,blank
030200012_,2025-02-01,,blank
030200012_,2025-03-01,,blank
030200012_,2025-04-01,,blank
030200012_,2025-05-01,,blank
030200012_,2025-06-01,,blank
030200012_,2025-07-01,,blank
030200012_,2025-08-01,,blank
030200012_,2025-09-01,,blank
030200012_,2025-10-01,,blank
030200012_,2025-11-01,,blank
030200012_,2025-12-01,,blank
030200012_,2026-01-01,8.0,observed
030200012_,2026-02-01,8.0,observed
030200012_,2026-03-01,8.0,observed
030200012_,2026-04-01,8.0,observed
030200012_,2026-05-01,8.0,observed
030200012_,2026-06-01,8.0,observed
030200012_,2026-07-01,8.0,observed
030200012_,2026-08-01,8.0,observed
030200012_,2026-09-01,8.0,observed
030200075_,2024-01-01,1.0,observed
030200075_,2024-02-01,1.0,observed
030200075_,2024-03-01,1.0,observed
030200075_,2024-04-01,1.0,observed
030200075_,2024-05-01,1.0,observed
030200075_,2024-06-01,1.0,observed
030200075_,2024-07-01,1.0,observed
030200075_,2024-08-01,1.0,observed
030200075_,2024-09-01,1.0,observed
030200075_,2024-10-01,1.0,observed
030200075_,2024-11-01,1.0,observed
030200075_,2024-12-01,1.0,observed
030200075_,2025-01-01,1.0,observed
030200075_,2025-02-01,1.0,observed
030200075_,2025-03-01,1.0,observed
030200075_,2025-04-01,1.0,observed
030200075_,2025-05-01,1.0,observed
030200075_,2025-06-01,1.0,observed
030200075_,2025-07-01,1.0,observed
030200075_,2025-08-01,1.0,observed
030200075_,2025-09-01,1.0,observed
030200075_,2025-10-01,1.0,observed
030200075_,2025-11-01,1.0,observed
030200075_,2025-12-01,221.0,observed
030200075_,2026-01-01,1.0,observed
030200075_,2026-02-01,1.0,observed
030200075_,2026-03-01,1.0,observed
030200075_,2026-04-01,1.0,observed
030200075_,2026-05-01,1.0,observed
030200075_,2026-06-01,1.0,observed
030200075_,2026-07-01,1.0,observed
030200075_,2026-08-01,1.0,observed
030200075_,2026-09-01,1.0,observed
030200030_,2024-01-01,832.0,observed
030200030_,2024-02-01,667.0,observed
030200030_,2024-03-01,799.0,observed
030200030_,2024-04-01,858.0,observed
030200030_,2024-05-01,2424.0,observed
030200030_,2024-06-01,3747.0,observed
030200030_,2024-07-01,2745.0,observed
030200030_,2024-08-01,2755.0,observed
030200030_,2024-09-01,2685.0,observed
030200030_,2024-10-01,2661.0,observed
030200030_,2024-11-01,70.0,observed
030200030_,2024-12-01,721.0,observed
030200030_,2025-01-01,2557.0,observed
030200030_,2025-02-01,571.0,observed
030200030_,2025-03-01,488.0,observed
030200030_,2025-04-01,1.0,observed
030200030_,2025-05-01,1.0,observed
030200030_,2025-06-01,1.0,observed
030200030_,2025-07-01,1.0,observed
030200030_,2025-08-01,1.0,observed
030200030_,2025-09-01,1.0,observed
030200030_,2025-10-01,1.0,observed
030200030_,2025-11-01,,blank
030200030_,2025-12-01,,blank
030200030_,2026-01-01,,blank
030200030_,2026-02-01,,blank
030200030_,2026-03-01,,blank
030200030_,2026-04-01,,blank
030200030_,2026-05-01,,blank
030200030_,2026-06-01,,blank
030200030_,2026-07-01,1200.0,observed
030200030_,2026-08-01,,blank
030200030_,2026-09-01,,blank
030200031_,2024-01-01,1005.0,observed
030200031_,2024-02-01,989.0,observed
030200031_,2024-03-01,959.0,observed
030200031_,2024-04-01,828.0,observed
030200031_,2024-05-01,587.0,observed
030200031_,2024-06-01,1339.0,observed
030200031_,2024-07-01,1107.0,observed
030200031_,2024-08-01,1287.0,observed
030200031_,2024-09-01,1262.0,observed
030200031_,2024-10-01,2675.0,observed
030200031_,2024-11-01,412.0,observed
030200031_,2024-12-01,387.0,observed
030200031_,2025-01-01,357.0,observed
030200031_,2025-02-01,283.0,observed
030200031_,2025-03-01,234.0,observed
030200031_,2025-04-01,1.0,observed
030200031_,2025-05-01,1.0,observed
030200031_,2025-06-01,1.0,observed
030200031_,2025-07-01,1.0,observed
030200031_,2025-08-01,1.0,observed
030200031_,2025-09-01,1.0,observed
030200031_,2025-10-01,1.0,observed
030200031_,2025-11-01,,blank
030200031_,2025-12-01,192.0,observed
030200031_,2026-01-01,,blank
030200031_,2026-02-01,,blank
030200031_,2026-03-01,,blank
030200031_,2026-04-01,,blank
030200031_,2026-05-01,,blank
030200031_,2026-06-01,,blank
030200031_,2026-07-01,960.0,observed
030200031_,2026-08-01,,blank
030200031_,2026-09-01,,blank
030200036_,2024-01-01,1582.0,observed
030200036_,2024-02-01,1027.0,observed
030200036_,2024-03-01,989.0,observed
030200036_,2024-04-01,948.0,observed
030200036_,2024-05-01,1025.0,observed
030200036_,2024-06-01,1321.0,observed
030200036_,2024-07-01,957.0,observed
030200036_,2024-08-01,2755.0,observed
030200036_,2024-09-01,2715.0,observed
030200036_,2024-10-01,777.0,observed
030200036_,2024-11-01,731.0,observed
030200036_,2024-12-01,671.0,observed
030200036_,2025-01-01,1740.0,observed
030200036_,2025-02-01,694.0,observed
030200036_,2025-03-01,570.0,observed
030200036_,2025-04-01,1.0,observed
030200036_,2025-05-01,1.0,observed
030200036_,2025-06-01,1.0,observed
030200036_,2025-07-01,1.0,observed
030200036_,2025-08-01,1.0,observed
030200036_,2025-09-01,1.0,observed
030200036_,2025-10-01,1.0,observed
030200036_,2025-11-01,,blank
030200036_,2025-12-01,,blank
030200036_,2026-01-01,,blank
030200036_,2026-02-01,,blank
030200036_,2026-03-01,,blank
030200036_,2026-04-01,,blank
030200036_,2026-05-01,,blank
030200036_,2026-06-01,,blank
030200036_,2026-07-01,120.0,observed
030200036_,2026-08-01,,blank
030200036_,2026-09-01,,blank
030200038_,2024-01-01,496.0,observed
030200038_,2024-02-01,452.0,observed
030200038_,2024-03-01,404.0,observed
030200038_,2024-04-01,604.0,observed
030200038_,2024-05-01,760.0,observed
030200038_,2024-06-01,1976.0,observed
030200038_,2024-07-01,2499.0,observed
030200038_,2024-08-01,3541.0,observed
030200038_,2024-09-01,3511.0,observed
030200038_,2024-10-01,3825.0,observed
030200038_,2024-11-01,476.0,observed
030200038_,2024-12-01,1266.0,observed
030200038_,2025-01-01,1216.0,observed
030200038_,2025-02-01,1194.0,observed
030200038_,2025-03-01,1063.0,observed
030200038_,2025-04-01,1033.0,observed
030200038_,2025-05-01,191.0,observed
030200038_,2025-06-01,1.0,observed
030200038_,2025-07-01,1.0,observed
030200038_,2025-08-01,1.0,observed
030200038_,2025-09-01,1.0,observed
030200038_,2025-10-01,1.0,observed
030200038_,2025-11-01,,blank
030200038_,2025-12-01,,blank
030200038_,2026-01-01,10.0,observed
030200038_,2026-02-01,10.0,observed
030200038_,2026-03-01,,blank
030200038_,2026-04-01,,blank
030200038_,2026-05-01,,blank
030200038_,2026-06-01,,blank
030200038_,2026-07-01,,blank
030200038_,2026-08-01,,blank
030200038_,2026-09-01,,blank
030200037_,2024-01-01,2040.0,observed
030200037_,2024-02-01,1183.0,observed
030200037_,2024-03-01,888.0,observed
030200037_,2024-04-01,550.0,observed
030200037_,2024-05-01,2422.0,observed
030200037_,2024-06-01,2303.0,observed
030200037_,2024-07-01,2250.0,observed
030200037_,2024-08-01,2231.0,observed
030200037_,2024-09-01,6641.0,observed
030200037_,2024-10-01,2471.0,observed
030200037_,2024-11-01,611.0,observed
030200037_,2024-12-01,401.0,observed
030200037_,2025-01-01,2891.0,observed
030200037_,2025-02-01,321.0,observed
030200037_,2025-03-01,271.0,observed
030200037_,2025-04-01,1.0,observed
030200037_,2025-05-01,1.0,observed
030200037_,2025-06-01,1.0,observed
030200037_,2025-07-01,1.0,observed
030200037_,2025-08-01,1.0,observed
030200037_,2025-09-01,1.0,observed
030200037_,2025-10-01,1.0,observed
030200037_,2025-11-01,1601.0,observed
030200037_,2025-12-01,4.0,observed
030200037_,2026-01-01,1.0,observed
030200037_,2026-02-01,1.0,observed
030200037_,2026-03-01,1.0,observed
030200037_,2026-04-01,1.0,observed
030200037_,2026-05-01,1.0,observed
030200037_,2026-06-01,1.0,observed
030200037_,2026-07-01,2401.0,observed
030200037_,2026-08-01,1.0,observed
030200037_,2026-09-01,1.0,observed
030200039_,2024-01-01,920.0,observed
030200039_,2024-02-01,681.0,observed
030200039_,2024-03-01,788.0,observed
030200039_,2024-04-01,676.0,observed
030200039_,2024-05-01,1725.0,observed
030200039_,2024-06-01,2481.0,observed
030200039_,2024-07-01,2431.0,observed
030200039_,2024-08-01,2537.0,observed
030200039_,2024-09-01,2526.0,observed
030200039_,2024-10-01,2500.0,observed
030200039_,2024-11-01,1297.0,observed
030200039_,2024-12-01,1286.0,observed
030200039_,2025-01-01,1272.0,observed
030200039_,2025-02-01,1842.0,observed
030200039_,2025-03-01,318.0,observed
030200039_,2025-04-01,63.0,observed
030200039_,2025-05-01,53.0,observed
030200039_,2025-06-01,,blank
030200039_,2025-07-01,,blank
030200039_,2025-08-01,,blank
030200039_,2025-09-01,,blank
030200039_,2025-10-01,,blank
030200039_,2025-11-01,,blank
030200039_,2025-12-01,,blank
030200039_,2026-01-01,53.0,observed
030200039_,2026-02-01,51.0,observed
030200039_,2026-03-01,51.0,observed
030200039_,2026-04-01,36.0,observed
030200039_,2026-05-01,36.0,observed
030200039_,2026-06-01,,blank
030200039_,2026-07-01,,blank
030200039_,2026-08-01,,blank
030200039_,2026-09-01,,blank
030200028_,2024-01-01,52.0,observed
030200028_,2024-02-01,1.0,observed
030200028_,2024-03-01,1457.0,observed
030200028_,2024-04-01,2921.0,observed
030200028_,2024-05-01,4508.0,observed
030200028_,2024-06-01,4408.0,observed
030200028_,2024-07-01,4351.0,observed
030200028_,2024-08-01,4260.0,observed
030200028_,2024-09-01,4043.0,observed
030200028_,2024-10-01,5574.0,observed
030200028_,2024-11-01,2053.0,observed
030200028_,2024-12-01,1908.0,observed
030200028_,2025-01-01,3566.0,observed
030200028_,2025-02-01,1698.0,observed
030200028_,2025-03-01,1610.0,observed
030200028_,2025-04-01,1559.0,observed
030200028_,2025-05-01,1.0,observed
030200028_,2025-06-01,1.0,observed
030200028_,2025-07-01,1.0,observed
030200028_,2025-08-01,1.0,observed
030200028_,2025-09-01,1.0,observed
030200028_,2025-10-01,1.0,observed
030200028_,2025-11-01,841.0,observed
030200028_,2025-12-01,1.0,observed
030200028_,2026-01-01,1.0,observed
030200028_,2026-02-01,1.0,observed
030200028_,2026-03-01,1.0,observed
030200028_,2026-04-01,1.0,observed
030200028_,2026-05-01,1.0,observed
030200028_,2026-06-01,1.0,observed
030200028_,2026-07-01,1601.0,observed
030200028_,2026-08-01,1.0,observed
030200028_,2026-09-01,1.0,observed
030200029_,2024-01-01,9.0,observed
030200029_,2024-02-01,7.0,observed
030200029_,2024-03-01,482.0,observed
030200029_,2024-04-01,950.0,observed
030200029_,2024-05-01,1324.0,observed
030200029_,2024-06-01,1312.0,observed
030200029_,2024-07-01,1312.0,observed
030200029_,2024-08-01,2634.0,observed
030200029_,2024-09-01,2609.0,observed
030200029_,2024-10-01,2588.0,observed
030200029_,2024-11-01,2569.0,observed
030200029_,2024-12-01,2495.0,observed
030200029_,2025-01-01,2482.0,observed
030200029_,2025-02-01,2470.0,observed
030200029_,2025-03-01,2470.0,observed
030200029_,2025-04-01,2455.0,observed
030200029_,2025-05-01,2446.0,observed
030200029_,2025-06-01,1.0,observed
030200029_,2025-07-01,1.0,observed
030200029_,2025-08-01,1.0,observed
030200029_,2025-09-01,1.0,observed
030200029_,2025-10-01,1.0,observed
030200029_,2025-11-01,,blank
030200029_,2025-12-01,,blank
030200029_,2026-01-01,9.0,observed
030200029_,2026-02-01,9.0,observed
030200029_,2026-03-01,9.0,observed
030200029_,2026-04-01,9.0,observed
030200029_,2026-05-01,9.0,observed
030200029_,2026-06-01,,blank
030200029_,2026-07-01,,blank
030200029_,2026-08-01,,blank
030200029_,2026-09-01,,blank
030200032_,2024-01-01,825.0,observed
030200032_,2024-02-01,752.0,observed
030200032_,2024-03-01,397.0,observed
030200032_,2024-04-01,365.0,observed
030200032_,2024-05-01,921.0,observed
030200032_,2024-06-01,906.0,observed
030200032_,2024-07-01,866.0,observed
030200032_,2024-08-01,2138.0,observed
030200032_,2024-09-01,2110.0,observed
030200032_,2024-10-01,2104.0,observed
030200032_,2024-11-01,2072.0,observed
030200032_,2024-12-01,2037.0,observed
030200032_,2025-01-01,1753.0,observed
030200032_,2025-02-01,1721.0,observed
030200032_,2025-03-01,1678.0,observed
030200032_,2025-04-01,1594.0,observed
030200032_,2025-05-01,1597.0,observed
030200032_,2025-06-01,1.0,observed
030200032_,2025-07-01,1.0,observed
030200032_,2025-08-01,1.0,observed
030200032_,2025-09-01,1.0,observed
030200032_,2025-10-01,1.0,observed
030200032_,2025-11-01,,blank
030200032_,2025-12-01,,blank
030200032_,2026-01-01,,blank
030200032_,2026-02-01,,blank
030200032_,2026-03-01,,blank
030200032_,2026-04-01,,blank
030200032_,2026-05-01,,blank
030200032_,2026-06-01,,blank
030200032_,2026-07-01,200.0,observed
030200032_,2026-08-01,,blank
030200032_,2026-09-01,,blank
030200034_,2024-01-01,470.0,observed
030200034_,2024-02-01,55.0,observed
030200034_,2024-03-01,1185.0,observed
030200034_,2024-04-01,1525.0,observed
030200034_,2024-05-01,2751.0,observed
030200034_,2024-06-01,2621.0,observed
030200034_,2024-07-01,2838.0,observed
030200034_,2024-08-01,3126.0,observed
030200034_,2024-09-01,2966.0,observed
030200034_,2024-10-01,2868.0,observed
030200034_,2024-11-01,2780.0,observed
030200034_,2024-12-01,2579.0,observed
030200034_,2025-01-01,2601.0,observed
030200034_,2025-02-01,2524.0,observed
030200034_,2025-03-01,2340.0,observed
030200034_,2025-04-01,2229.0,observed
030200034_,2025-05-01,2091.0,observed
030200034_,2025-06-01,1.0,observed
030200034_,2025-07-01,1.0,observed
030200034_,2025-08-01,1.0,observed
030200034_,2025-09-01,1.0,observed
030200034_,2025-10-01,1.0,observed
030200034_,2025-11-01,,blank
030200034_,2025-12-01,,blank
030200034_,2026-01-01,119.0,observed
030200034_,2026-02-01,119.0,observed
030200034_,2026-03-01,99.0,observed
030200034_,2026-04-01,67.0,observed
030200034_,2026-05-01,67.0,observed
030200034_,2026-06-01,,blank
030200034_,2026-07-01,,blank
030200034_,2026-08-01,,blank
030200034_,2026-09-01,,blank
030200239_,2024-01-01,3088.0,observed
030200239_,2024-02-01,1810.0,observed
030200239_,2024-03-01,1708.0,observed
030200239_,2024-04-01,1656.0,observed
030200239_,2024-05-01,4056.0,observed
030200239_,2024-06-01,3998.0,observed
030200239_,2024-07-01,3946.0,observed
030200239_,2024-08-01,3826.0,observed
030200239_,2024-09-01,3544.0,observed
030200239_,2024-10-01,1550.0,observed
030200239_,2024-11-01,718.0,observed
030200239_,2024-12-01,581.0,observed
030200239_,2025-01-01,2752.0,observed
030200239_,2025-02-01,285.0,observed
030200239_,2025-03-01,190.0,observed
030200239_,2025-04-01,1.0,observed
030200239_,2025-05-01,1.0,observed
030200239_,2025-06-01,1.0,observed
030200239_,2025-07-01,1.0,observed
030200239_,2025-08-01,1.0,observed
030200239_,2025-09-01,1.0,observed
030200239_,2025-10-01,1.0,observed
030200239_,2025-11-01,1.0,observed
030200239_,2025-12-01,1.0,observed
030200239_,2026-01-01,1.0,observed
030200239_,2026-02-01,1.0,observed
030200239_,2026-03-01,1.0,observed
030200239_,2026-04-01,1.0,observed
030200239_,2026-05-01,1.0,observed
030200239_,2026-06-01,1.0,observed
030200239_,2026-07-01,1.0,observed
030200239_,2026-08-01,2657.0,observed
030200239_,2026-09-01,1.0,observed
030200240_,2024-01-01,2075.0,observed
030200240_,2024-02-01,89.0,observed
030200240_,2024-03-01,2094.0,observed
030200240_,2024-04-01,2476.0,observed
030200240_,2024-05-01,5293.0,observed
030200240_,2024-06-01,4980.0,observed
030200240_,2024-07-01,4901.0,observed
030200240_,2024-08-01,4483.0,observed
030200240_,2024-09-01,4398.0,observed
030200240_,2024-10-01,4027.0,observed
030200240_,2024-11-01,3897.0,observed
030200240_,2024-12-01,3663.0,observed
030200240_,2025-01-01,4378.0,observed
030200240_,2025-02-01,3182.0,observed
030200240_,2025-03-01,2249.0,observed
030200240_,2025-04-01,75.0,observed
030200240_,2025-05-01,75.0,observed
030200240_,2025-06-01,1.0,observed
030200240_,2025-07-01,1.0,observed
030200240_,2025-08-01,1345.0,observed
030200240_,2025-09-01,1.0,observed
030200240_,2025-10-01,1.0,observed
030200240_,2025-11-01,421.0,observed
030200240_,2025-12-01,1.0,observed
030200240_,2026-01-01,24.0,observed
030200240_,2026-02-01,23.0,observed
030200240_,2026-03-01,13.0,observed
030200240_,2026-04-01,8.0,observed
030200240_,2026-05-01,8.0,observed
030200240_,2026-06-01,961.0,observed
030200240_,2026-07-01,1921.0,observed
030200240_,2026-08-01,1.0,observed
030200240_,2026-09-01,1.0,observed
030200076_,2024-01-01,,blank
030200076_,2024-02-01,,blank
030200076_,2024-03-01,,blank
030200076_,2024-04-01,,blank
030200076_,2024-05-01,,blank
030200076_,2024-06-01,,blank
030200076_,2024-07-01,,blank
030200076_,2024-08-01,,blank
030200076_,2024-09-01,,blank
030200076_,2024-10-01,,blank
030200076_,2024-11-01,,blank
030200076_,2024-12-01,,blank
030200076_,2025-01-01,,blank
030200076_,2025-02-01,,blank
030200076_,2025-03-01,,blank
030200076_,2025-04-01,,blank
030200076_,2025-05-01,,blank
030200076_,2025-06-01,,blank
030200076_,2025-07-01,,blank
030200076_,2025-08-01,,blank
030200076_,2025-09-01,,blank
030200076_,2025-10-01,,blank
030200076_,2025-11-01,,blank
030200076_,2025-12-01,,blank
030200076_,2026-01-01,,blank
030200076_,2026-02-01,,blank
030200076_,2026-03-01,,blank
030200076_,2026-04-01,,blank
030200076_,2026-05-01,,blank
030200076_,2026-06-01,,blank
030200076_,2026-07-01,,blank
030200076_,2026-08-01,,blank
030200076_,2026-09-01,,blank
030200060_,2024-01-01,,blank
030200060_,2024-02-01,,blank
030200060_,2024-03-01,,blank
030200060_,2024-04-01,,blank
030200060_,2024-05-01,,blank
030200060_,2024-06-01,,blank
030200060_,2024-07-01,,blank
030200060_,2024-08-01,12.0,observed
030200060_,2024-09-01,12.0,observed
030200060_,2024-10-01,12.0,observed
030200060_,2024-11-01,12.0,observed
030200060_,2024-12-01,12.0,observed
030200060_,2025-01-01,12.0,observed
030200060_,2025-02-01,9.0,observed
030200060_,2025-03-01,9.0,observed
030200060_,2025-04-01,9.0,observed
030200060_,2025-05-01,9.0,observed
030200060_,2025-06-01,9.0,observed
030200060_,2025-07-01,9.0,observed
030200060_,2025-08-01,9.0,observed
030200060_,2025-09-01,9.0,observed
030200060_,2025-10-01,9.0,observed
030200060_,2025-11-01,9.0,observed
030200060_,2025-12-01,9.0,observed
030200060_,2026-01-01,9.0,observed
030200060_,2026-02-01,9.0,observed
030200060_,2026-03-01,9.0,observed
030200060_,2026-04-01,9.0,observed
030200060_,2026-05-01,9.0,observed
030200060_,2026-06-01,9.0,observed
030200060_,2026-07-01,9.0,observed
030200060_,2026-08-01,9.0,observed
030200060_,2026-09-01,9.0,observed
030200372_,2024-01-01,4.0,observed
030200372_,2024-02-01,4.0,observed
030200372_,2024-03-01,4.0,observed
030200372_,2024-04-01,4.0,observed
030200372_,2024-05-01,4.0,observed
030200372_,2024-06-01,4.0,observed
030200372_,2024-07-01,4.0,observed
030200372_,2024-08-01,4.0,observed
030200372_,2024-09-01,4.0,observed
030200372_,2024-10-01,4.0,observed
030200372_,2024-11-01,3.0,observed
030200372_,2024-12-01,3.0,observed
030200372_,2025-01-01,3.0,observed
030200372_,2025-02-01,3.0,observed
030200372_,2025-03-01,3.0,observed
030200372_,2025-04-01,3.0,observed
030200372_,2025-05-01,3.0,observed
030200372_,2025-06-01,3.0,observed
030200372_,2025-07-01,3.0,observed
030200372_,2025-08-01,3.0,observed
030200372_,2025-09-01,3.0,observed
030200372_,2025-10-01,3.0,observed
030200372_,2025-11-01,3.0,observed
030200372_,2025-12-01,,blank
030200372_,2026-01-01,,blank
030200372_,2026-02-01,,blank
030200372_,2026-03-01,,blank
030200372_,2026-04-01,,blank
030200372_,2026-05-01,,blank
030200372_,2026-06-01,,blank
030200372_,2026-07-01,,blank
030200372_,2026-08-01,,blank
030200372_,2026-09-01,,blank
030200379_,2024-01-01,3.0,observed
030200379_,2024-02-01,3.0,observed
030200379_,2024-03-01,3.0,observed
030200379_,2024-04-01,3.0,observed
030200379_,2024-05-01,3.0,observed
030200379_,2024-06-01,3.0,observed
030200379_,2024-07-01,3.0,observed
030200379_,2024-08-01,3.0,observed
030200379_,2024-09-01,3.0,observed
030200379_,2024-10-01,3.0,observed
030200379_,2024-11-01,3.0,observed
030200379_,2024-12-01,3.0,observed
030200379_,2025-01-01,3.0,observed
030200379_,2025-02-01,2.0,observed
030200379_,2025-03-01,2.0,observed
030200379_,2025-04-01,2.0,observed
030200379_,2025-05-01,2.0,observed
030200379_,2025-06-01,10.0,observed
030200379_,2025-07-01,10.0,observed
030200379_,2025-08-01,10.0,observed
030200379_,2025-09-01,10.0,observed
030200379_,2025-10-01,10.0,observed
030200379_,2025-11-01,9.0,observed
030200379_,2025-12-01,,blank
030200379_,2026-01-01,,blank
030200379_,2026-02-01,,blank
030200379_,2026-03-01,,blank
030200379_,2026-04-01,,blank
030200379_,2026-05-01,,blank
030200379_,2026-06-01,,blank
030200379_,2026-07-01,,blank
030200379_,2026-08-01,,blank
030200379_,2026-09-01,,blank
030200042_,2024-01-01,,blank
030200042_,2024-02-01,,blank
030200042_,2024-03-01,,blank
030200042_,2024-04-01,,blank
030200042_,2024-05-01,,blank
030200042_,2024-06-01,,blank
030200042_,2024-07-01,,blank
030200042_,2024-08-01,47.0,observed
030200042_,2024-09-01,47.0,observed
030200042_,2024-10-01,47.0,observed
030200042_,2024-11-01,47.0,observed
030200042_,2024-12-01,47.0,observed
030200042_,2025-01-01,47.0,observed
030200042_,2025-02-01,38.0,observed
030200042_,2025-03-01,38.0,observed
030200042_,2025-04-01,38.0,observed
030200042_,2025-05-01,38.0,observed
030200042_,2025-06-01,38.0,observed
030200042_,2025-07-01,38.0,observed
030200042_,2025-08-01,38.0,observed
030200042_,2025-09-01,38.0,observed
030200042_,2025-10-01,38.0,observed
030200042_,2025-11-01,38.0,observed
030200042_,2025-12-01,38.0,observed
030200042_,2026-01-01,,blank
030200042_,2026-02-01,,blank
030200042_,2026-03-01,,blank
030200042_,2026-04-01,,blank
030200042_,2026-05-01,,blank
030200042_,2026-06-01,,blank
030200042_,2026-07-01,,blank
030200042_,2026-08-01,,blank
030200042_,2026-09-01,,blank
030200105_,2024-01-01,,blank
030200105_,2024-02-01,,blank
030200105_,2024-03-01,,blank
030200105_,2024-04-01,,blank
030200105_,2024-05-01,,blank
030200105_,2024-06-01,,blank
030200105_,2024-07-01,,blank
030200105_,2024-08-01,24.0,observed
030200105_,2024-09-01,24.0,observed
030200105_,2024-10-01,24.0,observed
030200105_,2024-11-01,24.0,observed
030200105_,2024-12-01,24.0,observed
030200105_,2025-01-01,24.0,observed
030200105_,2025-02-01,24.0,observed
030200105_,2025-03-01,24.0,observed
030200105_,2025-04-01,24.0,observed
030200105_,2025-05-01,24.0,observed
030200105_,2025-06-01,24.0,observed
030200105_,2025-07-01,24.0,observed
030200105_,2025-08-01,24.0,observed
030200105_,2025-09-01,24.0,observed
030200105_,2025-10-01,24.0,observed
030200105_,2025-11-01,24.0,observed
030200105_,2025-12-01,24.0,observed
030200105_,2026-01-01,,blank
030200105_,2026-02-01,,blank
030200105_,2026-03-01,,blank
030200105_,2026-04-01,,blank
030200105_,2026-05-01,,blank
030200105_,2026-06-01,,blank
030200105_,2026-07-01,,blank
030200105_,2026-08-01,,blank
030200105_,2026-09-01,,blank
030200045_,2024-01-01,,blank
030200045_,2024-02-01,,blank
030200045_,2024-03-01,,blank
030200045_,2024-04-01,,blank
030200045_,2024-05-01,,blank
030200045_,2024-06-01,,blank
030200045_,2024-07-01,,blank
030200045_,2024-08-01,27.0,observed
030200045_,2024-09-01,27.0,observed
030200045_,2024-10-01,27.0,observed
030200045_,2024-11-01,27.0,observed
030200045_,2024-12-01,27.0,observed
030200045_,2025-01-01,27.0,observed
030200045_,2025-02-01,27.0,observed
030200045_,2025-03-01,27.0,observed
030200045_,2025-04-01,27.0,observed
030200045_,2025-05-01,27.0,observed
030200045_,2025-06-01,27.0,observed
030200045_,2025-07-01,27.0,observed
030200045_,2025-08-01,27.0,observed
030200045_,2025-09-01,27.0,observed
030200045_,2025-10-01,27.0,observed
030200045_,2025-11-01,27.0,observed
030200045_,2025-12-01,27.0,observed
030200045_,2026-01-01,,blank
030200045_,2026-02-01,,blank
030200045_,2026-03-01,,blank
030200045_,2026-04-01,,blank
030200045_,2026-05-01,,blank
030200045_,2026-06-01,,blank
030200045_,2026-07-01,,blank
030200045_,2026-08-01,,blank
030200045_,2026-09-01,,blank
030200047_,2024-01-01,,blank
030200047_,2024-02-01,,blank
030200047_,2024-03-01,,blank
030200047_,2024-04-01,,blank
030200047_,2024-05-01,,blank
030200047_,2024-06-01,,blank
030200047_,2024-07-01,,blank
030200047_,2024-08-01,39.0,observed
030200047_,2024-09-01,39.0,observed
030200047_,2024-10-01,39.0,observed
030200047_,2024-11-01,39.0,observed
030200047_,2024-12-01,39.0,observed
030200047_,2025-01-01,39.0,observed
030200047_,2025-02-01,39.0,observed
030200047_,2025-03-01,39.0,observed
030200047_,2025-04-01,39.0,observed
030200047_,2025-05-01,39.0,observed
030200047_,2025-06-01,39.0,observed
030200047_,2025-07-01,39.0,observed
030200047_,2025-08-01,39.0,observed
030200047_,2025-09-01,39.0,observed
030200047_,2025-10-01,39.0,observed
030200047_,2025-11-01,39.0,observed
030200047_,2025-12-01,39.0,observed
030200047_,2026-01-01,,blank
030200047_,2026-02-01,,blank
030200047_,2026-03-01,,blank
030200047_,2026-04-01,,blank
030200047_,2026-05-01,,blank
030200047_,2026-06-01,,blank
030200047_,2026-07-01,,blank
030200047_,2026-08-01,,blank
030200047_,2026-09-01,,blank
030200062_,2024-01-01,,blank
030200062_,2024-02-01,,blank
030200062_,2024-03-01,,blank
030200062_,2024-04-01,,blank
030200062_,2024-05-01,,blank
030200062_,2024-06-01,,blank
030200062_,2024-07-01,,blank
030200062_,2024-08-01,403.0,observed
030200062_,2024-09-01,403.0,observed
030200062_,2024-10-01,403.0,observed
030200062_,2024-11-01,403.0,observed
030200062_,2024-12-01,403.0,observed
030200062_,2025-01-01,403.0,observed
030200062_,2025-02-01,403.0,observed
030200062_,2025-03-01,403.0,observed
030200062_,2025-04-01,403.0,observed
030200062_,2025-05-01,403.0,observed
030200062_,2025-06-01,403.0,observed
030200062_,2025-07-01,403.0,observed
030200062_,2025-08-01,403.0,observed
030200062_,2025-09-01,403.0,observed
030200062_,2025-10-01,403.0,observed
030200062_,2025-11-01,403.0,observed
030200062_,2025-12-01,403.0,observed
030200062_,2026-01-01,,blank
030200062_,2026-02-01,,blank
030200062_,2026-03-01,,blank
030200062_,2026-04-01,,blank
030200062_,2026-05-01,,blank
030200062_,2026-06-01,,blank
030200062_,2026-07-01,,blank
030200062_,2026-08-01,,blank
030200062_,2026-09-01,,blank
030200026_,2024-01-01,502.0,observed
030200026_,2024-02-01,261.0,observed
030200026_,2024-03-01,44.0,observed
030200026_,2024-04-01,2.0,observed
030200026_,2024-05-01,1.0,observed
030200026_,2024-06-01,1.0,observed
030200026_,2024-07-01,1.0,observed
030200026_,2024-08-01,2.0,observed
030200026_,2024-09-01,2.0,observed
030200026_,2024-10-01,1.0,observed
030200026_,2024-11-01,1.0,observed
030200026_,2024-12-01,1.0,observed
030200026_,2025-01-01,1.0,observed
030200026_,2025-02-01,1.0,observed
030200026_,2025-03-01,1.0,observed
030200026_,2025-04-01,1.0,observed
030200026_,2025-05-01,1.0,observed
030200026_,2025-06-01,1.0,observed
030200026_,2025-07-01,1.0,observed
030200026_,2025-08-01,1.0,observed
030200026_,2025-09-01,1.0,observed
030200026_,2025-10-01,1.0,observed
030200026_,2025-11-01,1.0,observed
030200026_,2025-12-01,1.0,observed
030200026_,2026-01-01,5.0,observed
030200026_,2026-02-01,5.0,observed
030200026_,2026-03-01,5.0,observed
030200026_,2026-04-01,5.0,observed
030200026_,2026-05-01,5.0,observed
030200026_,2026-06-01,4.0,observed
030200026_,2026-07-01,4.0,observed
030200026_,2026-08-01,4.0,observed
030200026_,2026-09-01,4.0,observed
030200025_,2024-01-01,81.0,observed
030200025_,2024-02-01,70.0,observed
030200025_,2024-03-01,8.0,observed
030200025_,2024-04-01,2.0,observed
030200025_,2024-05-01,2.0,observed
030200025_,2024-06-01,2.0,observed
030200025_,2024-07-01,2.0,observed
030200025_,2024-08-01,4.0,observed
030200025_,2024-09-01,4.0,observed
030200025_,2024-10-01,3.0,observed
030200025_,2024-11-01,3.0,observed
030200025_,2024-12-01,3.0,observed
030200025_,2025-01-01,3.0,observed
030200025_,2025-02-01,3.0,observed
030200025_,2025-03-01,3.0,observed
030200025_,2025-04-01,3.0,observed
030200025_,2025-05-01,3.0,observed
030200025_,2025-06-01,3.0,observed
030200025_,2025-07-01,3.0,observed
030200025_,2025-08-01,3.0,observed
030200025_,2025-09-01,3.0,observed
030200025_,2025-10-01,3.0,observed
030200025_,2025-11-01,3.0,observed
030200025_,2025-12-01,3.0,observed
030200025_,2026-01-01,1.0,observed
030200025_,2026-02-01,1.0,observed
030200025_,2026-03-01,1.0,observed
030200025_,2026-04-01,1.0,observed
030200025_,2026-05-01,1.0,observed
030200025_,2026-06-01,1.0,observed
030200025_,2026-07-01,1.0,observed
030200025_,2026-08-01,1.0,observed
030200025_,2026-09-01,1.0,observed
030200027_,2024-01-01,107.0,observed
030200027_,2024-02-01,99.0,observed
030200027_,2024-03-01,95.0,observed
030200027_,2024-04-01,110.0,observed
030200027_,2024-05-01,110.0,observed
030200027_,2024-06-01,91.0,observed
030200027_,2024-07-01,91.0,observed
030200027_,2024-08-01,91.0,observed
030200027_,2024-09-01,90.0,observed
030200027_,2024-10-01,90.0,observed
030200027_,2024-11-01,45.0,observed
030200027_,2024-12-01,45.0,observed
030200027_,2025-01-01,45.0,observed
030200027_,2025-02-01,45.0,observed
030200027_,2025-03-01,45.0,observed
030200027_,2025-04-01,45.0,observed
030200027_,2025-05-01,45.0,observed
030200027_,2025-06-01,45.0,observed
030200027_,2025-07-01,38.0,observed
030200027_,2025-08-01,33.0,observed
030200027_,2025-09-01,33.0,observed
030200027_,2025-10-01,27.0,observed
030200027_,2025-11-01,27.0,observed
030200027_,2025-12-01,26.0,observed
030200027_,2026-01-01,26.0,observed
030200027_,2026-02-01,26.0,observed
030200027_,2026-03-01,26.0,observed
030200027_,2026-04-01,26.0,observed
030200027_,2026-05-01,26.0,observed
030200027_,2026-06-01,23.0,observed
030200027_,2026-07-01,21.0,observed
030200027_,2026-08-01,21.0,observed
030200027_,2026-09-01,21.0,observed
030200052_,2024-01-01,8.0,observed
030200052_,2024-02-01,1.0,observed
030200052_,2024-03-01,1.0,observed
030200052_,2024-04-01,1.0,observed
030200052_,2024-05-01,1.0,observed
030200052_,2024-06-01,1.0,observed
030200052_,2024-07-01,1.0,observed
030200052_,2024-08-01,1.0,observed
030200052_,2024-09-01,1.0,observed
030200052_,2024-10-01,1.0,observed
030200052_,2024-11-01,1.0,observed
030200052_,2024-12-01,1.0,observed
030200052_,2025-01-01,1.0,observed
030200052_,2025-02-01,1.0,observed
030200052_,2025-03-01,1.0,observed
030200052_,2025-04-01,1.0,observed
030200052_,2025-05-01,1.0,observed
030200052_,2025-06-01,1.0,observed
030200052_,2025-07-01,1.0,observed
030200052_,2025-08-01,1.0,observed
030200052_,2025-09-01,1.0,observed
030200052_,2025-10-01,1.0,observed
030200052_,2025-11-01,,blank
030200052_,2025-12-01,,blank
030200052_,2026-01-01,,blank
030200052_,2026-02-01,,blank
030200052_,2026-03-01,,blank
030200052_,2026-04-01,,blank
030200052_,2026-05-01,,blank
030200052_,2026-06-01,,blank
030200052_,2026-07-01,,blank
030200052_,2026-08-01,,blank
030200052_,2026-09-01,,blank
030200053_,2024-01-01,2.0,observed
030200053_,2024-02-01,2.0,observed
030200053_,2024-03-01,2.0,observed
030200053_,2024-04-01,2.0,observed
030200053_,2024-05-01,2.0,observed
030200053_,2024-06-01,2.0,observed
030200053_,2024-07-01,1.0,observed
030200053_,2024-08-01,1.0,observed
030200053_,2024-09-01,1.0,observed
030200053_,2024-10-01,1.0,observed
030200053_,2024-11-01,1.0,observed
030200053_,2024-12-01,1.0,observed
030200053_,2025-01-01,1.0,observed
030200053_,2025-02-01,1.0,observed
030200053_,2025-03-01,1.0,observed
030200053_,2025-04-01,1.0,observed
030200053_,2025-05-01,1.0,observed
030200053_,2025-06-01,1.0,observed
030200053_,2025-07-01,1.0,observed
030200053_,2025-08-01,1.0,observed
030200053_,2025-09-01,1.0,observed
030200053_,2025-10-01,1.0,observed
030200053_,2025-11-01,,blank
030200053_,2025-12-01,,blank
030200053_,2026-01-01,,blank
030200053_,2026-02-01,,blank
030200053_,2026-03-01,,blank
030200053_,2026-04-01,,blank
030200053_,2026-05-01,,blank
030200053_,2026-06-01,,blank
030200053_,2026-07-01,,blank
030200053_,2026-08-01,,blank
030200053_,2026-09-01,,blank
030200054_,2024-01-01,17.0,observed
030200054_,2024-02-01,17.0,observed
030200054_,2024-03-01,17.0,observed
030200054_,2024-04-01,17.0,observed
030200054_,2024-05-01,17.0,observed
030200054_,2024-06-01,17.0,observed
030200054_,2024-07-01,17.0,observed
030200054_,2024-08-01,17.0,observed
030200054_,2024-09-01,17.0,observed
030200054_,2024-10-01,17.0,observed
030200054_,2024-11-01,17.0,observed
030200054_,2024-12-01,17.0,observed
030200054_,2025-01-01,17.0,observed
030200054_,2025-02-01,17.0,observed
030200054_,2025-03-01,17.0,observed
030200054_,2025-04-01,17.0,observed
030200054_,2025-05-01,17.0,observed
030200054_,2025-06-01,17.0,observed
030200054_,2025-07-01,17.0,observed
030200054_,2025-08-01,17.0,observed
030200054_,2025-09-01,17.0,observed
030200054_,2025-10-01,17.0,observed
030200054_,2025-11-01,17.0,observed
030200054_,2025-12-01,17.0,observed
030200054_,2026-01-01,19.0,observed
030200054_,2026-02-01,19.0,observed
030200054_,2026-03-01,19.0,observed
030200054_,2026-04-01,18.0,observed
030200054_,2026-05-01,18.0,observed
030200054_,2026-06-01,18.0,observed
030200054_,2026-07-01,18.0,observed
030200054_,2026-08-01,18.0,observed
030200054_,2026-09-01,18.0,observed
030200184_,2024-01-01,13.0,observed
030200184_,2024-02-01,13.0,observed
030200184_,2024-03-01,13.0,observed
030200184_,2024-04-01,13.0,observed
030200184_,2024-05-01,13.0,observed
030200184_,2024-06-01,13.0,observed
030200184_,2024-07-01,13.0,observed
030200184_,2024-08-01,13.0,observed
030200184_,2024-09-01,13.0,observed
030200184_,2024-10-01,13.0,observed
030200184_,2024-11-01,13.0,observed
030200184_,2024-12-01,13.0,observed
030200184_,2025-01-01,13.0,observed
030200184_,2025-02-01,13.0,observed
030200184_,2025-03-01,13.0,observed
030200184_,2025-04-01,13.0,observed
030200184_,2025-05-01,13.0,observed
030200184_,2025-06-01,13.0,observed
030200184_,2025-07-01,13.0,observed
030200184_,2025-08-01,13.0,observed
030200184_,2025-09-01,13.0,observed
030200184_,2025-10-01,13.0,observed
030200184_,2025-11-01,13.0,observed
030200184_,2025-12-01,13.0,observed
030200184_,2026-01-01,,blank
030200184_,2026-02-01,,blank
030200184_,2026-03-01,,blank
030200184_,2026-04-01,,blank
030200184_,2026-05-01,,blank
030200184_,2026-06-01,,blank
030200184_,2026-07-01,,blank
030200184_,2026-08-01,,blank
030200184_,2026-09-01,,blank
030200183_,2024-01-01,93.0,observed
030200183_,2024-02-01,93.0,observed
030200183_,2024-03-01,93.0,observed
030200183_,2024-04-01,93.0,observed
030200183_,2024-05-01,93.0,observed
030200183_,2024-06-01,93.0,observed
030200183_,2024-07-01,93.0,observed
030200183_,2024-08-01,93.0,observed
030200183_,2024-09-01,93.0,observed
030200183_,2024-10-01,93.0,observed
030200183_,2024-11-01,93.0,observed
030200183_,2024-12-01,93.0,observed
030200183_,2025-01-01,93.0,observed
030200183_,2025-02-01,93.0,observed
030200183_,2025-03-01,93.0,observed
030200183_,2025-04-01,88.0,observed
030200183_,2025-05-01,88.0,observed
030200183_,2025-06-01,88.0,observed
030200183_,2025-07-01,88.0,observed
030200183_,2025-08-01,88.0,observed
030200183_,2025-09-01,88.0,observed
030200183_,2025-10-01,88.0,observed
030200183_,2025-11-01,88.0,observed
030200183_,2025-12-01,88.0,observed
030200183_,2026-01-01,88.0,observed
030200183_,2026-02-01,88.0,observed
030200183_,2026-03-01,88.0,observed
030200183_,2026-04-01,88.0,observed
030200183_,2026-05-01,88.0,observed
030200183_,2026-06-01,88.0,observed
030200183_,2026-07-01,88.0,observed
030200183_,2026-08-01,88.0,observed
030200183_,2026-09-01,88.0,observed
030200194_,2024-01-01,2.0,observed
030200194_,2024-02-01,2.0,observed
030200194_,2024-03-01,2.0,observed
030200194_,2024-04-01,2.0,observed
030200194_,2024-05-01,2.0,observed
030200194_,2024-06-01,2.0,observed
030200194_,2024-07-01,2.0,observed
030200194_,2024-08-01,2.0,observed
030200194_,2024-09-01,2.0,observed
030200194_,2024-10-01,2.0,observed
030200194_,2024-11-01,2.0,observed
030200194_,2024-12-01,2.0,observed
030200194_,2025-01-01,2.0,observed
030200194_,2025-02-01,2.0,observed
030200194_,2025-03-01,2.0,observed
030200194_,2025-04-01,2.0,observed
030200194_,2025-05-01,2.0,observed
030200194_,2025-06-01,2.0,observed
030200194_,2025-07-01,2.0,observed
030200194_,2025-08-01,2.0,observed
030200194_,2025-09-01,2.0,observed
030200194_,2025-10-01,2.0,observed
030200194_,2025-11-01,2.0,observed
030200194_,2025-12-01,2.0,observed
030200194_,2026-01-01,2.0,observed
030200194_,2026-02-01,2.0,observed
030200194_,2026-03-01,2.0,observed
030200194_,2026-04-01,2.0,observed
030200194_,2026-05-01,2.0,observed
030200194_,2026-06-01,2.0,observed
030200194_,2026-07-01,2.0,observed
030200194_,2026-08-01,2.0,observed
030200194_,2026-09-01,2.0,observed
030200179_,2024-01-01,2.0,observed
030200179_,2024-02-01,2.0,observed
030200179_,2024-03-01,2.0,observed
030200179_,2024-04-01,2.0,observed
030200179_,2024-05-01,2.0,observed
030200179_,2024-06-01,2.0,observed
030200179_,2024-07-01,2.0,observed
030200179_,2024-08-01,2.0,observed
030200179_,2024-09-01,2.0,observed
030200179_,2024-10-01,2.0,observed
030200179_,2024-11-01,2.0,observed
030200179_,2024-12-01,2.0,observed
030200179_,2025-01-01,2.0,observed
030200179_,2025-02-01,2.0,observed
030200179_,2025-03-01,2.0,observed
030200179_,2025-04-01,2.0,observed
030200179_,2025-05-01,2.0,observed
030200179_,2025-06-01,2.0,observed
030200179_,2025-07-01,2.0,observed
030200179_,2025-08-01,2.0,observed
030200179_,2025-09-01,2.0,observed
030200179_,2025-10-01,2.0,observed
030200179_,2025-11-01,2.0,observed
030200179_,2025-12-01,2.0,observed
030200179_,2026-01-01,2.0,observed
030200179_,2026-02-01,2.0,observed
030200179_,2026-03-01,2.0,observed
030200179_,2026-04-01,2.0,observed
030200179_,2026-05-01,2.0,observed
030200179_,2026-06-01,2.0,observed
030200179_,2026-07-01,2.0,observed
030200179_,2026-08-01,2.0,observed
030200179_,2026-09-01,2.0,observed
030200191_,2024-01-01,54.0,observed
030200191_,2024-02-01,54.0,observed
030200191_,2024-03-01,52.0,observed
030200191_,2024-04-01,51.0,observed
030200191_,2024-05-01,64.0,observed
030200191_,2024-06-01,64.0,observed
030200191_,2024-07-01,64.0,observed
030200191_,2024-08-01,64.0,observed
030200191_,2024-09-01,64.0,observed
030200191_,2024-10-01,64.0,observed
030200191_,2024-11-01,64.0,observed
030200191_,2024-12-01,64.0,observed
030200191_,2025-01-01,51.0,observed
030200191_,2025-02-01,51.0,observed
030200191_,2025-03-01,49.0,observed
030200191_,2025-04-01,49.0,observed
030200191_,2025-05-01,49.0,observed
030200191_,2025-06-01,49.0,observed
030200191_,2025-07-01,45.0,observed
030200191_,2025-08-01,45.0,observed
030200191_,2025-09-01,1.0,observed
030200191_,2025-10-01,1.0,observed
030200191_,2025-11-01,1.0,observed
030200191_,2025-12-01,1.0,observed
030200191_,2026-01-01,3.0,observed
030200191_,2026-02-01,2.0,observed
030200191_,2026-03-01,2.0,observed
030200191_,2026-04-01,2.0,observed
030200191_,2026-05-01,2.0,observed
030200191_,2026-06-01,2.0,observed
030200191_,2026-07-01,2.0,observed
030200191_,2026-08-01,2.0,observed
030200191_,2026-09-01,2.0,observed
030200175_,2024-01-01,16.0,observed
030200175_,2024-02-01,16.0,observed
030200175_,2024-03-01,16.0,observed
030200175_,2024-04-01,14.0,observed
030200175_,2024-05-01,10.0,observed
030200175_,2024-06-01,10.0,observed
030200175_,2024-07-01,10.0,observed
030200175_,2024-08-01,10.0,observed
030200175_,2024-09-01,10.0,observed
030200175_,2024-10-01,10.0,observed
030200175_,2024-11-01,10.0,observed
030200175_,2024-12-01,7.0,observed
030200175_,2025-01-01,7.0,observed
030200175_,2025-02-01,7.0,observed
030200175_,2025-03-01,7.0,observed
030200175_,2025-04-01,7.0,observed
030200175_,2025-05-01,7.0,observed
030200175_,2025-06-01,2.0,observed
030200175_,2025-07-01,2.0,observed
030200175_,2025-08-01,2.0,observed
030200175_,2025-09-01,2.0,observed
030200175_,2025-10-01,2.0,observed
030200175_,2025-11-01,2.0,observed
030200175_,2025-12-01,2.0,observed
030200175_,2026-01-01,2.0,observed
030200175_,2026-02-01,2.0,observed
030200175_,2026-03-01,2.0,observed
030200175_,2026-04-01,2.0,observed
030200175_,2026-05-01,2.0,observed
030200175_,2026-06-01,2.0,observed
030200175_,2026-07-01,2.0,observed
030200175_,2026-08-01,2.0,observed
030200175_,2026-09-01,2.0,observed
030200174_,2024-01-01,,blank
030200174_,2024-02-01,,blank
030200174_,2024-03-01,,blank
030200174_,2024-04-01,,blank
030200174_,2024-05-01,,blank
030200174_,2024-06-01,,blank
030200174_,2024-07-01,,blank
030200174_,2024-08-01,,blank
030200174_,2024-09-01,,blank
030200174_,2024-10-01,,blank
030200174_,2024-11-01,,blank
030200174_,2024-12-01,,blank
030200174_,2025-01-01,,blank
030200174_,2025-02-01,,blank
030200174_,2025-03-01,,blank
030200174_,2025-04-01,,blank
030200174_,2025-05-01,,blank
030200174_,2025-06-01,,blank
030200174_,2025-07-01,,blank
030200174_,2025-08-01,,blank
030200174_,2025-09-01,,blank
030200174_,2025-10-01,,blank
030200174_,2025-11-01,,blank
030200174_,2025-12-01,,blank
030200174_,2026-01-01,,blank
030200174_,2026-02-01,,blank
030200174_,2026-03-01,,blank
030200174_,2026-04-01,,blank
030200174_,2026-05-01,,blank
030200174_,2026-06-01,,blank
030200174_,2026-07-01,,blank
030200174_,2026-08-01,,blank
030200174_,2026-09-01,,blank
030200176_,2024-01-01,14.0,observed
030200176_,2024-02-01,14.0,observed
030200176_,2024-03-01,32.0,observed
030200176_,2024-04-01,1.0,observed
030200176_,2024-05-01,22.0,observed
030200176_,2024-06-01,22.0,observed
030200176_,2024-07-01,22.0,observed
030200176_,2024-08-01,21.0,observed
030200176_,2024-09-01,21.0,observed
030200176_,2024-10-01,21.0,observed
030200176_,2024-11-01,20.0,observed
030200176_,2024-12-01,6.0,observed
030200176_,2025-01-01,18.0,observed
030200176_,2025-02-01,16.0,observed
030200176_,2025-03-01,14.0,observed
030200176_,2025-04-01,1.0,observed
030200176_,2025-05-01,1.0,observed
030200176_,2025-06-01,25.0,observed
030200176_,2025-07-01,25.0,observed
030200176_,2025-08-01,25.0,observed
030200176_,2025-09-01,25.0,observed
030200176_,2025-10-01,25.0,observed
030200176_,2025-11-01,25.0,observed
030200176_,2025-12-01,10.0,observed
030200176_,2026-01-01,8.0,observed
030200176_,2026-02-01,7.0,observed
030200176_,2026-03-01,7.0,observed
030200176_,2026-04-01,7.0,observed
030200176_,2026-05-01,6.0,observed
030200176_,2026-06-01,6.0,observed
030200176_,2026-07-01,6.0,observed
030200176_,2026-08-01,4.0,observed
030200176_,2026-09-01,1.0,observed
030200247_,2024-01-01,158.0,observed
030200247_,2024-02-01,155.0,observed
030200247_,2024-03-01,193.0,observed
030200247_,2024-04-01,171.0,observed
030200247_,2024-05-01,297.0,observed
030200247_,2024-06-01,252.0,observed
030200247_,2024-07-01,214.0,observed
030200247_,2024-08-01,196.0,observed
030200247_,2024-09-01,150.0,observed
030200247_,2024-10-01,170.0,observed
030200247_,2024-11-01,151.0,observed
030200247_,2024-12-01,147.0,observed
030200247_,2025-01-01,115.0,observed
030200247_,2025-02-01,107.0,observed
030200247_,2025-03-01,107.0,observed
030200247_,2025-04-01,66.0,observed
030200247_,2025-05-01,39.0,observed
030200247_,2025-06-01,35.0,observed
030200247_,2025-07-01,49.0,observed
030200247_,2025-08-01,47.0,observed
030200247_,2025-09-01,47.0,observed
030200247_,2025-10-01,25.0,observed
030200247_,2025-11-01,24.0,observed
030200247_,2025-12-01,1.0,observed
030200247_,2026-01-01,2.0,observed
030200247_,2026-02-01,2.0,observed
030200247_,2026-03-01,2.0,observed
030200247_,2026-04-01,2.0,observed
030200247_,2026-05-01,1.0,observed
030200247_,2026-06-01,1.0,observed
030200247_,2026-07-01,1.0,observed
030200247_,2026-08-01,1.0,observed
030200247_,2026-09-01,1.0,observed
030200246_,2024-01-01,42.0,observed
030200246_,2024-02-01,42.0,observed
030200246_,2024-03-01,42.0,observed
030200246_,2024-04-01,38.0,observed
030200246_,2024-05-01,38.0,observed
030200246_,2024-06-01,38.0,observed
030200246_,2024-07-01,22.0,observed
030200246_,2024-08-01,17.0,observed
030200246_,2024-09-01,5.0,observed
030200246_,2024-10-01,17.0,observed
030200246_,2024-11-01,11.0,observed
030200246_,2024-12-01,28.0,observed
030200246_,2025-01-01,21.0,observed
030200246_,2025-02-01,21.0,observed
030200246_,2025-03-01,21.0,observed
030200246_,2025-04-01,21.0,observed
030200246_,2025-05-01,21.0,observed
030200246_,2025-06-01,21.0,observed
030200246_,2025-07-01,39.0,observed
030200246_,2025-08-01,56.0,observed
030200246_,2025-09-01,56.0,observed
030200246_,2025-10-01,56.0,observed
030200246_,2025-11-01,56.0,observed
030200246_,2025-12-01,46.0,observed
030200246_,2026-01-01,,blank
030200246_,2026-02-01,,blank
030200246_,2026-03-01,,blank
030200246_,2026-04-01,,blank
030200246_,2026-05-01,,blank
030200246_,2026-06-01,,blank
030200246_,2026-07-01,,blank
030200246_,2026-08-01,,blank
030200246_,2026-09-01,,blank
030200243_,2024-01-01,121.0,observed
030200243_,2024-02-01,102.0,observed
030200243_,2024-03-01,77.0,observed
030200243_,2024-04-01,65.0,observed
030200243_,2024-05-01,164.0,observed
030200243_,2024-06-01,147.0,observed
030200243_,2024-07-01,134.0,observed
030200243_,2024-08-01,114.0,observed
030200243_,2024-09-01,99.0,observed
030200243_,2024-10-01,106.0,observed
030200243_,2024-11-01,97.0,observed
030200243_,2024-12-01,107.0,observed
030200243_,2025-01-01,94.0,observed
030200243_,2025-02-01,87.0,observed
030200243_,2025-03-01,86.0,observed
030200243_,2025-04-01,81.0,observed
030200243_,2025-05-01,72.0,observed
030200243_,2025-06-01,68.0,observed
030200243_,2025-07-01,84.0,observed
030200243_,2025-08-01,102.0,observed
030200243_,2025-09-01,102.0,observed
030200243_,2025-10-01,101.0,observed
030200243_,2025-11-01,99.0,observed
030200243_,2025-12-01,99.0,observed
030200243_,2026-01-01,98.0,observed
030200243_,2026-02-01,98.0,observed
030200243_,2026-03-01,98.0,observed
030200243_,2026-04-01,92.0,observed
030200243_,2026-05-01,91.0,observed
030200243_,2026-06-01,91.0,observed
030200243_,2026-07-01,91.0,observed
030200243_,2026-08-01,90.0,observed
030200243_,2026-09-01,21.0,observed
030200244_,2024-01-01,46.0,observed
030200244_,2024-02-01,46.0,observed
030200244_,2024-03-01,46.0,observed
030200244_,2024-04-01,46.0,observed
030200244_,2024-05-01,44.0,observed
030200244_,2024-06-01,39.0,observed
030200244_,2024-07-01,30.0,observed
030200244_,2024-08-01,28.0,observed
030200244_,2024-09-01,28.0,observed
030200244_,2024-10-01,23.0,observed
030200244_,2024-11-01,26.0,observed
030200244_,2024-12-01,24.0,observed
030200244_,2025-01-01,22.0,observed
030200244_,2025-02-01,20.0,observed
030200244_,2025-03-01,20.0,observed
030200244_,2025-04-01,20.0,observed
030200244_,2025-05-01,20.0,observed
030200244_,2025-06-01,20.0,observed
030200244_,2025-07-01,20.0,observed
030200244_,2025-08-01,38.0,observed
030200244_,2025-09-01,33.0,observed
030200244_,2025-10-01,33.0,observed
030200244_,2025-11-01,33.0,observed
030200244_,2025-12-01,24.0,observed
030200244_,2026-01-01,1.0,observed
030200244_,2026-02-01,1.0,observed
030200244_,2026-03-01,1.0,observed
030200244_,2026-04-01,1.0,observed
030200244_,2026-05-01,1.0,observed
030200244_,2026-06-01,1.0,observed
030200244_,2026-07-01,,blank
030200244_,2026-08-01,,blank
030200244_,2026-09-01,,blank
030200245_,2024-01-01,50.0,observed
030200245_,2024-02-01,49.0,observed
030200245_,2024-03-01,43.0,observed
030200245_,2024-04-01,43.0,observed
030200245_,2024-05-01,27.0,observed
030200245_,2024-06-01,26.0,observed
030200245_,2024-07-01,24.0,observed
030200245_,2024-08-01,19.0,observed
030200245_,2024-09-01,19.0,observed
030200245_,2024-10-01,19.0,observed
030200245_,2024-11-01,8.0,observed
030200245_,2024-12-01,28.0,observed
030200245_,2025-01-01,28.0,observed
030200245_,2025-02-01,28.0,observed
030200245_,2025-03-01,28.0,observed
030200245_,2025-04-01,28.0,observed
030200245_,2025-05-01,28.0,observed
030200245_,2025-06-01,28.0,observed
030200245_,2025-07-01,27.0,observed
030200245_,2025-08-01,42.0,observed
030200245_,2025-09-01,42.0,observed
030200245_,2025-10-01,42.0,observed
030200245_,2025-11-01,42.0,observed
030200245_,2025-12-01,40.0,observed
030200245_,2026-01-01,38.0,observed
030200245_,2026-02-01,38.0,observed
030200245_,2026-03-01,37.0,observed
030200245_,2026-04-01,37.0,observed
030200245_,2026-05-01,37.0,observed
030200245_,2026-06-01,37.0,observed
030200245_,2026-07-01,33.0,observed
030200245_,2026-08-01,31.0,observed
030200245_,2026-09-01,31.0,observed
030200248_,2024-01-01,57.0,observed
030200248_,2024-02-01,50.0,observed
030200248_,2024-03-01,50.0,observed
030200248_,2024-04-01,65.0,observed
030200248_,2024-05-01,81.0,observed
030200248_,2024-06-01,63.0,observed
030200248_,2024-07-01,46.0,observed
030200248_,2024-08-01,45.0,observed
030200248_,2024-09-01,45.0,observed
030200248_,2024-10-01,45.0,observed
030200248_,2024-11-01,40.0,observed
030200248_,2024-12-01,40.0,observed
030200248_,2025-01-01,40.0,observed
030200248_,2025-02-01,39.0,observed
030200248_,2025-03-01,39.0,observed
030200248_,2025-04-01,39.0,observed
030200248_,2025-05-01,39.0,observed
030200248_,2025-06-01,39.0,observed
030200248_,2025-07-01,38.0,observed
030200248_,2025-08-01,49.0,observed
030200248_,2025-09-01,49.0,observed
030200248_,2025-10-01,49.0,observed
030200248_,2025-11-01,49.0,observed
030200248_,2025-12-01,46.0,observed
030200248_,2026-01-01,23.0,observed
030200248_,2026-02-01,12.0,observed
030200248_,2026-03-01,9.0,observed
030200248_,2026-04-01,9.0,observed
030200248_,2026-05-01,6.0,observed
030200248_,2026-06-01,,blank
030200248_,2026-07-01,,blank
030200248_,2026-08-01,,blank
030200248_,2026-09-01,,blank
030200249_,2024-01-01,28.0,observed
030200249_,2024-02-01,22.0,observed
030200249_,2024-03-01,22.0,observed
030200249_,2024-04-01,22.0,observed
030200249_,2024-05-01,22.0,observed
030200249_,2024-06-01,22.0,observed
030200249_,2024-07-01,11.0,observed
030200249_,2024-08-01,8.0,observed
030200249_,2024-09-01,8.0,observed
030200249_,2024-10-01,26.0,observed
030200249_,2024-11-01,28.0,observed
030200249_,2024-12-01,28.0,observed
030200249_,2025-01-01,27.0,observed
030200249_,2025-02-01,27.0,observed
030200249_,2025-03-01,27.0,observed
030200249_,2025-04-01,27.0,observed
030200249_,2025-05-01,26.0,observed
030200249_,2025-06-01,24.0,observed
030200249_,2025-07-01,23.0,observed
030200249_,2025-08-01,77.0,observed
030200249_,2025-09-01,75.0,observed
030200249_,2025-10-01,75.0,observed
030200249_,2025-11-01,74.0,observed
030200249_,2025-12-01,56.0,observed
030200249_,2026-01-01,46.0,observed
030200249_,2026-02-01,44.0,observed
030200249_,2026-03-01,33.0,observed
030200249_,2026-04-01,32.0,observed
030200249_,2026-05-01,31.0,observed
030200249_,2026-06-01,21.0,observed
030200249_,2026-07-01,5.0,observed
030200249_,2026-08-01,1.0,observed
030200249_,2026-09-01,1.0,observed
030200259_,2024-01-01,46.0,observed
030200259_,2024-02-01,43.0,observed
030200259_,2024-03-01,20.0,observed
030200259_,2024-04-01,43.0,observed
030200259_,2024-05-01,174.0,observed
030200259_,2024-06-01,144.0,observed
030200259_,2024-07-01,128.0,observed
030200259_,2024-08-01,116.0,observed
030200259_,2024-09-01,12.0,observed
030200259_,2024-10-01,112.0,observed
030200259_,2024-11-01,93.0,observed
030200259_,2024-12-01,91.0,observed
030200259_,2025-01-01,85.0,observed
030200259_,2025-02-01,85.0,observed
030200259_,2025-03-01,69.0,observed
030200259_,2025-04-01,69.0,observed
030200259_,2025-05-01,59.0,observed
030200259_,2025-06-01,59.0,observed
030200259_,2025-07-01,61.0,observed
030200259_,2025-08-01,81.0,observed
030200259_,2025-09-01,81.0,observed
030200259_,2025-10-01,81.0,observed
030200259_,2025-11-01,81.0,observed
030200259_,2025-12-01,17.0,observed
030200259_,2026-01-01,14.0,observed
030200259_,2026-02-01,2.0,observed
030200259_,2026-03-01,,blank
030200259_,2026-04-01,,blank
030200259_,2026-05-01,,blank
030200259_,2026-06-01,,blank
030200259_,2026-07-01,,blank
030200259_,2026-08-01,,blank
030200259_,2026-09-01,,blank
030200260_,2024-01-01,2.0,observed
030200260_,2024-02-01,1.0,observed
030200260_,2024-03-01,1.0,observed
030200260_,2024-04-01,123.0,observed
030200260_,2024-05-01,288.0,observed
030200260_,2024-06-01,259.0,observed
030200260_,2024-07-01,250.0,observed
030200260_,2024-08-01,250.0,observed
030200260_,2024-09-01,247.0,observed
030200260_,2024-10-01,237.0,observed
030200260_,2024-11-01,220.0,observed
030200260_,2024-12-01,214.0,observed
030200260_,2025-01-01,211.0,observed
030200260_,2025-02-01,211.0,observed
030200260_,2025-03-01,211.0,observed
030200260_,2025-04-01,199.0,observed
030200260_,2025-05-01,199.0,observed
030200260_,2025-06-01,196.0,observed
030200260_,2025-07-01,259.0,observed
030200260_,2025-08-01,259.0,observed
030200260_,2025-09-01,259.0,observed
030200260_,2025-10-01,259.0,observed
030200260_,2025-11-01,259.0,observed
030200260_,2025-12-01,103.0,observed
030200260_,2026-01-01,,blank
030200260_,2026-02-01,,blank
030200260_,2026-03-01,,blank
030200260_,2026-04-01,,blank
030200260_,2026-05-01,,blank
030200260_,2026-06-01,,blank
030200260_,2026-07-01,,blank
030200260_,2026-08-01,,blank
030200260_,2026-09-01,,blank
030200256_,2024-01-01,6.0,observed
030200256_,2024-02-01,6.0,observed
030200256_,2024-03-01,4.0,observed
030200256_,2024-04-01,657.0,observed
030200256_,2024-05-01,1229.0,observed
030200256_,2024-06-01,1108.0,observed
030200256_,2024-07-01,925.0,observed
030200256_,2024-08-01,877.0,observed
030200256_,2024-09-01,640.0,observed
030200256_,2024-10-01,598.0,observed
030200256_,2024-11-01,523.0,observed
030200256_,2024-12-01,492.0,observed
030200256_,2025-01-01,422.0,observed
030200256_,2025-02-01,402.0,observed
030200256_,2025-03-01,397.0,observed
030200256_,2025-04-01,374.0,observed
030200256_,2025-05-01,360.0,observed
030200256_,2025-06-01,283.0,observed
030200256_,2025-07-01,359.0,observed
030200256_,2025-08-01,391.0,observed
030200256_,2025-09-01,386.0,observed
030200256_,2025-10-01,335.0,observed
030200256_,2025-11-01,280.0,observed
030200256_,2025-12-01,169.0,observed
030200256_,2026-01-01,14.0,observed
030200256_,2026-02-01,4.0,observed
030200256_,2026-03-01,4.0,observed
030200256_,2026-04-01,4.0,observed
030200256_,2026-05-01,3.0,observed
030200256_,2026-06-01,3.0,observed
030200256_,2026-07-01,3.0,observed
030200256_,2026-08-01,3.0,observed
030200256_,2026-09-01,3.0,observed
030200257_,2024-01-01,55.0,observed
030200257_,2024-02-01,5.0,observed
030200257_,2024-03-01,4.0,observed
030200257_,2024-04-01,124.0,observed
030200257_,2024-05-01,299.0,observed
030200257_,2024-06-01,342.0,observed
030200257_,2024-07-01,303.0,observed
030200257_,2024-08-01,295.0,observed
030200257_,2024-09-01,141.0,observed
030200257_,2024-10-01,275.0,observed
030200257_,2024-11-01,259.0,observed
030200257_,2024-12-01,185.0,observed
030200257_,2025-01-01,165.0,observed
030200257_,2025-02-01,160.0,observed
030200257_,2025-03-01,160.0,observed
030200257_,2025-04-01,120.0,observed
030200257_,2025-05-01,120.0,observed
030200257_,2025-06-01,70.0,observed
030200257_,2025-07-01,70.0,observed
030200257_,2025-08-01,102.0,observed
030200257_,2025-09-01,102.0,observed
030200257_,2025-10-01,102.0,observed
030200257_,2025-11-01,99.0,observed
030200257_,2025-12-01,36.0,observed
030200257_,2026-01-01,,blank
030200257_,2026-02-01,,blank
030200257_,2026-03-01,,blank
030200257_,2026-04-01,,blank
030200257_,2026-05-01,,blank
030200257_,2026-06-01,,blank
030200257_,2026-07-01,,blank
030200257_,2026-08-01,,blank
030200257_,2026-09-01,,blank
030200258_,2024-01-01,1.0,observed
030200258_,2024-02-01,1.0,observed
030200258_,2024-03-01,1.0,observed
030200258_,2024-04-01,31.0,observed
030200258_,2024-05-01,99.0,observed
030200258_,2024-06-01,83.0,observed
030200258_,2024-07-01,65.0,observed
030200258_,2024-08-01,65.0,observed
030200258_,2024-09-01,5.0,observed
030200258_,2024-10-01,61.0,observed
030200258_,2024-11-01,60.0,observed
030200258_,2024-12-01,60.0,observed
030200258_,2025-01-01,59.0,observed
030200258_,2025-02-01,57.0,observed
030200258_,2025-03-01,56.0,observed
030200258_,2025-04-01,56.0,observed
030200258_,2025-05-01,56.0,observed
030200258_,2025-06-01,45.0,observed
030200258_,2025-07-01,43.0,observed
030200258_,2025-08-01,53.0,observed
030200258_,2025-09-01,47.0,observed
030200258_,2025-10-01,46.0,observed
030200258_,2025-11-01,42.0,observed
030200258_,2025-12-01,26.0,observed
030200258_,2026-01-01,4.0,observed
030200258_,2026-02-01,4.0,observed
030200258_,2026-03-01,4.0,observed
030200258_,2026-04-01,4.0,observed
030200258_,2026-05-01,4.0,observed
030200258_,2026-06-01,4.0,observed
030200258_,2026-07-01,4.0,observed
030200258_,2026-08-01,4.0,observed
030200258_,2026-09-01,4.0,observed
030200264_,2024-01-01,1.0,observed
030200264_,2024-02-01,1.0,observed
030200264_,2024-03-01,1.0,observed
030200264_,2024-04-01,1.0,observed
030200264_,2024-05-01,1.0,observed
030200264_,2024-06-01,1.0,observed
030200264_,2024-07-01,1.0,observed
030200264_,2024-08-01,1.0,observed
030200264_,2024-09-01,1.0,observed
030200264_,2024-10-01,1.0,observed
030200264_,2024-11-01,1.0,observed
030200264_,2024-12-01,1.0,observed
030200264_,2025-01-01,1.0,observed
030200264_,2025-02-01,1.0,observed
030200264_,2025-03-01,1.0,observed
030200264_,2025-04-01,1.0,observed
030200264_,2025-05-01,1.0,observed
030200264_,2025-06-01,1.0,observed
030200264_,2025-07-01,1.0,observed
030200264_,2025-08-01,1.0,observed
030200264_,2025-09-01,1.0,observed
030200264_,2025-10-01,1.0,observed
030200264_,2025-11-01,,blank
030200264_,2025-12-01,,blank
030200264_,2026-01-01,,blank
030200264_,2026-02-01,,blank
030200264_,2026-03-01,,blank
030200264_,2026-04-01,,blank
030200264_,2026-05-01,,blank
030200264_,2026-06-01,,blank
030200264_,2026-07-01,,blank
030200264_,2026-08-01,,blank
030200264_,2026-09-01,,blank
030200263_,2024-01-01,32.0,observed
030200263_,2024-02-01,30.0,observed
030200263_,2024-03-01,34.0,observed
030200263_,2024-04-01,34.0,observed
030200263_,2024-05-01,53.0,observed
030200263_,2024-06-01,48.0,observed
030200263_,2024-07-01,43.0,observed
030200263_,2024-08-01,42.0,observed
030200263_,2024-09-01,39.0,observed
030200263_,2024-10-01,37.0,observed
030200263_,2024-11-01,35.0,observed
030200263_,2024-12-01,35.0,observed
030200263_,2025-01-01,33.0,observed
030200263_,2025-02-01,33.0,observed
030200263_,2025-03-01,33.0,observed
030200263_,2025-04-01,31.0,observed
030200263_,2025-05-01,31.0,observed
030200263_,2025-06-01,29.0,observed
030200263_,2025-07-01,36.0,observed
030200263_,2025-08-01,47.0,observed
030200263_,2025-09-01,45.0,observed
030200263_,2025-10-01,45.0,observed
030200263_,2025-11-01,43.0,observed
030200263_,2025-12-01,,blank
030200263_,2026-01-01,1.0,observed
030200263_,2026-02-01,1.0,observed
030200263_,2026-03-01,1.0,observed
030200263_,2026-04-01,1.0,observed
030200263_,2026-05-01,1.0,observed
030200263_,2026-06-01,1.0,observed
030200263_,2026-07-01,1.0,observed
030200263_,2026-08-01,1.0,observed
030200263_,2026-09-01,1.0,observed
030200262_,2024-01-01,9.0,observed
030200262_,2024-02-01,9.0,observed
030200262_,2024-03-01,19.0,observed
030200262_,2024-04-01,27.0,observed
030200262_,2024-05-01,36.0,observed
030200262_,2024-06-01,34.0,observed
030200262_,2024-07-01,34.0,observed
030200262_,2024-08-01,34.0,observed
030200262_,2024-09-01,34.0,observed
030200262_,2024-10-01,34.0,observed
030200262_,2024-11-01,32.0,observed
030200262_,2024-12-01,32.0,observed
030200262_,2025-01-01,32.0,observed
030200262_,2025-02-01,32.0,observed
030200262_,2025-03-01,32.0,observed
030200262_,2025-04-01,30.0,observed
030200262_,2025-05-01,30.0,observed
030200262_,2025-06-01,30.0,observed
030200262_,2025-07-01,30.0,observed
030200262_,2025-08-01,60.0,observed
030200262_,2025-09-01,60.0,observed
030200262_,2025-10-01,60.0,observed
030200262_,2025-11-01,60.0,observed
030200262_,2025-12-01,,blank
030200262_,2026-01-01,,blank
030200262_,2026-02-01,,blank
030200262_,2026-03-01,,blank
030200262_,2026-04-01,,blank
030200262_,2026-05-01,,blank
030200262_,2026-06-01,,blank
030200262_,2026-07-01,,blank
030200262_,2026-08-01,,blank
030200262_,2026-09-01,,blank
030200265_,2024-01-01,1.0,observed
030200265_,2024-02-01,1.0,observed
030200265_,2024-03-01,16.0,observed
030200265_,2024-04-01,12.0,observed
030200265_,2024-05-01,16.0,observed
030200265_,2024-06-01,16.0,observed
030200265_,2024-07-01,8.0,observed
030200265_,2024-08-01,6.0,observed
030200265_,2024-09-01,16.0,observed
030200265_,2024-10-01,16.0,observed
030200265_,2024-11-01,14.0,observed
030200265_,2024-12-01,13.0,observed
030200265_,2025-01-01,14.0,observed
030200265_,2025-02-01,14.0,observed
030200265_,2025-03-01,14.0,observed
030200265_,2025-04-01,14.0,observed
030200265_,2025-05-01,11.0,observed
030200265_,2025-06-01,11.0,observed
030200265_,2025-07-01,11.0,observed
030200265_,2025-08-01,41.0,observed
030200265_,2025-09-01,41.0,observed
030200265_,2025-10-01,41.0,observed
030200265_,2025-11-01,41.0,observed
030200265_,2025-12-01,,blank
030200265_,2026-01-01,,blank
030200265_,2026-02-01,,blank
030200265_,2026-03-01,,blank
030200265_,2026-04-01,,blank
030200265_,2026-05-01,,blank
030200265_,2026-06-01,,blank
030200265_,2026-07-01,,blank
030200265_,2026-08-01,,blank
030200265_,2026-09-01,,blank
030200261_,2024-01-01,12.0,observed
030200261_,2024-02-01,11.0,observed
030200261_,2024-03-01,11.0,observed
030200261_,2024-04-01,11.0,observed
030200261_,2024-05-01,10.0,observed
030200261_,2024-06-01,10.0,observed
030200261_,2024-07-01,10.0,observed
030200261_,2024-08-01,10.0,observed
030200261_,2024-09-01,10.0,observed
030200261_,2024-10-01,10.0,observed
030200261_,2024-11-01,10.0,observed
030200261_,2024-12-01,10.0,observed
030200261_,2025-01-01,7.0,observed
030200261_,2025-02-01,7.0,observed
030200261_,2025-03-01,7.0,observed
030200261_,2025-04-01,7.0,observed
030200261_,2025-05-01,6.0,observed
030200261_,2025-06-01,6.0,observed
030200261_,2025-07-01,7.0,observed
030200261_,2025-08-01,15.0,observed
030200261_,2025-09-01,15.0,observed
030200261_,2025-10-01,15.0,observed
030200261_,2025-11-01,15.0,observed
030200261_,2025-12-01,,blank
030200261_,2026-01-01,,blank
030200261_,2026-02-01,,blank
030200261_,2026-03-01,,blank
030200261_,2026-04-01,,blank
030200261_,2026-05-01,,blank
030200261_,2026-06-01,,blank
030200261_,2026-07-01,,blank
030200261_,2026-08-01,,blank
030200261_,2026-09-01,,blank
030200292_,2024-01-01,23.0,observed
030200292_,2024-02-01,23.0,observed
030200292_,2024-03-01,20.0,observed
030200292_,2024-04-01,17.0,observed
030200292_,2024-05-01,17.0,observed
030200292_,2024-06-01,17.0,observed
030200292_,2024-07-01,17.0,observed
030200292_,2024-08-01,17.0,observed
030200292_,2024-09-01,17.0,observed
030200292_,2024-10-01,17.0,observed
030200292_,2024-11-01,17.0,observed
030200292_,2024-12-01,17.0,observed
030200292_,2025-01-01,15.0,observed
030200292_,2025-02-01,15.0,observed
030200292_,2025-03-01,15.0,observed
030200292_,2025-04-01,15.0,observed
030200292_,2025-05-01,15.0,observed
030200292_,2025-06-01,15.0,observed
030200292_,2025-07-01,15.0,observed
030200292_,2025-08-01,15.0,observed
030200292_,2025-09-01,15.0,observed
030200292_,2025-10-01,15.0,observed
030200292_,2025-11-01,15.0,observed
030200292_,2025-12-01,13.0,observed
030200292_,2026-01-01,7.0,observed
030200292_,2026-02-01,7.0,observed
030200292_,2026-03-01,7.0,observed
030200292_,2026-04-01,7.0,observed
030200292_,2026-05-01,2.0,observed
030200292_,2026-06-01,2.0,observed
030200292_,2026-07-01,2.0,observed
030200292_,2026-08-01,2.0,observed
030200292_,2026-09-01,2.0,observed
030200250_,2024-01-01,280.0,observed
030200250_,2024-02-01,277.0,observed
030200250_,2024-03-01,265.0,observed
030200250_,2024-04-01,263.0,observed
030200250_,2024-05-01,287.0,observed
030200250_,2024-06-01,259.0,observed
030200250_,2024-07-01,229.0,observed
030200250_,2024-08-01,219.0,observed
030200250_,2024-09-01,163.0,observed
030200250_,2024-10-01,154.0,observed
030200250_,2024-11-01,151.0,observed
030200250_,2024-12-01,146.0,observed
030200250_,2025-01-01,137.0,observed
030200250_,2025-02-01,121.0,observed
030200250_,2025-03-01,121.0,observed
030200250_,2025-04-01,117.0,observed
030200250_,2025-05-01,112.0,observed
030200250_,2025-06-01,110.0,observed
030200250_,2025-07-01,109.0,observed
030200250_,2025-08-01,198.0,observed
030200250_,2025-09-01,187.0,observed
030200250_,2025-10-01,187.0,observed
030200250_,2025-11-01,167.0,observed
030200250_,2025-12-01,119.0,observed
030200250_,2026-01-01,49.0,observed
030200250_,2026-02-01,49.0,observed
030200250_,2026-03-01,44.0,observed
030200250_,2026-04-01,42.0,observed
030200250_,2026-05-01,21.0,observed
030200250_,2026-06-01,15.0,observed
030200250_,2026-07-01,14.0,observed
030200250_,2026-08-01,14.0,observed
030200250_,2026-09-01,11.0,observed
030200251_,2024-01-01,157.0,observed
030200251_,2024-02-01,146.0,observed
030200251_,2024-03-01,108.0,observed
030200251_,2024-04-01,136.0,observed
030200251_,2024-05-01,315.0,observed
030200251_,2024-06-01,283.0,observed
030200251_,2024-07-01,228.0,observed
030200251_,2024-08-01,222.0,observed
030200251_,2024-09-01,175.0,observed
030200251_,2024-10-01,191.0,observed
030200251_,2024-11-01,163.0,observed
030200251_,2024-12-01,179.0,observed
030200251_,2025-01-01,145.0,observed
030200251_,2025-02-01,134.0,observed
030200251_,2025-03-01,132.0,observed
030200251_,2025-04-01,128.0,observed
030200251_,2025-05-01,114.0,observed
030200251_,2025-06-01,105.0,observed
030200251_,2025-07-01,113.0,observed
030200251_,2025-08-01,152.0,observed
030200251_,2025-09-01,139.0,observed
030200251_,2025-10-01,139.0,observed
030200251_,2025-11-01,124.0,observed
030200251_,2025-12-01,80.0,observed
030200251_,2026-01-01,54.0,observed
030200251_,2026-02-01,54.0,observed
030200251_,2026-03-01,51.0,observed
030200251_,2026-04-01,50.0,observed
030200251_,2026-05-01,41.0,observed
030200251_,2026-06-01,22.0,observed
030200251_,2026-07-01,19.0,observed
030200251_,2026-08-01,15.0,observed
030200251_,2026-09-01,11.0,observed
030200252_,2024-01-01,22.0,observed
030200252_,2024-02-01,18.0,observed
030200252_,2024-03-01,41.0,observed
030200252_,2024-04-01,41.0,observed
030200252_,2024-05-01,98.0,observed
030200252_,2024-06-01,86.0,observed
030200252_,2024-07-01,66.0,observed
030200252_,2024-08-01,63.0,observed
030200252_,2024-09-01,78.0,observed
030200252_,2024-10-01,75.0,observed
030200252_,2024-11-01,64.0,observed
030200252_,2024-12-01,60.0,observed
030200252_,2025-01-01,50.0,observed
030200252_,2025-02-01,47.0,observed
030200252_,2025-03-01,46.0,observed
030200252_,2025-04-01,46.0,observed
030200252_,2025-05-01,46.0,observed
030200252_,2025-06-01,44.0,observed
030200252_,2025-07-01,48.0,observed
030200252_,2025-08-01,84.0,observed
030200252_,2025-09-01,80.0,observed
030200252_,2025-10-01,80.0,observed
030200252_,2025-11-01,68.0,observed
030200252_,2025-12-01,57.0,observed
030200252_,2026-01-01,44.0,observed
030200252_,2026-02-01,44.0,observed
030200252_,2026-03-01,44.0,observed
030200252_,2026-04-01,44.0,observed
030200252_,2026-05-01,40.0,observed
030200252_,2026-06-01,38.0,observed
030200252_,2026-07-01,38.0,observed
030200252_,2026-08-01,38.0,observed
030200252_,2026-09-01,36.0,observed
030200253_,2024-01-01,44.0,observed
030200253_,2024-02-01,43.0,observed
030200253_,2024-03-01,36.0,observed
030200253_,2024-04-01,36.0,observed
030200253_,2024-05-01,58.0,observed
030200253_,2024-06-01,52.0,observed
030200253_,2024-07-01,38.0,observed
030200253_,2024-08-01,36.0,observed
030200253_,2024-09-01,34.0,observed
030200253_,2024-10-01,34.0,observed
030200253_,2024-11-01,32.0,observed
030200253_,2024-12-01,32.0,observed
030200253_,2025-01-01,33.0,observed
030200253_,2025-02-01,33.0,observed
030200253_,2025-03-01,33.0,observed
030200253_,2025-04-01,32.0,observed
030200253_,2025-05-01,31.0,observed
030200253_,2025-06-01,24.0,observed
030200253_,2025-07-01,24.0,observed
030200253_,2025-08-01,35.0,observed
030200253_,2025-09-01,33.0,observed
030200253_,2025-10-01,33.0,observed
030200253_,2025-11-01,29.0,observed
030200253_,2025-12-01,19.0,observed
030200253_,2026-01-01,18.0,observed
030200253_,2026-02-01,18.0,observed
030200253_,2026-03-01,17.0,observed
030200253_,2026-04-01,17.0,observed
030200253_,2026-05-01,17.0,observed
030200253_,2026-06-01,17.0,observed
030200253_,2026-07-01,17.0,observed
030200253_,2026-08-01,17.0,observed
030200253_,2026-09-01,17.0,observed
030200254_,2024-01-01,23.0,observed
030200254_,2024-02-01,23.0,observed
030200254_,2024-03-01,22.0,observed
030200254_,2024-04-01,22.0,observed
030200254_,2024-05-01,22.0,observed
030200254_,2024-06-01,21.0,observed
030200254_,2024-07-01,21.0,observed
030200254_,2024-08-01,21.0,observed
030200254_,2024-09-01,21.0,observed
030200254_,2024-10-01,19.0,observed
030200254_,2024-11-01,17.0,observed
030200254_,2024-12-01,17.0,observed
030200254_,2025-01-01,16.0,observed
030200254_,2025-02-01,16.0,observed
030200254_,2025-03-01,16.0,observed
030200254_,2025-04-01,13.0,observed
030200254_,2025-05-01,11.0,observed
030200254_,2025-06-01,8.0,observed
030200254_,2025-07-01,8.0,observed
030200254_,2025-08-01,23.0,observed
030200254_,2025-09-01,23.0,observed
030200254_,2025-10-01,23.0,observed
030200254_,2025-11-01,23.0,observed
030200254_,2025-12-01,21.0,observed
030200254_,2026-01-01,19.0,observed
030200254_,2026-02-01,19.0,observed
030200254_,2026-03-01,19.0,observed
030200254_,2026-04-01,19.0,observed
030200254_,2026-05-01,19.0,observed
030200254_,2026-06-01,19.0,observed
030200254_,2026-07-01,19.0,observed
030200254_,2026-08-01,19.0,observed
030200254_,2026-09-01,19.0,observed
300200331_,2024-01-01,854.0,observed
300200331_,2024-02-01,165.0,observed
300200331_,2024-03-01,2449.0,observed
300200331_,2024-04-01,1205.0,observed
300200331_,2024-05-01,9619.0,observed
300200331_,2024-06-01,7102.0,observed
300200331_,2024-07-01,5037.0,observed
300200331_,2024-08-01,8610.0,observed
300200331_,2024-09-01,5931.0,observed
300200331_,2024-10-01,6060.0,observed
300200331_,2024-11-01,4749.0,observed
300200331_,2024-12-01,6010.0,observed
300200331_,2025-01-01,10216.0,observed
300200331_,2025-02-01,8621.0,observed
300200331_,2025-03-01,7437.0,observed
300200331_,2025-04-01,9281.0,observed
300200331_,2025-05-01,13723.0,observed
300200331_,2025-06-01,11825.0,observed
300200331_,2025-07-01,10302.0,observed
300200331_,2025-08-01,9250.0,observed
300200331_,2025-09-01,7501.0,observed
300200331_,2025-10-01,6811.0,observed
300200331_,2025-11-01,6414.0,observed
300200331_,2025-12-01,6315.0,observed
300200331_,2026-01-01,5139.0,observed
300200331_,2026-02-01,4054.0,observed
300200331_,2026-03-01,4373.0,observed
300200331_,2026-04-01,3552.0,observed
300200331_,2026-05-01,3798.0,observed
300200331_,2026-06-01,3179.0,observed
300200331_,2026-07-01,2571.0,observed
300200331_,2026-08-01,1900.0,observed
300200331_,2026-09-01,2093.0,observed
300200296_,2024-01-01,1928.0,observed
300200296_,2024-02-01,980.0,observed
300200296_,2024-03-01,3964.0,observed
300200296_,2024-04-01,6582.0,observed
300200296_,2024-05-01,8858.0,observed
300200296_,2024-06-01,8093.0,observed
300200296_,2024-07-01,7014.0,observed
300200296_,2024-08-01,7683.0,observed
300200296_,2024-09-01,6623.0,observed
300200296_,2024-10-01,5921.0,observed
300200296_,2024-11-01,5440.0,observed
300200296_,2024-12-01,4805.0,observed
300200296_,2025-01-01,4111.0,observed
300200296_,2025-02-01,3820.0,observed
300200296_,2025-03-01,3249.0,observed
300200296_,2025-04-01,2842.0,observed
300200296_,2025-05-01,4639.0,observed
300200296_,2025-06-01,4098.0,observed
300200296_,2025-07-01,3684.0,observed
300200296_,2025-08-01,3151.0,observed
300200296_,2025-09-01,2355.0,observed
300200296_,2025-10-01,2215.0,observed
300200296_,2025-11-01,1998.0,observed
300200296_,2025-12-01,2119.0,observed
300200296_,2026-01-01,1621.0,observed
300200296_,2026-02-01,1152.0,observed
300200296_,2026-03-01,1527.0,observed
300200296_,2026-04-01,1373.0,observed
300200296_,2026-05-01,1804.0,observed
300200296_,2026-06-01,1247.0,observed
300200296_,2026-07-01,926.0,observed
300200296_,2026-08-01,1399.0,observed
300200296_,2026-09-01,963.0,observed
300200283_,2024-01-01,142.0,observed
300200283_,2024-02-01,102.0,observed
300200283_,2024-03-01,675.0,observed
300200283_,2024-04-01,488.0,observed
300200283_,2024-05-01,1105.0,observed
300200283_,2024-06-01,1034.0,observed
300200283_,2024-07-01,945.0,observed
300200283_,2024-08-01,989.0,observed
300200283_,2024-09-01,914.0,observed
300200283_,2024-10-01,875.0,observed
300200283_,2024-11-01,850.0,observed
300200283_,2024-12-01,806.0,observed
300200283_,2025-01-01,773.0,observed
300200283_,2025-02-01,762.0,observed
300200283_,2025-03-01,651.0,observed
300200283_,2025-04-01,700.0,observed
300200283_,2025-05-01,628.0,observed
300200283_,2025-06-01,562.0,observed
300200283_,2025-07-01,475.0,observed
300200283_,2025-08-01,454.0,observed
300200283_,2025-09-01,155.0,observed
300200283_,2025-10-01,269.0,observed
300200283_,2025-11-01,251.0,observed
300200283_,2025-12-01,248.0,observed
300200283_,2026-01-01,265.0,observed
300200283_,2026-02-01,206.0,observed
300200283_,2026-03-01,276.0,observed
300200283_,2026-04-01,246.0,observed
300200283_,2026-05-01,260.0,observed
300200283_,2026-06-01,312.0,observed
300200283_,2026-07-01,236.0,observed
300200283_,2026-08-01,201.0,observed
300200283_,2026-09-01,167.0,observed
300200302_,2024-01-01,461.0,observed
300200302_,2024-02-01,106.0,observed
300200302_,2024-03-01,1609.0,observed
300200302_,2024-04-01,2872.0,observed
300200302_,2024-05-01,5309.0,observed
300200302_,2024-06-01,4957.0,observed
300200302_,2024-07-01,4411.0,observed
300200302_,2024-08-01,5199.0,observed
300200302_,2024-09-01,4679.0,observed
300200302_,2024-10-01,4129.0,observed
300200302_,2024-11-01,3859.0,observed
300200302_,2024-12-01,3476.0,observed
300200302_,2025-01-01,3130.0,observed
300200302_,2025-02-01,2887.0,observed
300200302_,2025-03-01,2425.0,observed
300200302_,2025-04-01,2420.0,observed
300200302_,2025-05-01,3623.0,observed
300200302_,2025-06-01,3515.0,observed
300200302_,2025-07-01,3235.0,observed
300200302_,2025-08-01,2891.0,observed
300200302_,2025-09-01,2368.0,observed
300200302_,2025-10-01,1985.0,observed
300200302_,2025-11-01,1689.0,observed
300200302_,2025-12-01,1399.0,observed
300200302_,2026-01-01,1129.0,observed
300200302_,2026-02-01,904.0,observed
300200302_,2026-03-01,1007.0,observed
300200302_,2026-04-01,932.0,observed
300200302_,2026-05-01,896.0,observed
300200302_,2026-06-01,652.0,observed
300200302_,2026-07-01,540.0,observed
300200302_,2026-08-01,880.0,observed
300200302_,2026-09-01,737.0,observed
300200333_,2024-01-01,106.0,observed
300200333_,2024-02-01,74.0,observed
300200333_,2024-03-01,61.0,observed
300200333_,2024-04-01,938.0,observed
300200333_,2024-05-01,4399.0,observed
300200333_,2024-06-01,2648.0,observed
300200333_,2024-07-01,1734.0,observed
300200333_,2024-08-01,4588.0,observed
300200333_,2024-09-01,3021.0,observed
300200333_,2024-10-01,3400.0,observed
300200333_,2024-11-01,2720.0,observed
300200333_,2024-12-01,3377.0,observed
300200333_,2025-01-01,5098.0,observed
300200333_,2025-02-01,4175.0,observed
300200333_,2025-03-01,3587.0,observed
300200333_,2025-04-01,4803.0,observed
300200333_,2025-05-01,7065.0,observed
300200333_,2025-06-01,6034.0,observed
300200333_,2025-07-01,5315.0,observed
300200333_,2025-08-01,4830.0,observed
300200333_,2025-09-01,3750.0,observed
300200333_,2025-10-01,3520.0,observed
300200333_,2025-11-01,3338.0,observed
300200333_,2025-12-01,3349.0,observed
300200333_,2026-01-01,2847.0,observed
300200333_,2026-02-01,2255.0,observed
300200333_,2026-03-01,2043.0,observed
300200333_,2026-04-01,2002.0,observed
300200333_,2026-05-01,2183.0,observed
300200333_,2026-06-01,1809.0,observed
300200333_,2026-07-01,1221.0,observed
300200333_,2026-08-01,1011.0,observed
300200333_,2026-09-01,851.0,observed
300200288_,2024-01-01,27.0,observed
300200288_,2024-02-01,27.0,observed
300200288_,2024-03-01,21.0,observed
300200288_,2024-04-01,186.0,observed
300200288_,2024-05-01,470.0,observed
300200288_,2024-06-01,428.0,observed
300200288_,2024-07-01,243.0,observed
300200288_,2024-08-01,559.0,observed
300200288_,2024-09-01,510.0,observed
300200288_,2024-10-01,412.0,observed
300200288_,2024-11-01,406.0,observed
300200288_,2024-12-01,401.0,observed
300200288_,2025-01-01,388.0,observed
300200288_,2025-02-01,337.0,observed
300200288_,2025-03-01,223.0,observed
300200288_,2025-04-01,200.0,observed
300200288_,2025-05-01,337.0,observed
300200288_,2025-06-01,312.0,observed
300200288_,2025-07-01,267.0,observed
300200288_,2025-08-01,260.0,observed
300200288_,2025-09-01,234.0,observed
300200288_,2025-10-01,169.0,observed
300200288_,2025-11-01,195.0,observed
300200288_,2025-12-01,176.0,observed
300200288_,2026-01-01,200.0,observed
300200288_,2026-02-01,164.0,observed
300200288_,2026-03-01,134.0,observed
300200288_,2026-04-01,107.0,observed
300200288_,2026-05-01,135.0,observed
300200288_,2026-06-01,91.0,observed
300200288_,2026-07-01,80.0,observed
300200288_,2026-08-01,46.0,observed
300200288_,2026-09-01,54.0,observed
300200284_,2024-01-01,123.0,observed
300200284_,2024-02-01,114.0,observed
300200284_,2024-03-01,227.0,observed
300200284_,2024-04-01,156.0,observed
300200284_,2024-05-01,576.0,observed
300200284_,2024-06-01,414.0,observed
300200284_,2024-07-01,309.0,observed
300200284_,2024-08-01,529.0,observed
300200284_,2024-09-01,91.0,observed
300200284_,2024-10-01,465.0,observed
300200284_,2024-11-01,448.0,observed
300200284_,2024-12-01,458.0,observed
300200284_,2025-01-01,592.0,observed
300200284_,2025-02-01,516.0,observed
300200284_,2025-03-01,399.0,observed
300200284_,2025-04-01,979.0,observed
300200284_,2025-05-01,934.0,observed
300200284_,2025-06-01,815.0,observed
300200284_,2025-07-01,754.0,observed
300200284_,2025-08-01,686.0,observed
300200284_,2025-09-01,609.0,observed
300200284_,2025-10-01,552.0,observed
300200284_,2025-11-01,529.0,observed
300200284_,2025-12-01,491.0,observed
300200284_,2026-01-01,416.0,observed
300200284_,2026-02-01,361.0,observed
300200284_,2026-03-01,294.0,observed
300200284_,2026-04-01,227.0,observed
300200284_,2026-05-01,196.0,observed
300200284_,2026-06-01,164.0,observed
300200284_,2026-07-01,151.0,observed
300200284_,2026-08-01,107.0,observed
300200284_,2026-09-01,105.0,observed
300200285_,2024-01-01,1.0,observed
300200285_,2024-02-01,1.0,observed
300200285_,2024-03-01,1.0,observed
300200285_,2024-04-01,1.0,observed
300200285_,2024-05-01,1.0,observed
300200285_,2024-06-01,1.0,observed
300200285_,2024-07-01,1.0,observed
300200285_,2024-08-01,1.0,observed
300200285_,2024-09-01,1.0,observed
300200285_,2024-10-01,1.0,observed
300200285_,2024-11-01,1.0,observed
300200285_,2024-12-01,1.0,observed
300200285_,2025-01-01,1.0,observed
300200285_,2025-02-01,1.0,observed
300200285_,2025-03-01,1.0,observed
300200285_,2025-04-01,1.0,observed
300200285_,2025-05-01,1.0,observed
300200285_,2025-06-01,1.0,observed
300200285_,2025-07-01,1.0,observed
300200285_,2025-08-01,1.0,observed
300200285_,2025-09-01,1.0,observed
300200285_,2025-10-01,1.0,observed
300200285_,2025-11-01,,blank
300200285_,2025-12-01,,blank
300200285_,2026-01-01,,blank
300200285_,2026-02-01,,blank
300200285_,2026-03-01,,blank
300200285_,2026-04-01,,blank
300200285_,2026-05-01,,blank
300200285_,2026-06-01,,blank
300200285_,2026-07-01,,blank
300200285_,2026-08-01,,blank
300200285_,2026-09-01,,blank
300200767_,2024-01-01,13.0,observed
300200767_,2024-02-01,12.0,observed
300200767_,2024-03-01,42.0,observed
300200767_,2024-04-01,41.0,observed
300200767_,2024-05-01,35.0,observed
300200767_,2024-06-01,27.0,observed
300200767_,2024-07-01,27.0,observed
300200767_,2024-08-01,22.0,observed
300200767_,2024-09-01,8.0,observed
300200767_,2024-10-01,13.0,observed
300200767_,2024-11-01,4.0,observed
300200767_,2024-12-01,17.0,observed
300200767_,2025-01-01,22.0,observed
300200767_,2025-02-01,22.0,observed
300200767_,2025-03-01,21.0,observed
300200767_,2025-04-01,19.0,observed
300200767_,2025-05-01,29.0,observed
300200767_,2025-06-01,28.0,observed
300200767_,2025-07-01,28.0,observed
300200767_,2025-08-01,29.0,observed
300200767_,2025-09-01,26.0,observed
300200767_,2025-10-01,17.0,observed
300200767_,2025-11-01,14.0,observed
300200767_,2025-12-01,14.0,observed
300200767_,2026-01-01,10.0,observed
300200767_,2026-02-01,8.0,observed
300200767_,2026-03-01,3.0,observed
300200767_,2026-04-01,8.0,observed
300200767_,2026-05-01,8.0,observed
300200767_,2026-06-01,7.0,observed
300200767_,2026-07-01,7.0,observed
300200767_,2026-08-01,6.0,observed
300200767_,2026-09-01,6.0,observed
300200293_,2024-01-01,1034.0,observed
300200293_,2024-02-01,846.0,observed
300200293_,2024-03-01,714.0,observed
300200293_,2024-04-01,85.0,observed
300200293_,2024-05-01,3971.0,observed
300200293_,2024-06-01,3286.0,observed
300200293_,2024-07-01,2894.0,observed
300200293_,2024-08-01,3596.0,observed
300200293_,2024-09-01,3252.0,observed
300200293_,2024-10-01,2593.0,observed
300200293_,2024-11-01,2323.0,observed
300200293_,2024-12-01,1913.0,observed
300200293_,2025-01-01,2515.0,observed
300200293_,2025-02-01,2173.0,observed
300200293_,2025-03-01,1891.0,observed
300200293_,2025-04-01,3687.0,observed
300200293_,2025-05-01,3452.0,observed
300200293_,2025-06-01,3140.0,observed
300200293_,2025-07-01,2754.0,observed
300200293_,2025-08-01,2528.0,observed
300200293_,2025-09-01,2248.0,observed
300200293_,2025-10-01,2098.0,observed
300200293_,2025-11-01,1960.0,observed
300200293_,2025-12-01,1810.0,observed
300200293_,2026-01-01,1684.0,observed
300200293_,2026-02-01,1495.0,observed
300200293_,2026-03-01,988.0,observed
300200293_,2026-04-01,809.0,observed
300200293_,2026-05-01,706.0,observed
300200293_,2026-06-01,518.0,observed
300200293_,2026-07-01,373.0,observed
300200293_,2026-08-01,375.0,observed
300200293_,2026-09-01,332.0,observed
300200289_,2024-01-01,174.0,observed
300200289_,2024-02-01,18.0,observed
300200289_,2024-03-01,1050.0,observed
300200289_,2024-04-01,829.0,observed
300200289_,2024-05-01,2784.0,observed
300200289_,2024-06-01,2506.0,observed
300200289_,2024-07-01,2098.0,observed
300200289_,2024-08-01,2194.0,observed
300200289_,2024-09-01,1774.0,observed
300200289_,2024-10-01,1356.0,observed
300200289_,2024-11-01,942.0,observed
300200289_,2024-12-01,1346.0,observed
300200289_,2025-01-01,2027.0,observed
300200289_,2025-02-01,1771.0,observed
300200289_,2025-03-01,1435.0,observed
300200289_,2025-04-01,1873.0,observed
300200289_,2025-05-01,2663.0,observed
300200289_,2025-06-01,2341.0,observed
300200289_,2025-07-01,2038.0,observed
300200289_,2025-08-01,1693.0,observed
300200289_,2025-09-01,1403.0,observed
300200289_,2025-10-01,1424.0,observed
300200289_,2025-11-01,1240.0,observed
300200289_,2025-12-01,1358.0,observed
300200289_,2026-01-01,1203.0,observed
300200289_,2026-02-01,939.0,observed
300200289_,2026-03-01,845.0,observed
300200289_,2026-04-01,771.0,observed
300200289_,2026-05-01,713.0,observed
300200289_,2026-06-01,619.0,observed
300200289_,2026-07-01,426.0,observed
300200289_,2026-08-01,455.0,observed
300200289_,2026-09-01,257.0,observed
300200290_,2024-01-01,2.0,observed
300200290_,2024-02-01,2.0,observed
300200290_,2024-03-01,78.0,observed
300200290_,2024-04-01,78.0,observed
300200290_,2024-05-01,153.0,observed
300200290_,2024-06-01,146.0,observed
300200290_,2024-07-01,135.0,observed
300200290_,2024-08-01,165.0,observed
300200290_,2024-09-01,165.0,observed
300200290_,2024-10-01,155.0,observed
300200290_,2024-11-01,153.0,observed
300200290_,2024-12-01,153.0,observed
300200290_,2025-01-01,148.0,observed
300200290_,2025-02-01,148.0,observed
300200290_,2025-03-01,148.0,observed
300200290_,2025-04-01,137.0,observed
300200290_,2025-05-01,129.0,observed
300200290_,2025-06-01,117.0,observed
300200290_,2025-07-01,113.0,observed
300200290_,2025-08-01,113.0,observed
300200290_,2025-09-01,133.0,observed
300200290_,2025-10-01,131.0,observed
300200290_,2025-11-01,131.0,observed
300200290_,2025-12-01,127.0,observed
300200290_,2026-01-01,123.0,observed
300200290_,2026-02-01,113.0,observed
300200290_,2026-03-01,113.0,observed
300200290_,2026-04-01,113.0,observed
300200290_,2026-05-01,113.0,observed
300200290_,2026-06-01,95.0,observed
300200290_,2026-07-01,91.0,observed
300200290_,2026-08-01,91.0,observed
300200290_,2026-09-01,87.0,observed
300200291_,2024-01-01,2.0,observed
300200291_,2024-02-01,1.0,observed
300200291_,2024-03-01,179.0,observed
300200291_,2024-04-01,106.0,observed
300200291_,2024-05-01,476.0,observed
300200291_,2024-06-01,401.0,observed
300200291_,2024-07-01,288.0,observed
300200291_,2024-08-01,609.0,observed
300200291_,2024-09-01,502.0,observed
300200291_,2024-10-01,424.0,observed
300200291_,2024-11-01,377.0,observed
300200291_,2024-12-01,323.0,observed
300200291_,2025-01-01,385.0,observed
300200291_,2025-02-01,370.0,observed
300200291_,2025-03-01,317.0,observed
300200291_,2025-04-01,500.0,observed
300200291_,2025-05-01,458.0,observed
300200291_,2025-06-01,389.0,observed
300200291_,2025-07-01,352.0,observed
300200291_,2025-08-01,306.0,observed
300200291_,2025-09-01,299.0,observed
300200291_,2025-10-01,276.0,observed
300200291_,2025-11-01,239.0,observed
300200291_,2025-12-01,166.0,observed
300200291_,2026-01-01,136.0,observed
300200291_,2026-02-01,95.0,observed
300200291_,2026-03-01,99.0,observed
300200291_,2026-04-01,129.0,observed
300200291_,2026-05-01,121.0,observed
300200291_,2026-06-01,95.0,observed
300200291_,2026-07-01,61.0,observed
300200291_,2026-08-01,66.0,observed
300200291_,2026-09-01,70.0,observed
300200297_,2024-01-01,66.0,observed
300200297_,2024-02-01,14.0,observed
300200297_,2024-03-01,2096.0,observed
300200297_,2024-04-01,1172.0,observed
300200297_,2024-05-01,5637.0,observed
300200297_,2024-06-01,4742.0,observed
300200297_,2024-07-01,3984.0,observed
300200297_,2024-08-01,5284.0,observed
300200297_,2024-09-01,3810.0,observed
300200297_,2024-10-01,3304.0,observed
300200297_,2024-11-01,2466.0,observed
300200297_,2024-12-01,3420.0,observed
300200297_,2025-01-01,4879.0,observed
300200297_,2025-02-01,4146.0,observed
300200297_,2025-03-01,3594.0,observed
300200297_,2025-04-01,3816.0,observed
300200297_,2025-05-01,6637.0,observed
300200297_,2025-06-01,5957.0,observed
300200297_,2025-07-01,5196.0,observed
300200297_,2025-08-01,4263.0,observed
300200297_,2025-09-01,3500.0,observed
300200297_,2025-10-01,3171.0,observed
300200297_,2025-11-01,2643.0,observed
300200297_,2025-12-01,2573.0,observed
300200297_,2026-01-01,2262.0,observed
300200297_,2026-02-01,1721.0,observed
300200297_,2026-03-01,1966.0,observed
300200297_,2026-04-01,1948.0,observed
300200297_,2026-05-01,2230.0,observed
300200297_,2026-06-01,1729.0,observed
300200297_,2026-07-01,1340.0,observed
300200297_,2026-08-01,1285.0,observed
300200297_,2026-09-01,1064.0,observed
300200298_,2024-01-01,37.0,observed
300200298_,2024-02-01,4.0,observed
300200298_,2024-03-01,2561.0,observed
300200298_,2024-04-01,1201.0,observed
300200298_,2024-05-01,5930.0,observed
300200298_,2024-06-01,4847.0,observed
300200298_,2024-07-01,3978.0,observed
300200298_,2024-08-01,6238.0,observed
300200298_,2024-09-01,5043.0,observed
300200298_,2024-10-01,3866.0,observed
300200298_,2024-11-01,2541.0,observed
300200298_,2024-12-01,3673.0,observed
300200298_,2025-01-01,4697.0,observed
300200298_,2025-02-01,4014.0,observed
300200298_,2025-03-01,3512.0,observed
300200298_,2025-04-01,3159.0,observed
300200298_,2025-05-01,7149.0,observed
300200298_,2025-06-01,6071.0,observed
300200298_,2025-07-01,5194.0,observed
300200298_,2025-08-01,4059.0,observed
300200298_,2025-09-01,3535.0,observed
300200298_,2025-10-01,3829.0,observed
300200298_,2025-11-01,3109.0,observed
300200298_,2025-12-01,2625.0,observed
300200298_,2026-01-01,2254.0,observed
300200298_,2026-02-01,1467.0,observed
300200298_,2026-03-01,2660.0,observed
300200298_,2026-04-01,2246.0,observed
300200298_,2026-05-01,3194.0,observed
300200298_,2026-06-01,2458.0,observed
300200298_,2026-07-01,1420.0,observed
300200298_,2026-08-01,1585.0,observed
300200298_,2026-09-01,1707.0,observed
300200299_,2024-01-01,30.0,observed
300200299_,2024-02-01,26.0,observed
300200299_,2024-03-01,56.0,observed
300200299_,2024-04-01,50.0,observed
300200299_,2024-05-01,85.0,observed
300200299_,2024-06-01,82.0,observed
300200299_,2024-07-01,64.0,observed
300200299_,2024-08-01,94.0,observed
300200299_,2024-09-01,83.0,observed
300200299_,2024-10-01,63.0,observed
300200299_,2024-11-01,63.0,observed
300200299_,2024-12-01,62.0,observed
300200299_,2025-01-01,61.0,observed
300200299_,2025-02-01,61.0,observed
300200299_,2025-03-01,57.0,observed
300200299_,2025-04-01,68.0,observed
300200299_,2025-05-01,66.0,observed
300200299_,2025-06-01,16.0,observed
300200299_,2025-07-01,16.0,observed
300200299_,2025-08-01,39.0,observed
300200299_,2025-09-01,32.0,observed
300200299_,2025-10-01,84.0,observed
300200299_,2025-11-01,94.0,observed
300200299_,2025-12-01,88.0,observed
300200299_,2026-01-01,132.0,observed
300200299_,2026-02-01,132.0,observed
300200299_,2026-03-01,132.0,observed
300200299_,2026-04-01,131.0,observed
300200299_,2026-05-01,131.0,observed
300200299_,2026-06-01,131.0,observed
300200299_,2026-07-01,131.0,observed
300200299_,2026-08-01,131.0,observed
300200299_,2026-09-01,129.0,observed
300200294_,2024-01-01,155.0,observed
300200294_,2024-02-01,101.0,observed
300200294_,2024-03-01,293.0,observed
300200294_,2024-04-01,163.0,observed
300200294_,2024-05-01,1206.0,observed
300200294_,2024-06-01,1151.0,observed
300200294_,2024-07-01,1091.0,observed
300200294_,2024-08-01,977.0,observed
300200294_,2024-09-01,684.0,observed
300200294_,2024-10-01,477.0,observed
300200294_,2024-11-01,486.0,observed
300200294_,2024-12-01,380.0,observed
300200294_,2025-01-01,735.0,observed
300200294_,2025-02-01,710.0,observed
300200294_,2025-03-01,495.0,observed
300200294_,2025-04-01,1049.0,observed
300200294_,2025-05-01,971.0,observed
300200294_,2025-06-01,915.0,observed
300200294_,2025-07-01,877.0,observed
300200294_,2025-08-01,813.0,observed
300200294_,2025-09-01,532.0,observed
300200294_,2025-10-01,490.0,observed
300200294_,2025-11-01,394.0,observed
300200294_,2025-12-01,246.0,observed
300200294_,2026-01-01,317.0,observed
300200294_,2026-02-01,357.0,observed
300200294_,2026-03-01,358.0,observed
300200294_,2026-04-01,298.0,observed
300200294_,2026-05-01,304.0,observed
300200294_,2026-06-01,275.0,observed
300200294_,2026-07-01,246.0,observed
300200294_,2026-08-01,233.0,observed
300200294_,2026-09-01,184.0,observed
300200286_,2024-01-01,4005.0,observed
300200286_,2024-02-01,765.0,observed
300200286_,2024-03-01,15746.0,observed
300200286_,2024-04-01,9064.0,observed
300200286_,2024-05-01,60702.0,observed
300200286_,2024-06-01,50598.0,observed
300200286_,2024-07-01,41695.0,observed
300200286_,2024-08-01,55359.0,observed
300200286_,2024-09-01,43334.0,observed
300200286_,2024-10-01,32926.0,observed
300200286_,2024-11-01,26512.0,observed
300200286_,2024-12-01,34683.0,observed
300200286_,2025-01-01,49976.0,observed
300200286_,2025-02-01,43475.0,observed
300200286_,2025-03-01,37510.0,observed
300200286_,2025-04-01,45851.0,observed
300200286_,2025-05-01,64549.0,observed
300200286_,2025-06-01,56836.0,observed
300200286_,2025-07-01,49671.0,observed
300200286_,2025-08-01,43811.0,observed
300200286_,2025-09-01,35605.0,observed
300200286_,2025-10-01,29322.0,observed
300200286_,2025-11-01,25170.0,observed
300200286_,2025-12-01,23761.0,observed
300200286_,2026-01-01,19298.0,observed
300200286_,2026-02-01,15093.0,observed
300200286_,2026-03-01,14339.0,observed
300200286_,2026-04-01,16109.0,observed
300200286_,2026-05-01,19174.0,observed
300200286_,2026-06-01,15732.0,observed
300200286_,2026-07-01,11138.0,observed
300200286_,2026-08-01,9939.0,observed
300200286_,2026-09-01,10252.0,observed
300200332_,2024-01-01,13.0,observed
300200332_,2024-02-01,1813.0,observed
300200332_,2024-03-01,1605.0,observed
300200332_,2024-04-01,739.0,observed
300200332_,2024-05-01,5606.0,observed
300200332_,2024-06-01,4806.0,observed
300200332_,2024-07-01,3620.0,observed
300200332_,2024-08-01,4700.0,observed
300200332_,2024-09-01,3141.0,observed
300200332_,2024-10-01,3316.0,observed
300200332_,2024-11-01,2627.0,observed
300200332_,2024-12-01,2936.0,observed
300200332_,2025-01-01,6337.0,observed
300200332_,2025-02-01,5613.0,observed
300200332_,2025-03-01,4623.0,observed
300200332_,2025-04-01,5158.0,observed
300200332_,2025-05-01,7803.0,observed
300200332_,2025-06-01,7006.0,observed
300200332_,2025-07-01,5718.0,observed
300200332_,2025-08-01,5510.0,observed
300200332_,2025-09-01,4715.0,observed
300200332_,2025-10-01,4780.0,observed
300200332_,2025-11-01,4379.0,observed
300200332_,2025-12-01,3916.0,observed
300200332_,2026-01-01,3270.0,observed
300200332_,2026-02-01,2498.0,observed
300200332_,2026-03-01,2516.0,observed
300200332_,2026-04-01,3004.0,observed
300200332_,2026-05-01,2872.0,observed
300200332_,2026-06-01,2521.0,observed
300200332_,2026-07-01,1813.0,observed
300200332_,2026-08-01,1673.0,observed
300200332_,2026-09-01,1367.0,observed
300200301_,2024-01-01,336.0,observed
300200301_,2024-02-01,182.0,observed
300200301_,2024-03-01,3816.0,observed
300200301_,2024-04-01,3017.0,observed
300200301_,2024-05-01,6799.0,observed
300200301_,2024-06-01,6400.0,observed
300200301_,2024-07-01,5564.0,observed
300200301_,2024-08-01,6774.0,observed
300200301_,2024-09-01,6128.0,observed
300200301_,2024-10-01,5145.0,observed
300200301_,2024-11-01,4737.0,observed
300200301_,2024-12-01,4085.0,observed
300200301_,2025-01-01,3492.0,observed
300200301_,2025-02-01,3624.0,observed
300200301_,2025-03-01,2967.0,observed
300200301_,2025-04-01,2775.0,observed
300200301_,2025-05-01,4587.0,observed
300200301_,2025-06-01,4089.0,observed
300200301_,2025-07-01,3842.0,observed
300200301_,2025-08-01,2909.0,observed
300200301_,2025-09-01,2216.0,observed
300200301_,2025-10-01,2610.0,observed
300200301_,2025-11-01,2366.0,observed
300200301_,2025-12-01,1880.0,observed
300200301_,2026-01-01,1430.0,observed
300200301_,2026-02-01,639.0,observed
300200301_,2026-03-01,1250.0,observed
300200301_,2026-04-01,1688.0,observed
300200301_,2026-05-01,2040.0,observed
300200301_,2026-06-01,1667.0,observed
300200301_,2026-07-01,1454.0,observed
300200301_,2026-08-01,1346.0,observed
300200301_,2026-09-01,973.0,observed
300200287_,2024-01-01,17.0,observed
300200287_,2024-02-01,13.0,observed
300200287_,2024-03-01,35.0,observed
300200287_,2024-04-01,20.0,observed
300200287_,2024-05-01,152.0,observed
300200287_,2024-06-01,145.0,observed
300200287_,2024-07-01,140.0,observed
300200287_,2024-08-01,177.0,observed
300200287_,2024-09-01,82.0,observed
300200287_,2024-10-01,66.0,observed
300200287_,2024-11-01,46.0,observed
300200287_,2024-12-01,106.0,observed
300200287_,2025-01-01,118.0,observed
300200287_,2025-02-01,117.0,observed
300200287_,2025-03-01,117.0,observed
300200287_,2025-04-01,123.0,observed
300200287_,2025-05-01,123.0,observed
300200287_,2025-06-01,121.0,observed
300200287_,2025-07-01,116.0,observed
300200287_,2025-08-01,107.0,observed
300200287_,2025-09-01,107.0,observed
300200287_,2025-10-01,107.0,observed
300200287_,2025-11-01,103.0,observed
300200287_,2025-12-01,76.0,observed
300200287_,2026-01-01,44.0,observed
300200287_,2026-02-01,44.0,observed
300200287_,2026-03-01,44.0,observed
300200287_,2026-04-01,36.0,observed
300200287_,2026-05-01,36.0,observed
300200287_,2026-06-01,4.0,observed
300200287_,2026-07-01,34.0,observed
300200287_,2026-08-01,44.0,observed
300200287_,2026-09-01,43.0,observed
300200700_,2024-01-01,1.0,observed
300200700_,2024-02-01,1.0,observed
300200700_,2024-03-01,251.0,observed
300200700_,2024-04-01,33.0,observed
300200700_,2024-05-01,814.0,observed
300200700_,2024-06-01,581.0,observed
300200700_,2024-07-01,377.0,observed
300200700_,2024-08-01,621.0,observed
300200700_,2024-09-01,478.0,observed
300200700_,2024-10-01,585.0,observed
300200700_,2024-11-01,582.0,observed
300200700_,2024-12-01,527.0,observed
300200700_,2025-01-01,562.0,observed
300200700_,2025-02-01,617.0,observed
300200700_,2025-03-01,624.0,observed
300200700_,2025-04-01,1168.0,observed
300200700_,2025-05-01,1122.0,observed
300200700_,2025-06-01,972.0,observed
300200700_,2025-07-01,780.0,observed
300200700_,2025-08-01,559.0,observed
300200700_,2025-09-01,470.0,observed
300200700_,2025-10-01,452.0,observed
300200700_,2025-11-01,510.0,observed
300200700_,2025-12-01,579.0,observed
300200700_,2026-01-01,533.0,observed
300200700_,2026-02-01,484.0,observed
300200700_,2026-03-01,336.0,observed
300200700_,2026-04-01,270.0,observed
300200700_,2026-05-01,380.0,observed
300200700_,2026-06-01,320.0,observed
300200700_,2026-07-01,231.0,observed
300200700_,2026-08-01,276.0,observed
300200700_,2026-09-01,145.0,observed
300200295_,2024-01-01,119.0,observed
300200295_,2024-02-01,1.0,observed
300200295_,2024-03-01,505.0,observed
300200295_,2024-04-01,382.0,observed
300200295_,2024-05-01,1148.0,observed
300200295_,2024-06-01,1060.0,observed
300200295_,2024-07-01,993.0,observed
300200295_,2024-08-01,864.0,observed
300200295_,2024-09-01,797.0,observed
300200295_,2024-10-01,629.0,observed
300200295_,2024-11-01,592.0,observed
300200295_,2024-12-01,477.0,observed
300200295_,2025-01-01,609.0,observed
300200295_,2025-02-01,565.0,observed
300200295_,2025-03-01,364.0,observed
300200295_,2025-04-01,887.0,observed
300200295_,2025-05-01,838.0,observed
300200295_,2025-06-01,766.0,observed
300200295_,2025-07-01,721.0,observed
300200295_,2025-08-01,683.0,observed
300200295_,2025-09-01,626.0,observed
300200295_,2025-10-01,591.0,observed
300200295_,2025-11-01,572.0,observed
300200295_,2025-12-01,540.0,observed
300200295_,2026-01-01,513.0,observed
300200295_,2026-02-01,508.0,observed
300200295_,2026-03-01,504.0,observed
300200295_,2026-04-01,496.0,observed
300200295_,2026-05-01,472.0,observed
300200295_,2026-06-01,460.0,observed
300200295_,2026-07-01,446.0,observed
300200295_,2026-08-01,410.0,observed
300200295_,2026-09-01,387.0,observed
300200292_,2024-01-01,12.0,observed
300200292_,2024-02-01,20.0,observed
300200292_,2024-03-01,81.0,observed
300200292_,2024-04-01,69.0,observed
300200292_,2024-05-01,270.0,observed
300200292_,2024-06-01,259.0,observed
300200292_,2024-07-01,224.0,observed
300200292_,2024-08-01,186.0,observed
300200292_,2024-09-01,152.0,observed
300200292_,2024-10-01,140.0,observed
300200292_,2024-11-01,140.0,observed
300200292_,2024-12-01,136.0,observed
300200292_,2025-01-01,148.0,observed
300200292_,2025-02-01,147.0,observed
300200292_,2025-03-01,95.0,observed
300200292_,2025-04-01,197.0,observed
300200292_,2025-05-01,197.0,observed
300200292_,2025-06-01,180.0,observed
300200292_,2025-07-01,157.0,observed
300200292_,2025-08-01,142.0,observed
300200292_,2025-09-01,132.0,observed
300200292_,2025-10-01,130.0,observed
300200292_,2025-11-01,137.0,observed
300200292_,2025-12-01,121.0,observed
300200292_,2026-01-01,99.0,observed
300200292_,2026-02-01,74.0,observed
300200292_,2026-03-01,64.0,observed
300200292_,2026-04-01,61.0,observed
300200292_,2026-05-01,61.0,observed
300200292_,2026-06-01,60.0,observed
300200292_,2026-07-01,60.0,observed
300200292_,2026-08-01,59.0,observed
300200292_,2026-09-01,55.0,observed
300200300_,2024-01-01,8.0,observed
300200300_,2024-02-01,2.0,observed
300200300_,2024-03-01,32.0,observed
300200300_,2024-04-01,20.0,observed
300200300_,2024-05-01,78.0,observed
300200300_,2024-06-01,68.0,observed
300200300_,2024-07-01,64.0,observed
300200300_,2024-08-01,77.0,observed
300200300_,2024-09-01,67.0,observed
300200300_,2024-10-01,63.0,observed
300200300_,2024-11-01,58.0,observed
300200300_,2024-12-01,47.0,observed
300200300_,2025-01-01,40.0,observed
300200300_,2025-02-01,36.0,observed
300200300_,2025-03-01,31.0,observed
300200300_,2025-04-01,57.0,observed
300200300_,2025-05-01,49.0,observed
300200300_,2025-06-01,49.0,observed
300200300_,2025-07-01,49.0,observed
300200300_,2025-08-01,49.0,observed
300200300_,2025-09-01,49.0,observed
300200300_,2025-10-01,49.0,observed
300200300_,2025-11-01,45.0,observed
300200300_,2025-12-01,35.0,observed
300200300_,2026-01-01,33.0,observed
300200300_,2026-02-01,33.0,observed
300200300_,2026-03-01,33.0,observed
300200300_,2026-04-01,33.0,observed
300200300_,2026-05-01,25.0,observed
300200300_,2026-06-01,25.0,observed
300200300_,2026-07-01,23.0,observed
300200300_,2026-08-01,23.0,observed
300200300_,2026-09-01,21.0,observed
300200312_,2024-01-01,1.0,observed
300200312_,2024-02-01,1.0,observed
300200312_,2024-03-01,1.0,observed
300200312_,2024-04-01,1.0,observed
300200312_,2024-05-01,1.0,observed
300200312_,2024-06-01,1.0,observed
300200312_,2024-07-01,1.0,observed
300200312_,2024-08-01,1.0,observed
300200312_,2024-09-01,1.0,observed
300200312_,2024-10-01,54.0,observed
300200312_,2024-11-01,47.0,observed
300200312_,2024-12-01,45.0,observed
300200312_,2025-01-01,48.0,observed
300200312_,2025-02-01,47.0,observed
300200312_,2025-03-01,46.0,observed
300200312_,2025-04-01,44.0,observed
300200312_,2025-05-01,43.0,observed
300200312_,2025-06-01,34.0,observed
300200312_,2025-07-01,26.0,observed
300200312_,2025-08-01,26.0,observed
300200312_,2025-09-01,26.0,observed
300200312_,2025-10-01,26.0,observed
300200312_,2025-11-01,25.0,observed
300200312_,2025-12-01,25.0,observed
300200312_,2026-01-01,15.0,observed
300200312_,2026-02-01,15.0,observed
300200312_,2026-03-01,15.0,observed
300200312_,2026-04-01,8.0,observed
300200312_,2026-05-01,11.0,observed
300200312_,2026-06-01,11.0,observed
300200312_,2026-07-01,2.0,observed
300200312_,2026-08-01,4.0,observed
300200312_,2026-09-01,7.0,observed
300200303_,2024-01-01,2696.0,observed
300200303_,2024-02-01,556.0,observed
300200303_,2024-03-01,11310.0,observed
300200303_,2024-04-01,6718.0,observed
300200303_,2024-05-01,32985.0,observed
300200303_,2024-06-01,25920.0,observed
300200303_,2024-07-01,20507.0,observed
300200303_,2024-08-01,31327.0,observed
300200303_,2024-09-01,22721.0,observed
300200303_,2024-10-01,17854.0,observed
300200303_,2024-11-01,14801.0,observed
300200303_,2024-12-01,19556.0,observed
300200303_,2025-01-01,32966.0,observed
300200303_,2025-02-01,29374.0,observed
300200303_,2025-03-01,24257.0,observed
300200303_,2025-04-01,29867.0,observed
300200303_,2025-05-01,41124.0,observed
300200303_,2025-06-01,35331.0,observed
300200303_,2025-07-01,30638.0,observed
300200303_,2025-08-01,28225.0,observed
300200303_,2025-09-01,22546.0,observed
300200303_,2025-10-01,23256.0,observed
300200303_,2025-11-01,20492.0,observed
300200303_,2025-12-01,17044.0,observed
300200303_,2026-01-01,13268.0,observed
300200303_,2026-02-01,10526.0,observed
300200303_,2026-03-01,9662.0,observed
300200303_,2026-04-01,10206.0,observed
300200303_,2026-05-01,11501.0,observed
300200303_,2026-06-01,9578.0,observed
300200303_,2026-07-01,5803.0,observed
300200303_,2026-08-01,6360.0,observed
300200303_,2026-09-01,6621.0,observed
300200304_,2024-01-01,1460.0,observed
300200304_,2024-02-01,496.0,observed
300200304_,2024-03-01,4470.0,observed
300200304_,2024-04-01,2478.0,observed
300200304_,2024-05-01,14963.0,observed
300200304_,2024-06-01,12204.0,observed
300200304_,2024-07-01,10271.0,observed
300200304_,2024-08-01,13918.0,observed
300200304_,2024-09-01,10782.0,observed
300200304_,2024-10-01,9140.0,observed
300200304_,2024-11-01,6980.0,observed
300200304_,2024-12-01,9080.0,observed
300200304_,2025-01-01,14786.0,observed
300200304_,2025-02-01,12808.0,observed
300200304_,2025-03-01,10822.0,observed
300200304_,2025-04-01,13984.0,observed
300200304_,2025-05-01,17092.0,observed
300200304_,2025-06-01,15041.0,observed
300200304_,2025-07-01,13371.0,observed
300200304_,2025-08-01,11748.0,observed
300200304_,2025-09-01,9207.0,observed
300200304_,2025-10-01,8839.0,observed
300200304_,2025-11-01,8117.0,observed
300200304_,2025-12-01,6540.0,observed
300200304_,2026-01-01,4792.0,observed
300200304_,2026-02-01,3324.0,observed
300200304_,2026-03-01,4249.0,observed
300200304_,2026-04-01,4594.0,observed
300200304_,2026-05-01,5308.0,observed
300200304_,2026-06-01,4484.0,observed
300200304_,2026-07-01,3094.0,observed
300200304_,2026-08-01,3894.0,observed
300200304_,2026-09-01,2707.0,observed
300200305_,2024-01-01,436.0,observed
300200305_,2024-02-01,87.0,observed
300200305_,2024-03-01,2279.0,observed
300200305_,2024-04-01,1300.0,observed
300200305_,2024-05-01,7200.0,observed
300200305_,2024-06-01,5929.0,observed
300200305_,2024-07-01,4944.0,observed
300200305_,2024-08-01,6301.0,observed
300200305_,2024-09-01,4808.0,observed
300200305_,2024-10-01,4386.0,observed
300200305_,2024-11-01,3416.0,observed
300200305_,2024-12-01,3479.0,observed
300200305_,2025-01-01,5744.0,observed
300200305_,2025-02-01,5018.0,observed
300200305_,2025-03-01,4383.0,observed
300200305_,2025-04-01,5535.0,observed
300200305_,2025-05-01,7461.0,observed
300200305_,2025-06-01,6570.0,observed
300200305_,2025-07-01,5837.0,observed
300200305_,2025-08-01,5210.0,observed
300200305_,2025-09-01,4415.0,observed
300200305_,2025-10-01,3808.0,observed
300200305_,2025-11-01,3230.0,observed
300200305_,2025-12-01,2588.0,observed
300200305_,2026-01-01,1994.0,observed
300200305_,2026-02-01,1281.0,observed
300200305_,2026-03-01,1396.0,observed
300200305_,2026-04-01,1780.0,observed
300200305_,2026-05-01,1825.0,observed
300200305_,2026-06-01,1503.0,observed
300200305_,2026-07-01,1287.0,observed
300200305_,2026-08-01,1186.0,observed
300200305_,2026-09-01,978.0,observed
300200306_,2024-01-01,328.0,observed
300200306_,2024-02-01,253.0,observed
300200306_,2024-03-01,1990.0,observed
300200306_,2024-04-01,1582.0,observed
300200306_,2024-05-01,3376.0,observed
300200306_,2024-06-01,3062.0,observed
300200306_,2024-07-01,2737.0,observed
300200306_,2024-08-01,2948.0,observed
300200306_,2024-09-01,2489.0,observed
300200306_,2024-10-01,1902.0,observed
300200306_,2024-11-01,1413.0,observed
300200306_,2024-12-01,1127.0,observed
300200306_,2025-01-01,2447.0,observed
300200306_,2025-02-01,2246.0,observed
300200306_,2025-03-01,1891.0,observed
300200306_,2025-04-01,3252.0,observed
300200306_,2025-05-01,3070.0,observed
300200306_,2025-06-01,2756.0,observed
300200306_,2025-07-01,2482.0,observed
300200306_,2025-08-01,2200.0,observed
300200306_,2025-09-01,1960.0,observed
300200306_,2025-10-01,1736.0,observed
300200306_,2025-11-01,1509.0,observed
300200306_,2025-12-01,1246.0,observed
300200306_,2026-01-01,754.0,observed
300200306_,2026-02-01,465.0,observed
300200306_,2026-03-01,637.0,observed
300200306_,2026-04-01,885.0,observed
300200306_,2026-05-01,898.0,observed
300200306_,2026-06-01,813.0,observed
300200306_,2026-07-01,612.0,observed
300200306_,2026-08-01,562.0,observed
300200306_,2026-09-01,344.0,observed
300200307_,2024-01-01,39.0,observed
300200307_,2024-02-01,72.0,observed
300200307_,2024-03-01,377.0,observed
300200307_,2024-04-01,299.0,observed
300200307_,2024-05-01,895.0,observed
300200307_,2024-06-01,844.0,observed
300200307_,2024-07-01,758.0,observed
300200307_,2024-08-01,780.0,observed
300200307_,2024-09-01,691.0,observed
300200307_,2024-10-01,595.0,observed
300200307_,2024-11-01,502.0,observed
300200307_,2024-12-01,427.0,observed
300200307_,2025-01-01,484.0,observed
300200307_,2025-02-01,466.0,observed
300200307_,2025-03-01,417.0,observed
300200307_,2025-04-01,551.0,observed
300200307_,2025-05-01,499.0,observed
300200307_,2025-06-01,467.0,observed
300200307_,2025-07-01,352.0,observed
300200307_,2025-08-01,290.0,observed
300200307_,2025-09-01,258.0,observed
300200307_,2025-10-01,260.0,observed
300200307_,2025-11-01,134.0,observed
300200307_,2025-12-01,157.0,observed
300200307_,2026-01-01,225.0,observed
300200307_,2026-02-01,216.0,observed
300200307_,2026-03-01,201.0,observed
300200307_,2026-04-01,203.0,observed
300200307_,2026-05-01,197.0,observed
300200307_,2026-06-01,203.0,observed
300200307_,2026-07-01,160.0,observed
300200307_,2026-08-01,167.0,observed
300200307_,2026-09-01,136.0,observed
300200310_,2024-01-01,4.0,observed
300200310_,2024-02-01,4.0,observed
300200310_,2024-03-01,81.0,observed
300200310_,2024-04-01,21.0,observed
300200310_,2024-05-01,149.0,observed
300200310_,2024-06-01,146.0,observed
300200310_,2024-07-01,146.0,observed
300200310_,2024-08-01,248.0,observed
300200310_,2024-09-01,237.0,observed
300200310_,2024-10-01,232.0,observed
300200310_,2024-11-01,227.0,observed
300200310_,2024-12-01,219.0,observed
300200310_,2025-01-01,243.0,observed
300200310_,2025-02-01,223.0,observed
300200310_,2025-03-01,223.0,observed
300200310_,2025-04-01,222.0,observed
300200310_,2025-05-01,222.0,observed
300200310_,2025-06-01,220.0,observed
300200310_,2025-07-01,217.0,observed
300200310_,2025-08-01,204.0,observed
300200310_,2025-09-01,189.0,observed
300200310_,2025-10-01,136.0,observed
300200310_,2025-11-01,136.0,observed
300200310_,2025-12-01,134.0,observed
300200310_,2026-01-01,128.0,observed
300200310_,2026-02-01,128.0,observed
300200310_,2026-03-01,116.0,observed
300200310_,2026-04-01,115.0,observed
300200310_,2026-05-01,110.0,observed
300200310_,2026-06-01,110.0,observed
300200310_,2026-07-01,110.0,observed
300200310_,2026-08-01,70.0,observed
300200310_,2026-09-01,60.0,observed
300200311_,2024-01-01,5.0,observed
300200311_,2024-02-01,2.0,observed
300200311_,2024-03-01,410.0,observed
300200311_,2024-04-01,324.0,observed
300200311_,2024-05-01,984.0,observed
300200311_,2024-06-01,794.0,observed
300200311_,2024-07-01,746.0,observed
300200311_,2024-08-01,862.0,observed
300200311_,2024-09-01,655.0,observed
300200311_,2024-10-01,422.0,observed
300200311_,2024-11-01,314.0,observed
300200311_,2024-12-01,475.0,observed
300200311_,2025-01-01,558.0,observed
300200311_,2025-02-01,513.0,observed
300200311_,2025-03-01,455.0,observed
300200311_,2025-04-01,879.0,observed
300200311_,2025-05-01,719.0,observed
300200311_,2025-06-01,582.0,observed
300200311_,2025-07-01,438.0,observed
300200311_,2025-08-01,446.0,observed
300200311_,2025-09-01,371.0,observed
300200311_,2025-10-01,437.0,observed
300200311_,2025-11-01,397.0,observed
300200311_,2025-12-01,247.0,observed
300200311_,2026-01-01,259.0,observed
300200311_,2026-02-01,103.0,observed
300200311_,2026-03-01,63.0,observed
300200311_,2026-04-01,462.0,observed
300200311_,2026-05-01,459.0,observed
300200311_,2026-06-01,420.0,observed
300200311_,2026-07-01,258.0,observed
300200311_,2026-08-01,242.0,observed
300200311_,2026-09-01,181.0,observed
300200308_,2024-01-01,150.0,observed
300200308_,2024-02-01,135.0,observed
300200308_,2024-03-01,250.0,observed
300200308_,2024-04-01,227.0,observed
300200308_,2024-05-01,532.0,observed
300200308_,2024-06-01,462.0,observed
300200308_,2024-07-01,454.0,observed
300200308_,2024-08-01,319.0,observed
300200308_,2024-09-01,298.0,observed
300200308_,2024-10-01,288.0,observed
300200308_,2024-11-01,280.0,observed
300200308_,2024-12-01,141.0,observed
300200308_,2025-01-01,202.0,observed
300200308_,2025-02-01,200.0,observed
300200308_,2025-03-01,181.0,observed
300200308_,2025-04-01,212.0,observed
300200308_,2025-05-01,196.0,observed
300200308_,2025-06-01,175.0,observed
300200308_,2025-07-01,172.0,observed
300200308_,2025-08-01,158.0,observed
300200308_,2025-09-01,141.0,observed
300200308_,2025-10-01,91.0,observed
300200308_,2025-11-01,90.0,observed
300200308_,2025-12-01,82.0,observed
300200308_,2026-01-01,19.0,observed
300200308_,2026-02-01,56.0,observed
300200308_,2026-03-01,22.0,observed
300200308_,2026-04-01,64.0,observed
300200308_,2026-05-01,101.0,observed
300200308_,2026-06-01,91.0,observed
300200308_,2026-07-01,75.0,observed
300200308_,2026-08-01,94.0,observed
300200308_,2026-09-01,55.0,observed
300200309_,2024-01-01,27.0,observed
300200309_,2024-02-01,27.0,observed
300200309_,2024-03-01,61.0,observed
300200309_,2024-04-01,48.0,observed
300200309_,2024-05-01,103.0,observed
300200309_,2024-06-01,103.0,observed
300200309_,2024-07-01,85.0,observed
300200309_,2024-08-01,153.0,observed
300200309_,2024-09-01,144.0,observed
300200309_,2024-10-01,142.0,observed
300200309_,2024-11-01,140.0,observed
300200309_,2024-12-01,134.0,observed
300200309_,2025-01-01,124.0,observed
300200309_,2025-02-01,121.0,observed
300200309_,2025-03-01,112.0,observed
300200309_,2025-04-01,107.0,observed
300200309_,2025-05-01,103.0,observed
300200309_,2025-06-01,88.0,observed
300200309_,2025-07-01,82.0,observed
300200309_,2025-08-01,74.0,observed
300200309_,2025-09-01,71.0,observed
300200309_,2025-10-01,65.0,observed
300200309_,2025-11-01,61.0,observed
300200309_,2025-12-01,40.0,observed
300200309_,2026-01-01,20.0,observed
300200309_,2026-02-01,29.0,observed
300200309_,2026-03-01,1.0,observed
300200309_,2026-04-01,54.0,observed
300200309_,2026-05-01,53.0,observed
300200309_,2026-06-01,47.0,observed
300200309_,2026-07-01,30.0,observed
300200309_,2026-08-01,31.0,observed
300200309_,2026-09-01,26.0,observed
300200313_,2024-01-01,248.0,observed
300200313_,2024-02-01,236.0,observed
300200313_,2024-03-01,179.0,observed
300200313_,2024-04-01,564.0,observed
300200313_,2024-05-01,1293.0,observed
300200313_,2024-06-01,1259.0,observed
300200313_,2024-07-01,1118.0,observed
300200313_,2024-08-01,1137.0,observed
300200313_,2024-09-01,1036.0,observed
300200313_,2024-10-01,939.0,observed
300200313_,2024-11-01,818.0,observed
300200313_,2024-12-01,753.0,observed
300200313_,2025-01-01,534.0,observed
300200313_,2025-02-01,476.0,observed
300200313_,2025-03-01,413.0,observed
300200313_,2025-04-01,393.0,observed
300200313_,2025-05-01,439.0,observed
300200313_,2025-06-01,951.0,observed
300200313_,2025-07-01,988.0,observed
300200313_,2025-08-01,934.0,observed
300200313_,2025-09-01,829.0,observed
300200313_,2025-10-01,797.0,observed
300200313_,2025-11-01,730.0,observed
300200313_,2025-12-01,708.0,observed
300200313_,2026-01-01,683.0,observed
300200313_,2026-02-01,588.0,observed
300200313_,2026-03-01,456.0,observed
300200313_,2026-04-01,402.0,observed
300200313_,2026-05-01,422.0,observed
300200313_,2026-06-01,380.0,observed
300200313_,2026-07-01,365.0,observed
300200313_,2026-08-01,320.0,observed
300200313_,2026-09-01,256.0,observed
300200498_,2024-01-01,51.0,observed
300200498_,2024-02-01,54.0,observed
300200498_,2024-03-01,702.0,observed
300200498_,2024-04-01,530.0,observed
300200498_,2024-05-01,1918.0,observed
300200498_,2024-06-01,1656.0,observed
300200498_,2024-07-01,1395.0,observed
300200498_,2024-08-01,1758.0,observed
300200498_,2024-09-01,1460.0,observed
300200498_,2024-10-01,1171.0,observed
300200498_,2024-11-01,974.0,observed
300200498_,2024-12-01,848.0,observed
300200498_,2025-01-01,1280.0,observed
300200498_,2025-02-01,1143.0,observed
300200498_,2025-03-01,1005.0,observed
300200498_,2025-04-01,1210.0,observed
300200498_,2025-05-01,1615.0,observed
300200498_,2025-06-01,1306.0,observed
300200498_,2025-07-01,1029.0,observed
300200498_,2025-08-01,993.0,observed
300200498_,2025-09-01,846.0,observed
300200498_,2025-10-01,768.0,observed
300200498_,2025-11-01,725.0,observed
300200498_,2025-12-01,744.0,observed
300200498_,2026-01-01,574.0,observed
300200498_,2026-02-01,365.0,observed
300200498_,2026-03-01,426.0,observed
300200498_,2026-04-01,525.0,observed
300200498_,2026-05-01,574.0,observed
300200498_,2026-06-01,495.0,observed
300200498_,2026-07-01,340.0,observed
300200498_,2026-08-01,302.0,observed
300200498_,2026-09-01,138.0,observed
ATN000108,2024-01-01,2.0,observed
ATN000108,2024-02-01,2.0,observed
ATN000108,2024-03-01,32.0,observed
ATN000108,2024-04-01,32.0,observed
ATN000108,2024-05-01,52.0,observed
ATN000108,2024-06-01,18.0,observed
ATN000108,2024-07-01,18.0,observed
ATN000108,2024-08-01,78.0,observed
ATN000108,2024-09-01,66.0,observed
ATN000108,2024-10-01,61.0,observed
ATN000108,2024-11-01,61.0,observed
ATN000108,2024-12-01,61.0,observed
ATN000108,2025-01-01,71.0,observed
ATN000108,2025-02-01,71.0,observed
ATN000108,2025-03-01,71.0,observed
ATN000108,2025-04-01,81.0,observed
ATN000108,2025-05-01,81.0,observed
ATN000108,2025-06-01,80.0,observed
ATN000108,2025-07-01,80.0,observed
ATN000108,2025-08-01,80.0,observed
ATN000108,2025-09-01,80.0,observed
ATN000108,2025-10-01,80.0,observed
ATN000108,2025-11-01,80.0,observed
ATN000108,2025-12-01,80.0,observed
ATN000108,2026-01-01,80.0,observed
ATN000108,2026-02-01,77.0,observed
ATN000108,2026-03-01,77.0,observed
ATN000108,2026-04-01,77.0,observed
ATN000108,2026-05-01,77.0,observed
ATN000108,2026-06-01,77.0,observed
ATN000108,2026-07-01,77.0,observed
ATN000108,2026-08-01,16.0,observed
ATN000108,2026-09-01,16.0,observed
300200314_,2024-01-01,31.0,observed
300200314_,2024-02-01,30.0,observed
300200314_,2024-03-01,30.0,observed
300200314_,2024-04-01,210.0,observed
300200314_,2024-05-01,335.0,observed
300200314_,2024-06-01,286.0,observed
300200314_,2024-07-01,253.0,observed
300200314_,2024-08-01,340.0,observed
300200314_,2024-09-01,285.0,observed
300200314_,2024-10-01,239.0,observed
300200314_,2024-11-01,190.0,observed
300200314_,2024-12-01,192.0,observed
300200314_,2025-01-01,177.0,observed
300200314_,2025-02-01,294.0,observed
300200314_,2025-03-01,135.0,observed
300200314_,2025-04-01,171.0,observed
300200314_,2025-05-01,546.0,observed
300200314_,2025-06-01,600.0,observed
300200314_,2025-07-01,596.0,observed
300200314_,2025-08-01,549.0,observed
300200314_,2025-09-01,524.0,observed
300200314_,2025-10-01,521.0,observed
300200314_,2025-11-01,518.0,observed
300200314_,2025-12-01,514.0,observed
300200314_,2026-01-01,512.0,observed
300200314_,2026-02-01,431.0,observed
300200314_,2026-03-01,392.0,observed
300200314_,2026-04-01,212.0,observed
300200314_,2026-05-01,225.0,observed
300200314_,2026-06-01,212.0,observed
300200314_,2026-07-01,200.0,observed
300200314_,2026-08-01,175.0,observed
300200314_,2026-09-01,161.0,observed
ATN000109,2024-01-01,1.0,observed
ATN000109,2024-02-01,1.0,observed
ATN000109,2024-03-01,36.0,observed
ATN000109,2024-04-01,32.0,observed
ATN000109,2024-05-01,52.0,observed
ATN000109,2024-06-01,40.0,observed
ATN000109,2024-07-01,38.0,observed
ATN000109,2024-08-01,53.0,observed
ATN000109,2024-09-01,50.0,observed
ATN000109,2024-10-01,45.0,observed
ATN000109,2024-11-01,42.0,observed
ATN000109,2024-12-01,37.0,observed
ATN000109,2025-01-01,37.0,observed
ATN000109,2025-02-01,37.0,observed
ATN000109,2025-03-01,33.0,observed
ATN000109,2025-04-01,31.0,observed
ATN000109,2025-05-01,10.0,observed
ATN000109,2025-06-01,25.0,observed
ATN000109,2025-07-01,11.0,observed
ATN000109,2025-08-01,22.0,observed
ATN000109,2025-09-01,22.0,observed
ATN000109,2025-10-01,1.0,observed
ATN000109,2025-11-01,31.0,observed
ATN000109,2025-12-01,1.0,observed
ATN000109,2026-01-01,33.0,observed
ATN000109,2026-02-01,33.0,observed
ATN000109,2026-03-01,29.0,observed
ATN000109,2026-04-01,29.0,observed
ATN000109,2026-05-01,28.0,observed
ATN000109,2026-06-01,27.0,observed
ATN000109,2026-07-01,25.0,observed
ATN000109,2026-08-01,25.0,observed
ATN000109,2026-09-01,19.0,observed
300200315_,2024-01-01,113.0,observed
300200315_,2024-02-01,116.0,observed
300200315_,2024-03-01,114.0,observed
300200315_,2024-04-01,229.0,observed
300200315_,2024-05-01,596.0,observed
300200315_,2024-06-01,532.0,observed
300200315_,2024-07-01,501.0,observed
300200315_,2024-08-01,476.0,observed
300200315_,2024-09-01,373.0,observed
300200315_,2024-10-01,373.0,observed
300200315_,2024-11-01,343.0,observed
300200315_,2024-12-01,283.0,observed
300200315_,2025-01-01,285.0,observed
300200315_,2025-02-01,285.0,observed
300200315_,2025-03-01,285.0,observed
300200315_,2025-04-01,271.0,observed
300200315_,2025-05-01,266.0,observed
300200315_,2025-06-01,266.0,observed
300200315_,2025-07-01,261.0,observed
300200315_,2025-08-01,241.0,observed
300200315_,2025-09-01,236.0,observed
300200315_,2025-10-01,236.0,observed
300200315_,2025-11-01,236.0,observed
300200315_,2025-12-01,236.0,observed
300200315_,2026-01-01,216.0,observed
300200315_,2026-02-01,216.0,observed
300200315_,2026-03-01,216.0,observed
300200315_,2026-04-01,216.0,observed
300200315_,2026-05-01,196.0,observed
300200315_,2026-06-01,196.0,observed
300200315_,2026-07-01,190.0,observed
300200315_,2026-08-01,260.0,observed
300200315_,2026-09-01,240.0,observed
ATN000139,2024-01-01,1.0,observed
ATN000139,2024-02-01,1.0,observed
ATN000139,2024-03-01,1.0,observed
ATN000139,2024-04-01,1.0,observed
ATN000139,2024-05-01,1.0,observed
ATN000139,2024-06-01,1.0,observed
ATN000139,2024-07-01,1.0,observed
ATN000139,2024-08-01,1.0,observed
ATN000139,2024-09-01,1.0,observed
ATN000139,2024-10-01,1.0,observed
ATN000139,2024-11-01,1.0,observed
ATN000139,2024-12-01,1.0,observed
ATN000139,2025-01-01,1.0,observed
ATN000139,2025-02-01,1.0,observed
ATN000139,2025-03-01,1.0,observed
ATN000139,2025-04-01,1.0,observed
ATN000139,2025-05-01,1.0,observed
ATN000139,2025-06-01,1.0,observed
ATN000139,2025-07-01,1.0,observed
ATN000139,2025-08-01,1.0,observed
ATN000139,2025-09-01,1.0,observed
ATN000139,2025-10-01,1.0,observed
ATN000139,2025-11-01,1.0,observed
ATN000139,2025-12-01,1.0,observed
ATN000139,2026-01-01,1.0,observed
ATN000139,2026-02-01,1.0,observed
ATN000139,2026-03-01,1.0,observed
ATN000139,2026-04-01,1.0,observed
ATN000139,2026-05-01,1.0,observed
ATN000139,2026-06-01,1.0,observed
ATN000139,2026-07-01,1.0,observed
ATN000139,2026-08-01,1.0,observed
ATN000139,2026-09-01,1.0,observed
300200771_,2024-01-01,,blank
300200771_,2024-02-01,,blank
300200771_,2024-03-01,,blank
300200771_,2024-04-01,,blank
300200771_,2024-05-01,,blank
300200771_,2024-06-01,491.0,observed
300200771_,2024-07-01,451.0,observed
300200771_,2024-08-01,439.0,observed
300200771_,2024-09-01,401.0,observed
300200771_,2024-10-01,298.0,observed
300200771_,2024-11-01,250.0,observed
300200771_,2024-12-01,214.0,observed
300200771_,2025-01-01,218.0,observed
300200771_,2025-02-01,184.0,observed
300200771_,2025-03-01,162.0,observed
300200771_,2025-04-01,270.0,observed
300200771_,2025-05-01,197.0,observed
300200771_,2025-06-01,187.0,observed
300200771_,2025-07-01,175.0,observed
300200771_,2025-08-01,239.0,observed
300200771_,2025-09-01,200.0,observed
300200771_,2025-10-01,175.0,observed
300200771_,2025-11-01,157.0,observed
300200771_,2025-12-01,117.0,observed
300200771_,2026-01-01,104.0,observed
300200771_,2026-02-01,94.0,observed
300200771_,2026-03-01,86.0,observed
300200771_,2026-04-01,100.0,observed
300200771_,2026-05-01,81.0,observed
300200771_,2026-06-01,47.0,observed
300200771_,2026-07-01,15.0,observed
300200771_,2026-08-01,75.0,observed
300200771_,2026-09-01,68.0,observed
300200316_,2024-01-01,173.0,observed
300200316_,2024-02-01,91.0,observed
300200316_,2024-03-01,88.0,observed
300200316_,2024-04-01,288.0,observed
300200316_,2024-05-01,1018.0,observed
300200316_,2024-06-01,937.0,observed
300200316_,2024-07-01,736.0,observed
300200316_,2024-08-01,933.0,observed
300200316_,2024-09-01,882.0,observed
300200316_,2024-10-01,862.0,observed
300200316_,2024-11-01,787.0,observed
300200316_,2024-12-01,765.0,observed
300200316_,2025-01-01,759.0,observed
300200316_,2025-02-01,738.0,observed
300200316_,2025-03-01,727.0,observed
300200316_,2025-04-01,708.0,observed
300200316_,2025-05-01,850.0,observed
300200316_,2025-06-01,766.0,observed
300200316_,2025-07-01,704.0,observed
300200316_,2025-08-01,696.0,observed
300200316_,2025-09-01,696.0,observed
300200316_,2025-10-01,686.0,observed
300200316_,2025-11-01,683.0,observed
300200316_,2025-12-01,683.0,observed
300200316_,2026-01-01,348.0,observed
300200316_,2026-02-01,182.0,observed
300200316_,2026-03-01,21.0,observed
300200316_,2026-04-01,16.0,observed
300200316_,2026-05-01,20.0,observed
300200316_,2026-06-01,18.0,observed
300200316_,2026-07-01,17.0,observed
300200316_,2026-08-01,11.0,observed
300200316_,2026-09-01,11.0,observed
300200959_,2024-01-01,,blank
300200959_,2024-02-01,,blank
300200959_,2024-03-01,,blank
300200959_,2024-04-01,,blank
300200959_,2024-05-01,,blank
300200959_,2024-06-01,,blank
300200959_,2024-07-01,,blank
300200959_,2024-08-01,,blank
300200959_,2024-09-01,,blank
300200959_,2024-10-01,,blank
300200959_,2024-11-01,,blank
300200959_,2024-12-01,,blank
300200959_,2025-01-01,50.0,observed
300200959_,2025-02-01,37.0,observed
300200959_,2025-03-01,28.0,observed
300200959_,2025-04-01,138.0,observed
300200959_,2025-05-01,2.0,observed
300200959_,2025-06-01,95.0,observed
300200959_,2025-07-01,176.0,observed
300200959_,2025-08-01,236.0,observed
300200959_,2025-09-01,200.0,observed
300200959_,2025-10-01,178.0,observed
300200959_,2025-11-01,157.0,observed
300200959_,2025-12-01,119.0,observed
300200959_,2026-01-01,79.0,observed
300200959_,2026-02-01,55.0,observed
300200959_,2026-03-01,118.0,observed
300200959_,2026-04-01,109.0,observed
300200959_,2026-05-01,144.0,observed
300200959_,2026-06-01,113.0,observed
300200959_,2026-07-01,89.0,observed
300200959_,2026-08-01,69.0,observed
300200959_,2026-09-01,60.0,observed
300200317_,2024-01-01,333.0,observed
300200317_,2024-02-01,40.0,observed
300200317_,2024-03-01,37.0,observed
300200317_,2024-04-01,411.0,observed
300200317_,2024-05-01,1484.0,observed
300200317_,2024-06-01,955.0,observed
300200317_,2024-07-01,912.0,observed
300200317_,2024-08-01,1869.0,observed
300200317_,2024-09-01,1182.0,observed
300200317_,2024-10-01,1169.0,observed
300200317_,2024-11-01,839.0,observed
300200317_,2024-12-01,750.0,observed
300200317_,2025-01-01,508.0,observed
300200317_,2025-02-01,1012.0,observed
300200317_,2025-03-01,870.0,observed
300200317_,2025-04-01,1366.0,observed
300200317_,2025-05-01,1785.0,observed
300200317_,2025-06-01,1656.0,observed
300200317_,2025-07-01,1573.0,observed
300200317_,2025-08-01,1111.0,observed
300200317_,2025-09-01,951.0,observed
300200317_,2025-10-01,803.0,observed
300200317_,2025-11-01,790.0,observed
300200317_,2025-12-01,759.0,observed
300200317_,2026-01-01,739.0,observed
300200317_,2026-02-01,577.0,observed
300200317_,2026-03-01,431.0,observed
300200317_,2026-04-01,430.0,observed
300200317_,2026-05-01,395.0,observed
300200317_,2026-06-01,520.0,observed
300200317_,2026-07-01,443.0,observed
300200317_,2026-08-01,481.0,observed
300200317_,2026-09-01,434.0,observed
300200496_,2024-01-01,,blank
300200496_,2024-02-01,,blank
300200496_,2024-03-01,,blank
300200496_,2024-04-01,,blank
300200496_,2024-05-01,,blank
300200496_,2024-06-01,,blank
300200496_,2024-07-01,,blank
300200496_,2024-08-01,,blank
300200496_,2024-09-01,,blank
300200496_,2024-10-01,,blank
300200496_,2024-11-01,,blank
300200496_,2024-12-01,,blank
300200496_,2025-01-01,65.0,observed
300200496_,2025-02-01,48.0,observed
300200496_,2025-03-01,65.0,observed
300200496_,2025-04-01,15.0,observed
300200496_,2025-05-01,1.0,observed
300200496_,2025-06-01,121.0,observed
300200496_,2025-07-01,121.0,observed
300200496_,2025-08-01,111.0,observed
300200496_,2025-09-01,101.0,observed
300200496_,2025-10-01,121.0,observed
300200496_,2025-11-01,121.0,observed
300200496_,2025-12-01,121.0,observed
300200496_,2026-01-01,109.0,observed
300200496_,2026-02-01,108.0,observed
300200496_,2026-03-01,97.0,observed
300200496_,2026-04-01,47.0,observed
300200496_,2026-05-01,84.0,observed
300200496_,2026-06-01,79.0,observed
300200496_,2026-07-01,83.0,observed
300200496_,2026-08-01,8.0,observed
300200496_,2026-09-01,52.0,observed
300200346_,2024-01-01,18.0,observed
300200346_,2024-02-01,18.0,observed
300200346_,2024-03-01,18.0,observed
300200346_,2024-04-01,38.0,observed
300200346_,2024-05-01,58.0,observed
300200346_,2024-06-01,58.0,observed
300200346_,2024-07-01,58.0,observed
300200346_,2024-08-01,58.0,observed
300200346_,2024-09-01,57.0,observed
300200346_,2024-10-01,57.0,observed
300200346_,2024-11-01,47.0,observed
300200346_,2024-12-01,47.0,observed
300200346_,2025-01-01,180.0,observed
300200346_,2025-02-01,52.0,observed
300200346_,2025-03-01,72.0,observed
300200346_,2025-04-01,132.0,observed
300200346_,2025-05-01,96.0,observed
300200346_,2025-06-01,96.0,observed
300200346_,2025-07-01,96.0,observed
300200346_,2025-08-01,96.0,observed
300200346_,2025-09-01,96.0,observed
300200346_,2025-10-01,94.0,observed
300200346_,2025-11-01,94.0,observed
300200346_,2025-12-01,94.0,observed
300200346_,2026-01-01,92.0,observed
300200346_,2026-02-01,57.0,observed
300200346_,2026-03-01,117.0,observed
300200346_,2026-04-01,96.0,observed
300200346_,2026-05-01,76.0,observed
300200346_,2026-06-01,76.0,observed
300200346_,2026-07-01,46.0,observed
300200346_,2026-08-01,44.0,observed
300200346_,2026-09-01,44.0,observed
300200318_,2024-01-01,246.0,observed
300200318_,2024-02-01,30.0,observed
300200318_,2024-03-01,30.0,observed
300200318_,2024-04-01,354.0,observed
300200318_,2024-05-01,701.0,observed
300200318_,2024-06-01,336.0,observed
300200318_,2024-07-01,197.0,observed
300200318_,2024-08-01,1132.0,observed
300200318_,2024-09-01,359.0,observed
300200318_,2024-10-01,535.0,observed
300200318_,2024-11-01,654.0,observed
300200318_,2024-12-01,645.0,observed
300200318_,2025-01-01,707.0,observed
300200318_,2025-02-01,713.0,observed
300200318_,2025-03-01,665.0,observed
300200318_,2025-04-01,616.0,observed
300200318_,2025-05-01,696.0,observed
300200318_,2025-06-01,1734.0,observed
300200318_,2025-07-01,1665.0,observed
300200318_,2025-08-01,1583.0,observed
300200318_,2025-09-01,1453.0,observed
300200318_,2025-10-01,1382.0,observed
300200318_,2025-11-01,1314.0,observed
300200318_,2025-12-01,1280.0,observed
300200318_,2026-01-01,1562.0,observed
300200318_,2026-02-01,1314.0,observed
300200318_,2026-03-01,1213.0,observed
300200318_,2026-04-01,636.0,observed
300200318_,2026-05-01,538.0,observed
300200318_,2026-06-01,515.0,observed
300200318_,2026-07-01,350.0,observed
300200318_,2026-08-01,344.0,observed
300200318_,2026-09-01,294.0,observed
300200347_,2024-01-01,40.0,observed
300200347_,2024-02-01,2.0,observed
300200347_,2024-03-01,2.0,observed
300200347_,2024-04-01,59.0,observed
300200347_,2024-05-01,126.0,observed
300200347_,2024-06-01,,blank
300200347_,2024-07-01,126.0,observed
300200347_,2024-08-01,583.0,observed
300200347_,2024-09-01,476.0,observed
300200347_,2024-10-01,443.0,observed
300200347_,2024-11-01,231.0,observed
300200347_,2024-12-01,310.0,observed
300200347_,2025-01-01,324.0,observed
300200347_,2025-02-01,354.0,observed
300200347_,2025-03-01,324.0,observed
300200347_,2025-04-01,602.0,observed
300200347_,2025-05-01,436.0,observed
300200347_,2025-06-01,472.0,observed
300200347_,2025-07-01,472.0,observed
300200347_,2025-08-01,472.0,observed
300200347_,2025-09-01,467.0,observed
300200347_,2025-10-01,467.0,observed
300200347_,2025-11-01,463.0,observed
300200347_,2025-12-01,463.0,observed
300200347_,2026-01-01,452.0,observed
300200347_,2026-02-01,452.0,observed
300200347_,2026-03-01,449.0,observed
300200347_,2026-04-01,307.0,observed
300200347_,2026-05-01,306.0,observed
300200347_,2026-06-01,306.0,observed
300200347_,2026-07-01,296.0,observed
300200347_,2026-08-01,226.0,observed
300200347_,2026-09-01,223.0,observed
300200319_,2024-01-01,35.0,observed
300200319_,2024-02-01,5.0,observed
300200319_,2024-03-01,1.0,observed
300200319_,2024-04-01,1049.0,observed
300200319_,2024-05-01,2125.0,observed
300200319_,2024-06-01,1667.0,observed
300200319_,2024-07-01,1187.0,observed
300200319_,2024-08-01,2551.0,observed
300200319_,2024-09-01,2171.0,observed
300200319_,2024-10-01,1520.0,observed
300200319_,2024-11-01,1009.0,observed
300200319_,2024-12-01,1226.0,observed
300200319_,2025-01-01,1640.0,observed
300200319_,2025-02-01,1538.0,observed
300200319_,2025-03-01,991.0,observed
300200319_,2025-04-01,846.0,observed
300200319_,2025-05-01,3076.0,observed
300200319_,2025-06-01,2638.0,observed
300200319_,2025-07-01,2311.0,observed
300200319_,2025-08-01,1703.0,observed
300200319_,2025-09-01,1226.0,observed
300200319_,2025-10-01,1887.0,observed
300200319_,2025-11-01,1561.0,observed
300200319_,2025-12-01,1679.0,observed
300200319_,2026-01-01,1118.0,observed
300200319_,2026-02-01,758.0,observed
300200319_,2026-03-01,1549.0,observed
300200319_,2026-04-01,1220.0,observed
300200319_,2026-05-01,1538.0,observed
300200319_,2026-06-01,1097.0,observed
300200319_,2026-07-01,1221.0,observed
300200319_,2026-08-01,1065.0,observed
300200319_,2026-09-01,946.0,observed
300200320_,2024-01-01,45.0,observed
300200320_,2024-02-01,35.0,observed
300200320_,2024-03-01,290.0,observed
300200320_,2024-04-01,296.0,observed
300200320_,2024-05-01,641.0,observed
300200320_,2024-06-01,549.0,observed
300200320_,2024-07-01,461.0,observed
300200320_,2024-08-01,666.0,observed
300200320_,2024-09-01,580.0,observed
300200320_,2024-10-01,518.0,observed
300200320_,2024-11-01,264.0,observed
300200320_,2024-12-01,397.0,observed
300200320_,2025-01-01,639.0,observed
300200320_,2025-02-01,405.0,observed
300200320_,2025-03-01,558.0,observed
300200320_,2025-04-01,495.0,observed
300200320_,2025-05-01,985.0,observed
300200320_,2025-06-01,857.0,observed
300200320_,2025-07-01,776.0,observed
300200320_,2025-08-01,637.0,observed
300200320_,2025-09-01,292.0,observed
300200320_,2025-10-01,681.0,observed
300200320_,2025-11-01,610.0,observed
300200320_,2025-12-01,514.0,observed
300200320_,2026-01-01,459.0,observed
300200320_,2026-02-01,284.0,observed
300200320_,2026-03-01,287.0,observed
300200320_,2026-04-01,404.0,observed
300200320_,2026-05-01,414.0,observed
300200320_,2026-06-01,435.0,observed
300200320_,2026-07-01,330.0,observed
300200320_,2026-08-01,394.0,observed
300200320_,2026-09-01,423.0,observed
300200321_,2024-01-01,19.0,observed
300200321_,2024-02-01,19.0,observed
300200321_,2024-03-01,17.0,observed
300200321_,2024-04-01,135.0,observed
300200321_,2024-05-01,287.0,observed
300200321_,2024-06-01,125.0,observed
300200321_,2024-07-01,109.0,observed
300200321_,2024-08-01,408.0,observed
300200321_,2024-09-01,308.0,observed
300200321_,2024-10-01,253.0,observed
300200321_,2024-11-01,309.0,observed
300200321_,2024-12-01,253.0,observed
300200321_,2025-01-01,421.0,observed
300200321_,2025-02-01,131.0,observed
300200321_,2025-03-01,298.0,observed
300200321_,2025-04-01,507.0,observed
300200321_,2025-05-01,579.0,observed
300200321_,2025-06-01,444.0,observed
300200321_,2025-07-01,359.0,observed
300200321_,2025-08-01,340.0,observed
300200321_,2025-09-01,234.0,observed
300200321_,2025-10-01,333.0,observed
300200321_,2025-11-01,324.0,observed
300200321_,2025-12-01,317.0,observed
300200321_,2026-01-01,276.0,observed
300200321_,2026-02-01,122.0,observed
300200321_,2026-03-01,155.0,observed
300200321_,2026-04-01,137.0,observed
300200321_,2026-05-01,131.0,observed
300200321_,2026-06-01,140.0,observed
300200321_,2026-07-01,202.0,observed
300200321_,2026-08-01,78.0,observed
300200321_,2026-09-01,75.0,observed
300200322_,2024-01-01,1.0,observed
300200322_,2024-02-01,1.0,observed
300200322_,2024-03-01,1.0,observed
300200322_,2024-04-01,396.0,observed
300200322_,2024-05-01,640.0,observed
300200322_,2024-06-01,483.0,observed
300200322_,2024-07-01,451.0,observed
300200322_,2024-08-01,701.0,observed
300200322_,2024-09-01,533.0,observed
300200322_,2024-10-01,315.0,observed
300200322_,2024-11-01,306.0,observed
300200322_,2024-12-01,460.0,observed
300200322_,2025-01-01,557.0,observed
300200322_,2025-02-01,487.0,observed
300200322_,2025-03-01,484.0,observed
300200322_,2025-04-01,1096.0,observed
300200322_,2025-05-01,951.0,observed
300200322_,2025-06-01,878.0,observed
300200322_,2025-07-01,688.0,observed
300200322_,2025-08-01,659.0,observed
300200322_,2025-09-01,503.0,observed
300200322_,2025-10-01,535.0,observed
300200322_,2025-11-01,653.0,observed
300200322_,2025-12-01,541.0,observed
300200322_,2026-01-01,379.0,observed
300200322_,2026-02-01,329.0,observed
300200322_,2026-03-01,296.0,observed
300200322_,2026-04-01,340.0,observed
300200322_,2026-05-01,367.0,observed
300200322_,2026-06-01,349.0,observed
300200322_,2026-07-01,216.0,observed
300200322_,2026-08-01,143.0,observed
300200322_,2026-09-01,179.0,observed
300200323_,2024-01-01,517.0,observed
300200323_,2024-02-01,42.0,observed
300200323_,2024-03-01,30.0,observed
300200323_,2024-04-01,1047.0,observed
300200323_,2024-05-01,2667.0,observed
300200323_,2024-06-01,1798.0,observed
300200323_,2024-07-01,1249.0,observed
300200323_,2024-08-01,3892.0,observed
300200323_,2024-09-01,3369.0,observed
300200323_,2024-10-01,2699.0,observed
300200323_,2024-11-01,2088.0,observed
300200323_,2024-12-01,1649.0,observed
300200323_,2025-01-01,2119.0,observed
300200323_,2025-02-01,2068.0,observed
300200323_,2025-03-01,2189.0,observed
300200323_,2025-04-01,2849.0,observed
300200323_,2025-05-01,3743.0,observed
300200323_,2025-06-01,3110.0,observed
300200323_,2025-07-01,2627.0,observed
300200323_,2025-08-01,2064.0,observed
300200323_,2025-09-01,1438.0,observed
300200323_,2025-10-01,2182.0,observed
300200323_,2025-11-01,1768.0,observed
300200323_,2025-12-01,1575.0,observed
300200323_,2026-01-01,714.0,observed
300200323_,2026-02-01,357.0,observed
300200323_,2026-03-01,1539.0,observed
300200323_,2026-04-01,1035.0,observed
300200323_,2026-05-01,1593.0,observed
300200323_,2026-06-01,1049.0,observed
300200323_,2026-07-01,958.0,observed
300200323_,2026-08-01,743.0,observed
300200323_,2026-09-01,754.0,observed
300200324_,2024-01-01,60.0,observed
300200324_,2024-02-01,,blank
300200324_,2024-03-01,,blank
300200324_,2024-04-01,2564.0,observed
300200324_,2024-05-01,5579.0,observed
300200324_,2024-06-01,4615.0,observed
300200324_,2024-07-01,3628.0,observed
300200324_,2024-08-01,6385.0,observed
300200324_,2024-09-01,5297.0,observed
300200324_,2024-10-01,3978.0,observed
300200324_,2024-11-01,2772.0,observed
300200324_,2024-12-01,2460.0,observed
300200324_,2025-01-01,2409.0,observed
300200324_,2025-02-01,3762.0,observed
300200324_,2025-03-01,3487.0,observed
300200324_,2025-04-01,7409.0,observed
300200324_,2025-05-01,6428.0,observed
300200324_,2025-06-01,5336.0,observed
300200324_,2025-07-01,4575.0,observed
300200324_,2025-08-01,4056.0,observed
300200324_,2025-09-01,3102.0,observed
300200324_,2025-10-01,4418.0,observed
300200324_,2025-11-01,3577.0,observed
300200324_,2025-12-01,3601.0,observed
300200324_,2026-01-01,2544.0,observed
300200324_,2026-02-01,1562.0,observed
300200324_,2026-03-01,2594.0,observed
300200324_,2026-04-01,2569.0,observed
300200324_,2026-05-01,3857.0,observed
300200324_,2026-06-01,3146.0,observed
300200324_,2026-07-01,2365.0,observed
300200324_,2026-08-01,3488.0,observed
300200324_,2026-09-01,2601.0,observed
300200325_,2024-01-01,272.0,observed
300200325_,2024-02-01,19.0,observed
300200325_,2024-03-01,28.0,observed
300200325_,2024-04-01,46.0,observed
300200325_,2024-05-01,316.0,observed
300200325_,2024-06-01,281.0,observed
300200325_,2024-07-01,218.0,observed
300200325_,2024-08-01,307.0,observed
300200325_,2024-09-01,223.0,observed
300200325_,2024-10-01,175.0,observed
300200325_,2024-11-01,159.0,observed
300200325_,2024-12-01,223.0,observed
300200325_,2025-01-01,251.0,observed
300200325_,2025-02-01,213.0,observed
300200325_,2025-03-01,81.0,observed
300200325_,2025-04-01,506.0,observed
300200325_,2025-05-01,477.0,observed
300200325_,2025-06-01,438.0,observed
300200325_,2025-07-01,395.0,observed
300200325_,2025-08-01,373.0,observed
300200325_,2025-09-01,330.0,observed
300200325_,2025-10-01,227.0,observed
300200325_,2025-11-01,253.0,observed
300200325_,2025-12-01,283.0,observed
300200325_,2026-01-01,246.0,observed
300200325_,2026-02-01,87.0,observed
300200325_,2026-03-01,136.0,observed
300200325_,2026-04-01,129.0,observed
300200325_,2026-05-01,119.0,observed
300200325_,2026-06-01,199.0,observed
300200325_,2026-07-01,202.0,observed
300200325_,2026-08-01,120.0,observed
300200325_,2026-09-01,112.0,observed
300200326_,2024-01-01,160.0,observed
300200326_,2024-02-01,4.0,observed
300200326_,2024-03-01,3.0,observed
300200326_,2024-04-01,583.0,observed
300200326_,2024-05-01,1738.0,observed
300200326_,2024-06-01,1202.0,observed
300200326_,2024-07-01,803.0,observed
300200326_,2024-08-01,1792.0,observed
300200326_,2024-09-01,1414.0,observed
300200326_,2024-10-01,1069.0,observed
300200326_,2024-11-01,993.0,observed
300200326_,2024-12-01,923.0,observed
300200326_,2025-01-01,1040.0,observed
300200326_,2025-02-01,689.0,observed
300200326_,2025-03-01,1016.0,observed
300200326_,2025-04-01,2705.0,observed
300200326_,2025-05-01,2400.0,observed
300200326_,2025-06-01,2138.0,observed
300200326_,2025-07-01,1890.0,observed
300200326_,2025-08-01,1492.0,observed
300200326_,2025-09-01,1203.0,observed
300200326_,2025-10-01,1436.0,observed
300200326_,2025-11-01,1064.0,observed
300200326_,2025-12-01,1211.0,observed
300200326_,2026-01-01,830.0,observed
300200326_,2026-02-01,299.0,observed
300200326_,2026-03-01,851.0,observed
300200326_,2026-04-01,861.0,observed
300200326_,2026-05-01,1176.0,observed
300200326_,2026-06-01,1020.0,observed
300200326_,2026-07-01,593.0,observed
300200326_,2026-08-01,1094.0,observed
300200326_,2026-09-01,667.0,observed
300200327_,2024-01-01,93.0,observed
300200327_,2024-02-01,1.0,observed
300200327_,2024-03-01,92.0,observed
300200327_,2024-04-01,123.0,observed
300200327_,2024-05-01,525.0,observed
300200327_,2024-06-01,473.0,observed
300200327_,2024-07-01,423.0,observed
300200327_,2024-08-01,512.0,observed
300200327_,2024-09-01,457.0,observed
300200327_,2024-10-01,325.0,observed
300200327_,2024-11-01,303.0,observed
300200327_,2024-12-01,281.0,observed
300200327_,2025-01-01,395.0,observed
300200327_,2025-02-01,256.0,observed
300200327_,2025-03-01,217.0,observed
300200327_,2025-04-01,425.0,observed
300200327_,2025-05-01,402.0,observed
300200327_,2025-06-01,386.0,observed
300200327_,2025-07-01,356.0,observed
300200327_,2025-08-01,334.0,observed
300200327_,2025-09-01,317.0,observed
300200327_,2025-10-01,213.0,observed
300200327_,2025-11-01,204.0,observed
300200327_,2025-12-01,180.0,observed
300200327_,2026-01-01,110.0,observed
300200327_,2026-02-01,89.0,observed
300200327_,2026-03-01,109.0,observed
300200327_,2026-04-01,119.0,observed
300200327_,2026-05-01,90.0,observed
300200327_,2026-06-01,204.0,observed
300200327_,2026-07-01,188.0,observed
300200327_,2026-08-01,89.0,observed
300200327_,2026-09-01,81.0,observed
300200328_,2024-01-01,92.0,observed
300200328_,2024-02-01,9.0,observed
300200328_,2024-03-01,5.0,observed
300200328_,2024-04-01,760.0,observed
300200328_,2024-05-01,2173.0,observed
300200328_,2024-06-01,1914.0,observed
300200328_,2024-07-01,1675.0,observed
300200328_,2024-08-01,1896.0,observed
300200328_,2024-09-01,1565.0,observed
300200328_,2024-10-01,1146.0,observed
300200328_,2024-11-01,810.0,observed
300200328_,2024-12-01,1017.0,observed
300200328_,2025-01-01,1182.0,observed
300200328_,2025-02-01,1086.0,observed
300200328_,2025-03-01,920.0,observed
300200328_,2025-04-01,1841.0,observed
300200328_,2025-05-01,1600.0,observed
300200328_,2025-06-01,1409.0,observed
300200328_,2025-07-01,1090.0,observed
300200328_,2025-08-01,1205.0,observed
300200328_,2025-09-01,937.0,observed
300200328_,2025-10-01,1165.0,observed
300200328_,2025-11-01,1043.0,observed
300200328_,2025-12-01,818.0,observed
300200328_,2026-01-01,747.0,observed
300200328_,2026-02-01,356.0,observed
300200328_,2026-03-01,473.0,observed
300200328_,2026-04-01,730.0,observed
300200328_,2026-05-01,760.0,observed
300200328_,2026-06-01,541.0,observed
300200328_,2026-07-01,503.0,observed
300200328_,2026-08-01,669.0,observed
300200328_,2026-09-01,654.0,observed
300200330_,2024-01-01,11.0,observed
300200330_,2024-02-01,10.0,observed
300200330_,2024-03-01,10.0,observed
300200330_,2024-04-01,49.0,observed
300200330_,2024-05-01,120.0,observed
300200330_,2024-06-01,115.0,observed
300200330_,2024-07-01,117.0,observed
300200330_,2024-08-01,64.0,observed
300200330_,2024-09-01,59.0,observed
300200330_,2024-10-01,57.0,observed
300200330_,2024-11-01,10.0,observed
300200330_,2024-12-01,49.0,observed
300200330_,2025-01-01,44.0,observed
300200330_,2025-02-01,42.0,observed
300200330_,2025-03-01,39.0,observed
300200330_,2025-04-01,55.0,observed
300200330_,2025-05-01,54.0,observed
300200330_,2025-06-01,52.0,observed
300200330_,2025-07-01,52.0,observed
300200330_,2025-08-01,28.0,observed
300200330_,2025-09-01,27.0,observed
300200330_,2025-10-01,27.0,observed
300200330_,2025-11-01,27.0,observed
300200330_,2025-12-01,24.0,observed
300200330_,2026-01-01,22.0,observed
300200330_,2026-02-01,21.0,observed
300200330_,2026-03-01,21.0,observed
300200330_,2026-04-01,19.0,observed
300200330_,2026-05-01,17.0,observed
300200330_,2026-06-01,14.0,observed
300200330_,2026-07-01,13.0,observed
300200330_,2026-08-01,13.0,observed
300200330_,2026-09-01,14.0,observed
300200348_,2024-01-01,63.0,observed
300200348_,2024-02-01,263.0,observed
300200348_,2024-03-01,55.0,observed
300200348_,2024-04-01,80.0,observed
300200348_,2024-05-01,103.0,observed
300200348_,2024-06-01,94.0,observed
300200348_,2024-07-01,79.0,observed
300200348_,2024-08-01,83.0,observed
300200348_,2024-09-01,46.0,observed
300200348_,2024-10-01,72.0,observed
300200348_,2024-11-01,56.0,observed
300200348_,2024-12-01,52.0,observed
300200348_,2025-01-01,50.0,observed
300200348_,2025-02-01,50.0,observed
300200348_,2025-03-01,42.0,observed
300200348_,2025-04-01,37.0,observed
300200348_,2025-05-01,36.0,observed
300200348_,2025-06-01,66.0,observed
300200348_,2025-07-01,66.0,observed
300200348_,2025-08-01,65.0,observed
300200348_,2025-09-01,64.0,observed
300200348_,2025-10-01,63.0,observed
300200348_,2025-11-01,63.0,observed
300200348_,2025-12-01,63.0,observed
300200348_,2026-01-01,60.0,observed
300200348_,2026-02-01,58.0,observed
300200348_,2026-03-01,58.0,observed
300200348_,2026-04-01,57.0,observed
300200348_,2026-05-01,57.0,observed
300200348_,2026-06-01,54.0,observed
300200348_,2026-07-01,51.0,observed
300200348_,2026-08-01,50.0,observed
300200348_,2026-09-01,49.0,observed
300200350_,2024-01-01,17.0,observed
300200350_,2024-02-01,1.0,observed
300200350_,2024-03-01,20.0,observed
300200350_,2024-04-01,38.0,observed
300200350_,2024-05-01,53.0,observed
300200350_,2024-06-01,53.0,observed
300200350_,2024-07-01,50.0,observed
300200350_,2024-08-01,30.0,observed
300200350_,2024-09-01,39.0,observed
300200350_,2024-10-01,36.0,observed
300200350_,2024-11-01,36.0,observed
300200350_,2024-12-01,46.0,observed
300200350_,2025-01-01,46.0,observed
300200350_,2025-02-01,27.0,observed
300200350_,2025-03-01,22.0,observed
300200350_,2025-04-01,57.0,observed
300200350_,2025-05-01,57.0,observed
300200350_,2025-06-01,57.0,observed
300200350_,2025-07-01,57.0,observed
300200350_,2025-08-01,54.0,observed
300200350_,2025-09-01,53.0,observed
300200350_,2025-10-01,51.0,observed
300200350_,2025-11-01,51.0,observed
300200350_,2025-12-01,51.0,observed
300200350_,2026-01-01,41.0,observed
300200350_,2026-02-01,41.0,observed
300200350_,2026-03-01,37.0,observed
300200350_,2026-04-01,37.0,observed
300200350_,2026-05-01,37.0,observed
300200350_,2026-06-01,37.0,observed
300200350_,2026-07-01,37.0,observed
300200350_,2026-08-01,37.0,observed
300200350_,2026-09-01,37.0,observed
300200352_,2024-01-01,5.0,observed
300200352_,2024-02-01,5.0,observed
300200352_,2024-03-01,5.0,observed
300200352_,2024-04-01,15.0,observed
300200352_,2024-05-01,35.0,observed
300200352_,2024-06-01,34.0,observed
300200352_,2024-07-01,34.0,observed
300200352_,2024-08-01,34.0,observed
300200352_,2024-09-01,33.0,observed
300200352_,2024-10-01,33.0,observed
300200352_,2024-11-01,33.0,observed
300200352_,2024-12-01,33.0,observed
300200352_,2025-01-01,37.0,observed
300200352_,2025-02-01,37.0,observed
300200352_,2025-03-01,37.0,observed
300200352_,2025-04-01,37.0,observed
300200352_,2025-05-01,37.0,observed
300200352_,2025-06-01,37.0,observed
300200352_,2025-07-01,37.0,observed
300200352_,2025-08-01,36.0,observed
300200352_,2025-09-01,36.0,observed
300200352_,2025-10-01,36.0,observed
300200352_,2025-11-01,36.0,observed
300200352_,2025-12-01,36.0,observed
300200352_,2026-01-01,36.0,observed
300200352_,2026-02-01,36.0,observed
300200352_,2026-03-01,36.0,observed
300200352_,2026-04-01,36.0,observed
300200352_,2026-05-01,36.0,observed
300200352_,2026-06-01,36.0,observed
300200352_,2026-07-01,36.0,observed
300200352_,2026-08-01,36.0,observed
300200352_,2026-09-01,36.0,observed
ATN000330,2024-01-01,1.0,observed
ATN000330,2024-02-01,1.0,observed
ATN000330,2024-03-01,1.0,observed
ATN000330,2024-04-01,1.0,observed
ATN000330,2024-05-01,1.0,observed
ATN000330,2024-06-01,1.0,observed
ATN000330,2024-07-01,1.0,observed
ATN000330,2024-08-01,1.0,observed
ATN000330,2024-09-01,1.0,observed
ATN000330,2024-10-01,1.0,observed
ATN000330,2024-11-01,1.0,observed
ATN000330,2024-12-01,1.0,observed
ATN000330,2025-01-01,1.0,observed
ATN000330,2025-02-01,1.0,observed
ATN000330,2025-03-01,1.0,observed
ATN000330,2025-04-01,1.0,observed
ATN000330,2025-05-01,1.0,observed
ATN000330,2025-06-01,1.0,observed
ATN000330,2025-07-01,1.0,observed
ATN000330,2025-08-01,1.0,observed
ATN000330,2025-09-01,1.0,observed
ATN000330,2025-10-01,1.0,observed
ATN000330,2025-11-01,1.0,observed
ATN000330,2025-12-01,1.0,observed
ATN000330,2026-01-01,1.0,observed
ATN000330,2026-02-01,1.0,observed
ATN000330,2026-03-01,1.0,observed
ATN000330,2026-04-01,1.0,observed
ATN000330,2026-05-01,1.0,observed
ATN000330,2026-06-01,1.0,observed
ATN000330,2026-07-01,1.0,observed
ATN000330,2026-08-01,1.0,observed
ATN000330,2026-09-01,1.0,observed
300200430_,2024-01-01,200.0,observed
300200430_,2024-02-01,92.0,observed
300200430_,2024-03-01,262.0,observed
300200430_,2024-04-01,236.0,observed
300200430_,2024-05-01,751.0,observed
300200430_,2024-06-01,632.0,observed
300200430_,2024-07-01,561.0,observed
300200430_,2024-08-01,505.0,observed
300200430_,2024-09-01,480.0,observed
300200430_,2024-10-01,491.0,observed
300200430_,2024-11-01,425.0,observed
300200430_,2024-12-01,355.0,observed
300200430_,2025-01-01,377.0,observed
300200430_,2025-02-01,354.0,observed
300200430_,2025-03-01,339.0,observed
300200430_,2025-04-01,355.0,observed
300200430_,2025-05-01,355.0,observed
300200430_,2025-06-01,310.0,observed
300200430_,2025-07-01,210.0,observed
300200430_,2025-08-01,198.0,observed
300200430_,2025-09-01,186.0,observed
300200430_,2025-10-01,144.0,observed
300200430_,2025-11-01,121.0,observed
300200430_,2025-12-01,152.0,observed
300200430_,2026-01-01,100.0,observed
300200430_,2026-02-01,75.0,observed
300200430_,2026-03-01,139.0,observed
300200430_,2026-04-01,115.0,observed
300200430_,2026-05-01,145.0,observed
300200430_,2026-06-01,125.0,observed
300200430_,2026-07-01,100.0,observed
300200430_,2026-08-01,75.0,observed
300200430_,2026-09-01,94.0,observed
300200588_,2024-01-01,12.0,observed
300200588_,2024-02-01,12.0,observed
300200588_,2024-03-01,168.0,observed
300200588_,2024-04-01,138.0,observed
300200588_,2024-05-01,1767.0,observed
300200588_,2024-06-01,1652.0,observed
300200588_,2024-07-01,1543.0,observed
300200588_,2024-08-01,1755.0,observed
300200588_,2024-09-01,1624.0,observed
300200588_,2024-10-01,1513.0,observed
300200588_,2024-11-01,1427.0,observed
300200588_,2024-12-01,1372.0,observed
300200588_,2025-01-01,1250.0,observed
300200588_,2025-02-01,1117.0,observed
300200588_,2025-03-01,1085.0,observed
300200588_,2025-04-01,1006.0,observed
300200588_,2025-05-01,942.0,observed
300200588_,2025-06-01,835.0,observed
300200588_,2025-07-01,704.0,observed
300200588_,2025-08-01,627.0,observed
300200588_,2025-09-01,600.0,observed
300200588_,2025-10-01,525.0,observed
300200588_,2025-11-01,380.0,observed
300200588_,2025-12-01,373.0,observed
300200588_,2026-01-01,253.0,observed
300200588_,2026-02-01,236.0,observed
300200588_,2026-03-01,308.0,observed
300200588_,2026-04-01,255.0,observed
300200588_,2026-05-01,300.0,observed
300200588_,2026-06-01,280.0,observed
300200588_,2026-07-01,170.0,observed
300200588_,2026-08-01,123.0,observed
300200588_,2026-09-01,303.0,observed
300200443_,2024-01-01,63.0,observed
300200443_,2024-02-01,53.0,observed
300200443_,2024-03-01,90.0,observed
300200443_,2024-04-01,80.0,observed
300200443_,2024-05-01,140.0,observed
300200443_,2024-06-01,130.0,observed
300200443_,2024-07-01,100.0,observed
300200443_,2024-08-01,122.0,observed
300200443_,2024-09-01,113.0,observed
300200443_,2024-10-01,87.0,observed
300200443_,2024-11-01,71.0,observed
300200443_,2024-12-01,61.0,observed
300200443_,2025-01-01,95.0,observed
300200443_,2025-02-01,94.0,observed
300200443_,2025-03-01,74.0,observed
300200443_,2025-04-01,79.0,observed
300200443_,2025-05-01,79.0,observed
300200443_,2025-06-01,49.0,observed
300200443_,2025-07-01,38.0,observed
300200443_,2025-08-01,38.0,observed
300200443_,2025-09-01,33.0,observed
300200443_,2025-10-01,19.0,observed
300200443_,2025-11-01,36.0,observed
300200443_,2025-12-01,43.0,observed
300200443_,2026-01-01,32.0,observed
300200443_,2026-02-01,32.0,observed
300200443_,2026-03-01,42.0,observed
300200443_,2026-04-01,42.0,observed
300200443_,2026-05-01,37.0,observed
300200443_,2026-06-01,39.0,observed
300200443_,2026-07-01,39.0,observed
300200443_,2026-08-01,57.0,observed
300200443_,2026-09-01,67.0,observed
300200432_,2024-01-01,94.0,observed
300200432_,2024-02-01,41.0,observed
300200432_,2024-03-01,211.0,observed
300200432_,2024-04-01,206.0,observed
300200432_,2024-05-01,602.0,observed
300200432_,2024-06-01,541.0,observed
300200432_,2024-07-01,524.0,observed
300200432_,2024-08-01,542.0,observed
300200432_,2024-09-01,511.0,observed
300200432_,2024-10-01,503.0,observed
300200432_,2024-11-01,477.0,observed
300200432_,2024-12-01,449.0,observed
300200432_,2025-01-01,458.0,observed
300200432_,2025-02-01,435.0,observed
300200432_,2025-03-01,408.0,observed
300200432_,2025-04-01,368.0,observed
300200432_,2025-05-01,383.0,observed
300200432_,2025-06-01,305.0,observed
300200432_,2025-07-01,294.0,observed
300200432_,2025-08-01,287.0,observed
300200432_,2025-09-01,274.0,observed
300200432_,2025-10-01,235.0,observed
300200432_,2025-11-01,224.0,observed
300200432_,2025-12-01,211.0,observed
300200432_,2026-01-01,165.0,observed
300200432_,2026-02-01,155.0,observed
300200432_,2026-03-01,154.0,observed
300200432_,2026-04-01,150.0,observed
300200432_,2026-05-01,141.0,observed
300200432_,2026-06-01,136.0,observed
300200432_,2026-07-01,132.0,observed
300200432_,2026-08-01,111.0,observed
300200432_,2026-09-01,102.0,observed
300200444_,2024-01-01,22.0,observed
300200444_,2024-02-01,17.0,observed
300200444_,2024-03-01,26.0,observed
300200444_,2024-04-01,17.0,observed
300200444_,2024-05-01,45.0,observed
300200444_,2024-06-01,45.0,observed
300200444_,2024-07-01,41.0,observed
300200444_,2024-08-01,88.0,observed
300200444_,2024-09-01,85.0,observed
300200444_,2024-10-01,72.0,observed
300200444_,2024-11-01,54.0,observed
300200444_,2024-12-01,48.0,observed
300200444_,2025-01-01,72.0,observed
300200444_,2025-02-01,72.0,observed
300200444_,2025-03-01,72.0,observed
300200444_,2025-04-01,67.0,observed
300200444_,2025-05-01,67.0,observed
300200444_,2025-06-01,27.0,observed
300200444_,2025-07-01,27.0,observed
300200444_,2025-08-01,37.0,observed
300200444_,2025-09-01,37.0,observed
300200444_,2025-10-01,27.0,observed
300200444_,2025-11-01,27.0,observed
300200444_,2025-12-01,24.0,observed
300200444_,2026-01-01,24.0,observed
300200444_,2026-02-01,24.0,observed
300200444_,2026-03-01,24.0,observed
300200444_,2026-04-01,24.0,observed
300200444_,2026-05-01,24.0,observed
300200444_,2026-06-01,24.0,observed
300200444_,2026-07-01,24.0,observed
300200444_,2026-08-01,39.0,observed
300200444_,2026-09-01,47.0,observed
300200449_,2024-01-01,25.0,observed
300200449_,2024-02-01,14.0,observed
300200449_,2024-03-01,12.0,observed
300200449_,2024-04-01,11.0,observed
300200449_,2024-05-01,44.0,observed
300200449_,2024-06-01,25.0,observed
300200449_,2024-07-01,24.0,observed
300200449_,2024-08-01,139.0,observed
300200449_,2024-09-01,134.0,observed
300200449_,2024-10-01,122.0,observed
300200449_,2024-11-01,109.0,observed
300200449_,2024-12-01,107.0,observed
300200449_,2025-01-01,108.0,observed
300200449_,2025-02-01,108.0,observed
300200449_,2025-03-01,93.0,observed
300200449_,2025-04-01,92.0,observed
300200449_,2025-05-01,91.0,observed
300200449_,2025-06-01,73.0,observed
300200449_,2025-07-01,74.0,observed
300200449_,2025-08-01,57.0,observed
300200449_,2025-09-01,54.0,observed
300200449_,2025-10-01,43.0,observed
300200449_,2025-11-01,41.0,observed
300200449_,2025-12-01,38.0,observed
300200449_,2026-01-01,38.0,observed
300200449_,2026-02-01,38.0,observed
300200449_,2026-03-01,38.0,observed
300200449_,2026-04-01,38.0,observed
300200449_,2026-05-01,37.0,observed
300200449_,2026-06-01,37.0,observed
300200449_,2026-07-01,33.0,observed
300200449_,2026-08-01,47.0,observed
300200449_,2026-09-01,55.0,observed
300200447_,2024-01-01,1.0,observed
300200447_,2024-02-01,1.0,observed
300200447_,2024-03-01,1.0,observed
300200447_,2024-04-01,1.0,observed
300200447_,2024-05-01,1.0,observed
300200447_,2024-06-01,1.0,observed
300200447_,2024-07-01,1.0,observed
300200447_,2024-08-01,3.0,observed
300200447_,2024-09-01,3.0,observed
300200447_,2024-10-01,3.0,observed
300200447_,2024-11-01,3.0,observed
300200447_,2024-12-01,3.0,observed
300200447_,2025-01-01,3.0,observed
300200447_,2025-02-01,3.0,observed
300200447_,2025-03-01,3.0,observed
300200447_,2025-04-01,3.0,observed
300200447_,2025-05-01,3.0,observed
300200447_,2025-06-01,3.0,observed
300200447_,2025-07-01,3.0,observed
300200447_,2025-08-01,3.0,observed
300200447_,2025-09-01,3.0,observed
300200447_,2025-10-01,3.0,observed
300200447_,2025-11-01,3.0,observed
300200447_,2025-12-01,3.0,observed
300200447_,2026-01-01,3.0,observed
300200447_,2026-02-01,1.0,observed
300200447_,2026-03-01,1.0,observed
300200447_,2026-04-01,1.0,observed
300200447_,2026-05-01,1.0,observed
300200447_,2026-06-01,1.0,observed
300200447_,2026-07-01,1.0,observed
300200447_,2026-08-01,1.0,observed
300200447_,2026-09-01,1.0,observed
300200433_,2024-01-01,38.0,observed
300200433_,2024-02-01,34.0,observed
300200433_,2024-03-01,67.0,observed
300200433_,2024-04-01,38.0,observed
300200433_,2024-05-01,157.0,observed
300200433_,2024-06-01,118.0,observed
300200433_,2024-07-01,94.0,observed
300200433_,2024-08-01,151.0,observed
300200433_,2024-09-01,141.0,observed
300200433_,2024-10-01,131.0,observed
300200433_,2024-11-01,107.0,observed
300200433_,2024-12-01,104.0,observed
300200433_,2025-01-01,131.0,observed
300200433_,2025-02-01,116.0,observed
300200433_,2025-03-01,75.0,observed
300200433_,2025-04-01,194.0,observed
300200433_,2025-05-01,188.0,observed
300200433_,2025-06-01,165.0,observed
300200433_,2025-07-01,166.0,observed
300200433_,2025-08-01,163.0,observed
300200433_,2025-09-01,174.0,observed
300200433_,2025-10-01,144.0,observed
300200433_,2025-11-01,137.0,observed
300200433_,2025-12-01,133.0,observed
300200433_,2026-01-01,121.0,observed
300200433_,2026-02-01,119.0,observed
300200433_,2026-03-01,118.0,observed
300200433_,2026-04-01,117.0,observed
300200433_,2026-05-01,91.0,observed
300200433_,2026-06-01,90.0,observed
300200433_,2026-07-01,86.0,observed
300200433_,2026-08-01,85.0,observed
300200433_,2026-09-01,84.0,observed
300200439_,2024-01-01,79.0,observed
300200439_,2024-02-01,69.0,observed
300200439_,2024-03-01,85.0,observed
300200439_,2024-04-01,75.0,observed
300200439_,2024-05-01,263.0,observed
300200439_,2024-06-01,229.0,observed
300200439_,2024-07-01,217.0,observed
300200439_,2024-08-01,264.0,observed
300200439_,2024-09-01,240.0,observed
300200439_,2024-10-01,193.0,observed
300200439_,2024-11-01,166.0,observed
300200439_,2024-12-01,148.0,observed
300200439_,2025-01-01,167.0,observed
300200439_,2025-02-01,155.0,observed
300200439_,2025-03-01,146.0,observed
300200439_,2025-04-01,185.0,observed
300200439_,2025-05-01,167.0,observed
300200439_,2025-06-01,141.0,observed
300200439_,2025-07-01,138.0,observed
300200439_,2025-08-01,118.0,observed
300200439_,2025-09-01,111.0,observed
300200439_,2025-10-01,101.0,observed
300200439_,2025-11-01,101.0,observed
300200439_,2025-12-01,95.0,observed
300200439_,2026-01-01,77.0,observed
300200439_,2026-02-01,67.0,observed
300200439_,2026-03-01,57.0,observed
300200439_,2026-04-01,41.0,observed
300200439_,2026-05-01,56.0,observed
300200439_,2026-06-01,43.0,observed
300200439_,2026-07-01,39.0,observed
300200439_,2026-08-01,52.0,observed
300200439_,2026-09-01,47.0,observed
300200451_,2024-01-01,9.0,observed
300200451_,2024-02-01,4.0,observed
300200451_,2024-03-01,4.0,observed
300200451_,2024-04-01,4.0,observed
300200451_,2024-05-01,14.0,observed
300200451_,2024-06-01,14.0,observed
300200451_,2024-07-01,12.0,observed
300200451_,2024-08-01,5.0,observed
300200451_,2024-09-01,14.0,observed
300200451_,2024-10-01,24.0,observed
300200451_,2024-11-01,24.0,observed
300200451_,2024-12-01,24.0,observed
300200451_,2025-01-01,29.0,observed
300200451_,2025-02-01,28.0,observed
300200451_,2025-03-01,28.0,observed
300200451_,2025-04-01,27.0,observed
300200451_,2025-05-01,27.0,observed
300200451_,2025-06-01,27.0,observed
300200451_,2025-07-01,27.0,observed
300200451_,2025-08-01,27.0,observed
300200451_,2025-09-01,27.0,observed
300200451_,2025-10-01,10.0,observed
300200451_,2025-11-01,10.0,observed
300200451_,2025-12-01,10.0,observed
300200451_,2026-01-01,10.0,observed
300200451_,2026-02-01,10.0,observed
300200451_,2026-03-01,10.0,observed
300200451_,2026-04-01,10.0,observed
300200451_,2026-05-01,10.0,observed
300200451_,2026-06-01,10.0,observed
300200451_,2026-07-01,10.0,observed
300200451_,2026-08-01,10.0,observed
300200451_,2026-09-01,10.0,observed
300200448_,2024-01-01,19.0,observed
300200448_,2024-02-01,12.0,observed
300200448_,2024-03-01,12.0,observed
300200448_,2024-04-01,3.0,observed
300200448_,2024-05-01,53.0,observed
300200448_,2024-06-01,53.0,observed
300200448_,2024-07-01,53.0,observed
300200448_,2024-08-01,74.0,observed
300200448_,2024-09-01,73.0,observed
300200448_,2024-10-01,62.0,observed
300200448_,2024-11-01,59.0,observed
300200448_,2024-12-01,59.0,observed
300200448_,2025-01-01,89.0,observed
300200448_,2025-02-01,89.0,observed
300200448_,2025-03-01,89.0,observed
300200448_,2025-04-01,86.0,observed
300200448_,2025-05-01,86.0,observed
300200448_,2025-06-01,85.0,observed
300200448_,2025-07-01,85.0,observed
300200448_,2025-08-01,80.0,observed
300200448_,2025-09-01,80.0,observed
300200448_,2025-10-01,74.0,observed
300200448_,2025-11-01,74.0,observed
300200448_,2025-12-01,74.0,observed
300200448_,2026-01-01,74.0,observed
300200448_,2026-02-01,74.0,observed
300200448_,2026-03-01,74.0,observed
300200448_,2026-04-01,73.0,observed
300200448_,2026-05-01,73.0,observed
300200448_,2026-06-01,73.0,observed
300200448_,2026-07-01,72.0,observed
300200448_,2026-08-01,81.0,observed
300200448_,2026-09-01,88.0,observed
300200774_,2024-01-01,,blank
300200774_,2024-02-01,,blank
300200774_,2024-03-01,,blank
300200774_,2024-04-01,,blank
300200774_,2024-05-01,,blank
300200774_,2024-06-01,100.0,observed
300200774_,2024-07-01,100.0,observed
300200774_,2024-08-01,99.0,observed
300200774_,2024-09-01,87.0,observed
300200774_,2024-10-01,87.0,observed
300200774_,2024-11-01,87.0,observed
300200774_,2024-12-01,87.0,observed
300200774_,2025-01-01,87.0,observed
300200774_,2025-02-01,87.0,observed
300200774_,2025-03-01,87.0,observed
300200774_,2025-04-01,84.0,observed
300200774_,2025-05-01,83.0,observed
300200774_,2025-06-01,83.0,observed
300200774_,2025-07-01,83.0,observed
300200774_,2025-08-01,82.0,observed
300200774_,2025-09-01,82.0,observed
300200774_,2025-10-01,80.0,observed
300200774_,2025-11-01,80.0,observed
300200774_,2025-12-01,78.0,observed
300200774_,2026-01-01,78.0,observed
300200774_,2026-02-01,78.0,observed
300200774_,2026-03-01,78.0,observed
300200774_,2026-04-01,77.0,observed
300200774_,2026-05-01,77.0,observed
300200774_,2026-06-01,77.0,observed
300200774_,2026-07-01,76.0,observed
300200774_,2026-08-01,76.0,observed
300200774_,2026-09-01,74.0,observed
300200436_,2024-01-01,34.0,observed
300200436_,2024-02-01,27.0,observed
300200436_,2024-03-01,96.0,observed
300200436_,2024-04-01,44.0,observed
300200436_,2024-05-01,816.0,observed
300200436_,2024-06-01,772.0,observed
300200436_,2024-07-01,678.0,observed
300200436_,2024-08-01,843.0,observed
300200436_,2024-09-01,802.0,observed
300200436_,2024-10-01,727.0,observed
300200436_,2024-11-01,652.0,observed
300200436_,2024-12-01,580.0,observed
300200436_,2025-01-01,544.0,observed
300200436_,2025-02-01,518.0,observed
300200436_,2025-03-01,457.0,observed
300200436_,2025-04-01,583.0,observed
300200436_,2025-05-01,521.0,observed
300200436_,2025-06-01,320.0,observed
300200436_,2025-07-01,252.0,observed
300200436_,2025-08-01,300.0,observed
300200436_,2025-09-01,263.0,observed
300200436_,2025-10-01,294.0,observed
300200436_,2025-11-01,166.0,observed
300200436_,2025-12-01,301.0,observed
300200436_,2026-01-01,228.0,observed
300200436_,2026-02-01,197.0,observed
300200436_,2026-03-01,254.0,observed
300200436_,2026-04-01,183.0,observed
300200436_,2026-05-01,271.0,observed
300200436_,2026-06-01,247.0,observed
300200436_,2026-07-01,207.0,observed
300200436_,2026-08-01,203.0,observed
300200436_,2026-09-01,217.0,observed
300200431_,2024-01-01,37.0,observed
300200431_,2024-02-01,8.0,observed
300200431_,2024-03-01,31.0,observed
300200431_,2024-04-01,19.0,observed
300200431_,2024-05-01,290.0,observed
300200431_,2024-06-01,256.0,observed
300200431_,2024-07-01,238.0,observed
300200431_,2024-08-01,305.0,observed
300200431_,2024-09-01,281.0,observed
300200431_,2024-10-01,270.0,observed
300200431_,2024-11-01,171.0,observed
300200431_,2024-12-01,162.0,observed
300200431_,2025-01-01,199.0,observed
300200431_,2025-02-01,185.0,observed
300200431_,2025-03-01,171.0,observed
300200431_,2025-04-01,242.0,observed
300200431_,2025-05-01,181.0,observed
300200431_,2025-06-01,159.0,observed
300200431_,2025-07-01,173.0,observed
300200431_,2025-08-01,169.0,observed
300200431_,2025-09-01,145.0,observed
300200431_,2025-10-01,91.0,observed
300200431_,2025-11-01,145.0,observed
300200431_,2025-12-01,174.0,observed
300200431_,2026-01-01,141.0,observed
300200431_,2026-02-01,114.0,observed
300200431_,2026-03-01,114.0,observed
300200431_,2026-04-01,98.0,observed
300200431_,2026-05-01,94.0,observed
300200431_,2026-06-01,83.0,observed
300200431_,2026-07-01,61.0,observed
300200431_,2026-08-01,44.0,observed
300200431_,2026-09-01,59.0,observed
300200452_,2024-01-01,35.0,observed
300200452_,2024-02-01,29.0,observed
300200452_,2024-03-01,29.0,observed
300200452_,2024-04-01,29.0,observed
300200452_,2024-05-01,29.0,observed
300200452_,2024-06-01,28.0,observed
300200452_,2024-07-01,28.0,observed
300200452_,2024-08-01,27.0,observed
300200452_,2024-09-01,26.0,observed
300200452_,2024-10-01,26.0,observed
300200452_,2024-11-01,26.0,observed
300200452_,2024-12-01,24.0,observed
300200452_,2025-01-01,38.0,observed
300200452_,2025-02-01,26.0,observed
300200452_,2025-03-01,26.0,observed
300200452_,2025-04-01,25.0,observed
300200452_,2025-05-01,25.0,observed
300200452_,2025-06-01,25.0,observed
300200452_,2025-07-01,25.0,observed
300200452_,2025-08-01,20.0,observed
300200452_,2025-09-01,20.0,observed
300200452_,2025-10-01,18.0,observed
300200452_,2025-11-01,16.0,observed
300200452_,2025-12-01,16.0,observed
300200452_,2026-01-01,16.0,observed
300200452_,2026-02-01,16.0,observed
300200452_,2026-03-01,16.0,observed
300200452_,2026-04-01,16.0,observed
300200452_,2026-05-01,10.0,observed
300200452_,2026-06-01,10.0,observed
300200452_,2026-07-01,9.0,observed
300200452_,2026-08-01,11.0,observed
300200452_,2026-09-01,11.0,observed
300200434_,2024-01-01,33.0,observed
300200434_,2024-02-01,27.0,observed
300200434_,2024-03-01,101.0,observed
300200434_,2024-04-01,101.0,observed
300200434_,2024-05-01,111.0,observed
300200434_,2024-06-01,100.0,observed
300200434_,2024-07-01,100.0,observed
300200434_,2024-08-01,108.0,observed
300200434_,2024-09-01,100.0,observed
300200434_,2024-10-01,87.0,observed
300200434_,2024-11-01,81.0,observed
300200434_,2024-12-01,76.0,observed
300200434_,2025-01-01,70.0,observed
300200434_,2025-02-01,70.0,observed
300200434_,2025-03-01,62.0,observed
300200434_,2025-04-01,61.0,observed
300200434_,2025-05-01,61.0,observed
300200434_,2025-06-01,51.0,observed
300200434_,2025-07-01,3.0,observed
300200434_,2025-08-01,48.0,observed
300200434_,2025-09-01,48.0,observed
300200434_,2025-10-01,47.0,observed
300200434_,2025-11-01,30.0,observed
300200434_,2025-12-01,34.0,observed
300200434_,2026-01-01,25.0,observed
300200434_,2026-02-01,22.0,observed
300200434_,2026-03-01,32.0,observed
300200434_,2026-04-01,41.0,observed
300200434_,2026-05-01,41.0,observed
300200434_,2026-06-01,39.0,observed
300200434_,2026-07-01,25.0,observed
300200434_,2026-08-01,24.0,observed
300200434_,2026-09-01,38.0,observed
300200429_,2024-01-01,98.0,observed
300200429_,2024-02-01,42.0,observed
300200429_,2024-03-01,42.0,observed
300200429_,2024-04-01,231.0,observed
300200429_,2024-05-01,717.0,observed
300200429_,2024-06-01,535.0,observed
300200429_,2024-07-01,517.0,observed
300200429_,2024-08-01,524.0,observed
300200429_,2024-09-01,471.0,observed
300200429_,2024-10-01,459.0,observed
300200429_,2024-11-01,353.0,observed
300200429_,2024-12-01,259.0,observed
300200429_,2025-01-01,407.0,observed
300200429_,2025-02-01,342.0,observed
300200429_,2025-03-01,342.0,observed
300200429_,2025-04-01,370.0,observed
300200429_,2025-05-01,326.0,observed
300200429_,2025-06-01,332.0,observed
300200429_,2025-07-01,293.0,observed
300200429_,2025-08-01,292.0,observed
300200429_,2025-09-01,291.0,observed
300200429_,2025-10-01,210.0,observed
300200429_,2025-11-01,201.0,observed
300200429_,2025-12-01,200.0,observed
300200429_,2026-01-01,190.0,observed
300200429_,2026-02-01,135.0,observed
300200429_,2026-03-01,127.0,observed
300200429_,2026-04-01,102.0,observed
300200429_,2026-05-01,112.0,observed
300200429_,2026-06-01,92.0,observed
300200429_,2026-07-01,84.0,observed
300200429_,2026-08-01,53.0,observed
300200429_,2026-09-01,81.0,observed
300200632_,2024-01-01,452.0,observed
300200632_,2024-02-01,412.0,observed
300200632_,2024-03-01,407.0,observed
300200632_,2024-04-01,337.0,observed
300200632_,2024-05-01,427.0,observed
300200632_,2024-06-01,407.0,observed
300200632_,2024-07-01,369.0,observed
300200632_,2024-08-01,430.0,observed
300200632_,2024-09-01,350.0,observed
300200632_,2024-10-01,292.0,observed
300200632_,2024-11-01,276.0,observed
300200632_,2024-12-01,205.0,observed
300200632_,2025-01-01,276.0,observed
300200632_,2025-02-01,266.0,observed
300200632_,2025-03-01,206.0,observed
300200632_,2025-04-01,355.0,observed
300200632_,2025-05-01,314.0,observed
300200632_,2025-06-01,204.0,observed
300200632_,2025-07-01,71.0,observed
300200632_,2025-08-01,366.0,observed
300200632_,2025-09-01,332.0,observed
300200632_,2025-10-01,317.0,observed
300200632_,2025-11-01,223.0,observed
300200632_,2025-12-01,200.0,observed
300200632_,2026-01-01,173.0,observed
300200632_,2026-02-01,181.0,observed
300200632_,2026-03-01,188.0,observed
300200632_,2026-04-01,188.0,observed
300200632_,2026-05-01,163.0,observed
300200632_,2026-06-01,99.0,observed
300200632_,2026-07-01,97.0,observed
300200632_,2026-08-01,105.0,observed
300200632_,2026-09-01,30.0,observed
300200441_,2024-01-01,4.0,observed
300200441_,2024-02-01,4.0,observed
300200441_,2024-03-01,102.0,observed
300200441_,2024-04-01,90.0,observed
300200441_,2024-05-01,110.0,observed
300200441_,2024-06-01,85.0,observed
300200441_,2024-07-01,78.0,observed
300200441_,2024-08-01,97.0,observed
300200441_,2024-09-01,95.0,observed
300200441_,2024-10-01,95.0,observed
300200441_,2024-11-01,93.0,observed
300200441_,2024-12-01,92.0,observed
300200441_,2025-01-01,93.0,observed
300200441_,2025-02-01,93.0,observed
300200441_,2025-03-01,93.0,observed
300200441_,2025-04-01,85.0,observed
300200441_,2025-05-01,85.0,observed
300200441_,2025-06-01,77.0,observed
300200441_,2025-07-01,80.0,observed
300200441_,2025-08-01,80.0,observed
300200441_,2025-09-01,79.0,observed
300200441_,2025-10-01,75.0,observed
300200441_,2025-11-01,75.0,observed
300200441_,2025-12-01,74.0,observed
300200441_,2026-01-01,74.0,observed
300200441_,2026-02-01,74.0,observed
300200441_,2026-03-01,74.0,observed
300200441_,2026-04-01,74.0,observed
300200441_,2026-05-01,24.0,observed
300200441_,2026-06-01,24.0,observed
300200441_,2026-07-01,22.0,observed
300200441_,2026-08-01,22.0,observed
300200441_,2026-09-01,21.0,observed
300200450_,2024-01-01,21.0,observed
300200450_,2024-02-01,16.0,observed
300200450_,2024-03-01,9.0,observed
300200450_,2024-04-01,1.0,observed
300200450_,2024-05-01,31.0,observed
300200450_,2024-06-01,11.0,observed
300200450_,2024-07-01,10.0,observed
300200450_,2024-08-01,88.0,observed
300200450_,2024-09-01,87.0,observed
300200450_,2024-10-01,87.0,observed
300200450_,2024-11-01,87.0,observed
300200450_,2024-12-01,87.0,observed
300200450_,2025-01-01,98.0,observed
300200450_,2025-02-01,98.0,observed
300200450_,2025-03-01,98.0,observed
300200450_,2025-04-01,97.0,observed
300200450_,2025-05-01,96.0,observed
300200450_,2025-06-01,96.0,observed
300200450_,2025-07-01,96.0,observed
300200450_,2025-08-01,96.0,observed
300200450_,2025-09-01,96.0,observed
300200450_,2025-10-01,96.0,observed
300200450_,2025-11-01,96.0,observed
300200450_,2025-12-01,96.0,observed
300200450_,2026-01-01,96.0,observed
300200450_,2026-02-01,96.0,observed
300200450_,2026-03-01,96.0,observed
300200450_,2026-04-01,96.0,observed
300200450_,2026-05-01,95.0,observed
300200450_,2026-06-01,95.0,observed
300200450_,2026-07-01,95.0,observed
300200450_,2026-08-01,95.0,observed
300200450_,2026-09-01,95.0,observed
300200435_,2024-01-01,894.0,observed
300200435_,2024-02-01,727.0,observed
300200435_,2024-03-01,1057.0,observed
300200435_,2024-04-01,843.0,observed
300200435_,2024-05-01,3012.0,observed
300200435_,2024-06-01,2550.0,observed
300200435_,2024-07-01,2149.0,observed
300200435_,2024-08-01,2630.0,observed
300200435_,2024-09-01,2257.0,observed
300200435_,2024-10-01,1823.0,observed
300200435_,2024-11-01,1547.0,observed
300200435_,2024-12-01,1242.0,observed
300200435_,2025-01-01,1330.0,observed
300200435_,2025-02-01,1150.0,observed
300200435_,2025-03-01,994.0,observed
300200435_,2025-04-01,1745.0,observed
300200435_,2025-05-01,2416.0,observed
300200435_,2025-06-01,1878.0,observed
300200435_,2025-07-01,1629.0,observed
300200435_,2025-08-01,1555.0,observed
300200435_,2025-09-01,1450.0,observed
300200435_,2025-10-01,1170.0,observed
300200435_,2025-11-01,819.0,observed
300200435_,2025-12-01,1144.0,observed
300200435_,2026-01-01,778.0,observed
300200435_,2026-02-01,521.0,observed
300200435_,2026-03-01,901.0,observed
300200435_,2026-04-01,677.0,observed
300200435_,2026-05-01,836.0,observed
300200435_,2026-06-01,817.0,observed
300200435_,2026-07-01,660.0,observed
300200435_,2026-08-01,582.0,observed
300200435_,2026-09-01,747.0,observed
300200437_,2024-01-01,300.0,observed
300200437_,2024-02-01,209.0,observed
300200437_,2024-03-01,1005.0,observed
300200437_,2024-04-01,999.0,observed
300200437_,2024-05-01,1526.0,observed
300200437_,2024-06-01,1369.0,observed
300200437_,2024-07-01,1252.0,observed
300200437_,2024-08-01,1478.0,observed
300200437_,2024-09-01,1301.0,observed
300200437_,2024-10-01,1218.0,observed
300200437_,2024-11-01,1157.0,observed
300200437_,2024-12-01,961.0,observed
300200437_,2025-01-01,830.0,observed
300200437_,2025-02-01,682.0,observed
300200437_,2025-03-01,606.0,observed
300200437_,2025-04-01,905.0,observed
300200437_,2025-05-01,876.0,observed
300200437_,2025-06-01,617.0,observed
300200437_,2025-07-01,587.0,observed
300200437_,2025-08-01,595.0,observed
300200437_,2025-09-01,559.0,observed
300200437_,2025-10-01,373.0,observed
300200437_,2025-11-01,421.0,observed
300200437_,2025-12-01,562.0,observed
300200437_,2026-01-01,531.0,observed
300200437_,2026-02-01,466.0,observed
300200437_,2026-03-01,416.0,observed
300200437_,2026-04-01,350.0,observed
300200437_,2026-05-01,297.0,observed
300200437_,2026-06-01,254.0,observed
300200437_,2026-07-01,193.0,observed
300200437_,2026-08-01,173.0,observed
300200437_,2026-09-01,188.0,observed
300200438_,2024-01-01,72.0,observed
300200438_,2024-02-01,45.0,observed
300200438_,2024-03-01,398.0,observed
300200438_,2024-04-01,383.0,observed
300200438_,2024-05-01,527.0,observed
300200438_,2024-06-01,446.0,observed
300200438_,2024-07-01,404.0,observed
300200438_,2024-08-01,674.0,observed
300200438_,2024-09-01,646.0,observed
300200438_,2024-10-01,590.0,observed
300200438_,2024-11-01,556.0,observed
300200438_,2024-12-01,516.0,observed
300200438_,2025-01-01,475.0,observed
300200438_,2025-02-01,446.0,observed
300200438_,2025-03-01,403.0,observed
300200438_,2025-04-01,312.0,observed
300200438_,2025-05-01,276.0,observed
300200438_,2025-06-01,222.0,observed
300200438_,2025-07-01,198.0,observed
300200438_,2025-08-01,211.0,observed
300200438_,2025-09-01,186.0,observed
300200438_,2025-10-01,108.0,observed
300200438_,2025-11-01,169.0,observed
300200438_,2025-12-01,191.0,observed
300200438_,2026-01-01,160.0,observed
300200438_,2026-02-01,175.0,observed
300200438_,2026-03-01,172.0,observed
300200438_,2026-04-01,147.0,observed
300200438_,2026-05-01,157.0,observed
300200438_,2026-06-01,132.0,observed
300200438_,2026-07-01,99.0,observed
300200438_,2026-08-01,128.0,observed
300200438_,2026-09-01,144.0,observed
300200440_,2024-01-01,55.0,observed
300200440_,2024-02-01,35.0,observed
300200440_,2024-03-01,120.0,observed
300200440_,2024-04-01,120.0,observed
300200440_,2024-05-01,173.0,observed
300200440_,2024-06-01,137.0,observed
300200440_,2024-07-01,125.0,observed
300200440_,2024-08-01,475.0,observed
300200440_,2024-09-01,467.0,observed
300200440_,2024-10-01,434.0,observed
300200440_,2024-11-01,415.0,observed
300200440_,2024-12-01,410.0,observed
300200440_,2025-01-01,418.0,observed
300200440_,2025-02-01,397.0,observed
300200440_,2025-03-01,376.0,observed
300200440_,2025-04-01,360.0,observed
300200440_,2025-05-01,343.0,observed
300200440_,2025-06-01,316.0,observed
300200440_,2025-07-01,255.0,observed
300200440_,2025-08-01,240.0,observed
300200440_,2025-09-01,238.0,observed
300200440_,2025-10-01,196.0,observed
300200440_,2025-11-01,152.0,observed
300200440_,2025-12-01,139.0,observed
300200440_,2026-01-01,128.0,observed
300200440_,2026-02-01,127.0,observed
300200440_,2026-03-01,123.0,observed
300200440_,2026-04-01,118.0,observed
300200440_,2026-05-01,103.0,observed
300200440_,2026-06-01,100.0,observed
300200440_,2026-07-01,73.0,observed
300200440_,2026-08-01,71.0,observed
300200440_,2026-09-01,72.0,observed
300200445_,2024-01-01,6.0,observed
300200445_,2024-02-01,1.0,observed
300200445_,2024-03-01,28.0,observed
300200445_,2024-04-01,28.0,observed
300200445_,2024-05-01,48.0,observed
300200445_,2024-06-01,36.0,observed
300200445_,2024-07-01,49.0,observed
300200445_,2024-08-01,88.0,observed
300200445_,2024-09-01,86.0,observed
300200445_,2024-10-01,74.0,observed
300200445_,2024-11-01,66.0,observed
300200445_,2024-12-01,66.0,observed
300200445_,2025-01-01,79.0,observed
300200445_,2025-02-01,76.0,observed
300200445_,2025-03-01,75.0,observed
300200445_,2025-04-01,73.0,observed
300200445_,2025-05-01,103.0,observed
300200445_,2025-06-01,91.0,observed
300200445_,2025-07-01,91.0,observed
300200445_,2025-08-01,88.0,observed
300200445_,2025-09-01,85.0,observed
300200445_,2025-10-01,78.0,observed
300200445_,2025-11-01,78.0,observed
300200445_,2025-12-01,77.0,observed
300200445_,2026-01-01,76.0,observed
300200445_,2026-02-01,76.0,observed
300200445_,2026-03-01,67.0,observed
300200445_,2026-04-01,67.0,observed
300200445_,2026-05-01,66.0,observed
300200445_,2026-06-01,66.0,observed
300200445_,2026-07-01,63.0,observed
300200445_,2026-08-01,67.0,observed
300200445_,2026-09-01,74.0,observed
300200446_,2024-01-01,8.0,observed
300200446_,2024-02-01,8.0,observed
300200446_,2024-03-01,38.0,observed
300200446_,2024-04-01,28.0,observed
300200446_,2024-05-01,87.0,observed
300200446_,2024-06-01,39.0,observed
300200446_,2024-07-01,23.0,observed
300200446_,2024-08-01,310.0,observed
300200446_,2024-09-01,317.0,observed
300200446_,2024-10-01,303.0,observed
300200446_,2024-11-01,298.0,observed
300200446_,2024-12-01,296.0,observed
300200446_,2025-01-01,302.0,observed
300200446_,2025-02-01,290.0,observed
300200446_,2025-03-01,260.0,observed
300200446_,2025-04-01,258.0,observed
300200446_,2025-05-01,250.0,observed
300200446_,2025-06-01,238.0,observed
300200446_,2025-07-01,218.0,observed
300200446_,2025-08-01,197.0,observed
300200446_,2025-09-01,193.0,observed
300200446_,2025-10-01,164.0,observed
300200446_,2025-11-01,164.0,observed
300200446_,2025-12-01,154.0,observed
300200446_,2026-01-01,154.0,observed
300200446_,2026-02-01,154.0,observed
300200446_,2026-03-01,154.0,observed
300200446_,2026-04-01,150.0,observed
300200446_,2026-05-01,125.0,observed
300200446_,2026-06-01,117.0,observed
300200446_,2026-07-01,113.0,observed
300200446_,2026-08-01,121.0,observed
300200446_,2026-09-01,121.0,observed
ATN000399,2024-01-01,1.0,observed
ATN000399,2024-02-01,1.0,observed
ATN000399,2024-03-01,1.0,observed
ATN000399,2024-04-01,1.0,observed
ATN000399,2024-05-01,1.0,observed
ATN000399,2024-06-01,1.0,observed
ATN000399,2024-07-01,1.0,observed
ATN000399,2024-08-01,32.0,observed
ATN000399,2024-09-01,32.0,observed
ATN000399,2024-10-01,32.0,observed
ATN000399,2024-11-01,32.0,observed
ATN000399,2024-12-01,32.0,observed
ATN000399,2025-01-01,30.0,observed
ATN000399,2025-02-01,28.0,observed
ATN000399,2025-03-01,28.0,observed
ATN000399,2025-04-01,28.0,observed
ATN000399,2025-05-01,28.0,observed
ATN000399,2025-06-01,26.0,observed
ATN000399,2025-07-01,26.0,observed
ATN000399,2025-08-01,26.0,observed
ATN000399,2025-09-01,22.0,observed
ATN000399,2025-10-01,22.0,observed
ATN000399,2025-11-01,22.0,observed
ATN000399,2025-12-01,1.0,observed
ATN000399,2026-01-01,3.0,observed
ATN000399,2026-02-01,2.0,observed
ATN000399,2026-03-01,2.0,observed
ATN000399,2026-04-01,2.0,observed
ATN000399,2026-05-01,2.0,observed
ATN000399,2026-06-01,2.0,observed
ATN000399,2026-07-01,2.0,observed
ATN000399,2026-08-01,2.0,observed
ATN000399,2026-09-01,2.0,observed
ATN000499,2024-01-01,2.0,observed
ATN000499,2024-02-01,2.0,observed
ATN000499,2024-03-01,2.0,observed
ATN000499,2024-04-01,2.0,observed
ATN000499,2024-05-01,2.0,observed
ATN000499,2024-06-01,2.0,observed
ATN000499,2024-07-01,2.0,observed
ATN000499,2024-08-01,2.0,observed
ATN000499,2024-09-01,2.0,observed
ATN000499,2024-10-01,2.0,observed
ATN000499,2024-11-01,2.0,observed
ATN000499,2024-12-01,2.0,observed
ATN000499,2025-01-01,2.0,observed
ATN000499,2025-02-01,2.0,observed
ATN000499,2025-03-01,2.0,observed
ATN000499,2025-04-01,1.0,observed
ATN000499,2025-05-01,1.0,observed
ATN000499,2025-06-01,1.0,observed
ATN000499,2025-07-01,1.0,observed
ATN000499,2025-08-01,1.0,observed
ATN000499,2025-09-01,1.0,observed
ATN000499,2025-10-01,1.0,observed
ATN000499,2025-11-01,1.0,observed
ATN000499,2025-12-01,1.0,observed
ATN000499,2026-01-01,12.0,observed
ATN000499,2026-02-01,12.0,observed
ATN000499,2026-03-01,12.0,observed
ATN000499,2026-04-01,12.0,observed
ATN000499,2026-05-01,1.0,observed
ATN000499,2026-06-01,1.0,observed
ATN000499,2026-07-01,1.0,observed
ATN000499,2026-08-01,1.0,observed
ATN000499,2026-09-01,1.0,observed
300200592_,2024-01-01,19.0,observed
300200592_,2024-02-01,19.0,observed
300200592_,2024-03-01,89.0,observed
300200592_,2024-04-01,85.0,observed
300200592_,2024-05-01,325.0,observed
300200592_,2024-06-01,112.0,observed
300200592_,2024-07-01,16.0,observed
300200592_,2024-08-01,181.0,observed
300200592_,2024-09-01,137.0,observed
300200592_,2024-10-01,229.0,observed
300200592_,2024-11-01,92.0,observed
300200592_,2024-12-01,391.0,observed
300200592_,2025-01-01,466.0,observed
300200592_,2025-02-01,354.0,observed
300200592_,2025-03-01,424.0,observed
300200592_,2025-04-01,1051.0,observed
300200592_,2025-05-01,877.0,observed
300200592_,2025-06-01,779.0,observed
300200592_,2025-07-01,738.0,observed
300200592_,2025-08-01,608.0,observed
300200592_,2025-09-01,639.0,observed
300200592_,2025-10-01,590.0,observed
300200592_,2025-11-01,572.0,observed
300200592_,2025-12-01,529.0,observed
300200592_,2026-01-01,370.0,observed
300200592_,2026-02-01,346.0,observed
300200592_,2026-03-01,415.0,observed
300200592_,2026-04-01,347.0,observed
300200592_,2026-05-01,281.0,observed
300200592_,2026-06-01,360.0,observed
300200592_,2026-07-01,294.0,observed
300200592_,2026-08-01,347.0,observed
300200592_,2026-09-01,260.0,observed
300200366_,2024-01-01,1.0,observed
300200366_,2024-02-01,10.0,observed
300200366_,2024-03-01,61.0,observed
300200366_,2024-04-01,31.0,observed
300200366_,2024-05-01,141.0,observed
300200366_,2024-06-01,91.0,observed
300200366_,2024-07-01,53.0,observed
300200366_,2024-08-01,10.0,observed
300200366_,2024-09-01,55.0,observed
300200366_,2024-10-01,6.0,observed
300200366_,2024-11-01,136.0,observed
300200366_,2024-12-01,136.0,observed
300200366_,2025-01-01,105.0,observed
300200366_,2025-02-01,125.0,observed
300200366_,2025-03-01,82.0,observed
300200366_,2025-04-01,234.0,observed
300200366_,2025-05-01,188.0,observed
300200366_,2025-06-01,144.0,observed
300200366_,2025-07-01,156.0,observed
300200366_,2025-08-01,201.0,observed
300200366_,2025-09-01,198.0,observed
300200366_,2025-10-01,185.0,observed
300200366_,2025-11-01,182.0,observed
300200366_,2025-12-01,182.0,observed
300200366_,2026-01-01,182.0,observed
300200366_,2026-02-01,182.0,observed
300200366_,2026-03-01,182.0,observed
300200366_,2026-04-01,182.0,observed
300200366_,2026-05-01,181.0,observed
300200366_,2026-06-01,169.0,observed
300200366_,2026-07-01,143.0,observed
300200366_,2026-08-01,119.0,observed
300200366_,2026-09-01,119.0,observed
LNVA105011,2024-01-01,2.0,observed
LNVA105011,2024-02-01,2.0,observed
LNVA105011,2024-03-01,2.0,observed
LNVA105011,2024-04-01,2.0,observed
LNVA105011,2024-05-01,17.0,observed
LNVA105011,2024-06-01,7.0,observed
LNVA105011,2024-07-01,4.0,observed
LNVA105011,2024-08-01,62.0,observed
LNVA105011,2024-09-01,5.0,observed
LNVA105011,2024-10-01,35.0,observed
LNVA105011,2024-11-01,9.0,observed
LNVA105011,2024-12-01,38.0,observed
LNVA105011,2025-01-01,38.0,observed
LNVA105011,2025-02-01,38.0,observed
LNVA105011,2025-03-01,18.0,observed
LNVA105011,2025-04-01,78.0,observed
LNVA105011,2025-05-01,63.0,observed
LNVA105011,2025-06-01,62.0,observed
LNVA105011,2025-07-01,52.0,observed
LNVA105011,2025-08-01,51.0,observed
LNVA105011,2025-09-01,49.0,observed
LNVA105011,2025-10-01,39.0,observed
LNVA105011,2025-11-01,29.0,observed
LNVA105011,2025-12-01,44.0,observed
LNVA105011,2026-01-01,14.0,observed
LNVA105011,2026-02-01,12.0,observed
LNVA105011,2026-03-01,26.0,observed
LNVA105011,2026-04-01,26.0,observed
LNVA105011,2026-05-01,25.0,observed
LNVA105011,2026-06-01,23.0,observed
LNVA105011,2026-07-01,3.0,observed
LNVA105011,2026-08-01,18.0,observed
LNVA105011,2026-09-01,16.0,observed
300200595_,2024-01-01,1.0,observed
300200595_,2024-02-01,1.0,observed
300200595_,2024-03-01,1.0,observed
300200595_,2024-04-01,61.0,observed
300200595_,2024-05-01,71.0,observed
300200595_,2024-06-01,55.0,observed
300200595_,2024-07-01,45.0,observed
300200595_,2024-08-01,713.0,observed
300200595_,2024-09-01,712.0,observed
300200595_,2024-10-01,685.0,observed
300200595_,2024-11-01,639.0,observed
300200595_,2024-12-01,629.0,observed
300200595_,2025-01-01,604.0,observed
300200595_,2025-02-01,604.0,observed
300200595_,2025-03-01,601.0,observed
300200595_,2025-04-01,600.0,observed
300200595_,2025-05-01,548.0,observed
300200595_,2025-06-01,538.0,observed
300200595_,2025-07-01,531.0,observed
300200595_,2025-08-01,519.0,observed
300200595_,2025-09-01,513.0,observed
300200595_,2025-10-01,464.0,observed
300200595_,2025-11-01,451.0,observed
300200595_,2025-12-01,438.0,observed
300200595_,2026-01-01,416.0,observed
300200595_,2026-02-01,416.0,observed
300200595_,2026-03-01,413.0,observed
300200595_,2026-04-01,412.0,observed
300200595_,2026-05-01,410.0,observed
300200595_,2026-06-01,388.0,observed
300200595_,2026-07-01,388.0,observed
300200595_,2026-08-01,386.0,observed
300200595_,2026-09-01,370.0,observed
030200097_,2024-01-01,86.0,observed
030200097_,2024-02-01,86.0,observed
030200097_,2024-03-01,86.0,observed
030200097_,2024-04-01,86.0,observed
030200097_,2024-05-01,86.0,observed
030200097_,2024-06-01,86.0,observed
030200097_,2024-07-01,86.0,observed
030200097_,2024-08-01,161.0,observed
030200097_,2024-09-01,161.0,observed
030200097_,2024-10-01,161.0,observed
030200097_,2024-11-01,161.0,observed
030200097_,2024-12-01,161.0,observed
030200097_,2025-01-01,161.0,observed
030200097_,2025-02-01,161.0,observed
030200097_,2025-03-01,161.0,observed
030200097_,2025-04-01,237.0,observed
030200097_,2025-05-01,237.0,observed
030200097_,2025-06-01,237.0,observed
030200097_,2025-07-01,237.0,observed
030200097_,2025-08-01,237.0,observed
030200097_,2025-09-01,237.0,observed
030200097_,2025-10-01,237.0,observed
030200097_,2025-11-01,237.0,observed
030200097_,2025-12-01,,blank
030200097_,2026-01-01,10.0,observed
030200097_,2026-02-01,10.0,observed
030200097_,2026-03-01,10.0,observed
030200097_,2026-04-01,7.0,observed
030200097_,2026-05-01,7.0,observed
030200097_,2026-06-01,,blank
030200097_,2026-07-01,,blank
030200097_,2026-08-01,,blank
030200097_,2026-09-01,,blank
WDE000311,2024-01-01,,blank
WDE000311,2024-02-01,,blank
WDE000311,2024-03-01,,blank
WDE000311,2024-04-01,,blank
WDE000311,2024-05-01,,blank
WDE000311,2024-06-01,,blank
WDE000311,2024-07-01,,blank
WDE000311,2024-08-01,14.0,observed
WDE000311,2024-09-01,14.0,observed
WDE000311,2024-10-01,14.0,observed
WDE000311,2024-11-01,14.0,observed
WDE000311,2024-12-01,14.0,observed
WDE000311,2025-01-01,14.0,observed
WDE000311,2025-02-01,,blank
WDE000311,2025-03-01,,blank
WDE000311,2025-04-01,,blank
WDE000311,2025-05-01,,blank
WDE000311,2025-06-01,,blank
WDE000311,2025-07-01,,blank
WDE000311,2025-08-01,,blank
WDE000311,2025-09-01,,blank
WDE000311,2025-10-01,,blank
WDE000311,2025-11-01,,blank
WDE000311,2025-12-01,,blank
WDE000311,2026-01-01,,blank
WDE000311,2026-02-01,,blank
WDE000311,2026-03-01,,blank
WDE000311,2026-04-01,,blank
WDE000311,2026-05-01,,blank
WDE000311,2026-06-01,,blank
WDE000311,2026-07-01,,blank
WDE000311,2026-08-01,,blank
WDE000311,2026-09-01,,blank
WDE000411,2024-01-01,,blank
WDE000411,2024-02-01,,blank
WDE000411,2024-03-01,,blank
WDE000411,2024-04-01,,blank
WDE000411,2024-05-01,,blank
WDE000411,2024-06-01,,blank
WDE000411,2024-07-01,,blank
WDE000411,2024-08-01,64.0,observed
WDE000411,2024-09-01,64.0,observed
WDE000411,2024-10-01,64.0,observed
WDE000411,2024-11-01,64.0,observed
WDE000411,2024-12-01,64.0,observed
WDE000411,2025-01-01,64.0,observed
WDE000411,2025-02-01,,blank
WDE000411,2025-03-01,,blank
WDE000411,2025-04-01,,blank
WDE000411,2025-05-01,,blank
WDE000411,2025-06-01,,blank
WDE000411,2025-07-01,,blank
WDE000411,2025-08-01,,blank
WDE000411,2025-09-01,,blank
WDE000411,2025-10-01,,blank
WDE000411,2025-11-01,,blank
WDE000411,2025-12-01,,blank
WDE000411,2026-01-01,,blank
WDE000411,2026-02-01,,blank
WDE000411,2026-03-01,,blank
WDE000411,2026-04-01,,blank
WDE000411,2026-05-01,,blank
WDE000411,2026-06-01,,blank
WDE000411,2026-07-01,,blank
WDE000411,2026-08-01,,blank
WDE000411,2026-09-01,,blank
WDE000413,2024-01-01,,blank
WDE000413,2024-02-01,,blank
WDE000413,2024-03-01,,blank
WDE000413,2024-04-01,,blank
WDE000413,2024-05-01,,blank
WDE000413,2024-06-01,,blank
WDE000413,2024-07-01,,blank
WDE000413,2024-08-01,20.0,observed
WDE000413,2024-09-01,20.0,observed
WDE000413,2024-10-01,20.0,observed
WDE000413,2024-11-01,20.0,observed
WDE000413,2024-12-01,20.0,observed
WDE000413,2025-01-01,20.0,observed
WDE000413,2025-02-01,,blank
WDE000413,2025-03-01,,blank
WDE000413,2025-04-01,,blank
WDE000413,2025-05-01,,blank
WDE000413,2025-06-01,,blank
WDE000413,2025-07-01,,blank
WDE000413,2025-08-01,,blank
WDE000413,2025-09-01,,blank
WDE000413,2025-10-01,,blank
WDE000413,2025-11-01,,blank
WDE000413,2025-12-01,,blank
WDE000413,2026-01-01,,blank
WDE000413,2026-02-01,,blank
WDE000413,2026-03-01,,blank
WDE000413,2026-04-01,,blank
WDE000413,2026-05-01,,blank
WDE000413,2026-06-01,,blank
WDE000413,2026-07-01,,blank
WDE000413,2026-08-01,,blank
WDE000413,2026-09-01,,blank
WDE000461,2024-01-01,,blank
WDE000461,2024-02-01,,blank
WDE000461,2024-03-01,,blank
WDE000461,2024-04-01,,blank
WDE000461,2024-05-01,,blank
WDE000461,2024-06-01,,blank
WDE000461,2024-07-01,,blank
WDE000461,2024-08-01,49.0,observed
WDE000461,2024-09-01,49.0,observed
WDE000461,2024-10-01,49.0,observed
WDE000461,2024-11-01,49.0,observed
WDE000461,2024-12-01,49.0,observed
WDE000461,2025-01-01,49.0,observed
WDE000461,2025-02-01,,blank
WDE000461,2025-03-01,,blank
WDE000461,2025-04-01,,blank
WDE000461,2025-05-01,,blank
WDE000461,2025-06-01,,blank
WDE000461,2025-07-01,,blank
WDE000461,2025-08-01,,blank
WDE000461,2025-09-01,,blank
WDE000461,2025-10-01,,blank
WDE000461,2025-11-01,,blank
WDE000461,2025-12-01,,blank
WDE000461,2026-01-01,,blank
WDE000461,2026-02-01,,blank
WDE000461,2026-03-01,,blank
WDE000461,2026-04-01,,blank
WDE000461,2026-05-01,,blank
WDE000461,2026-06-01,,blank
WDE000461,2026-07-01,,blank
WDE000461,2026-08-01,,blank
WDE000461,2026-09-01,,blank
WDE000471,2024-01-01,,blank
WDE000471,2024-02-01,,blank
WDE000471,2024-03-01,,blank
WDE000471,2024-04-01,,blank
WDE000471,2024-05-01,,blank
WDE000471,2024-06-01,,blank
WDE000471,2024-07-01,,blank
WDE000471,2024-08-01,15.0,observed
WDE000471,2024-09-01,15.0,observed
WDE000471,2024-10-01,15.0,observed
WDE000471,2024-11-01,15.0,observed
WDE000471,2024-12-01,15.0,observed
WDE000471,2025-01-01,15.0,observed
WDE000471,2025-02-01,,blank
WDE000471,2025-03-01,,blank
WDE000471,2025-04-01,,blank
WDE000471,2025-05-01,,blank
WDE000471,2025-06-01,,blank
WDE000471,2025-07-01,,blank
WDE000471,2025-08-01,,blank
WDE000471,2025-09-01,,blank
WDE000471,2025-10-01,,blank
WDE000471,2025-11-01,,blank
WDE000471,2025-12-01,,blank
WDE000471,2026-01-01,,blank
WDE000471,2026-02-01,,blank
WDE000471,2026-03-01,,blank
WDE000471,2026-04-01,,blank
WDE000471,2026-05-01,,blank
WDE000471,2026-06-01,,blank
WDE000471,2026-07-01,,blank
WDE000471,2026-08-01,,blank
WDE000471,2026-09-01,,blank
VA1U-112-B,2024-01-01,,blank
VA1U-112-B,2024-02-01,,blank
VA1U-112-B,2024-03-01,,blank
VA1U-112-B,2024-04-01,,blank
VA1U-112-B,2024-05-01,,blank
VA1U-112-B,2024-06-01,,blank
VA1U-112-B,2024-07-01,,blank
VA1U-112-B,2024-08-01,70.0,observed
VA1U-112-B,2024-09-01,70.0,observed
VA1U-112-B,2024-10-01,70.0,observed
VA1U-112-B,2024-11-01,70.0,observed
VA1U-112-B,2024-12-01,70.0,observed
VA1U-112-B,2025-01-01,70.0,observed
VA1U-112-B,2025-02-01,,blank
VA1U-112-B,2025-03-01,,blank
VA1U-112-B,2025-04-01,,blank
VA1U-112-B,2025-05-01,,blank
VA1U-112-B,2025-06-01,,blank
VA1U-112-B,2025-07-01,,blank
VA1U-112-B,2025-08-01,,blank
VA1U-112-B,2025-09-01,,blank
VA1U-112-B,2025-10-01,,blank
VA1U-112-B,2025-11-01,,blank
VA1U-112-B,2025-12-01,,blank
VA1U-112-B,2026-01-01,,blank
VA1U-112-B,2026-02-01,,blank
VA1U-112-B,2026-03-01,,blank
VA1U-112-B,2026-04-01,,blank
VA1U-112-B,2026-05-01,,blank
VA1U-112-B,2026-06-01,,blank
VA1U-112-B,2026-07-01,,blank
VA1U-112-B,2026-08-01,,blank
VA1U-112-B,2026-09-01,,blank
VS116-153-1-86,2024-01-01,,blank
VS116-153-1-86,2024-02-01,,blank
VS116-153-1-86,2024-03-01,,blank
VS116-153-1-86,2024-04-01,,blank
VS116-153-1-86,2024-05-01,,blank
VS116-153-1-86,2024-06-01,,blank
VS116-153-1-86,2024-07-01,,blank
VS116-153-1-86,2024-08-01,141.0,observed
VS116-153-1-86,2024-09-01,141.0,observed
VS116-153-1-86,2024-10-01,141.0,observed
VS116-153-1-86,2024-11-01,141.0,observed
VS116-153-1-86,2024-12-01,141.0,observed
VS116-153-1-86,2025-01-01,141.0,observed
VS116-153-1-86,2025-02-01,,blank
VS116-153-1-86,2025-03-01,,blank
VS116-153-1-86,2025-04-01,,blank
VS116-153-1-86,2025-05-01,,blank
VS116-153-1-86,2025-06-01,,blank
VS116-153-1-86,2025-07-01,,blank
VS116-153-1-86,2025-08-01,,blank
VS116-153-1-86,2025-09-01,,blank
VS116-153-1-86,2025-10-01,,blank
VS116-153-1-86,2025-11-01,,blank
VS116-153-1-86,2025-12-01,,blank
VS116-153-1-86,2026-01-01,,blank
VS116-153-1-86,2026-02-01,,blank
VS116-153-1-86,2026-03-01,,blank
VS116-153-1-86,2026-04-01,,blank
VS116-153-1-86,2026-05-01,,blank
VS116-153-1-86,2026-06-01,,blank
VS116-153-1-86,2026-07-01,,blank
VS116-153-1-86,2026-08-01,,blank
VS116-153-1-86,2026-09-01,,blank
VS116-154-1-86,2024-01-01,,blank
VS116-154-1-86,2024-02-01,,blank
VS116-154-1-86,2024-03-01,,blank
VS116-154-1-86,2024-04-01,,blank
VS116-154-1-86,2024-05-01,,blank
VS116-154-1-86,2024-06-01,,blank
VS116-154-1-86,2024-07-01,,blank
VS116-154-1-86,2024-08-01,1.0,observed
VS116-154-1-86,2024-09-01,1.0,observed
VS116-154-1-86,2024-10-01,1.0,observed
VS116-154-1-86,2024-11-01,1.0,observed
VS116-154-1-86,2024-12-01,1.0,observed
VS116-154-1-86,2025-01-01,1.0,observed
VS116-154-1-86,2025-02-01,,blank
VS116-154-1-86,2025-03-01,,blank
VS116-154-1-86,2025-04-01,,blank
VS116-154-1-86,2025-05-01,,blank
VS116-154-1-86,2025-06-01,,blank
VS116-154-1-86,2025-07-01,,blank
VS116-154-1-86,2025-08-01,,blank
VS116-154-1-86,2025-09-01,,blank
VS116-154-1-86,2025-10-01,,blank
VS116-154-1-86,2025-11-01,,blank
VS116-154-1-86,2025-12-01,,blank
VS116-154-1-86,2026-01-01,,blank
VS116-154-1-86,2026-02-01,,blank
VS116-154-1-86,2026-03-01,,blank
VS116-154-1-86,2026-04-01,,blank
VS116-154-1-86,2026-05-01,,blank
VS116-154-1-86,2026-06-01,,blank
VS116-154-1-86,2026-07-01,,blank
VS116-154-1-86,2026-08-01,,blank
VS116-154-1-86,2026-09-01,,blank
WDE000151,2024-01-01,,blank
WDE000151,2024-02-01,,blank
WDE000151,2024-03-01,,blank
WDE000151,2024-04-01,,blank
WDE000151,2024-05-01,,blank
WDE000151,2024-06-01,,blank
WDE000151,2024-07-01,,blank
WDE000151,2024-08-01,1.0,observed
WDE000151,2024-09-01,1.0,observed
WDE000151,2024-10-01,1.0,observed
WDE000151,2024-11-01,1.0,observed
WDE000151,2024-12-01,1.0,observed
WDE000151,2025-01-01,1.0,observed
WDE000151,2025-02-01,,blank
WDE000151,2025-03-01,,blank
WDE000151,2025-04-01,,blank
WDE000151,2025-05-01,,blank
WDE000151,2025-06-01,,blank
WDE000151,2025-07-01,,blank
WDE000151,2025-08-01,,blank
WDE000151,2025-09-01,,blank
WDE000151,2025-10-01,,blank
WDE000151,2025-11-01,,blank
WDE000151,2025-12-01,,blank
WDE000151,2026-01-01,,blank
WDE000151,2026-02-01,,blank
WDE000151,2026-03-01,,blank
WDE000151,2026-04-01,,blank
WDE000151,2026-05-01,,blank
WDE000151,2026-06-01,,blank
WDE000151,2026-07-01,,blank
WDE000151,2026-08-01,,blank
WDE000151,2026-09-01,,blank
WDE000351,2024-01-01,,blank
WDE000351,2024-02-01,,blank
WDE000351,2024-03-01,,blank
WDE000351,2024-04-01,,blank
WDE000351,2024-05-01,,blank
WDE000351,2024-06-01,,blank
WDE000351,2024-07-01,,blank
WDE000351,2024-08-01,4.0,observed
WDE000351,2024-09-01,4.0,observed
WDE000351,2024-10-01,4.0,observed
WDE000351,2024-11-01,4.0,observed
WDE000351,2024-12-01,4.0,observed
WDE000351,2025-01-01,4.0,observed
WDE000351,2025-02-01,,blank
WDE000351,2025-03-01,,blank
WDE000351,2025-04-01,,blank
WDE000351,2025-05-01,,blank
WDE000351,2025-06-01,,blank
WDE000351,2025-07-01,,blank
WDE000351,2025-08-01,,blank
WDE000351,2025-09-01,,blank
WDE000351,2025-10-01,,blank
WDE000351,2025-11-01,,blank
WDE000351,2025-12-01,,blank
WDE000351,2026-01-01,,blank
WDE000351,2026-02-01,,blank
WDE000351,2026-03-01,,blank
WDE000351,2026-04-01,,blank
WDE000351,2026-05-01,,blank
WDE000351,2026-06-01,,blank
WDE000351,2026-07-01,,blank
WDE000351,2026-08-01,,blank
WDE000351,2026-09-01,,blank
WDE000451,2024-01-01,,blank
WDE000451,2024-02-01,,blank
WDE000451,2024-03-01,,blank
WDE000451,2024-04-01,,blank
WDE000451,2024-05-01,,blank
WDE000451,2024-06-01,,blank
WDE000451,2024-07-01,,blank
WDE000451,2024-08-01,80.0,observed
WDE000451,2024-09-01,80.0,observed
WDE000451,2024-10-01,80.0,observed
WDE000451,2024-11-01,80.0,observed
WDE000451,2024-12-01,80.0,observed
WDE000451,2025-01-01,80.0,observed
WDE000451,2025-02-01,,blank
WDE000451,2025-03-01,,blank
WDE000451,2025-04-01,,blank
WDE000451,2025-05-01,,blank
WDE000451,2025-06-01,,blank
WDE000451,2025-07-01,,blank
WDE000451,2025-08-01,,blank
WDE000451,2025-09-01,,blank
WDE000451,2025-10-01,,blank
WDE000451,2025-11-01,,blank
WDE000451,2025-12-01,,blank
WDE000451,2026-01-01,,blank
WDE000451,2026-02-01,,blank
WDE000451,2026-03-01,,blank
WDE000451,2026-04-01,,blank
WDE000451,2026-05-01,,blank
WDE000451,2026-06-01,,blank
WDE000451,2026-07-01,,blank
WDE000451,2026-08-01,,blank
WDE000451,2026-09-01,,blank
VA510-228B-BI,2024-01-01,,blank
VA510-228B-BI,2024-02-01,,blank
VA510-228B-BI,2024-03-01,,blank
VA510-228B-BI,2024-04-01,,blank
VA510-228B-BI,2024-05-01,,blank
VA510-228B-BI,2024-06-01,,blank
VA510-228B-BI,2024-07-01,,blank
VA510-228B-BI,2024-08-01,64.0,observed
VA510-228B-BI,2024-09-01,64.0,observed
VA510-228B-BI,2024-10-01,64.0,observed
VA510-228B-BI,2024-11-01,64.0,observed
VA510-228B-BI,2024-12-01,64.0,observed
VA510-228B-BI,2025-01-01,64.0,observed
VA510-228B-BI,2025-02-01,,blank
VA510-228B-BI,2025-03-01,,blank
VA510-228B-BI,2025-04-01,,blank
VA510-228B-BI,2025-05-01,,blank
VA510-228B-BI,2025-06-01,,blank
VA510-228B-BI,2025-07-01,,blank
VA510-228B-BI,2025-08-01,,blank
VA510-228B-BI,2025-09-01,,blank
VA510-228B-BI,2025-10-01,,blank
VA510-228B-BI,2025-11-01,,blank
VA510-228B-BI,2025-12-01,,blank
VA510-228B-BI,2026-01-01,,blank
VA510-228B-BI,2026-02-01,,blank
VA510-228B-BI,2026-03-01,,blank
VA510-228B-BI,2026-04-01,,blank
VA510-228B-BI,2026-05-01,,blank
VA510-228B-BI,2026-06-01,,blank
VA510-228B-BI,2026-07-01,,blank
VA510-228B-BI,2026-08-01,,blank
VA510-228B-BI,2026-09-01,,blank
VS516-252-18,2024-01-01,,blank
VS516-252-18,2024-02-01,,blank
VS516-252-18,2024-03-01,,blank
VS516-252-18,2024-04-01,,blank
VS516-252-18,2024-05-01,,blank
VS516-252-18,2024-06-01,,blank
VS516-252-18,2024-07-01,,blank
VS516-252-18,2024-08-01,5.0,observed
VS516-252-18,2024-09-01,5.0,observed
VS516-252-18,2024-10-01,5.0,observed
VS516-252-18,2024-11-01,5.0,observed
VS516-252-18,2024-12-01,5.0,observed
VS516-252-18,2025-01-01,5.0,observed
VS516-252-18,2025-02-01,,blank
VS516-252-18,2025-03-01,,blank
VS516-252-18,2025-04-01,,blank
VS516-252-18,2025-05-01,,blank
VS516-252-18,2025-06-01,,blank
VS516-252-18,2025-07-01,,blank
VS516-252-18,2025-08-01,,blank
VS516-252-18,2025-09-01,,blank
VS516-252-18,2025-10-01,,blank
VS516-252-18,2025-11-01,,blank
VS516-252-18,2025-12-01,,blank
VS516-252-18,2026-01-01,14.0,observed
VS516-252-18,2026-02-01,14.0,observed
VS516-252-18,2026-03-01,14.0,observed
VS516-252-18,2026-04-01,14.0,observed
VS516-252-18,2026-05-01,14.0,observed
VS516-252-18,2026-06-01,14.0,observed
VS516-252-18,2026-07-01,14.0,observed
VS516-252-18,2026-08-01,14.0,observed
VS516-252-18,2026-09-01,14.0,observed
030200198_,2024-01-01,,blank
030200198_,2024-02-01,,blank
030200198_,2024-03-01,,blank
030200198_,2024-04-01,,blank
030200198_,2024-05-01,,blank
030200198_,2024-06-01,,blank
030200198_,2024-07-01,,blank
030200198_,2024-08-01,,blank
030200198_,2024-09-01,,blank
030200198_,2024-10-01,,blank
030200198_,2024-11-01,,blank
030200198_,2024-12-01,,blank
030200198_,2025-01-01,,blank
030200198_,2025-02-01,,blank
030200198_,2025-03-01,,blank
030200198_,2025-04-01,,blank
030200198_,2025-05-01,,blank
030200198_,2025-06-01,10.0,observed
030200198_,2025-07-01,10.0,observed
030200198_,2025-08-01,10.0,observed
030200198_,2025-09-01,10.0,observed
030200198_,2025-10-01,10.0,observed
030200198_,2025-11-01,10.0,observed
030200198_,2025-12-01,,blank
030200198_,2026-01-01,,blank
030200198_,2026-02-01,,blank
030200198_,2026-03-01,,blank
030200198_,2026-04-01,,blank
030200198_,2026-05-01,,blank
030200198_,2026-06-01,,blank
030200198_,2026-07-01,,blank
030200198_,2026-08-01,,blank
030200198_,2026-09-01,,blank
S56-043-BI,2024-01-01,,blank
S56-043-BI,2024-02-01,,blank
S56-043-BI,2024-03-01,,blank
S56-043-BI,2024-04-01,,blank
S56-043-BI,2024-05-01,,blank
S56-043-BI,2024-06-01,,blank
S56-043-BI,2024-07-01,,blank
S56-043-BI,2024-08-01,60.0,observed
S56-043-BI,2024-09-01,60.0,observed
S56-043-BI,2024-10-01,60.0,observed
S56-043-BI,2024-11-01,60.0,observed
S56-043-BI,2024-12-01,60.0,observed
S56-043-BI,2025-01-01,60.0,observed
S56-043-BI,2025-02-01,,blank
S56-043-BI,2025-03-01,,blank
S56-043-BI,2025-04-01,,blank
S56-043-BI,2025-05-01,,blank
S56-043-BI,2025-06-01,,blank
S56-043-BI,2025-07-01,,blank
S56-043-BI,2025-08-01,,blank
S56-043-BI,2025-09-01,,blank
S56-043-BI,2025-10-01,,blank
S56-043-BI,2025-11-01,,blank
S56-043-BI,2025-12-01,,blank
S56-043-BI,2026-01-01,,blank
S56-043-BI,2026-02-01,,blank
S56-043-BI,2026-03-01,,blank
S56-043-BI,2026-04-01,,blank
S56-043-BI,2026-05-01,,blank
S56-043-BI,2026-06-01,,blank
S56-043-BI,2026-07-01,,blank
S56-043-BI,2026-08-01,,blank
S56-043-BI,2026-09-01,,blank
WDE000431,2024-01-01,,blank
WDE000431,2024-02-01,,blank
WDE000431,2024-03-01,,blank
WDE000431,2024-04-01,,blank
WDE000431,2024-05-01,,blank
WDE000431,2024-06-01,,blank
WDE000431,2024-07-01,,blank
WDE000431,2024-08-01,26.0,observed
WDE000431,2024-09-01,26.0,observed
WDE000431,2024-10-01,26.0,observed
WDE000431,2024-11-01,26.0,observed
WDE000431,2024-12-01,26.0,observed
WDE000431,2025-01-01,26.0,observed
WDE000431,2025-02-01,,blank
WDE000431,2025-03-01,,blank
WDE000431,2025-04-01,,blank
WDE000431,2025-05-01,,blank
WDE000431,2025-06-01,,blank
WDE000431,2025-07-01,,blank
WDE000431,2025-08-01,,blank
WDE000431,2025-09-01,,blank
WDE000431,2025-10-01,,blank
WDE000431,2025-11-01,,blank
WDE000431,2025-12-01,,blank
WDE000431,2026-01-01,,blank
WDE000431,2026-02-01,,blank
WDE000431,2026-03-01,,blank
WDE000431,2026-04-01,,blank
WDE000431,2026-05-01,,blank
WDE000431,2026-06-01,,blank
WDE000431,2026-07-01,,blank
WDE000431,2026-08-01,,blank
WDE000431,2026-09-01,,blank
WDE000436,2024-01-01,,blank
WDE000436,2024-02-01,,blank
WDE000436,2024-03-01,,blank
WDE000436,2024-04-01,,blank
WDE000436,2024-05-01,,blank
WDE000436,2024-06-01,,blank
WDE000436,2024-07-01,,blank
WDE000436,2024-08-01,1.0,observed
WDE000436,2024-09-01,1.0,observed
WDE000436,2024-10-01,1.0,observed
WDE000436,2024-11-01,1.0,observed
WDE000436,2024-12-01,1.0,observed
WDE000436,2025-01-01,1.0,observed
WDE000436,2025-02-01,,blank
WDE000436,2025-03-01,,blank
WDE000436,2025-04-01,,blank
WDE000436,2025-05-01,,blank
WDE000436,2025-06-01,,blank
WDE000436,2025-07-01,,blank
WDE000436,2025-08-01,,blank
WDE000436,2025-09-01,,blank
WDE000436,2025-10-01,,blank
WDE000436,2025-11-01,,blank
WDE000436,2025-12-01,,blank
WDE000436,2026-01-01,,blank
WDE000436,2026-02-01,,blank
WDE000436,2026-03-01,,blank
WDE000436,2026-04-01,,blank
WDE000436,2026-05-01,,blank
WDE000436,2026-06-01,,blank
WDE000436,2026-07-01,,blank
WDE000436,2026-08-01,,blank
WDE000436,2026-09-01,,blank
300200956_,2024-01-01,,blank
300200956_,2024-02-01,,blank
300200956_,2024-03-01,,blank
300200956_,2024-04-01,,blank
300200956_,2024-05-01,,blank
300200956_,2024-06-01,,blank
300200956_,2024-07-01,,blank
300200956_,2024-08-01,,blank
300200956_,2024-09-01,,blank
300200956_,2024-10-01,3.0,observed
300200956_,2024-11-01,,blank
300200956_,2024-12-01,,blank
300200956_,2025-01-01,,blank
300200956_,2025-02-01,,blank
300200956_,2025-03-01,,blank
300200956_,2025-04-01,,blank
300200956_,2025-05-01,,blank
300200956_,2025-06-01,,blank
300200956_,2025-07-01,,blank
300200956_,2025-08-01,,blank
300200956_,2025-09-01,,blank
300200956_,2025-10-01,,blank
300200956_,2025-11-01,,blank
300200956_,2025-12-01,,blank
300200956_,2026-01-01,,blank
300200956_,2026-02-01,,blank
300200956_,2026-03-01,,blank
300200956_,2026-04-01,,blank
300200956_,2026-05-01,,blank
300200956_,2026-06-01,,blank
300200956_,2026-07-01,,blank
300200956_,2026-08-01,,blank
300200956_,2026-09-01,,blank
300200718_,2024-01-01,118.0,observed
300200718_,2024-02-01,118.0,observed
300200718_,2024-03-01,1543.0,observed
300200718_,2024-04-01,1415.0,observed
300200718_,2024-05-01,1029.0,observed
300200718_,2024-06-01,689.0,observed
300200718_,2024-07-01,298.0,observed
300200718_,2024-08-01,1298.0,observed
300200718_,2024-09-01,1229.0,observed
300200718_,2024-10-01,1133.0,observed
300200718_,2024-11-01,1126.0,observed
300200718_,2024-12-01,1022.0,observed
300200718_,2025-01-01,1045.0,observed
300200718_,2025-02-01,1033.0,observed
300200718_,2025-03-01,937.0,observed
300200718_,2025-04-01,1265.0,observed
300200718_,2025-05-01,2839.0,observed
300200718_,2025-06-01,2078.0,observed
300200718_,2025-07-01,2024.0,observed
300200718_,2025-08-01,1942.0,observed
300200718_,2025-09-01,1434.0,observed
300200718_,2025-10-01,1512.0,observed
300200718_,2025-11-01,1604.0,observed
300200718_,2025-12-01,1963.0,observed
300200718_,2026-01-01,1713.0,observed
300200718_,2026-02-01,1629.0,observed
300200718_,2026-03-01,1314.0,observed
300200718_,2026-04-01,1046.0,observed
300200718_,2026-05-01,1061.0,observed
300200718_,2026-06-01,940.0,observed
300200718_,2026-07-01,936.0,observed
300200718_,2026-08-01,744.0,observed
300200718_,2026-09-01,496.0,observed
300200719_,2024-01-01,5.0,observed
300200719_,2024-02-01,1.0,observed
300200719_,2024-03-01,51.0,observed
300200719_,2024-04-01,51.0,observed
300200719_,2024-05-01,15.0,observed
300200719_,2024-06-01,15.0,observed
300200719_,2024-07-01,15.0,observed
300200719_,2024-08-01,73.0,observed
300200719_,2024-09-01,1.0,observed
300200719_,2024-10-01,42.0,observed
300200719_,2024-11-01,39.0,observed
300200719_,2024-12-01,64.0,observed
300200719_,2025-01-01,38.0,observed
300200719_,2025-02-01,53.0,observed
300200719_,2025-03-01,56.0,observed
300200719_,2025-04-01,166.0,observed
300200719_,2025-05-01,146.0,observed
300200719_,2025-06-01,136.0,observed
300200719_,2025-07-01,136.0,observed
300200719_,2025-08-01,136.0,observed
300200719_,2025-09-01,136.0,observed
300200719_,2025-10-01,128.0,observed
300200719_,2025-11-01,15.0,observed
300200719_,2025-12-01,75.0,observed
300200719_,2026-01-01,55.0,observed
300200719_,2026-02-01,69.0,observed
300200719_,2026-03-01,19.0,observed
300200719_,2026-04-01,48.0,observed
300200719_,2026-05-01,68.0,observed
300200719_,2026-06-01,63.0,observed
300200719_,2026-07-01,63.0,observed
300200719_,2026-08-01,88.0,observed
300200719_,2026-09-01,88.0,observed
300200720_,2024-01-01,,blank
300200720_,2024-02-01,,blank
300200720_,2024-03-01,54.0,observed
300200720_,2024-04-01,43.0,observed
300200720_,2024-05-01,155.0,observed
300200720_,2024-06-01,45.0,observed
300200720_,2024-07-01,2.0,observed
300200720_,2024-08-01,138.0,observed
300200720_,2024-09-01,133.0,observed
300200720_,2024-10-01,141.0,observed
300200720_,2024-11-01,125.0,observed
300200720_,2024-12-01,128.0,observed
300200720_,2025-01-01,179.0,observed
300200720_,2025-02-01,183.0,observed
300200720_,2025-03-01,160.0,observed
300200720_,2025-04-01,143.0,observed
300200720_,2025-05-01,352.0,observed
300200720_,2025-06-01,329.0,observed
300200720_,2025-07-01,315.0,observed
300200720_,2025-08-01,279.0,observed
300200720_,2025-09-01,271.0,observed
300200720_,2025-10-01,256.0,observed
300200720_,2025-11-01,215.0,observed
300200720_,2025-12-01,168.0,observed
300200720_,2026-01-01,127.0,observed
300200720_,2026-02-01,134.0,observed
300200720_,2026-03-01,109.0,observed
300200720_,2026-04-01,109.0,observed
300200720_,2026-05-01,116.0,observed
300200720_,2026-06-01,113.0,observed
300200720_,2026-07-01,54.0,observed
300200720_,2026-08-01,72.0,observed
300200720_,2026-09-01,20.0,observed
300200721_,2024-01-01,,blank
300200721_,2024-02-01,,blank
300200721_,2024-03-01,18.0,observed
300200721_,2024-04-01,18.0,observed
300200721_,2024-05-01,47.0,observed
300200721_,2024-06-01,47.0,observed
300200721_,2024-07-01,42.0,observed
300200721_,2024-08-01,47.0,observed
300200721_,2024-09-01,46.0,observed
300200721_,2024-10-01,46.0,observed
300200721_,2024-11-01,46.0,observed
300200721_,2024-12-01,36.0,observed
300200721_,2025-01-01,35.0,observed
300200721_,2025-02-01,35.0,observed
300200721_,2025-03-01,32.0,observed
300200721_,2025-04-01,32.0,observed
300200721_,2025-05-01,12.0,observed
300200721_,2025-06-01,12.0,observed
300200721_,2025-07-01,11.0,observed
300200721_,2025-08-01,21.0,observed
300200721_,2025-09-01,21.0,observed
300200721_,2025-10-01,21.0,observed
300200721_,2025-11-01,21.0,observed
300200721_,2025-12-01,12.0,observed
300200721_,2026-01-01,2.0,observed
300200721_,2026-02-01,6.0,observed
300200721_,2026-03-01,16.0,observed
300200721_,2026-04-01,6.0,observed
300200721_,2026-05-01,5.0,observed
300200721_,2026-06-01,16.0,observed
300200721_,2026-07-01,11.0,observed
300200721_,2026-08-01,13.0,observed
300200721_,2026-09-01,11.0,observed
300200722_,2024-01-01,8.0,observed
300200722_,2024-02-01,8.0,observed
300200722_,2024-03-01,72.0,observed
300200722_,2024-04-01,60.0,observed
300200722_,2024-05-01,111.0,observed
300200722_,2024-06-01,85.0,observed
300200722_,2024-07-01,75.0,observed
300200722_,2024-08-01,99.0,observed
300200722_,2024-09-01,113.0,observed
300200722_,2024-10-01,115.0,observed
300200722_,2024-11-01,100.0,observed
300200722_,2024-12-01,72.0,observed
300200722_,2025-01-01,89.0,observed
300200722_,2025-02-01,94.0,observed
300200722_,2025-03-01,54.0,observed
300200722_,2025-04-01,70.0,observed
300200722_,2025-05-01,213.0,observed
300200722_,2025-06-01,196.0,observed
300200722_,2025-07-01,160.0,observed
300200722_,2025-08-01,148.0,observed
300200722_,2025-09-01,134.0,observed
300200722_,2025-10-01,114.0,observed
300200722_,2025-11-01,100.0,observed
300200722_,2025-12-01,100.0,observed
300200722_,2026-01-01,65.0,observed
300200722_,2026-02-01,82.0,observed
300200722_,2026-03-01,67.0,observed
300200722_,2026-04-01,72.0,observed
300200722_,2026-05-01,70.0,observed
300200722_,2026-06-01,65.0,observed
300200722_,2026-07-01,51.0,observed
300200722_,2026-08-01,56.0,observed
300200722_,2026-09-01,9.0,observed
300200777_,2024-01-01,,blank
300200777_,2024-02-01,,blank
300200777_,2024-03-01,,blank
300200777_,2024-04-01,,blank
300200777_,2024-05-01,,blank
300200777_,2024-06-01,77.0,observed
300200777_,2024-07-01,41.0,observed
300200777_,2024-08-01,60.0,observed
300200777_,2024-09-01,165.0,observed
300200777_,2024-10-01,202.0,observed
300200777_,2024-11-01,166.0,observed
300200777_,2024-12-01,108.0,observed
300200777_,2025-01-01,86.0,observed
300200777_,2025-02-01,157.0,observed
300200777_,2025-03-01,136.0,observed
300200777_,2025-04-01,384.0,observed
300200777_,2025-05-01,312.0,observed
300200777_,2025-06-01,271.0,observed
300200777_,2025-07-01,271.0,observed
300200777_,2025-08-01,232.0,observed
300200777_,2025-09-01,236.0,observed
300200777_,2025-10-01,221.0,observed
300200777_,2025-11-01,245.0,observed
300200777_,2025-12-01,224.0,observed
300200777_,2026-01-01,218.0,observed
300200777_,2026-02-01,210.0,observed
300200777_,2026-03-01,185.0,observed
300200777_,2026-04-01,177.0,observed
300200777_,2026-05-01,142.0,observed
300200777_,2026-06-01,128.0,observed
300200777_,2026-07-01,105.0,observed
300200777_,2026-08-01,107.0,observed
300200777_,2026-09-01,111.0,observed
300200723_,2024-01-01,18.0,observed
300200723_,2024-02-01,,blank
300200723_,2024-03-01,40.0,observed
300200723_,2024-04-01,40.0,observed
300200723_,2024-05-01,40.0,observed
300200723_,2024-06-01,40.0,observed
300200723_,2024-07-01,35.0,observed
300200723_,2024-08-01,35.0,observed
300200723_,2024-09-01,33.0,observed
300200723_,2024-10-01,33.0,observed
300200723_,2024-11-01,33.0,observed
300200723_,2024-12-01,33.0,observed
300200723_,2025-01-01,32.0,observed
300200723_,2025-02-01,32.0,observed
300200723_,2025-03-01,32.0,observed
300200723_,2025-04-01,31.0,observed
300200723_,2025-05-01,31.0,observed
300200723_,2025-06-01,31.0,observed
300200723_,2025-07-01,28.0,observed
300200723_,2025-08-01,28.0,observed
300200723_,2025-09-01,28.0,observed
300200723_,2025-10-01,28.0,observed
300200723_,2025-11-01,28.0,observed
300200723_,2025-12-01,28.0,observed
300200723_,2026-01-01,20.0,observed
300200723_,2026-02-01,16.0,observed
300200723_,2026-03-01,16.0,observed
300200723_,2026-04-01,16.0,observed
300200723_,2026-05-01,16.0,observed
300200723_,2026-06-01,16.0,observed
300200723_,2026-07-01,14.0,observed
300200723_,2026-08-01,14.0,observed
300200723_,2026-09-01,9.0,observed
300200724_,2024-01-01,14.0,observed
300200724_,2024-02-01,14.0,observed
300200724_,2024-03-01,9.0,observed
300200724_,2024-04-01,7.0,observed
300200724_,2024-05-01,24.0,observed
300200724_,2024-06-01,23.0,observed
300200724_,2024-07-01,23.0,observed
300200724_,2024-08-01,12.0,observed
300200724_,2024-09-01,16.0,observed
300200724_,2024-10-01,9.0,observed
300200724_,2024-11-01,3.0,observed
300200724_,2024-12-01,,blank
300200724_,2025-01-01,8.0,observed
300200724_,2025-02-01,2.0,observed
300200724_,2025-03-01,1.0,observed
300200724_,2025-04-01,,blank
300200724_,2025-05-01,27.0,observed
300200724_,2025-06-01,20.0,observed
300200724_,2025-07-01,32.0,observed
300200724_,2025-08-01,29.0,observed
300200724_,2025-09-01,28.0,observed
300200724_,2025-10-01,26.0,observed
300200724_,2025-11-01,29.0,observed
300200724_,2025-12-01,29.0,observed
300200724_,2026-01-01,23.0,observed
300200724_,2026-02-01,23.0,observed
300200724_,2026-03-01,23.0,observed
300200724_,2026-04-01,21.0,observed
300200724_,2026-05-01,15.0,observed
300200724_,2026-06-01,15.0,observed
300200724_,2026-07-01,11.0,observed
300200724_,2026-08-01,12.0,observed
300200724_,2026-09-01,8.0,observed
300200725_,2024-01-01,27.0,observed
300200725_,2024-02-01,20.0,observed
300200725_,2024-03-01,19.0,observed
300200725_,2024-04-01,12.0,observed
300200725_,2024-05-01,60.0,observed
300200725_,2024-06-01,53.0,observed
300200725_,2024-07-01,36.0,observed
300200725_,2024-08-01,62.0,observed
300200725_,2024-09-01,96.0,observed
300200725_,2024-10-01,91.0,observed
300200725_,2024-11-01,80.0,observed
300200725_,2024-12-01,69.0,observed
300200725_,2025-01-01,44.0,observed
300200725_,2025-02-01,57.0,observed
300200725_,2025-03-01,12.0,observed
300200725_,2025-04-01,129.0,observed
300200725_,2025-05-01,113.0,observed
300200725_,2025-06-01,93.0,observed
300200725_,2025-07-01,76.0,observed
300200725_,2025-08-01,66.0,observed
300200725_,2025-09-01,57.0,observed
300200725_,2025-10-01,56.0,observed
300200725_,2025-11-01,58.0,observed
300200725_,2025-12-01,78.0,observed
300200725_,2026-01-01,68.0,observed
300200725_,2026-02-01,64.0,observed
300200725_,2026-03-01,52.0,observed
300200725_,2026-04-01,42.0,observed
300200725_,2026-05-01,43.0,observed
300200725_,2026-06-01,51.0,observed
300200725_,2026-07-01,49.0,observed
300200725_,2026-08-01,38.0,observed
300200725_,2026-09-01,10.0,observed
300200726_,2024-01-01,10.0,observed
300200726_,2024-02-01,2.0,observed
300200726_,2024-03-01,9.0,observed
300200726_,2024-04-01,1.0,observed
300200726_,2024-05-01,101.0,observed
300200726_,2024-06-01,93.0,observed
300200726_,2024-07-01,71.0,observed
300200726_,2024-08-01,105.0,observed
300200726_,2024-09-01,85.0,observed
300200726_,2024-10-01,84.0,observed
300200726_,2024-11-01,53.0,observed
300200726_,2024-12-01,41.0,observed
300200726_,2025-01-01,112.0,observed
300200726_,2025-02-01,110.0,observed
300200726_,2025-03-01,89.0,observed
300200726_,2025-04-01,152.0,observed
300200726_,2025-05-01,147.0,observed
300200726_,2025-06-01,113.0,observed
300200726_,2025-07-01,99.0,observed
300200726_,2025-08-01,84.0,observed
300200726_,2025-09-01,69.0,observed
300200726_,2025-10-01,45.0,observed
300200726_,2025-11-01,79.0,observed
300200726_,2025-12-01,81.0,observed
300200726_,2026-01-01,86.0,observed
300200726_,2026-02-01,73.0,observed
300200726_,2026-03-01,73.0,observed
300200726_,2026-04-01,73.0,observed
300200726_,2026-05-01,69.0,observed
300200726_,2026-06-01,78.0,observed
300200726_,2026-07-01,64.0,observed
300200726_,2026-08-01,62.0,observed
300200726_,2026-09-01,53.0,observed
300200727_,2024-01-01,3.0,observed
300200727_,2024-02-01,3.0,observed
300200727_,2024-03-01,8.0,observed
300200727_,2024-04-01,8.0,observed
300200727_,2024-05-01,13.0,observed
300200727_,2024-06-01,13.0,observed
300200727_,2024-07-01,13.0,observed
300200727_,2024-08-01,13.0,observed
300200727_,2024-09-01,12.0,observed
300200727_,2024-10-01,12.0,observed
300200727_,2024-11-01,12.0,observed
300200727_,2024-12-01,12.0,observed
300200727_,2025-01-01,12.0,observed
300200727_,2025-02-01,12.0,observed
300200727_,2025-03-01,12.0,observed
300200727_,2025-04-01,11.0,observed
300200727_,2025-05-01,11.0,observed
300200727_,2025-06-01,11.0,observed
300200727_,2025-07-01,2.0,observed
300200727_,2025-08-01,7.0,observed
300200727_,2025-09-01,7.0,observed
300200727_,2025-10-01,7.0,observed
300200727_,2025-11-01,7.0,observed
300200727_,2025-12-01,7.0,observed
300200727_,2026-01-01,7.0,observed
300200727_,2026-02-01,7.0,observed
300200727_,2026-03-01,7.0,observed
300200727_,2026-04-01,7.0,observed
300200727_,2026-05-01,7.0,observed
300200727_,2026-06-01,7.0,observed
300200727_,2026-07-01,7.0,observed
300200727_,2026-08-01,7.0,observed
300200727_,2026-09-01,7.0,observed
300200728_,2024-01-01,23.0,observed
300200728_,2024-02-01,23.0,observed
300200728_,2024-03-01,21.0,observed
300200728_,2024-04-01,20.0,observed
300200728_,2024-05-01,10.0,observed
300200728_,2024-06-01,6.0,observed
300200728_,2024-07-01,2.0,observed
300200728_,2024-08-01,17.0,observed
300200728_,2024-09-01,14.0,observed
300200728_,2024-10-01,14.0,observed
300200728_,2024-11-01,4.0,observed
300200728_,2024-12-01,9.0,observed
300200728_,2025-01-01,16.0,observed
300200728_,2025-02-01,15.0,observed
300200728_,2025-03-01,7.0,observed
300200728_,2025-04-01,36.0,observed
300200728_,2025-05-01,26.0,observed
300200728_,2025-06-01,26.0,observed
300200728_,2025-07-01,21.0,observed
300200728_,2025-08-01,21.0,observed
300200728_,2025-09-01,20.0,observed
300200728_,2025-10-01,16.0,observed
300200728_,2025-11-01,15.0,observed
300200728_,2025-12-01,10.0,observed
300200728_,2026-01-01,7.0,observed
300200728_,2026-02-01,12.0,observed
300200728_,2026-03-01,8.0,observed
300200728_,2026-04-01,8.0,observed
300200728_,2026-05-01,7.0,observed
300200728_,2026-06-01,8.0,observed
300200728_,2026-07-01,8.0,observed
300200728_,2026-08-01,9.0,observed
300200728_,2026-09-01,4.0,observed
300200729_,2024-01-01,11.0,observed
300200729_,2024-02-01,11.0,observed
300200729_,2024-03-01,21.0,observed
300200729_,2024-04-01,20.0,observed
300200729_,2024-05-01,16.0,observed
300200729_,2024-06-01,10.0,observed
300200729_,2024-07-01,3.0,observed
300200729_,2024-08-01,34.0,observed
300200729_,2024-09-01,6.0,observed
300200729_,2024-10-01,60.0,observed
300200729_,2024-11-01,19.0,observed
300200729_,2024-12-01,17.0,observed
300200729_,2025-01-01,60.0,observed
300200729_,2025-02-01,60.0,observed
300200729_,2025-03-01,33.0,observed
300200729_,2025-04-01,115.0,observed
300200729_,2025-05-01,70.0,observed
300200729_,2025-06-01,70.0,observed
300200729_,2025-07-01,88.0,observed
300200729_,2025-08-01,78.0,observed
300200729_,2025-09-01,66.0,observed
300200729_,2025-10-01,46.0,observed
300200729_,2025-11-01,66.0,observed
300200729_,2025-12-01,28.0,observed
300200729_,2026-01-01,77.0,observed
300200729_,2026-02-01,71.0,observed
300200729_,2026-03-01,53.0,observed
300200729_,2026-04-01,75.0,observed
300200729_,2026-05-01,79.0,observed
300200729_,2026-06-01,76.0,observed
300200729_,2026-07-01,28.0,observed
300200729_,2026-08-01,51.0,observed
300200729_,2026-09-01,74.0,observed
300200730_,2024-01-01,19.0,observed
300200730_,2024-02-01,18.0,observed
300200730_,2024-03-01,36.0,observed
300200730_,2024-04-01,34.0,observed
300200730_,2024-05-01,56.0,observed
300200730_,2024-06-01,42.0,observed
300200730_,2024-07-01,12.0,observed
300200730_,2024-08-01,44.0,observed
300200730_,2024-09-01,74.0,observed
300200730_,2024-10-01,76.0,observed
300200730_,2024-11-01,51.0,observed
300200730_,2024-12-01,7.0,observed
300200730_,2025-01-01,66.0,observed
300200730_,2025-02-01,42.0,observed
300200730_,2025-03-01,22.0,observed
300200730_,2025-04-01,142.0,observed
300200730_,2025-05-01,60.0,observed
300200730_,2025-06-01,60.0,observed
300200730_,2025-07-01,36.0,observed
300200730_,2025-08-01,12.0,observed
300200730_,2025-09-01,114.0,observed
300200730_,2025-10-01,96.0,observed
300200730_,2025-11-01,105.0,observed
300200730_,2025-12-01,81.0,observed
300200730_,2026-01-01,58.0,observed
300200730_,2026-02-01,106.0,observed
300200730_,2026-03-01,102.0,observed
300200730_,2026-04-01,78.0,observed
300200730_,2026-05-01,80.0,observed
300200730_,2026-06-01,70.0,observed
300200730_,2026-07-01,50.0,observed
300200730_,2026-08-01,47.0,observed
300200730_,2026-09-01,20.0,observed
300200731_,2024-01-01,4.0,observed
300200731_,2024-02-01,1.0,observed
300200731_,2024-03-01,1.0,observed
300200731_,2024-04-01,1.0,observed
300200731_,2024-05-01,11.0,observed
300200731_,2024-06-01,8.0,observed
300200731_,2024-07-01,7.0,observed
300200731_,2024-08-01,5.0,observed
300200731_,2024-09-01,8.0,observed
300200731_,2024-10-01,6.0,observed
300200731_,2024-11-01,5.0,observed
300200731_,2024-12-01,8.0,observed
300200731_,2025-01-01,7.0,observed
300200731_,2025-02-01,7.0,observed
300200731_,2025-03-01,6.0,observed
300200731_,2025-04-01,10.0,observed
300200731_,2025-05-01,10.0,observed
300200731_,2025-06-01,5.0,observed
300200731_,2025-07-01,3.0,observed
300200731_,2025-08-01,8.0,observed
300200731_,2025-09-01,8.0,observed
300200731_,2025-10-01,8.0,observed
300200731_,2025-11-01,8.0,observed
300200731_,2025-12-01,8.0,observed
300200731_,2026-01-01,4.0,observed
300200731_,2026-02-01,4.0,observed
300200731_,2026-03-01,3.0,observed
300200731_,2026-04-01,3.0,observed
300200731_,2026-05-01,3.0,observed
300200731_,2026-06-01,3.0,observed
300200731_,2026-07-01,3.0,observed
300200731_,2026-08-01,3.0,observed
300200731_,2026-09-01,1.0,observed
300200732_,2024-01-01,,blank
300200732_,2024-02-01,,blank
300200732_,2024-03-01,110.0,observed
300200732_,2024-04-01,110.0,observed
300200732_,2024-05-01,105.0,observed
300200732_,2024-06-01,57.0,observed
300200732_,2024-07-01,50.0,observed
300200732_,2024-08-01,79.0,observed
300200732_,2024-09-01,40.0,observed
300200732_,2024-10-01,34.0,observed
300200732_,2024-11-01,12.0,observed
300200732_,2024-12-01,88.0,observed
300200732_,2025-01-01,108.0,observed
300200732_,2025-02-01,106.0,observed
300200732_,2025-03-01,105.0,observed
300200732_,2025-04-01,134.0,observed
300200732_,2025-05-01,134.0,observed
300200732_,2025-06-01,134.0,observed
300200732_,2025-07-01,130.0,observed
300200732_,2025-08-01,129.0,observed
300200732_,2025-09-01,126.0,observed
300200732_,2025-10-01,121.0,observed
300200732_,2025-11-01,121.0,observed
300200732_,2025-12-01,121.0,observed
300200732_,2026-01-01,114.0,observed
300200732_,2026-02-01,77.0,observed
300200732_,2026-03-01,77.0,observed
300200732_,2026-04-01,67.0,observed
300200732_,2026-05-01,62.0,observed
300200732_,2026-06-01,60.0,observed
300200732_,2026-07-01,41.0,observed
300200732_,2026-08-01,34.0,observed
300200732_,2026-09-01,27.0,observed
300200778_,2024-01-01,,blank
300200778_,2024-02-01,,blank
300200778_,2024-03-01,,blank
300200778_,2024-04-01,,blank
300200778_,2024-05-01,,blank
300200778_,2024-06-01,168.0,observed
300200778_,2024-07-01,141.0,observed
300200778_,2024-08-01,98.0,observed
300200778_,2024-09-01,147.0,observed
300200778_,2024-10-01,164.0,observed
300200778_,2024-11-01,164.0,observed
300200778_,2024-12-01,76.0,observed
300200778_,2025-01-01,24.0,observed
300200778_,2025-02-01,159.0,observed
300200778_,2025-03-01,159.0,observed
300200778_,2025-04-01,180.0,observed
300200778_,2025-05-01,174.0,observed
300200778_,2025-06-01,163.0,observed
300200778_,2025-07-01,153.0,observed
300200778_,2025-08-01,113.0,observed
300200778_,2025-09-01,40.0,observed
300200778_,2025-10-01,105.0,observed
300200778_,2025-11-01,129.0,observed
300200778_,2025-12-01,8.0,observed
300200778_,2026-01-01,158.0,observed
300200778_,2026-02-01,93.0,observed
300200778_,2026-03-01,143.0,observed
300200778_,2026-04-01,131.0,observed
300200778_,2026-05-01,125.0,observed
300200778_,2026-06-01,127.0,observed
300200778_,2026-07-01,126.0,observed
300200778_,2026-08-01,114.0,observed
300200778_,2026-09-01,97.0,observed
300200733_,2024-01-01,1.0,observed
300200733_,2024-02-01,2.0,observed
300200733_,2024-03-01,32.0,observed
300200733_,2024-04-01,32.0,observed
300200733_,2024-05-01,27.0,observed
300200733_,2024-06-01,15.0,observed
300200733_,2024-07-01,13.0,observed
300200733_,2024-08-01,32.0,observed
300200733_,2024-09-01,24.0,observed
300200733_,2024-10-01,18.0,observed
300200733_,2024-11-01,13.0,observed
300200733_,2024-12-01,3.0,observed
300200733_,2025-01-01,32.0,observed
300200733_,2025-02-01,32.0,observed
300200733_,2025-03-01,27.0,observed
300200733_,2025-04-01,37.0,observed
300200733_,2025-05-01,32.0,observed
300200733_,2025-06-01,32.0,observed
300200733_,2025-07-01,22.0,observed
300200733_,2025-08-01,19.0,observed
300200733_,2025-09-01,24.0,observed
300200733_,2025-10-01,24.0,observed
300200733_,2025-11-01,24.0,observed
300200733_,2025-12-01,24.0,observed
300200733_,2026-01-01,22.0,observed
300200733_,2026-02-01,21.0,observed
300200733_,2026-03-01,19.0,observed
300200733_,2026-04-01,15.0,observed
300200733_,2026-05-01,11.0,observed
300200733_,2026-06-01,10.0,observed
300200733_,2026-07-01,11.0,observed
300200733_,2026-08-01,16.0,observed
300200733_,2026-09-01,14.0,observed
300200734_,2024-01-01,13.0,observed
300200734_,2024-02-01,13.0,observed
300200734_,2024-03-01,13.0,observed
300200734_,2024-04-01,13.0,observed
300200734_,2024-05-01,11.0,observed
300200734_,2024-06-01,10.0,observed
300200734_,2024-07-01,9.0,observed
300200734_,2024-08-01,9.0,observed
300200734_,2024-09-01,8.0,observed
300200734_,2024-10-01,8.0,observed
300200734_,2024-11-01,8.0,observed
300200734_,2024-12-01,8.0,observed
300200734_,2025-01-01,8.0,observed
300200734_,2025-02-01,8.0,observed
300200734_,2025-03-01,8.0,observed
300200734_,2025-04-01,6.0,observed
300200734_,2025-05-01,6.0,observed
300200734_,2025-06-01,6.0,observed
300200734_,2025-07-01,6.0,observed
300200734_,2025-08-01,6.0,observed
300200734_,2025-09-01,6.0,observed
300200734_,2025-10-01,6.0,observed
300200734_,2025-11-01,5.0,observed
300200734_,2025-12-01,5.0,observed
300200734_,2026-01-01,5.0,observed
300200734_,2026-02-01,4.0,observed
300200734_,2026-03-01,4.0,observed
300200734_,2026-04-01,4.0,observed
300200734_,2026-05-01,4.0,observed
300200734_,2026-06-01,4.0,observed
300200734_,2026-07-01,3.0,observed
300200734_,2026-08-01,3.0,observed
300200734_,2026-09-01,3.0,observed
300200735_,2024-01-01,139.0,observed
300200735_,2024-02-01,130.0,observed
300200735_,2024-03-01,473.0,observed
300200735_,2024-04-01,431.0,observed
300200735_,2024-05-01,654.0,observed
300200735_,2024-06-01,546.0,observed
300200735_,2024-07-01,389.0,observed
300200735_,2024-08-01,521.0,observed
300200735_,2024-09-01,584.0,observed
300200735_,2024-10-01,726.0,observed
300200735_,2024-11-01,649.0,observed
300200735_,2024-12-01,376.0,observed
300200735_,2025-01-01,649.0,observed
300200735_,2025-02-01,591.0,observed
300200735_,2025-03-01,731.0,observed
300200735_,2025-04-01,782.0,observed
300200735_,2025-05-01,1403.0,observed
300200735_,2025-06-01,1079.0,observed
300200735_,2025-07-01,1097.0,observed
300200735_,2025-08-01,1000.0,observed
300200735_,2025-09-01,886.0,observed
300200735_,2025-10-01,795.0,observed
300200735_,2025-11-01,970.0,observed
300200735_,2025-12-01,814.0,observed
300200735_,2026-01-01,922.0,observed
300200735_,2026-02-01,858.0,observed
300200735_,2026-03-01,712.0,observed
300200735_,2026-04-01,570.0,observed
300200735_,2026-05-01,660.0,observed
300200735_,2026-06-01,470.0,observed
300200735_,2026-07-01,362.0,observed
300200735_,2026-08-01,434.0,observed
300200735_,2026-09-01,197.0,observed
300200736_,2024-01-01,121.0,observed
300200736_,2024-02-01,117.0,observed
300200736_,2024-03-01,92.0,observed
300200736_,2024-04-01,69.0,observed
300200736_,2024-05-01,350.0,observed
300200736_,2024-06-01,216.0,observed
300200736_,2024-07-01,115.0,observed
300200736_,2024-08-01,394.0,observed
300200736_,2024-09-01,677.0,observed
300200736_,2024-10-01,598.0,observed
300200736_,2024-11-01,536.0,observed
300200736_,2024-12-01,430.0,observed
300200736_,2025-01-01,390.0,observed
300200736_,2025-02-01,405.0,observed
300200736_,2025-03-01,280.0,observed
300200736_,2025-04-01,337.0,observed
300200736_,2025-05-01,697.0,observed
300200736_,2025-06-01,494.0,observed
300200736_,2025-07-01,603.0,observed
300200736_,2025-08-01,520.0,observed
300200736_,2025-09-01,407.0,observed
300200736_,2025-10-01,447.0,observed
300200736_,2025-11-01,375.0,observed
300200736_,2025-12-01,510.0,observed
300200736_,2026-01-01,394.0,observed
300200736_,2026-02-01,445.0,observed
300200736_,2026-03-01,330.0,observed
300200736_,2026-04-01,286.0,observed
300200736_,2026-05-01,378.0,observed
300200736_,2026-06-01,363.0,observed
300200736_,2026-07-01,292.0,observed
300200736_,2026-08-01,235.0,observed
300200736_,2026-09-01,222.0,observed
300200737_,2024-01-01,43.0,observed
300200737_,2024-02-01,43.0,observed
300200737_,2024-03-01,28.0,observed
300200737_,2024-04-01,22.0,observed
300200737_,2024-05-01,130.0,observed
300200737_,2024-06-01,89.0,observed
300200737_,2024-07-01,50.0,observed
300200737_,2024-08-01,146.0,observed
300200737_,2024-09-01,256.0,observed
300200737_,2024-10-01,216.0,observed
300200737_,2024-11-01,156.0,observed
300200737_,2024-12-01,143.0,observed
300200737_,2025-01-01,176.0,observed
300200737_,2025-02-01,167.0,observed
300200737_,2025-03-01,163.0,observed
300200737_,2025-04-01,360.0,observed
300200737_,2025-05-01,268.0,observed
300200737_,2025-06-01,219.0,observed
300200737_,2025-07-01,253.0,observed
300200737_,2025-08-01,226.0,observed
300200737_,2025-09-01,181.0,observed
300200737_,2025-10-01,193.0,observed
300200737_,2025-11-01,211.0,observed
300200737_,2025-12-01,256.0,observed
300200737_,2026-01-01,195.0,observed
300200737_,2026-02-01,193.0,observed
300200737_,2026-03-01,157.0,observed
300200737_,2026-04-01,118.0,observed
300200737_,2026-05-01,150.0,observed
300200737_,2026-06-01,141.0,observed
300200737_,2026-07-01,107.0,observed
300200737_,2026-08-01,69.0,observed
300200737_,2026-09-01,77.0,observed
300200738_,2024-01-01,9.0,observed
300200738_,2024-02-01,6.0,observed
300200738_,2024-03-01,10.0,observed
300200738_,2024-04-01,5.0,observed
300200738_,2024-05-01,55.0,observed
300200738_,2024-06-01,37.0,observed
300200738_,2024-07-01,31.0,observed
300200738_,2024-08-01,90.0,observed
300200738_,2024-09-01,90.0,observed
300200738_,2024-10-01,85.0,observed
300200738_,2024-11-01,63.0,observed
300200738_,2024-12-01,47.0,observed
300200738_,2025-01-01,61.0,observed
300200738_,2025-02-01,51.0,observed
300200738_,2025-03-01,53.0,observed
300200738_,2025-04-01,118.0,observed
300200738_,2025-05-01,101.0,observed
300200738_,2025-06-01,51.0,observed
300200738_,2025-07-01,82.0,observed
300200738_,2025-08-01,61.0,observed
300200738_,2025-09-01,45.0,observed
300200738_,2025-10-01,73.0,observed
300200738_,2025-11-01,75.0,observed
300200738_,2025-12-01,105.0,observed
300200738_,2026-01-01,85.0,observed
300200738_,2026-02-01,84.0,observed
300200738_,2026-03-01,74.0,observed
300200738_,2026-04-01,61.0,observed
300200738_,2026-05-01,75.0,observed
300200738_,2026-06-01,68.0,observed
300200738_,2026-07-01,56.0,observed
300200738_,2026-08-01,39.0,observed
300200738_,2026-09-01,16.0,observed
300200742_,2024-01-01,81.0,observed
300200742_,2024-02-01,73.0,observed
300200742_,2024-03-01,380.0,observed
300200742_,2024-04-01,343.0,observed
300200742_,2024-05-01,430.0,observed
300200742_,2024-06-01,410.0,observed
300200742_,2024-07-01,285.0,observed
300200742_,2024-08-01,285.0,observed
300200742_,2024-09-01,275.0,observed
300200742_,2024-10-01,225.0,observed
300200742_,2024-11-01,241.0,observed
300200742_,2024-12-01,90.0,observed
300200742_,2025-01-01,466.0,observed
300200742_,2025-02-01,451.0,observed
300200742_,2025-03-01,312.0,observed
300200742_,2025-04-01,234.0,observed
300200742_,2025-05-01,656.0,observed
300200742_,2025-06-01,555.0,observed
300200742_,2025-07-01,495.0,observed
300200742_,2025-08-01,463.0,observed
300200742_,2025-09-01,418.0,observed
300200742_,2025-10-01,538.0,observed
300200742_,2025-11-01,400.0,observed
300200742_,2025-12-01,239.0,observed
300200742_,2026-01-01,197.0,observed
300200742_,2026-02-01,130.0,observed
300200742_,2026-03-01,149.0,observed
300200742_,2026-04-01,265.0,observed
300200742_,2026-05-01,359.0,observed
300200742_,2026-06-01,282.0,observed
300200742_,2026-07-01,190.0,observed
300200742_,2026-08-01,248.0,observed
300200742_,2026-09-01,63.0,observed
300200739_,2024-01-01,8.0,observed
300200739_,2024-02-01,7.0,observed
300200739_,2024-03-01,10.0,observed
300200739_,2024-04-01,6.0,observed
300200739_,2024-05-01,26.0,observed
300200739_,2024-06-01,22.0,observed
300200739_,2024-07-01,21.0,observed
300200739_,2024-08-01,66.0,observed
300200739_,2024-09-01,62.0,observed
300200739_,2024-10-01,61.0,observed
300200739_,2024-11-01,48.0,observed
300200739_,2024-12-01,44.0,observed
300200739_,2025-01-01,41.0,observed
300200739_,2025-02-01,42.0,observed
300200739_,2025-03-01,35.0,observed
300200739_,2025-04-01,32.0,observed
300200739_,2025-05-01,24.0,observed
300200739_,2025-06-01,19.0,observed
300200739_,2025-07-01,22.0,observed
300200739_,2025-08-01,16.0,observed
300200739_,2025-09-01,19.0,observed
300200739_,2025-10-01,17.0,observed
300200739_,2025-11-01,15.0,observed
300200739_,2025-12-01,18.0,observed
300200739_,2026-01-01,18.0,observed
300200739_,2026-02-01,18.0,observed
300200739_,2026-03-01,14.0,observed
300200739_,2026-04-01,14.0,observed
300200739_,2026-05-01,11.0,observed
300200739_,2026-06-01,11.0,observed
300200739_,2026-07-01,11.0,observed
300200739_,2026-08-01,12.0,observed
300200739_,2026-09-01,12.0,observed
300200743_,2024-01-01,,blank
300200743_,2024-02-01,,blank
300200743_,2024-03-01,,blank
300200743_,2024-04-01,24.0,observed
300200743_,2024-05-01,23.0,observed
300200743_,2024-06-01,17.0,observed
300200743_,2024-07-01,6.0,observed
300200743_,2024-08-01,48.0,observed
300200743_,2024-09-01,77.0,observed
300200743_,2024-10-01,27.0,observed
300200743_,2024-11-01,,blank
300200743_,2024-12-01,33.0,observed
300200743_,2025-01-01,64.0,observed
300200743_,2025-02-01,60.0,observed
300200743_,2025-03-01,42.0,observed
300200743_,2025-04-01,101.0,observed
300200743_,2025-05-01,93.0,observed
300200743_,2025-06-01,80.0,observed
300200743_,2025-07-01,50.0,observed
300200743_,2025-08-01,49.0,observed
300200743_,2025-09-01,71.0,observed
300200743_,2025-10-01,93.0,observed
300200743_,2025-11-01,83.0,observed
300200743_,2025-12-01,65.0,observed
300200743_,2026-01-01,24.0,observed
300200743_,2026-02-01,38.0,observed
300200743_,2026-03-01,18.0,observed
300200743_,2026-04-01,63.0,observed
300200743_,2026-05-01,91.0,observed
300200743_,2026-06-01,73.0,observed
300200743_,2026-07-01,52.0,observed
300200743_,2026-08-01,76.0,observed
300200743_,2026-09-01,52.0,observed
300200740_,2024-01-01,20.0,observed
300200740_,2024-02-01,12.0,observed
300200740_,2024-03-01,32.0,observed
300200740_,2024-04-01,28.0,observed
300200740_,2024-05-01,102.0,observed
300200740_,2024-06-01,82.0,observed
300200740_,2024-07-01,68.0,observed
300200740_,2024-08-01,83.0,observed
300200740_,2024-09-01,74.0,observed
300200740_,2024-10-01,81.0,observed
300200740_,2024-11-01,67.0,observed
300200740_,2024-12-01,65.0,observed
300200740_,2025-01-01,35.0,observed
300200740_,2025-02-01,73.0,observed
300200740_,2025-03-01,46.0,observed
300200740_,2025-04-01,120.0,observed
300200740_,2025-05-01,74.0,observed
300200740_,2025-06-01,58.0,observed
300200740_,2025-07-01,72.0,observed
300200740_,2025-08-01,67.0,observed
300200740_,2025-09-01,102.0,observed
300200740_,2025-10-01,151.0,observed
300200740_,2025-11-01,145.0,observed
300200740_,2025-12-01,128.0,observed
300200740_,2026-01-01,117.0,observed
300200740_,2026-02-01,108.0,observed
300200740_,2026-03-01,78.0,observed
300200740_,2026-04-01,76.0,observed
300200740_,2026-05-01,73.0,observed
300200740_,2026-06-01,63.0,observed
300200740_,2026-07-01,56.0,observed
300200740_,2026-08-01,53.0,observed
300200740_,2026-09-01,42.0,observed
300200741_,2024-01-01,9.0,observed
300200741_,2024-02-01,9.0,observed
300200741_,2024-03-01,72.0,observed
300200741_,2024-04-01,72.0,observed
300200741_,2024-05-01,50.0,observed
300200741_,2024-06-01,27.0,observed
300200741_,2024-07-01,19.0,observed
300200741_,2024-08-01,34.0,observed
300200741_,2024-09-01,87.0,observed
300200741_,2024-10-01,157.0,observed
300200741_,2024-11-01,86.0,observed
300200741_,2024-12-01,122.0,observed
300200741_,2025-01-01,142.0,observed
300200741_,2025-02-01,157.0,observed
300200741_,2025-03-01,149.0,observed
300200741_,2025-04-01,333.0,observed
300200741_,2025-05-01,275.0,observed
300200741_,2025-06-01,175.0,observed
300200741_,2025-07-01,265.0,observed
300200741_,2025-08-01,246.0,observed
300200741_,2025-09-01,190.0,observed
300200741_,2025-10-01,172.0,observed
300200741_,2025-11-01,242.0,observed
300200741_,2025-12-01,328.0,observed
300200741_,2026-01-01,313.0,observed
300200741_,2026-02-01,306.0,observed
300200741_,2026-03-01,284.0,observed
300200741_,2026-04-01,265.0,observed
300200741_,2026-05-01,188.0,observed
300200741_,2026-06-01,217.0,observed
300200741_,2026-07-01,129.0,observed
300200741_,2026-08-01,104.0,observed
300200741_,2026-09-01,131.0,observed
300200744_,2024-01-01,284.0,observed
300200744_,2024-02-01,267.0,observed
300200744_,2024-03-01,228.0,observed
300200744_,2024-04-01,167.0,observed
300200744_,2024-05-01,350.0,observed
300200744_,2024-06-01,287.0,observed
300200744_,2024-07-01,163.0,observed
300200744_,2024-08-01,193.0,observed
300200744_,2024-09-01,22.0,observed
300200744_,2024-10-01,55.0,observed
300200744_,2024-11-01,311.0,observed
300200744_,2024-12-01,359.0,observed
300200744_,2025-01-01,498.0,observed
300200744_,2025-02-01,476.0,observed
300200744_,2025-03-01,356.0,observed
300200744_,2025-04-01,253.0,observed
300200744_,2025-05-01,773.0,observed
300200744_,2025-06-01,684.0,observed
300200744_,2025-07-01,526.0,observed
300200744_,2025-08-01,487.0,observed
300200744_,2025-09-01,387.0,observed
300200744_,2025-10-01,545.0,observed
300200744_,2025-11-01,420.0,observed
300200744_,2025-12-01,408.0,observed
300200744_,2026-01-01,368.0,observed
300200744_,2026-02-01,310.0,observed
300200744_,2026-03-01,274.0,observed
300200744_,2026-04-01,283.0,observed
300200744_,2026-05-01,387.0,observed
300200744_,2026-06-01,102.0,observed
300200744_,2026-07-01,300.0,observed
300200744_,2026-08-01,470.0,observed
300200744_,2026-09-01,268.0,observed
300200745_,2024-01-01,520.0,observed
300200745_,2024-02-01,401.0,observed
300200745_,2024-03-01,378.0,observed
300200745_,2024-04-01,372.0,observed
300200745_,2024-05-01,472.0,observed
300200745_,2024-06-01,277.0,observed
300200745_,2024-07-01,236.0,observed
300200745_,2024-08-01,383.0,observed
300200745_,2024-09-01,355.0,observed
300200745_,2024-10-01,194.0,observed
300200745_,2024-11-01,212.0,observed
300200745_,2024-12-01,287.0,observed
300200745_,2025-01-01,420.0,observed
300200745_,2025-02-01,316.0,observed
300200745_,2025-03-01,260.0,observed
300200745_,2025-04-01,517.0,observed
300200745_,2025-05-01,405.0,observed
300200745_,2025-06-01,347.0,observed
300200745_,2025-07-01,295.0,observed
300200745_,2025-08-01,253.0,observed
300200745_,2025-09-01,231.0,observed
300200745_,2025-10-01,135.0,observed
300200745_,2025-11-01,305.0,observed
300200745_,2025-12-01,132.0,observed
300200745_,2026-01-01,265.0,observed
300200745_,2026-02-01,215.0,observed
300200745_,2026-03-01,245.0,observed
300200745_,2026-04-01,294.0,observed
300200745_,2026-05-01,338.0,observed
300200745_,2026-06-01,252.0,observed
300200745_,2026-07-01,262.0,observed
300200745_,2026-08-01,284.0,observed
300200745_,2026-09-01,181.0,observed
300200746_,2024-01-01,453.0,observed
300200746_,2024-02-01,420.0,observed
300200746_,2024-03-01,402.0,observed
300200746_,2024-04-01,394.0,observed
300200746_,2024-05-01,378.0,observed
300200746_,2024-06-01,349.0,observed
300200746_,2024-07-01,319.0,observed
300200746_,2024-08-01,337.0,observed
300200746_,2024-09-01,294.0,observed
300200746_,2024-10-01,255.0,observed
300200746_,2024-11-01,144.0,observed
300200746_,2024-12-01,169.0,observed
300200746_,2025-01-01,162.0,observed
300200746_,2025-02-01,202.0,observed
300200746_,2025-03-01,177.0,observed
300200746_,2025-04-01,334.0,observed
300200746_,2025-05-01,312.0,observed
300200746_,2025-06-01,175.0,observed
300200746_,2025-07-01,130.0,observed
300200746_,2025-08-01,207.0,observed
300200746_,2025-09-01,195.0,observed
300200746_,2025-10-01,261.0,observed
300200746_,2025-11-01,172.0,observed
300200746_,2025-12-01,129.0,observed
300200746_,2026-01-01,102.0,observed
300200746_,2026-02-01,32.0,observed
300200746_,2026-03-01,202.0,observed
300200746_,2026-04-01,218.0,observed
300200746_,2026-05-01,242.0,observed
300200746_,2026-06-01,170.0,observed
300200746_,2026-07-01,94.0,observed
300200746_,2026-08-01,334.0,observed
300200746_,2026-09-01,275.0,observed
300200747_,2024-01-01,9.0,observed
300200747_,2024-02-01,8.0,observed
300200747_,2024-03-01,8.0,observed
300200747_,2024-04-01,8.0,observed
300200747_,2024-05-01,49.0,observed
300200747_,2024-06-01,45.0,observed
300200747_,2024-07-01,42.0,observed
300200747_,2024-08-01,45.0,observed
300200747_,2024-09-01,43.0,observed
300200747_,2024-10-01,42.0,observed
300200747_,2024-11-01,41.0,observed
300200747_,2024-12-01,39.0,observed
300200747_,2025-01-01,39.0,observed
300200747_,2025-02-01,39.0,observed
300200747_,2025-03-01,37.0,observed
300200747_,2025-04-01,36.0,observed
300200747_,2025-05-01,36.0,observed
300200747_,2025-06-01,32.0,observed
300200747_,2025-07-01,31.0,observed
300200747_,2025-08-01,30.0,observed
300200747_,2025-09-01,30.0,observed
300200747_,2025-10-01,23.0,observed
300200747_,2025-11-01,22.0,observed
300200747_,2025-12-01,22.0,observed
300200747_,2026-01-01,22.0,observed
300200747_,2026-02-01,22.0,observed
300200747_,2026-03-01,21.0,observed
300200747_,2026-04-01,20.0,observed
300200747_,2026-05-01,19.0,observed
300200747_,2026-06-01,22.0,observed
300200747_,2026-07-01,22.0,observed
300200747_,2026-08-01,25.0,observed
300200747_,2026-09-01,24.0,observed
300200748_,2024-01-01,5.0,observed
300200748_,2024-02-01,4.0,observed
300200748_,2024-03-01,4.0,observed
300200748_,2024-04-01,4.0,observed
300200748_,2024-05-01,51.0,observed
300200748_,2024-06-01,45.0,observed
300200748_,2024-07-01,37.0,observed
300200748_,2024-08-01,22.0,observed
300200748_,2024-09-01,23.0,observed
300200748_,2024-10-01,29.0,observed
300200748_,2024-11-01,30.0,observed
300200748_,2024-12-01,26.0,observed
300200748_,2025-01-01,25.0,observed
300200748_,2025-02-01,23.0,observed
300200748_,2025-03-01,33.0,observed
300200748_,2025-04-01,32.0,observed
300200748_,2025-05-01,40.0,observed
300200748_,2025-06-01,36.0,observed
300200748_,2025-07-01,30.0,observed
300200748_,2025-08-01,29.0,observed
300200748_,2025-09-01,20.0,observed
300200748_,2025-10-01,10.0,observed
300200748_,2025-11-01,1.0,observed
300200748_,2025-12-01,32.0,observed
300200748_,2026-01-01,31.0,observed
300200748_,2026-02-01,30.0,observed
300200748_,2026-03-01,29.0,observed
300200748_,2026-04-01,15.0,observed
300200748_,2026-05-01,15.0,observed
300200748_,2026-06-01,11.0,observed
300200748_,2026-07-01,2.0,observed
300200748_,2026-08-01,12.0,observed
300200748_,2026-09-01,11.0,observed
300200749_,2024-01-01,150.0,observed
300200749_,2024-02-01,91.0,observed
300200749_,2024-03-01,80.0,observed
300200749_,2024-04-01,58.0,observed
300200749_,2024-05-01,300.0,observed
300200749_,2024-06-01,230.0,observed
300200749_,2024-07-01,194.0,observed
300200749_,2024-08-01,199.0,observed
300200749_,2024-09-01,132.0,observed
300200749_,2024-10-01,297.0,observed
300200749_,2024-11-01,249.0,observed
300200749_,2024-12-01,227.0,observed
300200749_,2025-01-01,229.0,observed
300200749_,2025-02-01,237.0,observed
300200749_,2025-03-01,194.0,observed
300200749_,2025-04-01,386.0,observed
300200749_,2025-05-01,345.0,observed
300200749_,2025-06-01,280.0,observed
300200749_,2025-07-01,231.0,observed
300200749_,2025-08-01,187.0,observed
300200749_,2025-09-01,204.0,observed
300200749_,2025-10-01,185.0,observed
300200749_,2025-11-01,169.0,observed
300200749_,2025-12-01,132.0,observed
300200749_,2026-01-01,152.0,observed
300200749_,2026-02-01,124.0,observed
300200749_,2026-03-01,189.0,observed
300200749_,2026-04-01,172.0,observed
300200749_,2026-05-01,169.0,observed
300200749_,2026-06-01,153.0,observed
300200749_,2026-07-01,98.0,observed
300200749_,2026-08-01,156.0,observed
300200749_,2026-09-01,100.0,observed
300200750_,2024-01-01,7.0,observed
300200750_,2024-02-01,,blank
300200750_,2024-03-01,26.0,observed
300200750_,2024-04-01,3.0,observed
300200750_,2024-05-01,111.0,observed
300200750_,2024-06-01,62.0,observed
300200750_,2024-07-01,44.0,observed
300200750_,2024-08-01,145.0,observed
300200750_,2024-09-01,120.0,observed
300200750_,2024-10-01,116.0,observed
300200750_,2024-11-01,93.0,observed
300200750_,2024-12-01,121.0,observed
300200750_,2025-01-01,149.0,observed
300200750_,2025-02-01,146.0,observed
300200750_,2025-03-01,127.0,observed
300200750_,2025-04-01,201.0,observed
300200750_,2025-05-01,170.0,observed
300200750_,2025-06-01,140.0,observed
300200750_,2025-07-01,126.0,observed
300200750_,2025-08-01,100.0,observed
300200750_,2025-09-01,80.0,observed
300200750_,2025-10-01,57.0,observed
300200750_,2025-11-01,51.0,observed
300200750_,2025-12-01,67.0,observed
300200750_,2026-01-01,89.0,observed
300200750_,2026-02-01,84.0,observed
300200750_,2026-03-01,70.0,observed
300200750_,2026-04-01,51.0,observed
300200750_,2026-05-01,64.0,observed
300200750_,2026-06-01,50.0,observed
300200750_,2026-07-01,54.0,observed
300200750_,2026-08-01,54.0,observed
300200750_,2026-09-01,53.0,observed
300200751_,2024-01-01,114.0,observed
300200751_,2024-02-01,66.0,observed
300200751_,2024-03-01,38.0,observed
300200751_,2024-04-01,26.0,observed
300200751_,2024-05-01,375.0,observed
300200751_,2024-06-01,272.0,observed
300200751_,2024-07-01,241.0,observed
300200751_,2024-08-01,295.0,observed
300200751_,2024-09-01,205.0,observed
300200751_,2024-10-01,234.0,observed
300200751_,2024-11-01,82.0,observed
300200751_,2024-12-01,241.0,observed
300200751_,2025-01-01,322.0,observed
300200751_,2025-02-01,341.0,observed
300200751_,2025-03-01,273.0,observed
300200751_,2025-04-01,568.0,observed
300200751_,2025-05-01,514.0,observed
300200751_,2025-06-01,388.0,observed
300200751_,2025-07-01,340.0,observed
300200751_,2025-08-01,374.0,observed
300200751_,2025-09-01,318.0,observed
300200751_,2025-10-01,385.0,observed
300200751_,2025-11-01,302.0,observed
300200751_,2025-12-01,197.0,observed
300200751_,2026-01-01,190.0,observed
300200751_,2026-02-01,133.0,observed
300200751_,2026-03-01,256.0,observed
300200751_,2026-04-01,170.0,observed
300200751_,2026-05-01,235.0,observed
300200751_,2026-06-01,193.0,observed
300200751_,2026-07-01,103.0,observed
300200751_,2026-08-01,315.0,observed
300200751_,2026-09-01,145.0,observed
300200752_,2024-01-01,164.0,observed
300200752_,2024-02-01,112.0,observed
300200752_,2024-03-01,68.0,observed
300200752_,2024-04-01,54.0,observed
300200752_,2024-05-01,399.0,observed
300200752_,2024-06-01,288.0,observed
300200752_,2024-07-01,230.0,observed
300200752_,2024-08-01,312.0,observed
300200752_,2024-09-01,176.0,observed
300200752_,2024-10-01,440.0,observed
300200752_,2024-11-01,375.0,observed
300200752_,2024-12-01,390.0,observed
300200752_,2025-01-01,380.0,observed
300200752_,2025-02-01,348.0,observed
300200752_,2025-03-01,371.0,observed
300200752_,2025-04-01,696.0,observed
300200752_,2025-05-01,658.0,observed
300200752_,2025-06-01,588.0,observed
300200752_,2025-07-01,476.0,observed
300200752_,2025-08-01,413.0,observed
300200752_,2025-09-01,377.0,observed
300200752_,2025-10-01,286.0,observed
300200752_,2025-11-01,298.0,observed
300200752_,2025-12-01,343.0,observed
300200752_,2026-01-01,201.0,observed
300200752_,2026-02-01,132.0,observed
300200752_,2026-03-01,200.0,observed
300200752_,2026-04-01,242.0,observed
300200752_,2026-05-01,258.0,observed
300200752_,2026-06-01,259.0,observed
300200752_,2026-07-01,178.0,observed
300200752_,2026-08-01,183.0,observed
300200752_,2026-09-01,82.0,observed
300200753_,2024-01-01,328.0,observed
300200753_,2024-02-01,325.0,observed
300200753_,2024-03-01,313.0,observed
300200753_,2024-04-01,308.0,observed
300200753_,2024-05-01,308.0,observed
300200753_,2024-06-01,298.0,observed
300200753_,2024-07-01,289.0,observed
300200753_,2024-08-01,305.0,observed
300200753_,2024-09-01,295.0,observed
300200753_,2024-10-01,286.0,observed
300200753_,2024-11-01,280.0,observed
300200753_,2024-12-01,273.0,observed
300200753_,2025-01-01,256.0,observed
300200753_,2025-02-01,252.0,observed
300200753_,2025-03-01,249.0,observed
300200753_,2025-04-01,220.0,observed
300200753_,2025-05-01,204.0,observed
300200753_,2025-06-01,159.0,observed
300200753_,2025-07-01,128.0,observed
300200753_,2025-08-01,106.0,observed
300200753_,2025-09-01,89.0,observed
300200753_,2025-10-01,52.0,observed
300200753_,2025-11-01,39.0,observed
300200753_,2025-12-01,75.0,observed
300200753_,2026-01-01,78.0,observed
300200753_,2026-02-01,90.0,observed
300200753_,2026-03-01,86.0,observed
300200753_,2026-04-01,78.0,observed
300200753_,2026-05-01,94.0,observed
300200753_,2026-06-01,78.0,observed
300200753_,2026-07-01,22.0,observed
300200753_,2026-08-01,106.0,observed
300200753_,2026-09-01,93.0,observed
300200754_,2024-01-01,21.0,observed
300200754_,2024-02-01,17.0,observed
300200754_,2024-03-01,17.0,observed
300200754_,2024-04-01,16.0,observed
300200754_,2024-05-01,35.0,observed
300200754_,2024-06-01,33.0,observed
300200754_,2024-07-01,29.0,observed
300200754_,2024-08-01,33.0,observed
300200754_,2024-09-01,26.0,observed
300200754_,2024-10-01,22.0,observed
300200754_,2024-11-01,19.0,observed
300200754_,2024-12-01,11.0,observed
300200754_,2025-01-01,8.0,observed
300200754_,2025-02-01,26.0,observed
300200754_,2025-03-01,24.0,observed
300200754_,2025-04-01,36.0,observed
300200754_,2025-05-01,30.0,observed
300200754_,2025-06-01,23.0,observed
300200754_,2025-07-01,12.0,observed
300200754_,2025-08-01,23.0,observed
300200754_,2025-09-01,22.0,observed
300200754_,2025-10-01,9.0,observed
300200754_,2025-11-01,12.0,observed
300200754_,2025-12-01,23.0,observed
300200754_,2026-01-01,31.0,observed
300200754_,2026-02-01,30.0,observed
300200754_,2026-03-01,30.0,observed
300200754_,2026-04-01,30.0,observed
300200754_,2026-05-01,27.0,observed
300200754_,2026-06-01,20.0,observed
300200754_,2026-07-01,16.0,observed
300200754_,2026-08-01,11.0,observed
300200754_,2026-09-01,5.0,observed
300200755_,2024-01-01,6.0,observed
300200755_,2024-02-01,1.0,observed
300200755_,2024-03-01,1.0,observed
300200755_,2024-04-01,1.0,observed
300200755_,2024-05-01,58.0,observed
300200755_,2024-06-01,56.0,observed
300200755_,2024-07-01,54.0,observed
300200755_,2024-08-01,53.0,observed
300200755_,2024-09-01,49.0,observed
300200755_,2024-10-01,35.0,observed
300200755_,2024-11-01,30.0,observed
300200755_,2024-12-01,23.0,observed
300200755_,2025-01-01,20.0,observed
300200755_,2025-02-01,23.0,observed
300200755_,2025-03-01,13.0,observed
300200755_,2025-04-01,41.0,observed
300200755_,2025-05-01,38.0,observed
300200755_,2025-06-01,33.0,observed
300200755_,2025-07-01,24.0,observed
300200755_,2025-08-01,20.0,observed
300200755_,2025-09-01,3.0,observed
300200755_,2025-10-01,6.0,observed
300200755_,2025-11-01,11.0,observed
300200755_,2025-12-01,35.0,observed
300200755_,2026-01-01,61.0,observed
300200755_,2026-02-01,49.0,observed
300200755_,2026-03-01,46.0,observed
300200755_,2026-04-01,45.0,observed
300200755_,2026-05-01,36.0,observed
300200755_,2026-06-01,27.0,observed
300200755_,2026-07-01,20.0,observed
300200755_,2026-08-01,24.0,observed
300200755_,2026-09-01,39.0,observed
300200497_,2024-01-01,,blank
300200497_,2024-02-01,,blank
300200497_,2024-03-01,,blank
300200497_,2024-04-01,,blank
300200497_,2024-05-01,,blank
300200497_,2024-06-01,,blank
300200497_,2024-07-01,,blank
300200497_,2024-08-01,,blank
300200497_,2024-09-01,,blank
300200497_,2024-10-01,,blank
300200497_,2024-11-01,,blank
300200497_,2024-12-01,,blank
300200497_,2025-01-01,,blank
300200497_,2025-02-01,,blank
300200497_,2025-03-01,,blank
300200497_,2025-04-01,,blank
300200497_,2025-05-01,,blank
300200497_,2025-06-01,,blank
300200497_,2025-07-01,,blank
300200497_,2025-08-01,,blank
300200497_,2025-09-01,,blank
300200497_,2025-10-01,,blank
300200497_,2025-11-01,,blank
300200497_,2025-12-01,,blank
300200497_,2026-01-01,,blank
300200497_,2026-02-01,,blank
300200497_,2026-03-01,,blank
300200497_,2026-04-01,,blank
300200497_,2026-05-01,,blank
300200497_,2026-06-01,,blank
300200497_,2026-07-01,,blank
300200497_,2026-08-01,,blank
300200497_,2026-09-01,,blank
030200399_,2024-01-01,,blank
030200399_,2024-02-01,,blank
030200399_,2024-03-01,,blank
030200399_,2024-04-01,,blank
030200399_,2024-05-01,,blank
030200399_,2024-06-01,,blank
030200399_,2024-07-01,,blank
030200399_,2024-08-01,,blank
030200399_,2024-09-01,,blank
030200399_,2024-10-01,,blank
030200399_,2024-11-01,,blank
030200399_,2024-12-01,,blank
030200399_,2025-01-01,,blank
030200399_,2025-02-01,,blank
030200399_,2025-03-01,,blank
030200399_,2025-04-01,,blank
030200399_,2025-05-01,,blank
030200399_,2025-06-01,,blank
030200399_,2025-07-01,,blank
030200399_,2025-08-01,,blank
030200399_,2025-09-01,,blank
030200399_,2025-10-01,,blank
030200399_,2025-11-01,,blank
030200399_,2025-12-01,,blank
030200399_,2026-01-01,,blank
030200399_,2026-02-01,,blank
030200399_,2026-03-01,,blank
030200399_,2026-04-01,,blank
030200399_,2026-05-01,,blank
030200399_,2026-06-01,,blank
030200399_,2026-07-01,,blank
030200399_,2026-08-01,,blank
030200399_,2026-09-01,,blank
яярп5490,2024-01-01,,blank
яярп5490,2024-02-01,,blank
яярп5490,2024-03-01,,blank
яярп5490,2024-04-01,,blank
яярп5490,2024-05-01,1040.0,observed
яярп5490,2024-06-01,,blank
яярп5490,2024-07-01,,blank
яярп5490,2024-08-01,,blank
яярп5490,2024-09-01,,blank
яярп5490,2024-10-01,,blank
яярп5490,2024-11-01,,blank
яярп5490,2024-12-01,,blank
яярп5490,2025-01-01,,blank
яярп5490,2025-02-01,,blank
яярп5490,2025-03-01,,blank
яярп5490,2025-04-01,,blank
яярп5490,2025-05-01,,blank
яярп5490,2025-06-01,,blank
яярп5490,2025-07-01,,blank
яярп5490,2025-08-01,,blank
яярп5490,2025-09-01,,blank
яярп5490,2025-10-01,,blank
яярп5490,2025-11-01,,blank
яярп5490,2025-12-01,,blank
яярп5490,2026-01-01,1040.0,observed
яярп5490,2026-02-01,1040.0,observed
яярп5490,2026-03-01,1040.0,observed
яярп5490,2026-04-01,1040.0,observed
яярп5490,2026-05-01,1040.0,observed
яярп5490,2026-06-01,1040.0,observed
яярп5490,2026-07-01,1040.0,observed
яярп5490,2026-08-01,1040.0,observed
яярп5490,2026-09-01,1040.0,observed
ATN001302,2024-01-01,,blank
ATN001302,2024-02-01,,blank
ATN001302,2024-03-01,,blank
ATN001302,2024-04-01,,blank
ATN001302,2024-05-01,,blank
ATN001302,2024-06-01,,blank
ATN001302,2024-07-01,,blank
ATN001302,2024-08-01,,blank
ATN001302,2024-09-01,,blank
ATN001302,2024-10-01,,blank
ATN001302,2024-11-01,,blank
ATN001302,2024-12-01,5.0,observed
ATN001302,2025-01-01,5.0,observed
ATN001302,2025-02-01,5.0,observed
ATN001302,2025-03-01,5.0,observed
ATN001302,2025-04-01,5.0,observed
ATN001302,2025-05-01,5.0,observed
ATN001302,2025-06-01,5.0,observed
ATN001302,2025-07-01,5.0,observed
ATN001302,2025-08-01,5.0,observed
ATN001302,2025-09-01,5.0,observed
ATN001302,2025-10-01,5.0,observed
ATN001302,2025-11-01,5.0,observed
ATN001302,2025-12-01,5.0,observed
ATN001302,2026-01-01,5.0,observed
ATN001302,2026-02-01,5.0,observed
ATN001302,2026-03-01,5.0,observed
ATN001302,2026-04-01,5.0,observed
ATN001302,2026-05-01,5.0,observed
ATN001302,2026-06-01,5.0,observed
ATN001302,2026-07-01,5.0,observed
ATN001302,2026-08-01,5.0,observed
ATN001302,2026-09-01,5.0,observed
WDE000302,2024-01-01,,blank
WDE000302,2024-02-01,,blank
WDE000302,2024-03-01,,blank
WDE000302,2024-04-01,,blank
WDE000302,2024-05-01,,blank
WDE000302,2024-06-01,,blank
WDE000302,2024-07-01,,blank
WDE000302,2024-08-01,1.0,observed
WDE000302,2024-09-01,1.0,observed
WDE000302,2024-10-01,1.0,observed
WDE000302,2024-11-01,1.0,observed
WDE000302,2024-12-01,1.0,observed
WDE000302,2025-01-01,1.0,observed
WDE000302,2025-02-01,,blank
WDE000302,2025-03-01,,blank
WDE000302,2025-04-01,,blank
WDE000302,2025-05-01,,blank
WDE000302,2025-06-01,,blank
WDE000302,2025-07-01,,blank
WDE000302,2025-08-01,,blank
WDE000302,2025-09-01,,blank
WDE000302,2025-10-01,,blank
WDE000302,2025-11-01,,blank
WDE000302,2025-12-01,,blank
WDE000302,2026-01-01,,blank
WDE000302,2026-02-01,,blank
WDE000302,2026-03-01,,blank
WDE000302,2026-04-01,,blank
WDE000302,2026-05-01,,blank
WDE000302,2026-06-01,,blank
WDE000302,2026-07-01,,blank
WDE000302,2026-08-01,,blank
WDE000302,2026-09-01,,blank
KD-RS254-18,2024-01-01,,blank
KD-RS254-18,2024-02-01,,blank
KD-RS254-18,2024-03-01,,blank
KD-RS254-18,2024-04-01,,blank
KD-RS254-18,2024-05-01,,blank
KD-RS254-18,2024-06-01,,blank
KD-RS254-18,2024-07-01,,blank
KD-RS254-18,2024-08-01,6.0,observed
KD-RS254-18,2024-09-01,6.0,observed
KD-RS254-18,2024-10-01,6.0,observed
KD-RS254-18,2024-11-01,6.0,observed
KD-RS254-18,2024-12-01,6.0,observed
KD-RS254-18,2025-01-01,6.0,observed
KD-RS254-18,2025-02-01,,blank
KD-RS254-18,2025-03-01,,blank
KD-RS254-18,2025-04-01,,blank
KD-RS254-18,2025-05-01,,blank
KD-RS254-18,2025-06-01,,blank
KD-RS254-18,2025-07-01,,blank
KD-RS254-18,2025-08-01,,blank
KD-RS254-18,2025-09-01,,blank
KD-RS254-18,2025-10-01,,blank
KD-RS254-18,2025-11-01,,blank
KD-RS254-18,2025-12-01,,blank
KD-RS254-18,2026-01-01,,blank
KD-RS254-18,2026-02-01,,blank
KD-RS254-18,2026-03-01,,blank
KD-RS254-18,2026-04-01,,blank
KD-RS254-18,2026-05-01,,blank
KD-RS254-18,2026-06-01,,blank
KD-RS254-18,2026-07-01,,blank
KD-RS254-18,2026-08-01,,blank
KD-RS254-18,2026-09-01,,blank
030200200_,2024-01-01,,blank
030200200_,2024-02-01,,blank
030200200_,2024-03-01,,blank
030200200_,2024-04-01,,blank
030200200_,2024-05-01,,blank
030200200_,2024-06-01,,blank
030200200_,2024-07-01,,blank
030200200_,2024-08-01,,blank
030200200_,2024-09-01,,blank
030200200_,2024-10-01,,blank
030200200_,2024-11-01,,blank
030200200_,2024-12-01,,blank
030200200_,2025-01-01,,blank
030200200_,2025-02-01,,blank
030200200_,2025-03-01,,blank
030200200_,2025-04-01,,blank
030200200_,2025-05-01,,blank
030200200_,2025-06-01,2.0,observed
030200200_,2025-07-01,2.0,observed
030200200_,2025-08-01,2.0,observed
030200200_,2025-09-01,2.0,observed
030200200_,2025-10-01,2.0,observed
030200200_,2025-11-01,2.0,observed
030200200_,2025-12-01,,blank
030200200_,2026-01-01,,blank
030200200_,2026-02-01,,blank
030200200_,2026-03-01,,blank
030200200_,2026-04-01,,blank
030200200_,2026-05-01,,blank
030200200_,2026-06-01,,blank
030200200_,2026-07-01,,blank
030200200_,2026-08-01,,blank
030200200_,2026-09-01,,blank
WDE000403,2024-01-01,,blank
WDE000403,2024-02-01,,blank
WDE000403,2024-03-01,,blank
WDE000403,2024-04-01,,blank
WDE000403,2024-05-01,,blank
WDE000403,2024-06-01,,blank
WDE000403,2024-07-01,,blank
WDE000403,2024-08-01,44.0,observed
WDE000403,2024-09-01,44.0,observed
WDE000403,2024-10-01,44.0,observed
WDE000403,2024-11-01,44.0,observed
WDE000403,2024-12-01,44.0,observed
WDE000403,2025-01-01,44.0,observed
WDE000403,2025-02-01,,blank
WDE000403,2025-03-01,,blank
WDE000403,2025-04-01,,blank
WDE000403,2025-05-01,,blank
WDE000403,2025-06-01,,blank
WDE000403,2025-07-01,,blank
WDE000403,2025-08-01,,blank
WDE000403,2025-09-01,,blank
WDE000403,2025-10-01,,blank
WDE000403,2025-11-01,,blank
WDE000403,2025-12-01,,blank
WDE000403,2026-01-01,,blank
WDE000403,2026-02-01,,blank
WDE000403,2026-03-01,,blank
WDE000403,2026-04-01,,blank
WDE000403,2026-05-01,,blank
WDE000403,2026-06-01,,blank
WDE000403,2026-07-01,,blank
WDE000403,2026-08-01,,blank
WDE000403,2026-09-01,,blank
WDE000303,2024-01-01,,blank
WDE000303,2024-02-01,,blank
WDE000303,2024-03-01,,blank
WDE000303,2024-04-01,,blank
WDE000303,2024-05-01,,blank
WDE000303,2024-06-01,,blank
WDE000303,2024-07-01,,blank
WDE000303,2024-08-01,13.0,observed
WDE000303,2024-09-01,13.0,observed
WDE000303,2024-10-01,13.0,observed
WDE000303,2024-11-01,13.0,observed
WDE000303,2024-12-01,13.0,observed
WDE000303,2025-01-01,13.0,observed
WDE000303,2025-02-01,,blank
WDE000303,2025-03-01,,blank
WDE000303,2025-04-01,,blank
WDE000303,2025-05-01,,blank
WDE000303,2025-06-01,,blank
WDE000303,2025-07-01,,blank
WDE000303,2025-08-01,,blank
WDE000303,2025-09-01,,blank
WDE000303,2025-10-01,,blank
WDE000303,2025-11-01,,blank
WDE000303,2025-12-01,,blank
WDE000303,2026-01-01,,blank
WDE000303,2026-02-01,,blank
WDE000303,2026-03-01,,blank
WDE000303,2026-04-01,,blank
WDE000303,2026-05-01,,blank
WDE000303,2026-06-01,,blank
WDE000303,2026-07-01,,blank
WDE000303,2026-08-01,,blank
WDE000303,2026-09-01,,blank
WDE000404,2024-01-01,,blank
WDE000404,2024-02-01,,blank
WDE000404,2024-03-01,,blank
WDE000404,2024-04-01,,blank
WDE000404,2024-05-01,,blank
WDE000404,2024-06-01,,blank
WDE000404,2024-07-01,,blank
WDE000404,2024-08-01,49.0,observed
WDE000404,2024-09-01,49.0,observed
WDE000404,2024-10-01,49.0,observed
WDE000404,2024-11-01,49.0,observed
WDE000404,2024-12-01,49.0,observed
WDE000404,2025-01-01,49.0,observed
WDE000404,2025-02-01,,blank
WDE000404,2025-03-01,,blank
WDE000404,2025-04-01,,blank
WDE000404,2025-05-01,,blank
WDE000404,2025-06-01,,blank
WDE000404,2025-07-01,,blank
WDE000404,2025-08-01,,blank
WDE000404,2025-09-01,,blank
WDE000404,2025-10-01,,blank
WDE000404,2025-11-01,,blank
WDE000404,2025-12-01,,blank
WDE000404,2026-01-01,,blank
WDE000404,2026-02-01,,blank
WDE000404,2026-03-01,,blank
WDE000404,2026-04-01,,blank
WDE000404,2026-05-01,,blank
WDE000404,2026-06-01,,blank
WDE000404,2026-07-01,,blank
WDE000404,2026-08-01,,blank
WDE000404,2026-09-01,,blank
WDE000304,2024-01-01,,blank
WDE000304,2024-02-01,,blank
WDE000304,2024-03-01,,blank
WDE000304,2024-04-01,,blank
WDE000304,2024-05-01,,blank
WDE000304,2024-06-01,,blank
WDE000304,2024-07-01,,blank
WDE000304,2024-08-01,4.0,observed
WDE000304,2024-09-01,4.0,observed
WDE000304,2024-10-01,4.0,observed
WDE000304,2024-11-01,4.0,observed
WDE000304,2024-12-01,4.0,observed
WDE000304,2025-01-01,4.0,observed
WDE000304,2025-02-01,,blank
WDE000304,2025-03-01,,blank
WDE000304,2025-04-01,,blank
WDE000304,2025-05-01,,blank
WDE000304,2025-06-01,,blank
WDE000304,2025-07-01,,blank
WDE000304,2025-08-01,,blank
WDE000304,2025-09-01,,blank
WDE000304,2025-10-01,,blank
WDE000304,2025-11-01,,blank
WDE000304,2025-12-01,,blank
WDE000304,2026-01-01,,blank
WDE000304,2026-02-01,,blank
WDE000304,2026-03-01,,blank
WDE000304,2026-04-01,,blank
WDE000304,2026-05-01,,blank
WDE000304,2026-06-01,,blank
WDE000304,2026-07-01,,blank
WDE000304,2026-08-01,,blank
WDE000304,2026-09-01,,blank
KD-2-48,2024-01-01,,blank
KD-2-48,2024-02-01,,blank
KD-2-48,2024-03-01,,blank
KD-2-48,2024-04-01,,blank
KD-2-48,2024-05-01,,blank
KD-2-48,2024-06-01,,blank
KD-2-48,2024-07-01,,blank
KD-2-48,2024-08-01,4.0,observed
KD-2-48,2024-09-01,4.0,observed
KD-2-48,2024-10-01,4.0,observed
KD-2-48,2024-11-01,4.0,observed
KD-2-48,2024-12-01,4.0,observed
KD-2-48,2025-01-01,4.0,observed
KD-2-48,2025-02-01,,blank
KD-2-48,2025-03-01,,blank
KD-2-48,2025-04-01,,blank
KD-2-48,2025-05-01,,blank
KD-2-48,2025-06-01,,blank
KD-2-48,2025-07-01,,blank
KD-2-48,2025-08-01,,blank
KD-2-48,2025-09-01,,blank
KD-2-48,2025-10-01,,blank
KD-2-48,2025-11-01,,blank
KD-2-48,2025-12-01,,blank
KD-2-48,2026-01-01,,blank
KD-2-48,2026-02-01,,blank
KD-2-48,2026-03-01,,blank
KD-2-48,2026-04-01,,blank
KD-2-48,2026-05-01,,blank
KD-2-48,2026-06-01,,blank
KD-2-48,2026-07-01,,blank
KD-2-48,2026-08-01,,blank
KD-2-48,2026-09-01,,blank
KD-2-88,2024-01-01,,blank
KD-2-88,2024-02-01,,blank
KD-2-88,2024-03-01,,blank
KD-2-88,2024-04-01,,blank
KD-2-88,2024-05-01,,blank
KD-2-88,2024-06-01,,blank
KD-2-88,2024-07-01,,blank
KD-2-88,2024-08-01,4.0,observed
KD-2-88,2024-09-01,4.0,observed
KD-2-88,2024-10-01,4.0,observed
KD-2-88,2024-11-01,4.0,observed
KD-2-88,2024-12-01,4.0,observed
KD-2-88,2025-01-01,4.0,observed
KD-2-88,2025-02-01,,blank
KD-2-88,2025-03-01,,blank
KD-2-88,2025-04-01,,blank
KD-2-88,2025-05-01,,blank
KD-2-88,2025-06-01,,blank
KD-2-88,2025-07-01,,blank
KD-2-88,2025-08-01,,blank
KD-2-88,2025-09-01,,blank
KD-2-88,2025-10-01,,blank
KD-2-88,2025-11-01,,blank
KD-2-88,2025-12-01,,blank
KD-2-88,2026-01-01,,blank
KD-2-88,2026-02-01,,blank
KD-2-88,2026-03-01,,blank
KD-2-88,2026-04-01,,blank
KD-2-88,2026-05-01,,blank
KD-2-88,2026-06-01,,blank
KD-2-88,2026-07-01,,blank
KD-2-88,2026-08-01,,blank
KD-2-88,2026-09-01,,blank
KD-3-48,2024-01-01,,blank
KD-3-48,2024-02-01,,blank
KD-3-48,2024-03-01,,blank
KD-3-48,2024-04-01,,blank
KD-3-48,2024-05-01,,blank
KD-3-48,2024-06-01,,blank
KD-3-48,2024-07-01,,blank
KD-3-48,2024-08-01,5.0,observed
KD-3-48,2024-09-01,5.0,observed
KD-3-48,2024-10-01,5.0,observed
KD-3-48,2024-11-01,5.0,observed
KD-3-48,2024-12-01,5.0,observed
KD-3-48,2025-01-01,5.0,observed
KD-3-48,2025-02-01,,blank
KD-3-48,2025-03-01,,blank
KD-3-48,2025-04-01,,blank
KD-3-48,2025-05-01,,blank
KD-3-48,2025-06-01,,blank
KD-3-48,2025-07-01,,blank
KD-3-48,2025-08-01,,blank
KD-3-48,2025-09-01,,blank
KD-3-48,2025-10-01,,blank
KD-3-48,2025-11-01,,blank
KD-3-48,2025-12-01,,blank
KD-3-48,2026-01-01,,blank
KD-3-48,2026-02-01,,blank
KD-3-48,2026-03-01,,blank
KD-3-48,2026-04-01,,blank
KD-3-48,2026-05-01,,blank
KD-3-48,2026-06-01,,blank
KD-3-48,2026-07-01,,blank
KD-3-48,2026-08-01,,blank
KD-3-48,2026-09-01,,blank
030200226_,2024-01-01,7.0,observed
030200226_,2024-02-01,7.0,observed
030200226_,2024-03-01,1.0,observed
030200226_,2024-04-01,1020.0,observed
030200226_,2024-05-01,2023.0,observed
030200226_,2024-06-01,1478.0,observed
030200226_,2024-07-01,1460.0,observed
030200226_,2024-08-01,1838.0,observed
030200226_,2024-09-01,1469.0,observed
030200226_,2024-10-01,1097.0,observed
030200226_,2024-11-01,553.0,observed
030200226_,2024-12-01,1693.0,observed
030200226_,2025-01-01,1575.0,observed
030200226_,2025-02-01,400.0,observed
030200226_,2025-03-01,1219.0,observed
030200226_,2025-04-01,2754.0,observed
030200226_,2025-05-01,2577.0,observed
030200226_,2025-06-01,2547.0,observed
030200226_,2025-07-01,2503.0,observed
030200226_,2025-08-01,2487.0,observed
030200226_,2025-09-01,2338.0,observed
030200226_,2025-10-01,2328.0,observed
030200226_,2025-11-01,2550.0,observed
030200226_,2025-12-01,2343.0,observed
030200226_,2026-01-01,1897.0,observed
030200226_,2026-02-01,1421.0,observed
030200226_,2026-03-01,899.0,observed
030200226_,2026-04-01,653.0,observed
030200226_,2026-05-01,453.0,observed
030200226_,2026-06-01,808.0,observed
030200226_,2026-07-01,806.0,observed
030200226_,2026-08-01,501.0,observed
030200226_,2026-09-01,462.0,observed
030200223_,2024-01-01,1178.0,observed
030200223_,2024-02-01,218.0,observed
030200223_,2024-03-01,165.0,observed
030200223_,2024-04-01,2961.0,observed
030200223_,2024-05-01,4690.0,observed
030200223_,2024-06-01,3177.0,observed
030200223_,2024-07-01,2316.0,observed
030200223_,2024-08-01,6383.0,observed
030200223_,2024-09-01,3964.0,observed
030200223_,2024-10-01,3186.0,observed
030200223_,2024-11-01,4393.0,observed
030200223_,2024-12-01,5029.0,observed
030200223_,2025-01-01,5886.0,observed
030200223_,2025-02-01,6221.0,observed
030200223_,2025-03-01,4019.0,observed
030200223_,2025-04-01,9593.0,observed
030200223_,2025-05-01,8847.0,observed
030200223_,2025-06-01,7561.0,observed
030200223_,2025-07-01,6902.0,observed
030200223_,2025-08-01,6007.0,observed
030200223_,2025-09-01,5497.0,observed
030200223_,2025-10-01,5183.0,observed
030200223_,2025-11-01,3901.0,observed
030200223_,2025-12-01,3422.0,observed
030200223_,2026-01-01,5111.0,observed
030200223_,2026-02-01,3372.0,observed
030200223_,2026-03-01,2086.0,observed
030200223_,2026-04-01,3985.0,observed
030200223_,2026-05-01,3363.0,observed
030200223_,2026-06-01,4939.0,observed
030200223_,2026-07-01,3469.0,observed
030200223_,2026-08-01,3403.0,observed
030200223_,2026-09-01,2818.0,observed
030200227_,2024-01-01,774.0,observed
030200227_,2024-02-01,486.0,observed
030200227_,2024-03-01,216.0,observed
030200227_,2024-04-01,756.0,observed
030200227_,2024-05-01,2421.0,observed
030200227_,2024-06-01,2419.0,observed
030200227_,2024-07-01,1928.0,observed
030200227_,2024-08-01,1098.0,observed
030200227_,2024-09-01,733.0,observed
030200227_,2024-10-01,1144.0,observed
030200227_,2024-11-01,710.0,observed
030200227_,2024-12-01,1331.0,observed
030200227_,2025-01-01,1109.0,observed
030200227_,2025-02-01,1239.0,observed
030200227_,2025-03-01,1124.0,observed
030200227_,2025-04-01,997.0,observed
030200227_,2025-05-01,2588.0,observed
030200227_,2025-06-01,2307.0,observed
030200227_,2025-07-01,2152.0,observed
030200227_,2025-08-01,1786.0,observed
030200227_,2025-09-01,1456.0,observed
030200227_,2025-10-01,1394.0,observed
030200227_,2025-11-01,1244.0,observed
030200227_,2025-12-01,1092.0,observed
030200227_,2026-01-01,427.0,observed
030200227_,2026-02-01,69.0,observed
030200227_,2026-03-01,311.0,observed
030200227_,2026-04-01,886.0,observed
030200227_,2026-05-01,906.0,observed
030200227_,2026-06-01,839.0,observed
030200227_,2026-07-01,1380.0,observed
030200227_,2026-08-01,232.0,observed
030200227_,2026-09-01,862.0,observed
030200225_,2024-01-01,1455.0,observed
030200225_,2024-02-01,107.0,observed
030200225_,2024-03-01,16.0,observed
030200225_,2024-04-01,2645.0,observed
030200225_,2024-05-01,8829.0,observed
030200225_,2024-06-01,6000.0,observed
030200225_,2024-07-01,4910.0,observed
030200225_,2024-08-01,9861.0,observed
030200225_,2024-09-01,8059.0,observed
030200225_,2024-10-01,5612.0,observed
030200225_,2024-11-01,3731.0,observed
030200225_,2024-12-01,4039.0,observed
030200225_,2025-01-01,4359.0,observed
030200225_,2025-02-01,9777.0,observed
030200225_,2025-03-01,7306.0,observed
030200225_,2025-04-01,13258.0,observed
030200225_,2025-05-01,12261.0,observed
030200225_,2025-06-01,11293.0,observed
030200225_,2025-07-01,9549.0,observed
030200225_,2025-08-01,8748.0,observed
030200225_,2025-09-01,7843.0,observed
030200225_,2025-10-01,5195.0,observed
030200225_,2025-11-01,6279.0,observed
030200225_,2025-12-01,4182.0,observed
030200225_,2026-01-01,5458.0,observed
030200225_,2026-02-01,4209.0,observed
030200225_,2026-03-01,4367.0,observed
030200225_,2026-04-01,4253.0,observed
030200225_,2026-05-01,5270.0,observed
030200225_,2026-06-01,3814.0,observed
030200225_,2026-07-01,3906.0,observed
030200225_,2026-08-01,5031.0,observed
030200225_,2026-09-01,3991.0,observed
030200224_,2024-01-01,4583.0,observed
030200224_,2024-02-01,708.0,observed
030200224_,2024-03-01,1.0,observed
030200224_,2024-04-01,3439.0,observed
030200224_,2024-05-01,18318.0,observed
030200224_,2024-06-01,16519.0,observed
030200224_,2024-07-01,13097.0,observed
030200224_,2024-08-01,14002.0,observed
030200224_,2024-09-01,9592.0,observed
030200224_,2024-10-01,8407.0,observed
030200224_,2024-11-01,2015.0,observed
030200224_,2024-12-01,10350.0,observed
030200224_,2025-01-01,15071.0,observed
030200224_,2025-02-01,10955.0,observed
030200224_,2025-03-01,10715.0,observed
030200224_,2025-04-01,23239.0,observed
030200224_,2025-05-01,20834.0,observed
030200224_,2025-06-01,17313.0,observed
030200224_,2025-07-01,14194.0,observed
030200224_,2025-08-01,12966.0,observed
030200224_,2025-09-01,14823.0,observed
030200224_,2025-10-01,13265.0,observed
030200224_,2025-11-01,13918.0,observed
030200224_,2025-12-01,13396.0,observed
030200224_,2026-01-01,10677.0,observed
030200224_,2026-02-01,7013.0,observed
030200224_,2026-03-01,7621.0,observed
030200224_,2026-04-01,7923.0,observed
030200224_,2026-05-01,7899.0,observed
030200224_,2026-06-01,8197.0,observed
030200224_,2026-07-01,7234.0,observed
030200224_,2026-08-01,6815.0,observed
030200224_,2026-09-01,5523.0,observed
030200221_,2024-01-01,37.0,observed
030200221_,2024-02-01,35.0,observed
030200221_,2024-03-01,2063.0,observed
030200221_,2024-04-01,775.0,observed
030200221_,2024-05-01,13258.0,observed
030200221_,2024-06-01,12215.0,observed
030200221_,2024-07-01,8905.0,observed
030200221_,2024-08-01,10836.0,observed
030200221_,2024-09-01,8368.0,observed
030200221_,2024-10-01,8482.0,observed
030200221_,2024-11-01,4225.0,observed
030200221_,2024-12-01,6852.0,observed
030200221_,2025-01-01,7260.0,observed
030200221_,2025-02-01,5868.0,observed
030200221_,2025-03-01,6193.0,observed
030200221_,2025-04-01,3976.0,observed
030200221_,2025-05-01,10555.0,observed
030200221_,2025-06-01,8611.0,observed
030200221_,2025-07-01,7604.0,observed
030200221_,2025-08-01,7918.0,observed
030200221_,2025-09-01,7061.0,observed
030200221_,2025-10-01,7008.0,observed
030200221_,2025-11-01,5260.0,observed
030200221_,2025-12-01,5526.0,observed
030200221_,2026-01-01,7132.0,observed
030200221_,2026-02-01,4174.0,observed
030200221_,2026-03-01,2672.0,observed
030200221_,2026-04-01,4634.0,observed
030200221_,2026-05-01,6466.0,observed
030200221_,2026-06-01,4552.0,observed
030200221_,2026-07-01,5523.0,observed
030200221_,2026-08-01,5764.0,observed
030200221_,2026-09-01,5215.0,observed
030200222_,2024-01-01,1148.0,observed
030200222_,2024-02-01,65.0,observed
030200222_,2024-03-01,4078.0,observed
030200222_,2024-04-01,3506.0,observed
030200222_,2024-05-01,6241.0,observed
030200222_,2024-06-01,5522.0,observed
030200222_,2024-07-01,4346.0,observed
030200222_,2024-08-01,5697.0,observed
030200222_,2024-09-01,5215.0,observed
030200222_,2024-10-01,4159.0,observed
030200222_,2024-11-01,3018.0,observed
030200222_,2024-12-01,2800.0,observed
030200222_,2025-01-01,3140.0,observed
030200222_,2025-02-01,2578.0,observed
030200222_,2025-03-01,2621.0,observed
030200222_,2025-04-01,2198.0,observed
030200222_,2025-05-01,5470.0,observed
030200222_,2025-06-01,5129.0,observed
030200222_,2025-07-01,4127.0,observed
030200222_,2025-08-01,3873.0,observed
030200222_,2025-09-01,1929.0,observed
030200222_,2025-10-01,3413.0,observed
030200222_,2025-11-01,3630.0,observed
030200222_,2025-12-01,4496.0,observed
030200222_,2026-01-01,3103.0,observed
030200222_,2026-02-01,2725.0,observed
030200222_,2026-03-01,2327.0,observed
030200222_,2026-04-01,2588.0,observed
030200222_,2026-05-01,2300.0,observed
030200222_,2026-06-01,2056.0,observed
030200222_,2026-07-01,1611.0,observed
030200222_,2026-08-01,1779.0,observed
030200222_,2026-09-01,1052.0,observed
030200331_,2024-01-01,,blank
030200331_,2024-02-01,,blank
030200331_,2024-03-01,,blank
030200331_,2024-04-01,,blank
030200331_,2024-05-01,,blank
030200331_,2024-06-01,,blank
030200331_,2024-07-01,,blank
030200331_,2024-08-01,67.0,observed
030200331_,2024-09-01,67.0,observed
030200331_,2024-10-01,67.0,observed
030200331_,2024-11-01,67.0,observed
030200331_,2024-12-01,67.0,observed
030200331_,2025-01-01,67.0,observed
030200331_,2025-02-01,67.0,observed
030200331_,2025-03-01,67.0,observed
030200331_,2025-04-01,,blank
030200331_,2025-05-01,,blank
030200331_,2025-06-01,,blank
030200331_,2025-07-01,,blank
030200331_,2025-08-01,,blank
030200331_,2025-09-01,,blank
030200331_,2025-10-01,,blank
030200331_,2025-11-01,,blank
030200331_,2025-12-01,,blank
030200331_,2026-01-01,,blank
030200331_,2026-02-01,,blank
030200331_,2026-03-01,,blank
030200331_,2026-04-01,,blank
030200331_,2026-05-01,,blank
030200331_,2026-06-01,,blank
030200331_,2026-07-01,,blank
030200331_,2026-08-01,,blank
030200331_,2026-09-01,,blank
030200322_,2024-01-01,,blank
030200322_,2024-02-01,,blank
030200322_,2024-03-01,,blank
030200322_,2024-04-01,,blank
030200322_,2024-05-01,,blank
030200322_,2024-06-01,,blank
030200322_,2024-07-01,,blank
030200322_,2024-08-01,7.0,observed
030200322_,2024-09-01,7.0,observed
030200322_,2024-10-01,7.0,observed
030200322_,2024-11-01,7.0,observed
030200322_,2024-12-01,7.0,observed
030200322_,2025-01-01,7.0,observed
030200322_,2025-02-01,7.0,observed
030200322_,2025-03-01,7.0,observed
030200322_,2025-04-01,,blank
030200322_,2025-05-01,,blank
030200322_,2025-06-01,,blank
030200322_,2025-07-01,,blank
030200322_,2025-08-01,,blank
030200322_,2025-09-01,,blank
030200322_,2025-10-01,,blank
030200322_,2025-11-01,,blank
030200322_,2025-12-01,,blank
030200322_,2026-01-01,,blank
030200322_,2026-02-01,,blank
030200322_,2026-03-01,,blank
030200322_,2026-04-01,,blank
030200322_,2026-05-01,,blank
030200322_,2026-06-01,,blank
030200322_,2026-07-01,,blank
030200322_,2026-08-01,,blank
030200322_,2026-09-01,,blank
300200473_,2024-01-01,1.0,observed
300200473_,2024-02-01,1.0,observed
300200473_,2024-03-01,1.0,observed
300200473_,2024-04-01,1.0,observed
300200473_,2024-05-01,1.0,observed
300200473_,2024-06-01,1.0,observed
300200473_,2024-07-01,1.0,observed
300200473_,2024-08-01,10.0,observed
300200473_,2024-09-01,10.0,observed
300200473_,2024-10-01,7.0,observed
300200473_,2024-11-01,7.0,observed
300200473_,2024-12-01,7.0,observed
300200473_,2025-01-01,6.0,observed
300200473_,2025-02-01,2.0,observed
300200473_,2025-03-01,2.0,observed
300200473_,2025-04-01,2.0,observed
300200473_,2025-05-01,2.0,observed
300200473_,2025-06-01,2.0,observed
300200473_,2025-07-01,2.0,observed
300200473_,2025-08-01,2.0,observed
300200473_,2025-09-01,2.0,observed
300200473_,2025-10-01,2.0,observed
300200473_,2025-11-01,2.0,observed
300200473_,2025-12-01,2.0,observed
300200473_,2026-01-01,1.0,observed
300200473_,2026-02-01,1.0,observed
300200473_,2026-03-01,1.0,observed
300200473_,2026-04-01,1.0,observed
300200473_,2026-05-01,1.0,observed
300200473_,2026-06-01,1.0,observed
300200473_,2026-07-01,1.0,observed
300200473_,2026-08-01,1.0,observed
300200473_,2026-09-01,1.0,observed
030200323_,2024-01-01,,blank
030200323_,2024-02-01,,blank
030200323_,2024-03-01,,blank
030200323_,2024-04-01,,blank
030200323_,2024-05-01,,blank
030200323_,2024-06-01,,blank
030200323_,2024-07-01,,blank
030200323_,2024-08-01,44.0,observed
030200323_,2024-09-01,44.0,observed
030200323_,2024-10-01,44.0,observed
030200323_,2024-11-01,44.0,observed
030200323_,2024-12-01,44.0,observed
030200323_,2025-01-01,44.0,observed
030200323_,2025-02-01,44.0,observed
030200323_,2025-03-01,44.0,observed
030200323_,2025-04-01,,blank
030200323_,2025-05-01,,blank
030200323_,2025-06-01,,blank
030200323_,2025-07-01,,blank
030200323_,2025-08-01,,blank
030200323_,2025-09-01,,blank
030200323_,2025-10-01,,blank
030200323_,2025-11-01,,blank
030200323_,2025-12-01,,blank
030200323_,2026-01-01,,blank
030200323_,2026-02-01,,blank
030200323_,2026-03-01,,blank
030200323_,2026-04-01,,blank
030200323_,2026-05-01,,blank
030200323_,2026-06-01,,blank
030200323_,2026-07-01,,blank
030200323_,2026-08-01,,blank
030200323_,2026-09-01,,blank
030200330_,2024-01-01,,blank
030200330_,2024-02-01,,blank
030200330_,2024-03-01,,blank
030200330_,2024-04-01,,blank
030200330_,2024-05-01,,blank
030200330_,2024-06-01,,blank
030200330_,2024-07-01,,blank
030200330_,2024-08-01,,blank
030200330_,2024-09-01,,blank
030200330_,2024-10-01,,blank
030200330_,2024-11-01,,blank
030200330_,2024-12-01,,blank
030200330_,2025-01-01,,blank
030200330_,2025-02-01,,blank
030200330_,2025-03-01,,blank
030200330_,2025-04-01,,blank
030200330_,2025-05-01,,blank
030200330_,2025-06-01,,blank
030200330_,2025-07-01,,blank
030200330_,2025-08-01,,blank
030200330_,2025-09-01,,blank
030200330_,2025-10-01,,blank
030200330_,2025-11-01,,blank
030200330_,2025-12-01,,blank
030200330_,2026-01-01,,blank
030200330_,2026-02-01,,blank
030200330_,2026-03-01,,blank
030200330_,2026-04-01,,blank
030200330_,2026-05-01,,blank
030200330_,2026-06-01,,blank
030200330_,2026-07-01,,blank
030200330_,2026-08-01,,blank
030200330_,2026-09-01,,blank
ATN000724,2024-01-01,1.0,observed
ATN000724,2024-02-01,1.0,observed
ATN000724,2024-03-01,1.0,observed
ATN000724,2024-04-01,1.0,observed
ATN000724,2024-05-01,1.0,observed
ATN000724,2024-06-01,1.0,observed
ATN000724,2024-07-01,1.0,observed
ATN000724,2024-08-01,1.0,observed
ATN000724,2024-09-01,1.0,observed
ATN000724,2024-10-01,1.0,observed
ATN000724,2024-11-01,1.0,observed
ATN000724,2024-12-01,1.0,observed
ATN000724,2025-01-01,1.0,observed
ATN000724,2025-02-01,1.0,observed
ATN000724,2025-03-01,1.0,observed
ATN000724,2025-04-01,1.0,observed
ATN000724,2025-05-01,1.0,observed
ATN000724,2025-06-01,1.0,observed
ATN000724,2025-07-01,1.0,observed
ATN000724,2025-08-01,1.0,observed
ATN000724,2025-09-01,1.0,observed
ATN000724,2025-10-01,1.0,observed
ATN000724,2025-11-01,1.0,observed
ATN000724,2025-12-01,1.0,observed
ATN000724,2026-01-01,1.0,observed
ATN000724,2026-02-01,1.0,observed
ATN000724,2026-03-01,1.0,observed
ATN000724,2026-04-01,1.0,observed
ATN000724,2026-05-01,1.0,observed
ATN000724,2026-06-01,1.0,observed
ATN000724,2026-07-01,1.0,observed
ATN000724,2026-08-01,1.0,observed
ATN000724,2026-09-01,1.0,observed
300200469_,2024-01-01,1.0,observed
300200469_,2024-02-01,1.0,observed
300200469_,2024-03-01,1.0,observed
300200469_,2024-04-01,1.0,observed
300200469_,2024-05-01,1.0,observed
300200469_,2024-06-01,1.0,observed
300200469_,2024-07-01,1.0,observed
300200469_,2024-08-01,1.0,observed
300200469_,2024-09-01,1.0,observed
300200469_,2024-10-01,1.0,observed
300200469_,2024-11-01,1.0,observed
300200469_,2024-12-01,1.0,observed
300200469_,2025-01-01,1.0,observed
300200469_,2025-02-01,1.0,observed
300200469_,2025-03-01,1.0,observed
300200469_,2025-04-01,1.0,observed
300200469_,2025-05-01,1.0,observed
300200469_,2025-06-01,1.0,observed
300200469_,2025-07-01,1.0,observed
300200469_,2025-08-01,1.0,observed
300200469_,2025-09-01,1.0,observed
300200469_,2025-10-01,1.0,observed
300200469_,2025-11-01,1.0,observed
300200469_,2025-12-01,1.0,observed
300200469_,2026-01-01,1.0,observed
300200469_,2026-02-01,1.0,observed
300200469_,2026-03-01,1.0,observed
300200469_,2026-04-01,1.0,observed
300200469_,2026-05-01,1.0,observed
300200469_,2026-06-01,1.0,observed
300200469_,2026-07-01,1.0,observed
300200469_,2026-08-01,1.0,observed
300200469_,2026-09-01,1.0,observed
ATN000446,2024-01-01,8.0,observed
ATN000446,2024-02-01,8.0,observed
ATN000446,2024-03-01,21.0,observed
ATN000446,2024-04-01,14.0,observed
ATN000446,2024-05-01,72.0,observed
ATN000446,2024-06-01,64.0,observed
ATN000446,2024-07-01,54.0,observed
ATN000446,2024-08-01,49.0,observed
ATN000446,2024-09-01,15.0,observed
ATN000446,2024-10-01,35.0,observed
ATN000446,2024-11-01,45.0,observed
ATN000446,2024-12-01,37.0,observed
ATN000446,2025-01-01,40.0,observed
ATN000446,2025-02-01,37.0,observed
ATN000446,2025-03-01,31.0,observed
ATN000446,2025-04-01,80.0,observed
ATN000446,2025-05-01,76.0,observed
ATN000446,2025-06-01,73.0,observed
ATN000446,2025-07-01,49.0,observed
ATN000446,2025-08-01,45.0,observed
ATN000446,2025-09-01,32.0,observed
ATN000446,2025-10-01,34.0,observed
ATN000446,2025-11-01,34.0,observed
ATN000446,2025-12-01,33.0,observed
ATN000446,2026-01-01,27.0,observed
ATN000446,2026-02-01,22.0,observed
ATN000446,2026-03-01,22.0,observed
ATN000446,2026-04-01,22.0,observed
ATN000446,2026-05-01,25.0,observed
ATN000446,2026-06-01,23.0,observed
ATN000446,2026-07-01,18.0,observed
ATN000446,2026-08-01,17.0,observed
ATN000446,2026-09-01,17.0,observed
WDE000391,2024-01-01,,blank
WDE000391,2024-02-01,,blank
WDE000391,2024-03-01,,blank
WDE000391,2024-04-01,,blank
WDE000391,2024-05-01,,blank
WDE000391,2024-06-01,,blank
WDE000391,2024-07-01,,blank
WDE000391,2024-08-01,2.0,observed
WDE000391,2024-09-01,2.0,observed
WDE000391,2024-10-01,2.0,observed
WDE000391,2024-11-01,2.0,observed
WDE000391,2024-12-01,2.0,observed
WDE000391,2025-01-01,2.0,observed
WDE000391,2025-02-01,,blank
WDE000391,2025-03-01,,blank
WDE000391,2025-04-01,,blank
WDE000391,2025-05-01,,blank
WDE000391,2025-06-01,,blank
WDE000391,2025-07-01,,blank
WDE000391,2025-08-01,,blank
WDE000391,2025-09-01,,blank
WDE000391,2025-10-01,,blank
WDE000391,2025-11-01,,blank
WDE000391,2025-12-01,,blank
WDE000391,2026-01-01,,blank
WDE000391,2026-02-01,,blank
WDE000391,2026-03-01,,blank
WDE000391,2026-04-01,,blank
WDE000391,2026-05-01,,blank
WDE000391,2026-06-01,,blank
WDE000391,2026-07-01,,blank
WDE000391,2026-08-01,,blank
WDE000391,2026-09-01,,blank
WDE000193,2024-01-01,,blank
WDE000193,2024-02-01,,blank
WDE000193,2024-03-01,,blank
WDE000193,2024-04-01,,blank
WDE000193,2024-05-01,,blank
WDE000193,2024-06-01,,blank
WDE000193,2024-07-01,,blank
WDE000193,2024-08-01,4.0,observed
WDE000193,2024-09-01,4.0,observed
WDE000193,2024-10-01,4.0,observed
WDE000193,2024-11-01,4.0,observed
WDE000193,2024-12-01,4.0,observed
WDE000193,2025-01-01,4.0,observed
WDE000193,2025-02-01,,blank
WDE000193,2025-03-01,,blank
WDE000193,2025-04-01,,blank
WDE000193,2025-05-01,,blank
WDE000193,2025-06-01,,blank
WDE000193,2025-07-01,,blank
WDE000193,2025-08-01,,blank
WDE000193,2025-09-01,,blank
WDE000193,2025-10-01,,blank
WDE000193,2025-11-01,,blank
WDE000193,2025-12-01,,blank
WDE000193,2026-01-01,,blank
WDE000193,2026-02-01,,blank
WDE000193,2026-03-01,,blank
WDE000193,2026-04-01,,blank
WDE000193,2026-05-01,,blank
WDE000193,2026-06-01,,blank
WDE000193,2026-07-01,,blank
WDE000193,2026-08-01,,blank
WDE000193,2026-09-01,,blank
WDE000195,2024-01-01,,blank
WDE000195,2024-02-01,,blank
WDE000195,2024-03-01,,blank
WDE000195,2024-04-01,,blank
WDE000195,2024-05-01,,blank
WDE000195,2024-06-01,,blank
WDE000195,2024-07-01,,blank
WDE000195,2024-08-01,9.0,observed
WDE000195,2024-09-01,9.0,observed
WDE000195,2024-10-01,9.0,observed
WDE000195,2024-11-01,9.0,observed
WDE000195,2024-12-01,9.0,observed
WDE000195,2025-01-01,9.0,observed
WDE000195,2025-02-01,,blank
WDE000195,2025-03-01,,blank
WDE000195,2025-04-01,,blank
WDE000195,2025-05-01,,blank
WDE000195,2025-06-01,,blank
WDE000195,2025-07-01,,blank
WDE000195,2025-08-01,,blank
WDE000195,2025-09-01,,blank
WDE000195,2025-10-01,,blank
WDE000195,2025-11-01,,blank
WDE000195,2025-12-01,,blank
WDE000195,2026-01-01,,blank
WDE000195,2026-02-01,,blank
WDE000195,2026-03-01,,blank
WDE000195,2026-04-01,,blank
WDE000195,2026-05-01,,blank
WDE000195,2026-06-01,,blank
WDE000195,2026-07-01,,blank
WDE000195,2026-08-01,,blank
WDE000195,2026-09-01,,blank
WDE000441,2024-01-01,,blank
WDE000441,2024-02-01,,blank
WDE000441,2024-03-01,,blank
WDE000441,2024-04-01,,blank
WDE000441,2024-05-01,,blank
WDE000441,2024-06-01,,blank
WDE000441,2024-07-01,,blank
WDE000441,2024-08-01,10.0,observed
WDE000441,2024-09-01,10.0,observed
WDE000441,2024-10-01,10.0,observed
WDE000441,2024-11-01,10.0,observed
WDE000441,2024-12-01,10.0,observed
WDE000441,2025-01-01,10.0,observed
WDE000441,2025-02-01,,blank
WDE000441,2025-03-01,,blank
WDE000441,2025-04-01,,blank
WDE000441,2025-05-01,,blank
WDE000441,2025-06-01,,blank
WDE000441,2025-07-01,,blank
WDE000441,2025-08-01,,blank
WDE000441,2025-09-01,,blank
WDE000441,2025-10-01,,blank
WDE000441,2025-11-01,,blank
WDE000441,2025-12-01,,blank
WDE000441,2026-01-01,,blank
WDE000441,2026-02-01,,blank
WDE000441,2026-03-01,,blank
WDE000441,2026-04-01,,blank
WDE000441,2026-05-01,,blank
WDE000441,2026-06-01,,blank
WDE000441,2026-07-01,,blank
WDE000441,2026-08-01,,blank
WDE000441,2026-09-01,,blank
WDE000448,2024-01-01,,blank
WDE000448,2024-02-01,,blank
WDE000448,2024-03-01,,blank
WDE000448,2024-04-01,,blank
WDE000448,2024-05-01,,blank
WDE000448,2024-06-01,,blank
WDE000448,2024-07-01,,blank
WDE000448,2024-08-01,11.0,observed
WDE000448,2024-09-01,11.0,observed
WDE000448,2024-10-01,11.0,observed
WDE000448,2024-11-01,11.0,observed
WDE000448,2024-12-01,11.0,observed
WDE000448,2025-01-01,11.0,observed
WDE000448,2025-02-01,,blank
WDE000448,2025-03-01,,blank
WDE000448,2025-04-01,,blank
WDE000448,2025-05-01,,blank
WDE000448,2025-06-01,,blank
WDE000448,2025-07-01,,blank
WDE000448,2025-08-01,,blank
WDE000448,2025-09-01,,blank
WDE000448,2025-10-01,,blank
WDE000448,2025-11-01,,blank
WDE000448,2025-12-01,,blank
WDE000448,2026-01-01,,blank
WDE000448,2026-02-01,,blank
WDE000448,2026-03-01,,blank
WDE000448,2026-04-01,,blank
WDE000448,2026-05-01,,blank
WDE000448,2026-06-01,,blank
WDE000448,2026-07-01,,blank
WDE000448,2026-08-01,,blank
WDE000448,2026-09-01,,blank
WDE000493,2024-01-01,,blank
WDE000493,2024-02-01,,blank
WDE000493,2024-03-01,,blank
WDE000493,2024-04-01,,blank
WDE000493,2024-05-01,,blank
WDE000493,2024-06-01,,blank
WDE000493,2024-07-01,,blank
WDE000493,2024-08-01,10.0,observed
WDE000493,2024-09-01,10.0,observed
WDE000493,2024-10-01,10.0,observed
WDE000493,2024-11-01,10.0,observed
WDE000493,2024-12-01,10.0,observed
WDE000493,2025-01-01,10.0,observed
WDE000493,2025-02-01,,blank
WDE000493,2025-03-01,,blank
WDE000493,2025-04-01,,blank
WDE000493,2025-05-01,,blank
WDE000493,2025-06-01,,blank
WDE000493,2025-07-01,,blank
WDE000493,2025-08-01,,blank
WDE000493,2025-09-01,,blank
WDE000493,2025-10-01,,blank
WDE000493,2025-11-01,,blank
WDE000493,2025-12-01,,blank
WDE000493,2026-01-01,,blank
WDE000493,2026-02-01,,blank
WDE000493,2026-03-01,,blank
WDE000493,2026-04-01,,blank
WDE000493,2026-05-01,,blank
WDE000493,2026-06-01,,blank
WDE000493,2026-07-01,,blank
WDE000493,2026-08-01,,blank
WDE000493,2026-09-01,,blank
ATN001420,2024-01-01,,blank
ATN001420,2024-02-01,,blank
ATN001420,2024-03-01,,blank
ATN001420,2024-04-01,,blank
ATN001420,2024-05-01,,blank
ATN001420,2024-06-01,,blank
ATN001420,2024-07-01,,blank
ATN001420,2024-08-01,,blank
ATN001420,2024-09-01,,blank
ATN001420,2024-10-01,,blank
ATN001420,2024-11-01,,blank
ATN001420,2024-12-01,,blank
ATN001420,2025-01-01,,blank
ATN001420,2025-02-01,6.0,observed
ATN001420,2025-03-01,6.0,observed
ATN001420,2025-04-01,6.0,observed
ATN001420,2025-05-01,6.0,observed
ATN001420,2025-06-01,6.0,observed
ATN001420,2025-07-01,6.0,observed
ATN001420,2025-08-01,6.0,observed
ATN001420,2025-09-01,6.0,observed
ATN001420,2025-10-01,6.0,observed
ATN001420,2025-11-01,6.0,observed
ATN001420,2025-12-01,6.0,observed
ATN001420,2026-01-01,6.0,observed
ATN001420,2026-02-01,6.0,observed
ATN001420,2026-03-01,6.0,observed
ATN001420,2026-04-01,6.0,observed
ATN001420,2026-05-01,6.0,observed
ATN001420,2026-06-01,6.0,observed
ATN001420,2026-07-01,6.0,observed
ATN001420,2026-08-01,6.0,observed
ATN001420,2026-09-01,6.0,observed
WDE000185,2024-01-01,,blank
WDE000185,2024-02-01,,blank
WDE000185,2024-03-01,,blank
WDE000185,2024-04-01,,blank
WDE000185,2024-05-01,,blank
WDE000185,2024-06-01,,blank
WDE000185,2024-07-01,,blank
WDE000185,2024-08-01,8.0,observed
WDE000185,2024-09-01,8.0,observed
WDE000185,2024-10-01,8.0,observed
WDE000185,2024-11-01,8.0,observed
WDE000185,2024-12-01,8.0,observed
WDE000185,2025-01-01,8.0,observed
WDE000185,2025-02-01,,blank
WDE000185,2025-03-01,,blank
WDE000185,2025-04-01,,blank
WDE000185,2025-05-01,,blank
WDE000185,2025-06-01,,blank
WDE000185,2025-07-01,,blank
WDE000185,2025-08-01,,blank
WDE000185,2025-09-01,,blank
WDE000185,2025-10-01,,blank
WDE000185,2025-11-01,,blank
WDE000185,2025-12-01,,blank
WDE000185,2026-01-01,,blank
WDE000185,2026-02-01,,blank
WDE000185,2026-03-01,,blank
WDE000185,2026-04-01,,blank
WDE000185,2026-05-01,,blank
WDE000185,2026-06-01,,blank
WDE000185,2026-07-01,,blank
WDE000185,2026-08-01,,blank
WDE000185,2026-09-01,,blank
ATN000389,2024-01-01,1.0,observed
ATN000389,2024-02-01,1.0,observed
ATN000389,2024-03-01,1.0,observed
ATN000389,2024-04-01,1.0,observed
ATN000389,2024-05-01,1.0,observed
ATN000389,2024-06-01,1.0,observed
ATN000389,2024-07-01,1.0,observed
ATN000389,2024-08-01,25.0,observed
ATN000389,2024-09-01,25.0,observed
ATN000389,2024-10-01,25.0,observed
ATN000389,2024-11-01,25.0,observed
ATN000389,2024-12-01,25.0,observed
ATN000389,2025-01-01,24.0,observed
ATN000389,2025-02-01,19.0,observed
ATN000389,2025-03-01,19.0,observed
ATN000389,2025-04-01,19.0,observed
ATN000389,2025-05-01,19.0,observed
ATN000389,2025-06-01,19.0,observed
ATN000389,2025-07-01,19.0,observed
ATN000389,2025-08-01,19.0,observed
ATN000389,2025-09-01,18.0,observed
ATN000389,2025-10-01,18.0,observed
ATN000389,2025-11-01,18.0,observed
ATN000389,2025-12-01,18.0,observed
ATN000389,2026-01-01,19.0,observed
ATN000389,2026-02-01,19.0,observed
ATN000389,2026-03-01,19.0,observed
ATN000389,2026-04-01,19.0,observed
ATN000389,2026-05-01,19.0,observed
ATN000389,2026-06-01,19.0,observed
ATN000389,2026-07-01,19.0,observed
ATN000389,2026-08-01,19.0,observed
ATN000389,2026-09-01,19.0,observed
GSL000185KK,2024-01-01,1.0,observed
GSL000185KK,2024-02-01,1.0,observed
GSL000185KK,2024-03-01,1.0,observed
GSL000185KK,2024-04-01,1.0,observed
GSL000185KK,2024-05-01,1.0,observed
GSL000185KK,2024-06-01,1.0,observed
GSL000185KK,2024-07-01,1.0,observed
GSL000185KK,2024-08-01,1.0,observed
GSL000185KK,2024-09-01,1.0,observed
GSL000185KK,2024-10-01,1.0,observed
GSL000185KK,2024-11-01,1.0,observed
GSL000185KK,2024-12-01,1.0,observed
GSL000185KK,2025-01-01,1.0,observed
GSL000185KK,2025-02-01,1.0,observed
GSL000185KK,2025-03-01,1.0,observed
GSL000185KK,2025-04-01,1.0,observed
GSL000185KK,2025-05-01,1.0,observed
GSL000185KK,2025-06-01,1.0,observed
GSL000185KK,2025-07-01,1.0,observed
GSL000185KK,2025-08-01,1.0,observed
GSL000185KK,2025-09-01,1.0,observed
GSL000185KK,2025-10-01,1.0,observed
GSL000185KK,2025-11-01,1.0,observed
GSL000185KK,2025-12-01,1.0,observed
GSL000185KK,2026-01-01,1.0,observed
GSL000185KK,2026-02-01,1.0,observed
GSL000185KK,2026-03-01,1.0,observed
GSL000185KK,2026-04-01,1.0,observed
GSL000185KK,2026-05-01,1.0,observed
GSL000185KK,2026-06-01,1.0,observed
GSL000185KK,2026-07-01,1.0,observed
GSL000185KK,2026-08-01,1.0,observed
GSL000185KK,2026-09-01,1.0,observed
030200297_,2024-01-01,,blank
030200297_,2024-02-01,,blank
030200297_,2024-03-01,,blank
030200297_,2024-04-01,,blank
030200297_,2024-05-01,,blank
030200297_,2024-06-01,,blank
030200297_,2024-07-01,,blank
030200297_,2024-08-01,,blank
030200297_,2024-09-01,,blank
030200297_,2024-10-01,,blank
030200297_,2024-11-01,,blank
030200297_,2024-12-01,,blank
030200297_,2025-01-01,,blank
030200297_,2025-02-01,,blank
030200297_,2025-03-01,,blank
030200297_,2025-04-01,,blank
030200297_,2025-05-01,,blank
030200297_,2025-06-01,,blank
030200297_,2025-07-01,,blank
030200297_,2025-08-01,,blank
030200297_,2025-09-01,,blank
030200297_,2025-10-01,,blank
030200297_,2025-11-01,,blank
030200297_,2025-12-01,,blank
030200297_,2026-01-01,,blank
030200297_,2026-02-01,,blank
030200297_,2026-03-01,,blank
030200297_,2026-04-01,,blank
030200297_,2026-05-01,,blank
030200297_,2026-06-01,,blank
030200297_,2026-07-01,,blank
030200297_,2026-08-01,,blank
030200297_,2026-09-01,,blank
RA10-164-BI,2024-01-01,,blank
RA10-164-BI,2024-02-01,,blank
RA10-164-BI,2024-03-01,,blank
RA10-164-BI,2024-04-01,,blank
RA10-164-BI,2024-05-01,,blank
RA10-164-BI,2024-06-01,,blank
RA10-164-BI,2024-07-01,,blank
RA10-164-BI,2024-08-01,28.0,observed
RA10-164-BI,2024-09-01,28.0,observed
RA10-164-BI,2024-10-01,28.0,observed
RA10-164-BI,2024-11-01,28.0,observed
RA10-164-BI,2024-12-01,28.0,observed
RA10-164-BI,2025-01-01,28.0,observed
RA10-164-BI,2025-02-01,,blank
RA10-164-BI,2025-03-01,,blank
RA10-164-BI,2025-04-01,,blank
RA10-164-BI,2025-05-01,,blank
RA10-164-BI,2025-06-01,,blank
RA10-164-BI,2025-07-01,,blank
RA10-164-BI,2025-08-01,,blank
RA10-164-BI,2025-09-01,,blank
RA10-164-BI,2025-10-01,,blank
RA10-164-BI,2025-11-01,,blank
RA10-164-BI,2025-12-01,,blank
RA10-164-BI,2026-01-01,,blank
RA10-164-BI,2026-02-01,,blank
RA10-164-BI,2026-03-01,,blank
RA10-164-BI,2026-04-01,,blank
RA10-164-BI,2026-05-01,,blank
RA10-164-BI,2026-06-01,,blank
RA10-164-BI,2026-07-01,,blank
RA10-164-BI,2026-08-01,,blank
RA10-164-BI,2026-09-01,,blank
RA16-213-BI,2024-01-01,,blank
RA16-213-BI,2024-02-01,,blank
RA16-213-BI,2024-03-01,,blank
RA16-213-BI,2024-04-01,,blank
RA16-213-BI,2024-05-01,,blank
RA16-213-BI,2024-06-01,,blank
RA16-213-BI,2024-07-01,,blank
RA16-213-BI,2024-08-01,1.0,observed
RA16-213-BI,2024-09-01,1.0,observed
RA16-213-BI,2024-10-01,1.0,observed
RA16-213-BI,2024-11-01,1.0,observed
RA16-213-BI,2024-12-01,1.0,observed
RA16-213-BI,2025-01-01,1.0,observed
RA16-213-BI,2025-02-01,,blank
RA16-213-BI,2025-03-01,,blank
RA16-213-BI,2025-04-01,,blank
RA16-213-BI,2025-05-01,,blank
RA16-213-BI,2025-06-01,,blank
RA16-213-BI,2025-07-01,,blank
RA16-213-BI,2025-08-01,,blank
RA16-213-BI,2025-09-01,,blank
RA16-213-BI,2025-10-01,,blank
RA16-213-BI,2025-11-01,,blank
RA16-213-BI,2025-12-01,,blank
RA16-213-BI,2026-01-01,,blank
RA16-213-BI,2026-02-01,,blank
RA16-213-BI,2026-03-01,,blank
RA16-213-BI,2026-04-01,,blank
RA16-213-BI,2026-05-01,,blank
RA16-213-BI,2026-06-01,,blank
RA16-213-BI,2026-07-01,,blank
RA16-213-BI,2026-08-01,,blank
RA16-213-BI,2026-09-01,,blank
RS16-212-S,2024-01-01,,blank
RS16-212-S,2024-02-01,,blank
RS16-212-S,2024-03-01,,blank
RS16-212-S,2024-04-01,,blank
RS16-212-S,2024-05-01,,blank
RS16-212-S,2024-06-01,,blank
RS16-212-S,2024-07-01,,blank
RS16-212-S,2024-08-01,34.0,observed
RS16-212-S,2024-09-01,34.0,observed
RS16-212-S,2024-10-01,34.0,observed
RS16-212-S,2024-11-01,34.0,observed
RS16-212-S,2024-12-01,34.0,observed
RS16-212-S,2025-01-01,34.0,observed
RS16-212-S,2025-02-01,,blank
RS16-212-S,2025-03-01,,blank
RS16-212-S,2025-04-01,,blank
RS16-212-S,2025-05-01,,blank
RS16-212-S,2025-06-01,,blank
RS16-212-S,2025-07-01,,blank
RS16-212-S,2025-08-01,,blank
RS16-212-S,2025-09-01,,blank
RS16-212-S,2025-10-01,,blank
RS16-212-S,2025-11-01,,blank
RS16-212-S,2025-12-01,,blank
RS16-212-S,2026-01-01,,blank
RS16-212-S,2026-02-01,,blank
RS16-212-S,2026-03-01,,blank
RS16-212-S,2026-04-01,,blank
RS16-212-S,2026-05-01,,blank
RS16-212-S,2026-06-01,,blank
RS16-212-S,2026-07-01,,blank
RS16-212-S,2026-08-01,,blank
RS16-212-S,2026-09-01,,blank
RS6-253-18,2024-01-01,,blank
RS6-253-18,2024-02-01,,blank
RS6-253-18,2024-03-01,,blank
RS6-253-18,2024-04-01,,blank
RS6-253-18,2024-05-01,,blank
RS6-253-18,2024-06-01,,blank
RS6-253-18,2024-07-01,,blank
RS6-253-18,2024-08-01,248.0,observed
RS6-253-18,2024-09-01,248.0,observed
RS6-253-18,2024-10-01,248.0,observed
RS6-253-18,2024-11-01,248.0,observed
RS6-253-18,2024-12-01,248.0,observed
RS6-253-18,2025-01-01,248.0,observed
RS6-253-18,2025-02-01,,blank
RS6-253-18,2025-03-01,,blank
RS6-253-18,2025-04-01,,blank
RS6-253-18,2025-05-01,,blank
RS6-253-18,2025-06-01,,blank
RS6-253-18,2025-07-01,,blank
RS6-253-18,2025-08-01,,blank
RS6-253-18,2025-09-01,,blank
RS6-253-18,2025-10-01,,blank
RS6-253-18,2025-11-01,,blank
RS6-253-18,2025-12-01,,blank
RS6-253-18,2026-01-01,,blank
RS6-253-18,2026-02-01,,blank
RS6-253-18,2026-03-01,,blank
RS6-253-18,2026-04-01,,blank
RS6-253-18,2026-05-01,,blank
RS6-253-18,2026-06-01,,blank
RS6-253-18,2026-07-01,,blank
RS6-253-18,2026-08-01,,blank
RS6-253-18,2026-09-01,,blank
RSI-251KK5E-28,2024-01-01,,blank
RSI-251KK5E-28,2024-02-01,,blank
RSI-251KK5E-28,2024-03-01,,blank
RSI-251KK5E-28,2024-04-01,,blank
RSI-251KK5E-28,2024-05-01,,blank
RSI-251KK5E-28,2024-06-01,,blank
RSI-251KK5E-28,2024-07-01,,blank
RSI-251KK5E-28,2024-08-01,2.0,observed
RSI-251KK5E-28,2024-09-01,2.0,observed
RSI-251KK5E-28,2024-10-01,2.0,observed
RSI-251KK5E-28,2024-11-01,2.0,observed
RSI-251KK5E-28,2024-12-01,2.0,observed
RSI-251KK5E-28,2025-01-01,2.0,observed
RSI-251KK5E-28,2025-02-01,,blank
RSI-251KK5E-28,2025-03-01,,blank
RSI-251KK5E-28,2025-04-01,,blank
RSI-251KK5E-28,2025-05-01,,blank
RSI-251KK5E-28,2025-06-01,,blank
RSI-251KK5E-28,2025-07-01,,blank
RSI-251KK5E-28,2025-08-01,,blank
RSI-251KK5E-28,2025-09-01,,blank
RSI-251KK5E-28,2025-10-01,,blank
RSI-251KK5E-28,2025-11-01,,blank
RSI-251KK5E-28,2025-12-01,,blank
RSI-251KK5E-28,2026-01-01,,blank
RSI-251KK5E-28,2026-02-01,,blank
RSI-251KK5E-28,2026-03-01,,blank
RSI-251KK5E-28,2026-04-01,,blank
RSI-251KK5E-28,2026-05-01,,blank
RSI-251KK5E-28,2026-06-01,,blank
RSI-251KK5E-28,2026-07-01,,blank
RSI-251KK5E-28,2026-08-01,,blank
RSI-251KK5E-28,2026-09-01,,blank
WDE000381,2024-01-01,,blank
WDE000381,2024-02-01,,blank
WDE000381,2024-03-01,,blank
WDE000381,2024-04-01,,blank
WDE000381,2024-05-01,,blank
WDE000381,2024-06-01,,blank
WDE000381,2024-07-01,,blank
WDE000381,2024-08-01,12.0,observed
WDE000381,2024-09-01,12.0,observed
WDE000381,2024-10-01,12.0,observed
WDE000381,2024-11-01,12.0,observed
WDE000381,2024-12-01,12.0,observed
WDE000381,2025-01-01,12.0,observed
WDE000381,2025-02-01,,blank
WDE000381,2025-03-01,,blank
WDE000381,2025-04-01,,blank
WDE000381,2025-05-01,,blank
WDE000381,2025-06-01,,blank
WDE000381,2025-07-01,,blank
WDE000381,2025-08-01,,blank
WDE000381,2025-09-01,,blank
WDE000381,2025-10-01,,blank
WDE000381,2025-11-01,,blank
WDE000381,2025-12-01,,blank
WDE000381,2026-01-01,,blank
WDE000381,2026-02-01,,blank
WDE000381,2026-03-01,,blank
WDE000381,2026-04-01,,blank
WDE000381,2026-05-01,,blank
WDE000381,2026-06-01,,blank
WDE000381,2026-07-01,,blank
WDE000381,2026-08-01,,blank
WDE000381,2026-09-01,,blank
WDE000481,2024-01-01,,blank
WDE000481,2024-02-01,,blank
WDE000481,2024-03-01,,blank
WDE000481,2024-04-01,,blank
WDE000481,2024-05-01,,blank
WDE000481,2024-06-01,,blank
WDE000481,2024-07-01,,blank
WDE000481,2024-08-01,17.0,observed
WDE000481,2024-09-01,17.0,observed
WDE000481,2024-10-01,17.0,observed
WDE000481,2024-11-01,17.0,observed
WDE000481,2024-12-01,17.0,observed
WDE000481,2025-01-01,17.0,observed
WDE000481,2025-02-01,,blank
WDE000481,2025-03-01,,blank
WDE000481,2025-04-01,,blank
WDE000481,2025-05-01,,blank
WDE000481,2025-06-01,,blank
WDE000481,2025-07-01,,blank
WDE000481,2025-08-01,,blank
WDE000481,2025-09-01,,blank
WDE000481,2025-10-01,,blank
WDE000481,2025-11-01,,blank
WDE000481,2025-12-01,,blank
WDE000481,2026-01-01,,blank
WDE000481,2026-02-01,,blank
WDE000481,2026-03-01,,blank
WDE000481,2026-04-01,,blank
WDE000481,2026-05-01,,blank
WDE000481,2026-06-01,,blank
WDE000481,2026-07-01,,blank
WDE000481,2026-08-01,,blank
WDE000481,2026-09-01,,blank
030200140_,2024-01-01,67.0,observed
030200140_,2024-02-01,67.0,observed
030200140_,2024-03-01,67.0,observed
030200140_,2024-04-01,67.0,observed
030200140_,2024-05-01,67.0,observed
030200140_,2024-06-01,67.0,observed
030200140_,2024-07-01,67.0,observed
030200140_,2024-08-01,67.0,observed
030200140_,2024-09-01,67.0,observed
030200140_,2024-10-01,67.0,observed
030200140_,2024-11-01,67.0,observed
030200140_,2024-12-01,67.0,observed
030200140_,2025-01-01,67.0,observed
030200140_,2025-02-01,67.0,observed
030200140_,2025-03-01,67.0,observed
030200140_,2025-04-01,67.0,observed
030200140_,2025-05-01,67.0,observed
030200140_,2025-06-01,67.0,observed
030200140_,2025-07-01,67.0,observed
030200140_,2025-08-01,67.0,observed
030200140_,2025-09-01,67.0,observed
030200140_,2025-10-01,67.0,observed
030200140_,2025-11-01,67.0,observed
030200140_,2025-12-01,67.0,observed
030200140_,2026-01-01,67.0,observed
030200140_,2026-02-01,67.0,observed
030200140_,2026-03-01,67.0,observed
030200140_,2026-04-01,67.0,observed
030200140_,2026-05-01,67.0,observed
030200140_,2026-06-01,67.0,observed
030200140_,2026-07-01,67.0,observed
030200140_,2026-08-01,67.0,observed
030200140_,2026-09-01,67.0,observed
130300026_,2024-01-01,105.0,observed
130300026_,2024-02-01,805.0,observed
130300026_,2024-03-01,18.0,observed
130300026_,2024-04-01,1458.0,observed
130300026_,2024-05-01,2409.0,observed
130300026_,2024-06-01,4355.0,observed
130300026_,2024-07-01,4461.0,observed
130300026_,2024-08-01,3048.0,observed
130300026_,2024-09-01,2897.0,observed
130300026_,2024-10-01,1813.0,observed
130300026_,2024-11-01,1069.0,observed
130300026_,2024-12-01,1475.0,observed
130300026_,2025-01-01,1192.0,observed
130300026_,2025-02-01,715.0,observed
130300026_,2025-03-01,2056.0,observed
130300026_,2025-04-01,1923.0,observed
130300026_,2025-05-01,3966.0,observed
130300026_,2025-06-01,2644.0,observed
130300026_,2025-07-01,2510.0,observed
130300026_,2025-08-01,2551.0,observed
130300026_,2025-09-01,1496.0,observed
130300026_,2025-10-01,1946.0,observed
130300026_,2025-11-01,1962.0,observed
130300026_,2025-12-01,1868.0,observed
130300026_,2026-01-01,939.0,observed
130300026_,2026-02-01,792.0,observed
130300026_,2026-03-01,1140.0,observed
130300026_,2026-04-01,1280.0,observed
130300026_,2026-05-01,1387.0,observed
130300026_,2026-06-01,622.0,observed
130300026_,2026-07-01,336.0,observed
130300026_,2026-08-01,426.0,observed
130300026_,2026-09-01,247.0,observed
130300027_,2024-01-01,580.0,observed
130300027_,2024-02-01,229.0,observed
130300027_,2024-03-01,869.0,observed
130300027_,2024-04-01,491.0,observed
130300027_,2024-05-01,3133.0,observed
130300027_,2024-06-01,2908.0,observed
130300027_,2024-07-01,1750.0,observed
130300027_,2024-08-01,59.0,observed
130300027_,2024-09-01,1884.0,observed
130300027_,2024-10-01,2416.0,observed
130300027_,2024-11-01,1515.0,observed
130300027_,2024-12-01,3407.0,observed
130300027_,2025-01-01,3906.0,observed
130300027_,2025-02-01,3865.0,observed
130300027_,2025-03-01,2714.0,observed
130300027_,2025-04-01,2592.0,observed
130300027_,2025-05-01,6542.0,observed
130300027_,2025-06-01,5458.0,observed
130300027_,2025-07-01,5273.0,observed
130300027_,2025-08-01,5599.0,observed
130300027_,2025-09-01,3490.0,observed
130300027_,2025-10-01,2004.0,observed
130300027_,2025-11-01,865.0,observed
130300027_,2025-12-01,2545.0,observed
130300027_,2026-01-01,2469.0,observed
130300027_,2026-02-01,1675.0,observed
130300027_,2026-03-01,2266.0,observed
130300027_,2026-04-01,2621.0,observed
130300027_,2026-05-01,2614.0,observed
130300027_,2026-06-01,2509.0,observed
130300027_,2026-07-01,276.0,observed
130300027_,2026-08-01,15.0,observed
130300027_,2026-09-01,6.0,observed
130300028_,2024-01-01,990.0,observed
130300028_,2024-02-01,647.0,observed
130300028_,2024-03-01,27.0,observed
130300028_,2024-04-01,167.0,observed
130300028_,2024-05-01,2527.0,observed
130300028_,2024-06-01,2377.0,observed
130300028_,2024-07-01,687.0,observed
130300028_,2024-08-01,1902.0,observed
130300028_,2024-09-01,2366.0,observed
130300028_,2024-10-01,1693.0,observed
130300028_,2024-11-01,1231.0,observed
130300028_,2024-12-01,1355.0,observed
130300028_,2025-01-01,1330.0,observed
130300028_,2025-02-01,1250.0,observed
130300028_,2025-03-01,935.0,observed
130300028_,2025-04-01,2163.0,observed
130300028_,2025-05-01,2058.0,observed
130300028_,2025-06-01,934.0,observed
130300028_,2025-07-01,840.0,observed
130300028_,2025-08-01,1077.0,observed
130300028_,2025-09-01,907.0,observed
130300028_,2025-10-01,1149.0,observed
130300028_,2025-11-01,1149.0,observed
130300028_,2025-12-01,909.0,observed
130300028_,2026-01-01,415.0,observed
130300028_,2026-02-01,734.0,observed
130300028_,2026-03-01,1014.0,observed
130300028_,2026-04-01,919.0,observed
130300028_,2026-05-01,1046.0,observed
130300028_,2026-06-01,996.0,observed
130300028_,2026-07-01,996.0,observed
130300028_,2026-08-01,864.0,observed
130300028_,2026-09-01,196.0,observed
030200203_,2024-01-01,1.0,observed
030200203_,2024-02-01,1.0,observed
030200203_,2024-03-01,1751.0,observed
030200203_,2024-04-01,1652.0,observed
030200203_,2024-05-01,1453.0,observed
030200203_,2024-06-01,1063.0,observed
030200203_,2024-07-01,1.0,observed
030200203_,2024-08-01,7550.0,observed
030200203_,2024-09-01,5883.0,observed
030200203_,2024-10-01,3836.0,observed
030200203_,2024-11-01,3072.0,observed
030200203_,2024-12-01,3610.0,observed
030200203_,2025-01-01,6140.0,observed
030200203_,2025-02-01,5088.0,observed
030200203_,2025-03-01,5486.0,observed
030200203_,2025-04-01,11742.0,observed
030200203_,2025-05-01,10590.0,observed
030200203_,2025-06-01,8981.0,observed
030200203_,2025-07-01,8064.0,observed
030200203_,2025-08-01,7184.0,observed
030200203_,2025-09-01,5501.0,observed
030200203_,2025-10-01,6809.0,observed
030200203_,2025-11-01,5473.0,observed
030200203_,2025-12-01,6478.0,observed
030200203_,2026-01-01,5498.0,observed
030200203_,2026-02-01,4641.0,observed
030200203_,2026-03-01,3311.0,observed
030200203_,2026-04-01,2422.0,observed
030200203_,2026-05-01,3232.0,observed
030200203_,2026-06-01,2267.0,observed
030200203_,2026-07-01,3927.0,observed
030200203_,2026-08-01,5108.0,observed
030200203_,2026-09-01,4668.0,observed
RAT-1A3-B,2024-01-01,,blank
RAT-1A3-B,2024-02-01,,blank
RAT-1A3-B,2024-03-01,,blank
RAT-1A3-B,2024-04-01,,blank
RAT-1A3-B,2024-05-01,,blank
RAT-1A3-B,2024-06-01,,blank
RAT-1A3-B,2024-07-01,,blank
RAT-1A3-B,2024-08-01,471.0,observed
RAT-1A3-B,2024-09-01,471.0,observed
RAT-1A3-B,2024-10-01,471.0,observed
RAT-1A3-B,2024-11-01,471.0,observed
RAT-1A3-B,2024-12-01,471.0,observed
RAT-1A3-B,2025-01-01,471.0,observed
RAT-1A3-B,2025-02-01,471.0,observed
RAT-1A3-B,2025-03-01,471.0,observed
RAT-1A3-B,2025-04-01,471.0,observed
RAT-1A3-B,2025-05-01,471.0,observed
RAT-1A3-B,2025-06-01,3.0,observed
RAT-1A3-B,2025-07-01,3.0,observed
RAT-1A3-B,2025-08-01,3.0,observed
RAT-1A3-B,2025-09-01,3.0,observed
RAT-1A3-B,2025-10-01,3.0,observed
RAT-1A3-B,2025-11-01,3.0,observed
RAT-1A3-B,2025-12-01,3.0,observed
RAT-1A3-B,2026-01-01,,blank
RAT-1A3-B,2026-02-01,,blank
RAT-1A3-B,2026-03-01,,blank
RAT-1A3-B,2026-04-01,,blank
RAT-1A3-B,2026-05-01,,blank
RAT-1A3-B,2026-06-01,,blank
RAT-1A3-B,2026-07-01,,blank
RAT-1A3-B,2026-08-01,,blank
RAT-1A3-B,2026-09-01,,blank
RT-4A3-B,2024-01-01,,blank
RT-4A3-B,2024-02-01,,blank
RT-4A3-B,2024-03-01,,blank
RT-4A3-B,2024-04-01,,blank
RT-4A3-B,2024-05-01,,blank
RT-4A3-B,2024-06-01,,blank
RT-4A3-B,2024-07-01,,blank
RT-4A3-B,2024-08-01,731.0,observed
RT-4A3-B,2024-09-01,731.0,observed
RT-4A3-B,2024-10-01,731.0,observed
RT-4A3-B,2024-11-01,731.0,observed
RT-4A3-B,2024-12-01,731.0,observed
RT-4A3-B,2025-01-01,731.0,observed
RT-4A3-B,2025-02-01,,blank
RT-4A3-B,2025-03-01,,blank
RT-4A3-B,2025-04-01,,blank
RT-4A3-B,2025-05-01,,blank
RT-4A3-B,2025-06-01,,blank
RT-4A3-B,2025-07-01,,blank
RT-4A3-B,2025-08-01,,blank
RT-4A3-B,2025-09-01,,blank
RT-4A3-B,2025-10-01,,blank
RT-4A3-B,2025-11-01,,blank
RT-4A3-B,2025-12-01,,blank
RT-4A3-B,2026-01-01,,blank
RT-4A3-B,2026-02-01,,blank
RT-4A3-B,2026-03-01,,blank
RT-4A3-B,2026-04-01,,blank
RT-4A3-B,2026-05-01,,blank
RT-4A3-B,2026-06-01,,blank
RT-4A3-B,2026-07-01,,blank
RT-4A3-B,2026-08-01,,blank
RT-4A3-B,2026-09-01,,blank
030200295_,2024-01-01,,blank
030200295_,2024-02-01,,blank
030200295_,2024-03-01,,blank
030200295_,2024-04-01,,blank
030200295_,2024-05-01,,blank
030200295_,2024-06-01,,blank
030200295_,2024-07-01,,blank
030200295_,2024-08-01,,blank
030200295_,2024-09-01,,blank
030200295_,2024-10-01,,blank
030200295_,2024-11-01,,blank
030200295_,2024-12-01,,blank
030200295_,2025-01-01,,blank
030200295_,2025-02-01,,blank
030200295_,2025-03-01,,blank
030200295_,2025-04-01,,blank
030200295_,2025-05-01,,blank
030200295_,2025-06-01,,blank
030200295_,2025-07-01,,blank
030200295_,2025-08-01,,blank
030200295_,2025-09-01,,blank
030200295_,2025-10-01,,blank
030200295_,2025-11-01,,blank
030200295_,2025-12-01,,blank
030200295_,2026-01-01,,blank
030200295_,2026-02-01,,blank
030200295_,2026-03-01,,blank
030200295_,2026-04-01,,blank
030200295_,2026-05-01,,blank
030200295_,2026-06-01,,blank
030200295_,2026-07-01,,blank
030200295_,2026-08-01,,blank
030200295_,2026-09-01,,blank
030200296_,2024-01-01,,blank
030200296_,2024-02-01,,blank
030200296_,2024-03-01,,blank
030200296_,2024-04-01,,blank
030200296_,2024-05-01,,blank
030200296_,2024-06-01,,blank
030200296_,2024-07-01,,blank
030200296_,2024-08-01,,blank
030200296_,2024-09-01,,blank
030200296_,2024-10-01,,blank
030200296_,2024-11-01,,blank
030200296_,2024-12-01,,blank
030200296_,2025-01-01,,blank
030200296_,2025-02-01,,blank
030200296_,2025-03-01,,blank
030200296_,2025-04-01,,blank
030200296_,2025-05-01,,blank
030200296_,2025-06-01,,blank
030200296_,2025-07-01,,blank
030200296_,2025-08-01,,blank
030200296_,2025-09-01,,blank
030200296_,2025-10-01,,blank
030200296_,2025-11-01,,blank
030200296_,2025-12-01,,blank
030200296_,2026-01-01,,blank
030200296_,2026-02-01,,blank
030200296_,2026-03-01,,blank
030200296_,2026-04-01,,blank
030200296_,2026-05-01,,blank
030200296_,2026-06-01,,blank
030200296_,2026-07-01,,blank
030200296_,2026-08-01,,blank
030200296_,2026-09-01,,blank
