sku,unit,target_month,predicted_qty,level_qty,seasonal_factor,trend_per_month,months_from_level_anchor,trend_contribution_qty,deseasonalized_forecast,damping,status,warnings,model,supplier_id
0000352,шт,2026-09-01,,,1.0,0.0,,,,0.0,insufficient_history,,decomposition,IEK
010300001_,шт,2026-09-01,8.218407349591839,10.6183420267484,0.7739821649075774,0.0,3.0,0.0,10.6183420267484,0.0,forecast,insufficient_recent_history,decomposition,IEK
010300002_,шт,2026-09-01,180.5052226357427,181.73050977436037,0.9932576696112337,-0.0,2.0,-0.0,181.73050977436037,0.0,forecast,,decomposition,IEK
010300003_,шт,2026-09-01,104.31495530993865,116.46530887637414,0.895674053641734,0.0,2.0,0.0,116.46530887637414,0.0,forecast,unstable_trend_disabled,decomposition,IEK
010300004_,шт,2026-09-01,6.15379740050233,7.885808355227691,0.7803635497206612,-0.0,2.0,-0.0,7.885808355227691,0.0,forecast,,decomposition,IEK
010300005_,шт,2026-09-01,104.10426140358624,113.07920455422266,0.9206313558180997,0.0,2.0,0.0,113.07920455422266,0.0,forecast,unstable_trend_disabled,decomposition,IEK
010300006_,шт,2026-09-01,131.38049572983059,109.48075638274963,1.2000327735270524,0.0,2.0,0.0,109.48075638274963,0.0,forecast,unstable_trend_disabled,decomposition,IEK
010300007_,шт,2026-09-01,42.23824535242654,42.032054424832374,1.0049055638706146,0.0,2.0,0.0,42.032054424832374,0.0,forecast,unstable_trend_disabled,decomposition,IEK
010300008_,шт,2026-09-01,32.033376312273646,24.288504025196534,1.3188698768373177,0.0,2.0,0.0,24.288504025196534,0.0,forecast,,decomposition,IEK
010300009_,шт,2026-09-01,19.01126120861862,26.99267744855287,0.7043117988148245,0.0,2.0,0.0,26.99267744855287,0.0,forecast,unstable_trend_disabled,decomposition,IEK
010300010_,шт,2026-09-01,15.366991218769856,18.45376563431562,0.8327292934832896,0.0,2.0,0.0,18.45376563431562,0.0,forecast,unstable_trend_disabled,decomposition,IEK
010300011_,шт,2026-09-01,15.67865304403532,18.911301040683302,0.8290626335177212,0.0,2.0,0.0,18.911301040683302,0.0,forecast,unstable_trend_disabled,decomposition,IEK
010300012_,шт,2026-09-01,11.666666666666666,11.666666666666666,1.0,0.0,2.0,0.0,11.666666666666666,0.0,forecast,neutral_seasonality_insufficient_evidence;unstable_trend_disabled,decomposition,IEK
010300013_,шт,2026-09-01,13.057601254969148,18.469148926244227,0.7069952874988519,0.0,2.0,0.0,18.469148926244227,0.0,forecast,unstable_trend_disabled,decomposition,IEK
010300014_,шт,2026-09-01,68.88376775137557,80.52971262284098,0.8553832555443366,0.0,2.0,0.0,80.52971262284098,0.0,forecast,unstable_trend_disabled,decomposition,IEK
010300015_,шт,2026-09-01,178.06522207416174,169.0954466148462,1.0530456356979634,0.0,2.0,0.0,169.0954466148462,0.0,forecast,unstable_trend_disabled,decomposition,IEK
010300016_,шт,2026-09-01,79.34488590594198,87.27864353433834,0.9090985227643352,0.0,2.0,0.0,87.27864353433834,0.0,forecast,unstable_trend_disabled,decomposition,IEK
010300017_,шт,2026-09-01,130.53451339219123,147.41786292997912,0.8854728375366071,0.0,2.0,0.0,147.41786292997912,0.0,forecast,,decomposition,IEK
010300018_,шт,2026-09-01,30.416152531242943,28.73341634769245,1.0585637351016086,0.0,2.0,0.0,28.73341634769245,0.0,forecast,,decomposition,IEK
010300019_,шт,2026-09-01,9.666666666666666,9.666666666666666,1.0,0.0,2.0,0.0,9.666666666666666,0.0,forecast,neutral_seasonality_insufficient_evidence;unstable_trend_disabled,decomposition,IEK
010300020_,шт,2026-09-01,8.095099619756517,11.537651908665877,0.701624531909853,0.0,2.0,0.0,11.537651908665877,0.0,forecast,unstable_trend_disabled,decomposition,IEK
010300021_,шт,2026-09-01,27.00080806185733,22.27730307772487,1.212032173178786,0.0,2.0,0.0,22.27730307772487,0.0,forecast,unstable_trend_disabled,decomposition,IEK
010300023_,шт,2026-09-01,26.96577610552859,17.262753424162266,1.562078507579517,0.0,2.0,0.0,17.262753424162266,0.0,forecast,unstable_trend_disabled,decomposition,IEK
010300024_,шт,2026-09-01,1.0,1.0,1.0,0.0,2.0,0.0,1.0,0.0,forecast,neutral_seasonality_insufficient_evidence;insufficient_recent_history,decomposition,IEK
010300052_,шт,2026-09-01,2.0,2.0,1.0,0.0,2.5,0.0,2.0,0.0,forecast,neutral_seasonality_insufficient_evidence;unstable_trend_disabled,decomposition,IEK
010300053_,шт,2026-09-01,866.880272247788,828.2775257752127,1.0466060532506247,0.0,2.0,0.0,828.2775257752127,0.0,forecast,unstable_trend_disabled,decomposition,IEK
010300057_,шт,2026-09-01,107.9166670962675,99.53820015971871,1.0841733819087016,0.0,2.0,0.0,99.53820015971871,0.0,forecast,unstable_trend_disabled,decomposition,IEK
010300066_,,2026-09-01,,,1.0,0.0,,,,0.0,insufficient_history,,decomposition,IEK
010300068_,шт,2026-09-01,1.0,1.0,1.0,0.0,1.0,0.0,1.0,0.0,forecast,neutral_seasonality_insufficient_evidence;insufficient_recent_history,decomposition,IEK
010300069_,шт,2026-09-01,1.8333333333333333,1.8333333333333333,1.0,0.0,19.0,0.0,1.8333333333333333,0.0,forecast,neutral_seasonality_insufficient_evidence;insufficient_recent_history;all_known_history_stale,decomposition,IEK
010300074_,шт,2026-09-01,117.78837813127278,83.37318580847578,1.4127849018730712,0.0,2.0,0.0,83.37318580847578,0.0,forecast,unstable_trend_disabled,decomposition,IEK
010300075_,шт,2026-09-01,926.0855835794341,823.6076971276598,1.1244256055512436,0.0,2.0,0.0,823.6076971276598,0.0,forecast,unstable_trend_disabled,decomposition,IEK
010300094_,шт,2026-09-01,14.5,14.5,1.0,0.0,2.5,0.0,14.5,0.0,forecast,neutral_seasonality_insufficient_evidence;unstable_trend_disabled,decomposition,IEK
010300095_,шт,2026-09-01,77.66666666666667,77.66666666666667,1.0,0.0,2.0,0.0,77.66666666666667,0.0,forecast,neutral_seasonality_insufficient_evidence;unstable_trend_disabled,decomposition,IEK
010300096_,шт,2026-09-01,261.0,261.0,1.0,0.0,2.0,0.0,261.0,0.0,forecast,neutral_seasonality_insufficient_evidence;unstable_trend_disabled,decomposition,IEK
010300103_,шт,2026-09-01,1.0,1.0,1.0,0.0,5.0,0.0,1.0,0.0,forecast,neutral_seasonality_insufficient_evidence;insufficient_recent_history;6_calendar_months,decomposition,IEK
010300108_,шт,2026-09-01,,,1.0,0.0,,,,0.0,insufficient_history,,decomposition,IEK
010300115_,шт,2026-09-01,,,1.0,0.0,,,,0.0,insufficient_history,,decomposition,IEK
010300121_,шт,2026-09-01,186.66727434038086,211.38571184341436,0.8830647668308638,0.0,2.0,0.0,211.38571184341436,0.0,forecast,unstable_trend_disabled,decomposition,IEK
010300122_,шт,2026-09-01,1.0,1.0,1.0,0.0,4.0,0.0,1.0,0.0,forecast,neutral_seasonality_insufficient_evidence;insufficient_recent_history;6_calendar_months,decomposition,IEK
010300123_,шт,2026-09-01,47.0,47.0,1.0,0.0,3.0,0.0,47.0,0.0,forecast,neutral_seasonality_insufficient_evidence;unstable_trend_disabled,decomposition,IEK
010300124_,шт,2026-09-01,2.5,2.5,1.0,0.0,2.0,0.0,2.5,0.0,forecast,neutral_seasonality_insufficient_evidence;insufficient_recent_history,decomposition,IEK
010300125_,шт,2026-09-01,3.3333333333333335,3.3333333333333335,1.0,0.0,23.33333333333212,0.0,3.3333333333333335,0.0,forecast,neutral_seasonality_insufficient_evidence;insufficient_recent_history;all_known_history_stale,decomposition,IEK
010300127_,шт,2026-09-01,8.666666666666666,8.666666666666666,1.0,0.0,21.33333333333212,0.0,8.666666666666666,0.0,forecast,neutral_seasonality_insufficient_evidence;insufficient_recent_history;all_known_history_stale,decomposition,IEK
010300130_,шт,2026-09-01,,,1.0,0.0,,,,0.0,insufficient_history,,decomposition,IEK
010300131_,шт,2026-09-01,1.0,1.0,1.0,0.0,4.5,0.0,1.0,0.0,forecast,neutral_seasonality_insufficient_evidence;insufficient_recent_history;6_calendar_months,decomposition,IEK
010300142_,шт,2026-09-01,2.0,2.0,1.0,0.0,5.0,0.0,2.0,0.0,forecast,neutral_seasonality_insufficient_evidence;insufficient_recent_history;6_calendar_months,decomposition,IEK
010300144_,шт,2026-09-01,,,1.0,0.0,,,,0.0,insufficient_history,,decomposition,IEK
010300150_,шт,2026-09-01,1.0,1.0,1.0,0.0,2.5,0.0,1.0,0.0,forecast,neutral_seasonality_insufficient_evidence;insufficient_recent_history,decomposition,IEK
010300153_,шт,2026-09-01,,,1.0,0.0,,,,0.0,insufficient_history,,decomposition,IEK
010300156_,шт,2026-09-01,,,1.0,0.0,,,,0.0,insufficient_history,,decomposition,IEK
010300157_,шт,2026-09-01,,,1.0,0.0,,,,0.0,insufficient_history,,decomposition,IEK
010300159_,шт,2026-09-01,,,1.0,0.0,,,,0.0,insufficient_history,,decomposition,IEK
010300160_,шт,2026-09-01,,,1.0,0.0,,,,0.0,insufficient_history,,decomposition,IEK
010300161_,шт,2026-09-01,,,1.0,0.0,,,,0.0,insufficient_history,,decomposition,IEK
010300162_,шт,2026-09-01,,,1.0,0.0,,,,0.0,insufficient_history,,decomposition,IEK
010300163_,шт,2026-09-01,,,1.0,0.0,,,,0.0,insufficient_history,,decomposition,IEK
010300164_,,2026-09-01,,,1.0,0.0,,,,0.0,insufficient_history,,decomposition,IEK
010300165_,шт,2026-09-01,,,1.0,0.0,,,,0.0,insufficient_history,,decomposition,IEK
010300166_,шт,2026-09-01,,,1.0,0.0,,,,0.0,insufficient_history,,decomposition,IEK
010300167_,шт,2026-09-01,,,1.0,0.0,,,,0.0,insufficient_history,,decomposition,IEK
010300168_,шт,2026-09-01,,,1.0,0.0,,,,0.0,insufficient_history,,decomposition,IEK
010300169_,шт,2026-09-01,10.0,10.0,1.0,0.0,22.799999999999272,0.0,10.0,0.0,forecast,neutral_seasonality_insufficient_evidence;insufficient_recent_history;all_known_history_stale,decomposition,IEK
010300170_,,2026-09-01,,,1.0,0.0,,,,0.0,insufficient_history,,decomposition,IEK
010300171_,шт,2026-09-01,,,1.0,0.0,,,,0.0,insufficient_history,,decomposition,IEK
010300184_,шт,2026-09-01,,,1.0,0.0,,,,0.0,insufficient_history,,decomposition,IEK
010300185_,шт,2026-09-01,,,1.0,0.0,,,,0.0,insufficient_history,,decomposition,IEK
010300188_,шт,2026-09-01,1.0,1.0,1.0,0.0,5.0,0.0,1.0,0.0,forecast,neutral_seasonality_insufficient_evidence;insufficient_recent_history;6_calendar_months,decomposition,IEK
010300189_,шт,2026-09-01,,,1.0,0.0,,,,0.0,insufficient_history,,decomposition,IEK
010300191_,шт,2026-09-01,,,1.0,0.0,,,,0.0,insufficient_history,,decomposition,IEK
010300200_,шт,2026-09-01,,,1.0,0.0,,,,0.0,insufficient_history,,decomposition,IEK
010300239_,шт,2026-09-01,5.0,5.0,1.0,0.0,4.0,0.0,5.0,0.0,forecast,neutral_seasonality_insufficient_evidence;insufficient_recent_history;6_calendar_months,decomposition,IEK
010300242_,шт,2026-09-01,6.0,6.0,1.0,0.0,3.0,0.0,6.0,0.0,forecast,neutral_seasonality_insufficient_evidence;insufficient_recent_history,decomposition,IEK
010300250_,шт,2026-09-01,,,1.0,0.0,,,,0.0,insufficient_history,,decomposition,IEK
010300251_,шт,2026-09-01,1.0,1.0,1.0,0.0,2.0,0.0,1.0,0.0,forecast,neutral_seasonality_insufficient_evidence;insufficient_recent_history,decomposition,IEK
010300252_,шт,2026-09-01,1.0,1.0,1.0,0.0,2.0,0.0,1.0,0.0,forecast,neutral_seasonality_insufficient_evidence;insufficient_recent_history,decomposition,IEK
010400842_,шт,2026-09-01,,,1.0,0.0,,,,0.0,insufficient_history,,decomposition,IEK
010400849_,шт,2026-09-01,6.666666666666667,6.666666666666667,1.0,0.0,2.0,0.0,6.666666666666667,0.0,forecast,neutral_seasonality_insufficient_evidence;unstable_trend_disabled,decomposition,IEK
010400850_,шт,2026-09-01,6.0,6.0,1.0,0.0,2.5,0.0,6.0,0.0,forecast,neutral_seasonality_insufficient_evidence;unstable_trend_disabled,decomposition,IEK
010400854_,шт,2026-09-01,21.0,21.0,1.0,0.0,2.0,0.0,21.0,0.0,forecast,neutral_seasonality_insufficient_evidence;unstable_trend_disabled,decomposition,IEK
010400865_,шт,2026-09-01,13.666666666666666,13.666666666666666,1.0,0.0,2.0,0.0,13.666666666666666,0.0,forecast,neutral_seasonality_insufficient_evidence;unstable_trend_disabled,decomposition,IEK
010400867_,шт,2026-09-01,19.333333333333332,19.333333333333332,1.0,0.0,2.0,0.0,19.333333333333332,0.0,forecast,neutral_seasonality_insufficient_evidence,decomposition,IEK
010400925_,шт,2026-09-01,12.0,12.0,1.0,0.0,2.0,0.0,12.0,0.0,forecast,neutral_seasonality_insufficient_evidence;unstable_trend_disabled,decomposition,IEK
010400926_,шт,2026-09-01,2.0,2.0,1.0,0.0,1.0,0.0,2.0,0.0,forecast,neutral_seasonality_insufficient_evidence;insufficient_recent_history,decomposition,IEK
010400927_,шт,2026-09-01,8.666666666666666,8.666666666666666,1.0,0.0,2.0,0.0,8.666666666666666,0.0,forecast,neutral_seasonality_insufficient_evidence;unstable_trend_disabled,decomposition,IEK
010400928_,шт,2026-09-01,8.0,8.0,1.0,0.0,2.5,0.0,8.0,0.0,forecast,neutral_seasonality_insufficient_evidence;insufficient_recent_history,decomposition,IEK
010400929_,шт,2026-09-01,11.5,11.5,1.0,0.0,2.0,0.0,11.5,0.0,forecast,neutral_seasonality_insufficient_evidence,decomposition,IEK
010400930_,шт,2026-09-01,3.0,3.0,1.0,0.0,2.0,0.0,3.0,0.0,forecast,neutral_seasonality_insufficient_evidence;insufficient_recent_history,decomposition,IEK
010400931_,шт,2026-09-01,3.6666666666666665,3.6666666666666665,1.0,0.0,2.0,0.0,3.6666666666666665,0.0,forecast,neutral_seasonality_insufficient_evidence;unstable_trend_disabled,decomposition,IEK
010400932_,шт,2026-09-01,2.6666666666666665,2.6666666666666665,1.0,0.0,2.0,0.0,2.6666666666666665,0.0,forecast,neutral_seasonality_insufficient_evidence;unstable_trend_disabled,decomposition,IEK
010400933_,шт,2026-09-01,6.0,6.0,1.0,0.0,2.0,0.0,6.0,0.0,forecast,neutral_seasonality_insufficient_evidence,decomposition,IEK
010400934_,шт,2026-09-01,17.666666666666668,17.666666666666668,1.0,0.0,2.0,0.0,17.666666666666668,0.0,forecast,neutral_seasonality_insufficient_evidence;unstable_trend_disabled,decomposition,IEK
010400939_,шт,2026-09-01,,,1.0,0.0,,,,0.0,insufficient_history,,decomposition,IEK
010400940_,шт,2026-09-01,,,1.0,0.0,,,,0.0,insufficient_history,,decomposition,IEK
010400941_,шт,2026-09-01,,,1.0,0.0,,,,0.0,insufficient_history,,decomposition,IEK
010400942_,шт,2026-09-01,,,1.0,0.0,,,,0.0,insufficient_history,,decomposition,IEK
010400943_,шт,2026-09-01,,,1.0,0.0,,,,0.0,insufficient_history,,decomposition,IEK
010400944_,шт,2026-09-01,,,1.0,0.0,,,,0.0,insufficient_history,,decomposition,IEK
010400945_,шт,2026-09-01,,,1.0,0.0,,,,0.0,insufficient_history,,decomposition,IEK
010400946_,шт,2026-09-01,,,1.0,0.0,,,,0.0,insufficient_history,,decomposition,IEK
010400947_,шт,2026-09-01,,,1.0,0.0,,,,0.0,insufficient_history,,decomposition,IEK
010400948_,шт,2026-09-01,,,1.0,0.0,,,,0.0,insufficient_history,,decomposition,IEK
010400949_,шт,2026-09-01,,,1.0,0.0,,,,0.0,insufficient_history,,decomposition,IEK
010400950_,шт,2026-09-01,,,1.0,0.0,,,,0.0,insufficient_history,,decomposition,IEK
010400951_,шт,2026-09-01,,,1.0,0.0,,,,0.0,insufficient_history,,decomposition,IEK
010400952_,шт,2026-09-01,,,1.0,0.0,,,,0.0,insufficient_history,,decomposition,IEK
010400953_,шт,2026-09-01,,,1.0,0.0,,,,0.0,insufficient_history,,decomposition,IEK
010400954_,шт,2026-09-01,,,1.0,0.0,,,,0.0,insufficient_history,,decomposition,IEK
010400955_,шт,2026-09-01,,,1.0,0.0,,,,0.0,insufficient_history,,decomposition,IEK
010400956_,шт,2026-09-01,,,1.0,0.0,,,,0.0,insufficient_history,,decomposition,IEK
010400957_,шт,2026-09-01,,,1.0,0.0,,,,0.0,insufficient_history,,decomposition,IEK
010400958_,шт,2026-09-01,,,1.0,0.0,,,,0.0,insufficient_history,,decomposition,IEK
010500001_,шт,2026-09-01,45.800973791444235,39.266755190131484,1.1664058710650715,0.0,2.0,0.0,39.266755190131484,0.0,forecast,unstable_trend_disabled,decomposition,IEK
010500002_,шт,2026-09-01,,,1.0,0.0,,,,0.0,insufficient_history,,decomposition,IEK
010500003_,шт,2026-09-01,36.18270894477121,18.92406651055752,1.911994386861053,0.0,2.0,0.0,18.92406651055752,0.0,forecast,unstable_trend_disabled,decomposition,IEK
010500004_,шт,2026-09-01,1578.6394978756546,1687.050656899515,0.9357392390201845,0.0,2.0,0.0,1687.050656899515,0.0,forecast,unstable_trend_disabled,decomposition,IEK
010500005_,шт,2026-09-01,3707.6735581804705,3337.6790136603954,1.1108538427469412,0.0,2.0,0.0,3337.6790136603954,0.0,forecast,unstable_trend_disabled,decomposition,IEK
010500006_,шт,2026-09-01,26388.810306398784,22397.02531834651,1.178228355387106,0.0,2.0,0.0,22397.02531834651,0.0,forecast,unstable_trend_disabled,decomposition,IEK
010500007_,шт,2026-09-01,720.0830794948077,668.6412550280062,1.0769348646676713,0.0,2.0,0.0,668.6412550280062,0.0,forecast,unstable_trend_disabled,decomposition,IEK
010500008_,шт,2026-09-01,16575.9552732637,13943.343577724125,1.1888077763317424,0.0,2.0,0.0,13943.343577724125,0.0,forecast,unstable_trend_disabled,decomposition,IEK
010500009_,шт,2026-09-01,3231.875933506705,3044.7149150801183,1.0614707858195853,0.0,2.0,0.0,3044.7149150801183,0.0,forecast,,decomposition,IEK
010500010_,шт,2026-09-01,753.2843110935306,721.250090680686,1.0444148580731714,0.0,2.0,0.0,721.250090680686,0.0,forecast,unstable_trend_disabled,decomposition,IEK
010500011_,шт,2026-09-01,239.7743781654207,314.3332006035266,0.762803221883812,0.0,2.0,0.0,314.3332006035266,0.0,forecast,unstable_trend_disabled,decomposition,IEK
010500012_,шт,2026-09-01,332.63693384360664,439.4938964975565,0.7568636026449483,0.0,2.0,0.0,439.4938964975565,0.0,forecast,unstable_trend_disabled,decomposition,IEK
010500014_,,2026-09-01,,,1.0,0.0,,,,0.0,insufficient_history,,decomposition,IEK
010500015_,,2026-09-01,,,1.0,0.0,,,,0.0,insufficient_history,,decomposition,IEK
010500017_,шт,2026-09-01,25.5,25.5,1.0,0.0,14.75,0.0,25.5,0.0,forecast,neutral_seasonality_insufficient_evidence;insufficient_recent_history;all_known_history_stale,decomposition,IEK
010500018_,шт,2026-09-01,274.01261738845756,246.25951561499903,1.1126985964548375,0.0,2.0,0.0,246.25951561499903,0.0,forecast,unstable_trend_disabled,decomposition,IEK
010500019_,шт,2026-09-01,2496.9766103871684,2245.836795807911,1.1118246058876744,0.0,2.0,0.0,2245.836795807911,0.0,forecast,unstable_trend_disabled,decomposition,IEK
010500020_,шт,2026-09-01,46.21312468914405,45.23146454540248,1.021703036892741,0.0,1.0,0.0,45.23146454540248,0.0,forecast,insufficient_recent_history,decomposition,IEK
010500021_,шт,2026-09-01,4545.607943497566,4592.937998207984,0.9896950373096951,0.0,2.0,0.0,4592.937998207984,0.0,forecast,,decomposition,IEK
010500022_,шт,2026-09-01,1261.8302016081786,1205.9705284869015,1.0463192688393164,0.0,2.0,0.0,1205.9705284869015,0.0,forecast,unstable_trend_disabled,decomposition,IEK
010500023_,шт,2026-09-01,590.3416607760944,646.4325455752618,0.9132301039248388,0.0,2.0,0.0,646.4325455752618,0.0,forecast,unstable_trend_disabled,decomposition,IEK
010500024_,шт,2026-09-01,206.27770844130026,171.38733143591924,1.203576172830641,0.0,2.0,0.0,171.38733143591924,0.0,forecast,unstable_trend_disabled,decomposition,IEK
010500025_,шт,2026-09-01,207.98824135608237,227.8758353603304,0.9127261827793166,0.0,2.0,0.0,227.8758353603304,0.0,forecast,unstable_trend_disabled,decomposition,IEK
010500027_,,2026-09-01,,,1.0,0.0,,,,0.0,insufficient_history,,decomposition,IEK
010500028_,,2026-09-01,,,1.0,0.0,,,,0.0,insufficient_history,,decomposition,IEK
010500029_,шт,2026-09-01,3.3333333333333335,3.3333333333333335,1.0,0.0,19.111111111109494,0.0,3.3333333333333335,0.0,forecast,neutral_seasonality_insufficient_evidence;insufficient_recent_history;all_known_history_stale,decomposition,IEK
010500030_,шт,2026-09-01,20.333333333333332,20.333333333333332,1.0,0.0,18.66666666666788,0.0,20.333333333333332,0.0,forecast,neutral_seasonality_insufficient_evidence;insufficient_recent_history;all_known_history_stale,decomposition,IEK
010500031_,шт,2026-09-01,62.4,62.4,1.0,0.0,22.599999999998545,0.0,62.4,0.0,forecast,neutral_seasonality_insufficient_evidence;insufficient_recent_history;all_known_history_stale,decomposition,IEK
010500032_,шт,2026-09-01,96.48730685926431,82.82160073099992,1.165001714620922,-0.0,2.0,-0.0,82.82160073099992,0.0,forecast,,decomposition,IEK
010500033_,шт,2026-09-01,853.58087880981,771.3059041016055,1.1066697068837246,0.0,2.0,0.0,771.3059041016055,0.0,forecast,unstable_trend_disabled,decomposition,IEK
010500034_,шт,2026-09-01,105.50001522899883,70.35367388047439,1.4995665387458719,0.0,2.0,0.0,70.35367388047439,0.0,forecast,unstable_trend_disabled,decomposition,IEK
010500035_,шт,2026-09-01,1675.55866505295,1565.6366126637058,1.0702091733804229,0.0,2.0,0.0,1565.6366126637058,0.0,forecast,unstable_trend_disabled,decomposition,IEK
010500036_,шт,2026-09-01,1463.9883029270784,1435.0172365913938,1.020188653903907,0.0,2.0,0.0,1435.0172365913938,0.0,forecast,unstable_trend_disabled,decomposition,IEK
010500037_,шт,2026-09-01,782.54065575022,829.1575889010186,0.9437779575622223,0.0,2.0,0.0,829.1575889010186,0.0,forecast,unstable_trend_disabled,decomposition,IEK
010500038_,шт,2026-09-01,378.1728435534135,384.1801455926572,0.9843633198952108,0.0,2.0,0.0,384.1801455926572,0.0,forecast,unstable_trend_disabled,decomposition,IEK
010500039_,шт,2026-09-01,1264.629352454898,1269.6825500107286,0.9960201094708375,0.0,2.0,0.0,1269.6825500107286,0.0,forecast,unstable_trend_disabled,decomposition,IEK
010500040_,шт,2026-09-01,4.101556842666675,6.802045854902135,0.6029887081267973,0.0,2.0,0.0,6.802045854902135,0.0,forecast,unstable_trend_disabled,decomposition,IEK
010500041_,шт,2026-09-01,9.333333333333334,9.333333333333334,1.0,0.0,2.0,0.0,9.333333333333334,0.0,forecast,neutral_seasonality_insufficient_evidence;unstable_trend_disabled,decomposition,IEK
010500042_,шт,2026-09-01,29.70929306574362,24.06718417432397,1.2344316165344729,0.0,2.0,0.0,24.06718417432397,0.0,forecast,unstable_trend_disabled,decomposition,IEK
010500044_,шт,2026-09-01,12.740185746724103,16.175764513327064,0.7876094966780446,0.0,2.0,0.0,16.175764513327064,0.0,forecast,unstable_trend_disabled,decomposition,IEK
010500045_,,2026-09-01,,,1.0,0.0,,,,0.0,insufficient_history,,decomposition,IEK
010500046_,шт,2026-09-01,9.0,9.0,1.0,0.0,2.0,0.0,9.0,0.0,forecast,neutral_seasonality_insufficient_evidence;unstable_trend_disabled,decomposition,IEK
010500047_,шт,2026-09-01,7.0,7.0,1.0,0.0,2.5,0.0,7.0,0.0,forecast,neutral_seasonality_insufficient_evidence;unstable_trend_disabled,decomposition,IEK
010500048_,шт,2026-09-01,53.64402719501151,41.08762811499164,1.3056004850140868,0.0,2.0,0.0,41.08762811499164,0.0,forecast,unstable_trend_disabled,decomposition,IEK
010500050_,шт,2026-09-01,1.0,1.0,1.0,0.0,19.400000000001455,0.0,1.0,0.0,forecast,neutral_seasonality_insufficient_evidence;insufficient_recent_history;all_known_history_stale,decomposition,IEK
010500053_,шт,2026-09-01,1.0,1.0,1.0,0.0,5.0,0.0,1.0,0.0,forecast,neutral_seasonality_insufficient_evidence;insufficient_recent_history;6_calendar_months,decomposition,IEK
010500054_,шт,2026-09-01,13.333333333333334,13.333333333333334,1.0,0.0,2.0,0.0,13.333333333333334,0.0,forecast,neutral_seasonality_insufficient_evidence;flat_or_unstable,decomposition,IEK
010500063_,шт,2026-09-01,16.887233063591417,10.486262333070565,1.610414895909488,0.0,2.0,0.0,10.486262333070565,0.0,forecast,unstable_trend_disabled,decomposition,IEK
010500068_,шт,2026-09-01,3.300535286789333,4.100151853675702,0.804978792146557,0.0,2.0,0.0,4.100151853675702,0.0,forecast,unstable_trend_disabled,decomposition,IEK
010500082_,шт,2026-09-01,5.666666666666667,5.666666666666667,1.0,0.0,11.0,0.0,5.666666666666667,0.0,forecast,neutral_seasonality_insufficient_evidence;insufficient_recent_history;all_known_history_stale,decomposition,IEK
010500090_,шт,2026-09-01,4.792763601651369,6.9232139780168405,0.6922743709597518,-0.0,2.0,-0.0,6.9232139780168405,0.0,forecast,,decomposition,IEK
010500091_,шт,2026-09-01,1.8333333333333333,1.8333333333333333,1.0,0.0,16.16666666666788,0.0,1.8333333333333333,0.0,forecast,neutral_seasonality_insufficient_evidence;insufficient_recent_history;all_known_history_stale,decomposition,IEK
010500092_,шт,2026-09-01,10.797055411154242,9.040483122546199,1.194300709906454,-0.0,2.0,-0.0,9.040483122546199,0.0,forecast,,decomposition,IEK
010500093_,шт,2026-09-01,12.976466415981783,15.938968777249462,0.8141346279882161,0.0,2.0,0.0,15.938968777249462,0.0,forecast,unstable_trend_disabled,decomposition,IEK
010500094_,шт,2026-09-01,12.431099951137504,16.979144027258524,0.7321393782384121,0.0,2.0,0.0,16.979144027258524,0.0,forecast,unstable_trend_disabled,decomposition,IEK
010500095_,шт,2026-09-01,27.25319648462164,35.93272864668537,0.7584505132519521,0.0,2.0,0.0,35.93272864668537,0.0,forecast,unstable_trend_disabled,decomposition,IEK
010500101_,шт,2026-09-01,15.5,15.5,1.0,0.0,1.5,0.0,15.5,0.0,forecast,neutral_seasonality_insufficient_evidence;insufficient_recent_history,decomposition,IEK
010500102_,шт,2026-09-01,23.106996820347472,25.292204839391193,0.9136015213809916,0.0,2.0,0.0,25.292204839391193,0.0,forecast,unstable_trend_disabled,decomposition,IEK
010500103_,шт,2026-09-01,498.0252252892004,298.3522011124298,1.66925272691897,0.0,2.0,0.0,298.3522011124298,0.0,forecast,unstable_trend_disabled,decomposition,IEK
010500110_,,2026-09-01,,,1.0,0.0,,,,0.0,insufficient_history,,decomposition,IEK
010500111_,шт,2026-09-01,6.0,6.0,1.0,0.0,2.0,0.0,6.0,0.0,forecast,neutral_seasonality_insufficient_evidence;unstable_trend_disabled,decomposition,IEK
010500122_,шт,2026-09-01,102.21152972031949,76.4579113116539,1.3368339255788715,0.0,2.0,0.0,76.4579113116539,0.0,forecast,unstable_trend_disabled,decomposition,IEK
010500123_,шт,2026-09-01,29.4,29.4,1.0,0.0,24.200000000000728,0.0,29.4,0.0,forecast,neutral_seasonality_insufficient_evidence;insufficient_recent_history;all_known_history_stale,decomposition,IEK
010500124_,шт,2026-09-01,24.306908988467015,25.54503145024525,0.9515317699181636,0.0,2.0,0.0,25.54503145024525,0.0,forecast,unstable_trend_disabled,decomposition,IEK
010500129_,шт,2026-09-01,,,1.0,0.0,,,,0.0,insufficient_history,,decomposition,IEK
010500136_,шт,2026-09-01,,,1.0,0.0,,,,0.0,insufficient_history,,decomposition,IEK
010500137_,шт,2026-09-01,,,1.0,0.0,,,,0.0,insufficient_history,,decomposition,IEK
010500138_,шт,2026-09-01,33.75,33.75,1.0,0.0,19.75,0.0,33.75,0.0,forecast,neutral_seasonality_insufficient_evidence;insufficient_recent_history;all_known_history_stale,decomposition,IEK
010500139_,шт,2026-09-01,319.0,319.0,1.0,0.0,26.0,0.0,319.0,0.0,forecast,neutral_seasonality_insufficient_evidence;insufficient_recent_history;all_known_history_stale,decomposition,IEK
010500140_,,2026-09-01,,,1.0,0.0,,,,0.0,insufficient_history,,decomposition,IEK
010500141_,шт,2026-09-01,,,1.0,0.0,,,,0.0,insufficient_history,,decomposition,IEK
010500142_,,2026-09-01,,,1.0,0.0,,,,0.0,insufficient_history,,decomposition,IEK
010500143_,шт,2026-09-01,,,1.0,0.0,,,,0.0,insufficient_history,,decomposition,IEK
010500144_,,2026-09-01,,,1.0,0.0,,,,0.0,insufficient_history,,decomposition,IEK
010500145_,шт,2026-09-01,96.0,96.0,1.0,0.0,26.0,0.0,96.0,0.0,forecast,neutral_seasonality_insufficient_evidence;insufficient_recent_history;all_known_history_stale,decomposition,IEK
010500147_,шт,2026-09-01,,,1.0,0.0,,,,0.0,insufficient_history,,decomposition,IEK
010500148_,шт,2026-09-01,2.0,2.0,1.0,0.0,24.33333333333212,0.0,2.0,0.0,forecast,neutral_seasonality_insufficient_evidence;insufficient_recent_history;all_known_history_stale,decomposition,IEK
010500149_,шт,2026-09-01,,,1.0,0.0,,,,0.0,insufficient_history,,decomposition,IEK
010500150_,шт,2026-09-01,,,1.0,0.0,,,,0.0,insufficient_history,,decomposition,IEK
010500151_,шт,2026-09-01,,,1.0,0.0,,,,0.0,insufficient_history,,decomposition,IEK
010500152_,шт,2026-09-01,,,1.0,0.0,,,,0.0,insufficient_history,,decomposition,IEK
010500153_,шт,2026-09-01,,,1.0,0.0,,,,0.0,insufficient_history,,decomposition,IEK
010500154_,,2026-09-01,,,1.0,0.0,,,,0.0,insufficient_history,,decomposition,IEK
010500156_,шт,2026-09-01,,,1.0,0.0,,,,0.0,insufficient_history,,decomposition,IEK
010500157_,шт,2026-09-01,,,1.0,0.0,,,,0.0,insufficient_history,,decomposition,IEK
010500158_,,2026-09-01,,,1.0,0.0,,,,0.0,insufficient_history,,decomposition,IEK
010500159_,,2026-09-01,,,1.0,0.0,,,,0.0,insufficient_history,,decomposition,IEK
010500160_,шт,2026-09-01,,,1.0,0.0,,,,0.0,insufficient_history,,decomposition,IEK
010500161_,,2026-09-01,,,1.0,0.0,,,,0.0,insufficient_history,,decomposition,IEK
010500162_,шт,2026-09-01,,,1.0,0.0,,,,0.0,insufficient_history,,decomposition,IEK
010500163_,шт,2026-09-01,,,1.0,0.0,,,,0.0,insufficient_history,,decomposition,IEK
010500187_,шт,2026-09-01,4.25,4.25,1.0,0.0,23.25,0.0,4.25,0.0,forecast,neutral_seasonality_insufficient_evidence;insufficient_recent_history;all_known_history_stale,decomposition,IEK
010500188_,шт,2026-09-01,6.0,6.0,1.0,0.0,5.5,0.0,6.0,0.0,forecast,neutral_seasonality_insufficient_evidence;insufficient_recent_history;6_calendar_months,decomposition,IEK
010700001_,шт,2026-09-01,80.62762899298951,72.31091492685128,1.1150132600942928,0.0,2.0,0.0,72.31091492685128,0.0,forecast,unstable_trend_disabled,decomposition,IEK
010700002_,шт,2026-09-01,387.3121746342831,350.9188072735482,1.1037087970390984,0.0,2.0,0.0,350.9188072735482,0.0,forecast,unstable_trend_disabled,decomposition,IEK
010700003_,шт,2026-09-01,126.40173965218688,124.41550994350895,1.0159644863375938,0.0,2.0,0.0,124.41550994350895,0.0,forecast,unstable_trend_disabled,decomposition,IEK
010700016_,шт,2026-09-01,,,1.0,0.0,,,,0.0,insufficient_history,,decomposition,IEK
010700021_,шт,2026-09-01,3.6666666666666665,3.6666666666666665,1.0,0.0,27.0,0.0,3.6666666666666665,0.0,forecast,neutral_seasonality_insufficient_evidence;insufficient_recent_history;all_known_history_stale,decomposition,IEK
010700029_,шт,2026-09-01,23.344244318962645,18.507842026367175,1.2613163806836742,0.0,2.0,0.0,18.507842026367175,0.0,forecast,unstable_trend_disabled,decomposition,IEK
010700030_,шт,2026-09-01,27.05398562651619,24.622257926329453,1.0987613608574218,0.0,2.0,0.0,24.622257926329453,0.0,forecast,unstable_trend_disabled,decomposition,IEK
010700031_,шт,2026-09-01,11.495961184839548,12.834935609603363,0.8956773555013422,0.0,2.0,0.0,12.834935609603363,0.0,forecast,unstable_trend_disabled,decomposition,IEK
010700032_,шт,2026-09-01,25.664415411282675,19.037235901976587,1.3481166879178088,0.0,2.0,0.0,19.037235901976587,0.0,forecast,unstable_trend_disabled,decomposition,IEK
010700036_,шт,2026-09-01,,,1.0,0.0,,,,0.0,insufficient_history,,decomposition,IEK
010700037_,шт,2026-09-01,,,1.0,0.0,,,,0.0,insufficient_history,,decomposition,IEK
010700041_,шт,2026-09-01,4.25,4.25,1.0,0.0,21.5,0.0,4.25,0.0,forecast,neutral_seasonality_insufficient_evidence;insufficient_recent_history;all_known_history_stale,decomposition,IEK
010700042_,шт,2026-09-01,1.3333333333333333,1.3333333333333333,1.0,0.0,31.0,0.0,1.3333333333333333,0.0,forecast,neutral_seasonality_insufficient_evidence;insufficient_recent_history;all_known_history_stale,decomposition,IEK
010700043_,шт,2026-09-01,4.0,4.0,1.0,0.0,22.200000000000728,0.0,4.0,0.0,forecast,neutral_seasonality_insufficient_evidence;insufficient_recent_history;all_known_history_stale,decomposition,IEK
010700044_,шт,2026-09-01,1.3333333333333333,1.3333333333333333,1.0,0.0,22.66666666666788,0.0,1.3333333333333333,0.0,forecast,neutral_seasonality_insufficient_evidence;insufficient_recent_history;all_known_history_stale,decomposition,IEK
010700045_,шт,2026-09-01,1.3333333333333333,1.3333333333333333,1.0,0.0,18.66666666666788,0.0,1.3333333333333333,0.0,forecast,neutral_seasonality_insufficient_evidence;insufficient_recent_history;all_known_history_stale,decomposition,IEK
010700046_,шт,2026-09-01,1.5,1.5,1.0,0.0,18.75,0.0,1.5,0.0,forecast,neutral_seasonality_insufficient_evidence;insufficient_recent_history;all_known_history_stale,decomposition,IEK
010700047_,шт,2026-09-01,,,1.0,0.0,,,,0.0,insufficient_history,,decomposition,IEK
010700048_,шт,2026-09-01,,,1.0,0.0,,,,0.0,insufficient_history,,decomposition,IEK
010700049_,шт,2026-09-01,,,1.0,0.0,,,,0.0,insufficient_history,,decomposition,IEK
010700055_,шт,2026-09-01,2.0,2.0,1.0,0.0,1.0,0.0,2.0,0.0,forecast,neutral_seasonality_insufficient_evidence;insufficient_recent_history,decomposition,IEK
010700057_,,2026-09-01,,,1.0,0.0,,,,0.0,insufficient_history,,decomposition,IEK
010700058_,шт,2026-09-01,,,1.0,0.0,,,,0.0,insufficient_history,,decomposition,IEK
010700059_,шт,2026-09-01,,,1.0,0.0,,,,0.0,insufficient_history,,decomposition,IEK
010700068_,шт,2026-09-01,4.2,4.2,1.0,0.0,17.400000000001455,0.0,4.2,0.0,forecast,neutral_seasonality_insufficient_evidence;insufficient_recent_history;all_known_history_stale,decomposition,IEK
010700071_,шт,2026-09-01,3.0,3.0,1.0,0.0,2.5,0.0,3.0,0.0,forecast,neutral_seasonality_insufficient_evidence;insufficient_recent_history,decomposition,IEK
010700081_,,2026-09-01,,,1.0,0.0,,,,0.0,insufficient_history,,decomposition,IEK
010700082_,,2026-09-01,,,1.0,0.0,,,,0.0,insufficient_history,,decomposition,IEK
010700084_,шт,2026-09-01,1.0,1.0,1.0,0.0,2.0,0.0,1.0,0.0,forecast,neutral_seasonality_insufficient_evidence;insufficient_recent_history,decomposition,IEK
010700102_,шт,2026-09-01,33.85593766227697,37.64821109014013,0.8992708200986386,0.0,2.0,0.0,37.64821109014013,0.0,forecast,unstable_trend_disabled,decomposition,IEK
010700103_,шт,2026-09-01,7.075913983280685,6.200545361942223,1.1411760692392172,0.0,2.0,0.0,6.200545361942223,0.0,forecast,unstable_trend_disabled,decomposition,IEK
010700118_,шт,2026-09-01,4.0,4.0,1.0,0.0,2.0,0.0,4.0,0.0,forecast,neutral_seasonality_insufficient_evidence;insufficient_recent_history,decomposition,IEK
010700133_,шт,2026-09-01,23.0,23.0,1.0,0.0,2.0,0.0,23.0,0.0,forecast,neutral_seasonality_insufficient_evidence;unstable_trend_disabled,decomposition,IEK
010700134_,шт,2026-09-01,74.26642209139746,64.04400723947491,1.1596154783647228,0.0,2.0,0.0,64.04400723947491,0.0,forecast,,decomposition,IEK
010700135_,шт,2026-09-01,81.69463072176443,81.56831172520562,1.0015486283078208,0.0,2.0,0.0,81.56831172520562,0.0,forecast,unstable_trend_disabled,decomposition,IEK
010700136_,шт,2026-09-01,4.666666666666667,4.666666666666667,1.0,-0.0,2.0,-0.0,4.666666666666667,0.0,forecast,neutral_seasonality_insufficient_evidence,decomposition,IEK
010700137_,шт,2026-09-01,23.805223871036706,31.32242508254353,0.760005772487384,0.0,2.0,0.0,31.32242508254353,0.0,forecast,unstable_trend_disabled,decomposition,IEK
010700138_,шт,2026-09-01,5.0,5.0,1.0,0.0,2.0,0.0,5.0,0.0,forecast,neutral_seasonality_insufficient_evidence;insufficient_recent_history,decomposition,IEK
010700139_,шт,2026-09-01,1.0,1.0,1.0,0.0,2.0,0.0,1.0,0.0,forecast,neutral_seasonality_insufficient_evidence;insufficient_recent_history,decomposition,IEK
010700140_,шт,2026-09-01,,,1.0,0.0,,,,0.0,insufficient_history,,decomposition,IEK
010700141_,шт,2026-09-01,1.0,1.0,1.0,0.0,5.0,0.0,1.0,0.0,forecast,neutral_seasonality_insufficient_evidence;insufficient_recent_history;6_calendar_months,decomposition,IEK
010700142_,шт,2026-09-01,,,1.0,0.0,,,,0.0,insufficient_history,,decomposition,IEK
010700143_,шт,2026-09-01,1.0,1.0,1.0,0.0,3.0,0.0,1.0,0.0,forecast,neutral_seasonality_insufficient_evidence;insufficient_recent_history,decomposition,IEK
010700144_,шт,2026-09-01,1.5,1.5,1.0,0.0,2.5,0.0,1.5,0.0,forecast,neutral_seasonality_insufficient_evidence;insufficient_recent_history,decomposition,IEK
010700145_,шт,2026-09-01,,,1.0,0.0,,,,0.0,insufficient_history,,decomposition,IEK
010700146_,шт,2026-09-01,2.6666666666666665,2.6666666666666665,1.0,0.0,2.0,0.0,2.6666666666666665,0.0,forecast,neutral_seasonality_insufficient_evidence;unstable_trend_disabled,decomposition,IEK
010700147_,шт,2026-09-01,2.3333333333333335,2.3333333333333335,1.0,0.0,2.0,0.0,2.3333333333333335,0.0,forecast,neutral_seasonality_insufficient_evidence;unstable_trend_disabled,decomposition,IEK
010700148_,шт,2026-09-01,2.5,2.5,1.0,0.0,2.0,0.0,2.5,0.0,forecast,neutral_seasonality_insufficient_evidence;insufficient_recent_history,decomposition,IEK
010700149_,шт,2026-09-01,1.0,1.0,1.0,0.0,3.0,0.0,1.0,0.0,forecast,neutral_seasonality_insufficient_evidence;insufficient_recent_history,decomposition,IEK
010700150_,шт,2026-09-01,1.0,1.0,1.0,0.0,2.0,0.0,1.0,0.0,forecast,neutral_seasonality_insufficient_evidence;insufficient_recent_history,decomposition,IEK
010700151_,шт,2026-09-01,,,1.0,0.0,,,,0.0,insufficient_history,,decomposition,IEK
010700152_,шт,2026-09-01,37.0,37.0,1.0,0.0,2.5,0.0,37.0,0.0,forecast,neutral_seasonality_insufficient_evidence;insufficient_recent_history,decomposition,IEK
010700153_,шт,2026-09-01,7.333333333333333,7.333333333333333,1.0,0.0,2.0,0.0,7.333333333333333,0.0,forecast,neutral_seasonality_insufficient_evidence;unstable_trend_disabled,decomposition,IEK
010700154_,шт,2026-09-01,2.5,2.5,1.0,0.0,17.5,0.0,2.5,0.0,forecast,neutral_seasonality_insufficient_evidence;insufficient_recent_history;all_known_history_stale,decomposition,IEK
010700155_,шт,2026-09-01,10.495252102656558,12.126403492925808,0.8654876203632168,0.0,2.0,0.0,12.126403492925808,0.0,forecast,unstable_trend_disabled,decomposition,IEK
010700156_,шт,2026-09-01,5.0,5.0,1.0,0.0,2.0,0.0,5.0,0.0,forecast,neutral_seasonality_insufficient_evidence;unstable_trend_disabled,decomposition,IEK
010700158_,шт,2026-09-01,3.9660956490828245,4.840088472989872,0.8194262710724469,0.0,2.0,0.0,4.840088472989872,0.0,forecast,unstable_trend_disabled,decomposition,IEK
010700159_,шт,2026-09-01,2.5,2.5,1.0,0.0,1.5,0.0,2.5,0.0,forecast,neutral_seasonality_insufficient_evidence;unstable_trend_disabled,decomposition,IEK
010700160_,шт,2026-09-01,5.333333333333333,5.333333333333333,1.0,0.0,2.0,0.0,5.333333333333333,0.0,forecast,neutral_seasonality_insufficient_evidence;unstable_trend_disabled,decomposition,IEK
010700161_,шт,2026-09-01,2.0,2.0,1.0,0.0,2.0,0.0,2.0,0.0,forecast,neutral_seasonality_insufficient_evidence;insufficient_recent_history,decomposition,IEK
010700162_,шт,2026-09-01,1.0,1.0,1.0,0.0,1.0,0.0,1.0,0.0,forecast,neutral_seasonality_insufficient_evidence;insufficient_recent_history,decomposition,IEK
010700163_,шт,2026-09-01,7.5,7.5,1.0,0.0,2.0,0.0,7.5,0.0,forecast,neutral_seasonality_insufficient_evidence;insufficient_recent_history,decomposition,IEK
010700164_,шт,2026-09-01,2.0,2.0,1.0,0.0,2.0,0.0,2.0,0.0,forecast,neutral_seasonality_insufficient_evidence;insufficient_recent_history,decomposition,IEK
010700165_,шт,2026-09-01,3.0,3.0,1.0,0.0,2.0,0.0,3.0,0.0,forecast,neutral_seasonality_insufficient_evidence;insufficient_recent_history,decomposition,IEK
010700166_,шт,2026-09-01,3.5,3.5,1.0,0.0,1.5,0.0,3.5,0.0,forecast,neutral_seasonality_insufficient_evidence;insufficient_recent_history,decomposition,IEK
010700167_,шт,2026-09-01,,,1.0,0.0,,,,0.0,insufficient_history,,decomposition,IEK
010700168_,шт,2026-09-01,1.0,1.0,1.0,0.0,3.0,0.0,1.0,0.0,forecast,neutral_seasonality_insufficient_evidence;insufficient_recent_history,decomposition,IEK
010700169_,шт,2026-09-01,1.0,1.0,1.0,0.0,2.0,0.0,1.0,0.0,forecast,neutral_seasonality_insufficient_evidence;insufficient_recent_history,decomposition,IEK
010700170_,шт,2026-09-01,19.5,19.5,1.0,0.0,2.5,0.0,19.5,0.0,forecast,neutral_seasonality_insufficient_evidence;insufficient_recent_history,decomposition,IEK
010700171_,шт,2026-09-01,1.0,1.0,1.0,0.0,2.0,0.0,1.0,0.0,forecast,neutral_seasonality_insufficient_evidence;insufficient_recent_history,decomposition,IEK
010700172_,шт,2026-09-01,1.0,1.0,1.0,0.0,6.0,0.0,1.0,0.0,forecast,neutral_seasonality_insufficient_evidence;insufficient_recent_history;6_calendar_months,decomposition,IEK
010700175_,шт,2026-09-01,1.2,1.2,1.0,0.0,20.0,0.0,1.2,0.0,forecast,neutral_seasonality_insufficient_evidence;insufficient_recent_history;all_known_history_stale,decomposition,IEK
010800001_,шт,2026-09-01,29.892265721668068,27.811315944992973,1.0748238515858413,0.0,2.0,0.0,27.811315944992973,0.0,forecast,unstable_trend_disabled,decomposition,IEK
010800002_,шт,2026-09-01,20.31831380052148,18.49843867402446,1.098379931331853,0.0,2.0,0.0,18.49843867402446,0.0,forecast,unstable_trend_disabled,decomposition,IEK
010800003_,шт,2026-09-01,44.99775898886809,42.93660549696108,1.0480045748388958,0.0,2.0,0.0,42.93660549696108,0.0,forecast,unstable_trend_disabled,decomposition,IEK
010800004_,шт,2026-09-01,52.68999341063234,54.33463768198762,0.9697312001787675,0.0,2.0,0.0,54.33463768198762,0.0,forecast,unstable_trend_disabled,decomposition,IEK
010800005_,шт,2026-09-01,28.346711289412397,23.375287731716767,1.212678603778218,0.0,2.0,0.0,23.375287731716767,0.0,forecast,unstable_trend_disabled,decomposition,IEK
010800006_,шт,2026-09-01,7.792710685957349,6.9801081294900555,1.1164169009122011,0.0,2.0,0.0,6.9801081294900555,0.0,forecast,unstable_trend_disabled,decomposition,IEK
010800009_,шт,2026-09-01,4.0,4.0,1.0,0.0,2.0,0.0,4.0,0.0,forecast,neutral_seasonality_insufficient_evidence;unstable_trend_disabled,decomposition,IEK
010800010_,шт,2026-09-01,19.40591099386909,20.259947125160625,0.9578460829134683,0.0,2.0,0.0,20.259947125160625,0.0,forecast,unstable_trend_disabled,decomposition,IEK
010800011_,шт,2026-09-01,15.965296483565822,13.27899933124314,1.2022966554416716,0.0,2.0,0.0,13.27899933124314,0.0,forecast,unstable_trend_disabled,decomposition,IEK
010800012_,шт,2026-09-01,31.00133038685579,29.387695223847874,1.0549085306185721,-0.0,2.0,-0.0,29.387695223847874,0.0,forecast,,decomposition,IEK
010800015_,шт,2026-09-01,8.50129269897257,10.848008183324014,0.7836731458260782,0.0,2.0,0.0,10.848008183324014,0.0,forecast,unstable_trend_disabled,decomposition,IEK
010800016_,шт,2026-09-01,30.97744845529256,33.49828667165513,0.924747249282585,0.0,2.0,0.0,33.49828667165513,0.0,forecast,unstable_trend_disabled,decomposition,IEK
010800017_,шт,2026-09-01,18.09861353896083,14.115404318111962,1.2821888152178451,0.0,2.0,0.0,14.115404318111962,0.0,forecast,unstable_trend_disabled,decomposition,IEK
010800018_,шт,2026-09-01,10.333333333333334,10.333333333333334,1.0,0.0,2.0,0.0,10.333333333333334,0.0,forecast,neutral_seasonality_insufficient_evidence;unstable_trend_disabled,decomposition,IEK
010800019_,шт,2026-09-01,,,1.0,0.0,,,,0.0,insufficient_history,,decomposition,IEK
010800020_,шт,2026-09-01,6.0,6.0,1.0,0.0,26.33333333333212,0.0,6.0,0.0,forecast,neutral_seasonality_insufficient_evidence;insufficient_recent_history;all_known_history_stale,decomposition,IEK
010800021_,шт,2026-09-01,,,1.0,0.0,,,,0.0,insufficient_history,,decomposition,IEK
010800022_,шт,2026-09-01,,,1.0,0.0,,,,0.0,insufficient_history,,decomposition,IEK
010800023_,шт,2026-09-01,,,1.0,0.0,,,,0.0,insufficient_history,,decomposition,IEK
010800025_,шт,2026-09-01,2.6666666666666665,2.6666666666666665,1.0,0.0,19.0,0.0,2.6666666666666665,0.0,forecast,neutral_seasonality_insufficient_evidence;insufficient_recent_history;all_known_history_stale,decomposition,IEK
010800027_,шт,2026-09-01,25.204518273834786,22.964653374620283,1.0975353236417633,-0.0,2.0,-0.0,22.964653374620283,0.0,forecast,,decomposition,IEK
010800028_,шт,2026-09-01,17.5039160848531,11.834926873625642,1.4790050054184032,0.0,2.0,0.0,11.834926873625642,0.0,forecast,unstable_trend_disabled,decomposition,IEK
010800029_,шт,2026-09-01,16.89055800818824,12.888316258840213,1.3105325528152565,0.0,2.0,0.0,12.888316258840213,0.0,forecast,unstable_trend_disabled,decomposition,IEK
010800030_,шт,2026-09-01,10.0,10.0,1.0,0.0,1.5,0.0,10.0,0.0,forecast,neutral_seasonality_insufficient_evidence;unstable_trend_disabled,decomposition,IEK
010800031_,шт,2026-09-01,4.06223310530603,4.942119915930428,0.8219616630935701,0.0,2.0,0.0,4.942119915930428,0.0,forecast,unstable_trend_disabled,decomposition,IEK
010800033_,шт,2026-09-01,18.51917618316178,12.467233131009314,1.4854279204180179,0.0,2.0,0.0,12.467233131009314,0.0,forecast,unstable_trend_disabled,decomposition,IEK
010800034_,шт,2026-09-01,12.434213000397586,11.85249635054254,1.0490796733996395,-0.0,2.0,-0.0,11.85249635054254,0.0,forecast,,decomposition,IEK
010800035_,шт,2026-09-01,32.37088797103854,33.317477328148335,0.9715888046448803,0.0,2.0,0.0,33.317477328148335,0.0,forecast,unstable_trend_disabled,decomposition,IEK
010800036_,шт,2026-09-01,,,1.0,0.0,,,,0.0,insufficient_history,,decomposition,IEK
010800037_,шт,2026-09-01,,,1.0,0.0,,,,0.0,insufficient_history,,decomposition,IEK
010800038_,шт,2026-09-01,,,1.0,0.0,,,,0.0,insufficient_history,,decomposition,IEK
010800039_,шт,2026-09-01,,,1.0,0.0,,,,0.0,insufficient_history,,decomposition,IEK
010800040_,шт,2026-09-01,,,1.0,0.0,,,,0.0,insufficient_history,,decomposition,IEK
010800041_,шт,2026-09-01,1.6666666666666667,1.6666666666666667,1.0,0.0,24.16666666666788,0.0,1.6666666666666667,0.0,forecast,neutral_seasonality_insufficient_evidence;insufficient_recent_history;all_known_history_stale,decomposition,IEK
010800042_,шт,2026-09-01,,,1.0,0.0,,,,0.0,insufficient_history,,decomposition,IEK
010800044_,,2026-09-01,,,1.0,0.0,,,,0.0,insufficient_history,,decomposition,IEK
010800045_,шт,2026-09-01,3.0,3.0,1.0,0.0,2.0,0.0,3.0,0.0,forecast,neutral_seasonality_insufficient_evidence;insufficient_recent_history,decomposition,IEK
010800046_,шт,2026-09-01,1.0,1.0,1.0,0.0,3.0,0.0,1.0,0.0,forecast,neutral_seasonality_insufficient_evidence;insufficient_recent_history,decomposition,IEK
010800048_,шт,2026-09-01,,,1.0,0.0,,,,0.0,insufficient_history,,decomposition,IEK
010800049_,шт,2026-09-01,,,1.0,0.0,,,,0.0,insufficient_history,,decomposition,IEK
010800050_,шт,2026-09-01,,,1.0,0.0,,,,0.0,insufficient_history,,decomposition,IEK
010800051_,шт,2026-09-01,6.909090909090909,6.909090909090909,1.0,0.0,16.45454545454413,0.0,6.909090909090909,0.0,forecast,neutral_seasonality_insufficient_evidence;insufficient_recent_history;all_known_history_stale,decomposition,IEK
010800052_,шт,2026-09-01,2.533333333333333,2.533333333333333,1.0,0.0,24.13333333333503,0.0,2.533333333333333,0.0,forecast,neutral_seasonality_insufficient_evidence;insufficient_recent_history;all_known_history_stale,decomposition,IEK
010800053_,шт,2026-09-01,1.6,1.6,1.0,0.0,15.799999999999272,0.0,1.6,0.0,forecast,neutral_seasonality_insufficient_evidence;insufficient_recent_history;all_known_history_stale,decomposition,IEK
010800054_,шт,2026-09-01,,,1.0,0.0,,,,0.0,insufficient_history,,decomposition,IEK
010800055_,шт,2026-09-01,14.433186444430111,15.427840680886431,0.9355286162833792,0.0,2.0,0.0,15.427840680886431,0.0,forecast,unstable_trend_disabled,decomposition,IEK
010800056_,шт,2026-09-01,3.0,3.0,1.0,0.0,6.0,0.0,3.0,0.0,forecast,neutral_seasonality_insufficient_evidence;insufficient_recent_history;6_calendar_months,decomposition,IEK
010800057_,шт,2026-09-01,17.5,17.5,1.0,0.0,24.25,0.0,17.5,0.0,forecast,neutral_seasonality_insufficient_evidence;insufficient_recent_history;all_known_history_stale,decomposition,IEK
010800058_,шт,2026-09-01,,,1.0,0.0,,,,0.0,insufficient_history,,decomposition,IEK
010800060_,шт,2026-09-01,3.75,3.75,1.0,0.0,29.75,0.0,3.75,0.0,forecast,neutral_seasonality_insufficient_evidence;insufficient_recent_history;all_known_history_stale,decomposition,IEK
010800061_,шт,2026-09-01,1.0,1.0,1.0,0.0,1.5,0.0,1.0,0.0,forecast,neutral_seasonality_insufficient_evidence;insufficient_recent_history,decomposition,IEK
010800062_,шт,2026-09-01,4.0,4.0,1.0,0.0,6.0,0.0,4.0,0.0,forecast,neutral_seasonality_insufficient_evidence;insufficient_recent_history;6_calendar_months,decomposition,IEK
010800070_,шт,2026-09-01,20.0,20.0,1.0,0.0,4.0,0.0,20.0,0.0,forecast,neutral_seasonality_insufficient_evidence;insufficient_recent_history;6_calendar_months,decomposition,IEK
010800106_,шт,2026-09-01,,,1.0,0.0,,,,0.0,insufficient_history,,decomposition,IEK
010800115_,шт,2026-09-01,,,1.0,0.0,,,,0.0,insufficient_history,,decomposition,IEK
010800139_,шт,2026-09-01,4.0,4.0,1.0,0.0,1.0,0.0,4.0,0.0,forecast,neutral_seasonality_insufficient_evidence;insufficient_recent_history,decomposition,IEK
010800202_,,2026-09-01,,,1.0,0.0,,,,0.0,insufficient_history,,decomposition,IEK
010800203_,шт,2026-09-01,,,1.0,0.0,,,,0.0,insufficient_history,,decomposition,IEK
010800204_,,2026-09-01,,,1.0,0.0,,,,0.0,insufficient_history,,decomposition,IEK
010800205_,,2026-09-01,,,1.0,0.0,,,,0.0,insufficient_history,,decomposition,IEK
010800206_,,2026-09-01,,,1.0,0.0,,,,0.0,insufficient_history,,decomposition,IEK
010800207_,,2026-09-01,,,1.0,0.0,,,,0.0,insufficient_history,,decomposition,IEK
010800208_,,2026-09-01,,,1.0,0.0,,,,0.0,insufficient_history,,decomposition,IEK
010800209_,шт,2026-09-01,,,1.0,0.0,,,,0.0,insufficient_history,,decomposition,IEK
010800210_,,2026-09-01,,,1.0,0.0,,,,0.0,insufficient_history,,decomposition,IEK
010800211_,,2026-09-01,,,1.0,0.0,,,,0.0,insufficient_history,,decomposition,IEK
010800212_,,2026-09-01,,,1.0,0.0,,,,0.0,insufficient_history,,decomposition,IEK
010800213_,,2026-09-01,,,1.0,0.0,,,,0.0,insufficient_history,,decomposition,IEK
010800257_,,2026-09-01,,,1.0,0.0,,,,0.0,insufficient_history,,decomposition,IEK
010800258_,шт,2026-09-01,1.0,1.0,1.0,0.0,3.0,0.0,1.0,0.0,forecast,neutral_seasonality_insufficient_evidence;insufficient_recent_history,decomposition,IEK
011100062_,шт,2026-09-01,,,1.0,0.0,,,,0.0,insufficient_history,,decomposition,IEK
011100063_,шт,2026-09-01,2.0,2.0,1.0,0.0,22.799999999999272,0.0,2.0,0.0,forecast,neutral_seasonality_insufficient_evidence;insufficient_recent_history;all_known_history_stale,decomposition,IEK
011100064_,шт,2026-09-01,1.0,1.0,1.0,0.0,20.0,0.0,1.0,0.0,forecast,neutral_seasonality_insufficient_evidence;insufficient_recent_history;all_known_history_stale,decomposition,IEK
011100065_,шт,2026-09-01,1.0,1.0,1.0,0.0,14.0,0.0,1.0,0.0,forecast,neutral_seasonality_insufficient_evidence;insufficient_recent_history;all_known_history_stale,decomposition,IEK
011100066_,шт,2026-09-01,,,1.0,0.0,,,,0.0,insufficient_history,,decomposition,IEK
011100067_,шт,2026-09-01,1.1666666666666667,1.1666666666666667,1.0,0.0,23.16666666666788,0.0,1.1666666666666667,0.0,forecast,neutral_seasonality_insufficient_evidence;insufficient_recent_history;all_known_history_stale,decomposition,IEK
011100068_,шт,2026-09-01,1.0,1.0,1.0,0.0,19.9090909090919,0.0,1.0,0.0,forecast,neutral_seasonality_insufficient_evidence;insufficient_recent_history;all_known_history_stale,decomposition,IEK
011100069_,шт,2026-09-01,1.0,1.0,1.0,0.0,4.0,0.0,1.0,0.0,forecast,neutral_seasonality_insufficient_evidence;insufficient_recent_history;6_calendar_months,decomposition,IEK
011100071_,шт,2026-09-01,1.0,1.0,1.0,0.0,20.75,0.0,1.0,0.0,forecast,neutral_seasonality_insufficient_evidence;insufficient_recent_history;all_known_history_stale,decomposition,IEK
011100098_,шт,2026-09-01,,,1.0,0.0,,,,0.0,insufficient_history,,decomposition,IEK
011100121_,шт,2026-09-01,,,1.0,0.0,,,,0.0,insufficient_history,,decomposition,IEK
011100123_,шт,2026-09-01,,,1.0,0.0,,,,0.0,insufficient_history,,decomposition,IEK
011100124_,шт,2026-09-01,3.3333333333333335,3.3333333333333335,1.0,0.0,13.33333333333212,0.0,3.3333333333333335,0.0,forecast,neutral_seasonality_insufficient_evidence;insufficient_recent_history;all_known_history_stale,decomposition,IEK
011100126_,шт,2026-09-01,3.0,3.0,1.0,0.0,4.0,0.0,3.0,0.0,forecast,neutral_seasonality_insufficient_evidence;insufficient_recent_history;6_calendar_months,decomposition,IEK
011100210_,шт,2026-09-01,,,1.0,0.0,,,,0.0,insufficient_history,,decomposition,IEK
011100245_,шт,2026-09-01,3.0,3.0,1.0,0.0,14.66666666666788,0.0,3.0,0.0,forecast,neutral_seasonality_insufficient_evidence;insufficient_recent_history;all_known_history_stale,decomposition,IEK
011100249_,шт,2026-09-01,,,1.0,0.0,,,,0.0,insufficient_history,,decomposition,IEK
011100251_,шт,2026-09-01,,,1.0,0.0,,,,0.0,insufficient_history,,decomposition,IEK
011100253_,шт,2026-09-01,,,1.0,0.0,,,,0.0,insufficient_history,,decomposition,IEK
011100354_,шт,2026-09-01,,,1.0,0.0,,,,0.0,insufficient_history,,decomposition,IEK
020100001_,шт,2026-09-01,7.0,7.0,1.0,0.0,2.0,0.0,7.0,0.0,forecast,neutral_seasonality_insufficient_evidence;insufficient_recent_history,decomposition,IEK
020100002_,шт,2026-09-01,15.666666666666666,15.666666666666666,1.0,0.0,2.0,0.0,15.666666666666666,0.0,forecast,neutral_seasonality_insufficient_evidence;unstable_trend_disabled,decomposition,IEK
020100003_,шт,2026-09-01,14.0,14.0,1.0,0.0,1.5,0.0,14.0,0.0,forecast,neutral_seasonality_insufficient_evidence;insufficient_recent_history,decomposition,IEK
020100004_,шт,2026-09-01,10.333333333333334,10.333333333333334,1.0,0.0,2.0,0.0,10.333333333333334,0.0,forecast,neutral_seasonality_insufficient_evidence;unstable_trend_disabled,decomposition,IEK
020100005_,шт,2026-09-01,85.17040275471788,73.09516025198798,1.165198933296018,0.0,2.0,0.0,73.09516025198798,0.0,forecast,unstable_trend_disabled,decomposition,IEK
020100006_,шт,2026-09-01,50.87939899148569,53.02027059319423,0.9596216394643721,0.0,2.0,0.0,53.02027059319423,0.0,forecast,unstable_trend_disabled,decomposition,IEK
020100007_,шт,2026-09-01,15.0,15.0,1.0,0.0,2.0,0.0,15.0,0.0,forecast,neutral_seasonality_insufficient_evidence;unstable_trend_disabled,decomposition,IEK
020100008_,шт,2026-09-01,3.0,3.0,1.0,0.0,1.0,0.0,3.0,0.0,forecast,neutral_seasonality_insufficient_evidence;insufficient_recent_history,decomposition,IEK
020100009_,шт,2026-09-01,9.0,9.0,1.0,0.0,1.5,0.0,9.0,0.0,forecast,neutral_seasonality_insufficient_evidence;insufficient_recent_history,decomposition,IEK
020100010_,шт,2026-09-01,25.0,25.0,1.0,0.0,2.0,0.0,25.0,0.0,forecast,neutral_seasonality_insufficient_evidence;insufficient_recent_history,decomposition,IEK
020100011_,шт,2026-09-01,3.0,3.0,1.0,0.0,3.0,0.0,3.0,0.0,forecast,neutral_seasonality_insufficient_evidence;insufficient_recent_history,decomposition,IEK
020100012_,шт,2026-09-01,20.333333333333332,20.333333333333332,1.0,0.0,2.0,0.0,20.333333333333332,0.0,forecast,neutral_seasonality_insufficient_evidence;unstable_trend_disabled,decomposition,IEK
020100013_,шт,2026-09-01,35.30641330115944,31.34129504734943,1.1265141803432064,0.0,2.0,0.0,31.34129504734943,0.0,forecast,unstable_trend_disabled,decomposition,IEK
020100015_,шт,2026-09-01,6.5,6.5,1.0,0.0,1.5,0.0,6.5,0.0,forecast,neutral_seasonality_insufficient_evidence;insufficient_recent_history,decomposition,IEK
020100017_,шт,2026-09-01,2.0,2.0,1.0,0.0,1.5,0.0,2.0,0.0,forecast,neutral_seasonality_insufficient_evidence;insufficient_recent_history,decomposition,IEK
020100018_,шт,2026-09-01,2.5,2.5,1.0,0.0,1.5,0.0,2.5,0.0,forecast,neutral_seasonality_insufficient_evidence;insufficient_recent_history,decomposition,IEK
020100019_,шт,2026-09-01,6.0,6.0,1.0,0.0,2.0,0.0,6.0,0.0,forecast,neutral_seasonality_insufficient_evidence;unstable_trend_disabled,decomposition,IEK
020100020_,шт,2026-09-01,106.77770157253492,86.22174480058938,1.238408035229241,0.0,2.0,0.0,86.22174480058938,0.0,forecast,unstable_trend_disabled,decomposition,IEK
020100021_,шт,2026-09-01,33.059238863504895,37.38039150886624,0.8844005514405483,0.0,2.0,0.0,37.38039150886624,0.0,forecast,unstable_trend_disabled,decomposition,IEK
020100022_,шт,2026-09-01,22.5,22.5,1.0,0.0,1.5,0.0,22.5,0.0,forecast,neutral_seasonality_insufficient_evidence;unstable_trend_disabled,decomposition,IEK
020100023_,шт,2026-09-01,1.0,1.0,1.0,0.0,4.5,0.0,1.0,0.0,forecast,neutral_seasonality_insufficient_evidence;insufficient_recent_history;6_calendar_months,decomposition,IEK
020100044_,шт,2026-09-01,5.0,5.0,1.0,0.0,2.0,0.0,5.0,0.0,forecast,neutral_seasonality_insufficient_evidence;insufficient_recent_history,decomposition,IEK
020100045_,шт,2026-09-01,3.0,3.0,1.0,0.0,1.5,0.0,3.0,0.0,forecast,neutral_seasonality_insufficient_evidence;unstable_trend_disabled,decomposition,IEK
020300080_,шт,2026-09-01,28.0,28.0,1.0,0.0,2.0,0.0,28.0,0.0,forecast,neutral_seasonality_insufficient_evidence;insufficient_recent_history,decomposition,IEK
020300082_,шт,2026-09-01,11.2,11.2,1.0,0.0,21.400000000001455,0.0,11.2,0.0,forecast,neutral_seasonality_insufficient_evidence;insufficient_recent_history;all_known_history_stale,decomposition,IEK
020300085_,,2026-09-01,,,1.0,0.0,,,,0.0,insufficient_history,,decomposition,IEK
020300088_,шт,2026-09-01,2.0,2.0,1.0,0.0,2.0,0.0,2.0,0.0,forecast,neutral_seasonality_insufficient_evidence;insufficient_recent_history,decomposition,IEK
020300150_,шт,2026-09-01,1.5,1.5,1.0,0.0,1.5,0.0,1.5,0.0,forecast,neutral_seasonality_insufficient_evidence;insufficient_recent_history,decomposition,IEK
030200406_,шт,2026-09-01,261.0255437394134,236.44488699549638,1.1039593499198197,0.0,2.0,0.0,236.44488699549638,0.0,forecast,unstable_trend_disabled,decomposition,IEK
030200407_,шт,2026-09-01,132.75808605351628,107.83489352515535,1.2311236346011407,0.0,2.0,0.0,107.83489352515535,0.0,forecast,unstable_trend_disabled,decomposition,IEK
030200408_,шт,2026-09-01,20.333333333333332,20.333333333333332,1.0,0.0,2.0,0.0,20.333333333333332,0.0,forecast,neutral_seasonality_insufficient_evidence;unstable_trend_disabled,decomposition,IEK
030200409_,шт,2026-09-01,66.5134383977475,57.933367114546485,1.1481024098985375,0.0,2.0,0.0,57.933367114546485,0.0,forecast,unstable_trend_disabled,decomposition,IEK
030200410_,шт,2026-09-01,10.0,10.0,1.0,0.0,4.5,0.0,10.0,0.0,forecast,neutral_seasonality_insufficient_evidence;insufficient_recent_history;6_calendar_months,decomposition,IEK
030200411_,шт,2026-09-01,7.333333333333333,7.333333333333333,1.0,0.0,2.0,0.0,7.333333333333333,0.0,forecast,neutral_seasonality_insufficient_evidence;unstable_trend_disabled,decomposition,IEK
030200412_,шт,2026-09-01,11.0,11.0,1.0,0.0,1.5,0.0,11.0,0.0,forecast,neutral_seasonality_insufficient_evidence;insufficient_recent_history,decomposition,IEK
030200413_,шт,2026-09-01,63.01972404886413,54.635173571793025,1.153464333119642,0.0,2.0,0.0,54.635173571793025,0.0,forecast,unstable_trend_disabled,decomposition,IEK
030200414_,шт,2026-09-01,60.01336472681563,38.632140966485764,1.5534568684370496,0.0,2.0,0.0,38.632140966485764,0.0,forecast,unstable_trend_disabled,decomposition,IEK
030200415_,шт,2026-09-01,279.04074375287445,248.34364716719986,1.1236073357858334,0.0,2.0,0.0,248.34364716719986,0.0,forecast,unstable_trend_disabled,decomposition,IEK
030200416_,шт,2026-09-01,95.55039995747619,93.08940075028299,1.0264369432755824,0.0,2.0,0.0,93.08940075028299,0.0,forecast,,decomposition,IEK
030200417_,шт,2026-09-01,76.9041403812448,72.10939506444902,1.066492657614315,0.0,2.0,0.0,72.10939506444902,0.0,forecast,unstable_trend_disabled,decomposition,IEK
030200418_,шт,2026-09-01,15.167221687355877,15.769578311820018,0.961802616877038,0.0,1.5,0.0,15.769578311820018,0.0,forecast,,decomposition,IEK
030200419_,шт,2026-09-01,2.0,2.0,1.0,0.0,1.0,0.0,2.0,0.0,forecast,neutral_seasonality_insufficient_evidence;insufficient_recent_history,decomposition,IEK
030200420_,шт,2026-09-01,13.081809841086283,15.35156801597986,0.8521481211215086,-0.0,2.0,-0.0,15.35156801597986,0.0,forecast,,decomposition,IEK
030200421_,шт,2026-09-01,5.0,5.0,1.0,0.0,3.0,0.0,5.0,0.0,forecast,neutral_seasonality_insufficient_evidence;insufficient_recent_history,decomposition,IEK
030200422_,шт,2026-09-01,11.245777226415015,10.321821778996545,1.0895147646608847,-0.0,2.0,-0.0,10.321821778996545,0.0,forecast,,decomposition,IEK
030200423_,шт,2026-09-01,8.0,8.0,1.0,0.0,3.0,0.0,8.0,0.0,forecast,neutral_seasonality_insufficient_evidence;insufficient_recent_history,decomposition,IEK
030200424_,шт,2026-09-01,5.0,5.0,1.0,0.0,3.0,0.0,5.0,0.0,forecast,neutral_seasonality_insufficient_evidence;insufficient_recent_history,decomposition,IEK
030200425_,шт,2026-09-01,2.0,2.0,1.0,0.0,3.0,0.0,2.0,0.0,forecast,neutral_seasonality_insufficient_evidence;unstable_trend_disabled,decomposition,IEK
030200426_,шт,2026-09-01,11.333333333333334,11.333333333333334,1.0,0.0,2.0,0.0,11.333333333333334,0.0,forecast,neutral_seasonality_insufficient_evidence;unstable_trend_disabled,decomposition,IEK
030200427_,шт,2026-09-01,12.0,12.0,1.0,0.0,2.5,0.0,12.0,0.0,forecast,neutral_seasonality_insufficient_evidence;insufficient_recent_history,decomposition,IEK
030200428_,шт,2026-09-01,19.666666666666668,19.666666666666668,1.0,-0.0,2.0,-0.0,19.666666666666668,0.0,forecast,neutral_seasonality_insufficient_evidence,decomposition,IEK
030200429_,шт,2026-09-01,75.43326444669799,80.50995156078504,0.9369433589802355,0.0,2.0,0.0,80.50995156078504,0.0,forecast,unstable_trend_disabled,decomposition,IEK
030200430_,шт,2026-09-01,16.348004931118606,18.931542111760006,0.8635326607103738,0.0,2.0,0.0,18.931542111760006,0.0,forecast,unstable_trend_disabled,decomposition,IEK
030200431_,шт,2026-09-01,5.633746570304987,5.75559941165593,0.978828818228007,-0.0,2.0,-0.0,5.75559941165593,0.0,forecast,,decomposition,IEK
030200432_,шт,2026-09-01,12.5,12.5,1.0,0.0,1.5,0.0,12.5,0.0,forecast,neutral_seasonality_insufficient_evidence;insufficient_recent_history,decomposition,IEK
030200433_,шт,2026-09-01,4.0,4.0,1.0,0.0,2.0,0.0,4.0,0.0,forecast,neutral_seasonality_insufficient_evidence;insufficient_recent_history,decomposition,IEK
030200434_,шт,2026-09-01,296.82253192000644,342.94446518981385,0.8655119474102616,0.0,2.0,0.0,342.94446518981385,0.0,forecast,unstable_trend_disabled,decomposition,IEK
030200435_,шт,2026-09-01,107.46997650658993,88.95661385938756,1.2081167643865827,-0.0,2.0,-0.0,88.95661385938756,0.0,forecast,,decomposition,IEK
030200436_,шт,2026-09-01,2.5,2.5,1.0,0.0,1.5,0.0,2.5,0.0,forecast,neutral_seasonality_insufficient_evidence;insufficient_recent_history,decomposition,IEK
030200437_,шт,2026-09-01,57.8215756548082,68.3392892201844,0.8460956547047356,0.0,2.0,0.0,68.3392892201844,0.0,forecast,unstable_trend_disabled,decomposition,IEK
030200438_,шт,2026-09-01,3.5,3.5,1.0,0.0,1.5,0.0,3.5,0.0,forecast,neutral_seasonality_insufficient_evidence;insufficient_recent_history,decomposition,IEK
030200439_,шт,2026-09-01,12.346076351754157,12.873700036791755,0.959015381473104,0.0,2.0,0.0,12.873700036791755,0.0,forecast,unstable_trend_disabled,decomposition,IEK
030200440_,шт,2026-09-01,19.887842496853807,17.697359063354156,1.1237745940316866,0.0,2.0,0.0,17.697359063354156,0.0,forecast,unstable_trend_disabled,decomposition,IEK
030200441_,шт,2026-09-01,59.43203278869005,54.57453426327442,1.0890066876609967,0.0,2.0,0.0,54.57453426327442,0.0,forecast,unstable_trend_disabled,decomposition,IEK
030200442_,шт,2026-09-01,13.5,13.5,1.0,0.0,2.0,0.0,13.5,0.0,forecast,neutral_seasonality_insufficient_evidence;insufficient_recent_history,decomposition,IEK
030200443_,шт,2026-09-01,293.873940908731,249.0339298925886,1.1800558302857866,0.0,2.0,0.0,249.0339298925886,0.0,forecast,unstable_trend_disabled,decomposition,IEK
030200444_,шт,2026-09-01,57.455540613869914,67.26046883941866,0.8542245037132052,-0.0,2.0,-0.0,67.26046883941866,0.0,forecast,,decomposition,IEK
030200445_,шт,2026-09-01,27.74925251202825,29.323754896945463,0.9463062493036585,0.0,2.0,0.0,29.323754896945463,0.0,forecast,unstable_trend_disabled,decomposition,IEK
030200446_,шт,2026-09-01,15.80215474854724,11.185983199742262,1.4126746363172922,0.0,2.0,0.0,11.185983199742262,0.0,forecast,unstable_trend_disabled,decomposition,IEK
030200447_,шт,2026-09-01,17.5,17.5,1.0,0.0,2.0,0.0,17.5,0.0,forecast,neutral_seasonality_insufficient_evidence;unstable_trend_disabled,decomposition,IEK
030200448_,шт,2026-09-01,928.3955994608524,834.9622478193977,1.1119012888133168,-0.0,2.0,-0.0,834.9622478193977,0.0,forecast,,decomposition,IEK
030200449_,шт,2026-09-01,48.36381856121908,43.888914208959484,1.1019597871789246,0.0,2.0,0.0,43.888914208959484,0.0,forecast,unstable_trend_disabled,decomposition,IEK
030200450_,шт,2026-09-01,398.1530466272654,303.91253926052286,1.3100908820545794,0.0,2.0,0.0,303.91253926052286,0.0,forecast,unstable_trend_disabled,decomposition,IEK
030200451_,шт,2026-09-01,36.45024387739067,26.261377711913998,1.3879791181273131,0.0,2.0,0.0,26.261377711913998,0.0,forecast,unstable_trend_disabled,decomposition,IEK
030200452_,шт,2026-09-01,39.29390494622408,39.9951686049397,0.9824662907252001,0.0,2.0,0.0,39.9951686049397,0.0,forecast,unstable_trend_disabled,decomposition,IEK
030200453_,шт,2026-09-01,198.11569004789655,190.71294223672126,1.0388161795647128,0.0,2.0,0.0,190.71294223672126,0.0,forecast,unstable_trend_disabled,decomposition,IEK
030200454_,шт,2026-09-01,96.2643056097772,91.89766508054156,1.0475163381507964,0.0,2.0,0.0,91.89766508054156,0.0,forecast,unstable_trend_disabled,decomposition,IEK
030200455_,шт,2026-09-01,2.0,2.0,1.0,0.0,1.5,0.0,2.0,0.0,forecast,neutral_seasonality_insufficient_evidence;unstable_trend_disabled,decomposition,IEK
030200456_,шт,2026-09-01,8.556251543282313,12.868111279434755,0.664918989079348,0.0,2.0,0.0,12.868111279434755,0.0,forecast,unstable_trend_disabled,decomposition,IEK
030200457_,шт,2026-09-01,253.76584978067393,233.06302966910775,1.08882927567259,0.0,2.0,0.0,233.06302966910775,0.0,forecast,unstable_trend_disabled,decomposition,IEK
030200458_,шт,2026-09-01,1362.5939973404118,942.8472554965851,1.445190606852593,0.0,2.0,0.0,942.8472554965851,0.0,forecast,unstable_trend_disabled,decomposition,IEK
030200459_,шт,2026-09-01,109.07178889492845,162.16860998765193,0.6725826218972558,0.0,2.0,0.0,162.16860998765193,0.0,forecast,unstable_trend_disabled,decomposition,IEK
030200460_,шт,2026-09-01,1699.2819090828712,1621.5874950644393,1.0479125636173856,0.0,2.0,0.0,1621.5874950644393,0.0,forecast,unstable_trend_disabled,decomposition,IEK
030200461_,шт,2026-09-01,968.5947489696447,1121.3091725772722,0.8638070325808348,0.0,2.0,0.0,1121.3091725772722,0.0,forecast,unstable_trend_disabled,decomposition,IEK
030200462_,шт,2026-09-01,26.769456956958116,27.025408294191095,0.9905292332886607,0.0,2.0,0.0,27.025408294191095,0.0,forecast,unstable_trend_disabled,decomposition,IEK
030200463_,шт,2026-09-01,1697.0472365141477,1696.4757253203031,1.0003368814450537,-0.0,2.0,-0.0,1696.4757253203031,0.0,forecast,,decomposition,IEK
030200464_,шт,2026-09-01,653.8418895315058,620.899485937592,1.0530559363310938,0.0,2.0,0.0,620.899485937592,0.0,forecast,unstable_trend_disabled,decomposition,IEK
030200465_,шт,2026-09-01,319.2618467428054,364.03484065298926,0.8770090416898776,0.0,2.0,0.0,364.03484065298926,0.0,forecast,unstable_trend_disabled,decomposition,IEK
030200466_,шт,2026-09-01,79.57969843601427,73.57974067271347,1.0815436111685814,-0.0,2.0,-0.0,73.57974067271347,0.0,forecast,,decomposition,IEK
030200467_,шт,2026-09-01,107.07555301197041,73.98752584326014,1.4472108884787693,0.0,2.0,0.0,73.98752584326014,0.0,forecast,unstable_trend_disabled,decomposition,IEK
030200468_,шт,2026-09-01,23.0,23.0,1.0,0.0,2.0,0.0,23.0,0.0,forecast,neutral_seasonality_insufficient_evidence;unstable_trend_disabled,decomposition,IEK
030200469_,шт,2026-09-01,4.666666666666667,4.666666666666667,1.0,-0.0,2.0,-0.0,4.666666666666667,0.0,forecast,neutral_seasonality_insufficient_evidence,decomposition,IEK
030200470_,шт,2026-09-01,50.70789381465477,55.15806415655021,0.91931967863729,0.0,2.0,0.0,55.15806415655021,0.0,forecast,unstable_trend_disabled,decomposition,IEK
030200471_,шт,2026-09-01,282.0,282.0,1.0,0.0,2.0,0.0,282.0,0.0,forecast,neutral_seasonality_insufficient_evidence;unstable_trend_disabled,decomposition,IEK
030200472_,шт,2026-09-01,137.00604579787424,129.09484556769695,1.0612820767195439,0.0,2.0,0.0,129.09484556769695,0.0,forecast,unstable_trend_disabled,decomposition,IEK
030200473_,шт,2026-09-01,7.333333333333333,7.333333333333333,1.0,0.0,2.0,0.0,7.333333333333333,0.0,forecast,neutral_seasonality_insufficient_evidence;unstable_trend_disabled,decomposition,IEK
030200474_,шт,2026-09-01,66.60295769223013,71.6514710651374,0.9295406877506014,-0.0,2.0,-0.0,71.6514710651374,0.0,forecast,,decomposition,IEK
030200475_,шт,2026-09-01,5.0,5.0,1.0,-0.0,2.0,-0.0,5.0,0.0,forecast,neutral_seasonality_insufficient_evidence,decomposition,IEK
030200476_,шт,2026-09-01,8.255031058471378,14.12877954448191,0.584270639405329,0.0,2.0,0.0,14.12877954448191,0.0,forecast,unstable_trend_disabled,decomposition,IEK
030200477_,шт,2026-09-01,26.903207170612333,25.320384424954796,1.0625117975735616,0.0,2.0,0.0,25.320384424954796,0.0,forecast,unstable_trend_disabled,decomposition,IEK
030200478_,шт,2026-09-01,91.38705095002625,79.4696549747095,1.1499615919952006,0.0,2.0,0.0,79.4696549747095,0.0,forecast,unstable_trend_disabled,decomposition,IEK
030200479_,шт,2026-09-01,32.333333333333336,32.333333333333336,1.0,-0.0,2.0,-0.0,32.333333333333336,0.0,forecast,neutral_seasonality_insufficient_evidence,decomposition,IEK
030200480_,шт,2026-09-01,383.0278095122858,386.2940128515497,0.9915447735905782,0.0,2.0,0.0,386.2940128515497,0.0,forecast,unstable_trend_disabled,decomposition,IEK
030200481_,шт,2026-09-01,115.37347013360204,116.44491626019855,0.9907986869585415,0.0,2.0,0.0,116.44491626019855,0.0,forecast,unstable_trend_disabled,decomposition,IEK
030200482_,шт,2026-09-01,76.2833250822818,74.41340673439514,1.0251287829699962,0.0,2.0,0.0,74.41340673439514,0.0,forecast,unstable_trend_disabled,decomposition,IEK
030200483_,шт,2026-09-01,10.925934123678195,12.092864164435973,0.9035025925297653,-0.0,2.0,-0.0,12.092864164435973,0.0,forecast,,decomposition,IEK
030200484_,шт,2026-09-01,10.119772164694599,7.406434953700645,1.3663486181888667,0.0,2.0,0.0,7.406434953700645,0.0,forecast,unstable_trend_disabled,decomposition,IEK
030200485_,шт,2026-09-01,1991.9395127145315,2125.336054224688,0.9372350827790297,0.0,2.0,0.0,2125.336054224688,0.0,forecast,unstable_trend_disabled,decomposition,IEK
030200486_,шт,2026-09-01,636.5940124348083,660.2485230172406,0.9641733229870253,0.0,2.0,0.0,660.2485230172406,0.0,forecast,unstable_trend_disabled,decomposition,IEK
030200487_,шт,2026-09-01,37.159630980755125,29.19309572140057,1.2728910744986366,0.0,2.0,0.0,29.19309572140057,0.0,forecast,unstable_trend_disabled,decomposition,IEK
030200488_,шт,2026-09-01,405.8986392699261,382.34039529890333,1.0616158906060804,0.0,2.0,0.0,382.34039529890333,0.0,forecast,unstable_trend_disabled,decomposition,IEK
030200489_,шт,2026-09-01,12.313960060665327,15.186902920632038,0.8108276009281854,0.0,2.0,0.0,15.186902920632038,0.0,forecast,unstable_trend_disabled,decomposition,IEK
030200490_,шт,2026-09-01,64.68521453751082,73.65768040541887,0.8781869613796857,0.0,2.0,0.0,73.65768040541887,0.0,forecast,unstable_trend_disabled,decomposition,IEK
030200491_,шт,2026-09-01,74.62588558592115,81.28049628431091,0.9181278289060563,0.0,2.0,0.0,81.28049628431091,0.0,forecast,unstable_trend_disabled,decomposition,IEK
030200492_,шт,2026-09-01,512.3262688899695,519.6123215465207,0.9859779063074068,0.0,2.0,0.0,519.6123215465207,0.0,forecast,unstable_trend_disabled,decomposition,IEK
030200493_,шт,2026-09-01,115.26959050063924,116.39494515422825,0.9903315848287237,0.0,2.0,0.0,116.39494515422825,0.0,forecast,unstable_trend_disabled,decomposition,IEK
030200494_,шт,2026-09-01,1949.0207450103937,1976.6153147231096,0.9860394840072453,0.0,2.0,0.0,1976.6153147231096,0.0,forecast,unstable_trend_disabled,decomposition,IEK
030200495_,шт,2026-09-01,410.4740657579129,480.40757386456136,0.8544287977308942,0.0,2.0,0.0,480.40757386456136,0.0,forecast,unstable_trend_disabled,decomposition,IEK
030200496_,шт,2026-09-01,169.53697894521926,181.7476824953089,0.9328150797718985,-0.0,2.0,-0.0,181.7476824953089,0.0,forecast,,decomposition,IEK
030200497_,шт,2026-09-01,62.4112316466216,60.66843604020266,1.0287265622813164,0.0,2.0,0.0,60.66843604020266,0.0,forecast,unstable_trend_disabled,decomposition,IEK
030200498_,шт,2026-09-01,33.828325405936226,46.53206856701363,0.7269895031040372,0.0,2.0,0.0,46.53206856701363,0.0,forecast,unstable_trend_disabled,decomposition,IEK
030200499_,шт,2026-09-01,171.99542510570103,207.4001196640295,0.8292927958977022,0.0,2.0,0.0,207.4001196640295,0.0,forecast,unstable_trend_disabled,decomposition,IEK
030200500_,шт,2026-09-01,123.26013240848974,153.11294964074364,0.8050274826374972,0.0,2.0,0.0,153.11294964074364,0.0,forecast,unstable_trend_disabled,decomposition,IEK
030200501_,шт,2026-09-01,12.666666666666666,12.666666666666666,1.0,0.0,2.0,0.0,12.666666666666666,0.0,forecast,neutral_seasonality_insufficient_evidence;insufficient_recent_history,decomposition,IEK
030200502_,шт,2026-09-01,61.728171945537625,76.3435809188,0.8085574609238266,0.0,2.0,0.0,76.3435809188,0.0,forecast,unstable_trend_disabled,decomposition,IEK
030200503_,шт,2026-09-01,3.5,3.5,1.0,0.0,2.0,0.0,3.5,0.0,forecast,neutral_seasonality_insufficient_evidence;insufficient_recent_history,decomposition,IEK
030200504_,шт,2026-09-01,30.5,30.5,1.0,0.0,1.5,0.0,30.5,0.0,forecast,neutral_seasonality_insufficient_evidence;unstable_trend_disabled,decomposition,IEK
030200505_,шт,2026-09-01,24.918603063279793,33.06058269573019,0.753725464932536,0.0,1.0,0.0,33.06058269573019,0.0,forecast,unstable_trend_disabled,decomposition,IEK
030200506_,шт,2026-09-01,86.37357444605819,83.9921449825626,1.028353002105018,0.0,2.0,0.0,83.9921449825626,0.0,forecast,unstable_trend_disabled,decomposition,IEK
030200507_,шт,2026-09-01,32.17434468859563,40.65730549964211,0.7913545743674245,0.0,2.0,0.0,40.65730549964211,0.0,forecast,unstable_trend_disabled,decomposition,IEK
030200508_,шт,2026-09-01,345.0031710344368,420.4312341904446,0.8205935786354045,0.0,2.0,0.0,420.4312341904446,0.0,forecast,unstable_trend_disabled,decomposition,IEK
030200509_,шт,2026-09-01,65.05493587923868,84.79906976464868,0.767165678347559,0.0,2.0,0.0,84.79906976464868,0.0,forecast,unstable_trend_disabled,decomposition,IEK
030200510_,шт,2026-09-01,26.787499741140852,30.46363376351337,0.8793271331020442,0.0,2.0,0.0,30.46363376351337,0.0,forecast,unstable_trend_disabled,decomposition,IEK
030200511_,шт,2026-09-01,16.0,16.0,1.0,0.0,2.0,0.0,16.0,0.0,forecast,neutral_seasonality_insufficient_evidence;unstable_trend_disabled,decomposition,IEK
030200512_,шт,2026-09-01,17.666666666666668,17.666666666666668,1.0,0.0,2.0,0.0,17.666666666666668,0.0,forecast,neutral_seasonality_insufficient_evidence;insufficient_recent_history,decomposition,IEK
030200513_,шт,2026-09-01,7.0,7.0,1.0,0.0,5.0,0.0,7.0,0.0,forecast,neutral_seasonality_insufficient_evidence;insufficient_recent_history;6_calendar_months,decomposition,IEK
030200514_,шт,2026-09-01,328.39608360476063,401.3899665768649,0.8181472157996103,-0.0,2.0,-0.0,401.3899665768649,0.0,forecast,,decomposition,IEK
030200515_,шт,2026-09-01,169.05278544856108,185.88249923995718,0.909460471748497,0.0,2.0,0.0,185.88249923995718,0.0,forecast,unstable_trend_disabled,decomposition,IEK
030200516_,шт,2026-09-01,227.18820262112277,230.14160304757283,0.9871670293969423,-0.0,2.0,-0.0,230.14160304757283,0.0,forecast,,decomposition,IEK
030200517_,шт,2026-09-01,975.6213256040857,692.3674071018173,1.409109261350042,0.0,2.0,0.0,692.3674071018173,0.0,forecast,unstable_trend_disabled,decomposition,IEK
030200518_,шт,2026-09-01,347.324824603108,334.67814600477396,1.0377875841291222,0.0,2.0,0.0,334.67814600477396,0.0,forecast,unstable_trend_disabled,decomposition,IEK
030200519_,шт,2026-09-01,11.0,11.0,1.0,0.0,2.0,0.0,11.0,0.0,forecast,neutral_seasonality_insufficient_evidence;unstable_trend_disabled,decomposition,IEK
030200520_,шт,2026-09-01,12.0,12.0,1.0,0.0,1.0,0.0,12.0,0.0,forecast,neutral_seasonality_insufficient_evidence;insufficient_recent_history,decomposition,IEK
030200521_,шт,2026-09-01,31.8,31.8,1.0,0.0,21.0,0.0,31.8,0.0,forecast,neutral_seasonality_insufficient_evidence;insufficient_recent_history;all_known_history_stale,decomposition,IEK
030200522_,шт,2026-09-01,98.06577558767444,79.76593010954461,1.229419320416601,0.0,2.0,0.0,79.76593010954461,0.0,forecast,unstable_trend_disabled,decomposition,IEK
030200523_,шт,2026-09-01,,,1.0,0.0,,,,0.0,insufficient_history,,decomposition,IEK
030200524_,шт,2026-09-01,11.1,11.1,1.0,0.0,23.400000000001455,0.0,11.1,0.0,forecast,neutral_seasonality_insufficient_evidence;insufficient_recent_history;all_known_history_stale,decomposition,IEK
030200525_,шт,2026-09-01,125.12887099370155,115.8385242219076,1.0802008384878659,-0.0,2.0,-0.0,115.8385242219076,0.0,forecast,,decomposition,IEK
030200527_,шт,2026-09-01,16.0,16.0,1.0,0.0,1.5,0.0,16.0,0.0,forecast,neutral_seasonality_insufficient_evidence;unstable_trend_disabled,decomposition,IEK
030200528_,шт,2026-09-01,205.56114321186072,146.00981071293378,1.4078584323077394,0.0,2.0,0.0,146.00981071293378,0.0,forecast,unstable_trend_disabled,decomposition,IEK
030200529_,шт,2026-09-01,5.0,5.0,1.0,0.0,15.75,0.0,5.0,0.0,forecast,neutral_seasonality_insufficient_evidence;insufficient_recent_history;all_known_history_stale,decomposition,IEK
030200530_,шт,2026-09-01,45.333333333333336,45.333333333333336,1.0,0.0,2.0,0.0,45.333333333333336,0.0,forecast,neutral_seasonality_insufficient_evidence;unstable_trend_disabled,decomposition,IEK
030200531_,шт,2026-09-01,248.3127919517098,289.41296253734,0.8579878032231282,0.0,2.0,0.0,289.41296253734,0.0,forecast,unstable_trend_disabled,decomposition,IEK
030200532_,шт,2026-09-01,1.4,1.4,1.0,0.0,20.400000000001455,0.0,1.4,0.0,forecast,neutral_seasonality_insufficient_evidence;insufficient_recent_history;all_known_history_stale,decomposition,IEK
030200533_,шт,2026-09-01,11.479117445609523,9.085636887099675,1.2634356389377892,-0.0,2.0,-0.0,9.085636887099675,0.0,forecast,,decomposition,IEK
030200534_,шт,2026-09-01,373.09258318568357,251.05407305300227,1.4861044819890918,0.0,2.0,0.0,251.05407305300227,0.0,forecast,unstable_trend_disabled,decomposition,IEK
030200535_,шт,2026-09-01,4.444444444444445,4.444444444444445,1.0,0.0,26.222222222222626,0.0,4.444444444444445,0.0,forecast,neutral_seasonality_insufficient_evidence;insufficient_recent_history;all_known_history_stale,decomposition,IEK
030200536_,шт,2026-09-01,223.19471424046486,267.37406562486433,0.8347657568016161,0.0,2.0,0.0,267.37406562486433,0.0,forecast,unstable_trend_disabled,decomposition,IEK
030200538_,шт,2026-09-01,2.0,2.0,1.0,0.0,2.0,0.0,2.0,0.0,forecast,neutral_seasonality_insufficient_evidence;insufficient_recent_history,decomposition,IEK
030200539_,шт,2026-09-01,5.5,5.5,1.0,0.0,2.0,0.0,5.5,0.0,forecast,neutral_seasonality_insufficient_evidence;insufficient_recent_history,decomposition,IEK
030200540_,шт,2026-09-01,5.0,5.0,1.0,0.0,1.0,0.0,5.0,0.0,forecast,neutral_seasonality_insufficient_evidence;insufficient_recent_history,decomposition,IEK
030200541_,шт,2026-09-01,9.0,9.0,1.0,0.0,1.0,0.0,9.0,0.0,forecast,neutral_seasonality_insufficient_evidence;insufficient_recent_history,decomposition,IEK
030200542_,шт,2026-09-01,6.0,6.0,1.0,0.0,2.0,0.0,6.0,0.0,forecast,neutral_seasonality_insufficient_evidence;insufficient_recent_history,decomposition,IEK
030200543_,шт,2026-09-01,9.333333333333334,9.333333333333334,1.0,0.0,2.0,0.0,9.333333333333334,0.0,forecast,neutral_seasonality_insufficient_evidence;unstable_trend_disabled,decomposition,IEK
030200550_,шт,2026-09-01,51.611111111111114,51.611111111111114,1.0,0.0,22.388888888890506,0.0,51.611111111111114,0.0,forecast,neutral_seasonality_insufficient_evidence;insufficient_recent_history;all_known_history_stale,decomposition,IEK
030200551_,шт,2026-09-01,6.453262722422426,6.928726278977398,0.9313779275712498,0.0,2.5,0.0,6.928726278977398,0.0,forecast,insufficient_recent_history,decomposition,IEK
030200552_,шт,2026-09-01,3.6,3.6,1.0,0.0,22.599999999998545,0.0,3.6,0.0,forecast,neutral_seasonality_insufficient_evidence;insufficient_recent_history;all_known_history_stale,decomposition,IEK
030200553_,шт,2026-09-01,2.4049779577059587,2.6835669240687303,0.8961870621283464,0.0,2.5,0.0,2.6835669240687303,0.0,forecast,unstable_trend_disabled,decomposition,IEK
030200554_,шт,2026-09-01,4.666666666666667,4.666666666666667,1.0,0.0,19.5,0.0,4.666666666666667,0.0,forecast,neutral_seasonality_insufficient_evidence;insufficient_recent_history;all_known_history_stale,decomposition,IEK
030200555_,шт,2026-09-01,1.0,1.0,1.0,0.0,2.0,0.0,1.0,0.0,forecast,neutral_seasonality_insufficient_evidence;insufficient_recent_history,decomposition,IEK
030200556_,шт,2026-09-01,3.0,3.0,1.0,0.0,1.5,0.0,3.0,0.0,forecast,neutral_seasonality_insufficient_evidence;insufficient_recent_history,decomposition,IEK
030200557_,шт,2026-09-01,17.5,17.5,1.0,0.0,2.5,0.0,17.5,0.0,forecast,neutral_seasonality_insufficient_evidence;insufficient_recent_history,decomposition,IEK
030200558_,шт,2026-09-01,6.4,6.4,1.0,0.0,25.0,0.0,6.4,0.0,forecast,neutral_seasonality_insufficient_evidence;insufficient_recent_history;all_known_history_stale,decomposition,IEK
030200559_,шт,2026-09-01,13.0,13.0,1.0,0.0,2.5,0.0,13.0,0.0,forecast,neutral_seasonality_insufficient_evidence;unstable_trend_disabled,decomposition,IEK
030200560_,шт,2026-09-01,8.5,8.5,1.0,0.0,2.5,0.0,8.5,0.0,forecast,neutral_seasonality_insufficient_evidence;insufficient_recent_history,decomposition,IEK
030200561_,шт,2026-09-01,4.0,4.0,1.0,0.0,1.5,0.0,4.0,0.0,forecast,neutral_seasonality_insufficient_evidence;insufficient_recent_history,decomposition,IEK
030200562_,шт,2026-09-01,1.0,1.0,1.0,0.0,2.5,0.0,1.0,0.0,forecast,neutral_seasonality_insufficient_evidence;insufficient_recent_history,decomposition,IEK
030200563_,шт,2026-09-01,5.909090909090909,5.909090909090909,1.0,0.0,23.727272727272066,0.0,5.909090909090909,0.0,forecast,neutral_seasonality_insufficient_evidence;insufficient_recent_history;all_known_history_stale,decomposition,IEK
030200564_,шт,2026-09-01,1.0,1.0,1.0,0.0,4.0,0.0,1.0,0.0,forecast,neutral_seasonality_insufficient_evidence;insufficient_recent_history;6_calendar_months,decomposition,IEK
030200565_,шт,2026-09-01,31.0,31.0,1.0,0.0,2.5,0.0,31.0,0.0,forecast,neutral_seasonality_insufficient_evidence;unstable_trend_disabled,decomposition,IEK
030200566_,шт,2026-09-01,1.0,1.0,1.0,0.0,5.0,0.0,1.0,0.0,forecast,neutral_seasonality_insufficient_evidence;insufficient_recent_history;6_calendar_months,decomposition,IEK
030200567_,шт,2026-09-01,11.0,11.0,1.0,0.0,1.0,0.0,11.0,0.0,forecast,neutral_seasonality_insufficient_evidence;insufficient_recent_history,decomposition,IEK
030200568_,шт,2026-09-01,14.0,14.0,1.0,0.0,2.0,0.0,14.0,0.0,forecast,neutral_seasonality_insufficient_evidence;insufficient_recent_history,decomposition,IEK
030200739_,шт,2026-09-01,6.0,6.0,1.0,0.0,3.0,0.0,6.0,0.0,forecast,neutral_seasonality_insufficient_evidence;insufficient_recent_history,decomposition,IEK
030200740_,шт,2026-09-01,16.0,16.0,1.0,0.0,1.0,0.0,16.0,0.0,forecast,neutral_seasonality_insufficient_evidence;insufficient_recent_history,decomposition,IEK
030200741_,шт,2026-09-01,8.333333333333334,8.333333333333334,1.0,0.0,2.0,0.0,8.333333333333334,0.0,forecast,neutral_seasonality_insufficient_evidence;insufficient_recent_history,decomposition,IEK
030200742_,шт,2026-09-01,2.5,2.5,1.0,0.0,1.5,0.0,2.5,0.0,forecast,neutral_seasonality_insufficient_evidence;insufficient_recent_history,decomposition,IEK
030200743_,шт,2026-09-01,6.5,6.5,1.0,0.0,2.0,0.0,6.5,0.0,forecast,neutral_seasonality_insufficient_evidence;unstable_trend_disabled,decomposition,IEK
030200744_,шт,2026-09-01,29.635638884953714,30.50260049476655,0.9715774525532148,0.0,2.0,0.0,30.50260049476655,0.0,forecast,unstable_trend_disabled,decomposition,IEK
030200745_,шт,2026-09-01,2.0,2.0,1.0,0.0,4.0,0.0,2.0,0.0,forecast,neutral_seasonality_insufficient_evidence;insufficient_recent_history;6_calendar_months,decomposition,IEK
030200746_,шт,2026-09-01,5.0,5.0,1.0,0.0,21.66666666666788,0.0,5.0,0.0,forecast,neutral_seasonality_insufficient_evidence;insufficient_recent_history;all_known_history_stale,decomposition,IEK
030200747_,шт,2026-09-01,1.0,1.0,1.0,0.0,2.5,0.0,1.0,0.0,forecast,neutral_seasonality_insufficient_evidence;insufficient_recent_history,decomposition,IEK
030200748_,шт,2026-09-01,1.5,1.5,1.0,0.0,2.0,0.0,1.5,0.0,forecast,neutral_seasonality_insufficient_evidence;insufficient_recent_history,decomposition,IEK
030200751_,шт,2026-09-01,4.5,4.5,1.0,0.0,2.5,0.0,4.5,0.0,forecast,neutral_seasonality_insufficient_evidence;insufficient_recent_history,decomposition,IEK
030200752_,шт,2026-09-01,6.9258945503249345,7.647146644157836,0.9056835016517025,0.0,2.0,0.0,7.647146644157836,0.0,forecast,unstable_trend_disabled,decomposition,IEK
030200753_,шт,2026-09-01,16.93920480315587,21.772486189338476,0.7780096703632605,0.0,2.0,0.0,21.772486189338476,0.0,forecast,unstable_trend_disabled,decomposition,IEK
030200754_,шт,2026-09-01,,,1.0,0.0,,,,0.0,insufficient_history,,decomposition,IEK
030200755_,шт,2026-09-01,1.5,1.5,1.0,0.0,2.5,0.0,1.5,0.0,forecast,neutral_seasonality_insufficient_evidence;insufficient_recent_history,decomposition,IEK
030200756_,шт,2026-09-01,3.0,3.0,1.0,0.0,1.5,0.0,3.0,0.0,forecast,neutral_seasonality_insufficient_evidence;insufficient_recent_history,decomposition,IEK
030200757_,шт,2026-09-01,2.0,2.0,1.0,0.0,2.0,0.0,2.0,0.0,forecast,neutral_seasonality_insufficient_evidence;insufficient_recent_history,decomposition,IEK
030200758_,шт,2026-09-01,3.4153490061336105,4.0033937187964455,0.8531134447501654,0.0,2.0,0.0,4.0033937187964455,0.0,forecast,unstable_trend_disabled,decomposition,IEK
030200759_,шт,2026-09-01,1.5,1.5,1.0,0.0,17.0,0.0,1.5,0.0,forecast,neutral_seasonality_insufficient_evidence;insufficient_recent_history;all_known_history_stale,decomposition,IEK
030200761_,шт,2026-09-01,,,1.0,0.0,,,,0.0,insufficient_history,,decomposition,IEK
030200764_,шт,2026-09-01,,,1.0,0.0,,,,0.0,insufficient_history,,decomposition,IEK
030200765_,шт,2026-09-01,4.666666666666667,4.666666666666667,1.0,0.0,14.66666666666788,0.0,4.666666666666667,0.0,forecast,neutral_seasonality_insufficient_evidence;insufficient_recent_history;all_known_history_stale,decomposition,IEK
030200766_,шт,2026-09-01,,,1.0,0.0,,,,0.0,insufficient_history,,decomposition,IEK
030200767_,шт,2026-09-01,1.6666666666666667,1.6666666666666667,1.0,0.0,16.33333333333212,0.0,1.6666666666666667,0.0,forecast,neutral_seasonality_insufficient_evidence;insufficient_recent_history;all_known_history_stale,decomposition,IEK
030200768_,шт,2026-09-01,2.0,2.0,1.0,0.0,18.0,0.0,2.0,0.0,forecast,neutral_seasonality_insufficient_evidence;insufficient_recent_history;all_known_history_stale,decomposition,IEK
030200769_,шт,2026-09-01,,,1.0,0.0,,,,0.0,insufficient_history,,decomposition,IEK
030200770_,шт,2026-09-01,5.2,5.2,1.0,0.0,22.200000000000728,0.0,5.2,0.0,forecast,neutral_seasonality_insufficient_evidence;insufficient_recent_history;all_known_history_stale,decomposition,IEK
030200771_,шт,2026-09-01,4.0,4.0,1.0,0.0,2.0,0.0,4.0,0.0,forecast,neutral_seasonality_insufficient_evidence;unstable_trend_disabled,decomposition,IEK
030200772_,шт,2026-09-01,2.0,2.0,1.0,0.0,2.0,0.0,2.0,0.0,forecast,neutral_seasonality_insufficient_evidence;insufficient_recent_history,decomposition,IEK
030200773_,шт,2026-09-01,5.333333333333333,5.333333333333333,1.0,0.0,2.0,0.0,5.333333333333333,0.0,forecast,neutral_seasonality_insufficient_evidence;unstable_trend_disabled,decomposition,IEK
030200774_,шт,2026-09-01,27.5,27.5,1.0,0.0,2.0,0.0,27.5,0.0,forecast,neutral_seasonality_insufficient_evidence;unstable_trend_disabled,decomposition,IEK
030200775_,шт,2026-09-01,6.0,6.0,1.0,0.0,4.0,0.0,6.0,0.0,forecast,neutral_seasonality_insufficient_evidence;insufficient_recent_history;6_calendar_months,decomposition,IEK
030200776_,шт,2026-09-01,4.0,4.0,1.0,0.0,2.0,0.0,4.0,0.0,forecast,neutral_seasonality_insufficient_evidence;unstable_trend_disabled,decomposition,IEK
030200777_,шт,2026-09-01,7.0,7.0,1.0,0.0,1.0,0.0,7.0,0.0,forecast,neutral_seasonality_insufficient_evidence;insufficient_recent_history,decomposition,IEK
030200778_,шт,2026-09-01,5.5,5.5,1.0,0.0,2.0,0.0,5.5,0.0,forecast,neutral_seasonality_insufficient_evidence;insufficient_recent_history,decomposition,IEK
030200779_,шт,2026-09-01,8.0,8.0,1.0,0.0,2.0,0.0,8.0,0.0,forecast,neutral_seasonality_insufficient_evidence;insufficient_recent_history,decomposition,IEK
030200780_,шт,2026-09-01,10.484606788770394,9.572675216405917,1.0952640251286896,0.0,2.0,0.0,9.572675216405917,0.0,forecast,unstable_trend_disabled,decomposition,IEK
030200781_,шт,2026-09-01,3.0,3.0,1.0,0.0,24.857142857141298,0.0,3.0,0.0,forecast,neutral_seasonality_insufficient_evidence;insufficient_recent_history;all_known_history_stale,decomposition,IEK
030200782_,шт,2026-09-01,30.0,30.0,1.0,0.0,2.0,0.0,30.0,0.0,forecast,neutral_seasonality_insufficient_evidence;insufficient_recent_history,decomposition,IEK
030200784_,шт,2026-09-01,,,1.0,0.0,,,,0.0,insufficient_history,,decomposition,IEK
030200785_,шт,2026-09-01,9.7,9.7,1.0,0.0,24.900000000001455,0.0,9.7,0.0,forecast,neutral_seasonality_insufficient_evidence;insufficient_recent_history;all_known_history_stale,decomposition,IEK
030200786_,шт,2026-09-01,,,1.0,0.0,,,,0.0,insufficient_history,,decomposition,IEK
030200787_,шт,2026-09-01,1.0,1.0,1.0,0.0,5.5,0.0,1.0,0.0,forecast,neutral_seasonality_insufficient_evidence;insufficient_recent_history;6_calendar_months,decomposition,IEK
030200789_,шт,2026-09-01,3.6,3.6,1.0,0.0,24.099999999998545,0.0,3.6,0.0,forecast,neutral_seasonality_insufficient_evidence;insufficient_recent_history;all_known_history_stale,decomposition,IEK
030200809_,шт,2026-09-01,4.0,4.0,1.0,0.0,25.0,0.0,4.0,0.0,forecast,neutral_seasonality_insufficient_evidence;insufficient_recent_history;all_known_history_stale,decomposition,IEK
030200810_,шт,2026-09-01,49.480333174680354,62.47661481921665,0.791981660943978,0.0,2.0,0.0,62.47661481921665,0.0,forecast,unstable_trend_disabled,decomposition,IEK
030200811_,шт,2026-09-01,23.26742436658757,31.277144174927646,0.7439114081661963,0.0,2.0,0.0,31.277144174927646,0.0,forecast,unstable_trend_disabled,decomposition,IEK
030200812_,шт,2026-09-01,12.0,12.0,1.0,0.0,2.0,0.0,12.0,0.0,forecast,neutral_seasonality_insufficient_evidence;insufficient_recent_history,decomposition,IEK
030200813_,шт,2026-09-01,9.666666666666666,9.666666666666666,1.0,-0.0,2.0,-0.0,9.666666666666666,0.0,forecast,neutral_seasonality_insufficient_evidence,decomposition,IEK
030200814_,шт,2026-09-01,2.0,2.0,1.0,0.0,2.0,0.0,2.0,0.0,forecast,neutral_seasonality_insufficient_evidence;insufficient_recent_history,decomposition,IEK
030200815_,шт,2026-09-01,3.5,3.5,1.0,0.0,2.5,0.0,3.5,0.0,forecast,neutral_seasonality_insufficient_evidence;unstable_trend_disabled,decomposition,IEK
030200816_,шт,2026-09-01,8.666666666666666,8.666666666666666,1.0,0.0,2.0,0.0,8.666666666666666,0.0,forecast,neutral_seasonality_insufficient_evidence;unstable_trend_disabled,decomposition,IEK
030200817_,шт,2026-09-01,12.666666666666666,12.666666666666666,1.0,0.0,2.0,0.0,12.666666666666666,0.0,forecast,neutral_seasonality_insufficient_evidence;unstable_trend_disabled,decomposition,IEK
030200818_,шт,2026-09-01,7.5,7.5,1.0,0.0,2.5,0.0,7.5,0.0,forecast,neutral_seasonality_insufficient_evidence;insufficient_recent_history,decomposition,IEK
030200819_,шт,2026-09-01,48.746857961930075,54.98983097440967,0.8864704091310109,0.0,2.0,0.0,54.98983097440967,0.0,forecast,unstable_trend_disabled,decomposition,IEK
030200820_,шт,2026-09-01,11.60711226063653,14.65585757203182,0.791977692440646,0.0,2.0,0.0,14.65585757203182,0.0,forecast,unstable_trend_disabled,decomposition,IEK
030200821_,шт,2026-09-01,12.333333333333334,12.333333333333334,1.0,0.0,2.0,0.0,12.333333333333334,0.0,forecast,neutral_seasonality_insufficient_evidence;unstable_trend_disabled,decomposition,IEK
030200822_,шт,2026-09-01,8.0,8.0,1.0,0.0,1.0,0.0,8.0,0.0,forecast,neutral_seasonality_insufficient_evidence;insufficient_recent_history,decomposition,IEK
030200823_,шт,2026-09-01,3.5,3.5,1.0,0.0,1.5,0.0,3.5,0.0,forecast,neutral_seasonality_insufficient_evidence;insufficient_recent_history,decomposition,IEK
030200824_,шт,2026-09-01,1.5,1.5,1.0,0.0,2.0,0.0,1.5,0.0,forecast,neutral_seasonality_insufficient_evidence;insufficient_recent_history,decomposition,IEK
030200825_,шт,2026-09-01,4.454545454545454,4.454545454545454,1.0,0.0,19.818181818180165,0.0,4.454545454545454,0.0,forecast,neutral_seasonality_insufficient_evidence;insufficient_recent_history;all_known_history_stale,decomposition,IEK
030200826_,шт,2026-09-01,5.333333333333333,5.333333333333333,1.0,0.0,16.0,0.0,5.333333333333333,0.0,forecast,neutral_seasonality_insufficient_evidence;insufficient_recent_history;all_known_history_stale,decomposition,IEK
030200827_,шт,2026-09-01,188.5751421624865,173.2690655163564,1.088337041586256,0.0,2.0,0.0,173.2690655163564,0.0,forecast,unstable_trend_disabled,decomposition,IEK
030200828_,шт,2026-09-01,27.076643946775715,34.88824594628881,0.7760964534720598,0.0,2.0,0.0,34.88824594628881,0.0,forecast,unstable_trend_disabled,decomposition,IEK
030200829_,шт,2026-09-01,3.0,3.0,1.0,0.0,3.0,0.0,3.0,0.0,forecast,neutral_seasonality_insufficient_evidence;insufficient_recent_history,decomposition,IEK
030200830_,шт,2026-09-01,19.636203645850927,21.987067725366643,0.8930796908037215,0.0,2.0,0.0,21.987067725366643,0.0,forecast,unstable_trend_disabled,decomposition,IEK
030200831_,шт,2026-09-01,3.0,3.0,1.0,0.0,3.0,0.0,3.0,0.0,forecast,neutral_seasonality_insufficient_evidence;insufficient_recent_history,decomposition,IEK
030200832_,шт,2026-09-01,13.0,13.0,1.0,0.0,2.0,0.0,13.0,0.0,forecast,neutral_seasonality_insufficient_evidence;unstable_trend_disabled,decomposition,IEK
030200833_,шт,2026-09-01,16.0,16.0,1.0,-0.0,2.0,-0.0,16.0,0.0,forecast,neutral_seasonality_insufficient_evidence,decomposition,IEK
030200834_,шт,2026-09-01,30.52578451476348,29.34899303470596,1.0400964857181279,0.0,2.0,0.0,29.34899303470596,0.0,forecast,unstable_trend_disabled,decomposition,IEK
030200835_,шт,2026-09-01,9.0,9.0,1.0,0.0,2.0,0.0,9.0,0.0,forecast,neutral_seasonality_insufficient_evidence;unstable_trend_disabled,decomposition,IEK
030200836_,шт,2026-09-01,95.6553278598383,124.81806303671789,0.7663580537353736,0.0,2.0,0.0,124.81806303671789,0.0,forecast,unstable_trend_disabled,decomposition,IEK
030200837_,шт,2026-09-01,28.0,28.0,1.0,0.0,2.0,0.0,28.0,0.0,forecast,neutral_seasonality_insufficient_evidence;unstable_trend_disabled,decomposition,IEK
030200838_,шт,2026-09-01,13.313303636090124,18.81908578471121,0.7074362585086874,0.0,2.0,0.0,18.81908578471121,0.0,forecast,unstable_trend_disabled,decomposition,IEK
030200839_,шт,2026-09-01,8.00122580242026,11.52938858116623,0.6939852660956035,0.0,2.0,0.0,11.52938858116623,0.0,forecast,unstable_trend_disabled,decomposition,IEK
030200840_,шт,2026-09-01,8.666666666666666,8.666666666666666,1.0,0.0,2.0,0.0,8.666666666666666,0.0,forecast,neutral_seasonality_insufficient_evidence;unstable_trend_disabled,decomposition,IEK
030200841_,шт,2026-09-01,6.0,6.0,1.0,0.0,1.0,0.0,6.0,0.0,forecast,neutral_seasonality_insufficient_evidence;insufficient_recent_history,decomposition,IEK
030200842_,шт,2026-09-01,2.5,2.5,1.0,0.0,2.0,0.0,2.5,0.0,forecast,neutral_seasonality_insufficient_evidence;insufficient_recent_history,decomposition,IEK
030200843_,шт,2026-09-01,13.0,13.0,1.0,0.0,1.5,0.0,13.0,0.0,forecast,neutral_seasonality_insufficient_evidence;insufficient_recent_history,decomposition,IEK
030200844_,шт,2026-09-01,5.0,5.0,1.0,0.0,1.0,0.0,5.0,0.0,forecast,neutral_seasonality_insufficient_evidence;insufficient_recent_history,decomposition,IEK
030200845_,шт,2026-09-01,6.0,6.0,1.0,0.0,23.66666666666788,0.0,6.0,0.0,forecast,neutral_seasonality_insufficient_evidence;insufficient_recent_history;all_known_history_stale,decomposition,IEK
030200846_,шт,2026-09-01,24.0,24.0,1.0,0.0,3.0,0.0,24.0,0.0,forecast,neutral_seasonality_insufficient_evidence;insufficient_recent_history,decomposition,IEK
030200847_,шт,2026-09-01,6.0,6.0,1.0,0.0,4.5,0.0,6.0,0.0,forecast,neutral_seasonality_insufficient_evidence;insufficient_recent_history;6_calendar_months,decomposition,IEK
030200848_,шт,2026-09-01,14.0,14.0,1.0,0.0,3.0,0.0,14.0,0.0,forecast,neutral_seasonality_insufficient_evidence;insufficient_recent_history,decomposition,IEK
030200849_,шт,2026-09-01,4.5,4.5,1.0,0.0,4.5,0.0,4.5,0.0,forecast,neutral_seasonality_insufficient_evidence;insufficient_recent_history;6_calendar_months,decomposition,IEK
030200850_,шт,2026-09-01,2.5,2.5,1.0,0.0,2.5,0.0,2.5,0.0,forecast,neutral_seasonality_insufficient_evidence;insufficient_recent_history,decomposition,IEK
030200851_,шт,2026-09-01,3.0,3.0,1.0,0.0,4.5,0.0,3.0,0.0,forecast,neutral_seasonality_insufficient_evidence;insufficient_recent_history;6_calendar_months,decomposition,IEK
030200852_,шт,2026-09-01,,,1.0,0.0,,,,0.0,insufficient_history,,decomposition,IEK
030200853_,шт,2026-09-01,2.2857142857142856,2.2857142857142856,1.0,0.0,23.428571428572468,0.0,2.2857142857142856,0.0,forecast,neutral_seasonality_insufficient_evidence;insufficient_recent_history;all_known_history_stale,decomposition,IEK
030200854_,шт,2026-09-01,,,1.0,0.0,,,,0.0,insufficient_history,,decomposition,IEK
030200855_,шт,2026-09-01,8.0,8.0,1.0,0.0,1.0,0.0,8.0,0.0,forecast,neutral_seasonality_insufficient_evidence;insufficient_recent_history,decomposition,IEK
030200856_,шт,2026-09-01,13.055555555555555,13.055555555555555,1.0,0.0,20.83333333333212,0.0,13.055555555555555,0.0,forecast,neutral_seasonality_insufficient_evidence;insufficient_recent_history;all_known_history_stale,decomposition,IEK
030200857_,шт,2026-09-01,10.0,10.0,1.0,0.0,1.0,0.0,10.0,0.0,forecast,neutral_seasonality_insufficient_evidence;insufficient_recent_history,decomposition,IEK
030200858_,шт,2026-09-01,4.0,4.0,1.0,0.0,6.0,0.0,4.0,0.0,forecast,neutral_seasonality_insufficient_evidence;insufficient_recent_history;6_calendar_months,decomposition,IEK
030200859_,шт,2026-09-01,10.0,10.0,1.0,0.0,1.0,0.0,10.0,0.0,forecast,neutral_seasonality_insufficient_evidence;insufficient_recent_history,decomposition,IEK
030200860_,шт,2026-09-01,1.0,1.0,1.0,0.0,2.0,0.0,1.0,0.0,forecast,neutral_seasonality_insufficient_evidence;insufficient_recent_history,decomposition,IEK
030200861_,шт,2026-09-01,1.0,1.0,1.0,0.0,1.0,0.0,1.0,0.0,forecast,neutral_seasonality_insufficient_evidence;insufficient_recent_history,decomposition,IEK
030200862_,шт,2026-09-01,2.0,2.0,1.0,0.0,20.142857142858702,0.0,2.0,0.0,forecast,neutral_seasonality_insufficient_evidence;insufficient_recent_history;all_known_history_stale,decomposition,IEK
030200863_,шт,2026-09-01,18.5,18.5,1.0,0.0,2.5,0.0,18.5,0.0,forecast,neutral_seasonality_insufficient_evidence;insufficient_recent_history,decomposition,IEK
030200864_,шт,2026-09-01,4.666666666666667,4.666666666666667,1.0,0.0,2.0,0.0,4.666666666666667,0.0,forecast,neutral_seasonality_insufficient_evidence;unstable_trend_disabled,decomposition,IEK
030200865_,шт,2026-09-01,11.0,11.0,1.0,0.0,3.0,0.0,11.0,0.0,forecast,neutral_seasonality_insufficient_evidence;insufficient_recent_history,decomposition,IEK
030200866_,шт,2026-09-01,17.0,17.0,1.0,0.0,2.0,0.0,17.0,0.0,forecast,neutral_seasonality_insufficient_evidence;insufficient_recent_history,decomposition,IEK
030200867_,шт,2026-09-01,6.333333333333333,6.333333333333333,1.0,0.0,27.66666666666788,0.0,6.333333333333333,0.0,forecast,neutral_seasonality_insufficient_evidence;insufficient_recent_history;all_known_history_stale,decomposition,IEK
030200868_,шт,2026-09-01,5.666666666666667,5.666666666666667,1.0,0.0,25.0,0.0,5.666666666666667,0.0,forecast,neutral_seasonality_insufficient_evidence;insufficient_recent_history;all_known_history_stale,decomposition,IEK
030200869_,шт,2026-09-01,52.0,52.0,1.0,0.0,2.0,0.0,52.0,0.0,forecast,neutral_seasonality_insufficient_evidence;insufficient_recent_history,decomposition,IEK
030200870_,шт,2026-09-01,9.5,9.5,1.0,0.0,21.0,0.0,9.5,0.0,forecast,neutral_seasonality_insufficient_evidence;insufficient_recent_history;all_known_history_stale,decomposition,IEK
030200871_,шт,2026-09-01,2.0,2.0,1.0,0.0,21.599999999998545,0.0,2.0,0.0,forecast,neutral_seasonality_insufficient_evidence;insufficient_recent_history;all_known_history_stale,decomposition,IEK
030200872_,шт,2026-09-01,5.0,5.0,1.0,0.0,4.5,0.0,5.0,0.0,forecast,neutral_seasonality_insufficient_evidence;insufficient_recent_history;6_calendar_months,decomposition,IEK
030200873_,шт,2026-09-01,2.0,2.0,1.0,0.0,2.0,0.0,2.0,0.0,forecast,neutral_seasonality_insufficient_evidence;insufficient_recent_history,decomposition,IEK
030200874_,шт,2026-09-01,5.375,5.375,1.0,0.0,26.625,0.0,5.375,0.0,forecast,neutral_seasonality_insufficient_evidence;insufficient_recent_history;all_known_history_stale,decomposition,IEK
030200875_,шт,2026-09-01,30.333333333333332,30.333333333333332,1.0,0.0,2.0,0.0,30.333333333333332,0.0,forecast,neutral_seasonality_insufficient_evidence;insufficient_recent_history,decomposition,IEK
030200876_,шт,2026-09-01,5.0,5.0,1.0,0.0,4.0,0.0,5.0,0.0,forecast,neutral_seasonality_insufficient_evidence;insufficient_recent_history;6_calendar_months,decomposition,IEK
030200877_,шт,2026-09-01,47.5,47.5,1.0,0.0,1.5,0.0,47.5,0.0,forecast,neutral_seasonality_insufficient_evidence;unstable_trend_disabled,decomposition,IEK
030200878_,шт,2026-09-01,3.5,3.5,1.0,0.0,26.0,0.0,3.5,0.0,forecast,neutral_seasonality_insufficient_evidence;insufficient_recent_history;all_known_history_stale,decomposition,IEK
030200879_,шт,2026-09-01,18.0,18.0,1.0,0.0,3.0,0.0,18.0,0.0,forecast,neutral_seasonality_insufficient_evidence;insufficient_recent_history,decomposition,IEK
030200885_,шт,2026-09-01,4.5,4.5,1.0,0.0,2.0,0.0,4.5,0.0,forecast,neutral_seasonality_insufficient_evidence;insufficient_recent_history,decomposition,IEK
030200886_,шт,2026-09-01,5.666666666666667,5.666666666666667,1.0,-0.0,2.0,-0.0,5.666666666666667,0.0,forecast,neutral_seasonality_insufficient_evidence,decomposition,IEK
030200889_,шт,2026-09-01,3.0,3.0,1.0,0.0,2.0,0.0,3.0,0.0,forecast,neutral_seasonality_insufficient_evidence;insufficient_recent_history,decomposition,IEK
030200890_,шт,2026-09-01,2.0,2.0,1.0,0.0,2.0,0.0,2.0,0.0,forecast,neutral_seasonality_insufficient_evidence;insufficient_recent_history,decomposition,IEK
030200891_,шт,2026-09-01,1.6666666666666667,1.6666666666666667,1.0,0.0,2.0,0.0,1.6666666666666667,0.0,forecast,neutral_seasonality_insufficient_evidence;insufficient_recent_history,decomposition,IEK
030200892_,шт,2026-09-01,2.0,2.0,1.0,-0.0,1.5,-0.0,2.0,0.0,forecast,neutral_seasonality_insufficient_evidence,decomposition,IEK
030200893_,шт,2026-09-01,22.0,22.0,1.0,0.0,2.5,0.0,22.0,0.0,forecast,neutral_seasonality_insufficient_evidence;insufficient_recent_history,decomposition,IEK
030200894_,шт,2026-09-01,2.5,2.5,1.0,0.0,2.5,0.0,2.5,0.0,forecast,neutral_seasonality_insufficient_evidence;unstable_trend_disabled,decomposition,IEK
030200895_,шт,2026-09-01,6.0,6.0,1.0,0.0,3.0,0.0,6.0,0.0,forecast,neutral_seasonality_insufficient_evidence;insufficient_recent_history,decomposition,IEK
030200896_,шт,2026-09-01,8.0,8.0,1.0,0.0,2.0,0.0,8.0,0.0,forecast,neutral_seasonality_insufficient_evidence;insufficient_recent_history,decomposition,IEK
030200897_,шт,2026-09-01,10.0,10.0,1.0,0.0,3.0,0.0,10.0,0.0,forecast,neutral_seasonality_insufficient_evidence;insufficient_recent_history,decomposition,IEK
030200898_,шт,2026-09-01,3.0,3.0,1.0,0.0,2.5,0.0,3.0,0.0,forecast,neutral_seasonality_insufficient_evidence;unstable_trend_disabled,decomposition,IEK
030200899_,шт,2026-09-01,3.0,3.0,1.0,0.0,3.0,0.0,3.0,0.0,forecast,neutral_seasonality_insufficient_evidence;insufficient_recent_history,decomposition,IEK
030200900_,шт,2026-09-01,1.0,1.0,1.0,0.0,2.0,0.0,1.0,0.0,forecast,neutral_seasonality_insufficient_evidence;insufficient_recent_history,decomposition,IEK
030200901_,шт,2026-09-01,1.0,1.0,1.0,0.0,3.0,0.0,1.0,0.0,forecast,neutral_seasonality_insufficient_evidence;insufficient_recent_history,decomposition,IEK
030200902_,шт,2026-09-01,1.0,1.0,1.0,0.0,5.0,0.0,1.0,0.0,forecast,neutral_seasonality_insufficient_evidence;insufficient_recent_history;6_calendar_months,decomposition,IEK
030200903_,шт,2026-09-01,2.0,2.0,1.0,0.0,3.0,0.0,2.0,0.0,forecast,neutral_seasonality_insufficient_evidence;insufficient_recent_history,decomposition,IEK
030200904_,шт,2026-09-01,2.0,2.0,1.0,0.0,13.25,0.0,2.0,0.0,forecast,neutral_seasonality_insufficient_evidence;insufficient_recent_history;all_known_history_stale,decomposition,IEK
030200905_,шт,2026-09-01,1.8488934138970643,1.840437258802255,1.0045946445902276,-0.0,2.0,-0.0,1.840437258802255,0.0,forecast,,decomposition,IEK
030200908_,шт,2026-09-01,1.0,1.0,1.0,0.0,1.5,0.0,1.0,0.0,forecast,neutral_seasonality_insufficient_evidence;insufficient_recent_history,decomposition,IEK
030200909_,шт,2026-09-01,2.5,2.5,1.0,0.0,1.5,0.0,2.5,0.0,forecast,neutral_seasonality_insufficient_evidence;insufficient_recent_history,decomposition,IEK
030200910_,шт,2026-09-01,1.0,1.0,1.0,0.0,5.0,0.0,1.0,0.0,forecast,neutral_seasonality_insufficient_evidence;insufficient_recent_history;6_calendar_months,decomposition,IEK
030200911_,шт,2026-09-01,2.743795533231393,2.3388563306641164,1.173135560854349,0.0,2.0,0.0,2.3388563306641164,0.0,forecast,unstable_trend_disabled,decomposition,IEK
030200912_,шт,2026-09-01,4.888888888888889,4.888888888888889,1.0,0.0,23.777777777777374,0.0,4.888888888888889,0.0,forecast,neutral_seasonality_insufficient_evidence;insufficient_recent_history;all_known_history_stale,decomposition,IEK
030200915_,шт,2026-09-01,,,1.0,0.0,,,,0.0,insufficient_history,,decomposition,IEK
030200916_,шт,2026-09-01,,,1.0,0.0,,,,0.0,insufficient_history,,decomposition,IEK
030200917_,шт,2026-09-01,2.6666666666666665,2.6666666666666665,1.0,0.0,25.33333333333212,0.0,2.6666666666666665,0.0,forecast,neutral_seasonality_insufficient_evidence;insufficient_recent_history;all_known_history_stale,decomposition,IEK
030200918_,шт,2026-09-01,2.0,2.0,1.0,0.0,5.0,0.0,2.0,0.0,forecast,neutral_seasonality_insufficient_evidence;insufficient_recent_history;6_calendar_months,decomposition,IEK
030200920_,шт,2026-09-01,18.956171549982674,13.189047972947805,1.437266100545231,0.0,2.0,0.0,13.189047972947805,0.0,forecast,unstable_trend_disabled,decomposition,IEK
030200923_,шт,2026-09-01,1.0,1.0,1.0,0.0,4.0,0.0,1.0,0.0,forecast,neutral_seasonality_insufficient_evidence;insufficient_recent_history;6_calendar_months,decomposition,IEK
030200924_,шт,2026-09-01,9.666666666666666,9.666666666666666,1.0,0.0,2.0,0.0,9.666666666666666,0.0,forecast,neutral_seasonality_insufficient_evidence;insufficient_recent_history,decomposition,IEK
030200925_,шт,2026-09-01,9.0,9.0,1.0,0.0,2.0,0.0,9.0,0.0,forecast,neutral_seasonality_insufficient_evidence;flat_or_unstable,decomposition,IEK
030200926_,шт,2026-09-01,23.995444921001987,28.919883390964188,0.8297213580224598,-0.0,2.0,-0.0,28.919883390964188,0.0,forecast,,decomposition,IEK
030200931_,шт,2026-09-01,19.0,19.0,1.0,0.0,1.5,0.0,19.0,0.0,forecast,neutral_seasonality_insufficient_evidence;insufficient_recent_history,decomposition,IEK
030200933_,шт,2026-09-01,4.375,4.375,1.0,0.0,22.125,0.0,4.375,0.0,forecast,neutral_seasonality_insufficient_evidence;insufficient_recent_history;all_known_history_stale,decomposition,IEK
030200935_,шт,2026-09-01,8.0,8.0,1.0,0.0,1.5,0.0,8.0,0.0,forecast,neutral_seasonality_insufficient_evidence;unstable_trend_disabled,decomposition,IEK
030200938_,шт,2026-09-01,1.0,1.0,1.0,0.0,1.0,0.0,1.0,0.0,forecast,neutral_seasonality_insufficient_evidence;insufficient_recent_history,decomposition,IEK
030200939_,шт,2026-09-01,5.0,5.0,1.0,0.0,2.0,0.0,5.0,0.0,forecast,neutral_seasonality_insufficient_evidence;insufficient_recent_history,decomposition,IEK
030200940_,шт,2026-09-01,2.0,2.0,1.0,0.0,5.5,0.0,2.0,0.0,forecast,neutral_seasonality_insufficient_evidence;insufficient_recent_history;6_calendar_months,decomposition,IEK
030200941_,шт,2026-09-01,3.0,3.0,1.0,0.0,1.0,0.0,3.0,0.0,forecast,neutral_seasonality_insufficient_evidence;unstable_trend_disabled,decomposition,IEK
030200943_,шт,2026-09-01,1.5,1.5,1.0,0.0,2.0,0.0,1.5,0.0,forecast,neutral_seasonality_insufficient_evidence;insufficient_recent_history,decomposition,IEK
030200944_,шт,2026-09-01,5.666666666666667,5.666666666666667,1.0,0.0,20.16666666666788,0.0,5.666666666666667,0.0,forecast,neutral_seasonality_insufficient_evidence;insufficient_recent_history;all_known_history_stale,decomposition,IEK
030200945_,шт,2026-09-01,6.0,6.0,1.0,0.0,2.0,0.0,6.0,0.0,forecast,neutral_seasonality_insufficient_evidence;insufficient_recent_history,decomposition,IEK
030200946_,шт,2026-09-01,1.0,1.0,1.0,0.0,5.5,0.0,1.0,0.0,forecast,neutral_seasonality_insufficient_evidence;insufficient_recent_history;6_calendar_months,decomposition,IEK
030200947_,шт,2026-09-01,8.0,8.0,1.0,0.0,2.0,0.0,8.0,0.0,forecast,neutral_seasonality_insufficient_evidence;unstable_trend_disabled,decomposition,IEK
030200948_,шт,2026-09-01,1.0,1.0,1.0,0.0,5.0,0.0,1.0,0.0,forecast,neutral_seasonality_insufficient_evidence;insufficient_recent_history;6_calendar_months,decomposition,IEK
030200949_,шт,2026-09-01,3.0,3.0,1.0,0.0,1.0,0.0,3.0,0.0,forecast,neutral_seasonality_insufficient_evidence;insufficient_recent_history,decomposition,IEK
030200950_,шт,2026-09-01,2.0,2.0,1.0,0.0,4.0,0.0,2.0,0.0,forecast,neutral_seasonality_insufficient_evidence;insufficient_recent_history;6_calendar_months,decomposition,IEK
030200951_,шт,2026-09-01,5.0,5.0,1.0,-0.0,1.5,-0.0,5.0,0.0,forecast,neutral_seasonality_insufficient_evidence,decomposition,IEK
030200952_,шт,2026-09-01,6.0,6.0,1.0,0.0,2.0,0.0,6.0,0.0,forecast,neutral_seasonality_insufficient_evidence;insufficient_recent_history,decomposition,IEK
030200953_,шт,2026-09-01,2.75,2.75,1.0,0.0,24.75,0.0,2.75,0.0,forecast,neutral_seasonality_insufficient_evidence;insufficient_recent_history;all_known_history_stale,decomposition,IEK
030200954_,шт,2026-09-01,2.6666666666666665,2.6666666666666665,1.0,0.0,14.33333333333212,0.0,2.6666666666666665,0.0,forecast,neutral_seasonality_insufficient_evidence;insufficient_recent_history;all_known_history_stale,decomposition,IEK
030200955_,шт,2026-09-01,,,1.0,0.0,,,,0.0,insufficient_history,,decomposition,IEK
030200956_,шт,2026-09-01,7.513342350764741,6.60657054347373,1.1372530273194104,0.0,2.0,0.0,6.60657054347373,0.0,forecast,unstable_trend_disabled,decomposition,IEK
030200957_,шт,2026-09-01,3.0,3.0,1.0,0.0,1.0,0.0,3.0,0.0,forecast,neutral_seasonality_insufficient_evidence;insufficient_recent_history,decomposition,IEK
030200958_,шт,2026-09-01,2.0,2.0,1.0,0.0,3.0,0.0,2.0,0.0,forecast,neutral_seasonality_insufficient_evidence;insufficient_recent_history,decomposition,IEK
030200959_,шт,2026-09-01,4.666666666666667,4.666666666666667,1.0,0.0,2.0,0.0,4.666666666666667,0.0,forecast,neutral_seasonality_insufficient_evidence;insufficient_recent_history,decomposition,IEK
030200960_,шт,2026-09-01,1.0,1.0,1.0,0.0,1.0,0.0,1.0,0.0,forecast,neutral_seasonality_insufficient_evidence;insufficient_recent_history,decomposition,IEK
030200961_,шт,2026-09-01,7.079762525483059,5.437151459414316,1.302108756456397,0.0,2.0,0.0,5.437151459414316,0.0,forecast,unstable_trend_disabled,decomposition,IEK
030200962_,шт,2026-09-01,3.0,3.0,1.0,0.0,1.0,0.0,3.0,0.0,forecast,neutral_seasonality_insufficient_evidence;insufficient_recent_history,decomposition,IEK
030200963_,шт,2026-09-01,3.0,3.0,1.0,0.0,3.0,0.0,3.0,0.0,forecast,neutral_seasonality_insufficient_evidence;insufficient_recent_history,decomposition,IEK
030200964_,шт,2026-09-01,2.0,2.0,1.0,0.0,1.0,0.0,2.0,0.0,forecast,neutral_seasonality_insufficient_evidence;insufficient_recent_history,decomposition,IEK
030200965_,шт,2026-09-01,1.6666666666666667,1.6666666666666667,1.0,0.0,16.0,0.0,1.6666666666666667,0.0,forecast,neutral_seasonality_insufficient_evidence;insufficient_recent_history;all_known_history_stale,decomposition,IEK
030200966_,шт,2026-09-01,1.0,1.0,1.0,0.0,3.0,0.0,1.0,0.0,forecast,neutral_seasonality_insufficient_evidence;insufficient_recent_history,decomposition,IEK
030200967_,шт,2026-09-01,1.0,1.0,1.0,0.0,1.0,0.0,1.0,0.0,forecast,neutral_seasonality_insufficient_evidence;insufficient_recent_history,decomposition,IEK
030200968_,шт,2026-09-01,3.25,3.25,1.0,0.0,23.0,0.0,3.25,0.0,forecast,neutral_seasonality_insufficient_evidence;insufficient_recent_history;all_known_history_stale,decomposition,IEK
030200969_,шт,2026-09-01,,,1.0,0.0,,,,0.0,insufficient_history,,decomposition,IEK
030200970_,шт,2026-09-01,57.333333333333336,57.333333333333336,1.0,0.0,2.0,0.0,57.333333333333336,0.0,forecast,neutral_seasonality_insufficient_evidence;unstable_trend_disabled,decomposition,IEK
030200971_,шт,2026-09-01,5.0,5.0,1.0,0.0,1.5,0.0,5.0,0.0,forecast,neutral_seasonality_insufficient_evidence;insufficient_recent_history,decomposition,IEK
030200972_,шт,2026-09-01,1.0,1.0,1.0,0.0,2.0,0.0,1.0,0.0,forecast,neutral_seasonality_insufficient_evidence;insufficient_recent_history,decomposition,IEK
030200973_,шт,2026-09-01,1.75,1.75,1.0,0.0,19.25,0.0,1.75,0.0,forecast,neutral_seasonality_insufficient_evidence;insufficient_recent_history;all_known_history_stale,decomposition,IEK
030200974_,шт,2026-09-01,,,1.0,0.0,,,,0.0,insufficient_history,,decomposition,IEK
030200975_,шт,2026-09-01,8.0,8.0,1.0,0.0,5.0,0.0,8.0,0.0,forecast,neutral_seasonality_insufficient_evidence;insufficient_recent_history;6_calendar_months,decomposition,IEK
030200976_,шт,2026-09-01,,,1.0,0.0,,,,0.0,insufficient_history,,decomposition,IEK
030200977_,шт,2026-09-01,1.5,1.5,1.0,0.0,28.25,0.0,1.5,0.0,forecast,neutral_seasonality_insufficient_evidence;insufficient_recent_history;all_known_history_stale,decomposition,IEK
030200978_,шт,2026-09-01,,,1.0,0.0,,,,0.0,insufficient_history,,decomposition,IEK
030200979_,шт,2026-09-01,,,1.0,0.0,,,,0.0,insufficient_history,,decomposition,IEK
030200980_,шт,2026-09-01,1.8,1.8,1.0,0.0,17.799999999999272,0.0,1.8,0.0,forecast,neutral_seasonality_insufficient_evidence;insufficient_recent_history;all_known_history_stale,decomposition,IEK
030200981_,шт,2026-09-01,,,1.0,0.0,,,,0.0,insufficient_history,,decomposition,IEK
030200982_,шт,2026-09-01,,,1.0,0.0,,,,0.0,insufficient_history,,decomposition,IEK
030200983_,шт,2026-09-01,,,1.0,0.0,,,,0.0,insufficient_history,,decomposition,IEK
030200984_,шт,2026-09-01,,,1.0,0.0,,,,0.0,insufficient_history,,decomposition,IEK
030200985_,шт,2026-09-01,6.0,6.0,1.0,0.0,3.0,0.0,6.0,0.0,forecast,neutral_seasonality_insufficient_evidence;insufficient_recent_history,decomposition,IEK
030200986_,шт,2026-09-01,1.8888888888888888,1.8888888888888888,1.0,0.0,19.777777777777374,0.0,1.8888888888888888,0.0,forecast,neutral_seasonality_insufficient_evidence;insufficient_recent_history;all_known_history_stale,decomposition,IEK
030200987_,шт,2026-09-01,1.0,1.0,1.0,0.0,2.0,0.0,1.0,0.0,forecast,neutral_seasonality_insufficient_evidence;insufficient_recent_history,decomposition,IEK
030200988_,шт,2026-09-01,10.0,10.0,1.0,0.0,5.5,0.0,10.0,0.0,forecast,neutral_seasonality_insufficient_evidence;insufficient_recent_history;6_calendar_months,decomposition,IEK
030200989_,шт,2026-09-01,8.5,8.5,1.0,0.0,5.0,0.0,8.5,0.0,forecast,neutral_seasonality_insufficient_evidence;insufficient_recent_history;6_calendar_months,decomposition,IEK
030200990_,шт,2026-09-01,8.5,8.5,1.0,0.0,1.5,0.0,8.5,0.0,forecast,neutral_seasonality_insufficient_evidence;unstable_trend_disabled,decomposition,IEK
030201012_,шт,2026-09-01,1.0,1.0,1.0,0.0,2.0,0.0,1.0,0.0,forecast,neutral_seasonality_insufficient_evidence;insufficient_recent_history,decomposition,IEK
030201017_,шт,2026-09-01,30.0,30.0,1.0,0.0,1.0,0.0,30.0,0.0,forecast,neutral_seasonality_insufficient_evidence;insufficient_recent_history,decomposition,IEK
030201018_,шт,2026-09-01,1.0,1.0,1.0,0.0,1.5,0.0,1.0,0.0,forecast,neutral_seasonality_insufficient_evidence;insufficient_recent_history,decomposition,IEK
030201019_,шт,2026-09-01,3.5,3.5,1.0,0.0,2.0,0.0,3.5,0.0,forecast,neutral_seasonality_insufficient_evidence;unstable_trend_disabled,decomposition,IEK
030201020_,шт,2026-09-01,27.13810350544176,37.210632442886755,0.729310461118742,0.0,2.0,0.0,37.210632442886755,0.0,forecast,unstable_trend_disabled,decomposition,IEK
030201021_,шт,2026-09-01,,,1.0,0.0,,,,0.0,insufficient_history,,decomposition,IEK
030201022_,шт,2026-09-01,24.5,24.5,1.0,0.0,2.0,0.0,24.5,0.0,forecast,neutral_seasonality_insufficient_evidence;insufficient_recent_history,decomposition,IEK
030201024_,шт,2026-09-01,,,1.0,0.0,,,,0.0,insufficient_history,,decomposition,IEK
030201031_,шт,2026-09-01,,,1.0,0.0,,,,0.0,insufficient_history,,decomposition,IEK
030201032_,шт,2026-09-01,1.0,1.0,1.0,0.0,1.0,0.0,1.0,0.0,forecast,neutral_seasonality_insufficient_evidence;insufficient_recent_history,decomposition,IEK
030201034_,шт,2026-09-01,1.0,1.0,1.0,0.0,1.5,0.0,1.0,0.0,forecast,neutral_seasonality_insufficient_evidence;insufficient_recent_history,decomposition,IEK
030201035_,шт,2026-09-01,,,1.0,0.0,,,,0.0,insufficient_history,,decomposition,IEK
030201036_,шт,2026-09-01,,,1.0,0.0,,,,0.0,insufficient_history,,decomposition,IEK
030201037_,шт,2026-09-01,,,1.0,0.0,,,,0.0,insufficient_history,,decomposition,IEK
030201040_,шт,2026-09-01,,,1.0,0.0,,,,0.0,insufficient_history,,decomposition,IEK
030201049_,шт,2026-09-01,2.0,2.0,1.0,0.0,1.0,0.0,2.0,0.0,forecast,neutral_seasonality_insufficient_evidence;insufficient_recent_history,decomposition,IEK
030201052_,шт,2026-09-01,4.5,4.5,1.0,0.0,15.33333333333212,0.0,4.5,0.0,forecast,neutral_seasonality_insufficient_evidence;insufficient_recent_history;all_known_history_stale,decomposition,IEK
030201053_,шт,2026-09-01,,,1.0,0.0,,,,0.0,insufficient_history,,decomposition,IEK
030201054_,шт,2026-09-01,,,1.0,0.0,,,,0.0,insufficient_history,,decomposition,IEK
030201055_,шт,2026-09-01,,,1.0,0.0,,,,0.0,insufficient_history,,decomposition,IEK
030201056_,шт,2026-09-01,,,1.0,0.0,,,,0.0,insufficient_history,,decomposition,IEK
030201057_,шт,2026-09-01,,,1.0,0.0,,,,0.0,insufficient_history,,decomposition,IEK
030201060_,шт,2026-09-01,,,1.0,0.0,,,,0.0,insufficient_history,,decomposition,IEK
030201061_,шт,2026-09-01,,,1.0,0.0,,,,0.0,insufficient_history,,decomposition,IEK
030201063_,шт,2026-09-01,33.0,33.0,1.0,0.0,3.0,0.0,33.0,0.0,forecast,neutral_seasonality_insufficient_evidence;insufficient_recent_history,decomposition,IEK
030201064_,шт,2026-09-01,1.0,1.0,1.0,0.0,5.0,0.0,1.0,0.0,forecast,neutral_seasonality_insufficient_evidence;insufficient_recent_history;6_calendar_months,decomposition,IEK
030201065_,шт,2026-09-01,6.0,6.0,1.0,0.0,2.5,0.0,6.0,0.0,forecast,neutral_seasonality_insufficient_evidence;insufficient_recent_history,decomposition,IEK
030201066_,шт,2026-09-01,3.0,3.0,1.0,0.0,2.0,0.0,3.0,0.0,forecast,neutral_seasonality_insufficient_evidence;insufficient_recent_history,decomposition,IEK
030201067_,шт,2026-09-01,8.0,8.0,1.0,0.0,2.5,0.0,8.0,0.0,forecast,neutral_seasonality_insufficient_evidence;insufficient_recent_history,decomposition,IEK
030201068_,шт,2026-09-01,17.0,17.0,1.0,0.0,3.0,0.0,17.0,0.0,forecast,neutral_seasonality_insufficient_evidence;insufficient_recent_history,decomposition,IEK
030201069_,шт,2026-09-01,,,1.0,0.0,,,,0.0,insufficient_history,,decomposition,IEK
030201070_,шт,2026-09-01,,,1.0,0.0,,,,0.0,insufficient_history,,decomposition,IEK
030201071_,шт,2026-09-01,,,1.0,0.0,,,,0.0,insufficient_history,,decomposition,IEK
030201072_,шт,2026-09-01,,,1.0,0.0,,,,0.0,insufficient_history,,decomposition,IEK
030201073_,шт,2026-09-01,4.5,4.5,1.0,0.0,2.0,0.0,4.5,0.0,forecast,neutral_seasonality_insufficient_evidence;insufficient_recent_history,decomposition,IEK
030201074_,шт,2026-09-01,1.0,1.0,1.0,0.0,5.0,0.0,1.0,0.0,forecast,neutral_seasonality_insufficient_evidence;insufficient_recent_history;6_calendar_months,decomposition,IEK
030201075_,шт,2026-09-01,5.0,5.0,1.0,0.0,2.5,0.0,5.0,0.0,forecast,neutral_seasonality_insufficient_evidence;insufficient_recent_history,decomposition,IEK
030201076_,шт,2026-09-01,8.0,8.0,1.0,0.0,3.0,0.0,8.0,0.0,forecast,neutral_seasonality_insufficient_evidence;insufficient_recent_history,decomposition,IEK
030201077_,шт,2026-09-01,,,1.0,0.0,,,,0.0,insufficient_history,,decomposition,IEK
030201078_,шт,2026-09-01,,,1.0,0.0,,,,0.0,insufficient_history,,decomposition,IEK
030201079_,шт,2026-09-01,,,1.0,0.0,,,,0.0,insufficient_history,,decomposition,IEK
030201080_,шт,2026-09-01,,,1.0,0.0,,,,0.0,insufficient_history,,decomposition,IEK
030201081_,шт,2026-09-01,3.0,3.0,1.0,0.0,3.0,0.0,3.0,0.0,forecast,neutral_seasonality_insufficient_evidence;insufficient_recent_history,decomposition,IEK
030201082_,шт,2026-09-01,1.0,1.0,1.0,0.0,3.0,0.0,1.0,0.0,forecast,neutral_seasonality_insufficient_evidence;insufficient_recent_history,decomposition,IEK
030201083_,шт,2026-09-01,4.5,4.5,1.0,0.0,2.5,0.0,4.5,0.0,forecast,neutral_seasonality_insufficient_evidence;insufficient_recent_history,decomposition,IEK
030201084_,шт,2026-09-01,,,1.0,0.0,,,,0.0,insufficient_history,,decomposition,IEK
030201085_,шт,2026-09-01,,,1.0,0.0,,,,0.0,insufficient_history,,decomposition,IEK
030201086_,шт,2026-09-01,1.0,1.0,1.0,0.0,2.0,0.0,1.0,0.0,forecast,neutral_seasonality_insufficient_evidence;insufficient_recent_history,decomposition,IEK
030201087_,шт,2026-09-01,2.0,2.0,1.0,0.0,2.0,0.0,2.0,0.0,forecast,neutral_seasonality_insufficient_evidence;insufficient_recent_history,decomposition,IEK
030201088_,шт,2026-09-01,4.666666666666667,4.666666666666667,1.0,0.0,16.66666666666788,0.0,4.666666666666667,0.0,forecast,neutral_seasonality_insufficient_evidence;insufficient_recent_history;all_known_history_stale,decomposition,IEK
030201089_,шт,2026-09-01,2.0,2.0,1.0,0.0,2.0,0.0,2.0,0.0,forecast,neutral_seasonality_insufficient_evidence;insufficient_recent_history,decomposition,IEK
030201090_,шт,2026-09-01,18.0,18.0,1.0,0.0,1.5,0.0,18.0,0.0,forecast,neutral_seasonality_insufficient_evidence;unstable_trend_disabled,decomposition,IEK
030201091_,шт,2026-09-01,12.0,12.0,1.0,0.0,6.0,0.0,12.0,0.0,forecast,neutral_seasonality_insufficient_evidence;insufficient_recent_history;6_calendar_months,decomposition,IEK
030201092_,шт,2026-09-01,7.0,7.0,1.0,0.0,3.0,0.0,7.0,0.0,forecast,neutral_seasonality_insufficient_evidence;insufficient_recent_history,decomposition,IEK
030201093_,шт,2026-09-01,5.0,5.0,1.0,0.0,2.0,0.0,5.0,0.0,forecast,neutral_seasonality_insufficient_evidence;insufficient_recent_history,decomposition,IEK
030201094_,шт,2026-09-01,13.5,13.5,1.0,0.0,5.5,0.0,13.5,0.0,forecast,neutral_seasonality_insufficient_evidence;insufficient_recent_history;6_calendar_months,decomposition,IEK
030201095_,шт,2026-09-01,13.0,13.0,1.0,0.0,1.0,0.0,13.0,0.0,forecast,neutral_seasonality_insufficient_evidence;insufficient_recent_history,decomposition,IEK
030201096_,шт,2026-09-01,1.0,1.0,1.0,0.0,4.0,0.0,1.0,0.0,forecast,neutral_seasonality_insufficient_evidence;insufficient_recent_history;6_calendar_months,decomposition,IEK
030201097_,шт,2026-09-01,,,1.0,0.0,,,,0.0,insufficient_history,,decomposition,IEK
030201098_,шт,2026-09-01,1.0,1.0,1.0,0.0,3.0,0.0,1.0,0.0,forecast,neutral_seasonality_insufficient_evidence;insufficient_recent_history,decomposition,IEK
030201099_,шт,2026-09-01,23.88888888888889,23.88888888888889,1.0,0.0,14.444444444445253,0.0,23.88888888888889,0.0,forecast,neutral_seasonality_insufficient_evidence;insufficient_recent_history;all_known_history_stale,decomposition,IEK
030201100_,шт,2026-09-01,22.0,22.0,1.0,0.0,2.0,0.0,22.0,0.0,forecast,neutral_seasonality_insufficient_evidence;insufficient_recent_history,decomposition,IEK
030201101_,шт,2026-09-01,,,1.0,0.0,,,,0.0,insufficient_history,,decomposition,IEK
030201102_,шт,2026-09-01,1.0,1.0,1.0,0.0,4.0,0.0,1.0,0.0,forecast,neutral_seasonality_insufficient_evidence;insufficient_recent_history;6_calendar_months,decomposition,IEK
030201103_,шт,2026-09-01,1.0,1.0,1.0,0.0,1.0,0.0,1.0,0.0,forecast,neutral_seasonality_insufficient_evidence;insufficient_recent_history,decomposition,IEK
030201104_,шт,2026-09-01,,,1.0,0.0,,,,0.0,insufficient_history,,decomposition,IEK
030201105_,шт,2026-09-01,9.0,9.0,1.0,0.0,1.5,0.0,9.0,0.0,forecast,neutral_seasonality_insufficient_evidence;insufficient_recent_history,decomposition,IEK
030201106_,шт,2026-09-01,1.0,1.0,1.0,0.0,4.0,0.0,1.0,0.0,forecast,neutral_seasonality_insufficient_evidence;insufficient_recent_history;6_calendar_months,decomposition,IEK
030201107_,шт,2026-09-01,,,1.0,0.0,,,,0.0,insufficient_history,,decomposition,IEK
030201108_,шт,2026-09-01,12.0,12.0,1.0,0.0,3.0,0.0,12.0,0.0,forecast,neutral_seasonality_insufficient_evidence;insufficient_recent_history,decomposition,IEK
030201109_,шт,2026-09-01,2.5,2.5,1.0,0.0,2.0,0.0,2.5,0.0,forecast,neutral_seasonality_insufficient_evidence;insufficient_recent_history,decomposition,IEK
030201110_,шт,2026-09-01,7.0,7.0,1.0,0.0,1.0,0.0,7.0,0.0,forecast,neutral_seasonality_insufficient_evidence;insufficient_recent_history,decomposition,IEK
030201111_,шт,2026-09-01,,,1.0,0.0,,,,0.0,insufficient_history,,decomposition,IEK
030201112_,шт,2026-09-01,1.3333333333333333,1.3333333333333333,1.0,0.0,16.0,0.0,1.3333333333333333,0.0,forecast,neutral_seasonality_insufficient_evidence;insufficient_recent_history;all_known_history_stale,decomposition,IEK
030201113_,шт,2026-09-01,,,1.0,0.0,,,,0.0,insufficient_history,,decomposition,IEK
030201114_,шт,2026-09-01,1.0,1.0,1.0,0.0,1.0,0.0,1.0,0.0,forecast,neutral_seasonality_insufficient_evidence;insufficient_recent_history,decomposition,IEK
030201115_,шт,2026-09-01,12.0,12.0,1.0,0.0,1.5,0.0,12.0,0.0,forecast,neutral_seasonality_insufficient_evidence;insufficient_recent_history,decomposition,IEK
030201116_,шт,2026-09-01,1.0,1.0,1.0,0.0,4.0,0.0,1.0,0.0,forecast,neutral_seasonality_insufficient_evidence;insufficient_recent_history;6_calendar_months,decomposition,IEK
030201117_,шт,2026-09-01,,,1.0,0.0,,,,0.0,insufficient_history,,decomposition,IEK
030201118_,шт,2026-09-01,3.0,3.0,1.0,0.0,2.0,0.0,3.0,0.0,forecast,neutral_seasonality_insufficient_evidence;insufficient_recent_history,decomposition,IEK
030201119_,шт,2026-09-01,5.0,5.0,1.0,0.0,1.5,0.0,5.0,0.0,forecast,neutral_seasonality_insufficient_evidence;insufficient_recent_history,decomposition,IEK
030201120_,шт,2026-09-01,4.0,4.0,1.0,0.0,6.0,0.0,4.0,0.0,forecast,neutral_seasonality_insufficient_evidence;insufficient_recent_history;6_calendar_months,decomposition,IEK
030201121_,шт,2026-09-01,,,1.0,0.0,,,,0.0,insufficient_history,,decomposition,IEK
030201122_,шт,2026-09-01,3.0,3.0,1.0,0.0,3.0,0.0,3.0,0.0,forecast,neutral_seasonality_insufficient_evidence;insufficient_recent_history,decomposition,IEK
030201123_,шт,2026-09-01,,,1.0,0.0,,,,0.0,insufficient_history,,decomposition,IEK
030201124_,шт,2026-09-01,,,1.0,0.0,,,,0.0,insufficient_history,,decomposition,IEK
030201125_,шт,2026-09-01,,,1.0,0.0,,,,0.0,insufficient_history,,decomposition,IEK
030201126_,шт,2026-09-01,,,1.0,0.0,,,,0.0,insufficient_history,,decomposition,IEK
030201127_,шт,2026-09-01,,,1.0,0.0,,,,0.0,insufficient_history,,decomposition,IEK
030201128_,шт,2026-09-01,3.0,3.0,1.0,0.0,2.0,0.0,3.0,0.0,forecast,neutral_seasonality_insufficient_evidence;insufficient_recent_history,decomposition,IEK
030201129_,шт,2026-09-01,1.0,1.0,1.0,0.0,2.0,0.0,1.0,0.0,forecast,neutral_seasonality_insufficient_evidence;insufficient_recent_history,decomposition,IEK
030201130_,шт,2026-09-01,,,1.0,0.0,,,,0.0,insufficient_history,,decomposition,IEK
030201131_,шт,2026-09-01,,,1.0,0.0,,,,0.0,insufficient_history,,decomposition,IEK
030201132_,шт,2026-09-01,,,1.0,0.0,,,,0.0,insufficient_history,,decomposition,IEK
030201133_,шт,2026-09-01,2.0,2.0,1.0,0.0,1.0,0.0,2.0,0.0,forecast,neutral_seasonality_insufficient_evidence;insufficient_recent_history,decomposition,IEK
030201134_,шт,2026-09-01,1.0,1.0,1.0,0.0,2.0,0.0,1.0,0.0,forecast,neutral_seasonality_insufficient_evidence;insufficient_recent_history,decomposition,IEK
030201135_,шт,2026-09-01,,,1.0,0.0,,,,0.0,insufficient_history,,decomposition,IEK
030201136_,шт,2026-09-01,1.5,1.5,1.0,0.0,4.5,0.0,1.5,0.0,forecast,neutral_seasonality_insufficient_evidence;insufficient_recent_history;6_calendar_months,decomposition,IEK
030201137_,шт,2026-09-01,,,1.0,0.0,,,,0.0,insufficient_history,,decomposition,IEK
030201138_,шт,2026-09-01,,,1.0,0.0,,,,0.0,insufficient_history,,decomposition,IEK
030201139_,шт,2026-09-01,,,1.0,0.0,,,,0.0,insufficient_history,,decomposition,IEK
030201140_,шт,2026-09-01,,,1.0,0.0,,,,0.0,insufficient_history,,decomposition,IEK
030201141_,шт,2026-09-01,,,1.0,0.0,,,,0.0,insufficient_history,,decomposition,IEK
030201142_,шт,2026-09-01,,,1.0,0.0,,,,0.0,insufficient_history,,decomposition,IEK
030201143_,шт,2026-09-01,,,1.0,0.0,,,,0.0,insufficient_history,,decomposition,IEK
030201144_,шт,2026-09-01,1.6666666666666667,1.6666666666666667,1.0,0.0,13.33333333333212,0.0,1.6666666666666667,0.0,forecast,neutral_seasonality_insufficient_evidence;insufficient_recent_history;all_known_history_stale,decomposition,IEK
030201145_,шт,2026-09-01,,,1.0,0.0,,,,0.0,insufficient_history,,decomposition,IEK
030201146_,шт,2026-09-01,5.0,5.0,1.0,0.0,3.0,0.0,5.0,0.0,forecast,neutral_seasonality_insufficient_evidence;insufficient_recent_history,decomposition,IEK
030201147_,шт,2026-09-01,,,1.0,0.0,,,,0.0,insufficient_history,,decomposition,IEK
030201148_,шт,2026-09-01,1.0,1.0,1.0,0.0,5.0,0.0,1.0,0.0,forecast,neutral_seasonality_insufficient_evidence;insufficient_recent_history;6_calendar_months,decomposition,IEK
030201149_,шт,2026-09-01,,,1.0,0.0,,,,0.0,insufficient_history,,decomposition,IEK
030201150_,шт,2026-09-01,,,1.0,0.0,,,,0.0,insufficient_history,,decomposition,IEK
030201152_,,2026-09-01,,,1.0,0.0,,,,0.0,insufficient_history,,decomposition,IEK
030201236_,шт,2026-09-01,9.666666666666666,9.666666666666666,1.0,0.0,2.0,0.0,9.666666666666666,0.0,forecast,neutral_seasonality_insufficient_evidence;unstable_trend_disabled,decomposition,IEK
030201244_,шт,2026-09-01,8.666666666666666,8.666666666666666,1.0,0.0,2.0,0.0,8.666666666666666,0.0,forecast,neutral_seasonality_insufficient_evidence;unstable_trend_disabled,decomposition,IEK
030201245_,шт,2026-09-01,2.0,2.0,1.0,0.0,6.0,0.0,2.0,0.0,forecast,neutral_seasonality_insufficient_evidence;insufficient_recent_history;6_calendar_months,decomposition,IEK
030201246_,шт,2026-09-01,,,1.0,0.0,,,,0.0,insufficient_history,,decomposition,IEK
030201247_,шт,2026-09-01,2.0,2.0,1.0,0.0,5.0,0.0,2.0,0.0,forecast,neutral_seasonality_insufficient_evidence;insufficient_recent_history;6_calendar_months,decomposition,IEK
030201248_,шт,2026-09-01,4.0,4.0,1.0,0.0,1.0,0.0,4.0,0.0,forecast,neutral_seasonality_insufficient_evidence;insufficient_recent_history,decomposition,IEK
030201249_,шт,2026-09-01,,,1.0,0.0,,,,0.0,insufficient_history,,decomposition,IEK
030201250_,шт,2026-09-01,4.5,4.5,1.0,0.0,1.5,0.0,4.5,0.0,forecast,neutral_seasonality_insufficient_evidence;insufficient_recent_history,decomposition,IEK
030201251_,шт,2026-09-01,,,1.0,0.0,,,,0.0,insufficient_history,,decomposition,IEK
030201252_,шт,2026-09-01,1.0,1.0,1.0,0.0,2.0,0.0,1.0,0.0,forecast,neutral_seasonality_insufficient_evidence;insufficient_recent_history,decomposition,IEK
030201460_,шт,2026-09-01,31.666666666666668,31.666666666666668,1.0,0.0,2.0,0.0,31.666666666666668,0.0,forecast,neutral_seasonality_insufficient_evidence;insufficient_recent_history,decomposition,IEK
030201461_,шт,2026-09-01,8.0,8.0,1.0,0.0,2.0,0.0,8.0,0.0,forecast,neutral_seasonality_insufficient_evidence;insufficient_recent_history,decomposition,IEK
030201462_,шт,2026-09-01,58.666666666666664,58.666666666666664,1.0,0.0,2.0,0.0,58.666666666666664,0.0,forecast,neutral_seasonality_insufficient_evidence;insufficient_recent_history,decomposition,IEK
030201463_,шт,2026-09-01,26.0,26.0,1.0,0.0,2.0,0.0,26.0,0.0,forecast,neutral_seasonality_insufficient_evidence;insufficient_recent_history,decomposition,IEK
030201464_,шт,2026-09-01,1.6666666666666667,1.6666666666666667,1.0,0.0,2.0,0.0,1.6666666666666667,0.0,forecast,neutral_seasonality_insufficient_evidence;insufficient_recent_history,decomposition,IEK
030201465_,шт,2026-09-01,15.5,15.5,1.0,0.0,1.5,0.0,15.5,0.0,forecast,neutral_seasonality_insufficient_evidence;insufficient_recent_history,decomposition,IEK
030201466_,шт,2026-09-01,,,1.0,0.0,,,,0.0,insufficient_history,,decomposition,IEK
030201467_,шт,2026-09-01,9.666666666666666,9.666666666666666,1.0,0.0,2.0,0.0,9.666666666666666,0.0,forecast,neutral_seasonality_insufficient_evidence;insufficient_recent_history,decomposition,IEK
030201468_,шт,2026-09-01,2.0,2.0,1.0,0.0,2.0,0.0,2.0,0.0,forecast,neutral_seasonality_insufficient_evidence;insufficient_recent_history,decomposition,IEK
030201469_,шт,2026-09-01,21.0,21.0,1.0,0.0,2.0,0.0,21.0,0.0,forecast,neutral_seasonality_insufficient_evidence;insufficient_recent_history,decomposition,IEK
030201470_,шт,2026-09-01,5.666666666666667,5.666666666666667,1.0,0.0,2.0,0.0,5.666666666666667,0.0,forecast,neutral_seasonality_insufficient_evidence;insufficient_recent_history,decomposition,IEK
030201471_,шт,2026-09-01,42.666666666666664,42.666666666666664,1.0,0.0,2.0,0.0,42.666666666666664,0.0,forecast,neutral_seasonality_insufficient_evidence;insufficient_recent_history,decomposition,IEK
030201472_,шт,2026-09-01,11.0,11.0,1.0,0.0,2.0,0.0,11.0,0.0,forecast,neutral_seasonality_insufficient_evidence;insufficient_recent_history,decomposition,IEK
030201473_,шт,2026-09-01,,,1.0,0.0,,,,0.0,insufficient_history,,decomposition,IEK
030201474_,шт,2026-09-01,,,1.0,0.0,,,,0.0,insufficient_history,,decomposition,IEK
030201475_,,2026-09-01,,,1.0,0.0,,,,0.0,insufficient_history,,decomposition,IEK
030201476_,шт,2026-09-01,,,1.0,0.0,,,,0.0,insufficient_history,,decomposition,IEK
030201477_,шт,2026-09-01,,,1.0,0.0,,,,0.0,insufficient_history,,decomposition,IEK
030201478_,шт,2026-09-01,21.0,21.0,1.0,0.0,1.5,0.0,21.0,0.0,forecast,neutral_seasonality_insufficient_evidence;insufficient_recent_history,decomposition,IEK
030201479_,шт,2026-09-01,10.333333333333334,10.333333333333334,1.0,0.0,2.0,0.0,10.333333333333334,0.0,forecast,neutral_seasonality_insufficient_evidence;insufficient_recent_history,decomposition,IEK
030201480_,шт,2026-09-01,30.0,30.0,1.0,0.0,2.0,0.0,30.0,0.0,forecast,neutral_seasonality_insufficient_evidence;insufficient_recent_history,decomposition,IEK
030201481_,шт,2026-09-01,14.0,14.0,1.0,0.0,2.0,0.0,14.0,0.0,forecast,neutral_seasonality_insufficient_evidence;insufficient_recent_history,decomposition,IEK
030201482_,шт,2026-09-01,,,1.0,0.0,,,,0.0,insufficient_history,,decomposition,IEK
030201483_,шт,2026-09-01,2.0,2.0,1.0,0.0,2.5,0.0,2.0,0.0,forecast,neutral_seasonality_insufficient_evidence;insufficient_recent_history,decomposition,IEK
030201484_,шт,2026-09-01,,,1.0,0.0,,,,0.0,insufficient_history,,decomposition,IEK
030201485_,шт,2026-09-01,,,1.0,0.0,,,,0.0,insufficient_history,,decomposition,IEK
030201486_,шт,2026-09-01,,,1.0,0.0,,,,0.0,insufficient_history,,decomposition,IEK
030300478_,,2026-09-01,,,1.0,0.0,,,,0.0,insufficient_history,,decomposition,IEK
030300479_,,2026-09-01,,,1.0,0.0,,,,0.0,insufficient_history,,decomposition,IEK
030300480_,,2026-09-01,,,1.0,0.0,,,,0.0,insufficient_history,,decomposition,IEK
030300499_,,2026-09-01,,,1.0,0.0,,,,0.0,insufficient_history,,decomposition,IEK
030300522_,,2026-09-01,,,1.0,0.0,,,,0.0,insufficient_history,,decomposition,IEK
080400060_,,2026-09-01,,,1.0,0.0,,,,0.0,insufficient_history,,decomposition,IEK
080400061_,,2026-09-01,,,1.0,0.0,,,,0.0,insufficient_history,,decomposition,IEK
080400062_,,2026-09-01,,,1.0,0.0,,,,0.0,insufficient_history,,decomposition,IEK
080400064_,,2026-09-01,,,1.0,0.0,,,,0.0,insufficient_history,,decomposition,IEK
080800023_,шт,2026-09-01,,,1.0,0.0,,,,0.0,insufficient_history,,decomposition,IEK
080800024_,шт,2026-09-01,6.0,6.0,1.0,0.0,2.0,0.0,6.0,0.0,forecast,neutral_seasonality_insufficient_evidence;insufficient_recent_history,decomposition,IEK
080800030_,шт,2026-09-01,17.32740851224734,20.562214179410862,0.8426820361397382,0.0,2.0,0.0,20.562214179410862,0.0,forecast,unstable_trend_disabled,decomposition,IEK
080800031_,шт,2026-09-01,14.400807966048319,15.889057033492746,0.9063349659890245,0.0,2.0,0.0,15.889057033492746,0.0,forecast,unstable_trend_disabled,decomposition,IEK
080800062_,шт,2026-09-01,10.0,10.0,1.0,0.0,2.0,0.0,10.0,0.0,forecast,neutral_seasonality_insufficient_evidence;unstable_trend_disabled,decomposition,IEK
080800063_,шт,2026-09-01,,,1.0,0.0,,,,0.0,insufficient_history,,decomposition,IEK
080800070_,шт,2026-09-01,42.49133392581187,35.95286543650612,1.1818622357334185,0.0,2.0,0.0,35.95286543650612,0.0,forecast,unstable_trend_disabled,decomposition,IEK
080800071_,шт,2026-09-01,213.48304519674264,181.08171837630437,1.17893207061966,-0.0,2.0,-0.0,181.08171837630437,0.0,forecast,,decomposition,IEK
080800072_,шт,2026-09-01,103.78238665507791,99.86885384178872,1.039186720010715,0.0,2.0,0.0,99.86885384178872,0.0,forecast,unstable_trend_disabled,decomposition,IEK
080800128_,шт,2026-09-01,1.0,1.0,1.0,0.0,5.5,0.0,1.0,0.0,forecast,neutral_seasonality_insufficient_evidence;insufficient_recent_history;6_calendar_months,decomposition,IEK
080800129_,шт,2026-09-01,1.0,1.0,1.0,0.0,18.66666666666788,0.0,1.0,0.0,forecast,neutral_seasonality_insufficient_evidence;insufficient_recent_history;all_known_history_stale,decomposition,IEK
080800130_,шт,2026-09-01,1.0,1.0,1.0,0.0,16.75,0.0,1.0,0.0,forecast,neutral_seasonality_insufficient_evidence;insufficient_recent_history;all_known_history_stale,decomposition,IEK
080800131_,шт,2026-09-01,1.0,1.0,1.0,0.0,5.0,0.0,1.0,0.0,forecast,neutral_seasonality_insufficient_evidence;insufficient_recent_history;6_calendar_months,decomposition,IEK
080800132_,шт,2026-09-01,1.0,1.0,1.0,0.0,1.0,0.0,1.0,0.0,forecast,neutral_seasonality_insufficient_evidence;insufficient_recent_history,decomposition,IEK
080800133_,шт,2026-09-01,,,1.0,0.0,,,,0.0,insufficient_history,,decomposition,IEK
080800134_,шт,2026-09-01,,,1.0,0.0,,,,0.0,insufficient_history,,decomposition,IEK
080800135_,шт,2026-09-01,,,1.0,0.0,,,,0.0,insufficient_history,,decomposition,IEK
080800136_,шт,2026-09-01,2.0,2.0,1.0,0.0,16.0,0.0,2.0,0.0,forecast,neutral_seasonality_insufficient_evidence;insufficient_recent_history;all_known_history_stale,decomposition,IEK
080800137_,шт,2026-09-01,1.2,1.2,1.0,0.0,21.599999999998545,0.0,1.2,0.0,forecast,neutral_seasonality_insufficient_evidence;insufficient_recent_history;all_known_history_stale,decomposition,IEK
080800138_,шт,2026-09-01,2.0,2.0,1.0,0.0,4.0,0.0,2.0,0.0,forecast,neutral_seasonality_insufficient_evidence;insufficient_recent_history;6_calendar_months,decomposition,IEK
080800139_,шт,2026-09-01,2.0,2.0,1.0,0.0,4.0,0.0,2.0,0.0,forecast,neutral_seasonality_insufficient_evidence;insufficient_recent_history;6_calendar_months,decomposition,IEK
080800140_,шт,2026-09-01,1.6666666666666667,1.6666666666666667,1.0,0.0,21.0,0.0,1.6666666666666667,0.0,forecast,neutral_seasonality_insufficient_evidence;insufficient_recent_history;all_known_history_stale,decomposition,IEK
080800141_,шт,2026-09-01,1.25,1.25,1.0,0.0,25.5,0.0,1.25,0.0,forecast,neutral_seasonality_insufficient_evidence;insufficient_recent_history;all_known_history_stale,decomposition,IEK
081100276_,,2026-09-01,,,1.0,0.0,,,,0.0,insufficient_history,,decomposition,IEK
081100277_,шт,2026-09-01,1.0,1.0,1.0,0.0,2.0,0.0,1.0,0.0,forecast,neutral_seasonality_insufficient_evidence;insufficient_recent_history,decomposition,IEK
081100278_,шт,2026-09-01,20.0,20.0,1.0,0.0,1.0,0.0,20.0,0.0,forecast,neutral_seasonality_insufficient_evidence;insufficient_recent_history,decomposition,IEK
081100279_,,2026-09-01,,,1.0,0.0,,,,0.0,insufficient_history,,decomposition,IEK
081100280_,,2026-09-01,,,1.0,0.0,,,,0.0,insufficient_history,,decomposition,IEK
081100281_,,2026-09-01,,,1.0,0.0,,,,0.0,insufficient_history,,decomposition,IEK
081100282_,,2026-09-01,,,1.0,0.0,,,,0.0,insufficient_history,,decomposition,IEK
081100283_,,2026-09-01,,,1.0,0.0,,,,0.0,insufficient_history,,decomposition,IEK
081100284_,,2026-09-01,,,1.0,0.0,,,,0.0,insufficient_history,,decomposition,IEK
081100285_,,2026-09-01,,,1.0,0.0,,,,0.0,insufficient_history,,decomposition,IEK
081100286_,,2026-09-01,,,1.0,0.0,,,,0.0,insufficient_history,,decomposition,IEK
081100287_,,2026-09-01,,,1.0,0.0,,,,0.0,insufficient_history,,decomposition,IEK
081100288_,,2026-09-01,,,1.0,0.0,,,,0.0,insufficient_history,,decomposition,IEK
081100289_,шт,2026-09-01,9.75,9.75,1.0,0.0,23.25,0.0,9.75,0.0,forecast,neutral_seasonality_insufficient_evidence;insufficient_recent_history;all_known_history_stale,decomposition,IEK
081100290_,,2026-09-01,,,1.0,0.0,,,,0.0,insufficient_history,,decomposition,IEK
081100302_,шт,2026-09-01,,,1.0,0.0,,,,0.0,insufficient_history,,decomposition,IEK
081100306_,,2026-09-01,,,1.0,0.0,,,,0.0,insufficient_history,,decomposition,IEK
081100308_,шт,2026-09-01,,,1.0,0.0,,,,0.0,insufficient_history,,decomposition,IEK
081100309_,шт,2026-09-01,,,1.0,0.0,,,,0.0,insufficient_history,,decomposition,IEK
081100310_,,2026-09-01,,,1.0,0.0,,,,0.0,insufficient_history,,decomposition,IEK
081100336_,,2026-09-01,,,1.0,0.0,,,,0.0,insufficient_history,,decomposition,IEK
081100338_,,2026-09-01,,,1.0,0.0,,,,0.0,insufficient_history,,decomposition,IEK
081100339_,,2026-09-01,,,1.0,0.0,,,,0.0,insufficient_history,,decomposition,IEK
081100340_,шт,2026-09-01,,,1.0,0.0,,,,0.0,insufficient_history,,decomposition,IEK
081100372_,,2026-09-01,,,1.0,0.0,,,,0.0,insufficient_history,,decomposition,IEK
081100373_,шт,2026-09-01,,,1.0,0.0,,,,0.0,insufficient_history,,decomposition,IEK
081100374_,шт,2026-09-01,,,1.0,0.0,,,,0.0,insufficient_history,,decomposition,IEK
081100375_,шт,2026-09-01,,,1.0,0.0,,,,0.0,insufficient_history,,decomposition,IEK
081100391_,шт,2026-09-01,114.4375,114.4375,1.0,0.0,20.125,0.0,114.4375,0.0,forecast,neutral_seasonality_insufficient_evidence;insufficient_recent_history;all_known_history_stale,decomposition,IEK
081100392_,шт,2026-09-01,2.0,2.0,1.0,0.0,3.0,0.0,2.0,0.0,forecast,neutral_seasonality_insufficient_evidence;insufficient_recent_history,decomposition,IEK
081100393_,шт,2026-09-01,511.70588235294116,511.70588235294116,1.0,0.0,22.647058823527914,0.0,511.70588235294116,0.0,forecast,neutral_seasonality_insufficient_evidence;insufficient_recent_history;all_known_history_stale,decomposition,IEK
081100598_,шт,2026-09-01,,,1.0,0.0,,,,0.0,insufficient_history,,decomposition,IEK
081100604_,шт,2026-09-01,,,1.0,0.0,,,,0.0,insufficient_history,,decomposition,IEK
081100635_,шт,2026-09-01,80.08399450089273,70.38738394348651,1.1377606328598822,0.0,2.0,0.0,70.38738394348651,0.0,forecast,,decomposition,IEK
081100641_,шт,2026-09-01,8.0,8.0,1.0,-0.0,2.0,-0.0,8.0,0.0,forecast,neutral_seasonality_insufficient_evidence,decomposition,IEK
081100642_,шт,2026-09-01,3.5,3.5,1.0,0.0,2.0,0.0,3.5,0.0,forecast,neutral_seasonality_insufficient_evidence;insufficient_recent_history,decomposition,IEK
081100643_,шт,2026-09-01,4.0,4.0,1.0,-0.0,1.5,-0.0,4.0,0.0,forecast,neutral_seasonality_insufficient_evidence,decomposition,IEK
081100702_,шт,2026-09-01,2.0,2.0,1.0,0.0,2.5,0.0,2.0,0.0,forecast,neutral_seasonality_insufficient_evidence;insufficient_recent_history,decomposition,IEK
081100703_,,2026-09-01,,,1.0,0.0,,,,0.0,insufficient_history,,decomposition,IEK
081100704_,шт,2026-09-01,9.0,9.0,1.0,0.0,2.0,0.0,9.0,0.0,forecast,neutral_seasonality_insufficient_evidence;unstable_trend_disabled,decomposition,IEK
081100705_,шт,2026-09-01,7.0,7.0,1.0,0.0,2.0,0.0,7.0,0.0,forecast,neutral_seasonality_insufficient_evidence;insufficient_recent_history,decomposition,IEK
081100706_,шт,2026-09-01,4.333333333333333,4.333333333333333,1.0,0.0,2.0,0.0,4.333333333333333,0.0,forecast,neutral_seasonality_insufficient_evidence;unstable_trend_disabled,decomposition,IEK
081100707_,шт,2026-09-01,20.666666666666668,20.666666666666668,1.0,0.0,2.0,0.0,20.666666666666668,0.0,forecast,neutral_seasonality_insufficient_evidence,decomposition,IEK
081100708_,шт,2026-09-01,1.0,1.0,1.0,0.0,1.0,0.0,1.0,0.0,forecast,neutral_seasonality_insufficient_evidence;insufficient_recent_history,decomposition,IEK
081100709_,шт,2026-09-01,2.0,2.0,1.0,0.0,1.5,0.0,2.0,0.0,forecast,neutral_seasonality_insufficient_evidence;insufficient_recent_history,decomposition,IEK
081100710_,шт,2026-09-01,86.66666666666667,86.66666666666667,1.0,0.0,2.0,0.0,86.66666666666667,0.0,forecast,neutral_seasonality_insufficient_evidence;unstable_trend_disabled,decomposition,IEK
081100711_,шт,2026-09-01,11.666666666666666,11.666666666666666,1.0,0.0,2.0,0.0,11.666666666666666,0.0,forecast,neutral_seasonality_insufficient_evidence;unstable_trend_disabled,decomposition,IEK
081100712_,шт,2026-09-01,5.0,5.0,1.0,-0.0,2.0,-0.0,5.0,0.0,forecast,neutral_seasonality_insufficient_evidence,decomposition,IEK
081100713_,шт,2026-09-01,23.0,23.0,1.0,0.0,2.5,0.0,23.0,0.0,forecast,neutral_seasonality_insufficient_evidence;unstable_trend_disabled,decomposition,IEK
081100714_,шт,2026-09-01,8.666666666666666,8.666666666666666,1.0,0.0,2.0,0.0,8.666666666666666,0.0,forecast,neutral_seasonality_insufficient_evidence;insufficient_recent_history,decomposition,IEK
081100715_,шт,2026-09-01,7.2,7.2,1.0,0.0,24.0,0.0,7.2,0.0,forecast,neutral_seasonality_insufficient_evidence;insufficient_recent_history;all_known_history_stale,decomposition,IEK
081100716_,шт,2026-09-01,10.5,10.5,1.0,0.0,27.875,0.0,10.5,0.0,forecast,neutral_seasonality_insufficient_evidence;insufficient_recent_history;all_known_history_stale,decomposition,IEK
081100717_,шт,2026-09-01,19.333333333333332,19.333333333333332,1.0,0.0,2.0,0.0,19.333333333333332,0.0,forecast,neutral_seasonality_insufficient_evidence;insufficient_recent_history,decomposition,IEK
081100718_,шт,2026-09-01,6.0,6.0,1.0,0.0,3.0,0.0,6.0,0.0,forecast,neutral_seasonality_insufficient_evidence;insufficient_recent_history,decomposition,IEK
081100719_,шт,2026-09-01,3.5,3.5,1.0,0.0,5.5,0.0,3.5,0.0,forecast,neutral_seasonality_insufficient_evidence;insufficient_recent_history;6_calendar_months,decomposition,IEK
081100720_,шт,2026-09-01,2.0,2.0,1.0,0.0,5.0,0.0,2.0,0.0,forecast,neutral_seasonality_insufficient_evidence;insufficient_recent_history;6_calendar_months,decomposition,IEK
081100721_,шт,2026-09-01,23.751374313756347,18.001123107519934,1.3194384690272052,0.0,2.0,0.0,18.001123107519934,0.0,forecast,unstable_trend_disabled,decomposition,IEK
081100722_,шт,2026-09-01,3.0,3.0,1.0,0.0,5.0,0.0,3.0,0.0,forecast,neutral_seasonality_insufficient_evidence;insufficient_recent_history;6_calendar_months,decomposition,IEK
081100723_,шт,2026-09-01,4.0,4.0,1.0,0.0,5.0,0.0,4.0,0.0,forecast,neutral_seasonality_insufficient_evidence;insufficient_recent_history;6_calendar_months,decomposition,IEK
081100724_,шт,2026-09-01,1.0,1.0,1.0,0.0,3.0,0.0,1.0,0.0,forecast,neutral_seasonality_insufficient_evidence;insufficient_recent_history,decomposition,IEK
081100743_,шт,2026-09-01,6.0,6.0,1.0,0.0,1.0,0.0,6.0,0.0,forecast,neutral_seasonality_insufficient_evidence;insufficient_recent_history,decomposition,IEK
081100744_,шт,2026-09-01,8.666666666666666,8.666666666666666,1.0,0.0,2.0,0.0,8.666666666666666,0.0,forecast,neutral_seasonality_insufficient_evidence;unstable_trend_disabled,decomposition,IEK
081100745_,шт,2026-09-01,265.58738302178597,215.55459082424088,1.2321119304684207,0.0,2.0,0.0,215.55459082424088,0.0,forecast,unstable_trend_disabled,decomposition,IEK
081100746_,шт,2026-09-01,37.0,37.0,1.0,0.0,2.0,0.0,37.0,0.0,forecast,neutral_seasonality_insufficient_evidence;unstable_trend_disabled,decomposition,IEK
081100747_,шт,2026-09-01,242.31133343780914,196.25154940527707,1.2346976835195043,0.0,2.0,0.0,196.25154940527707,0.0,forecast,unstable_trend_disabled,decomposition,IEK
081100748_,шт,2026-09-01,,,1.0,0.0,,,,0.0,insufficient_history,,decomposition,IEK
081100749_,шт,2026-09-01,162.66666666666666,162.66666666666666,1.0,0.0,2.0,0.0,162.66666666666666,0.0,forecast,neutral_seasonality_insufficient_evidence;unstable_trend_disabled,decomposition,IEK
081100750_,шт,2026-09-01,10.5,10.5,1.0,0.0,2.0,0.0,10.5,0.0,forecast,neutral_seasonality_insufficient_evidence;unstable_trend_disabled,decomposition,IEK
081100751_,шт,2026-09-01,4.0,4.0,1.0,0.0,23.727272727272066,0.0,4.0,0.0,forecast,neutral_seasonality_insufficient_evidence;insufficient_recent_history;all_known_history_stale,decomposition,IEK
081100752_,шт,2026-09-01,6.142857142857143,6.142857142857143,1.0,0.0,23.285714285713766,0.0,6.142857142857143,0.0,forecast,neutral_seasonality_insufficient_evidence;insufficient_recent_history;all_known_history_stale,decomposition,IEK
081100753_,шт,2026-09-01,,,1.0,0.0,,,,0.0,insufficient_history,,decomposition,IEK
081100754_,шт,2026-09-01,,,1.0,0.0,,,,0.0,insufficient_history,,decomposition,IEK
081100755_,шт,2026-09-01,,,1.0,0.0,,,,0.0,insufficient_history,,decomposition,IEK
081100756_,,2026-09-01,,,1.0,0.0,,,,0.0,insufficient_history,,decomposition,IEK
081100757_,шт,2026-09-01,3.6666666666666665,3.6666666666666665,1.0,0.0,25.555555555554747,0.0,3.6666666666666665,0.0,forecast,neutral_seasonality_insufficient_evidence;insufficient_recent_history;all_known_history_stale,decomposition,IEK
081100758_,шт,2026-09-01,1.0,1.0,1.0,0.0,2.5,0.0,1.0,0.0,forecast,neutral_seasonality_insufficient_evidence;insufficient_recent_history,decomposition,IEK
081100759_,шт,2026-09-01,2.6666666666666665,2.6666666666666665,1.0,0.0,2.0,0.0,2.6666666666666665,0.0,forecast,neutral_seasonality_insufficient_evidence;unstable_trend_disabled,decomposition,IEK
081100760_,шт,2026-09-01,2.6,2.6,1.0,0.0,27.200000000000728,0.0,2.6,0.0,forecast,neutral_seasonality_insufficient_evidence;insufficient_recent_history;all_known_history_stale,decomposition,IEK
081100761_,шт,2026-09-01,1.0,1.0,1.0,0.0,3.0,0.0,1.0,0.0,forecast,neutral_seasonality_insufficient_evidence;insufficient_recent_history,decomposition,IEK
081100762_,,2026-09-01,,,1.0,0.0,,,,0.0,insufficient_history,,decomposition,IEK
081100766_,шт,2026-09-01,3.0,3.0,1.0,0.0,1.0,0.0,3.0,0.0,forecast,neutral_seasonality_insufficient_evidence;insufficient_recent_history,decomposition,IEK
081100767_,шт,2026-09-01,1.0,1.0,1.0,0.0,2.0,0.0,1.0,0.0,forecast,neutral_seasonality_insufficient_evidence;unstable_trend_disabled,decomposition,IEK
081100768_,шт,2026-09-01,4.333333333333333,4.333333333333333,1.0,0.0,2.0,0.0,4.333333333333333,0.0,forecast,neutral_seasonality_insufficient_evidence;insufficient_recent_history,decomposition,IEK
081100769_,шт,2026-09-01,19.666666666666668,19.666666666666668,1.0,0.0,2.0,0.0,19.666666666666668,0.0,forecast,neutral_seasonality_insufficient_evidence;unstable_trend_disabled,decomposition,IEK
081100771_,шт,2026-09-01,3.0,3.0,1.0,0.0,2.5,0.0,3.0,0.0,forecast,neutral_seasonality_insufficient_evidence;insufficient_recent_history,decomposition,IEK
081100772_,шт,2026-09-01,5.85,5.85,1.0,0.0,18.299999999999272,0.0,5.85,0.0,forecast,neutral_seasonality_insufficient_evidence;insufficient_recent_history;all_known_history_stale,decomposition,IEK
081100774_,шт,2026-09-01,25.047619047619047,25.047619047619047,1.0,0.0,19.571428571427532,0.0,25.047619047619047,0.0,forecast,neutral_seasonality_insufficient_evidence;insufficient_recent_history;all_known_history_stale,decomposition,IEK
081100776_,шт,2026-09-01,2.0,2.0,1.0,0.0,4.0,0.0,2.0,0.0,forecast,neutral_seasonality_insufficient_evidence;insufficient_recent_history;6_calendar_months,decomposition,IEK
081100777_,шт,2026-09-01,2.5,2.5,1.0,0.0,5.0,0.0,2.5,0.0,forecast,neutral_seasonality_insufficient_evidence;insufficient_recent_history;6_calendar_months,decomposition,IEK
081100778_,шт,2026-09-01,3.0,3.0,1.0,0.0,2.0,0.0,3.0,0.0,forecast,neutral_seasonality_insufficient_evidence;unstable_trend_disabled,decomposition,IEK
081100779_,шт,2026-09-01,3.0,3.0,1.0,0.0,2.0,0.0,3.0,0.0,forecast,neutral_seasonality_insufficient_evidence;unstable_trend_disabled,decomposition,IEK
081100780_,шт,2026-09-01,9.133926155092674,7.510800375269483,1.2161055678123989,0.0,2.5,0.0,7.510800375269483,0.0,forecast,unstable_trend_disabled,decomposition,IEK
081100781_,шт,2026-09-01,6.422178489679671,8.492688885867942,0.7562008423935492,0.0,2.0,0.0,8.492688885867942,0.0,forecast,unstable_trend_disabled,decomposition,IEK
114001002_,шт,2026-09-01,1.3333333333333333,1.3333333333333333,1.0,-0.0,2.0,-0.0,1.3333333333333333,0.0,forecast,neutral_seasonality_insufficient_evidence,decomposition,IEK
114001003_,шт,2026-09-01,,,1.0,0.0,,,,0.0,insufficient_history,,decomposition,IEK
114001010_,шт,2026-09-01,1.347249304573757,1.813880685667535,0.7427441701205112,-0.0,1.5,-0.0,1.813880685667535,0.0,forecast,,decomposition,IEK
120100001_,шт,2026-09-01,51.35719420227299,47.33931566279978,1.084874030881493,0.0,2.0,0.0,47.33931566279978,0.0,forecast,unstable_trend_disabled,decomposition,IEK
120100002_,шт,2026-09-01,63.45984398358416,51.69116271010188,1.227672984248473,0.0,2.0,0.0,51.69116271010188,0.0,forecast,unstable_trend_disabled,decomposition,IEK
120100003_,шт,2026-09-01,3.5,3.5,1.0,0.0,1.5,0.0,3.5,0.0,forecast,neutral_seasonality_insufficient_evidence;unstable_trend_disabled,decomposition,IEK
120100004_,шт,2026-09-01,62.92626234438622,56.024162576554886,1.123198624493492,0.0,2.0,0.0,56.024162576554886,0.0,forecast,unstable_trend_disabled,decomposition,IEK
120100005_,шт,2026-09-01,4.0,4.0,1.0,0.0,1.5,0.0,4.0,0.0,forecast,neutral_seasonality_insufficient_evidence;insufficient_recent_history,decomposition,IEK
120100006_,шт,2026-09-01,152.57821759198916,143.08714108870265,1.0663307438465264,0.0,2.0,0.0,143.08714108870265,0.0,forecast,unstable_trend_disabled,decomposition,IEK
120100008_,шт,2026-09-01,6.5016404041423606,5.092260423256147,1.2767690305958495,0.0,2.0,0.0,5.092260423256147,0.0,forecast,unstable_trend_disabled,decomposition,IEK
120100009_,,2026-09-01,,,1.0,0.0,,,,0.0,insufficient_history,,decomposition,IEK
120100010_,шт,2026-09-01,2.6666666666666665,2.6666666666666665,1.0,0.0,2.0,0.0,2.6666666666666665,0.0,forecast,neutral_seasonality_insufficient_evidence;unstable_trend_disabled,decomposition,IEK
120100011_,шт,2026-09-01,43.5876007107244,37.74700456936367,1.1547300562784548,0.0,2.0,0.0,37.74700456936367,0.0,forecast,unstable_trend_disabled,decomposition,IEK
120100012_,,2026-09-01,,,1.0,0.0,,,,0.0,insufficient_history,,decomposition,IEK
120100013_,шт,2026-09-01,31.089131724956697,24.727148119019812,1.257287398260187,0.0,2.0,0.0,24.727148119019812,0.0,forecast,unstable_trend_disabled,decomposition,IEK
120100016_,шт,2026-09-01,16.17918024473706,21.19394199687905,0.7633870210232505,0.0,2.0,0.0,21.19394199687905,0.0,forecast,unstable_trend_disabled,decomposition,IEK
120100018_,шт,2026-09-01,,,1.0,0.0,,,,0.0,insufficient_history,,decomposition,IEK
120100030_,шт,2026-09-01,134.4363781395766,110.71187292850156,1.2142905235321642,0.0,2.0,0.0,110.71187292850156,0.0,forecast,unstable_trend_disabled,decomposition,IEK
120100031_,шт,2026-09-01,,,1.0,0.0,,,,0.0,insufficient_history,,decomposition,IEK
120100032_,шт,2026-09-01,3.8229070018978955,3.747378452071698,1.0201550365921654,0.0,2.0,0.0,3.747378452071698,0.0,forecast,unstable_trend_disabled,decomposition,IEK
120100033_,шт,2026-09-01,4.666666666666667,4.666666666666667,1.0,-0.0,2.0,-0.0,4.666666666666667,0.0,forecast,neutral_seasonality_insufficient_evidence,decomposition,IEK
120100034_,шт,2026-09-01,36.57672096844673,24.199724751453445,1.5114519418759056,0.0,2.0,0.0,24.199724751453445,0.0,forecast,unstable_trend_disabled,decomposition,IEK
120100035_,шт,2026-09-01,42.25494818533397,34.927345065866795,1.209795594416026,0.0,2.0,0.0,34.927345065866795,0.0,forecast,unstable_trend_disabled,decomposition,IEK
120100036_,шт,2026-09-01,34.84989919869387,32.05124208226809,1.0873182109211954,0.0,2.0,0.0,32.05124208226809,0.0,forecast,unstable_trend_disabled,decomposition,IEK
120100037_,шт,2026-09-01,22.03496362578277,18.488496476376184,1.1918202031159273,0.0,2.0,0.0,18.488496476376184,0.0,forecast,,decomposition,IEK
120100038_,шт,2026-09-01,4.333333333333333,4.333333333333333,1.0,0.0,2.0,0.0,4.333333333333333,0.0,forecast,neutral_seasonality_insufficient_evidence;unstable_trend_disabled,decomposition,IEK
120100041_,шт,2026-09-01,17.745894300313275,22.08077511111414,0.8036807680442818,0.0,2.0,0.0,22.08077511111414,0.0,forecast,unstable_trend_disabled,decomposition,IEK
120100042_,шт,2026-09-01,6.0,6.0,1.0,0.0,2.0,0.0,6.0,0.0,forecast,neutral_seasonality_insufficient_evidence;unstable_trend_disabled,decomposition,IEK
120100043_,шт,2026-09-01,3.0,3.0,1.0,0.0,2.0,0.0,3.0,0.0,forecast,neutral_seasonality_insufficient_evidence;unstable_trend_disabled,decomposition,IEK
120100044_,шт,2026-09-01,6.0,6.0,1.0,0.0,1.5,0.0,6.0,0.0,forecast,neutral_seasonality_insufficient_evidence;unstable_trend_disabled,decomposition,IEK
120100045_,шт,2026-09-01,3.3333333333333335,3.3333333333333335,1.0,0.0,2.0,0.0,3.3333333333333335,0.0,forecast,neutral_seasonality_insufficient_evidence;unstable_trend_disabled,decomposition,IEK
120100046_,шт,2026-09-01,1.0,1.0,1.0,0.0,1.0,0.0,1.0,0.0,forecast,neutral_seasonality_insufficient_evidence;insufficient_recent_history,decomposition,IEK
120100047_,шт,2026-09-01,4.5,4.5,1.0,0.0,2.0,0.0,4.5,0.0,forecast,neutral_seasonality_insufficient_evidence;insufficient_recent_history,decomposition,IEK
120100049_,,2026-09-01,,,1.0,0.0,,,,0.0,insufficient_history,,decomposition,IEK
120100050_,шт,2026-09-01,6.0,6.0,1.0,0.0,2.0,0.0,6.0,0.0,forecast,neutral_seasonality_insufficient_evidence;insufficient_recent_history,decomposition,IEK
120100054_,шт,2026-09-01,,,1.0,0.0,,,,0.0,insufficient_history,,decomposition,IEK
120100055_,шт,2026-09-01,20.29422854401849,27.543258792714227,0.7368129057185762,0.0,2.0,0.0,27.543258792714227,0.0,forecast,unstable_trend_disabled,decomposition,IEK
120100056_,шт,2026-09-01,10.0,10.0,1.0,0.0,2.0,0.0,10.0,0.0,forecast,neutral_seasonality_insufficient_evidence;unstable_trend_disabled,decomposition,IEK
120100057_,шт,2026-09-01,12.5,12.5,1.0,0.0,2.0,0.0,12.5,0.0,forecast,neutral_seasonality_insufficient_evidence;unstable_trend_disabled,decomposition,IEK
120100058_,шт,2026-09-01,10.5,10.5,1.0,0.0,2.5,0.0,10.5,0.0,forecast,neutral_seasonality_insufficient_evidence;unstable_trend_disabled,decomposition,IEK
120100059_,шт,2026-09-01,6.333333333333333,6.333333333333333,1.0,0.0,2.0,0.0,6.333333333333333,0.0,forecast,neutral_seasonality_insufficient_evidence;unstable_trend_disabled,decomposition,IEK
120100060_,шт,2026-09-01,1.0,1.0,1.0,0.0,6.0,0.0,1.0,0.0,forecast,neutral_seasonality_insufficient_evidence;insufficient_recent_history;6_calendar_months,decomposition,IEK
120100065_,,2026-09-01,,,1.0,0.0,,,,0.0,insufficient_history,,decomposition,IEK
120100066_,шт,2026-09-01,1.0,1.0,1.0,0.0,5.0,0.0,1.0,0.0,forecast,neutral_seasonality_insufficient_evidence;insufficient_recent_history;6_calendar_months,decomposition,IEK
120100067_,шт,2026-09-01,,,1.0,0.0,,,,0.0,insufficient_history,,decomposition,IEK
120100068_,шт,2026-09-01,,,1.0,0.0,,,,0.0,insufficient_history,,decomposition,IEK
120100069_,шт,2026-09-01,1.3376393801772712,1.9652219122346501,0.680655640897187,-0.0,2.0,-0.0,1.9652219122346501,0.0,forecast,,decomposition,IEK
120100070_,шт,2026-09-01,11.5,11.5,1.0,0.0,2.0,0.0,11.5,0.0,forecast,neutral_seasonality_insufficient_evidence,decomposition,IEK
120100071_,шт,2026-09-01,4.0,4.0,1.0,0.0,1.5,0.0,4.0,0.0,forecast,neutral_seasonality_insufficient_evidence;insufficient_recent_history,decomposition,IEK
120100072_,шт,2026-09-01,10.0,10.0,1.0,0.0,1.5,0.0,10.0,0.0,forecast,neutral_seasonality_insufficient_evidence;unstable_trend_disabled,decomposition,IEK
120100073_,шт,2026-09-01,1.5,1.5,1.0,0.0,2.0,0.0,1.5,0.0,forecast,neutral_seasonality_insufficient_evidence;unstable_trend_disabled,decomposition,IEK
120100074_,,2026-09-01,,,1.0,0.0,,,,0.0,insufficient_history,,decomposition,IEK
120100075_,,2026-09-01,,,1.0,0.0,,,,0.0,insufficient_history,,decomposition,IEK
120100076_,,2026-09-01,,,1.0,0.0,,,,0.0,insufficient_history,,decomposition,IEK
120100077_,,2026-09-01,,,1.0,0.0,,,,0.0,insufficient_history,,decomposition,IEK
120100079_,шт,2026-09-01,,,1.0,0.0,,,,0.0,insufficient_history,,decomposition,IEK
120100080_,шт,2026-09-01,1.0,1.0,1.0,0.0,1.0,0.0,1.0,0.0,forecast,neutral_seasonality_insufficient_evidence;insufficient_recent_history,decomposition,IEK
120100081_,шт,2026-09-01,14.666666666666666,14.666666666666666,1.0,0.0,2.0,0.0,14.666666666666666,0.0,forecast,neutral_seasonality_insufficient_evidence;unstable_trend_disabled,decomposition,IEK
120100085_,шт,2026-09-01,8.5,8.5,1.0,0.0,2.0,0.0,8.5,0.0,forecast,neutral_seasonality_insufficient_evidence;unstable_trend_disabled,decomposition,IEK
120100086_,шт,2026-09-01,3.3333333333333335,3.3333333333333335,1.0,0.0,2.0,0.0,3.3333333333333335,0.0,forecast,neutral_seasonality_insufficient_evidence;unstable_trend_disabled,decomposition,IEK
120100087_,шт,2026-09-01,5.283089077531753,4.0432367988058635,1.3066484453970317,0.0,2.0,0.0,4.0432367988058635,0.0,forecast,unstable_trend_disabled,decomposition,IEK
120100088_,шт,2026-09-01,2.5,2.5,1.0,0.0,1.5,0.0,2.5,0.0,forecast,neutral_seasonality_insufficient_evidence;insufficient_recent_history,decomposition,IEK
120100089_,шт,2026-09-01,3.0,3.0,1.0,0.0,1.0,0.0,3.0,0.0,forecast,neutral_seasonality_insufficient_evidence;insufficient_recent_history,decomposition,IEK
120100118_,шт,2026-09-01,75.6575820085427,72.6990259315016,1.040695952100221,0.0,2.0,0.0,72.6990259315016,0.0,forecast,unstable_trend_disabled,decomposition,IEK
120100119_,шт,2026-09-01,30.58865968187851,25.266422834321393,1.2106446520924798,0.0,2.0,0.0,25.266422834321393,0.0,forecast,,decomposition,IEK
120100122_,шт,2026-09-01,3.0,3.0,1.0,0.0,1.0,0.0,3.0,0.0,forecast,neutral_seasonality_insufficient_evidence;insufficient_recent_history,decomposition,IEK
120100178_,,2026-09-01,,,1.0,0.0,,,,0.0,insufficient_history,,decomposition,IEK
120100188_,,2026-09-01,,,1.0,0.0,,,,0.0,insufficient_history,,decomposition,IEK
120100203_,шт,2026-09-01,,,1.0,0.0,,,,0.0,insufficient_history,,decomposition,IEK
120100216_,шт,2026-09-01,,,1.0,0.0,,,,0.0,insufficient_history,,decomposition,IEK
120100219_,шт,2026-09-01,,,1.0,0.0,,,,0.0,insufficient_history,,decomposition,IEK
120100220_,шт,2026-09-01,,,1.0,0.0,,,,0.0,insufficient_history,,decomposition,IEK
120100221_,,2026-09-01,,,1.0,0.0,,,,0.0,insufficient_history,,decomposition,IEK
120100231_,,2026-09-01,,,1.0,0.0,,,,0.0,insufficient_history,,decomposition,IEK
120100306_,шт,2026-09-01,102.66666666666667,102.66666666666667,1.0,0.0,2.0,0.0,102.66666666666667,0.0,forecast,neutral_seasonality_insufficient_evidence;unstable_trend_disabled,decomposition,IEK
120100307_,шт,2026-09-01,16.0,16.0,1.0,0.0,3.0,0.0,16.0,0.0,forecast,neutral_seasonality_insufficient_evidence;unstable_trend_disabled,decomposition,IEK
120100308_,шт,2026-09-01,14.0,14.0,1.0,0.0,2.0,0.0,14.0,0.0,forecast,neutral_seasonality_insufficient_evidence;unstable_trend_disabled,decomposition,IEK
120100309_,шт,2026-09-01,57.333333333333336,57.333333333333336,1.0,0.0,2.0,0.0,57.333333333333336,0.0,forecast,neutral_seasonality_insufficient_evidence;insufficient_recent_history,decomposition,IEK
120100319_,шт,2026-09-01,,,1.0,0.0,,,,0.0,insufficient_history,,decomposition,IEK
120100320_,,2026-09-01,,,1.0,0.0,,,,0.0,insufficient_history,,decomposition,IEK
120100322_,,2026-09-01,,,1.0,0.0,,,,0.0,insufficient_history,,decomposition,IEK
120100325_,шт,2026-09-01,25.0,25.0,1.0,0.0,2.0,0.0,25.0,0.0,forecast,neutral_seasonality_insufficient_evidence;unstable_trend_disabled,decomposition,IEK
120300008_,шт,2026-09-01,4.2486906069713966,4.344219715506541,0.9780100651460707,0.0,2.0,0.0,4.344219715506541,0.0,forecast,unstable_trend_disabled,decomposition,IEK
120300023_,шт,2026-09-01,1.5,1.5,1.0,0.0,2.0,0.0,1.5,0.0,forecast,neutral_seasonality_insufficient_evidence;insufficient_recent_history,decomposition,IEK
130200006_,шт,2026-09-01,14.0,14.0,1.0,0.0,2.0,0.0,14.0,0.0,forecast,neutral_seasonality_insufficient_evidence;unstable_trend_disabled,decomposition,IEK
130200007_,шт,2026-09-01,44.8408448473262,21.370139045485196,2.098294482402986,0.0,1.5,0.0,21.370139045485196,0.0,forecast,unstable_trend_disabled,decomposition,IEK
130200008_,шт,2026-09-01,4.888888888888889,4.888888888888889,1.0,0.0,20.0,0.0,4.888888888888889,0.0,forecast,neutral_seasonality_insufficient_evidence;insufficient_recent_history;all_known_history_stale,decomposition,IEK
130200012_,м,2026-09-01,289.96900094167376,254.6512767844612,1.1386905441950945,0.0,2.0,0.0,254.6512767844612,0.0,forecast,unstable_trend_disabled,decomposition,IEK
130200013_,м,2026-09-01,7.545016396912941,9.480565150520157,0.7958403615315042,0.0,2.0,0.0,9.480565150520157,0.0,forecast,unstable_trend_disabled,decomposition,IEK
130200015_,м,2026-09-01,75.34661385863853,93.54782938166797,0.8054341223806502,0.0,2.0,0.0,93.54782938166797,0.0,forecast,unstable_trend_disabled,decomposition,IEK
130200016_,шт,2026-09-01,198.8708466566238,184.3866443516957,1.0785534242778516,0.0,2.0,0.0,184.3866443516957,0.0,forecast,unstable_trend_disabled,decomposition,IEK
130200019_,шт,2026-09-01,2.6666666666666665,2.6666666666666665,1.0,0.0,2.0,0.0,2.6666666666666665,0.0,forecast,neutral_seasonality_insufficient_evidence;unstable_trend_disabled,decomposition,IEK
130200020_,шт,2026-09-01,14.333333333333334,14.333333333333334,1.0,0.0,2.0,0.0,14.333333333333334,0.0,forecast,neutral_seasonality_insufficient_evidence;unstable_trend_disabled,decomposition,IEK
130200021_,шт,2026-09-01,18.333333333333332,18.333333333333332,1.0,0.0,2.0,0.0,18.333333333333332,0.0,forecast,neutral_seasonality_insufficient_evidence;unstable_trend_disabled,decomposition,IEK
130200022_,шт,2026-09-01,10.0,10.0,1.0,0.0,2.0,0.0,10.0,0.0,forecast,neutral_seasonality_insufficient_evidence;insufficient_recent_history,decomposition,IEK
130200023_,шт,2026-09-01,24.666666666666668,24.666666666666668,1.0,0.0,2.0,0.0,24.666666666666668,0.0,forecast,neutral_seasonality_insufficient_evidence;unstable_trend_disabled,decomposition,IEK
130200028_,,2026-09-01,,,1.0,0.0,,,,0.0,insufficient_history,,decomposition,IEK
130200032_,шт,2026-09-01,2.830941645762141,3.162278736198581,0.8952220477456251,-0.0,2.5,-0.0,3.162278736198581,0.0,forecast,,decomposition,IEK
130200034_,шт,2026-09-01,,,1.0,0.0,,,,0.0,insufficient_history,,decomposition,IEK
130200035_,шт,2026-09-01,,,1.0,0.0,,,,0.0,insufficient_history,,decomposition,IEK
130200036_,шт,2026-09-01,392.5545545353001,238.83255820624754,1.6436391984559473,0.0,2.0,0.0,238.83255820624754,0.0,forecast,unstable_trend_disabled,decomposition,IEK
130200063_,шт,2026-09-01,8.333333333333334,8.333333333333334,1.0,-0.0,2.0,-0.0,8.333333333333334,0.0,forecast,neutral_seasonality_insufficient_evidence,decomposition,IEK
130200073_,шт,2026-09-01,39.0,39.0,1.0,0.0,2.0,0.0,39.0,0.0,forecast,neutral_seasonality_insufficient_evidence;unstable_trend_disabled,decomposition,IEK
130200074_,шт,2026-09-01,10.831390412130174,8.395986026591753,1.290067703522256,0.0,1.5,0.0,8.395986026591753,0.0,forecast,unstable_trend_disabled,decomposition,IEK
130200075_,шт,2026-09-01,23.188009063735514,20.83461811446347,1.1129557996380222,0.0,2.0,0.0,20.83461811446347,0.0,forecast,unstable_trend_disabled,decomposition,IEK
130200080_,,2026-09-01,,,1.0,0.0,,,,0.0,insufficient_history,,decomposition,IEK
130200082_,,2026-09-01,,,1.0,0.0,,,,0.0,insufficient_history,,decomposition,IEK
130200085_,шт,2026-09-01,6.333333333333333,6.333333333333333,1.0,0.0,2.0,0.0,6.333333333333333,0.0,forecast,neutral_seasonality_insufficient_evidence;insufficient_recent_history,decomposition,IEK
130200089_,шт,2026-09-01,28.415895766426644,42.948536356741954,0.6616266391570754,0.0,2.0,0.0,42.948536356741954,0.0,forecast,unstable_trend_disabled,decomposition,IEK
130200120_,шт,2026-09-01,97.7502228099459,56.43860644512495,1.7319744225964915,0.0,2.0,0.0,56.43860644512495,0.0,forecast,unstable_trend_disabled,decomposition,IEK
130200121_,шт,2026-09-01,163.5882626421363,142.54624632139107,1.1476153659865793,0.0,2.0,0.0,142.54624632139107,0.0,forecast,unstable_trend_disabled,decomposition,IEK
130200122_,шт,2026-09-01,181.66666666666666,181.66666666666666,1.0,0.0,2.0,0.0,181.66666666666666,0.0,forecast,neutral_seasonality_insufficient_evidence;unstable_trend_disabled,decomposition,IEK
130200123_,шт,2026-09-01,272.12904663595737,256.5258997440122,1.0608248403280744,0.0,2.0,0.0,256.5258997440122,0.0,forecast,unstable_trend_disabled,decomposition,IEK
130200124_,шт,2026-09-01,245.2964351281268,204.10721601375613,1.2018018760865106,0.0,2.0,0.0,204.10721601375613,0.0,forecast,unstable_trend_disabled,decomposition,IEK
130200125_,шт,2026-09-01,27.333333333333332,27.333333333333332,1.0,0.0,2.0,0.0,27.333333333333332,0.0,forecast,neutral_seasonality_insufficient_evidence;unstable_trend_disabled,decomposition,IEK
130200126_,шт,2026-09-01,13.875975589382257,11.71465069730695,1.184497596037769,-0.0,2.0,-0.0,11.71465069730695,0.0,forecast,,decomposition,IEK
130200127_,шт,2026-09-01,7.325868899264404,8.748506926988126,0.8373850487178505,0.0,2.0,0.0,8.748506926988126,0.0,forecast,unstable_trend_disabled,decomposition,IEK
130200128_,шт,2026-09-01,48.21480497224561,43.93653256965525,1.0973739198879147,0.0,2.0,0.0,43.93653256965525,0.0,forecast,unstable_trend_disabled,decomposition,IEK
130200131_,шт,2026-09-01,,,1.0,0.0,,,,0.0,insufficient_history,,decomposition,IEK
130200133_,шт,2026-09-01,50.257019655302116,44.97834591164203,1.1173603349938614,0.0,2.0,0.0,44.97834591164203,0.0,forecast,unstable_trend_disabled,decomposition,IEK
130200134_,шт,2026-09-01,133.80930843203896,99.88162339134647,1.3396789508292266,0.0,2.0,0.0,99.88162339134647,0.0,forecast,unstable_trend_disabled,decomposition,IEK
130200135_,шт,2026-09-01,73.06834133389614,69.76467958265975,1.0473543599855868,0.0,2.0,0.0,69.76467958265975,0.0,forecast,unstable_trend_disabled,decomposition,IEK
130200136_,шт,2026-09-01,66.28247538246085,61.95325373983338,1.0698788422123495,0.0,2.0,0.0,61.95325373983338,0.0,forecast,unstable_trend_disabled,decomposition,IEK
130200154_,шт,2026-09-01,29.812017693249473,20.593298114993136,1.4476562970525138,0.0,2.0,0.0,20.593298114993136,0.0,forecast,unstable_trend_disabled,decomposition,IEK
130200159_,шт,2026-09-01,2.0,2.0,1.0,0.0,5.0,0.0,2.0,0.0,forecast,neutral_seasonality_insufficient_evidence;insufficient_recent_history;6_calendar_months,decomposition,IEK
130200160_,,2026-09-01,,,1.0,0.0,,,,0.0,insufficient_history,,decomposition,IEK
130200183_,шт,2026-09-01,6.363388543336445,6.567999296129,0.9688473241900091,0.0,2.0,0.0,6.567999296129,0.0,forecast,unstable_trend_disabled,decomposition,IEK
130200184_,шт,2026-09-01,4.001799375020581,5.457701292172926,0.7332389885023016,0.0,2.0,0.0,5.457701292172926,0.0,forecast,unstable_trend_disabled,decomposition,IEK
130200185_,шт,2026-09-01,5.5,5.5,1.0,0.0,2.5,0.0,5.5,0.0,forecast,neutral_seasonality_insufficient_evidence;unstable_trend_disabled,decomposition,IEK
130200285_,шт,2026-09-01,,,1.0,0.0,,,,0.0,insufficient_history,,decomposition,IEK
130200298_,шт,2026-09-01,3.0,3.0,1.0,0.0,2.5,0.0,3.0,0.0,forecast,neutral_seasonality_insufficient_evidence;insufficient_recent_history,decomposition,IEK
130200299_,шт,2026-09-01,,,1.0,0.0,,,,0.0,insufficient_history,,decomposition,IEK
130200300_,шт,2026-09-01,5.333333333333333,5.333333333333333,1.0,0.0,5.0,0.0,5.333333333333333,0.0,forecast,neutral_seasonality_insufficient_evidence;insufficient_recent_history;6_calendar_months,decomposition,IEK
130200301_,шт,2026-09-01,4.5,4.5,1.0,0.0,16.25,0.0,4.5,0.0,forecast,neutral_seasonality_insufficient_evidence;insufficient_recent_history;all_known_history_stale,decomposition,IEK
130200302_,шт,2026-09-01,1.0,1.0,1.0,0.0,1.0,0.0,1.0,0.0,forecast,neutral_seasonality_insufficient_evidence;insufficient_recent_history,decomposition,IEK
130200305_,шт,2026-09-01,,,1.0,0.0,,,,0.0,insufficient_history,,decomposition,IEK
130200313_,шт,2026-09-01,,,1.0,0.0,,,,0.0,insufficient_history,,decomposition,IEK
130200314_,шт,2026-09-01,,,1.0,0.0,,,,0.0,insufficient_history,,decomposition,IEK
130200315_,,2026-09-01,,,1.0,0.0,,,,0.0,insufficient_history,,decomposition,IEK
130200339_,,2026-09-01,,,1.0,0.0,,,,0.0,insufficient_history,,decomposition,IEK
130200340_,шт,2026-09-01,1.5714285714285714,1.5714285714285714,1.0,0.0,26.428571428572468,0.0,1.5714285714285714,0.0,forecast,neutral_seasonality_insufficient_evidence;insufficient_recent_history;all_known_history_stale,decomposition,IEK
130200341_,,2026-09-01,,,1.0,0.0,,,,0.0,insufficient_history,,decomposition,IEK
130200342_,шт,2026-09-01,,,1.0,0.0,,,,0.0,insufficient_history,,decomposition,IEK
130200343_,шт,2026-09-01,1.0,1.0,1.0,0.0,31.0,0.0,1.0,0.0,forecast,neutral_seasonality_insufficient_evidence;insufficient_recent_history;all_known_history_stale,decomposition,IEK
130200378_,шт,2026-09-01,37.99324564320553,45.62492946025409,0.8327299590962249,0.0,2.5,0.0,45.62492946025409,0.0,forecast,unstable_trend_disabled,decomposition,IEK
130200381_,шт,2026-09-01,18.0,18.0,1.0,-0.0,2.0,-0.0,18.0,0.0,forecast,neutral_seasonality_insufficient_evidence,decomposition,IEK
130200387_,шт,2026-09-01,,,1.0,0.0,,,,0.0,insufficient_history,,decomposition,IEK
130200409_,шт,2026-09-01,90.9987768742216,94.99220822360348,0.9579604325021933,0.0,2.0,0.0,94.99220822360348,0.0,forecast,unstable_trend_disabled,decomposition,IEK
130200413_,шт,2026-09-01,1.0,1.0,1.0,0.0,1.5,0.0,1.0,0.0,forecast,neutral_seasonality_insufficient_evidence;insufficient_recent_history,decomposition,IEK
130200414_,шт,2026-09-01,2.142857142857143,2.142857142857143,1.0,0.0,24.857142857141298,0.0,2.142857142857143,0.0,forecast,neutral_seasonality_insufficient_evidence;insufficient_recent_history;all_known_history_stale,decomposition,IEK
130200415_,шт,2026-09-01,1.5,1.5,1.0,0.0,20.5,0.0,1.5,0.0,forecast,neutral_seasonality_insufficient_evidence;insufficient_recent_history;all_known_history_stale,decomposition,IEK
130200416_,шт,2026-09-01,1.0,1.0,1.0,0.0,6.0,0.0,1.0,0.0,forecast,neutral_seasonality_insufficient_evidence;insufficient_recent_history;6_calendar_months,decomposition,IEK
130200417_,шт,2026-09-01,,,1.0,0.0,,,,0.0,insufficient_history,,decomposition,IEK
130200418_,шт,2026-09-01,1.0,1.0,1.0,0.0,1.0,0.0,1.0,0.0,forecast,neutral_seasonality_insufficient_evidence;insufficient_recent_history,decomposition,IEK
130200419_,шт,2026-09-01,1.0,1.0,1.0,0.0,1.5,0.0,1.0,0.0,forecast,neutral_seasonality_insufficient_evidence;insufficient_recent_history,decomposition,IEK
130200420_,шт,2026-09-01,2.0,2.0,1.0,0.0,1.5,0.0,2.0,0.0,forecast,neutral_seasonality_insufficient_evidence;insufficient_recent_history,decomposition,IEK
130200421_,шт,2026-09-01,2.0,2.0,1.0,0.0,3.0,0.0,2.0,0.0,forecast,neutral_seasonality_insufficient_evidence;insufficient_recent_history,decomposition,IEK
130200422_,шт,2026-09-01,7.0,7.0,1.0,0.0,3.0,0.0,7.0,0.0,forecast,neutral_seasonality_insufficient_evidence;unstable_trend_disabled,decomposition,IEK
130200423_,шт,2026-09-01,2.0,2.0,1.0,-0.0,2.0,-0.0,2.0,0.0,forecast,neutral_seasonality_insufficient_evidence,decomposition,IEK
130200424_,шт,2026-09-01,2.0,2.0,1.0,0.0,3.0,0.0,2.0,0.0,forecast,neutral_seasonality_insufficient_evidence;unstable_trend_disabled,decomposition,IEK
130200425_,шт,2026-09-01,1.6666666666666667,1.6666666666666667,1.0,0.0,2.0,0.0,1.6666666666666667,0.0,forecast,neutral_seasonality_insufficient_evidence;unstable_trend_disabled,decomposition,IEK
130200426_,шт,2026-09-01,1.0,1.0,1.0,-0.0,2.0,-0.0,1.0,0.0,forecast,neutral_seasonality_insufficient_evidence,decomposition,IEK
130200430_,шт,2026-09-01,3.0,3.0,1.0,0.0,2.0,0.0,3.0,0.0,forecast,neutral_seasonality_insufficient_evidence;insufficient_recent_history,decomposition,IEK
130200431_,шт,2026-09-01,3.0,3.0,1.0,0.0,2.5,0.0,3.0,0.0,forecast,neutral_seasonality_insufficient_evidence;insufficient_recent_history,decomposition,IEK
130200432_,шт,2026-09-01,1.5,1.5,1.0,0.0,1.5,0.0,1.5,0.0,forecast,neutral_seasonality_insufficient_evidence;unstable_trend_disabled,decomposition,IEK
130200433_,шт,2026-09-01,3.0,3.0,1.0,0.0,1.0,0.0,3.0,0.0,forecast,neutral_seasonality_insufficient_evidence;insufficient_recent_history,decomposition,IEK
130200434_,шт,2026-09-01,2.5,2.5,1.0,0.0,2.0,0.0,2.5,0.0,forecast,neutral_seasonality_insufficient_evidence;unstable_trend_disabled,decomposition,IEK
130200435_,шт,2026-09-01,5.541033954605799,6.757289092359706,0.82000842036948,0.0,2.0,0.0,6.757289092359706,0.0,forecast,unstable_trend_disabled,decomposition,IEK
130200436_,шт,2026-09-01,4.3872324648306105,3.7701737745727057,1.163668501016996,-0.0,2.0,-0.0,3.7701737745727057,0.0,forecast,,decomposition,IEK
130200437_,шт,2026-09-01,1.0,1.0,1.0,0.0,3.0,0.0,1.0,0.0,forecast,neutral_seasonality_insufficient_evidence;insufficient_recent_history,decomposition,IEK
130200438_,шт,2026-09-01,1.0,1.0,1.0,0.0,1.0,0.0,1.0,0.0,forecast,neutral_seasonality_insufficient_evidence;insufficient_recent_history,decomposition,IEK
130200439_,шт,2026-09-01,3.878988693206106,4.454736873124582,0.8707559624021873,0.0,1.0,0.0,4.454736873124582,0.0,forecast,insufficient_recent_history,decomposition,IEK
130200440_,шт,2026-09-01,1.0,1.0,1.0,0.0,20.400000000001455,0.0,1.0,0.0,forecast,neutral_seasonality_insufficient_evidence;insufficient_recent_history;all_known_history_stale,decomposition,IEK
130200441_,шт,2026-09-01,4.0,4.0,1.0,0.0,3.0,0.0,4.0,0.0,forecast,neutral_seasonality_insufficient_evidence;unstable_trend_disabled,decomposition,IEK
130200442_,шт,2026-09-01,4.0,4.0,1.0,0.0,2.0,0.0,4.0,0.0,forecast,neutral_seasonality_insufficient_evidence;insufficient_recent_history,decomposition,IEK
130200443_,шт,2026-09-01,3.0,3.0,1.0,0.0,1.0,0.0,3.0,0.0,forecast,neutral_seasonality_insufficient_evidence;insufficient_recent_history,decomposition,IEK
130200444_,шт,2026-09-01,2.0,2.0,1.0,0.0,2.0,0.0,2.0,0.0,forecast,neutral_seasonality_insufficient_evidence;insufficient_recent_history,decomposition,IEK
130200445_,шт,2026-09-01,1.0,1.0,1.0,0.0,2.5,0.0,1.0,0.0,forecast,neutral_seasonality_insufficient_evidence;insufficient_recent_history,decomposition,IEK
130200490_,шт,2026-09-01,,,1.0,0.0,,,,0.0,insufficient_history,,decomposition,IEK
130200491_,шт,2026-09-01,1.3333333333333333,1.3333333333333333,1.0,0.0,2.0,0.0,1.3333333333333333,0.0,forecast,neutral_seasonality_insufficient_evidence;insufficient_recent_history,decomposition,IEK
130200492_,шт,2026-09-01,1.3333333333333333,1.3333333333333333,1.0,0.0,2.0,0.0,1.3333333333333333,0.0,forecast,neutral_seasonality_insufficient_evidence;insufficient_recent_history,decomposition,IEK
130200493_,шт,2026-09-01,1.3333333333333333,1.3333333333333333,1.0,0.0,2.0,0.0,1.3333333333333333,0.0,forecast,neutral_seasonality_insufficient_evidence;insufficient_recent_history,decomposition,IEK
130200494_,шт,2026-09-01,,,1.0,0.0,,,,0.0,insufficient_history,,decomposition,IEK
130300003_,шт,2026-09-01,3.5,3.5,1.0,0.0,1.5,0.0,3.5,0.0,forecast,neutral_seasonality_insufficient_evidence;unstable_trend_disabled,decomposition,IEK
130300004_,шт,2026-09-01,10.0,10.0,1.0,0.0,2.0,0.0,10.0,0.0,forecast,neutral_seasonality_insufficient_evidence;insufficient_recent_history,decomposition,IEK
130300005_,шт,2026-09-01,10.701517092814392,9.948908398215735,1.07564736395941,0.0,2.0,0.0,9.948908398215735,0.0,forecast,unstable_trend_disabled,decomposition,IEK
130300006_,шт,2026-09-01,13.69586218346367,9.2880388968412,1.4745698565196081,-0.0,2.0,-0.0,9.2880388968412,0.0,forecast,,decomposition,IEK
130300020_,шт,2026-09-01,54.44873048765797,47.14264840341486,1.1549781849700638,0.0,2.0,0.0,47.14264840341486,0.0,forecast,,decomposition,IEK
130300021_,шт,2026-09-01,27.75151696802514,27.947606936985952,0.9929836579781969,0.0,2.0,0.0,27.947606936985952,0.0,forecast,unstable_trend_disabled,decomposition,IEK
130300022_,шт,2026-09-01,15.471718880805847,19.06644637385112,0.8114631629533597,0.0,2.0,0.0,19.06644637385112,0.0,forecast,unstable_trend_disabled,decomposition,IEK
130300032_,,2026-09-01,,,1.0,0.0,,,,0.0,insufficient_history,,decomposition,IEK
130300033_,шт,2026-09-01,2.6666666666666665,2.6666666666666665,1.0,0.0,2.0,0.0,2.6666666666666665,0.0,forecast,neutral_seasonality_insufficient_evidence;insufficient_recent_history,decomposition,IEK
130300035_,шт,2026-09-01,,,1.0,0.0,,,,0.0,insufficient_history,,decomposition,IEK
130300036_,,2026-09-01,,,1.0,0.0,,,,0.0,insufficient_history,,decomposition,IEK
130300037_,шт,2026-09-01,,,1.0,0.0,,,,0.0,insufficient_history,,decomposition,IEK
130300038_,шт,2026-09-01,,,1.0,0.0,,,,0.0,insufficient_history,,decomposition,IEK
130300039_,шт,2026-09-01,16.5,16.5,1.0,0.0,2.5,0.0,16.5,0.0,forecast,neutral_seasonality_insufficient_evidence;insufficient_recent_history,decomposition,IEK
130300040_,шт,2026-09-01,4.0,4.0,1.0,0.0,23.0,0.0,4.0,0.0,forecast,neutral_seasonality_insufficient_evidence;insufficient_recent_history;all_known_history_stale,decomposition,IEK
130300041_,шт,2026-09-01,4.0,4.0,1.0,0.0,2.5,0.0,4.0,0.0,forecast,neutral_seasonality_insufficient_evidence;insufficient_recent_history,decomposition,IEK
130300042_,,2026-09-01,,,1.0,0.0,,,,0.0,insufficient_history,,decomposition,IEK
130300080_,шт,2026-09-01,20.380417516197095,22.81218719614591,0.8934004153551897,0.0,2.0,0.0,22.81218719614591,0.0,forecast,unstable_trend_disabled,decomposition,IEK
130300084_,шт,2026-09-01,16.88652685003926,22.025456477924582,0.7666822645407642,0.0,2.0,0.0,22.025456477924582,0.0,forecast,unstable_trend_disabled,decomposition,IEK
130300089_,упак,2026-09-01,38.375,38.375,1.0,0.0,26.25,0.0,38.375,0.0,forecast,neutral_seasonality_insufficient_evidence;insufficient_recent_history;all_known_history_stale,decomposition,IEK
130300090_,упак,2026-09-01,2.75,2.75,1.0,0.0,24.75,0.0,2.75,0.0,forecast,neutral_seasonality_insufficient_evidence;insufficient_recent_history;all_known_history_stale,decomposition,IEK
130300091_,упак,2026-09-01,12.0,12.0,1.0,0.0,1.0,0.0,12.0,0.0,forecast,neutral_seasonality_insufficient_evidence;insufficient_recent_history,decomposition,IEK
130300101_,шт,2026-09-01,5.0,5.0,1.0,0.0,1.5,0.0,5.0,0.0,forecast,neutral_seasonality_insufficient_evidence;unstable_trend_disabled,decomposition,IEK
130300102_,шт,2026-09-01,57.33608616327463,52.76859952558286,1.0865569046507932,-0.0,2.0,-0.0,52.76859952558286,0.0,forecast,,decomposition,IEK
130300103_,шт,2026-09-01,18.53602878561926,17.481000268776796,1.0603528688645394,0.0,2.0,0.0,17.481000268776796,0.0,forecast,unstable_trend_disabled,decomposition,IEK
130300105_,шт,2026-09-01,5.0,5.0,1.0,0.0,24.0,0.0,5.0,0.0,forecast,neutral_seasonality_insufficient_evidence;insufficient_recent_history;all_known_history_stale,decomposition,IEK
130300107_,шт,2026-09-01,2.5,2.5,1.0,0.0,4.5,0.0,2.5,0.0,forecast,neutral_seasonality_insufficient_evidence;insufficient_recent_history;6_calendar_months,decomposition,IEK
130300108_,шт,2026-09-01,7.0,7.0,1.0,0.0,3.0,0.0,7.0,0.0,forecast,neutral_seasonality_insufficient_evidence;insufficient_recent_history,decomposition,IEK
130300142_,шт,2026-09-01,10.0,10.0,1.0,0.0,3.0,0.0,10.0,0.0,forecast,neutral_seasonality_insufficient_evidence;insufficient_recent_history,decomposition,IEK
130300143_,шт,2026-09-01,,,1.0,0.0,,,,0.0,insufficient_history,,decomposition,IEK
130300147_,шт,2026-09-01,1.25,1.25,1.0,0.0,18.91666666666788,0.0,1.25,0.0,forecast,neutral_seasonality_insufficient_evidence;insufficient_recent_history;all_known_history_stale,decomposition,IEK
130300152_,шт,2026-09-01,63.59014424113074,58.267829568960515,1.0913422502870338,0.0,2.0,0.0,58.267829568960515,0.0,forecast,unstable_trend_disabled,decomposition,IEK
130300154_,шт,2026-09-01,40.116672009784295,28.71976482641516,1.3968314939991,-0.0,2.0,-0.0,28.71976482641516,0.0,forecast,,decomposition,IEK
130300155_,,2026-09-01,,,1.0,0.0,,,,0.0,insufficient_history,,decomposition,IEK
130300166_,шт,2026-09-01,,,1.0,0.0,,,,0.0,insufficient_history,,decomposition,IEK
130300169_,шт,2026-09-01,,,1.0,0.0,,,,0.0,insufficient_history,,decomposition,IEK
130300172_,шт,2026-09-01,,,1.0,0.0,,,,0.0,insufficient_history,,decomposition,IEK
130300178_,шт,2026-09-01,,,1.0,0.0,,,,0.0,insufficient_history,,decomposition,IEK
130300193_,шт,2026-09-01,,,1.0,0.0,,,,0.0,insufficient_history,,decomposition,IEK
130300204_,шт,2026-09-01,13.0,13.0,1.0,0.0,2.5,0.0,13.0,0.0,forecast,neutral_seasonality_insufficient_evidence;unstable_trend_disabled,decomposition,IEK
130300207_,шт,2026-09-01,2.5,2.5,1.0,0.0,2.5,0.0,2.5,0.0,forecast,neutral_seasonality_insufficient_evidence;unstable_trend_disabled,decomposition,IEK
130300208_,шт,2026-09-01,,,1.0,0.0,,,,0.0,insufficient_history,,decomposition,IEK
130300209_,шт,2026-09-01,,,1.0,0.0,,,,0.0,insufficient_history,,decomposition,IEK
130300210_,шт,2026-09-01,,,1.0,0.0,,,,0.0,insufficient_history,,decomposition,IEK
130300213_,шт,2026-09-01,,,1.0,0.0,,,,0.0,insufficient_history,,decomposition,IEK
130300214_,шт,2026-09-01,,,1.0,0.0,,,,0.0,insufficient_history,,decomposition,IEK
130300215_,,2026-09-01,,,1.0,0.0,,,,0.0,insufficient_history,,decomposition,IEK
130300220_,шт,2026-09-01,114.97430458058898,97.79842352950853,1.1756253365975577,0.0,2.0,0.0,97.79842352950853,0.0,forecast,unstable_trend_disabled,decomposition,IEK
130300221_,шт,2026-09-01,41.32290126903477,36.31850807621777,1.1377918162914298,0.0,2.0,0.0,36.31850807621777,0.0,forecast,unstable_trend_disabled,decomposition,IEK
130300223_,шт,2026-09-01,4.0,4.0,1.0,0.0,2.5,0.0,4.0,0.0,forecast,neutral_seasonality_insufficient_evidence;insufficient_recent_history,decomposition,IEK
130300226_,шт,2026-09-01,,,1.0,0.0,,,,0.0,insufficient_history,,decomposition,IEK
130300227_,шт,2026-09-01,,,1.0,0.0,,,,0.0,insufficient_history,,decomposition,IEK
130300231_,шт,2026-09-01,,,1.0,0.0,,,,0.0,insufficient_history,,decomposition,IEK
130300233_,шт,2026-09-01,,,1.0,0.0,,,,0.0,insufficient_history,,decomposition,IEK
130300247_,шт,2026-09-01,,,1.0,0.0,,,,0.0,insufficient_history,,decomposition,IEK
130300271_,упак,2026-09-01,2.6666666666666665,2.6666666666666665,1.0,0.0,17.33333333333212,0.0,2.6666666666666665,0.0,forecast,neutral_seasonality_insufficient_evidence;insufficient_recent_history;all_known_history_stale,decomposition,IEK
130300275_,упак,2026-09-01,,,1.0,0.0,,,,0.0,insufficient_history,,decomposition,IEK
130300287_,шт,2026-09-01,18.5,18.5,1.0,0.0,2.5,0.0,18.5,0.0,forecast,neutral_seasonality_insufficient_evidence;unstable_trend_disabled,decomposition,IEK
130300288_,шт,2026-09-01,2.0,2.0,1.0,0.0,2.0,0.0,2.0,0.0,forecast,neutral_seasonality_insufficient_evidence;insufficient_recent_history,decomposition,IEK
130300290_,,2026-09-01,,,1.0,0.0,,,,0.0,insufficient_history,,decomposition,IEK
130300291_,шт,2026-09-01,3.0,3.0,1.0,0.0,2.0,0.0,3.0,0.0,forecast,neutral_seasonality_insufficient_evidence;unstable_trend_disabled,decomposition,IEK
130300292_,шт,2026-09-01,1.5,1.5,1.0,0.0,2.0,0.0,1.5,0.0,forecast,neutral_seasonality_insufficient_evidence;insufficient_recent_history,decomposition,IEK
130300293_,шт,2026-09-01,1.0,1.0,1.0,0.0,5.0,0.0,1.0,0.0,forecast,neutral_seasonality_insufficient_evidence;insufficient_recent_history;6_calendar_months,decomposition,IEK
130300302_,шт,2026-09-01,16.988814122168662,24.59829045628039,0.6906501958891663,0.0,2.0,0.0,24.59829045628039,0.0,forecast,,decomposition,IEK
130300325_,,2026-09-01,,,1.0,0.0,,,,0.0,insufficient_history,,decomposition,IEK
130300363_,,2026-09-01,,,1.0,0.0,,,,0.0,insufficient_history,,decomposition,IEK
130300368_,,2026-09-01,,,1.0,0.0,,,,0.0,insufficient_history,,decomposition,IEK
130300418_,шт,2026-09-01,,,1.0,0.0,,,,0.0,insufficient_history,,decomposition,IEK
130300449_,упак,2026-09-01,1.0,1.0,1.0,-0.0,2.0,-0.0,1.0,0.0,forecast,neutral_seasonality_insufficient_evidence,decomposition,IEK
130300471_,упак,2026-09-01,1.0,1.0,1.0,0.0,1.0,0.0,1.0,0.0,forecast,neutral_seasonality_insufficient_evidence;insufficient_recent_history,decomposition,IEK
130300518_,шт,2026-09-01,7.5,7.5,1.0,0.0,2.0,0.0,7.5,0.0,forecast,neutral_seasonality_insufficient_evidence;insufficient_recent_history,decomposition,IEK
130300519_,шт,2026-09-01,5.5,5.5,1.0,0.0,19.0,0.0,5.5,0.0,forecast,neutral_seasonality_insufficient_evidence;insufficient_recent_history;all_known_history_stale,decomposition,IEK
130300520_,шт,2026-09-01,6.0,6.0,1.0,0.0,2.0,0.0,6.0,0.0,forecast,neutral_seasonality_insufficient_evidence;insufficient_recent_history,decomposition,IEK
130300521_,шт,2026-09-01,7.75,7.75,1.0,0.0,20.125,0.0,7.75,0.0,forecast,neutral_seasonality_insufficient_evidence;insufficient_recent_history;all_known_history_stale,decomposition,IEK
130300524_,шт,2026-09-01,8.489533255792402,10.733292045206401,0.790953345910672,0.0,1.5,0.0,10.733292045206401,0.0,forecast,unstable_trend_disabled,decomposition,IEK
130300526_,шт,2026-09-01,772.873343863781,706.7254389275535,1.0935977414886977,0.0,2.0,0.0,706.7254389275535,0.0,forecast,,decomposition,IEK
130300527_,шт,2026-09-01,216.0,216.0,1.0,0.0,2.0,0.0,216.0,0.0,forecast,neutral_seasonality_insufficient_evidence;unstable_trend_disabled,decomposition,IEK
130300528_,шт,2026-09-01,23.666666666666668,23.666666666666668,1.0,0.0,2.0,0.0,23.666666666666668,0.0,forecast,neutral_seasonality_insufficient_evidence;insufficient_recent_history,decomposition,IEK
130300529_,шт,2026-09-01,72.26811019895831,84.88561521737955,0.8513587374479212,0.0,2.0,0.0,84.88561521737955,0.0,forecast,unstable_trend_disabled,decomposition,IEK
130300531_,,2026-09-01,,,1.0,0.0,,,,0.0,insufficient_history,,decomposition,IEK
130300532_,шт,2026-09-01,31.0,31.0,1.0,0.0,2.0,0.0,31.0,0.0,forecast,neutral_seasonality_insufficient_evidence;insufficient_recent_history,decomposition,IEK
130300533_,шт,2026-09-01,4.333333333333333,4.333333333333333,1.0,0.0,2.0,0.0,4.333333333333333,0.0,forecast,neutral_seasonality_insufficient_evidence;unstable_trend_disabled,decomposition,IEK
130300534_,шт,2026-09-01,2.5,2.5,1.0,0.0,1.5,0.0,2.5,0.0,forecast,neutral_seasonality_insufficient_evidence;insufficient_recent_history,decomposition,IEK
130300535_,шт,2026-09-01,20.74561118081641,30.478174877188547,0.6806710462293301,0.0,2.0,0.0,30.478174877188547,0.0,forecast,unstable_trend_disabled,decomposition,IEK
130300536_,шт,2026-09-01,13.0,13.0,1.0,0.0,2.0,0.0,13.0,0.0,forecast,neutral_seasonality_insufficient_evidence;insufficient_recent_history,decomposition,IEK
130300537_,шт,2026-09-01,49.666666666666664,49.666666666666664,1.0,0.0,2.0,0.0,49.666666666666664,0.0,forecast,neutral_seasonality_insufficient_evidence,decomposition,IEK
130300538_,шт,2026-09-01,32.07213939649833,33.69865932007026,0.951733393660465,-0.0,2.0,-0.0,33.69865932007026,0.0,forecast,,decomposition,IEK
130300544_,шт,2026-09-01,2.0,2.0,1.0,0.0,2.0,0.0,2.0,0.0,forecast,neutral_seasonality_insufficient_evidence;flat_or_unstable,decomposition,IEK
130300545_,шт,2026-09-01,1.5,1.5,1.0,0.0,2.0,0.0,1.5,0.0,forecast,neutral_seasonality_insufficient_evidence;insufficient_recent_history,decomposition,IEK
130300546_,шт,2026-09-01,1.7638101012472673,1.8684489870855792,0.9439969265623204,-0.0,2.0,-0.0,1.8684489870855792,0.0,forecast,,decomposition,IEK
130300555_,,2026-09-01,,,1.0,0.0,,,,0.0,insufficient_history,,decomposition,IEK
130300596_,шт,2026-09-01,1.0,1.0,1.0,0.0,1.5,0.0,1.0,0.0,forecast,neutral_seasonality_insufficient_evidence;insufficient_recent_history,decomposition,IEK
130300605_,упак,2026-09-01,11.0,11.0,1.0,0.0,5.0,0.0,11.0,0.0,forecast,neutral_seasonality_insufficient_evidence;insufficient_recent_history;6_calendar_months,decomposition,IEK
130300606_,шт,2026-09-01,60.0,60.0,1.0,0.0,1.0,0.0,60.0,0.0,forecast,neutral_seasonality_insufficient_evidence;insufficient_recent_history,decomposition,IEK
130300608_,шт,2026-09-01,292.2344540137599,351.96172873539746,0.8303017917992438,0.0,2.0,0.0,351.96172873539746,0.0,forecast,unstable_trend_disabled,decomposition,IEK
130300742_,шт,2026-09-01,13.2,13.2,1.0,0.0,25.599999999998545,0.0,13.2,0.0,forecast,neutral_seasonality_insufficient_evidence;insufficient_recent_history;all_known_history_stale,decomposition,IEK
130300764_,шт,2026-09-01,22.19047619047619,22.19047619047619,1.0,0.0,20.76190476190459,0.0,22.19047619047619,0.0,forecast,neutral_seasonality_insufficient_evidence;insufficient_recent_history;all_known_history_stale,decomposition,IEK
130300765_,шт,2026-09-01,1.0,1.0,1.0,0.0,3.0,0.0,1.0,0.0,forecast,neutral_seasonality_insufficient_evidence;insufficient_recent_history,decomposition,IEK
130300769=,шт,2026-09-01,,,1.0,0.0,,,,0.0,insufficient_history,,decomposition,IEK
130300769_,шт,2026-09-01,,,1.0,0.0,,,,0.0,insufficient_history,,decomposition,IEK
130300770_,шт,2026-09-01,5.222222222222222,5.222222222222222,1.0,0.0,25.66666666666788,0.0,5.222222222222222,0.0,forecast,neutral_seasonality_insufficient_evidence;insufficient_recent_history;all_known_history_stale,decomposition,IEK
130300771_,м,2026-09-01,2203.6906289760745,1875.6138655394052,1.1749170068874055,0.0,2.0,0.0,1875.6138655394052,0.0,forecast,unstable_trend_disabled,decomposition,IEK
130300772_,м,2026-09-01,1621.4075658956344,1813.490543269977,0.8940810702944223,0.0,2.0,0.0,1813.490543269977,0.0,forecast,unstable_trend_disabled,decomposition,IEK
130300773_,шт,2026-09-01,2.0,2.0,1.0,0.0,2.0,0.0,2.0,0.0,forecast,neutral_seasonality_insufficient_evidence;insufficient_recent_history,decomposition,IEK
130300774_,шт,2026-09-01,1.0,1.0,1.0,0.0,3.0,0.0,1.0,0.0,forecast,neutral_seasonality_insufficient_evidence;insufficient_recent_history,decomposition,IEK
130300775_,шт,2026-09-01,1.0,1.0,1.0,0.0,3.0,0.0,1.0,0.0,forecast,neutral_seasonality_insufficient_evidence;insufficient_recent_history,decomposition,IEK
130300779_,м,2026-09-01,7510.080807190329,4564.145276208071,1.645451744566239,0.0,2.0,0.0,4564.145276208071,0.0,forecast,unstable_trend_disabled,decomposition,IEK
130300780_,м,2026-09-01,8852.289283480359,8776.534403897045,1.0086315253945426,0.0,2.0,0.0,8776.534403897045,0.0,forecast,unstable_trend_disabled,decomposition,IEK
130300791_,м,2026-09-01,5699.310031483193,5393.741562524524,1.0566524119512408,0.0,2.0,0.0,5393.741562524524,0.0,forecast,unstable_trend_disabled,decomposition,IEK
130300792_,м,2026-09-01,7242.0227511871035,5163.321502491916,1.4025899312471568,0.0,2.0,0.0,5163.321502491916,0.0,forecast,unstable_trend_disabled,decomposition,IEK
130300831_,шт,2026-09-01,,,1.0,0.0,,,,0.0,insufficient_history,,decomposition,IEK
130300861_,шт,2026-09-01,1.0,1.0,1.0,0.0,4.0,0.0,1.0,0.0,forecast,neutral_seasonality_insufficient_evidence;insufficient_recent_history;6_calendar_months,decomposition,IEK
130300883_,шт,2026-09-01,9.418474336976118,9.136480311134791,1.0308646236010224,0.0,2.0,0.0,9.136480311134791,0.0,forecast,unstable_trend_disabled,decomposition,IEK
130300962_,шт,2026-09-01,1.0,1.0,1.0,0.0,3.0,0.0,1.0,0.0,forecast,neutral_seasonality_insufficient_evidence;insufficient_recent_history,decomposition,IEK
130300963_,шт,2026-09-01,1.0,1.0,1.0,0.0,5.0,0.0,1.0,0.0,forecast,neutral_seasonality_insufficient_evidence;insufficient_recent_history;6_calendar_months,decomposition,IEK
130300982_,,2026-09-01,,,1.0,0.0,,,,0.0,insufficient_history,,decomposition,IEK
130300985_,шт,2026-09-01,8.0,8.0,1.0,0.0,2.5,0.0,8.0,0.0,forecast,neutral_seasonality_insufficient_evidence;insufficient_recent_history,decomposition,IEK
130300986_,шт,2026-09-01,2.0,2.0,1.0,0.0,2.5,0.0,2.0,0.0,forecast,neutral_seasonality_insufficient_evidence;insufficient_recent_history,decomposition,IEK
130300988_,шт,2026-09-01,3.25,3.25,1.0,0.0,25.75,0.0,3.25,0.0,forecast,neutral_seasonality_insufficient_evidence;insufficient_recent_history;all_known_history_stale,decomposition,IEK
130301000_,шт,2026-09-01,1.0,1.0,1.0,0.0,6.0,0.0,1.0,0.0,forecast,neutral_seasonality_insufficient_evidence;insufficient_recent_history;6_calendar_months,decomposition,IEK
130301016_,шт,2026-09-01,2.0,2.0,1.0,-0.0,2.0,-0.0,2.0,0.0,forecast,neutral_seasonality_insufficient_evidence,decomposition,IEK
130301073_,,2026-09-01,,,1.0,0.0,,,,0.0,insufficient_history,,decomposition,IEK
130301079_,шт,2026-09-01,42.070841206759006,37.35586767714,1.126217748985773,0.0,2.0,0.0,37.35586767714,0.0,forecast,unstable_trend_disabled,decomposition,IEK
130301081_,шт,2026-09-01,2.0,2.0,1.0,0.0,22.33333333333212,0.0,2.0,0.0,forecast,neutral_seasonality_insufficient_evidence;insufficient_recent_history;all_known_history_stale,decomposition,IEK
130301087_,шт,2026-09-01,,,1.0,0.0,,,,0.0,insufficient_history,,decomposition,IEK
130301096_,шт,2026-09-01,4.529145381301936,5.106792685454541,0.8868864785136288,0.0,2.0,0.0,5.106792685454541,0.0,forecast,unstable_trend_disabled,decomposition,IEK
130301097_,шт,2026-09-01,3.3441632299942854,4.608378801341858,0.7256702137898341,0.0,2.0,0.0,4.608378801341858,0.0,forecast,unstable_trend_disabled,decomposition,IEK
130301098_,шт,2026-09-01,1.5,1.5,1.0,0.0,4.5,0.0,1.5,0.0,forecast,neutral_seasonality_insufficient_evidence;insufficient_recent_history;6_calendar_months,decomposition,IEK
130301099_,шт,2026-09-01,1.5,1.5,1.0,0.0,1.5,0.0,1.5,0.0,forecast,neutral_seasonality_insufficient_evidence;insufficient_recent_history,decomposition,IEK
130301100_,шт,2026-09-01,136.66666666666666,136.66666666666666,1.0,0.0,2.0,0.0,136.66666666666666,0.0,forecast,neutral_seasonality_insufficient_evidence;unstable_trend_disabled,decomposition,IEK
130301101_,шт,2026-09-01,1097.1963788618177,1144.4703542392406,0.9586935780360627,0.0,2.0,0.0,1144.4703542392406,0.0,forecast,unstable_trend_disabled,decomposition,IEK
130301111_,,2026-09-01,,,1.0,0.0,,,,0.0,insufficient_history,,decomposition,IEK
130301112_,,2026-09-01,,,1.0,0.0,,,,0.0,insufficient_history,,decomposition,IEK
130301113_,,2026-09-01,,,1.0,0.0,,,,0.0,insufficient_history,,decomposition,IEK
130301114_,,2026-09-01,,,1.0,0.0,,,,0.0,insufficient_history,,decomposition,IEK
130301115_,,2026-09-01,,,1.0,0.0,,,,0.0,insufficient_history,,decomposition,IEK
130301116_,,2026-09-01,,,1.0,0.0,,,,0.0,insufficient_history,,decomposition,IEK
130301120_,шт,2026-09-01,32.0,32.0,1.0,0.0,2.5,0.0,32.0,0.0,forecast,neutral_seasonality_insufficient_evidence;unstable_trend_disabled,decomposition,IEK
130301128_,шт,2026-09-01,1.6666666666666667,1.6666666666666667,1.0,-0.0,2.0,-0.0,1.6666666666666667,0.0,forecast,neutral_seasonality_insufficient_evidence,decomposition,IEK
130301133_,,2026-09-01,,,1.0,0.0,,,,0.0,insufficient_history,,decomposition,IEK
130301232_,м,2026-09-01,415.0,415.0,1.0,0.0,2.0,0.0,415.0,0.0,forecast,neutral_seasonality_insufficient_evidence;unstable_trend_disabled,decomposition,IEK
130301257_,шт,2026-09-01,5.5057728353597675,7.465873581759283,0.7374586208922077,0.0,2.0,0.0,7.465873581759283,0.0,forecast,unstable_trend_disabled,decomposition,IEK
130301258_,шт,2026-09-01,2.8461538461538463,2.8461538461538463,1.0,0.0,25.46153846153902,0.0,2.8461538461538463,0.0,forecast,neutral_seasonality_insufficient_evidence;insufficient_recent_history;all_known_history_stale,decomposition,IEK
130301261_,шт,2026-09-01,,,1.0,0.0,,,,0.0,insufficient_history,,decomposition,IEK
130301263_,шт,2026-09-01,1.0,1.0,1.0,0.0,3.0,0.0,1.0,0.0,forecast,neutral_seasonality_insufficient_evidence;insufficient_recent_history,decomposition,IEK
130301597_,,2026-09-01,,,1.0,0.0,,,,0.0,insufficient_history,,decomposition,IEK
130301598_,,2026-09-01,,,1.0,0.0,,,,0.0,insufficient_history,,decomposition,IEK
130301608_,шт,2026-09-01,72.66666666666667,72.66666666666667,1.0,0.0,2.0,0.0,72.66666666666667,0.0,forecast,neutral_seasonality_insufficient_evidence;unstable_trend_disabled,decomposition,IEK
130301609_,шт,2026-09-01,35.0,35.0,1.0,0.0,2.5,0.0,35.0,0.0,forecast,neutral_seasonality_insufficient_evidence;unstable_trend_disabled,decomposition,IEK
130301610_,шт,2026-09-01,50.0,50.0,1.0,0.0,2.0,0.0,50.0,0.0,forecast,neutral_seasonality_insufficient_evidence;unstable_trend_disabled,decomposition,IEK
130301611_,шт,2026-09-01,12.5,12.5,1.0,0.0,2.5,0.0,12.5,0.0,forecast,neutral_seasonality_insufficient_evidence;unstable_trend_disabled,decomposition,IEK
130301612_,шт,2026-09-01,16.333333333333332,16.333333333333332,1.0,0.0,2.0,0.0,16.333333333333332,0.0,forecast,neutral_seasonality_insufficient_evidence;unstable_trend_disabled,decomposition,IEK
130301613_,шт,2026-09-01,20.5,20.5,1.0,0.0,2.0,0.0,20.5,0.0,forecast,neutral_seasonality_insufficient_evidence,decomposition,IEK
130301614_,шт,2026-09-01,6.333333333333333,6.333333333333333,1.0,0.0,2.0,0.0,6.333333333333333,0.0,forecast,neutral_seasonality_insufficient_evidence;insufficient_recent_history,decomposition,IEK
130301615_,шт,2026-09-01,2.0,2.0,1.0,0.0,2.5,0.0,2.0,0.0,forecast,neutral_seasonality_insufficient_evidence;unstable_trend_disabled,decomposition,IEK
130301616_,шт,2026-09-01,15.5,15.5,1.0,0.0,2.0,0.0,15.5,0.0,forecast,neutral_seasonality_insufficient_evidence;unstable_trend_disabled,decomposition,IEK
130301617_,шт,2026-09-01,5.5,5.5,1.0,0.0,2.0,0.0,5.5,0.0,forecast,neutral_seasonality_insufficient_evidence;insufficient_recent_history,decomposition,IEK
130301618_,шт,2026-09-01,12.5,12.5,1.0,0.0,2.5,0.0,12.5,0.0,forecast,neutral_seasonality_insufficient_evidence;insufficient_recent_history,decomposition,IEK
130301619_,шт,2026-09-01,70.0,70.0,1.0,0.0,2.0,0.0,70.0,0.0,forecast,neutral_seasonality_insufficient_evidence;insufficient_recent_history,decomposition,IEK
130301620_,шт,2026-09-01,7.333333333333333,7.333333333333333,1.0,0.0,2.0,0.0,7.333333333333333,0.0,forecast,neutral_seasonality_insufficient_evidence;insufficient_recent_history,decomposition,IEK
130301621_,шт,2026-09-01,6.0,6.0,1.0,0.0,1.0,0.0,6.0,0.0,forecast,neutral_seasonality_insufficient_evidence;insufficient_recent_history,decomposition,IEK
130301622_,шт,2026-09-01,11.333333333333334,11.333333333333334,1.0,0.0,16.888888888890506,0.0,11.333333333333334,0.0,forecast,neutral_seasonality_insufficient_evidence;insufficient_recent_history;all_known_history_stale,decomposition,IEK
130301623_,шт,2026-09-01,2.0,2.0,1.0,0.0,4.0,0.0,2.0,0.0,forecast,neutral_seasonality_insufficient_evidence;insufficient_recent_history;6_calendar_months,decomposition,IEK
130301624_,шт,2026-09-01,,,1.0,0.0,,,,0.0,insufficient_history,,decomposition,IEK
130301625_,шт,2026-09-01,5.666666666666667,5.666666666666667,1.0,0.0,2.0,0.0,5.666666666666667,0.0,forecast,neutral_seasonality_insufficient_evidence;insufficient_recent_history,decomposition,IEK
130301626_,шт,2026-09-01,6.666666666666667,6.666666666666667,1.0,0.0,2.0,0.0,6.666666666666667,0.0,forecast,neutral_seasonality_insufficient_evidence;unstable_trend_disabled,decomposition,IEK
130301627_,шт,2026-09-01,4.0,4.0,1.0,0.0,5.0,0.0,4.0,0.0,forecast,neutral_seasonality_insufficient_evidence;insufficient_recent_history;6_calendar_months,decomposition,IEK
130301628_,шт,2026-09-01,1.6666666666666667,1.6666666666666667,1.0,0.0,2.0,0.0,1.6666666666666667,0.0,forecast,neutral_seasonality_insufficient_evidence;unstable_trend_disabled,decomposition,IEK
130301629_,шт,2026-09-01,1.0,1.0,1.0,0.0,3.0,0.0,1.0,0.0,forecast,neutral_seasonality_insufficient_evidence;insufficient_recent_history,decomposition,IEK
130301630_,шт,2026-09-01,6.0,6.0,1.0,0.0,3.0,0.0,6.0,0.0,forecast,neutral_seasonality_insufficient_evidence;insufficient_recent_history,decomposition,IEK
130301631_,шт,2026-09-01,20.0,20.0,1.0,0.0,6.0,0.0,20.0,0.0,forecast,neutral_seasonality_insufficient_evidence;insufficient_recent_history;6_calendar_months,decomposition,IEK
130301632_,шт,2026-09-01,40.0,40.0,1.0,0.0,3.0,0.0,40.0,0.0,forecast,neutral_seasonality_insufficient_evidence;insufficient_recent_history,decomposition,IEK
130301633_,шт,2026-09-01,2.0,2.0,1.0,0.0,6.0,0.0,2.0,0.0,forecast,neutral_seasonality_insufficient_evidence;insufficient_recent_history;6_calendar_months,decomposition,IEK
130301634_,шт,2026-09-01,100.0,100.0,1.0,0.0,1.0,0.0,100.0,0.0,forecast,neutral_seasonality_insufficient_evidence;insufficient_recent_history,decomposition,IEK
130301635_,шт,2026-09-01,155.0,155.0,1.0,0.0,1.5,0.0,155.0,0.0,forecast,neutral_seasonality_insufficient_evidence;insufficient_recent_history,decomposition,IEK
130301636_,шт,2026-09-01,45.0,45.0,1.0,0.0,2.5,0.0,45.0,0.0,forecast,neutral_seasonality_insufficient_evidence;insufficient_recent_history,decomposition,IEK
130301637_,шт,2026-09-01,,,1.0,0.0,,,,0.0,insufficient_history,,decomposition,IEK
130301638_,шт,2026-09-01,17.5,17.5,1.0,0.0,5.5,0.0,17.5,0.0,forecast,neutral_seasonality_insufficient_evidence;insufficient_recent_history;6_calendar_months,decomposition,IEK
130301639_,шт,2026-09-01,10.0,10.0,1.0,0.0,3.0,0.0,10.0,0.0,forecast,neutral_seasonality_insufficient_evidence;insufficient_recent_history,decomposition,IEK
130301640_,шт,2026-09-01,50.0,50.0,1.0,0.0,3.0,0.0,50.0,0.0,forecast,neutral_seasonality_insufficient_evidence;insufficient_recent_history,decomposition,IEK
130301641_,шт,2026-09-01,10.333333333333334,10.333333333333334,1.0,-0.0,2.0,-0.0,10.333333333333334,0.0,forecast,neutral_seasonality_insufficient_evidence,decomposition,IEK
130301642_,шт,2026-09-01,,,1.0,0.0,,,,0.0,insufficient_history,,decomposition,IEK
130301643_,шт,2026-09-01,,,1.0,0.0,,,,0.0,insufficient_history,,decomposition,IEK
130301644_,шт,2026-09-01,6.0,6.0,1.0,-0.0,3.0,-0.0,6.0,0.0,forecast,neutral_seasonality_insufficient_evidence,decomposition,IEK
130301645_,шт,2026-09-01,4.0,4.0,1.0,0.0,4.5,0.0,4.0,0.0,forecast,neutral_seasonality_insufficient_evidence;insufficient_recent_history;6_calendar_months,decomposition,IEK
130301646_,шт,2026-09-01,7.5,7.5,1.0,0.0,1.5,0.0,7.5,0.0,forecast,neutral_seasonality_insufficient_evidence;insufficient_recent_history,decomposition,IEK
130301647_,шт,2026-09-01,10.0,10.0,1.0,0.0,5.0,0.0,10.0,0.0,forecast,neutral_seasonality_insufficient_evidence;insufficient_recent_history;6_calendar_months,decomposition,IEK
130301648_,шт,2026-09-01,5.0,5.0,1.0,0.0,5.0,0.0,5.0,0.0,forecast,neutral_seasonality_insufficient_evidence;insufficient_recent_history;6_calendar_months,decomposition,IEK
130301649_,шт,2026-09-01,5.666666666666667,5.666666666666667,1.0,0.0,10.33333333333212,0.0,5.666666666666667,0.0,forecast,neutral_seasonality_insufficient_evidence;insufficient_recent_history;all_known_history_stale,decomposition,IEK
130301650_,шт,2026-09-01,,,1.0,0.0,,,,0.0,insufficient_history,,decomposition,IEK
130301651_,шт,2026-09-01,,,1.0,0.0,,,,0.0,insufficient_history,,decomposition,IEK
130301652_,шт,2026-09-01,,,1.0,0.0,,,,0.0,insufficient_history,,decomposition,IEK
130301653_,,2026-09-01,,,1.0,0.0,,,,0.0,insufficient_history,,decomposition,IEK
130301654_,шт,2026-09-01,,,1.0,0.0,,,,0.0,insufficient_history,,decomposition,IEK
130301655_,шт,2026-09-01,,,1.0,0.0,,,,0.0,insufficient_history,,decomposition,IEK
130301656_,шт,2026-09-01,,,1.0,0.0,,,,0.0,insufficient_history,,decomposition,IEK
130301657_,,2026-09-01,,,1.0,0.0,,,,0.0,insufficient_history,,decomposition,IEK
130301658_,шт,2026-09-01,,,1.0,0.0,,,,0.0,insufficient_history,,decomposition,IEK
130301659_,шт,2026-09-01,,,1.0,0.0,,,,0.0,insufficient_history,,decomposition,IEK
130301660_,шт,2026-09-01,,,1.0,0.0,,,,0.0,insufficient_history,,decomposition,IEK
130301661_,шт,2026-09-01,,,1.0,0.0,,,,0.0,insufficient_history,,decomposition,IEK
130301662_,шт,2026-09-01,,,1.0,0.0,,,,0.0,insufficient_history,,decomposition,IEK
130301663_,шт,2026-09-01,,,1.0,0.0,,,,0.0,insufficient_history,,decomposition,IEK
130301664_,шт,2026-09-01,,,1.0,0.0,,,,0.0,insufficient_history,,decomposition,IEK
130301665_,шт,2026-09-01,,,1.0,0.0,,,,0.0,insufficient_history,,decomposition,IEK
130301666_,шт,2026-09-01,,,1.0,0.0,,,,0.0,insufficient_history,,decomposition,IEK
130301667_,шт,2026-09-01,,,1.0,0.0,,,,0.0,insufficient_history,,decomposition,IEK
130301668_,шт,2026-09-01,,,1.0,0.0,,,,0.0,insufficient_history,,decomposition,IEK
130301669_,шт,2026-09-01,,,1.0,0.0,,,,0.0,insufficient_history,,decomposition,IEK
130301670_,шт,2026-09-01,,,1.0,0.0,,,,0.0,insufficient_history,,decomposition,IEK
130301671_,шт,2026-09-01,,,1.0,0.0,,,,0.0,insufficient_history,,decomposition,IEK
130301672_,,2026-09-01,,,1.0,0.0,,,,0.0,insufficient_history,,decomposition,IEK
130301673_,шт,2026-09-01,4.5,4.5,1.0,0.0,1.5,0.0,4.5,0.0,forecast,neutral_seasonality_insufficient_evidence;insufficient_recent_history,decomposition,IEK
130301674_,шт,2026-09-01,1.0,1.0,1.0,0.0,1.5,0.0,1.0,0.0,forecast,neutral_seasonality_insufficient_evidence;insufficient_recent_history,decomposition,IEK
130301675_,шт,2026-09-01,78.0,78.0,1.0,0.0,2.0,0.0,78.0,0.0,forecast,neutral_seasonality_insufficient_evidence;insufficient_recent_history,decomposition,IEK
130301676_,шт,2026-09-01,,,1.0,0.0,,,,0.0,insufficient_history,,decomposition,IEK
130301677_,шт,2026-09-01,1.0,1.0,1.0,0.0,1.0,0.0,1.0,0.0,forecast,neutral_seasonality_insufficient_evidence;insufficient_recent_history,decomposition,IEK
130301678_,шт,2026-09-01,1.5,1.5,1.0,0.0,2.0,0.0,1.5,0.0,forecast,neutral_seasonality_insufficient_evidence;insufficient_recent_history,decomposition,IEK
130301679_,шт,2026-09-01,4.0,4.0,1.0,0.0,2.5,0.0,4.0,0.0,forecast,neutral_seasonality_insufficient_evidence;insufficient_recent_history,decomposition,IEK
130301680_,,2026-09-01,,,1.0,0.0,,,,0.0,insufficient_history,,decomposition,IEK
130301681_,шт,2026-09-01,,,1.0,0.0,,,,0.0,insufficient_history,,decomposition,IEK
130301682_,шт,2026-09-01,,,1.0,0.0,,,,0.0,insufficient_history,,decomposition,IEK
130301683_,шт,2026-09-01,,,1.0,0.0,,,,0.0,insufficient_history,,decomposition,IEK
130301685_,шт,2026-09-01,,,1.0,0.0,,,,0.0,insufficient_history,,decomposition,IEK
130301686_,шт,2026-09-01,,,1.0,0.0,,,,0.0,insufficient_history,,decomposition,IEK
130301687_,шт,2026-09-01,,,1.0,0.0,,,,0.0,insufficient_history,,decomposition,IEK
130301688_,шт,2026-09-01,10.0,10.0,1.0,0.0,3.0,0.0,10.0,0.0,forecast,neutral_seasonality_insufficient_evidence;insufficient_recent_history,decomposition,IEK
130301689_,шт,2026-09-01,30.0,30.0,1.0,0.0,1.0,0.0,30.0,0.0,forecast,neutral_seasonality_insufficient_evidence;insufficient_recent_history,decomposition,IEK
130301690_,шт,2026-09-01,,,1.0,0.0,,,,0.0,insufficient_history,,decomposition,IEK
130301691_,шт,2026-09-01,,,1.0,0.0,,,,0.0,insufficient_history,,decomposition,IEK
130301692_,шт,2026-09-01,,,1.0,0.0,,,,0.0,insufficient_history,,decomposition,IEK
130301693_,шт,2026-09-01,5.0,5.0,1.0,0.0,3.0,0.0,5.0,0.0,forecast,neutral_seasonality_insufficient_evidence;insufficient_recent_history,decomposition,IEK
130301694_,шт,2026-09-01,,,1.0,0.0,,,,0.0,insufficient_history,,decomposition,IEK
130301695_,шт,2026-09-01,25.0,25.0,1.0,0.0,5.5,0.0,25.0,0.0,forecast,neutral_seasonality_insufficient_evidence;insufficient_recent_history;6_calendar_months,decomposition,IEK
130301696_,шт,2026-09-01,,,1.0,0.0,,,,0.0,insufficient_history,,decomposition,IEK
130301697_,шт,2026-09-01,3.0,3.0,1.0,0.0,5.5,0.0,3.0,0.0,forecast,neutral_seasonality_insufficient_evidence;insufficient_recent_history;6_calendar_months,decomposition,IEK
130301698_,шт,2026-09-01,,,1.0,0.0,,,,0.0,insufficient_history,,decomposition,IEK
130301699_,шт,2026-09-01,,,1.0,0.0,,,,0.0,insufficient_history,,decomposition,IEK
130301700_,шт,2026-09-01,,,1.0,0.0,,,,0.0,insufficient_history,,decomposition,IEK
130301701_,шт,2026-09-01,,,1.0,0.0,,,,0.0,insufficient_history,,decomposition,IEK
130301702_,шт,2026-09-01,,,1.0,0.0,,,,0.0,insufficient_history,,decomposition,IEK
130301703_,шт,2026-09-01,,,1.0,0.0,,,,0.0,insufficient_history,,decomposition,IEK
130301704_,шт,2026-09-01,,,1.0,0.0,,,,0.0,insufficient_history,,decomposition,IEK
130301705_,шт,2026-09-01,,,1.0,0.0,,,,0.0,insufficient_history,,decomposition,IEK
130301706_,шт,2026-09-01,16.0,16.0,1.0,0.0,3.0,0.0,16.0,0.0,forecast,neutral_seasonality_insufficient_evidence;insufficient_recent_history,decomposition,IEK
130301707_,шт,2026-09-01,,,1.0,0.0,,,,0.0,insufficient_history,,decomposition,IEK
130301708_,шт,2026-09-01,,,1.0,0.0,,,,0.0,insufficient_history,,decomposition,IEK
130301709_,шт,2026-09-01,,,1.0,0.0,,,,0.0,insufficient_history,,decomposition,IEK
130301710_,шт,2026-09-01,,,1.0,0.0,,,,0.0,insufficient_history,,decomposition,IEK
130301711_,шт,2026-09-01,,,1.0,0.0,,,,0.0,insufficient_history,,decomposition,IEK
130301712_,шт,2026-09-01,6.0,6.0,1.0,0.0,3.0,0.0,6.0,0.0,forecast,neutral_seasonality_insufficient_evidence;insufficient_recent_history,decomposition,IEK
130301713_,шт,2026-09-01,,,1.0,0.0,,,,0.0,insufficient_history,,decomposition,IEK
130301714_,шт,2026-09-01,,,1.0,0.0,,,,0.0,insufficient_history,,decomposition,IEK
130301715_,шт,2026-09-01,10.0,10.0,1.0,0.0,2.0,0.0,10.0,0.0,forecast,neutral_seasonality_insufficient_evidence;insufficient_recent_history,decomposition,IEK
130301716_,шт,2026-09-01,,,1.0,0.0,,,,0.0,insufficient_history,,decomposition,IEK
130301717_,шт,2026-09-01,,,1.0,0.0,,,,0.0,insufficient_history,,decomposition,IEK
130301718_,шт,2026-09-01,,,1.0,0.0,,,,0.0,insufficient_history,,decomposition,IEK
130301719_,шт,2026-09-01,,,1.0,0.0,,,,0.0,insufficient_history,,decomposition,IEK
130301720_,шт,2026-09-01,,,1.0,0.0,,,,0.0,insufficient_history,,decomposition,IEK
130301721_,шт,2026-09-01,,,1.0,0.0,,,,0.0,insufficient_history,,decomposition,IEK
130301722_,шт,2026-09-01,,,1.0,0.0,,,,0.0,insufficient_history,,decomposition,IEK
130301723_,шт,2026-09-01,,,1.0,0.0,,,,0.0,insufficient_history,,decomposition,IEK
130301724_,шт,2026-09-01,,,1.0,0.0,,,,0.0,insufficient_history,,decomposition,IEK
130301725_,шт,2026-09-01,,,1.0,0.0,,,,0.0,insufficient_history,,decomposition,IEK
130301726_,шт,2026-09-01,,,1.0,0.0,,,,0.0,insufficient_history,,decomposition,IEK
130301727_,шт,2026-09-01,,,1.0,0.0,,,,0.0,insufficient_history,,decomposition,IEK
130301728_,шт,2026-09-01,,,1.0,0.0,,,,0.0,insufficient_history,,decomposition,IEK
130301729_,шт,2026-09-01,,,1.0,0.0,,,,0.0,insufficient_history,,decomposition,IEK
130301730_,шт,2026-09-01,,,1.0,0.0,,,,0.0,insufficient_history,,decomposition,IEK
130301731_,шт,2026-09-01,,,1.0,0.0,,,,0.0,insufficient_history,,decomposition,IEK
130301732_,шт,2026-09-01,,,1.0,0.0,,,,0.0,insufficient_history,,decomposition,IEK
130301733_,шт,2026-09-01,2.0,2.0,1.0,0.0,3.0,0.0,2.0,0.0,forecast,neutral_seasonality_insufficient_evidence;insufficient_recent_history,decomposition,IEK
130301734_,шт,2026-09-01,,,1.0,0.0,,,,0.0,insufficient_history,,decomposition,IEK
130301735_,шт,2026-09-01,,,1.0,0.0,,,,0.0,insufficient_history,,decomposition,IEK
130301736_,шт,2026-09-01,5.0,5.0,1.0,0.0,5.0,0.0,5.0,0.0,forecast,neutral_seasonality_insufficient_evidence;insufficient_recent_history;6_calendar_months,decomposition,IEK
130301737_,шт,2026-09-01,6.666666666666667,6.666666666666667,1.0,0.0,2.0,0.0,6.666666666666667,0.0,forecast,neutral_seasonality_insufficient_evidence;insufficient_recent_history,decomposition,IEK
130301738_,шт,2026-09-01,1.5,1.5,1.0,0.0,2.0,0.0,1.5,0.0,forecast,neutral_seasonality_insufficient_evidence;insufficient_recent_history,decomposition,IEK
130301739_,шт,2026-09-01,,,1.0,0.0,,,,0.0,insufficient_history,,decomposition,IEK
130301927_,м,2026-09-01,,,1.0,0.0,,,,0.0,insufficient_history,,decomposition,IEK
130400069_,шт,2026-09-01,,,1.0,0.0,,,,0.0,insufficient_history,,decomposition,IEK
130400112_,шт,2026-09-01,,,1.0,0.0,,,,0.0,insufficient_history,,decomposition,IEK
130400150_,,2026-09-01,,,1.0,0.0,,,,0.0,insufficient_history,,decomposition,IEK
130400151_,,2026-09-01,,,1.0,0.0,,,,0.0,insufficient_history,,decomposition,IEK
130400152_,шт,2026-09-01,,,1.0,0.0,,,,0.0,insufficient_history,,decomposition,IEK
130400153_,шт,2026-09-01,,,1.0,0.0,,,,0.0,insufficient_history,,decomposition,IEK
130400154_,шт,2026-09-01,4.0,4.0,1.0,0.0,2.0,0.0,4.0,0.0,forecast,neutral_seasonality_insufficient_evidence;insufficient_recent_history,decomposition,IEK
130400155_,шт,2026-09-01,,,1.0,0.0,,,,0.0,insufficient_history,,decomposition,IEK
130400156_,шт,2026-09-01,,,1.0,0.0,,,,0.0,insufficient_history,,decomposition,IEK
130500001_,шт,2026-09-01,,,1.0,0.0,,,,0.0,insufficient_history,,decomposition,IEK
130500002_,шт,2026-09-01,56.30769230769231,56.30769230769231,1.0,0.0,20.692307692308532,0.0,56.30769230769231,0.0,forecast,neutral_seasonality_insufficient_evidence;insufficient_recent_history;all_known_history_stale,decomposition,IEK
130500003_,шт,2026-09-01,2.0,2.0,1.0,0.0,3.0,0.0,2.0,0.0,forecast,neutral_seasonality_insufficient_evidence;insufficient_recent_history,decomposition,IEK
130500004_,шт,2026-09-01,2.0,2.0,1.0,0.0,1.0,0.0,2.0,0.0,forecast,neutral_seasonality_insufficient_evidence;insufficient_recent_history,decomposition,IEK
130500005_,шт,2026-09-01,8.0,8.0,1.0,0.0,6.0,0.0,8.0,0.0,forecast,neutral_seasonality_insufficient_evidence;insufficient_recent_history;6_calendar_months,decomposition,IEK
130500006_,шт,2026-09-01,,,1.0,0.0,,,,0.0,insufficient_history,,decomposition,IEK
130500007_,шт,2026-09-01,17.125,17.125,1.0,0.0,25.875,0.0,17.125,0.0,forecast,neutral_seasonality_insufficient_evidence;insufficient_recent_history;all_known_history_stale,decomposition,IEK
130500008_,шт,2026-09-01,10.777777777777779,10.777777777777779,1.0,0.0,23.33333333333212,0.0,10.777777777777779,0.0,forecast,neutral_seasonality_insufficient_evidence;insufficient_recent_history;all_known_history_stale,decomposition,IEK
130500009_,шт,2026-09-01,56.666666666666664,56.666666666666664,1.0,0.0,19.0,0.0,56.666666666666664,0.0,forecast,neutral_seasonality_insufficient_evidence;insufficient_recent_history;all_known_history_stale,decomposition,IEK
130500010_,шт,2026-09-01,5.0,5.0,1.0,0.0,2.0,0.0,5.0,0.0,forecast,neutral_seasonality_insufficient_evidence;insufficient_recent_history,decomposition,IEK
130500011_,шт,2026-09-01,5.0,5.0,1.0,0.0,3.0,0.0,5.0,0.0,forecast,neutral_seasonality_insufficient_evidence;insufficient_recent_history,decomposition,IEK
130500012_,шт,2026-09-01,,,1.0,0.0,,,,0.0,insufficient_history,,decomposition,IEK
130500013_,шт,2026-09-01,3.0,3.0,1.0,0.0,21.66666666666788,0.0,3.0,0.0,forecast,neutral_seasonality_insufficient_evidence;insufficient_recent_history;all_known_history_stale,decomposition,IEK
130500014_,шт,2026-09-01,,,1.0,0.0,,,,0.0,insufficient_history,,decomposition,IEK
130500015_,шт,2026-09-01,3.25,3.25,1.0,0.0,23.5,0.0,3.25,0.0,forecast,neutral_seasonality_insufficient_evidence;insufficient_recent_history;all_known_history_stale,decomposition,IEK
130500027_,шт,2026-09-01,2.0,2.0,1.0,0.0,6.0,0.0,2.0,0.0,forecast,neutral_seasonality_insufficient_evidence;insufficient_recent_history;6_calendar_months,decomposition,IEK
130500046_,шт,2026-09-01,11.75,11.75,1.0,0.0,26.5,0.0,11.75,0.0,forecast,neutral_seasonality_insufficient_evidence;insufficient_recent_history;all_known_history_stale,decomposition,IEK
130500051_,,2026-09-01,,,1.0,0.0,,,,0.0,insufficient_history,,decomposition,IEK
130500080_,шт,2026-09-01,3.5,3.5,1.0,0.0,2.0,0.0,3.5,0.0,forecast,neutral_seasonality_insufficient_evidence;insufficient_recent_history,decomposition,IEK
130500085_,шт,2026-09-01,2.0,2.0,1.0,0.0,1.0,0.0,2.0,0.0,forecast,neutral_seasonality_insufficient_evidence;insufficient_recent_history,decomposition,IEK
130500088_,шт,2026-09-01,4.0,4.0,1.0,0.0,2.0,0.0,4.0,0.0,forecast,neutral_seasonality_insufficient_evidence;insufficient_recent_history,decomposition,IEK
130500094_,шт,2026-09-01,1.3333333333333333,1.3333333333333333,1.0,0.0,2.0,0.0,1.3333333333333333,0.0,forecast,neutral_seasonality_insufficient_evidence;unstable_trend_disabled,decomposition,IEK
130500098_,,2026-09-01,,,1.0,0.0,,,,0.0,insufficient_history,,decomposition,IEK
130500102_,шт,2026-09-01,2.5,2.5,1.0,0.0,4.5,0.0,2.5,0.0,forecast,neutral_seasonality_insufficient_evidence;insufficient_recent_history;6_calendar_months,decomposition,IEK
130500136_,шт,2026-09-01,2.0,2.0,1.0,0.0,2.5,0.0,2.0,0.0,forecast,neutral_seasonality_insufficient_evidence;insufficient_recent_history,decomposition,IEK
130500137_,,2026-09-01,,,1.0,0.0,,,,0.0,insufficient_history,,decomposition,IEK
130600007_,шт,2026-09-01,,,1.0,0.0,,,,0.0,insufficient_history,,decomposition,IEK
130600021_,шт,2026-09-01,7.995248625511343,8.064446958782657,0.9914193330770249,0.0,2.0,0.0,8.064446958782657,0.0,forecast,unstable_trend_disabled,decomposition,IEK
130600022_,шт,2026-09-01,9.207994893932945,6.781177238885338,1.3578755678485286,-0.0,2.0,-0.0,6.781177238885338,0.0,forecast,,decomposition,IEK
130600023_,шт,2026-09-01,33.632188734741334,32.47509099017776,1.0356303157060758,0.0,2.0,0.0,32.47509099017776,0.0,forecast,unstable_trend_disabled,decomposition,IEK
130600024_,шт,2026-09-01,5.333333333333333,5.333333333333333,1.0,0.0,2.0,0.0,5.333333333333333,0.0,forecast,neutral_seasonality_insufficient_evidence;unstable_trend_disabled,decomposition,IEK
130600025_,шт,2026-09-01,12.122294806989816,12.986287684987916,0.93346883274449,0.0,2.0,0.0,12.986287684987916,0.0,forecast,unstable_trend_disabled,decomposition,IEK
130600027_,шт,2026-09-01,15.666666666666666,15.666666666666666,1.0,0.0,2.0,0.0,15.666666666666666,0.0,forecast,neutral_seasonality_insufficient_evidence;unstable_trend_disabled,decomposition,IEK
130600031_,шт,2026-09-01,4.4743307854800145,5.331855888057944,0.8391694898396305,0.0,2.0,0.0,5.331855888057944,0.0,forecast,,decomposition,IEK
130600032_,шт,2026-09-01,5.3625531397175745,6.4384332178537695,0.8328972217724057,0.0,2.0,0.0,6.4384332178537695,0.0,forecast,unstable_trend_disabled,decomposition,IEK
130600051_,шт,2026-09-01,3.0,3.0,1.0,0.0,2.0,0.0,3.0,0.0,forecast,neutral_seasonality_insufficient_evidence;unstable_trend_disabled,decomposition,IEK
130600052_,шт,2026-09-01,5.7234126016744575,4.569109329090783,1.25263200975175,-0.0,2.0,-0.0,4.569109329090783,0.0,forecast,,decomposition,IEK
130600053_,шт,2026-09-01,30.480570396672924,26.552862746929566,1.1479203085248326,0.0,2.0,0.0,26.552862746929566,0.0,forecast,unstable_trend_disabled,decomposition,IEK
130600057_,шт,2026-09-01,3.0,3.0,1.0,0.0,24.33333333333212,0.0,3.0,0.0,forecast,neutral_seasonality_insufficient_evidence;insufficient_recent_history;all_known_history_stale,decomposition,IEK
130600060_,шт,2026-09-01,26.0,26.0,1.0,0.0,5.5,0.0,26.0,0.0,forecast,neutral_seasonality_insufficient_evidence;insufficient_recent_history;6_calendar_months,decomposition,IEK
130600061_,шт,2026-09-01,38.86640670556776,36.174529795060316,1.0744135977926388,0.0,2.0,0.0,36.174529795060316,0.0,forecast,unstable_trend_disabled,decomposition,IEK
130600062_,,2026-09-01,,,1.0,0.0,,,,0.0,insufficient_history,,decomposition,IEK
130600063_,шт,2026-09-01,101.8708264707203,92.8068112845616,1.0976654090438134,0.0,2.0,0.0,92.8068112845616,0.0,forecast,unstable_trend_disabled,decomposition,IEK
130600064_,шт,2026-09-01,4.835561076283718,5.023174582326953,0.9626504110163091,0.0,2.0,0.0,5.023174582326953,0.0,forecast,unstable_trend_disabled,decomposition,IEK
130600066_,шт,2026-09-01,2.693771525717618,3.3817926933669566,0.7965513471600957,-0.0,1.5,-0.0,3.3817926933669566,0.0,forecast,,decomposition,IEK
130600067_,шт,2026-09-01,3.5,3.5,1.0,0.0,2.0,0.0,3.5,0.0,forecast,neutral_seasonality_insufficient_evidence;insufficient_recent_history,decomposition,IEK
130600068_,шт,2026-09-01,114.83374574825494,103.75430041812449,1.106785408272051,0.0,2.0,0.0,103.75430041812449,0.0,forecast,unstable_trend_disabled,decomposition,IEK
130600075_,шт,2026-09-01,,,1.0,0.0,,,,0.0,insufficient_history,,decomposition,IEK
130600076_,шт,2026-09-01,4.333333333333333,4.333333333333333,1.0,0.0,21.66666666666788,0.0,4.333333333333333,0.0,forecast,neutral_seasonality_insufficient_evidence;insufficient_recent_history;all_known_history_stale,decomposition,IEK
130600077_,шт,2026-09-01,1.0,1.0,1.0,0.0,4.0,0.0,1.0,0.0,forecast,neutral_seasonality_insufficient_evidence;insufficient_recent_history;6_calendar_months,decomposition,IEK
130600078_,шт,2026-09-01,1.0,1.0,1.0,0.0,2.0,0.0,1.0,0.0,forecast,neutral_seasonality_insufficient_evidence;insufficient_recent_history,decomposition,IEK
130600079_,шт,2026-09-01,1.0,1.0,1.0,0.0,2.0,0.0,1.0,0.0,forecast,neutral_seasonality_insufficient_evidence;insufficient_recent_history,decomposition,IEK
130600080_,шт,2026-09-01,2.306664526976952,1.9871588369544113,1.1607851793630277,-0.0,2.0,-0.0,1.9871588369544113,0.0,forecast,,decomposition,IEK
130600086_,шт,2026-09-01,3.0,3.0,1.0,0.0,2.0,0.0,3.0,0.0,forecast,neutral_seasonality_insufficient_evidence;unstable_trend_disabled,decomposition,IEK
130600098_,шт,2026-09-01,6.0,6.0,1.0,0.0,3.0,0.0,6.0,0.0,forecast,neutral_seasonality_insufficient_evidence;insufficient_recent_history,decomposition,IEK
130600121_,шт,2026-09-01,,,1.0,0.0,,,,0.0,insufficient_history,,decomposition,IEK
130600122_,шт,2026-09-01,,,1.0,0.0,,,,0.0,insufficient_history,,decomposition,IEK
130600123_,шт,2026-09-01,,,1.0,0.0,,,,0.0,insufficient_history,,decomposition,IEK
130600124_,шт,2026-09-01,2.0,2.0,1.0,0.0,19.625,0.0,2.0,0.0,forecast,neutral_seasonality_insufficient_evidence;insufficient_recent_history;all_known_history_stale,decomposition,IEK
130600125_,шт,2026-09-01,1.4,1.4,1.0,0.0,22.799999999999272,0.0,1.4,0.0,forecast,neutral_seasonality_insufficient_evidence;insufficient_recent_history;all_known_history_stale,decomposition,IEK
130600126_,,2026-09-01,,,1.0,0.0,,,,0.0,insufficient_history,,decomposition,IEK
130600128_,шт,2026-09-01,18.90968367540138,13.3850307944209,1.4127486119257378,0.0,2.0,0.0,13.3850307944209,0.0,forecast,unstable_trend_disabled,decomposition,IEK
130600129_,шт,2026-09-01,,,1.0,0.0,,,,0.0,insufficient_history,,decomposition,IEK
130600130_,шт,2026-09-01,1.6666666666666667,1.6666666666666667,1.0,0.0,25.33333333333212,0.0,1.6666666666666667,0.0,forecast,neutral_seasonality_insufficient_evidence;insufficient_recent_history;all_known_history_stale,decomposition,IEK
130600131_,шт,2026-09-01,,,1.0,0.0,,,,0.0,insufficient_history,,decomposition,IEK
130600132_,шт,2026-09-01,,,1.0,0.0,,,,0.0,insufficient_history,,decomposition,IEK
130600135_,шт,2026-09-01,,,1.0,0.0,,,,0.0,insufficient_history,,decomposition,IEK
130600136_,шт,2026-09-01,1.0,1.0,1.0,0.0,1.0,0.0,1.0,0.0,forecast,neutral_seasonality_insufficient_evidence;insufficient_recent_history,decomposition,IEK
130600137_,шт,2026-09-01,19.943355583035807,17.177373900238532,1.161024711859993,0.0,2.0,0.0,17.177373900238532,0.0,forecast,unstable_trend_disabled,decomposition,IEK
130600138_,шт,2026-09-01,3.6769690550547356,3.865507067126675,0.9512255420057777,0.0,2.0,0.0,3.865507067126675,0.0,forecast,unstable_trend_disabled,decomposition,IEK
130600140_,шт,2026-09-01,,,1.0,0.0,,,,0.0,insufficient_history,,decomposition,IEK
130600145_,шт,2026-09-01,6.762273534435092,5.276123022375987,1.2816747270214046,0.0,2.0,0.0,5.276123022375987,0.0,forecast,unstable_trend_disabled,decomposition,IEK
130600147_,,2026-09-01,,,1.0,0.0,,,,0.0,insufficient_history,,decomposition,IEK
130600148_,шт,2026-09-01,,,1.0,0.0,,,,0.0,insufficient_history,,decomposition,IEK
130600149_,шт,2026-09-01,,,1.0,0.0,,,,0.0,insufficient_history,,decomposition,IEK
130600150_,шт,2026-09-01,,,1.0,0.0,,,,0.0,insufficient_history,,decomposition,IEK
130600154_,шт,2026-09-01,30.666666666666668,30.666666666666668,1.0,0.0,2.0,0.0,30.666666666666668,0.0,forecast,neutral_seasonality_insufficient_evidence;unstable_trend_disabled,decomposition,IEK
130600165_,шт,2026-09-01,1.0,1.0,1.0,0.0,24.66666666666788,0.0,1.0,0.0,forecast,neutral_seasonality_insufficient_evidence;insufficient_recent_history;all_known_history_stale,decomposition,IEK
130600166_,шт,2026-09-01,,,1.0,0.0,,,,0.0,insufficient_history,,decomposition,IEK
130600200_,шт,2026-09-01,,,1.0,0.0,,,,0.0,insufficient_history,,decomposition,IEK
130600201_,шт,2026-09-01,,,1.0,0.0,,,,0.0,insufficient_history,,decomposition,IEK
130600202_,шт,2026-09-01,,,1.0,0.0,,,,0.0,insufficient_history,,decomposition,IEK
130600203_,шт,2026-09-01,,,1.0,0.0,,,,0.0,insufficient_history,,decomposition,IEK
130600204_,шт,2026-09-01,4.0,4.0,1.0,0.0,3.0,0.0,4.0,0.0,forecast,neutral_seasonality_insufficient_evidence;insufficient_recent_history,decomposition,IEK
130600205_,шт,2026-09-01,23.0,23.0,1.0,0.0,13.75,0.0,23.0,0.0,forecast,neutral_seasonality_insufficient_evidence;insufficient_recent_history;all_known_history_stale,decomposition,IEK
130600206_,шт,2026-09-01,,,1.0,0.0,,,,0.0,insufficient_history,,decomposition,IEK
130600207_,шт,2026-09-01,11.428571428571429,11.428571428571429,1.0,0.0,26.142857142858702,0.0,11.428571428571429,0.0,forecast,neutral_seasonality_insufficient_evidence;insufficient_recent_history;all_known_history_stale,decomposition,IEK
130600208_,шт,2026-09-01,2.0,2.0,1.0,0.0,1.0,0.0,2.0,0.0,forecast,neutral_seasonality_insufficient_evidence;insufficient_recent_history,decomposition,IEK
130600209_,шт,2026-09-01,,,1.0,0.0,,,,0.0,insufficient_history,,decomposition,IEK
130600210_,шт,2026-09-01,,,1.0,0.0,,,,0.0,insufficient_history,,decomposition,IEK
130600211_,шт,2026-09-01,7.25,7.25,1.0,0.0,15.5,0.0,7.25,0.0,forecast,neutral_seasonality_insufficient_evidence;insufficient_recent_history;all_known_history_stale,decomposition,IEK
130600212_,шт,2026-09-01,2.5,2.5,1.0,0.0,1.5,0.0,2.5,0.0,forecast,neutral_seasonality_insufficient_evidence;insufficient_recent_history,decomposition,IEK
130600213_,шт,2026-09-01,1.0,1.0,1.0,0.0,6.0,0.0,1.0,0.0,forecast,neutral_seasonality_insufficient_evidence;insufficient_recent_history;6_calendar_months,decomposition,IEK
130600214_,шт,2026-09-01,7.666666666666667,7.666666666666667,1.0,0.0,19.66666666666788,0.0,7.666666666666667,0.0,forecast,neutral_seasonality_insufficient_evidence;insufficient_recent_history;all_known_history_stale,decomposition,IEK
130600215_,шт,2026-09-01,2.0,2.0,1.0,0.0,2.0,0.0,2.0,0.0,forecast,neutral_seasonality_insufficient_evidence;insufficient_recent_history,decomposition,IEK
130600216_,шт,2026-09-01,,,1.0,0.0,,,,0.0,insufficient_history,,decomposition,IEK
130600217_,шт,2026-09-01,3.3333333333333335,3.3333333333333335,1.0,0.0,21.33333333333212,0.0,3.3333333333333335,0.0,forecast,neutral_seasonality_insufficient_evidence;insufficient_recent_history;all_known_history_stale,decomposition,IEK
130600218_,шт,2026-09-01,,,1.0,0.0,,,,0.0,insufficient_history,,decomposition,IEK
130600219_,шт,2026-09-01,,,1.0,0.0,,,,0.0,insufficient_history,,decomposition,IEK
130600220_,шт,2026-09-01,,,1.0,0.0,,,,0.0,insufficient_history,,decomposition,IEK
130600222_,шт,2026-09-01,,,1.0,0.0,,,,0.0,insufficient_history,,decomposition,IEK
130600223_,шт,2026-09-01,,,1.0,0.0,,,,0.0,insufficient_history,,decomposition,IEK
130600224_,шт,2026-09-01,,,1.0,0.0,,,,0.0,insufficient_history,,decomposition,IEK
130600225_,шт,2026-09-01,,,1.0,0.0,,,,0.0,insufficient_history,,decomposition,IEK
130600226_,шт,2026-09-01,,,1.0,0.0,,,,0.0,insufficient_history,,decomposition,IEK
130600227_,,2026-09-01,,,1.0,0.0,,,,0.0,insufficient_history,,decomposition,IEK
130600228_,,2026-09-01,,,1.0,0.0,,,,0.0,insufficient_history,,decomposition,IEK
130600229_,шт,2026-09-01,,,1.0,0.0,,,,0.0,insufficient_history,,decomposition,IEK
130600230_,шт,2026-09-01,,,1.0,0.0,,,,0.0,insufficient_history,,decomposition,IEK
130600232_,шт,2026-09-01,,,1.0,0.0,,,,0.0,insufficient_history,,decomposition,IEK
130600234_,шт,2026-09-01,,,1.0,0.0,,,,0.0,insufficient_history,,decomposition,IEK
130600235_,шт,2026-09-01,,,1.0,0.0,,,,0.0,insufficient_history,,decomposition,IEK
130600236_,шт,2026-09-01,,,1.0,0.0,,,,0.0,insufficient_history,,decomposition,IEK
130600237_,шт,2026-09-01,,,1.0,0.0,,,,0.0,insufficient_history,,decomposition,IEK
130600238_,шт,2026-09-01,,,1.0,0.0,,,,0.0,insufficient_history,,decomposition,IEK
130600239_,шт,2026-09-01,,,1.0,0.0,,,,0.0,insufficient_history,,decomposition,IEK
130600240_,шт,2026-09-01,,,1.0,0.0,,,,0.0,insufficient_history,,decomposition,IEK
130600241_,шт,2026-09-01,,,1.0,0.0,,,,0.0,insufficient_history,,decomposition,IEK
130600242_,шт,2026-09-01,,,1.0,0.0,,,,0.0,insufficient_history,,decomposition,IEK
130600243_,шт,2026-09-01,,,1.0,0.0,,,,0.0,insufficient_history,,decomposition,IEK
130600244_,шт,2026-09-01,,,1.0,0.0,,,,0.0,insufficient_history,,decomposition,IEK
130600245_,шт,2026-09-01,,,1.0,0.0,,,,0.0,insufficient_history,,decomposition,IEK
130600246_,шт,2026-09-01,,,1.0,0.0,,,,0.0,insufficient_history,,decomposition,IEK
130600247_,,2026-09-01,,,1.0,0.0,,,,0.0,insufficient_history,,decomposition,IEK
130600248_,шт,2026-09-01,,,1.0,0.0,,,,0.0,insufficient_history,,decomposition,IEK
130600253_,шт,2026-09-01,1.2,1.2,1.0,0.0,23.200000000000728,0.0,1.2,0.0,forecast,neutral_seasonality_insufficient_evidence;insufficient_recent_history;all_known_history_stale,decomposition,IEK
130600254_,шт,2026-09-01,1.3,1.3,1.0,0.0,19.700000000000728,0.0,1.3,0.0,forecast,neutral_seasonality_insufficient_evidence;insufficient_recent_history;all_known_history_stale,decomposition,IEK
130600255_,шт,2026-09-01,2.0833333333333335,2.0833333333333335,1.0,0.0,20.58333333333212,0.0,2.0833333333333335,0.0,forecast,neutral_seasonality_insufficient_evidence;insufficient_recent_history;all_known_history_stale,decomposition,IEK
130600256_,шт,2026-09-01,1.8888888888888888,1.8888888888888888,1.0,0.0,19.555555555554747,0.0,1.8888888888888888,0.0,forecast,neutral_seasonality_insufficient_evidence;insufficient_recent_history;all_known_history_stale,decomposition,IEK
130600257_,шт,2026-09-01,,,1.0,0.0,,,,0.0,insufficient_history,,decomposition,IEK
130600258_,шт,2026-09-01,1.2,1.2,1.0,0.0,24.400000000001455,0.0,1.2,0.0,forecast,neutral_seasonality_insufficient_evidence;insufficient_recent_history;all_known_history_stale,decomposition,IEK
130600259_,шт,2026-09-01,,,1.0,0.0,,,,0.0,insufficient_history,,decomposition,IEK
130600260_,шт,2026-09-01,,,1.0,0.0,,,,0.0,insufficient_history,,decomposition,IEK
130600261_,шт,2026-09-01,5.0,5.0,1.0,0.0,2.0,0.0,5.0,0.0,forecast,neutral_seasonality_insufficient_evidence;insufficient_recent_history,decomposition,IEK
130600262_,шт,2026-09-01,,,1.0,0.0,,,,0.0,insufficient_history,,decomposition,IEK
130600265_,шт,2026-09-01,,,1.0,0.0,,,,0.0,insufficient_history,,decomposition,IEK
130600266_,шт,2026-09-01,,,1.0,0.0,,,,0.0,insufficient_history,,decomposition,IEK
130600267_,шт,2026-09-01,,,1.0,0.0,,,,0.0,insufficient_history,,decomposition,IEK
130600268_,шт,2026-09-01,,,1.0,0.0,,,,0.0,insufficient_history,,decomposition,IEK
130600269_,шт,2026-09-01,,,1.0,0.0,,,,0.0,insufficient_history,,decomposition,IEK
130600270_,шт,2026-09-01,,,1.0,0.0,,,,0.0,insufficient_history,,decomposition,IEK
130600271_,шт,2026-09-01,,,1.0,0.0,,,,0.0,insufficient_history,,decomposition,IEK
130600272_,шт,2026-09-01,2.0,2.0,1.0,0.0,25.33333333333212,0.0,2.0,0.0,forecast,neutral_seasonality_insufficient_evidence;insufficient_recent_history;all_known_history_stale,decomposition,IEK
130600273_,шт,2026-09-01,,,1.0,0.0,,,,0.0,insufficient_history,,decomposition,IEK
130900001_,шт,2026-09-01,6.0,6.0,1.0,0.0,2.0,0.0,6.0,0.0,forecast,neutral_seasonality_insufficient_evidence;unstable_trend_disabled,decomposition,IEK
130900006_,шт,2026-09-01,9.0,9.0,1.0,0.0,2.0,0.0,9.0,0.0,forecast,neutral_seasonality_insufficient_evidence;unstable_trend_disabled,decomposition,IEK
130900007_,шт,2026-09-01,6.0,6.0,1.0,0.0,2.0,0.0,6.0,0.0,forecast,neutral_seasonality_insufficient_evidence;insufficient_recent_history,decomposition,IEK
130900008_,шт,2026-09-01,12.0,12.0,1.0,0.0,2.0,0.0,12.0,0.0,forecast,neutral_seasonality_insufficient_evidence;unstable_trend_disabled,decomposition,IEK
130900009_,шт,2026-09-01,29.692765510460923,37.30660222647888,0.7959118155602514,0.0,2.0,0.0,37.30660222647888,0.0,forecast,unstable_trend_disabled,decomposition,IEK
130900010_,шт,2026-09-01,5.0,5.0,1.0,0.0,1.0,0.0,5.0,0.0,forecast,neutral_seasonality_insufficient_evidence;insufficient_recent_history,decomposition,IEK
130900012_,шт,2026-09-01,30.85276289541449,26.94800049134433,1.1448998936052552,0.0,2.0,0.0,26.94800049134433,0.0,forecast,unstable_trend_disabled,decomposition,IEK
130900013_,шт,2026-09-01,13.5,13.5,1.0,0.0,2.0,0.0,13.5,0.0,forecast,neutral_seasonality_insufficient_evidence;unstable_trend_disabled,decomposition,IEK
130900014_,шт,2026-09-01,4.5,4.5,1.0,0.0,1.5,0.0,4.5,0.0,forecast,neutral_seasonality_insufficient_evidence;unstable_trend_disabled,decomposition,IEK
130900017_,шт,2026-09-01,6.7911263577467285,7.116258201767302,0.9543114042798745,0.0,2.0,0.0,7.116258201767302,0.0,forecast,unstable_trend_disabled,decomposition,IEK
130900019_,шт,2026-09-01,121.65466379757753,136.59901408938754,0.8905969388473716,0.0,2.0,0.0,136.59901408938754,0.0,forecast,unstable_trend_disabled,decomposition,IEK
130900020_,шт,2026-09-01,148.24329163061415,151.12217386867653,0.9809499680664726,0.0,2.0,0.0,151.12217386867653,0.0,forecast,unstable_trend_disabled,decomposition,IEK
130900030_,шт,2026-09-01,2.0,2.0,1.0,0.0,1.5,0.0,2.0,0.0,forecast,neutral_seasonality_insufficient_evidence;insufficient_recent_history,decomposition,IEK
130900031_,шт,2026-09-01,9.0,9.0,1.0,0.0,1.0,0.0,9.0,0.0,forecast,neutral_seasonality_insufficient_evidence;insufficient_recent_history,decomposition,IEK
130900033_,,2026-09-01,,,1.0,0.0,,,,0.0,insufficient_history,,decomposition,IEK
130900065_,шт,2026-09-01,4.0,4.0,1.0,0.0,1.5,0.0,4.0,0.0,forecast,neutral_seasonality_insufficient_evidence;unstable_trend_disabled,decomposition,IEK
150100494_,шт,2026-09-01,,,1.0,0.0,,,,0.0,insufficient_history,,decomposition,IEK
150100666_,м,2026-09-01,,,1.0,0.0,,,,0.0,insufficient_history,,decomposition,IEK
150100667_,м,2026-09-01,11.8,11.8,1.0,0.0,30.0,0.0,11.8,0.0,forecast,neutral_seasonality_insufficient_evidence;insufficient_recent_history;all_known_history_stale,decomposition,IEK
150100720_,м,2026-09-01,6.0,6.0,1.0,0.0,30.0,0.0,6.0,0.0,forecast,neutral_seasonality_insufficient_evidence;insufficient_recent_history;all_known_history_stale,decomposition,IEK
150100723_,м,2026-09-01,6.0,6.0,1.0,0.0,2.0,0.0,6.0,0.0,forecast,neutral_seasonality_insufficient_evidence;insufficient_recent_history,decomposition,IEK
150100853_,м,2026-09-01,,,1.0,0.0,,,,0.0,insufficient_history,,decomposition,IEK
150100854_,м,2026-09-01,2.3333333333333335,2.3333333333333335,1.0,0.0,9.66666666666788,0.0,2.3333333333333335,0.0,forecast,neutral_seasonality_insufficient_evidence;insufficient_recent_history;all_known_history_stale,decomposition,IEK
150100855_,м,2026-09-01,7.909090909090909,7.909090909090909,1.0,0.0,23.45454545454413,0.0,7.909090909090909,0.0,forecast,neutral_seasonality_insufficient_evidence;insufficient_recent_history;all_known_history_stale,decomposition,IEK
150100863_,м,2026-09-01,,,1.0,0.0,,,,0.0,insufficient_history,,decomposition,IEK
150100864_,м,2026-09-01,,,1.0,0.0,,,,0.0,insufficient_history,,decomposition,IEK
150100953_,м,2026-09-01,34.0,34.0,1.0,0.0,31.0,0.0,34.0,0.0,forecast,neutral_seasonality_insufficient_evidence;insufficient_recent_history;all_known_history_stale,decomposition,IEK
150100954_,м,2026-09-01,18.0,18.0,1.0,0.0,30.0,0.0,18.0,0.0,forecast,neutral_seasonality_insufficient_evidence;insufficient_recent_history;all_known_history_stale,decomposition,IEK
150100955_,м,2026-09-01,3.0,3.0,1.0,0.0,2.0,0.0,3.0,0.0,forecast,neutral_seasonality_insufficient_evidence;unstable_trend_disabled,decomposition,IEK
150100956_,,2026-09-01,,,1.0,0.0,,,,0.0,insufficient_history,,decomposition,IEK
150100957_,м,2026-09-01,16.0,16.0,1.0,0.0,28.66666666666788,0.0,16.0,0.0,forecast,neutral_seasonality_insufficient_evidence;insufficient_recent_history;all_known_history_stale,decomposition,IEK
150100958_,,2026-09-01,,,1.0,0.0,,,,0.0,insufficient_history,,decomposition,IEK
150100959_,м,2026-09-01,,,1.0,0.0,,,,0.0,insufficient_history,,decomposition,IEK
150100961_,м,2026-09-01,1.0,1.0,1.0,0.0,1.0,0.0,1.0,0.0,forecast,neutral_seasonality_insufficient_evidence;insufficient_recent_history,decomposition,IEK
150100996_,м,2026-09-01,56.833333333333336,56.833333333333336,1.0,0.0,27.0,0.0,56.833333333333336,0.0,forecast,neutral_seasonality_insufficient_evidence;insufficient_recent_history;all_known_history_stale,decomposition,IEK
150100997_,м,2026-09-01,201.0,201.0,1.0,0.0,29.0,0.0,201.0,0.0,forecast,neutral_seasonality_insufficient_evidence;insufficient_recent_history;all_known_history_stale,decomposition,IEK
150101000_,м,2026-09-01,13.571428571428571,13.571428571428571,1.0,0.0,27.0,0.0,13.571428571428571,0.0,forecast,neutral_seasonality_insufficient_evidence;insufficient_recent_history;all_known_history_stale,decomposition,IEK
150101008_,м,2026-09-01,34.0,34.0,1.0,0.0,31.0,0.0,34.0,0.0,forecast,neutral_seasonality_insufficient_evidence;insufficient_recent_history;all_known_history_stale,decomposition,IEK
150101009_,,2026-09-01,,,1.0,0.0,,,,0.0,insufficient_history,,decomposition,IEK
150101010_,м,2026-09-01,10.75,10.75,1.0,0.0,30.25,0.0,10.75,0.0,forecast,neutral_seasonality_insufficient_evidence;insufficient_recent_history;all_known_history_stale,decomposition,IEK
150101102_,,2026-09-01,,,1.0,0.0,,,,0.0,insufficient_history,,decomposition,IEK
150101103_,м,2026-09-01,10.8,10.8,1.0,0.0,24.200000000000728,0.0,10.8,0.0,forecast,neutral_seasonality_insufficient_evidence;insufficient_recent_history;all_known_history_stale,decomposition,IEK
150101104_,м,2026-09-01,34.0,34.0,1.0,0.0,4.0,0.0,34.0,0.0,forecast,neutral_seasonality_insufficient_evidence;insufficient_recent_history;6_calendar_months,decomposition,IEK
150101140_,шт,2026-09-01,8.333333333333334,8.333333333333334,1.0,0.0,2.0,0.0,8.333333333333334,0.0,forecast,neutral_seasonality_insufficient_evidence;unstable_trend_disabled,decomposition,IEK
150101155_,шт,2026-09-01,5.285714285714286,5.285714285714286,1.0,0.0,25.857142857141298,0.0,5.285714285714286,0.0,forecast,neutral_seasonality_insufficient_evidence;insufficient_recent_history;all_known_history_stale,decomposition,IEK
150101158_,шт,2026-09-01,4.714285714285714,4.714285714285714,1.0,0.0,27.428571428572468,0.0,4.714285714285714,0.0,forecast,neutral_seasonality_insufficient_evidence;insufficient_recent_history;all_known_history_stale,decomposition,IEK
150101175_,шт,2026-09-01,,,1.0,0.0,,,,0.0,insufficient_history,,decomposition,IEK
150101176_,шт,2026-09-01,,,1.0,0.0,,,,0.0,insufficient_history,,decomposition,IEK
150101177_,шт,2026-09-01,,,1.0,0.0,,,,0.0,insufficient_history,,decomposition,IEK
150101178_,шт,2026-09-01,,,1.0,0.0,,,,0.0,insufficient_history,,decomposition,IEK
150101179_,шт,2026-09-01,5.5,5.5,1.0,0.0,16.5,0.0,5.5,0.0,forecast,neutral_seasonality_insufficient_evidence;insufficient_recent_history;all_known_history_stale,decomposition,IEK
150101180_,шт,2026-09-01,26.0,26.0,1.0,0.0,2.0,0.0,26.0,0.0,forecast,neutral_seasonality_insufficient_evidence;insufficient_recent_history,decomposition,IEK
150101181_,шт,2026-09-01,1.0,1.0,1.0,0.0,2.0,0.0,1.0,0.0,forecast,neutral_seasonality_insufficient_evidence;insufficient_recent_history,decomposition,IEK
150101182_,шт,2026-09-01,17.0,17.0,1.0,0.0,2.0,0.0,17.0,0.0,forecast,neutral_seasonality_insufficient_evidence;insufficient_recent_history,decomposition,IEK
150101183_,шт,2026-09-01,2.0,2.0,1.0,0.0,1.5,0.0,2.0,0.0,forecast,neutral_seasonality_insufficient_evidence;insufficient_recent_history,decomposition,IEK
150101188_,шт,2026-09-01,,,1.0,0.0,,,,0.0,insufficient_history,,decomposition,IEK
150101189_,шт,2026-09-01,5.0,5.0,1.0,0.0,2.5,0.0,5.0,0.0,forecast,neutral_seasonality_insufficient_evidence;insufficient_recent_history,decomposition,IEK
150101190_,шт,2026-09-01,18.0,18.0,1.0,0.0,1.0,0.0,18.0,0.0,forecast,neutral_seasonality_insufficient_evidence;insufficient_recent_history,decomposition,IEK
150101191_,шт,2026-09-01,12.0,12.0,1.0,0.0,16.714285714286234,0.0,12.0,0.0,forecast,neutral_seasonality_insufficient_evidence;insufficient_recent_history;all_known_history_stale,decomposition,IEK
150101192_,шт,2026-09-01,7.5,7.5,1.0,0.0,1.5,0.0,7.5,0.0,forecast,neutral_seasonality_insufficient_evidence;insufficient_recent_history,decomposition,IEK
150101193_,шт,2026-09-01,9.0,9.0,1.0,-0.0,2.5,-0.0,9.0,0.0,forecast,neutral_seasonality_insufficient_evidence,decomposition,IEK
150101194_,шт,2026-09-01,,,1.0,0.0,,,,0.0,insufficient_history,,decomposition,IEK
150101195_,шт,2026-09-01,,,1.0,0.0,,,,0.0,insufficient_history,,decomposition,IEK
150101196_,шт,2026-09-01,,,1.0,0.0,,,,0.0,insufficient_history,,decomposition,IEK
150101197_,шт,2026-09-01,,,1.0,0.0,,,,0.0,insufficient_history,,decomposition,IEK
150101198_,шт,2026-09-01,1.0,1.0,1.0,0.0,3.0,0.0,1.0,0.0,forecast,neutral_seasonality_insufficient_evidence;insufficient_recent_history,decomposition,IEK
150101199_,шт,2026-09-01,2.0,2.0,1.0,0.0,5.0,0.0,2.0,0.0,forecast,neutral_seasonality_insufficient_evidence;insufficient_recent_history;6_calendar_months,decomposition,IEK
150101200_,шт,2026-09-01,5.0,5.0,1.0,0.0,1.5,0.0,5.0,0.0,forecast,neutral_seasonality_insufficient_evidence;insufficient_recent_history,decomposition,IEK
150101201_,шт,2026-09-01,6.5,6.5,1.0,0.0,2.5,0.0,6.5,0.0,forecast,neutral_seasonality_insufficient_evidence;unstable_trend_disabled,decomposition,IEK
150101202_,шт,2026-09-01,16.0,16.0,1.0,0.0,1.0,0.0,16.0,0.0,forecast,neutral_seasonality_insufficient_evidence;insufficient_recent_history,decomposition,IEK
150101203_,шт,2026-09-01,,,1.0,0.0,,,,0.0,insufficient_history,,decomposition,IEK
150101204_,шт,2026-09-01,,,1.0,0.0,,,,0.0,insufficient_history,,decomposition,IEK
150101205_,шт,2026-09-01,,,1.0,0.0,,,,0.0,insufficient_history,,decomposition,IEK
150101206_,шт,2026-09-01,,,1.0,0.0,,,,0.0,insufficient_history,,decomposition,IEK
150101207_,шт,2026-09-01,,,1.0,0.0,,,,0.0,insufficient_history,,decomposition,IEK
150101208_,шт,2026-09-01,23.5,23.5,1.0,0.0,2.5,0.0,23.5,0.0,forecast,neutral_seasonality_insufficient_evidence;insufficient_recent_history,decomposition,IEK
150101209_,шт,2026-09-01,8.625,8.625,1.0,0.0,15.125,0.0,8.625,0.0,forecast,neutral_seasonality_insufficient_evidence;insufficient_recent_history;all_known_history_stale,decomposition,IEK
150101210_,шт,2026-09-01,,,1.0,0.0,,,,0.0,insufficient_history,,decomposition,IEK
150101211_,шт,2026-09-01,,,1.0,0.0,,,,0.0,insufficient_history,,decomposition,IEK
150101212_,шт,2026-09-01,,,1.0,0.0,,,,0.0,insufficient_history,,decomposition,IEK
150101213_,шт,2026-09-01,85.28571428571429,85.28571428571429,1.0,0.0,13.571428571427532,0.0,85.28571428571429,0.0,forecast,neutral_seasonality_insufficient_evidence;insufficient_recent_history;all_known_history_stale,decomposition,IEK
150300123_,,2026-09-01,,,1.0,0.0,,,,0.0,insufficient_history,,decomposition,IEK
150700221_,,2026-09-01,,,1.0,0.0,,,,0.0,insufficient_history,,decomposition,IEK
150700222_,,2026-09-01,,,1.0,0.0,,,,0.0,insufficient_history,,decomposition,IEK
150700223_,,2026-09-01,,,1.0,0.0,,,,0.0,insufficient_history,,decomposition,IEK
151000053_,,2026-09-01,,,1.0,0.0,,,,0.0,insufficient_history,,decomposition,IEK
151000056_,,2026-09-01,,,1.0,0.0,,,,0.0,insufficient_history,,decomposition,IEK
151000059_,шт,2026-09-01,69.924681374599,54.757499004522536,1.2769882234545404,0.0,2.0,0.0,54.757499004522536,0.0,forecast,unstable_trend_disabled,decomposition,IEK
151000061_,шт,2026-09-01,13.0,13.0,1.0,0.0,2.0,0.0,13.0,0.0,forecast,neutral_seasonality_insufficient_evidence;unstable_trend_disabled,decomposition,IEK
151000069_,,2026-09-01,,,1.0,0.0,,,,0.0,insufficient_history,,decomposition,IEK
151000070_,шт,2026-09-01,,,1.0,0.0,,,,0.0,insufficient_history,,decomposition,IEK
151000071_,шт,2026-09-01,,,1.0,0.0,,,,0.0,insufficient_history,,decomposition,IEK
151000074_,,2026-09-01,,,1.0,0.0,,,,0.0,insufficient_history,,decomposition,IEK
151000080_,,2026-09-01,,,1.0,0.0,,,,0.0,insufficient_history,,decomposition,IEK
151000081_,,2026-09-01,,,1.0,0.0,,,,0.0,insufficient_history,,decomposition,IEK
151000082_,шт,2026-09-01,3.5,3.5,1.0,0.0,1.5,0.0,3.5,0.0,forecast,neutral_seasonality_insufficient_evidence;insufficient_recent_history,decomposition,IEK
151000083_,шт,2026-09-01,14.25,14.25,1.0,0.0,15.25,0.0,14.25,0.0,forecast,neutral_seasonality_insufficient_evidence;insufficient_recent_history;all_known_history_stale,decomposition,IEK
151000084_,шт,2026-09-01,,,1.0,0.0,,,,0.0,insufficient_history,,decomposition,IEK
151000119_,,2026-09-01,,,1.0,0.0,,,,0.0,insufficient_history,,decomposition,IEK
151000132_,,2026-09-01,,,1.0,0.0,,,,0.0,insufficient_history,,decomposition,IEK
151000137_,шт,2026-09-01,10.918596212163472,12.654891173690258,0.8627965315785114,0.0,2.0,0.0,12.654891173690258,0.0,forecast,unstable_trend_disabled,decomposition,IEK
151000175_,шт,2026-09-01,7.37988697987072,10.904784835353198,0.6767567715728974,0.0,2.0,0.0,10.904784835353198,0.0,forecast,unstable_trend_disabled,decomposition,IEK
151000214_,,2026-09-01,,,1.0,0.0,,,,0.0,insufficient_history,,decomposition,IEK
151000369_,шт,2026-09-01,9.333333333333334,9.333333333333334,1.0,0.0,2.0,0.0,9.333333333333334,0.0,forecast,neutral_seasonality_insufficient_evidence;unstable_trend_disabled,decomposition,IEK
151000552_,,2026-09-01,,,1.0,0.0,,,,0.0,insufficient_history,,decomposition,IEK
151000553_,шт,2026-09-01,,,1.0,0.0,,,,0.0,insufficient_history,,decomposition,IEK
151000555_,шт,2026-09-01,1.6,1.6,1.0,0.0,26.0,0.0,1.6,0.0,forecast,neutral_seasonality_insufficient_evidence;insufficient_recent_history;all_known_history_stale,decomposition,IEK
151000556_,шт,2026-09-01,,,1.0,0.0,,,,0.0,insufficient_history,,decomposition,IEK
151000557_,,2026-09-01,,,1.0,0.0,,,,0.0,insufficient_history,,decomposition,IEK
151000558_,шт,2026-09-01,1.0,1.0,1.0,0.0,5.0,0.0,1.0,0.0,forecast,neutral_seasonality_insufficient_evidence;insufficient_recent_history;6_calendar_months,decomposition,IEK
151000601_,шт,2026-09-01,,,1.0,0.0,,,,0.0,insufficient_history,,decomposition,IEK
151000606_,шт,2026-09-01,,,1.0,0.0,,,,0.0,insufficient_history,,decomposition,IEK
151000691_,шт,2026-09-01,1.5,1.5,1.0,0.0,2.5,0.0,1.5,0.0,forecast,neutral_seasonality_insufficient_evidence;unstable_trend_disabled,decomposition,IEK
151000692_,шт,2026-09-01,4.0,4.0,1.0,0.0,4.0,0.0,4.0,0.0,forecast,neutral_seasonality_insufficient_evidence;insufficient_recent_history;6_calendar_months,decomposition,IEK
151000693_,шт,2026-09-01,1.0,1.0,1.0,0.0,14.0,0.0,1.0,0.0,forecast,neutral_seasonality_insufficient_evidence;insufficient_recent_history;all_known_history_stale,decomposition,IEK
151000698_,,2026-09-01,,,1.0,0.0,,,,0.0,insufficient_history,,decomposition,IEK
151000732_,шт,2026-09-01,,,1.0,0.0,,,,0.0,insufficient_history,,decomposition,IEK
151000733_,шт,2026-09-01,1.3333333333333333,1.3333333333333333,1.0,0.0,30.33333333333212,0.0,1.3333333333333333,0.0,forecast,neutral_seasonality_insufficient_evidence;insufficient_recent_history;all_known_history_stale,decomposition,IEK
151000734_,шт,2026-09-01,1.0,1.0,1.0,0.0,3.0,0.0,1.0,0.0,forecast,neutral_seasonality_insufficient_evidence;insufficient_recent_history,decomposition,IEK
151000735_,,2026-09-01,,,1.0,0.0,,,,0.0,insufficient_history,,decomposition,IEK
151000774_,,2026-09-01,,,1.0,0.0,,,,0.0,insufficient_history,,decomposition,IEK
151000783_,шт,2026-09-01,,,1.0,0.0,,,,0.0,insufficient_history,,decomposition,IEK
151000784_,,2026-09-01,,,1.0,0.0,,,,0.0,insufficient_history,,decomposition,IEK
151000785_,,2026-09-01,,,1.0,0.0,,,,0.0,insufficient_history,,decomposition,IEK
151300040_,,2026-09-01,,,1.0,0.0,,,,0.0,insufficient_history,,decomposition,IEK
151300041_,,2026-09-01,,,1.0,0.0,,,,0.0,insufficient_history,,decomposition,IEK
151300042_,шт,2026-09-01,,,1.0,0.0,,,,0.0,insufficient_history,,decomposition,IEK
200400001_,шт,2026-09-01,13.773144677288151,18.13227973287891,0.7595925542839258,0.0,2.0,0.0,18.13227973287891,0.0,forecast,unstable_trend_disabled,decomposition,IEK
200400002_,шт,2026-09-01,29.27777777777778,29.27777777777778,1.0,0.0,21.83333333333212,0.0,29.27777777777778,0.0,forecast,neutral_seasonality_insufficient_evidence;insufficient_recent_history;all_known_history_stale,decomposition,IEK
200400003_,шт,2026-09-01,4.0,4.0,1.0,0.0,1.0,0.0,4.0,0.0,forecast,neutral_seasonality_insufficient_evidence;insufficient_recent_history,decomposition,IEK
200400004_,шт,2026-09-01,2.0,2.0,1.0,0.0,1.0,0.0,2.0,0.0,forecast,neutral_seasonality_insufficient_evidence;insufficient_recent_history,decomposition,IEK
200400007_,шт,2026-09-01,14.0,14.0,1.0,0.0,3.0,0.0,14.0,0.0,forecast,neutral_seasonality_insufficient_evidence;insufficient_recent_history,decomposition,IEK
200400009_,шт,2026-09-01,,,1.0,0.0,,,,0.0,insufficient_history,,decomposition,IEK
200400010_,шт,2026-09-01,,,1.0,0.0,,,,0.0,insufficient_history,,decomposition,IEK
200400011_,шт,2026-09-01,,,1.0,0.0,,,,0.0,insufficient_history,,decomposition,IEK
200400012_,,2026-09-01,,,1.0,0.0,,,,0.0,insufficient_history,,decomposition,IEK
200400014_,шт,2026-09-01,,,1.0,0.0,,,,0.0,insufficient_history,,decomposition,IEK
200400015_,шт,2026-09-01,2.0,2.0,1.0,0.0,2.0,0.0,2.0,0.0,forecast,neutral_seasonality_insufficient_evidence;insufficient_recent_history,decomposition,IEK
200400016_,шт,2026-09-01,2.0,2.0,1.0,0.0,2.0,0.0,2.0,0.0,forecast,neutral_seasonality_insufficient_evidence;insufficient_recent_history,decomposition,IEK
200400017_,шт,2026-09-01,2.0,2.0,1.0,0.0,4.5,0.0,2.0,0.0,forecast,neutral_seasonality_insufficient_evidence;insufficient_recent_history;6_calendar_months,decomposition,IEK
200400018_,шт,2026-09-01,2.0,2.0,1.0,0.0,4.0,0.0,2.0,0.0,forecast,neutral_seasonality_insufficient_evidence;insufficient_recent_history;6_calendar_months,decomposition,IEK
200400019_,шт,2026-09-01,214.7413161525703,203.62714478656903,1.0545809910444433,0.0,2.0,0.0,203.62714478656903,0.0,forecast,unstable_trend_disabled,decomposition,IEK
200400020_,шт,2026-09-01,9.5,9.5,1.0,0.0,2.5,0.0,9.5,0.0,forecast,neutral_seasonality_insufficient_evidence;unstable_trend_disabled,decomposition,IEK
200400021_,шт,2026-09-01,29.135138988784824,23.649817029053988,1.2319392980077637,0.0,2.0,0.0,23.649817029053988,0.0,forecast,unstable_trend_disabled,decomposition,IEK
200400022_,шт,2026-09-01,3.6666666666666665,3.6666666666666665,1.0,0.0,2.0,0.0,3.6666666666666665,0.0,forecast,neutral_seasonality_insufficient_evidence;unstable_trend_disabled,decomposition,IEK
200400023_,шт,2026-09-01,27.0,27.0,1.0,0.0,2.0,0.0,27.0,0.0,forecast,neutral_seasonality_insufficient_evidence;unstable_trend_disabled,decomposition,IEK
200400024_,шт,2026-09-01,128.00514549023555,154.5349636481182,0.8283248170408087,0.0,2.0,0.0,154.5349636481182,0.0,forecast,unstable_trend_disabled,decomposition,IEK
200400025_,шт,2026-09-01,21.333333333333332,21.333333333333332,1.0,0.0,2.0,0.0,21.333333333333332,0.0,forecast,neutral_seasonality_insufficient_evidence;unstable_trend_disabled,decomposition,IEK
200400026_,шт,2026-09-01,572.5623370508634,591.7166401187441,0.9676292641287952,0.0,2.0,0.0,591.7166401187441,0.0,forecast,unstable_trend_disabled,decomposition,IEK
200400027_,шт,2026-09-01,524.9797695972948,555.2087503059056,0.9455538467433098,0.0,2.0,0.0,555.2087503059056,0.0,forecast,unstable_trend_disabled,decomposition,IEK
200400028_,шт,2026-09-01,321.9121266916246,260.94114659770617,1.2336579757117325,0.0,2.0,0.0,260.94114659770617,0.0,forecast,unstable_trend_disabled,decomposition,IEK
200400029_,шт,2026-09-01,194.7083105770839,166.2197287829724,1.1713910978119095,0.0,2.0,0.0,166.2197287829724,0.0,forecast,unstable_trend_disabled,decomposition,IEK
200400030_,шт,2026-09-01,36.36462791594668,32.534385251215326,1.117729062195459,0.0,2.0,0.0,32.534385251215326,0.0,forecast,unstable_trend_disabled,decomposition,IEK
200400032_,шт,2026-09-01,,,1.0,0.0,,,,0.0,insufficient_history,,decomposition,IEK
200400034_,шт,2026-09-01,15.702760727965957,12.960634631250343,1.2115734433330811,0.0,2.0,0.0,12.960634631250343,0.0,forecast,unstable_trend_disabled,decomposition,IEK
200400048_,м,2026-09-01,20.0,20.0,1.0,0.0,2.5,0.0,20.0,0.0,forecast,neutral_seasonality_insufficient_evidence;unstable_trend_disabled,decomposition,IEK
200400050_,шт,2026-09-01,7.0,7.0,1.0,0.0,2.0,0.0,7.0,0.0,forecast,neutral_seasonality_insufficient_evidence,decomposition,IEK
200400085_,м,2026-09-01,2893.6022554327274,2703.9576875270363,1.0701359229031187,0.0,2.0,0.0,2703.9576875270363,0.0,forecast,unstable_trend_disabled,decomposition,IEK
200400101_,шт,2026-09-01,6.174859260027743,9.349811281478113,0.6604260849906223,0.0,2.0,0.0,9.349811281478113,0.0,forecast,unstable_trend_disabled,decomposition,IEK
200400104_,м,2026-09-01,1870.1280355987437,1458.786789764092,1.2819748908619963,0.0,1.5,0.0,1458.786789764092,0.0,forecast,unstable_trend_disabled,decomposition,IEK
200400105_,,2026-09-01,,,1.0,0.0,,,,0.0,insufficient_history,,decomposition,IEK
200400166_,м,2026-09-01,2210.0,2210.0,1.0,0.0,2.0,0.0,2210.0,0.0,forecast,neutral_seasonality_insufficient_evidence;unstable_trend_disabled,decomposition,IEK
200400218_,,2026-09-01,,,1.0,0.0,,,,0.0,insufficient_history,,decomposition,IEK
200400249_,шт,2026-09-01,2.0,2.0,1.0,0.0,6.0,0.0,2.0,0.0,forecast,neutral_seasonality_insufficient_evidence;insufficient_recent_history;6_calendar_months,decomposition,IEK
200400250_,м,2026-09-01,1407.4489039775722,1708.8715644839642,0.823613039873237,0.0,2.0,0.0,1708.8715644839642,0.0,forecast,unstable_trend_disabled,decomposition,IEK
200400259_,шт,2026-09-01,1.0,1.0,1.0,0.0,4.0,0.0,1.0,0.0,forecast,neutral_seasonality_insufficient_evidence;insufficient_recent_history;6_calendar_months,decomposition,IEK
200400264_,шт,2026-09-01,2.0,2.0,1.0,0.0,2.5,0.0,2.0,0.0,forecast,neutral_seasonality_insufficient_evidence;insufficient_recent_history,decomposition,IEK
200400329_,м,2026-09-01,,,1.0,0.0,,,,0.0,insufficient_history,,decomposition,IEK
200400330_,м,2026-09-01,25.0,25.0,1.0,0.0,1.0,0.0,25.0,0.0,forecast,neutral_seasonality_insufficient_evidence;insufficient_recent_history,decomposition,IEK
201000015_,шт,2026-09-01,,,1.0,0.0,,,,0.0,insufficient_history,,decomposition,IEK
201000017_,шт,2026-09-01,,,1.0,0.0,,,,0.0,insufficient_history,,decomposition,IEK
201000018_,шт,2026-09-01,,,1.0,0.0,,,,0.0,insufficient_history,,decomposition,IEK
201000019_,шт,2026-09-01,,,1.0,0.0,,,,0.0,insufficient_history,,decomposition,IEK
201000020_,шт,2026-09-01,1.0,1.0,1.0,0.0,23.75,0.0,1.0,0.0,forecast,neutral_seasonality_insufficient_evidence;insufficient_recent_history;all_known_history_stale,decomposition,IEK
201000021_,шт,2026-09-01,,,1.0,0.0,,,,0.0,insufficient_history,,decomposition,IEK
201000022_,шт,2026-09-01,,,1.0,0.0,,,,0.0,insufficient_history,,decomposition,IEK
203000051_,,2026-09-01,,,1.0,0.0,,,,0.0,insufficient_history,,decomposition,IEK
203000053_,,2026-09-01,,,1.0,0.0,,,,0.0,insufficient_history,,decomposition,IEK
203000056_,,2026-09-01,,,1.0,0.0,,,,0.0,insufficient_history,,decomposition,IEK
203000079_,,2026-09-01,,,1.0,0.0,,,,0.0,insufficient_history,,decomposition,IEK
220400107_,м,2026-09-01,,,1.0,0.0,,,,0.0,insufficient_history,,decomposition,IEK
220400108_,,2026-09-01,,,1.0,0.0,,,,0.0,insufficient_history,,decomposition,IEK
220400109_,,2026-09-01,,,1.0,0.0,,,,0.0,insufficient_history,,decomposition,IEK
220400110_,,2026-09-01,,,1.0,0.0,,,,0.0,insufficient_history,,decomposition,IEK
220400111_,,2026-09-01,,,1.0,0.0,,,,0.0,insufficient_history,,decomposition,IEK
220400112_,,2026-09-01,,,1.0,0.0,,,,0.0,insufficient_history,,decomposition,IEK
220400113_,,2026-09-01,,,1.0,0.0,,,,0.0,insufficient_history,,decomposition,IEK
240100001_,,2026-09-01,,,1.0,0.0,,,,0.0,insufficient_history,,decomposition,IEK
240100002_,упак,2026-09-01,2.3333333333333335,2.3333333333333335,1.0,-0.0,2.0,-0.0,2.3333333333333335,0.0,forecast,neutral_seasonality_insufficient_evidence,decomposition,IEK
240100003_,упак,2026-09-01,7.0,7.0,1.0,0.0,2.0,0.0,7.0,0.0,forecast,neutral_seasonality_insufficient_evidence;insufficient_recent_history,decomposition,IEK
240100004_,упак,2026-09-01,9.504102731139877,10.256516271181658,0.9266404381226516,0.0,2.0,0.0,10.256516271181658,0.0,forecast,unstable_trend_disabled,decomposition,IEK
240100005_,упак,2026-09-01,110.13511288606924,131.82258275398752,0.8354798592560404,0.0,2.0,0.0,131.82258275398752,0.0,forecast,unstable_trend_disabled,decomposition,IEK
240100006_,упак,2026-09-01,86.68234266914249,74.32906922625013,1.1661970689460708,0.0,2.0,0.0,74.32906922625013,0.0,forecast,unstable_trend_disabled,decomposition,IEK
240100007_,упак,2026-09-01,8.058281346697115,12.076656877770297,0.6672609339038296,0.0,2.0,0.0,12.076656877770297,0.0,forecast,unstable_trend_disabled,decomposition,IEK
240100009_,,2026-09-01,,,1.0,0.0,,,,0.0,insufficient_history,,decomposition,IEK
240100010_,,2026-09-01,,,1.0,0.0,,,,0.0,insufficient_history,,decomposition,IEK
240100011_,упак,2026-09-01,19.666666666666668,19.666666666666668,1.0,0.0,2.0,0.0,19.666666666666668,0.0,forecast,neutral_seasonality_insufficient_evidence;unstable_trend_disabled,decomposition,IEK
240100012_,упак,2026-09-01,8.333333333333334,8.333333333333334,1.0,0.0,2.0,0.0,8.333333333333334,0.0,forecast,neutral_seasonality_insufficient_evidence;unstable_trend_disabled,decomposition,IEK
240100013_,упак,2026-09-01,8.754946082124548,9.956527681644605,0.8793172039550257,0.0,2.0,0.0,9.956527681644605,0.0,forecast,unstable_trend_disabled,decomposition,IEK
240100015_,,2026-09-01,,,1.0,0.0,,,,0.0,insufficient_history,,decomposition,IEK
240100016_,упак,2026-09-01,,,1.0,0.0,,,,0.0,insufficient_history,,decomposition,IEK
240100020_,упак,2026-09-01,1.0,1.0,1.0,0.0,22.25,0.0,1.0,0.0,forecast,neutral_seasonality_insufficient_evidence;insufficient_recent_history;all_known_history_stale,decomposition,IEK
240100025_,упак,2026-09-01,,,1.0,0.0,,,,0.0,insufficient_history,,decomposition,IEK
240100026_,упак,2026-09-01,35.67570292398984,41.13933447683639,0.8671920286915953,0.0,2.0,0.0,41.13933447683639,0.0,forecast,unstable_trend_disabled,decomposition,IEK
240100027_,упак,2026-09-01,15.0,15.0,1.0,0.0,2.0,0.0,15.0,0.0,forecast,neutral_seasonality_insufficient_evidence;unstable_trend_disabled,decomposition,IEK
240100028_,упак,2026-09-01,10.940938315303454,16.428744118037628,0.6659631580292895,-0.0,2.0,-0.0,16.428744118037628,0.0,forecast,,decomposition,IEK
240100029_,упак,2026-09-01,43.666666666666664,43.666666666666664,1.0,0.0,2.0,0.0,43.666666666666664,0.0,forecast,neutral_seasonality_insufficient_evidence;insufficient_recent_history,decomposition,IEK
240100045_,,2026-09-01,,,1.0,0.0,,,,0.0,insufficient_history,,decomposition,IEK
240100052_,упак,2026-09-01,108.61417525545262,117.93541689346087,0.9209631687957761,0.0,2.0,0.0,117.93541689346087,0.0,forecast,unstable_trend_disabled,decomposition,IEK
240100053_,упак,2026-09-01,1027.097750779502,1004.536975550368,1.0224588798404093,0.0,2.0,0.0,1004.536975550368,0.0,forecast,unstable_trend_disabled,decomposition,IEK
240100054_,упак,2026-09-01,743.5220698352151,762.8629375319538,0.9746469952265461,0.0,2.0,0.0,762.8629375319538,0.0,forecast,unstable_trend_disabled,decomposition,IEK
240100089_,,2026-09-01,,,1.0,0.0,,,,0.0,insufficient_history,,decomposition,IEK
240100090_,упак,2026-09-01,87.66666666666667,87.66666666666667,1.0,0.0,27.5,0.0,87.66666666666667,0.0,forecast,neutral_seasonality_insufficient_evidence;insufficient_recent_history;all_known_history_stale,decomposition,IEK
240100091_,упак,2026-09-01,121.23597128242231,101.49467512777441,1.1945057327371613,0.0,2.0,0.0,101.49467512777441,0.0,forecast,unstable_trend_disabled,decomposition,IEK
240100092_,упак,2026-09-01,2.0,2.0,1.0,0.0,1.0,0.0,2.0,0.0,forecast,neutral_seasonality_insufficient_evidence;insufficient_recent_history,decomposition,IEK
240100093_,упак,2026-09-01,24.275330907825264,28.696784412707483,0.8459251238294032,0.0,2.0,0.0,28.696784412707483,0.0,forecast,unstable_trend_disabled,decomposition,IEK
240100094_,упак,2026-09-01,405.6345482589962,346.4616200874284,1.170792159191069,0.0,2.0,0.0,346.4616200874284,0.0,forecast,unstable_trend_disabled,decomposition,IEK
240100095_,упак,2026-09-01,7.69397013701716,7.670826405232684,1.0030171106164896,0.0,2.0,0.0,7.670826405232684,0.0,forecast,unstable_trend_disabled,decomposition,IEK
240100096_,упак,2026-09-01,3.3333333333333335,3.3333333333333335,1.0,0.0,2.0,0.0,3.3333333333333335,0.0,forecast,neutral_seasonality_insufficient_evidence;unstable_trend_disabled,decomposition,IEK
240100097_,упак,2026-09-01,3.0,3.0,1.0,0.0,2.0,0.0,3.0,0.0,forecast,neutral_seasonality_insufficient_evidence;insufficient_recent_history,decomposition,IEK
240100106_,упак,2026-09-01,14.404012512039444,9.274488549543962,1.5530789040380784,0.0,2.0,0.0,9.274488549543962,0.0,forecast,unstable_trend_disabled,decomposition,IEK
240100107_,упак,2026-09-01,15.333333333333334,15.333333333333334,1.0,0.0,2.0,0.0,15.333333333333334,0.0,forecast,neutral_seasonality_insufficient_evidence;unstable_trend_disabled,decomposition,IEK
240100109_,,2026-09-01,,,1.0,0.0,,,,0.0,insufficient_history,,decomposition,IEK
240100110_,,2026-09-01,,,1.0,0.0,,,,0.0,insufficient_history,,decomposition,IEK
240100111_,упак,2026-09-01,114.15746810298776,99.17872629887206,1.1510277693925783,0.0,2.0,0.0,99.17872629887206,0.0,forecast,unstable_trend_disabled,decomposition,IEK
240100112_,упак,2026-09-01,482.44114922847564,418.1194740274162,1.1538356359762423,0.0,2.0,0.0,418.1194740274162,0.0,forecast,unstable_trend_disabled,decomposition,IEK
240100117_,,2026-09-01,,,1.0,0.0,,,,0.0,insufficient_history,,decomposition,IEK
240100185_,упак,2026-09-01,16.875328795740955,16.885171488916672,0.9994170806507842,0.0,2.0,0.0,16.885171488916672,0.0,forecast,unstable_trend_disabled,decomposition,IEK
240100189_,,2026-09-01,,,1.0,0.0,,,,0.0,insufficient_history,,decomposition,IEK
240100190_,,2026-09-01,,,1.0,0.0,,,,0.0,insufficient_history,,decomposition,IEK
240100208_,упак,2026-09-01,230.1772933807114,197.79893366398596,1.1636932976177146,0.0,2.0,0.0,197.79893366398596,0.0,forecast,unstable_trend_disabled,decomposition,IEK
240100209_,упак,2026-09-01,1.0,1.0,1.0,0.0,1.0,0.0,1.0,0.0,forecast,neutral_seasonality_insufficient_evidence;insufficient_recent_history,decomposition,IEK
240200003_,упак,2026-09-01,1.0,1.0,1.0,0.0,2.0,0.0,1.0,0.0,forecast,neutral_seasonality_insufficient_evidence;insufficient_recent_history,decomposition,IEK
240200005_,,2026-09-01,,,1.0,0.0,,,,0.0,insufficient_history,,decomposition,IEK
240200006_,,2026-09-01,,,1.0,0.0,,,,0.0,insufficient_history,,decomposition,IEK
240200007_,упак,2026-09-01,3.5,3.5,1.0,0.0,4.5,0.0,3.5,0.0,forecast,neutral_seasonality_insufficient_evidence;insufficient_recent_history;6_calendar_months,decomposition,IEK
240200008_,,2026-09-01,,,1.0,0.0,,,,0.0,insufficient_history,,decomposition,IEK
240200009_,,2026-09-01,,,1.0,0.0,,,,0.0,insufficient_history,,decomposition,IEK
240200010_,,2026-09-01,,,1.0,0.0,,,,0.0,insufficient_history,,decomposition,IEK
240200011_,упак,2026-09-01,5.0,5.0,1.0,0.0,4.0,0.0,5.0,0.0,forecast,neutral_seasonality_insufficient_evidence;insufficient_recent_history;6_calendar_months,decomposition,IEK
240200012_,упак,2026-09-01,7.333333333333333,7.333333333333333,1.0,0.0,21.400000000001455,0.0,7.333333333333333,0.0,forecast,neutral_seasonality_insufficient_evidence;insufficient_recent_history;all_known_history_stale,decomposition,IEK
240200014_,упак,2026-09-01,,,1.0,0.0,,,,0.0,insufficient_history,,decomposition,IEK
240200015_,,2026-09-01,,,1.0,0.0,,,,0.0,insufficient_history,,decomposition,IEK
240200017_,упак,2026-09-01,2.142857142857143,2.142857142857143,1.0,0.0,21.428571428572468,0.0,2.142857142857143,0.0,forecast,neutral_seasonality_insufficient_evidence;insufficient_recent_history;all_known_history_stale,decomposition,IEK
240200029_,упак,2026-09-01,1.0,1.0,1.0,0.0,3.0,0.0,1.0,0.0,forecast,neutral_seasonality_insufficient_evidence;insufficient_recent_history,decomposition,IEK
240200031_,упак,2026-09-01,5.8,5.8,1.0,0.0,23.599999999998545,0.0,5.8,0.0,forecast,neutral_seasonality_insufficient_evidence;insufficient_recent_history;all_known_history_stale,decomposition,IEK
240200032_,упак,2026-09-01,1.0,1.0,1.0,0.0,3.0,0.0,1.0,0.0,forecast,neutral_seasonality_insufficient_evidence;insufficient_recent_history,decomposition,IEK
240200033_,,2026-09-01,,,1.0,0.0,,,,0.0,insufficient_history,,decomposition,IEK
240200034_,,2026-09-01,,,1.0,0.0,,,,0.0,insufficient_history,,decomposition,IEK
240200050_,,2026-09-01,,,1.0,0.0,,,,0.0,insufficient_history,,decomposition,IEK
240200065_,,2026-09-01,,,1.0,0.0,,,,0.0,insufficient_history,,decomposition,IEK
240300013_,упак,2026-09-01,1.0,1.0,1.0,0.0,2.0,0.0,1.0,0.0,forecast,neutral_seasonality_insufficient_evidence;insufficient_recent_history,decomposition,IEK
240300014_,упак,2026-09-01,1.0,1.0,1.0,0.0,1.5,0.0,1.0,0.0,forecast,neutral_seasonality_insufficient_evidence;unstable_trend_disabled,decomposition,IEK
240300015_,упак,2026-09-01,1.0,1.0,1.0,0.0,2.0,0.0,1.0,0.0,forecast,neutral_seasonality_insufficient_evidence;insufficient_recent_history,decomposition,IEK
240300016_,упак,2026-09-01,1.0,1.0,1.0,0.0,2.0,0.0,1.0,0.0,forecast,neutral_seasonality_insufficient_evidence;insufficient_recent_history,decomposition,IEK
240300017_,упак,2026-09-01,1.0,1.0,1.0,0.0,1.0,0.0,1.0,0.0,forecast,neutral_seasonality_insufficient_evidence;insufficient_recent_history,decomposition,IEK
240300018_,упак,2026-09-01,1.0,1.0,1.0,0.0,1.0,0.0,1.0,0.0,forecast,neutral_seasonality_insufficient_evidence;insufficient_recent_history,decomposition,IEK
240300019_,упак,2026-09-01,1.0,1.0,1.0,0.0,19.0,0.0,1.0,0.0,forecast,neutral_seasonality_insufficient_evidence;insufficient_recent_history;all_known_history_stale,decomposition,IEK
240300020_,упак,2026-09-01,1.5,1.5,1.0,0.0,2.0,0.0,1.5,0.0,forecast,neutral_seasonality_insufficient_evidence;insufficient_recent_history,decomposition,IEK
240300021_,,2026-09-01,,,1.0,0.0,,,,0.0,insufficient_history,,decomposition,IEK
240300022_,,2026-09-01,,,1.0,0.0,,,,0.0,insufficient_history,,decomposition,IEK
240300023_,,2026-09-01,,,1.0,0.0,,,,0.0,insufficient_history,,decomposition,IEK
240300024_,,2026-09-01,,,1.0,0.0,,,,0.0,insufficient_history,,decomposition,IEK
240300025_,,2026-09-01,,,1.0,0.0,,,,0.0,insufficient_history,,decomposition,IEK
240300026_,,2026-09-01,,,1.0,0.0,,,,0.0,insufficient_history,,decomposition,IEK
240300027_,упак,2026-09-01,3.6666666666666665,3.6666666666666665,1.0,0.0,2.0,0.0,3.6666666666666665,0.0,forecast,neutral_seasonality_insufficient_evidence;unstable_trend_disabled,decomposition,IEK
240300033_,упак,2026-09-01,3.502961605080171,3.621726015268083,0.967207787202224,0.0,2.0,0.0,3.621726015268083,0.0,forecast,unstable_trend_disabled,decomposition,IEK
240300034_,упак,2026-09-01,2.6666666666666665,2.6666666666666665,1.0,0.0,2.0,0.0,2.6666666666666665,0.0,forecast,neutral_seasonality_insufficient_evidence;unstable_trend_disabled,decomposition,IEK
240300035_,упак,2026-09-01,2.6666666666666665,2.6666666666666665,1.0,0.0,2.0,0.0,2.6666666666666665,0.0,forecast,neutral_seasonality_insufficient_evidence,decomposition,IEK
240300050_,упак,2026-09-01,3.0,3.0,1.0,0.0,2.0,0.0,3.0,0.0,forecast,neutral_seasonality_insufficient_evidence;unstable_trend_disabled,decomposition,IEK
240300051_,упак,2026-09-01,3.0,3.0,1.0,0.0,2.0,0.0,3.0,0.0,forecast,neutral_seasonality_insufficient_evidence;unstable_trend_disabled,decomposition,IEK
240300052_,упак,2026-09-01,2.3333333333333335,2.3333333333333335,1.0,0.0,2.0,0.0,2.3333333333333335,0.0,forecast,neutral_seasonality_insufficient_evidence;unstable_trend_disabled,decomposition,IEK
240300053_,упак,2026-09-01,2.3333333333333335,2.3333333333333335,1.0,0.0,2.0,0.0,2.3333333333333335,0.0,forecast,neutral_seasonality_insufficient_evidence;unstable_trend_disabled,decomposition,IEK
240300054_,упак,2026-09-01,2.6666666666666665,2.6666666666666665,1.0,0.0,2.0,0.0,2.6666666666666665,0.0,forecast,neutral_seasonality_insufficient_evidence;unstable_trend_disabled,decomposition,IEK
240300055_,упак,2026-09-01,2.3333333333333335,2.3333333333333335,1.0,0.0,2.0,0.0,2.3333333333333335,0.0,forecast,neutral_seasonality_insufficient_evidence;unstable_trend_disabled,decomposition,IEK
240300056_,,2026-09-01,,,1.0,0.0,,,,0.0,insufficient_history,,decomposition,IEK
240300057_,упак,2026-09-01,1.0,1.0,1.0,0.0,2.0,0.0,1.0,0.0,forecast,neutral_seasonality_insufficient_evidence;insufficient_recent_history,decomposition,IEK
240300058_,,2026-09-01,,,1.0,0.0,,,,0.0,insufficient_history,,decomposition,IEK
240300059_,,2026-09-01,,,1.0,0.0,,,,0.0,insufficient_history,,decomposition,IEK
250200001_,шт,2026-09-01,2.0,2.0,1.0,0.0,3.0,0.0,2.0,0.0,forecast,neutral_seasonality_insufficient_evidence;insufficient_recent_history,decomposition,IEK
250200002_,шт,2026-09-01,3.0,3.0,1.0,0.0,2.0,0.0,3.0,0.0,forecast,neutral_seasonality_insufficient_evidence;unstable_trend_disabled,decomposition,IEK
250200003_,шт,2026-09-01,4.333333333333333,4.333333333333333,1.0,0.0,2.0,0.0,4.333333333333333,0.0,forecast,neutral_seasonality_insufficient_evidence;unstable_trend_disabled,decomposition,IEK
250200004_,шт,2026-09-01,6.131034322253143,5.973152631913265,1.0264318861527748,-0.0,2.0,-0.0,5.973152631913265,0.0,forecast,,decomposition,IEK
250200005_,шт,2026-09-01,,,1.0,0.0,,,,0.0,insufficient_history,,decomposition,IEK
250200006_,шт,2026-09-01,13.118282948387282,9.011999550168165,1.4556462054131476,0.0,2.0,0.0,9.011999550168165,0.0,forecast,unstable_trend_disabled,decomposition,IEK
250200007_,шт,2026-09-01,11.333333333333334,11.333333333333334,1.0,0.0,2.0,0.0,11.333333333333334,0.0,forecast,neutral_seasonality_insufficient_evidence;unstable_trend_disabled,decomposition,IEK
250200008_,шт,2026-09-01,2.6666666666666665,2.6666666666666665,1.0,0.0,2.0,0.0,2.6666666666666665,0.0,forecast,neutral_seasonality_insufficient_evidence;insufficient_recent_history,decomposition,IEK
250200009_,шт,2026-09-01,1.5,1.5,1.0,0.0,2.0,0.0,1.5,0.0,forecast,neutral_seasonality_insufficient_evidence;insufficient_recent_history,decomposition,IEK
250200010_,шт,2026-09-01,5.0,5.0,1.0,0.0,1.0,0.0,5.0,0.0,forecast,neutral_seasonality_insufficient_evidence;insufficient_recent_history,decomposition,IEK
250200011_,шт,2026-09-01,8.0,8.0,1.0,0.0,1.0,0.0,8.0,0.0,forecast,neutral_seasonality_insufficient_evidence;insufficient_recent_history,decomposition,IEK
250200012_,шт,2026-09-01,1.5,1.5,1.0,0.0,1.5,0.0,1.5,0.0,forecast,neutral_seasonality_insufficient_evidence;insufficient_recent_history,decomposition,IEK
250200014_,шт,2026-09-01,4.0,4.0,1.0,0.0,2.0,0.0,4.0,0.0,forecast,neutral_seasonality_insufficient_evidence;unstable_trend_disabled,decomposition,IEK
250200015_,шт,2026-09-01,5.410958691754118,5.342401051458742,1.012832739368501,0.0,2.0,0.0,5.342401051458742,0.0,forecast,insufficient_recent_history,decomposition,IEK
250200016_,шт,2026-09-01,12.666666666666666,12.666666666666666,1.0,0.0,2.0,0.0,12.666666666666666,0.0,forecast,neutral_seasonality_insufficient_evidence;unstable_trend_disabled,decomposition,IEK
250200017_,шт,2026-09-01,8.178855637621162,5.513294662759489,1.483478779552029,0.0,2.0,0.0,5.513294662759489,0.0,forecast,unstable_trend_disabled,decomposition,IEK
250200018_,шт,2026-09-01,4.0,4.0,1.0,0.0,2.0,0.0,4.0,0.0,forecast,neutral_seasonality_insufficient_evidence;unstable_trend_disabled,decomposition,IEK
250200019_,шт,2026-09-01,2.3333333333333335,2.3333333333333335,1.0,0.0,2.0,0.0,2.3333333333333335,0.0,forecast,neutral_seasonality_insufficient_evidence;insufficient_recent_history,decomposition,IEK
250200020_,шт,2026-09-01,1.0,1.0,1.0,0.0,3.0,0.0,1.0,0.0,forecast,neutral_seasonality_insufficient_evidence;insufficient_recent_history,decomposition,IEK
250200021_,,2026-09-01,,,1.0,0.0,,,,0.0,insufficient_history,,decomposition,IEK
250200022_,,2026-09-01,,,1.0,0.0,,,,0.0,insufficient_history,,decomposition,IEK
250200023_,шт,2026-09-01,,,1.0,0.0,,,,0.0,insufficient_history,,decomposition,IEK
250200025_,шт,2026-09-01,1.3333333333333333,1.3333333333333333,1.0,0.0,2.0,0.0,1.3333333333333333,0.0,forecast,neutral_seasonality_insufficient_evidence;unstable_trend_disabled,decomposition,IEK
250200026_,шт,2026-09-01,1.5,1.5,1.0,0.0,1.5,0.0,1.5,0.0,forecast,neutral_seasonality_insufficient_evidence;unstable_trend_disabled,decomposition,IEK
250200027_,шт,2026-09-01,3.0,3.0,1.0,0.0,3.0,0.0,3.0,0.0,forecast,neutral_seasonality_insufficient_evidence;unstable_trend_disabled,decomposition,IEK
250200028_,шт,2026-09-01,3.679759459763972,2.7362709703261814,1.3448081347459973,0.0,2.0,0.0,2.7362709703261814,0.0,forecast,unstable_trend_disabled,decomposition,IEK
250200029_,шт,2026-09-01,25.0,25.0,1.0,0.0,22.25,0.0,25.0,0.0,forecast,neutral_seasonality_insufficient_evidence;insufficient_recent_history;all_known_history_stale,decomposition,IEK
250200031_,шт,2026-09-01,4.5,4.5,1.0,0.0,1.5,0.0,4.5,0.0,forecast,neutral_seasonality_insufficient_evidence;insufficient_recent_history,decomposition,IEK
250200032_,шт,2026-09-01,2.0,2.0,1.0,0.0,1.0,0.0,2.0,0.0,forecast,neutral_seasonality_insufficient_evidence;insufficient_recent_history,decomposition,IEK
250200037_,шт,2026-09-01,1.375,1.375,1.0,0.0,21.25,0.0,1.375,0.0,forecast,neutral_seasonality_insufficient_evidence;insufficient_recent_history;all_known_history_stale,decomposition,IEK
250200041_,шт,2026-09-01,1.5,1.5,1.0,0.0,2.5,0.0,1.5,0.0,forecast,neutral_seasonality_insufficient_evidence;insufficient_recent_history,decomposition,IEK
250200042_,шт,2026-09-01,3.3333333333333335,3.3333333333333335,1.0,0.0,2.0,0.0,3.3333333333333335,0.0,forecast,neutral_seasonality_insufficient_evidence;unstable_trend_disabled,decomposition,IEK
250200044_,шт,2026-09-01,5.0,5.0,1.0,0.0,1.0,0.0,5.0,0.0,forecast,neutral_seasonality_insufficient_evidence;insufficient_recent_history,decomposition,IEK
250200047_,шт,2026-09-01,1.5,1.5,1.0,0.0,1.5,0.0,1.5,0.0,forecast,neutral_seasonality_insufficient_evidence;insufficient_recent_history,decomposition,IEK
250200050_,шт,2026-09-01,2.2142857142857144,2.2142857142857144,1.0,0.0,20.714285714286234,0.0,2.2142857142857144,0.0,forecast,neutral_seasonality_insufficient_evidence;insufficient_recent_history;all_known_history_stale,decomposition,IEK
250200051_,шт,2026-09-01,1.0,1.0,1.0,0.0,4.5,0.0,1.0,0.0,forecast,neutral_seasonality_insufficient_evidence;insufficient_recent_history;6_calendar_months,decomposition,IEK
250200052_,шт,2026-09-01,3.0,3.0,1.0,0.0,1.0,0.0,3.0,0.0,forecast,neutral_seasonality_insufficient_evidence;insufficient_recent_history,decomposition,IEK
250200054_,шт,2026-09-01,1.0,1.0,1.0,0.0,4.0,0.0,1.0,0.0,forecast,neutral_seasonality_insufficient_evidence;insufficient_recent_history;6_calendar_months,decomposition,IEK
250200060_,шт,2026-09-01,1.0,1.0,1.0,0.0,1.0,0.0,1.0,0.0,forecast,neutral_seasonality_insufficient_evidence;insufficient_recent_history,decomposition,IEK
250200061_,шт,2026-09-01,3.0,3.0,1.0,0.0,2.0,0.0,3.0,0.0,forecast,neutral_seasonality_insufficient_evidence;flat_or_unstable,decomposition,IEK
250200077_,шт,2026-09-01,1.0,1.0,1.0,0.0,2.0,0.0,1.0,0.0,forecast,neutral_seasonality_insufficient_evidence;unstable_trend_disabled,decomposition,IEK
250200078_,шт,2026-09-01,,,1.0,0.0,,,,0.0,insufficient_history,,decomposition,IEK
250200106_,шт,2026-09-01,,,1.0,0.0,,,,0.0,insufficient_history,,decomposition,IEK
250600001_,шт,2026-09-01,9.797494411013687,10.636476344856446,0.9211221924779187,0.0,2.0,0.0,10.636476344856446,0.0,forecast,unstable_trend_disabled,decomposition,IEK
250600002_,шт,2026-09-01,8.346510833628468,10.272196563356557,0.8125341821633864,0.0,2.0,0.0,10.272196563356557,0.0,forecast,unstable_trend_disabled,decomposition,IEK
250600003_,шт,2026-09-01,9.884859810253277,10.513765287729386,0.9401826595643994,-0.0,2.0,-0.0,10.513765287729386,0.0,forecast,,decomposition,IEK
250600004_,шт,2026-09-01,10.615661778324922,14.809025237699979,0.7168373075157014,0.0,2.0,0.0,14.809025237699979,0.0,forecast,unstable_trend_disabled,decomposition,IEK
250600005_,шт,2026-09-01,2.0,2.0,1.0,0.0,2.0,0.0,2.0,0.0,forecast,neutral_seasonality_insufficient_evidence;unstable_trend_disabled,decomposition,IEK
250600006_,шт,2026-09-01,12.5,12.5,1.0,0.0,2.5,0.0,12.5,0.0,forecast,neutral_seasonality_insufficient_evidence;unstable_trend_disabled,decomposition,IEK
250600007,шт,2026-09-01,,,1.0,0.0,,,,0.0,insufficient_history,,decomposition,IEK
250600007_,шт,2026-09-01,103.13907225561304,99.21269065883256,1.0395753967633266,0.0,2.0,0.0,99.21269065883256,0.0,forecast,unstable_trend_disabled,decomposition,IEK
250600008_,шт,2026-09-01,17.61111075045694,14.890247430830309,1.18272787824822,0.0,2.0,0.0,14.890247430830309,0.0,forecast,unstable_trend_disabled,decomposition,IEK
250600009_,шт,2026-09-01,13.08471119966413,14.58472403685136,0.8971517847442889,0.0,2.0,0.0,14.58472403685136,0.0,forecast,unstable_trend_disabled,decomposition,IEK
250600010_,шт,2026-09-01,21.0,21.0,1.0,0.0,2.0,0.0,21.0,0.0,forecast,neutral_seasonality_insufficient_evidence;unstable_trend_disabled,decomposition,IEK
250600011_,шт,2026-09-01,13.333333333333334,13.333333333333334,1.0,0.0,2.0,0.0,13.333333333333334,0.0,forecast,neutral_seasonality_insufficient_evidence;unstable_trend_disabled,decomposition,IEK
250600012_,шт,2026-09-01,4.567110277927688,4.638721426783359,0.9845623088202284,-0.0,2.0,-0.0,4.638721426783359,0.0,forecast,,decomposition,IEK
250600013_,шт,2026-09-01,71.46255273338015,97.2341775947143,0.7349530227040754,0.0,2.5,0.0,97.2341775947143,0.0,forecast,unstable_trend_disabled,decomposition,IEK
250600014_,шт,2026-09-01,9.396366492402807,8.64280145118806,1.0871899054340952,0.0,2.0,0.0,8.64280145118806,0.0,forecast,unstable_trend_disabled,decomposition,IEK
250600015_,шт,2026-09-01,7.5,7.5,1.0,0.0,2.0,0.0,7.5,0.0,forecast,neutral_seasonality_insufficient_evidence;insufficient_recent_history,decomposition,IEK
250600020_,шт,2026-09-01,13.0,13.0,1.0,0.0,4.0,0.0,13.0,0.0,forecast,neutral_seasonality_insufficient_evidence;insufficient_recent_history;6_calendar_months,decomposition,IEK
250600021_,шт,2026-09-01,12.185369487898285,10.208035690574983,1.1937036524224698,-0.0,2.0,-0.0,10.208035690574983,0.0,forecast,,decomposition,IEK
250600030_,шт,2026-09-01,32.93784298622403,36.43330890008463,0.90405851075875,-0.0,2.0,-0.0,36.43330890008463,0.0,forecast,,decomposition,IEK
250600034_,шт,2026-09-01,1.0,1.0,1.0,0.0,2.0,0.0,1.0,0.0,forecast,neutral_seasonality_insufficient_evidence;insufficient_recent_history,decomposition,IEK
250600039_,шт,2026-09-01,1.4444444444444444,1.4444444444444444,1.0,0.0,27.222222222222626,0.0,1.4444444444444444,0.0,forecast,neutral_seasonality_insufficient_evidence;insufficient_recent_history;all_known_history_stale,decomposition,IEK
250600040_,,2026-09-01,,,1.0,0.0,,,,0.0,insufficient_history,,decomposition,IEK
250600041_,шт,2026-09-01,4.588101315026667,4.315200410162398,1.0632417683826645,-0.0,1.5,-0.0,4.315200410162398,0.0,forecast,,decomposition,IEK
250600042_,,2026-09-01,,,1.0,0.0,,,,0.0,insufficient_history,,decomposition,IEK
250600043_,,2026-09-01,,,1.0,0.0,,,,0.0,insufficient_history,,decomposition,IEK
250600044_,,2026-09-01,,,1.0,0.0,,,,0.0,insufficient_history,,decomposition,IEK
250600045_,,2026-09-01,,,1.0,0.0,,,,0.0,insufficient_history,,decomposition,IEK
250600047_,,2026-09-01,,,1.0,0.0,,,,0.0,insufficient_history,,decomposition,IEK
250600050_,м,2026-09-01,,,1.0,0.0,,,,0.0,insufficient_history,,decomposition,IEK
250600051_,м,2026-09-01,,,1.0,0.0,,,,0.0,insufficient_history,,decomposition,IEK
250600052_,,2026-09-01,,,1.0,0.0,,,,0.0,insufficient_history,,decomposition,IEK
250600053_,шт,2026-09-01,,,1.0,0.0,,,,0.0,insufficient_history,,decomposition,IEK
250600054_,шт,2026-09-01,5.75,5.75,1.0,0.0,30.25,0.0,5.75,0.0,forecast,neutral_seasonality_insufficient_evidence;insufficient_recent_history;all_known_history_stale,decomposition,IEK
250600055_,шт,2026-09-01,4.0,4.0,1.0,0.0,29.66666666666788,0.0,4.0,0.0,forecast,neutral_seasonality_insufficient_evidence;insufficient_recent_history;all_known_history_stale,decomposition,IEK
250600056_,шт,2026-09-01,2.125,2.125,1.0,0.0,27.875,0.0,2.125,0.0,forecast,neutral_seasonality_insufficient_evidence;insufficient_recent_history;all_known_history_stale,decomposition,IEK
250600057_,шт,2026-09-01,2.5,2.5,1.0,0.0,30.25,0.0,2.5,0.0,forecast,neutral_seasonality_insufficient_evidence;insufficient_recent_history;all_known_history_stale,decomposition,IEK
250600058_,шт,2026-09-01,1.125,1.125,1.0,0.0,27.0,0.0,1.125,0.0,forecast,neutral_seasonality_insufficient_evidence;insufficient_recent_history;all_known_history_stale,decomposition,IEK
250600059_,шт,2026-09-01,,,1.0,0.0,,,,0.0,insufficient_history,,decomposition,IEK
250600061_,,2026-09-01,,,1.0,0.0,,,,0.0,insufficient_history,,decomposition,IEK
250600062_,,2026-09-01,,,1.0,0.0,,,,0.0,insufficient_history,,decomposition,IEK
250600063_,шт,2026-09-01,1.0,1.0,1.0,0.0,4.0,0.0,1.0,0.0,forecast,neutral_seasonality_insufficient_evidence;insufficient_recent_history;6_calendar_months,decomposition,IEK
250600087_,шт,2026-09-01,706.1951488466702,752.2356499026665,0.9387951088705334,0.0,2.0,0.0,752.2356499026665,0.0,forecast,unstable_trend_disabled,decomposition,IEK
250600114_,,2026-09-01,,,1.0,0.0,,,,0.0,insufficient_history,,decomposition,IEK
250600115_,шт,2026-09-01,1.0,1.0,1.0,0.0,25.599999999998545,0.0,1.0,0.0,forecast,neutral_seasonality_insufficient_evidence;insufficient_recent_history;all_known_history_stale,decomposition,IEK
250600116_,шт,2026-09-01,2.0,2.0,1.0,0.0,5.0,0.0,2.0,0.0,forecast,neutral_seasonality_insufficient_evidence;insufficient_recent_history;6_calendar_months,decomposition,IEK
250600117_,шт,2026-09-01,,,1.0,0.0,,,,0.0,insufficient_history,,decomposition,IEK
250600118_,,2026-09-01,,,1.0,0.0,,,,0.0,insufficient_history,,decomposition,IEK
250600119_,,2026-09-01,,,1.0,0.0,,,,0.0,insufficient_history,,decomposition,IEK
250600120_,,2026-09-01,,,1.0,0.0,,,,0.0,insufficient_history,,decomposition,IEK
250600121_,,2026-09-01,,,1.0,0.0,,,,0.0,insufficient_history,,decomposition,IEK
250600122_,,2026-09-01,,,1.0,0.0,,,,0.0,insufficient_history,,decomposition,IEK
250600123_,,2026-09-01,,,1.0,0.0,,,,0.0,insufficient_history,,decomposition,IEK
250600124_,,2026-09-01,,,1.0,0.0,,,,0.0,insufficient_history,,decomposition,IEK
250600125_,,2026-09-01,,,1.0,0.0,,,,0.0,insufficient_history,,decomposition,IEK
250600126_,,2026-09-01,,,1.0,0.0,,,,0.0,insufficient_history,,decomposition,IEK
250600127_,,2026-09-01,,,1.0,0.0,,,,0.0,insufficient_history,,decomposition,IEK
250600129_,шт,2026-09-01,7.336876204059812,7.305078250753059,1.0043528559469537,0.0,2.0,0.0,7.305078250753059,0.0,forecast,unstable_trend_disabled,decomposition,IEK
250600130_,шт,2026-09-01,2.2056064928873838,2.3512318384352686,0.9380642337487239,0.0,2.5,0.0,2.3512318384352686,0.0,forecast,unstable_trend_disabled,decomposition,IEK
250600131_,шт,2026-09-01,7.13279805521845,6.867285184742101,1.0386634402582073,0.0,2.0,0.0,6.867285184742101,0.0,forecast,unstable_trend_disabled,decomposition,IEK
250600132_,шт,2026-09-01,1.0,1.0,1.0,0.0,3.0,0.0,1.0,0.0,forecast,neutral_seasonality_insufficient_evidence;insufficient_recent_history,decomposition,IEK
250600150_,шт,2026-09-01,,,1.0,0.0,,,,0.0,insufficient_history,,decomposition,IEK
250600152_,шт,2026-09-01,,,1.0,0.0,,,,0.0,insufficient_history,,decomposition,IEK
250600173_,шт,2026-09-01,12.0,12.0,1.0,0.0,1.0,0.0,12.0,0.0,forecast,neutral_seasonality_insufficient_evidence;insufficient_recent_history,decomposition,IEK
250600174_,шт,2026-09-01,1.5,1.5,1.0,0.0,1.5,0.0,1.5,0.0,forecast,neutral_seasonality_insufficient_evidence;insufficient_recent_history,decomposition,IEK
250600175_,шт,2026-09-01,3.0,3.0,1.0,0.0,1.0,0.0,3.0,0.0,forecast,neutral_seasonality_insufficient_evidence;insufficient_recent_history,decomposition,IEK
250600176_,шт,2026-09-01,1.0,1.0,1.0,0.0,4.0,0.0,1.0,0.0,forecast,neutral_seasonality_insufficient_evidence;insufficient_recent_history;6_calendar_months,decomposition,IEK
250600177_,шт,2026-09-01,3.5,3.5,1.0,-0.0,2.0,-0.0,3.5,0.0,forecast,neutral_seasonality_insufficient_evidence,decomposition,IEK
250600178_,шт,2026-09-01,1.5,1.5,1.0,0.0,5.0,0.0,1.5,0.0,forecast,neutral_seasonality_insufficient_evidence;insufficient_recent_history;6_calendar_months,decomposition,IEK
250600179_,шт,2026-09-01,5.15,5.15,1.0,0.0,21.400000000001455,0.0,5.15,0.0,forecast,neutral_seasonality_insufficient_evidence;insufficient_recent_history;all_known_history_stale,decomposition,IEK
250600180_,шт,2026-09-01,7.5,7.5,1.0,0.0,19.625,0.0,7.5,0.0,forecast,neutral_seasonality_insufficient_evidence;insufficient_recent_history;all_known_history_stale,decomposition,IEK
250600181_,шт,2026-09-01,10.785714285714286,10.785714285714286,1.0,0.0,24.285714285713766,0.0,10.785714285714286,0.0,forecast,neutral_seasonality_insufficient_evidence;insufficient_recent_history;all_known_history_stale,decomposition,IEK
250600182_,шт,2026-09-01,9.352941176470589,9.352941176470589,1.0,0.0,22.823529411765776,0.0,9.352941176470589,0.0,forecast,neutral_seasonality_insufficient_evidence;insufficient_recent_history;all_known_history_stale,decomposition,IEK
250600183_,шт,2026-09-01,3.6666666666666665,3.6666666666666665,1.0,0.0,5.0,0.0,3.6666666666666665,0.0,forecast,neutral_seasonality_insufficient_evidence;insufficient_recent_history;6_calendar_months,decomposition,IEK
250600184_,шт,2026-09-01,23.63157894736842,23.63157894736842,1.0,0.0,22.842105263156554,0.0,23.63157894736842,0.0,forecast,neutral_seasonality_insufficient_evidence;insufficient_recent_history;all_known_history_stale,decomposition,IEK
250600185_,шт,2026-09-01,24.782608695652176,24.782608695652176,1.0,0.0,20.826086956520157,0.0,24.782608695652176,0.0,forecast,neutral_seasonality_insufficient_evidence;insufficient_recent_history;all_known_history_stale,decomposition,IEK
250600186_,шт,2026-09-01,11.8,11.8,1.0,0.0,24.266666666666424,0.0,11.8,0.0,forecast,neutral_seasonality_insufficient_evidence;insufficient_recent_history;all_known_history_stale,decomposition,IEK
250600187_,,2026-09-01,,,1.0,0.0,,,,0.0,insufficient_history,,decomposition,IEK
250600244_,шт,2026-09-01,,,1.0,0.0,,,,0.0,insufficient_history,,decomposition,IEK
250600250_,шт,2026-09-01,3.0,3.0,1.0,0.0,28.285714285713766,0.0,3.0,0.0,forecast,neutral_seasonality_insufficient_evidence;insufficient_recent_history;all_known_history_stale,decomposition,IEK
250600252_,шт,2026-09-01,,,1.0,0.0,,,,0.0,insufficient_history,,decomposition,IEK
250600271_,шт,2026-09-01,,,1.0,0.0,,,,0.0,insufficient_history,,decomposition,IEK
250600275_,шт,2026-09-01,1.0,1.0,1.0,0.0,2.0,0.0,1.0,0.0,forecast,neutral_seasonality_insufficient_evidence;unstable_trend_disabled,decomposition,IEK
250600276_,шт,2026-09-01,1.0,1.0,1.0,0.0,1.0,0.0,1.0,0.0,forecast,neutral_seasonality_insufficient_evidence;insufficient_recent_history,decomposition,IEK
250600277_,шт,2026-09-01,2.0,2.0,1.0,0.0,1.0,0.0,2.0,0.0,forecast,neutral_seasonality_insufficient_evidence;insufficient_recent_history,decomposition,IEK
250600278_,шт,2026-09-01,1.0,1.0,1.0,-0.0,2.0,-0.0,1.0,0.0,forecast,neutral_seasonality_insufficient_evidence,decomposition,IEK
250600279_,шт,2026-09-01,2.0,2.0,1.0,0.0,5.0,0.0,2.0,0.0,forecast,neutral_seasonality_insufficient_evidence;insufficient_recent_history;6_calendar_months,decomposition,IEK
250600287_,шт,2026-09-01,3.0,3.0,1.0,0.0,6.0,0.0,3.0,0.0,forecast,neutral_seasonality_insufficient_evidence;insufficient_recent_history;6_calendar_months,decomposition,IEK
250600289_,шт,2026-09-01,4.0,4.0,1.0,0.0,2.5,0.0,4.0,0.0,forecast,neutral_seasonality_insufficient_evidence;insufficient_recent_history,decomposition,IEK
250600290_,шт,2026-09-01,3.6666666666666665,3.6666666666666665,1.0,0.0,2.0,0.0,3.6666666666666665,0.0,forecast,neutral_seasonality_insufficient_evidence;unstable_trend_disabled,decomposition,IEK
250600291_,шт,2026-09-01,3.0,3.0,1.0,0.0,2.0,0.0,3.0,0.0,forecast,neutral_seasonality_insufficient_evidence;insufficient_recent_history,decomposition,IEK
250600292_,шт,2026-09-01,2.5,2.5,1.0,0.0,2.0,0.0,2.5,0.0,forecast,neutral_seasonality_insufficient_evidence;insufficient_recent_history,decomposition,IEK
250600293_,шт,2026-09-01,1.0,1.0,1.0,0.0,2.0,0.0,1.0,0.0,forecast,neutral_seasonality_insufficient_evidence;unstable_trend_disabled,decomposition,IEK
250600294_,шт,2026-09-01,,,1.0,0.0,,,,0.0,insufficient_history,,decomposition,IEK
250600309_,шт,2026-09-01,,,1.0,0.0,,,,0.0,insufficient_history,,decomposition,IEK
250600310_,шт,2026-09-01,1.0,1.0,1.0,0.0,3.0,0.0,1.0,0.0,forecast,neutral_seasonality_insufficient_evidence;insufficient_recent_history,decomposition,IEK
250600311_,шт,2026-09-01,1.0,1.0,1.0,0.0,3.0,0.0,1.0,0.0,forecast,neutral_seasonality_insufficient_evidence;insufficient_recent_history,decomposition,IEK
250600312_,шт,2026-09-01,,,1.0,0.0,,,,0.0,insufficient_history,,decomposition,IEK
250600313_,шт,2026-09-01,,,1.0,0.0,,,,0.0,insufficient_history,,decomposition,IEK
250600314_,шт,2026-09-01,1.3333333333333333,1.3333333333333333,1.0,0.0,2.0,0.0,1.3333333333333333,0.0,forecast,neutral_seasonality_insufficient_evidence;insufficient_recent_history,decomposition,IEK
250600315_,шт,2026-09-01,1.6666666666666667,1.6666666666666667,1.0,0.0,2.0,0.0,1.6666666666666667,0.0,forecast,neutral_seasonality_insufficient_evidence;insufficient_recent_history,decomposition,IEK
250600316_,шт,2026-09-01,,,1.0,0.0,,,,0.0,insufficient_history,,decomposition,IEK
250600317_,шт,2026-09-01,,,1.0,0.0,,,,0.0,insufficient_history,,decomposition,IEK
250600318_,шт,2026-09-01,,,1.0,0.0,,,,0.0,insufficient_history,,decomposition,IEK
251000053_,шт,2026-09-01,2.3333333333333335,2.3333333333333335,1.0,0.0,2.0,0.0,2.3333333333333335,0.0,forecast,neutral_seasonality_insufficient_evidence;unstable_trend_disabled,decomposition,IEK
251400017_,шт,2026-09-01,2.0,2.0,1.0,0.0,2.0,0.0,2.0,0.0,forecast,neutral_seasonality_insufficient_evidence;unstable_trend_disabled,decomposition,IEK
251400019_,шт,2026-09-01,11.666666666666666,11.666666666666666,1.0,0.0,2.0,0.0,11.666666666666666,0.0,forecast,neutral_seasonality_insufficient_evidence;unstable_trend_disabled,decomposition,IEK
251400020_,шт,2026-09-01,16.666666666666668,16.666666666666668,1.0,0.0,2.0,0.0,16.666666666666668,0.0,forecast,neutral_seasonality_insufficient_evidence;unstable_trend_disabled,decomposition,IEK
251400021_,шт,2026-09-01,2.0,2.0,1.0,0.0,2.0,0.0,2.0,0.0,forecast,neutral_seasonality_insufficient_evidence;unstable_trend_disabled,decomposition,IEK
251400022_,шт,2026-09-01,1.0,1.0,1.0,0.0,2.0,0.0,1.0,0.0,forecast,neutral_seasonality_insufficient_evidence;insufficient_recent_history,decomposition,IEK
251400023_,шт,2026-09-01,3.0,3.0,1.0,0.0,2.0,0.0,3.0,0.0,forecast,neutral_seasonality_insufficient_evidence;unstable_trend_disabled,decomposition,IEK
251400024_,шт,2026-09-01,1.0,1.0,1.0,0.0,1.0,0.0,1.0,0.0,forecast,neutral_seasonality_insufficient_evidence;insufficient_recent_history,decomposition,IEK
251400025_,шт,2026-09-01,2.0,2.0,1.0,0.0,3.0,0.0,2.0,0.0,forecast,neutral_seasonality_insufficient_evidence;insufficient_recent_history,decomposition,IEK
251400026_,шт,2026-09-01,1.0,1.0,1.0,0.0,2.0,0.0,1.0,0.0,forecast,neutral_seasonality_insufficient_evidence;insufficient_recent_history,decomposition,IEK
251400027_,шт,2026-09-01,3.0,3.0,1.0,0.0,2.0,0.0,3.0,0.0,forecast,neutral_seasonality_insufficient_evidence,decomposition,IEK
251400028_,шт,2026-09-01,3.0,3.0,1.0,0.0,2.0,0.0,3.0,0.0,forecast,neutral_seasonality_insufficient_evidence;unstable_trend_disabled,decomposition,IEK
251400029_,шт,2026-09-01,4.5,4.5,1.0,0.0,2.0,0.0,4.5,0.0,forecast,neutral_seasonality_insufficient_evidence;unstable_trend_disabled,decomposition,IEK
251400030_,шт,2026-09-01,15.666666666666666,15.666666666666666,1.0,0.0,2.0,0.0,15.666666666666666,0.0,forecast,neutral_seasonality_insufficient_evidence;unstable_trend_disabled,decomposition,IEK
251400031_,шт,2026-09-01,,,1.0,0.0,,,,0.0,insufficient_history,,decomposition,IEK
251400032_,шт,2026-09-01,5.666666666666667,5.666666666666667,1.0,0.0,2.0,0.0,5.666666666666667,0.0,forecast,neutral_seasonality_insufficient_evidence;unstable_trend_disabled,decomposition,IEK
251400033_,шт,2026-09-01,6.333333333333333,6.333333333333333,1.0,0.0,2.0,0.0,6.333333333333333,0.0,forecast,neutral_seasonality_insufficient_evidence;unstable_trend_disabled,decomposition,IEK
251400034_,шт,2026-09-01,,,1.0,0.0,,,,0.0,insufficient_history,,decomposition,IEK
251400035_,шт,2026-09-01,1.5,1.5,1.0,0.0,2.0,0.0,1.5,0.0,forecast,neutral_seasonality_insufficient_evidence;insufficient_recent_history,decomposition,IEK
251400036_,шт,2026-09-01,3.0,3.0,1.0,0.0,2.0,0.0,3.0,0.0,forecast,neutral_seasonality_insufficient_evidence;unstable_trend_disabled,decomposition,IEK
251400037_,шт,2026-09-01,5.333333333333333,5.333333333333333,1.0,0.0,2.0,0.0,5.333333333333333,0.0,forecast,neutral_seasonality_insufficient_evidence;unstable_trend_disabled,decomposition,IEK
251400038_,шт,2026-09-01,7.333333333333333,7.333333333333333,1.0,0.0,2.0,0.0,7.333333333333333,0.0,forecast,neutral_seasonality_insufficient_evidence;unstable_trend_disabled,decomposition,IEK
251400039_,шт,2026-09-01,4.0,4.0,1.0,0.0,3.0,0.0,4.0,0.0,forecast,neutral_seasonality_insufficient_evidence;insufficient_recent_history,decomposition,IEK
251400040_,шт,2026-09-01,1.6666666666666667,1.6666666666666667,1.0,0.0,2.0,0.0,1.6666666666666667,0.0,forecast,neutral_seasonality_insufficient_evidence;unstable_trend_disabled,decomposition,IEK
251400041_,шт,2026-09-01,4.666666666666667,4.666666666666667,1.0,0.0,2.0,0.0,4.666666666666667,0.0,forecast,neutral_seasonality_insufficient_evidence;unstable_trend_disabled,decomposition,IEK
251400042_,шт,2026-09-01,12.0,12.0,1.0,0.0,2.0,0.0,12.0,0.0,forecast,neutral_seasonality_insufficient_evidence;unstable_trend_disabled,decomposition,IEK
251400043_,шт,2026-09-01,7.333333333333333,7.333333333333333,1.0,0.0,2.0,0.0,7.333333333333333,0.0,forecast,neutral_seasonality_insufficient_evidence;unstable_trend_disabled,decomposition,IEK
251400044_,шт,2026-09-01,7.666666666666667,7.666666666666667,1.0,0.0,2.0,0.0,7.666666666666667,0.0,forecast,neutral_seasonality_insufficient_evidence;unstable_trend_disabled,decomposition,IEK
251400045_,шт,2026-09-01,7.333333333333333,7.333333333333333,1.0,0.0,2.0,0.0,7.333333333333333,0.0,forecast,neutral_seasonality_insufficient_evidence;unstable_trend_disabled,decomposition,IEK
251400046_,шт,2026-09-01,5.666666666666667,5.666666666666667,1.0,0.0,2.0,0.0,5.666666666666667,0.0,forecast,neutral_seasonality_insufficient_evidence;unstable_trend_disabled,decomposition,IEK
251400047_,шт,2026-09-01,3.0,3.0,1.0,0.0,2.0,0.0,3.0,0.0,forecast,neutral_seasonality_insufficient_evidence;insufficient_recent_history,decomposition,IEK
251400048_,шт,2026-09-01,6.0,6.0,1.0,0.0,4.0,0.0,6.0,0.0,forecast,neutral_seasonality_insufficient_evidence;insufficient_recent_history;6_calendar_months,decomposition,IEK
251400049_,шт,2026-09-01,1.0,1.0,1.0,0.0,1.0,0.0,1.0,0.0,forecast,neutral_seasonality_insufficient_evidence;flat_or_unstable,decomposition,IEK
251400050_,шт,2026-09-01,2.3333333333333335,2.3333333333333335,1.0,0.0,2.0,0.0,2.3333333333333335,0.0,forecast,neutral_seasonality_insufficient_evidence;unstable_trend_disabled,decomposition,IEK
251400051_,шт,2026-09-01,6.333333333333333,6.333333333333333,1.0,-0.0,2.0,-0.0,6.333333333333333,0.0,forecast,neutral_seasonality_insufficient_evidence,decomposition,IEK
251400052_,шт,2026-09-01,7.666666666666667,7.666666666666667,1.0,0.0,2.0,0.0,7.666666666666667,0.0,forecast,neutral_seasonality_insufficient_evidence,decomposition,IEK
251400053_,шт,2026-09-01,1.0,1.0,1.0,0.0,2.0,0.0,1.0,0.0,forecast,neutral_seasonality_insufficient_evidence;insufficient_recent_history,decomposition,IEK
251400054_,шт,2026-09-01,1.0,1.0,1.0,0.0,3.0,0.0,1.0,0.0,forecast,neutral_seasonality_insufficient_evidence;insufficient_recent_history,decomposition,IEK
251400055_,шт,2026-09-01,2.7,2.7,1.0,0.0,12.0,0.0,2.7,0.0,forecast,neutral_seasonality_insufficient_evidence;insufficient_recent_history;all_known_history_stale,decomposition,IEK
251400056_,шт,2026-09-01,3.6666666666666665,3.6666666666666665,1.0,0.0,2.0,0.0,3.6666666666666665,0.0,forecast,neutral_seasonality_insufficient_evidence;unstable_trend_disabled,decomposition,IEK
251400057_,шт,2026-09-01,1.0,1.0,1.0,0.0,3.0,0.0,1.0,0.0,forecast,neutral_seasonality_insufficient_evidence;insufficient_recent_history,decomposition,IEK
251400058_,шт,2026-09-01,2.0,2.0,1.0,0.0,2.5,0.0,2.0,0.0,forecast,neutral_seasonality_insufficient_evidence;insufficient_recent_history,decomposition,IEK
251400059_,шт,2026-09-01,1.0,1.0,1.0,0.0,2.0,0.0,1.0,0.0,forecast,neutral_seasonality_insufficient_evidence;insufficient_recent_history,decomposition,IEK
251400060_,шт,2026-09-01,3.0,3.0,1.0,0.0,2.0,0.0,3.0,0.0,forecast,neutral_seasonality_insufficient_evidence;insufficient_recent_history,decomposition,IEK
251400061_,шт,2026-09-01,1.0,1.0,1.0,0.0,1.0,0.0,1.0,0.0,forecast,neutral_seasonality_insufficient_evidence;insufficient_recent_history,decomposition,IEK
251400062_,шт,2026-09-01,1.0,1.0,1.0,0.0,6.0,0.0,1.0,0.0,forecast,neutral_seasonality_insufficient_evidence;insufficient_recent_history;6_calendar_months,decomposition,IEK
251400063_,шт,2026-09-01,1.5,1.5,1.0,0.0,2.5,0.0,1.5,0.0,forecast,neutral_seasonality_insufficient_evidence;insufficient_recent_history,decomposition,IEK
251400064_,шт,2026-09-01,2.0,2.0,1.0,0.0,1.0,0.0,2.0,0.0,forecast,neutral_seasonality_insufficient_evidence;insufficient_recent_history,decomposition,IEK
251400065_,шт,2026-09-01,5.5,5.5,1.0,0.0,2.5,0.0,5.5,0.0,forecast,neutral_seasonality_insufficient_evidence;unstable_trend_disabled,decomposition,IEK
251400066_,шт,2026-09-01,1.0,1.0,1.0,0.0,4.5,0.0,1.0,0.0,forecast,neutral_seasonality_insufficient_evidence;insufficient_recent_history;6_calendar_months,decomposition,IEK
251400067_,шт,2026-09-01,1.0,1.0,1.0,0.0,2.0,0.0,1.0,0.0,forecast,neutral_seasonality_insufficient_evidence;insufficient_recent_history,decomposition,IEK
251400068_,шт,2026-09-01,1.0,1.0,1.0,0.0,2.0,0.0,1.0,0.0,forecast,neutral_seasonality_insufficient_evidence;insufficient_recent_history,decomposition,IEK
251400069_,шт,2026-09-01,1.2,1.2,1.0,0.0,14.400000000001455,0.0,1.2,0.0,forecast,neutral_seasonality_insufficient_evidence;insufficient_recent_history;all_known_history_stale,decomposition,IEK
251400070_,шт,2026-09-01,3.3333333333333335,3.3333333333333335,1.0,0.0,2.0,0.0,3.3333333333333335,0.0,forecast,neutral_seasonality_insufficient_evidence;unstable_trend_disabled,decomposition,IEK
251400071_,шт,2026-09-01,1.5,1.5,1.0,0.0,1.5,0.0,1.5,0.0,forecast,neutral_seasonality_insufficient_evidence;insufficient_recent_history,decomposition,IEK
251400072_,шт,2026-09-01,1.1428571428571428,1.1428571428571428,1.0,0.0,15.571428571427532,0.0,1.1428571428571428,0.0,forecast,neutral_seasonality_insufficient_evidence;insufficient_recent_history;all_known_history_stale,decomposition,IEK
251400073_,шт,2026-09-01,1.0,1.0,1.0,0.0,13.0,0.0,1.0,0.0,forecast,neutral_seasonality_insufficient_evidence;insufficient_recent_history;all_known_history_stale,decomposition,IEK
251400074_,шт,2026-09-01,,,1.0,0.0,,,,0.0,insufficient_history,,decomposition,IEK
251400075_,шт,2026-09-01,2.0,2.0,1.0,0.0,2.0,0.0,2.0,0.0,forecast,neutral_seasonality_insufficient_evidence;insufficient_recent_history,decomposition,IEK
251400076_,шт,2026-09-01,1.3333333333333333,1.3333333333333333,1.0,0.0,15.33333333333212,0.0,1.3333333333333333,0.0,forecast,neutral_seasonality_insufficient_evidence;insufficient_recent_history;all_known_history_stale,decomposition,IEK
251400077_,шт,2026-09-01,1.0,1.0,1.0,0.0,2.0,0.0,1.0,0.0,forecast,neutral_seasonality_insufficient_evidence;insufficient_recent_history,decomposition,IEK
251400078_,шт,2026-09-01,1.0,1.0,1.0,0.0,3.0,0.0,1.0,0.0,forecast,neutral_seasonality_insufficient_evidence;insufficient_recent_history,decomposition,IEK
251400079_,шт,2026-09-01,1.0,1.0,1.0,0.0,1.0,0.0,1.0,0.0,forecast,neutral_seasonality_insufficient_evidence;insufficient_recent_history,decomposition,IEK
251400080_,шт,2026-09-01,1.0,1.0,1.0,0.0,1.0,0.0,1.0,0.0,forecast,neutral_seasonality_insufficient_evidence;insufficient_recent_history,decomposition,IEK
251400081_,шт,2026-09-01,,,1.0,0.0,,,,0.0,insufficient_history,,decomposition,IEK
251400082_,шт,2026-09-01,,,1.0,0.0,,,,0.0,insufficient_history,,decomposition,IEK
251400083_,шт,2026-09-01,1.5,1.5,1.0,0.0,2.0,0.0,1.5,0.0,forecast,neutral_seasonality_insufficient_evidence;insufficient_recent_history,decomposition,IEK
251400084_,шт,2026-09-01,1.0,1.0,1.0,0.0,2.0,0.0,1.0,0.0,forecast,neutral_seasonality_insufficient_evidence;insufficient_recent_history,decomposition,IEK
251400085_,шт,2026-09-01,1.0,1.0,1.0,0.0,2.5,0.0,1.0,0.0,forecast,neutral_seasonality_insufficient_evidence;insufficient_recent_history,decomposition,IEK
251400086_,шт,2026-09-01,1.5,1.5,1.0,0.0,14.66666666666788,0.0,1.5,0.0,forecast,neutral_seasonality_insufficient_evidence;insufficient_recent_history;all_known_history_stale,decomposition,IEK
251400087_,шт,2026-09-01,,,1.0,0.0,,,,0.0,insufficient_history,,decomposition,IEK
251400088_,шт,2026-09-01,,,1.0,0.0,,,,0.0,insufficient_history,,decomposition,IEK
251400089_,шт,2026-09-01,,,1.0,0.0,,,,0.0,insufficient_history,,decomposition,IEK
251400090_,шт,2026-09-01,1.0,1.0,1.0,0.0,3.0,0.0,1.0,0.0,forecast,neutral_seasonality_insufficient_evidence;insufficient_recent_history,decomposition,IEK
251400091_,шт,2026-09-01,1.5,1.5,1.0,0.0,2.0,0.0,1.5,0.0,forecast,neutral_seasonality_insufficient_evidence;insufficient_recent_history,decomposition,IEK
251400092_,шт,2026-09-01,3.0,3.0,1.0,0.0,2.5,0.0,3.0,0.0,forecast,neutral_seasonality_insufficient_evidence;flat_or_unstable,decomposition,IEK
251400093_,шт,2026-09-01,1.3333333333333333,1.3333333333333333,1.0,0.0,2.0,0.0,1.3333333333333333,0.0,forecast,neutral_seasonality_insufficient_evidence;insufficient_recent_history,decomposition,IEK
251400094_,шт,2026-09-01,,,1.0,0.0,,,,0.0,insufficient_history,,decomposition,IEK
251400095_,шт,2026-09-01,3.0,3.0,1.0,0.0,4.0,0.0,3.0,0.0,forecast,neutral_seasonality_insufficient_evidence;insufficient_recent_history;6_calendar_months,decomposition,IEK
251400096_,шт,2026-09-01,1.0,1.0,1.0,0.0,2.0,0.0,1.0,0.0,forecast,neutral_seasonality_insufficient_evidence;insufficient_recent_history,decomposition,IEK
251400097_,шт,2026-09-01,1.5,1.5,1.0,0.0,12.0,0.0,1.5,0.0,forecast,neutral_seasonality_insufficient_evidence;insufficient_recent_history;all_known_history_stale,decomposition,IEK
251400098_,шт,2026-09-01,1.0,1.0,1.0,0.0,3.0,0.0,1.0,0.0,forecast,neutral_seasonality_insufficient_evidence;insufficient_recent_history,decomposition,IEK
251400099_,шт,2026-09-01,2.0,2.0,1.0,0.0,12.33333333333212,0.0,2.0,0.0,forecast,neutral_seasonality_insufficient_evidence;insufficient_recent_history;all_known_history_stale,decomposition,IEK
251400100_,шт,2026-09-01,1.0,1.0,1.0,0.0,4.0,0.0,1.0,0.0,forecast,neutral_seasonality_insufficient_evidence;insufficient_recent_history;6_calendar_months,decomposition,IEK
251400101_,шт,2026-09-01,,,1.0,0.0,,,,0.0,insufficient_history,,decomposition,IEK
251400102_,шт,2026-09-01,1.0,1.0,1.0,0.0,1.0,0.0,1.0,0.0,forecast,neutral_seasonality_insufficient_evidence;insufficient_recent_history,decomposition,IEK
251400103_,шт,2026-09-01,,,1.0,0.0,,,,0.0,insufficient_history,,decomposition,IEK
251400104_,шт,2026-09-01,1.0,1.0,1.0,0.0,4.0,0.0,1.0,0.0,forecast,neutral_seasonality_insufficient_evidence;insufficient_recent_history;6_calendar_months,decomposition,IEK
251400105_,шт,2026-09-01,1.0,1.0,1.0,0.0,1.0,0.0,1.0,0.0,forecast,neutral_seasonality_insufficient_evidence;insufficient_recent_history,decomposition,IEK
251400106_,шт,2026-09-01,2.6666666666666665,2.6666666666666665,1.0,0.0,2.0,0.0,2.6666666666666665,0.0,forecast,neutral_seasonality_insufficient_evidence;unstable_trend_disabled,decomposition,IEK
251400107_,шт,2026-09-01,1.0,1.0,1.0,0.0,2.0,0.0,1.0,0.0,forecast,neutral_seasonality_insufficient_evidence;insufficient_recent_history,decomposition,IEK
251400108_,шт,2026-09-01,2.0,2.0,1.0,0.0,2.0,0.0,2.0,0.0,forecast,neutral_seasonality_insufficient_evidence;insufficient_recent_history,decomposition,IEK
251400109_,шт,2026-09-01,1.5,1.5,1.0,0.0,2.0,0.0,1.5,0.0,forecast,neutral_seasonality_insufficient_evidence;insufficient_recent_history,decomposition,IEK
251400110_,шт,2026-09-01,,,1.0,0.0,,,,0.0,insufficient_history,,decomposition,IEK
251400111_,шт,2026-09-01,1.6666666666666667,1.6666666666666667,1.0,0.0,2.0,0.0,1.6666666666666667,0.0,forecast,neutral_seasonality_insufficient_evidence;insufficient_recent_history,decomposition,IEK
251400112_,шт,2026-09-01,1.0,1.0,1.0,0.0,1.5,0.0,1.0,0.0,forecast,neutral_seasonality_insufficient_evidence;flat_or_unstable,decomposition,IEK
251400113_,шт,2026-09-01,,,1.0,0.0,,,,0.0,insufficient_history,,decomposition,IEK
251400114_,шт,2026-09-01,1.0,1.0,1.0,0.0,2.0,0.0,1.0,0.0,forecast,neutral_seasonality_insufficient_evidence;insufficient_recent_history,decomposition,IEK
251400115_,шт,2026-09-01,1.0,1.0,1.0,0.0,1.0,0.0,1.0,0.0,forecast,neutral_seasonality_insufficient_evidence;insufficient_recent_history,decomposition,IEK
251400116_,шт,2026-09-01,3.0,3.0,1.0,0.0,1.0,0.0,3.0,0.0,forecast,neutral_seasonality_insufficient_evidence;insufficient_recent_history,decomposition,IEK
251400117_,шт,2026-09-01,,,1.0,0.0,,,,0.0,insufficient_history,,decomposition,IEK
251400118_,шт,2026-09-01,1.0,1.0,1.0,0.0,1.5,0.0,1.0,0.0,forecast,neutral_seasonality_insufficient_evidence;insufficient_recent_history,decomposition,IEK
251400119_,шт,2026-09-01,1.0,1.0,1.0,0.0,2.5,0.0,1.0,0.0,forecast,neutral_seasonality_insufficient_evidence;insufficient_recent_history,decomposition,IEK
251400120_,шт,2026-09-01,1.0,1.0,1.0,0.0,3.0,0.0,1.0,0.0,forecast,neutral_seasonality_insufficient_evidence;insufficient_recent_history,decomposition,IEK
251400121_,шт,2026-09-01,1.0,1.0,1.0,0.0,1.5,0.0,1.0,0.0,forecast,neutral_seasonality_insufficient_evidence;insufficient_recent_history,decomposition,IEK
251400122_,шт,2026-09-01,,,1.0,0.0,,,,0.0,insufficient_history,,decomposition,IEK
251400123_,шт,2026-09-01,1.0,1.0,1.0,0.0,2.0,0.0,1.0,0.0,forecast,neutral_seasonality_insufficient_evidence;insufficient_recent_history,decomposition,IEK
251400124_,шт,2026-09-01,1.0,1.0,1.0,0.0,4.0,0.0,1.0,0.0,forecast,neutral_seasonality_insufficient_evidence;insufficient_recent_history;6_calendar_months,decomposition,IEK
251400125_,шт,2026-09-01,,,1.0,0.0,,,,0.0,insufficient_history,,decomposition,IEK
251400126_,шт,2026-09-01,,,1.0,0.0,,,,0.0,insufficient_history,,decomposition,IEK
251400127_,шт,2026-09-01,3.3333333333333335,3.3333333333333335,1.0,0.0,2.0,0.0,3.3333333333333335,0.0,forecast,neutral_seasonality_insufficient_evidence;unstable_trend_disabled,decomposition,IEK
251400128_,шт,2026-09-01,2.0,2.0,1.0,0.0,2.0,0.0,2.0,0.0,forecast,neutral_seasonality_insufficient_evidence;insufficient_recent_history,decomposition,IEK
251400129_,шт,2026-09-01,1.0,1.0,1.0,0.0,1.5,0.0,1.0,0.0,forecast,neutral_seasonality_insufficient_evidence;insufficient_recent_history,decomposition,IEK
251400130_,шт,2026-09-01,1.0,1.0,1.0,0.0,3.0,0.0,1.0,0.0,forecast,neutral_seasonality_insufficient_evidence;insufficient_recent_history,decomposition,IEK
251400131_,шт,2026-09-01,1.0,1.0,1.0,0.0,2.5,0.0,1.0,0.0,forecast,neutral_seasonality_insufficient_evidence;insufficient_recent_history,decomposition,IEK
251400132_,шт,2026-09-01,,,1.0,0.0,,,,0.0,insufficient_history,,decomposition,IEK
251400133_,шт,2026-09-01,1.0,1.0,1.0,0.0,1.5,0.0,1.0,0.0,forecast,neutral_seasonality_insufficient_evidence;insufficient_recent_history,decomposition,IEK
251400134_,шт,2026-09-01,1.0,1.0,1.0,0.0,2.5,0.0,1.0,0.0,forecast,neutral_seasonality_insufficient_evidence;insufficient_recent_history,decomposition,IEK
251400135_,шт,2026-09-01,1.0,1.0,1.0,0.0,2.5,0.0,1.0,0.0,forecast,neutral_seasonality_insufficient_evidence;insufficient_recent_history,decomposition,IEK
251400136_,шт,2026-09-01,3.0,3.0,1.0,0.0,2.0,0.0,3.0,0.0,forecast,neutral_seasonality_insufficient_evidence;insufficient_recent_history,decomposition,IEK
251400137_,шт,2026-09-01,1.25,1.25,1.0,0.0,15.0,0.0,1.25,0.0,forecast,neutral_seasonality_insufficient_evidence;insufficient_recent_history;all_known_history_stale,decomposition,IEK
251400138_,шт,2026-09-01,1.6666666666666667,1.6666666666666667,1.0,0.0,15.83333333333212,0.0,1.6666666666666667,0.0,forecast,neutral_seasonality_insufficient_evidence;insufficient_recent_history;all_known_history_stale,decomposition,IEK
251400139_,шт,2026-09-01,,,1.0,0.0,,,,0.0,insufficient_history,,decomposition,IEK
251400140_,шт,2026-09-01,,,1.0,0.0,,,,0.0,insufficient_history,,decomposition,IEK
251400141_,шт,2026-09-01,,,1.0,0.0,,,,0.0,insufficient_history,,decomposition,IEK
251400142_,шт,2026-09-01,1.25,1.25,1.0,0.0,16.5,0.0,1.25,0.0,forecast,neutral_seasonality_insufficient_evidence;insufficient_recent_history;all_known_history_stale,decomposition,IEK
251400143_,шт,2026-09-01,11.666666666666666,11.666666666666666,1.0,0.0,2.0,0.0,11.666666666666666,0.0,forecast,neutral_seasonality_insufficient_evidence;unstable_trend_disabled,decomposition,IEK
251400144_,шт,2026-09-01,12.666666666666666,12.666666666666666,1.0,0.0,2.0,0.0,12.666666666666666,0.0,forecast,neutral_seasonality_insufficient_evidence;unstable_trend_disabled,decomposition,IEK
251400145_,шт,2026-09-01,4.333333333333333,4.333333333333333,1.0,0.0,2.0,0.0,4.333333333333333,0.0,forecast,neutral_seasonality_insufficient_evidence;unstable_trend_disabled,decomposition,IEK
251400146_,шт,2026-09-01,2.6666666666666665,2.6666666666666665,1.0,0.0,2.0,0.0,2.6666666666666665,0.0,forecast,neutral_seasonality_insufficient_evidence;insufficient_recent_history,decomposition,IEK
251400147_,шт,2026-09-01,4.0,4.0,1.0,0.0,2.0,0.0,4.0,0.0,forecast,neutral_seasonality_insufficient_evidence;insufficient_recent_history,decomposition,IEK
251400148_,шт,2026-09-01,3.6666666666666665,3.6666666666666665,1.0,0.0,2.0,0.0,3.6666666666666665,0.0,forecast,neutral_seasonality_insufficient_evidence;insufficient_recent_history,decomposition,IEK
260100138_,шт,2026-09-01,1499.1269822210666,1591.7192206006982,0.9418287866470015,0.0,2.0,0.0,1591.7192206006982,0.0,forecast,unstable_trend_disabled,decomposition,IEK
260100140_,шт,2026-09-01,1618.9270390616575,1163.2069850715004,1.3917789867485577,0.0,2.0,0.0,1163.2069850715004,0.0,forecast,unstable_trend_disabled,decomposition,IEK
260100153_,шт,2026-09-01,2073.7045567410296,1998.0382120086426,1.0378703191348473,0.0,2.0,0.0,1998.0382120086426,0.0,forecast,unstable_trend_disabled,decomposition,IEK
260100154_,шт,2026-09-01,405.9188195688072,464.6919807755562,0.8735223252429308,0.0,2.0,0.0,464.6919807755562,0.0,forecast,unstable_trend_disabled,decomposition,IEK
260100155_,шт,2026-09-01,495.00511749233215,379.2675504963889,1.3051607416570832,0.0,2.0,0.0,379.2675504963889,0.0,forecast,unstable_trend_disabled,decomposition,IEK
260100157_,шт,2026-09-01,643.0749676311686,480.23810386515333,1.3390752679877698,-0.0,2.0,-0.0,480.23810386515333,0.0,forecast,,decomposition,IEK
260100158_,шт,2026-09-01,3746.1438287519545,2391.229666836762,1.5666181633266287,0.0,2.0,0.0,2391.229666836762,0.0,forecast,unstable_trend_disabled,decomposition,IEK
260100161_,,2026-09-01,,,1.0,0.0,,,,0.0,insufficient_history,,decomposition,IEK
260100162_,,2026-09-01,,,1.0,0.0,,,,0.0,insufficient_history,,decomposition,IEK
260100165_,шт,2026-09-01,5238.815733406916,4571.682662670264,1.1459272482283334,0.0,2.0,0.0,4571.682662670264,0.0,forecast,,decomposition,IEK
260100167_,шт,2026-09-01,2583.9574463584536,2820.284568904491,0.9162045117178241,0.0,2.0,0.0,2820.284568904491,0.0,forecast,unstable_trend_disabled,decomposition,IEK
260100168_,шт,2026-09-01,2319.024938636878,2111.585309429472,1.0982388105661967,0.0,2.0,0.0,2111.585309429472,0.0,forecast,unstable_trend_disabled,decomposition,IEK
260100169_,шт,2026-09-01,1672.014969263782,1298.5127558347876,1.2876384631191993,0.0,2.0,0.0,1298.5127558347876,0.0,forecast,unstable_trend_disabled,decomposition,IEK
260100172_,,2026-09-01,,,1.0,0.0,,,,0.0,insufficient_history,,decomposition,IEK
270100211_,,2026-09-01,,,1.0,0.0,,,,0.0,insufficient_history,,decomposition,IEK
270100212_,,2026-09-01,,,1.0,0.0,,,,0.0,insufficient_history,,decomposition,IEK
270100213_,,2026-09-01,,,1.0,0.0,,,,0.0,insufficient_history,,decomposition,IEK
270100214_,,2026-09-01,,,1.0,0.0,,,,0.0,insufficient_history,,decomposition,IEK
270100215_,,2026-09-01,,,1.0,0.0,,,,0.0,insufficient_history,,decomposition,IEK
270100216_,,2026-09-01,,,1.0,0.0,,,,0.0,insufficient_history,,decomposition,IEK
270100217_,шт,2026-09-01,,,1.0,0.0,,,,0.0,insufficient_history,,decomposition,IEK
270100218_,,2026-09-01,,,1.0,0.0,,,,0.0,insufficient_history,,decomposition,IEK
270100219_,,2026-09-01,,,1.0,0.0,,,,0.0,insufficient_history,,decomposition,IEK
270100220_,,2026-09-01,,,1.0,0.0,,,,0.0,insufficient_history,,decomposition,IEK
270100221_,,2026-09-01,,,1.0,0.0,,,,0.0,insufficient_history,,decomposition,IEK
270100222_,,2026-09-01,,,1.0,0.0,,,,0.0,insufficient_history,,decomposition,IEK
270100223_,,2026-09-01,,,1.0,0.0,,,,0.0,insufficient_history,,decomposition,IEK
270200027_,шт,2026-09-01,,,1.0,0.0,,,,0.0,insufficient_history,,decomposition,IEK
270200048_,шт,2026-09-01,,,1.0,0.0,,,,0.0,insufficient_history,,decomposition,IEK
270200056_,шт,2026-09-01,,,1.0,0.0,,,,0.0,insufficient_history,,decomposition,IEK
270200057_,шт,2026-09-01,8.0,8.0,1.0,0.0,27.33333333333212,0.0,8.0,0.0,forecast,neutral_seasonality_insufficient_evidence;insufficient_recent_history;all_known_history_stale,decomposition,IEK
270200058_,шт,2026-09-01,,,1.0,0.0,,,,0.0,insufficient_history,,decomposition,IEK
270200059_,шт,2026-09-01,,,1.0,0.0,,,,0.0,insufficient_history,,decomposition,IEK
270200063_,шт,2026-09-01,3.0,3.0,1.0,0.0,2.0,0.0,3.0,0.0,forecast,neutral_seasonality_insufficient_evidence;insufficient_recent_history,decomposition,IEK
270200075_,шт,2026-09-01,,,1.0,0.0,,,,0.0,insufficient_history,,decomposition,IEK
270200099_,шт,2026-09-01,,,1.0,0.0,,,,0.0,insufficient_history,,decomposition,IEK
270200100_,шт,2026-09-01,,,1.0,0.0,,,,0.0,insufficient_history,,decomposition,IEK
270200101_,шт,2026-09-01,,,1.0,0.0,,,,0.0,insufficient_history,,decomposition,IEK
270200102_,шт,2026-09-01,,,1.0,0.0,,,,0.0,insufficient_history,,decomposition,IEK
270200114_,шт,2026-09-01,,,1.0,0.0,,,,0.0,insufficient_history,,decomposition,IEK
270200120_,шт,2026-09-01,,,1.0,0.0,,,,0.0,insufficient_history,,decomposition,IEK
270200129_,шт,2026-09-01,,,1.0,0.0,,,,0.0,insufficient_history,,decomposition,IEK
270200130_,шт,2026-09-01,,,1.0,0.0,,,,0.0,insufficient_history,,decomposition,IEK
270200131_,шт,2026-09-01,,,1.0,0.0,,,,0.0,insufficient_history,,decomposition,IEK
270200132_,шт,2026-09-01,,,1.0,0.0,,,,0.0,insufficient_history,,decomposition,IEK
270200142_,шт,2026-09-01,,,1.0,0.0,,,,0.0,insufficient_history,,decomposition,IEK
270200143_,шт,2026-09-01,7.5,7.5,1.0,0.0,17.0,0.0,7.5,0.0,forecast,neutral_seasonality_insufficient_evidence;insufficient_recent_history;all_known_history_stale,decomposition,IEK
270300001_,шт,2026-09-01,2.3333333333333335,2.3333333333333335,1.0,-0.0,2.0,-0.0,2.3333333333333335,0.0,forecast,neutral_seasonality_insufficient_evidence,decomposition,IEK
270300002_,шт,2026-09-01,8.0,8.0,1.0,0.0,2.0,0.0,8.0,0.0,forecast,neutral_seasonality_insufficient_evidence;unstable_trend_disabled,decomposition,IEK
270300003_,шт,2026-09-01,37.333333333333336,37.333333333333336,1.0,0.0,2.0,0.0,37.333333333333336,0.0,forecast,neutral_seasonality_insufficient_evidence;unstable_trend_disabled,decomposition,IEK
270300004_,шт,2026-09-01,1.0,1.0,1.0,0.0,2.0,0.0,1.0,0.0,forecast,neutral_seasonality_insufficient_evidence;insufficient_recent_history,decomposition,IEK
270300005_,,2026-09-01,,,1.0,0.0,,,,0.0,insufficient_history,,decomposition,IEK
270300007_,шт,2026-09-01,1.0,1.0,1.0,0.0,5.0,0.0,1.0,0.0,forecast,neutral_seasonality_insufficient_evidence;insufficient_recent_history;6_calendar_months,decomposition,IEK
270300021_,,2026-09-01,,,1.0,0.0,,,,0.0,insufficient_history,,decomposition,IEK
270300025_,шт,2026-09-01,6.333333333333333,6.333333333333333,1.0,0.0,2.0,0.0,6.333333333333333,0.0,forecast,neutral_seasonality_insufficient_evidence;unstable_trend_disabled,decomposition,IEK
270300030_,шт,2026-09-01,,,1.0,0.0,,,,0.0,insufficient_history,,decomposition,IEK
270300035_,,2026-09-01,,,1.0,0.0,,,,0.0,insufficient_history,,decomposition,IEK
270300078_,м,2026-09-01,42.56145541397765,46.79500848646763,0.9095298150503753,0.0,2.0,0.0,46.79500848646763,0.0,forecast,unstable_trend_disabled,decomposition,IEK
270300079_,м,2026-09-01,189.3181320914412,148.16576982073806,1.2777454085413407,0.0,2.0,0.0,148.16576982073806,0.0,forecast,unstable_trend_disabled,decomposition,IEK
270300098_,шт,2026-09-01,4.2,4.2,1.0,0.0,23.200000000000728,0.0,4.2,0.0,forecast,neutral_seasonality_insufficient_evidence;insufficient_recent_history;all_known_history_stale,decomposition,IEK
270300099_,шт,2026-09-01,2.0,2.0,1.0,0.0,2.5,0.0,2.0,0.0,forecast,neutral_seasonality_insufficient_evidence;insufficient_recent_history,decomposition,IEK
270300100_,шт,2026-09-01,9.0,9.0,1.0,0.0,2.0,0.0,9.0,0.0,forecast,neutral_seasonality_insufficient_evidence;unstable_trend_disabled,decomposition,IEK
270300101_,шт,2026-09-01,12.333333333333334,12.333333333333334,1.0,0.0,2.0,0.0,12.333333333333334,0.0,forecast,neutral_seasonality_insufficient_evidence;unstable_trend_disabled,decomposition,IEK
270300105_,м,2026-09-01,372.50058457742654,280.1559715218653,1.329618578372348,0.0,3.0,0.0,280.1559715218653,0.0,forecast,unstable_trend_disabled,decomposition,IEK
270300106_,шт,2026-09-01,,,1.0,0.0,,,,0.0,insufficient_history,,decomposition,IEK
270300112_,,2026-09-01,,,1.0,0.0,,,,0.0,insufficient_history,,decomposition,IEK
270300113_,шт,2026-09-01,4.555555555555555,4.555555555555555,1.0,0.0,18.66666666666788,0.0,4.555555555555555,0.0,forecast,neutral_seasonality_insufficient_evidence;insufficient_recent_history;all_known_history_stale,decomposition,IEK
270300130_,шт,2026-09-01,,,1.0,0.0,,,,0.0,insufficient_history,,decomposition,IEK
270300132_,шт,2026-09-01,6.0,6.0,1.0,0.0,2.5,0.0,6.0,0.0,forecast,neutral_seasonality_insufficient_evidence;unstable_trend_disabled,decomposition,IEK
270300133_,шт,2026-09-01,,,1.0,0.0,,,,0.0,insufficient_history,,decomposition,IEK
270300134_,шт,2026-09-01,4.4375,4.4375,1.0,0.0,21.5625,0.0,4.4375,0.0,forecast,neutral_seasonality_insufficient_evidence;insufficient_recent_history;all_known_history_stale,decomposition,IEK
270300150_,м,2026-09-01,60.30862984327484,77.38204468041836,0.7793620612164572,0.0,2.0,0.0,77.38204468041836,0.0,forecast,unstable_trend_disabled,decomposition,IEK
270300151_,м,2026-09-01,32.0,32.0,1.0,0.0,6.0,0.0,32.0,0.0,forecast,neutral_seasonality_insufficient_evidence;insufficient_recent_history;6_calendar_months,decomposition,IEK
270300153_,м,2026-09-01,30.465167345696702,27.123767577373332,1.1231908420831171,0.0,2.0,0.0,27.123767577373332,0.0,forecast,unstable_trend_disabled,decomposition,IEK
270300184_,шт,2026-09-01,,,1.0,0.0,,,,0.0,insufficient_history,,decomposition,IEK
270300200_,м,2026-09-01,57.881751135375744,66.5735918403388,0.8694401118418185,0.0,2.0,0.0,66.5735918403388,0.0,forecast,unstable_trend_disabled,decomposition,IEK
270300212_,шт,2026-09-01,1.0,1.0,1.0,0.0,2.5,0.0,1.0,0.0,forecast,neutral_seasonality_insufficient_evidence;insufficient_recent_history,decomposition,IEK
270300217_,,2026-09-01,,,1.0,0.0,,,,0.0,insufficient_history,,decomposition,IEK
270300221_,шт,2026-09-01,1.2,1.2,1.0,0.0,16.0,0.0,1.2,0.0,forecast,neutral_seasonality_insufficient_evidence;insufficient_recent_history;all_known_history_stale,decomposition,IEK
270300222_,шт,2026-09-01,,,1.0,0.0,,,,0.0,insufficient_history,,decomposition,IEK
270300224_,шт,2026-09-01,17.0,17.0,1.0,0.0,2.0,0.0,17.0,0.0,forecast,neutral_seasonality_insufficient_evidence;unstable_trend_disabled,decomposition,IEK
270300231_,шт,2026-09-01,3.3333333333333335,3.3333333333333335,1.0,0.0,2.0,0.0,3.3333333333333335,0.0,forecast,neutral_seasonality_insufficient_evidence;unstable_trend_disabled,decomposition,IEK
270300234_,,2026-09-01,,,1.0,0.0,,,,0.0,insufficient_history,,decomposition,IEK
270300244_,шт,2026-09-01,3.5384615384615383,3.5384615384615383,1.0,0.0,20.46153846153902,0.0,3.5384615384615383,0.0,forecast,neutral_seasonality_insufficient_evidence;insufficient_recent_history;all_known_history_stale,decomposition,IEK
270300251_,шт,2026-09-01,1.3333333333333333,1.3333333333333333,1.0,0.0,16.0,0.0,1.3333333333333333,0.0,forecast,neutral_seasonality_insufficient_evidence;insufficient_recent_history;all_known_history_stale,decomposition,IEK
270300253_,шт,2026-09-01,1.6666666666666667,1.6666666666666667,1.0,0.0,18.83333333333212,0.0,1.6666666666666667,0.0,forecast,neutral_seasonality_insufficient_evidence;insufficient_recent_history;all_known_history_stale,decomposition,IEK
270300254_,шт,2026-09-01,2.0,2.0,1.0,0.0,1.0,0.0,2.0,0.0,forecast,neutral_seasonality_insufficient_evidence;insufficient_recent_history,decomposition,IEK
270300259_,шт,2026-09-01,,,1.0,0.0,,,,0.0,insufficient_history,,decomposition,IEK
270300260_,шт,2026-09-01,1.0,1.0,1.0,0.0,4.0,0.0,1.0,0.0,forecast,neutral_seasonality_insufficient_evidence;insufficient_recent_history;6_calendar_months,decomposition,IEK
270300261_,шт,2026-09-01,4.0,4.0,1.0,0.0,1.0,0.0,4.0,0.0,forecast,neutral_seasonality_insufficient_evidence;insufficient_recent_history,decomposition,IEK
270300262_,шт,2026-09-01,5.0,5.0,1.0,0.0,4.0,0.0,5.0,0.0,forecast,neutral_seasonality_insufficient_evidence;insufficient_recent_history;6_calendar_months,decomposition,IEK
270300263_,шт,2026-09-01,3.5,3.5,1.0,0.0,2.5,0.0,3.5,0.0,forecast,neutral_seasonality_insufficient_evidence;insufficient_recent_history,decomposition,IEK
270300264_,шт,2026-09-01,1.75,1.75,1.0,0.0,21.75,0.0,1.75,0.0,forecast,neutral_seasonality_insufficient_evidence;insufficient_recent_history;all_known_history_stale,decomposition,IEK
270300265_,шт,2026-09-01,1.0,1.0,1.0,0.0,5.0,0.0,1.0,0.0,forecast,neutral_seasonality_insufficient_evidence;insufficient_recent_history;6_calendar_months,decomposition,IEK
270300266_,шт,2026-09-01,5.4,5.4,1.0,0.0,22.400000000001455,0.0,5.4,0.0,forecast,neutral_seasonality_insufficient_evidence;insufficient_recent_history;all_known_history_stale,decomposition,IEK
270300267_,шт,2026-09-01,1.0,1.0,1.0,0.0,3.0,0.0,1.0,0.0,forecast,neutral_seasonality_insufficient_evidence;insufficient_recent_history,decomposition,IEK
270300268_,шт,2026-09-01,,,1.0,0.0,,,,0.0,insufficient_history,,decomposition,IEK
270300269_,шт,2026-09-01,,,1.0,0.0,,,,0.0,insufficient_history,,decomposition,IEK
270300270_,шт,2026-09-01,,,1.0,0.0,,,,0.0,insufficient_history,,decomposition,IEK
270300271_,шт,2026-09-01,,,1.0,0.0,,,,0.0,insufficient_history,,decomposition,IEK
270300272_,шт,2026-09-01,2.0,2.0,1.0,0.0,21.33333333333212,0.0,2.0,0.0,forecast,neutral_seasonality_insufficient_evidence;insufficient_recent_history;all_known_history_stale,decomposition,IEK
270300273_,шт,2026-09-01,1.0,1.0,1.0,0.0,1.0,0.0,1.0,0.0,forecast,neutral_seasonality_insufficient_evidence;insufficient_recent_history,decomposition,IEK
270300274_,шт,2026-09-01,,,1.0,0.0,,,,0.0,insufficient_history,,decomposition,IEK
270300275_,шт,2026-09-01,,,1.0,0.0,,,,0.0,insufficient_history,,decomposition,IEK
270300276_,шт,2026-09-01,1.5,1.5,1.0,0.0,20.0,0.0,1.5,0.0,forecast,neutral_seasonality_insufficient_evidence;insufficient_recent_history;all_known_history_stale,decomposition,IEK
270300277_,шт,2026-09-01,,,1.0,0.0,,,,0.0,insufficient_history,,decomposition,IEK
270300278_,шт,2026-09-01,,,1.0,0.0,,,,0.0,insufficient_history,,decomposition,IEK
270300279_,шт,2026-09-01,,,1.0,0.0,,,,0.0,insufficient_history,,decomposition,IEK
270300280_,,2026-09-01,,,1.0,0.0,,,,0.0,insufficient_history,,decomposition,IEK
270300281_,шт,2026-09-01,1.0,1.0,1.0,0.0,1.5,0.0,1.0,0.0,forecast,neutral_seasonality_insufficient_evidence;insufficient_recent_history,decomposition,IEK
270300282_,шт,2026-09-01,2.0,2.0,1.0,0.0,2.0,0.0,2.0,0.0,forecast,neutral_seasonality_insufficient_evidence;insufficient_recent_history,decomposition,IEK
270300283_,шт,2026-09-01,1.3333333333333333,1.3333333333333333,1.0,0.0,16.33333333333212,0.0,1.3333333333333333,0.0,forecast,neutral_seasonality_insufficient_evidence;insufficient_recent_history;all_known_history_stale,decomposition,IEK
270300284_,шт,2026-09-01,2.5,2.5,1.0,0.0,1.5,0.0,2.5,0.0,forecast,neutral_seasonality_insufficient_evidence;insufficient_recent_history,decomposition,IEK
270300285_,шт,2026-09-01,1.0,1.0,1.0,0.0,2.0,0.0,1.0,0.0,forecast,neutral_seasonality_insufficient_evidence;insufficient_recent_history,decomposition,IEK
270300286_,шт,2026-09-01,4.333333333333333,4.333333333333333,1.0,0.0,2.0,0.0,4.333333333333333,0.0,forecast,neutral_seasonality_insufficient_evidence;unstable_trend_disabled,decomposition,IEK
270300287_,шт,2026-09-01,11.0,11.0,1.0,0.0,2.0,0.0,11.0,0.0,forecast,neutral_seasonality_insufficient_evidence;unstable_trend_disabled,decomposition,IEK
270300288_,шт,2026-09-01,5.0,5.0,1.0,0.0,2.0,0.0,5.0,0.0,forecast,neutral_seasonality_insufficient_evidence;unstable_trend_disabled,decomposition,IEK
270300289_,шт,2026-09-01,3.3333333333333335,3.3333333333333335,1.0,0.0,2.0,0.0,3.3333333333333335,0.0,forecast,neutral_seasonality_insufficient_evidence;insufficient_recent_history,decomposition,IEK
270300290_,шт,2026-09-01,1.0,1.0,1.0,0.0,4.0,0.0,1.0,0.0,forecast,neutral_seasonality_insufficient_evidence;insufficient_recent_history;6_calendar_months,decomposition,IEK
270300291_,шт,2026-09-01,4.0,4.0,1.0,0.0,6.0,0.0,4.0,0.0,forecast,neutral_seasonality_insufficient_evidence;insufficient_recent_history;6_calendar_months,decomposition,IEK
270300292_,шт,2026-09-01,2.5,2.5,1.0,0.0,17.66666666666788,0.0,2.5,0.0,forecast,neutral_seasonality_insufficient_evidence;insufficient_recent_history;all_known_history_stale,decomposition,IEK
270300293_,шт,2026-09-01,,,1.0,0.0,,,,0.0,insufficient_history,,decomposition,IEK
270300294_,,2026-09-01,,,1.0,0.0,,,,0.0,insufficient_history,,decomposition,IEK
270300295_,шт,2026-09-01,4.666666666666667,4.666666666666667,1.0,0.0,2.0,0.0,4.666666666666667,0.0,forecast,neutral_seasonality_insufficient_evidence;unstable_trend_disabled,decomposition,IEK
270300296_,шт,2026-09-01,6.0,6.0,1.0,0.0,3.0,0.0,6.0,0.0,forecast,neutral_seasonality_insufficient_evidence;insufficient_recent_history,decomposition,IEK
270300297_,шт,2026-09-01,2.5,2.5,1.0,0.0,2.0,0.0,2.5,0.0,forecast,neutral_seasonality_insufficient_evidence;insufficient_recent_history,decomposition,IEK
270300298_,шт,2026-09-01,4.0,4.0,1.0,0.0,6.0,0.0,4.0,0.0,forecast,neutral_seasonality_insufficient_evidence;insufficient_recent_history;6_calendar_months,decomposition,IEK
270300299_,шт,2026-09-01,7.666666666666667,7.666666666666667,1.0,0.0,2.0,0.0,7.666666666666667,0.0,forecast,neutral_seasonality_insufficient_evidence;unstable_trend_disabled,decomposition,IEK
270300300_,шт,2026-09-01,1.0,1.0,1.0,0.0,2.0,0.0,1.0,0.0,forecast,neutral_seasonality_insufficient_evidence;insufficient_recent_history,decomposition,IEK
270300301_,шт,2026-09-01,,,1.0,0.0,,,,0.0,insufficient_history,,decomposition,IEK
270300302_,шт,2026-09-01,,,1.0,0.0,,,,0.0,insufficient_history,,decomposition,IEK
270300303_,шт,2026-09-01,,,1.0,0.0,,,,0.0,insufficient_history,,decomposition,IEK
270300304_,шт,2026-09-01,2.857142857142857,2.857142857142857,1.0,0.0,23.714285714286234,0.0,2.857142857142857,0.0,forecast,neutral_seasonality_insufficient_evidence;insufficient_recent_history;all_known_history_stale,decomposition,IEK
270300305_,шт,2026-09-01,2.0,2.0,1.0,0.0,3.0,0.0,2.0,0.0,forecast,neutral_seasonality_insufficient_evidence;insufficient_recent_history,decomposition,IEK
270300306_,,2026-09-01,,,1.0,0.0,,,,0.0,insufficient_history,,decomposition,IEK
270300307_,шт,2026-09-01,,,1.0,0.0,,,,0.0,insufficient_history,,decomposition,IEK
270300314_,,2026-09-01,,,1.0,0.0,,,,0.0,insufficient_history,,decomposition,IEK
270400021_,шт,2026-09-01,,,1.0,0.0,,,,0.0,insufficient_history,,decomposition,IEK
270400022_,шт,2026-09-01,,,1.0,0.0,,,,0.0,insufficient_history,,decomposition,IEK
270400035_,шт,2026-09-01,11.0,11.0,1.0,0.0,1.5,0.0,11.0,0.0,forecast,neutral_seasonality_insufficient_evidence;unstable_trend_disabled,decomposition,IEK
270400043_,шт,2026-09-01,7.666666666666667,7.666666666666667,1.0,0.0,2.0,0.0,7.666666666666667,0.0,forecast,neutral_seasonality_insufficient_evidence;insufficient_recent_history,decomposition,IEK
270400046_,шт,2026-09-01,4.333333333333333,4.333333333333333,1.0,0.0,2.0,0.0,4.333333333333333,0.0,forecast,neutral_seasonality_insufficient_evidence;insufficient_recent_history,decomposition,IEK
270400047_,шт,2026-09-01,2.5,2.5,1.0,0.0,2.0,0.0,2.5,0.0,forecast,neutral_seasonality_insufficient_evidence;unstable_trend_disabled,decomposition,IEK
280100001_,м,2026-09-01,22.0,22.0,1.0,0.0,2.0,0.0,22.0,0.0,forecast,neutral_seasonality_insufficient_evidence;unstable_trend_disabled,decomposition,IEK
280100002_,м,2026-09-01,193.2207046357029,127.28265249979067,1.5180442962250544,0.0,2.0,0.0,127.28265249979067,0.0,forecast,unstable_trend_disabled,decomposition,IEK
280100003_,м,2026-09-01,64.0,64.0,1.0,0.0,2.5,0.0,64.0,0.0,forecast,neutral_seasonality_insufficient_evidence;unstable_trend_disabled,decomposition,IEK
280100004_,м,2026-09-01,206.7235751349916,212.95613615060958,0.9707331231291212,0.0,2.0,0.0,212.95613615060958,0.0,forecast,unstable_trend_disabled,decomposition,IEK
280100005_,м,2026-09-01,93.92713212570196,67.99377476920193,1.381407819238279,0.0,2.5,0.0,67.99377476920193,0.0,forecast,unstable_trend_disabled,decomposition,IEK
280100006_,м,2026-09-01,32.4691391652914,37.868593198542094,0.8574160385377462,0.0,2.0,0.0,37.868593198542094,0.0,forecast,unstable_trend_disabled,decomposition,IEK
280100007_,м,2026-09-01,1145.7465018206751,1079.5439242615114,1.0613245798261068,0.0,2.0,0.0,1079.5439242615114,0.0,forecast,unstable_trend_disabled,decomposition,IEK
280100009_,м,2026-09-01,64.0,64.0,1.0,0.0,2.0,0.0,64.0,0.0,forecast,neutral_seasonality_insufficient_evidence;insufficient_recent_history,decomposition,IEK
280100010_,м,2026-09-01,2387.4133671079485,977.4769365645035,2.4424242432756404,0.0,2.0,0.0,977.4769365645035,0.0,forecast,unstable_trend_disabled,decomposition,IEK
280100011_,м,2026-09-01,92.37017316021443,111.06432736067279,0.8316817411611332,0.0,2.0,0.0,111.06432736067279,0.0,forecast,unstable_trend_disabled,decomposition,IEK
280100012_,м,2026-09-01,232.49633512073805,294.48712405837045,0.7894957576299833,0.0,2.0,0.0,294.48712405837045,0.0,forecast,unstable_trend_disabled,decomposition,IEK
280100013_,м,2026-09-01,10.0,10.0,1.0,0.0,1.5,0.0,10.0,0.0,forecast,neutral_seasonality_insufficient_evidence;unstable_trend_disabled,decomposition,IEK
280100014_,м,2026-09-01,13.0,13.0,1.0,0.0,2.0,0.0,13.0,0.0,forecast,neutral_seasonality_insufficient_evidence;unstable_trend_disabled,decomposition,IEK
280100015_,м,2026-09-01,5.0,5.0,1.0,0.0,5.0,0.0,5.0,0.0,forecast,neutral_seasonality_insufficient_evidence;insufficient_recent_history;6_calendar_months,decomposition,IEK
280100016_,м,2026-09-01,206.47889874727764,275.49738362231625,0.7494768045795414,0.0,2.0,0.0,275.49738362231625,0.0,forecast,unstable_trend_disabled,decomposition,IEK
280100020_,м,2026-09-01,267.3181543787414,194.33241854019886,1.3755715921553509,0.0,2.0,0.0,194.33241854019886,0.0,forecast,unstable_trend_disabled,decomposition,IEK
280100103_,м,2026-09-01,1052.247240011331,922.4113241372771,1.1407570706002426,0.0,2.0,0.0,922.4113241372771,0.0,forecast,unstable_trend_disabled,decomposition,IEK
280100116_,шт,2026-09-01,16.0,16.0,1.0,0.0,2.0,0.0,16.0,0.0,forecast,neutral_seasonality_insufficient_evidence;unstable_trend_disabled,decomposition,IEK
280100117_,шт,2026-09-01,14.690702918330032,15.076994065762165,0.9743787690207196,0.0,2.0,0.0,15.076994065762165,0.0,forecast,unstable_trend_disabled,decomposition,IEK
280100118_,шт,2026-09-01,52.0,52.0,1.0,0.0,2.0,0.0,52.0,0.0,forecast,neutral_seasonality_insufficient_evidence;unstable_trend_disabled,decomposition,IEK
280100119_,шт,2026-09-01,3.6666666666666665,3.6666666666666665,1.0,0.0,2.0,0.0,3.6666666666666665,0.0,forecast,neutral_seasonality_insufficient_evidence;insufficient_recent_history,decomposition,IEK
280100120_,шт,2026-09-01,11.932285456648277,10.85375491955073,1.09936934683819,0.0,2.0,0.0,10.85375491955073,0.0,forecast,unstable_trend_disabled,decomposition,IEK
280100121_,шт,2026-09-01,32.0,32.0,1.0,0.0,5.5,0.0,32.0,0.0,forecast,neutral_seasonality_insufficient_evidence;insufficient_recent_history;6_calendar_months,decomposition,IEK
280100122_,м,2026-09-01,327.81538349554364,210.5139124693292,1.5572148161148478,-0.0,2.0,-0.0,210.5139124693292,0.0,forecast,,decomposition,IEK
280100123_,м,2026-09-01,330.2536041306789,255.56443110766574,1.2922518313651703,0.0,2.0,0.0,255.56443110766574,0.0,forecast,unstable_trend_disabled,decomposition,IEK
280100124_,шт,2026-09-01,7.1847066724319735,7.226551374319766,0.9942095890943927,0.0,2.0,0.0,7.226551374319766,0.0,forecast,unstable_trend_disabled,decomposition,IEK
280100125_,шт,2026-09-01,6.0,6.0,1.0,0.0,2.0,0.0,6.0,0.0,forecast,neutral_seasonality_insufficient_evidence;unstable_trend_disabled,decomposition,IEK
280100126_,шт,2026-09-01,49.810345761861925,60.530818562244654,0.8228923207215723,0.0,2.0,0.0,60.530818562244654,0.0,forecast,unstable_trend_disabled,decomposition,IEK
280100127_,шт,2026-09-01,23.991730323461727,32.35506392264988,0.7415139213082044,0.0,2.0,0.0,32.35506392264988,0.0,forecast,unstable_trend_disabled,decomposition,IEK
280100128_,шт,2026-09-01,105.56724594539598,115.5532064590614,0.9135812772343684,0.0,2.0,0.0,115.5532064590614,0.0,forecast,unstable_trend_disabled,decomposition,IEK
280100129_,шт,2026-09-01,148.92533967477527,146.56065049977914,1.016134543391643,0.0,2.0,0.0,146.56065049977914,0.0,forecast,unstable_trend_disabled,decomposition,IEK
280100130_,шт,2026-09-01,35.92236619000565,34.91050196891956,1.0289845222502654,0.0,2.0,0.0,34.91050196891956,0.0,forecast,unstable_trend_disabled,decomposition,IEK
280100131_,шт,2026-09-01,442.43649634129343,455.7849163094643,0.9707133354121187,0.0,2.0,0.0,455.7849163094643,0.0,forecast,unstable_trend_disabled,decomposition,IEK
280100132_,шт,2026-09-01,106.11988291537399,60.21036936279658,1.7624851672300896,0.0,2.0,0.0,60.21036936279658,0.0,forecast,unstable_trend_disabled,decomposition,IEK
280100133_,шт,2026-09-01,6.0,6.0,1.0,0.0,3.0,0.0,6.0,0.0,forecast,neutral_seasonality_insufficient_evidence;insufficient_recent_history,decomposition,IEK
280100134_,шт,2026-09-01,77.5,77.5,1.0,0.0,2.5,0.0,77.5,0.0,forecast,neutral_seasonality_insufficient_evidence;unstable_trend_disabled,decomposition,IEK
280100135_,шт,2026-09-01,2.0,2.0,1.0,-0.0,2.0,-0.0,2.0,0.0,forecast,neutral_seasonality_insufficient_evidence,decomposition,IEK
280100136_,шт,2026-09-01,12.5,12.5,1.0,0.0,1.5,0.0,12.5,0.0,forecast,neutral_seasonality_insufficient_evidence,decomposition,IEK
280100137_,шт,2026-09-01,5.0,5.0,1.0,0.0,3.0,0.0,5.0,0.0,forecast,neutral_seasonality_insufficient_evidence;unstable_trend_disabled,decomposition,IEK
280100138_,шт,2026-09-01,47.5,47.5,1.0,0.0,2.5,0.0,47.5,0.0,forecast,neutral_seasonality_insufficient_evidence;unstable_trend_disabled,decomposition,IEK
280100139_,шт,2026-09-01,24.753660170442878,33.22373550961738,0.7450595121453866,0.0,2.0,0.0,33.22373550961738,0.0,forecast,unstable_trend_disabled,decomposition,IEK
280100140_,шт,2026-09-01,27.208729626397695,30.829903884895685,0.8825434463883589,0.0,2.0,0.0,30.829903884895685,0.0,forecast,unstable_trend_disabled,decomposition,IEK
280100141_,м,2026-09-01,42.0,42.0,1.0,0.0,4.5,0.0,42.0,0.0,forecast,neutral_seasonality_insufficient_evidence;insufficient_recent_history;6_calendar_months,decomposition,IEK
280100162_,м,2026-09-01,,,1.0,0.0,,,,0.0,insufficient_history,,decomposition,IEK
280100179_,,2026-09-01,,,1.0,0.0,,,,0.0,insufficient_history,,decomposition,IEK
280100180_,,2026-09-01,,,1.0,0.0,,,,0.0,insufficient_history,,decomposition,IEK
280100240_,м,2026-09-01,77.33333333333333,77.33333333333333,1.0,0.0,2.0,0.0,77.33333333333333,0.0,forecast,neutral_seasonality_insufficient_evidence;unstable_trend_disabled,decomposition,IEK
280100293_,шт,2026-09-01,,,1.0,0.0,,,,0.0,insufficient_history,,decomposition,IEK
280100294_,шт,2026-09-01,,,1.0,0.0,,,,0.0,insufficient_history,,decomposition,IEK
280100295_,шт,2026-09-01,,,1.0,0.0,,,,0.0,insufficient_history,,decomposition,IEK
280100296_,шт,2026-09-01,,,1.0,0.0,,,,0.0,insufficient_history,,decomposition,IEK
280100297_,шт,2026-09-01,,,1.0,0.0,,,,0.0,insufficient_history,,decomposition,IEK
280100298_,шт,2026-09-01,,,1.0,0.0,,,,0.0,insufficient_history,,decomposition,IEK
280100299_,шт,2026-09-01,,,1.0,0.0,,,,0.0,insufficient_history,,decomposition,IEK
280100300_,шт,2026-09-01,,,1.0,0.0,,,,0.0,insufficient_history,,decomposition,IEK
280100301_,шт,2026-09-01,,,1.0,0.0,,,,0.0,insufficient_history,,decomposition,IEK
280100302_,шт,2026-09-01,,,1.0,0.0,,,,0.0,insufficient_history,,decomposition,IEK
280100303_,шт,2026-09-01,,,1.0,0.0,,,,0.0,insufficient_history,,decomposition,IEK
280100304_,шт,2026-09-01,,,1.0,0.0,,,,0.0,insufficient_history,,decomposition,IEK
280100305_,шт,2026-09-01,,,1.0,0.0,,,,0.0,insufficient_history,,decomposition,IEK
280100306_,шт,2026-09-01,,,1.0,0.0,,,,0.0,insufficient_history,,decomposition,IEK
280100307_,шт,2026-09-01,,,1.0,0.0,,,,0.0,insufficient_history,,decomposition,IEK
280100308_,шт,2026-09-01,,,1.0,0.0,,,,0.0,insufficient_history,,decomposition,IEK
280100309_,шт,2026-09-01,,,1.0,0.0,,,,0.0,insufficient_history,,decomposition,IEK
280100310_,шт,2026-09-01,,,1.0,0.0,,,,0.0,insufficient_history,,decomposition,IEK
280100311_,шт,2026-09-01,,,1.0,0.0,,,,0.0,insufficient_history,,decomposition,IEK
280100312_,шт,2026-09-01,,,1.0,0.0,,,,0.0,insufficient_history,,decomposition,IEK
280100313_,шт,2026-09-01,,,1.0,0.0,,,,0.0,insufficient_history,,decomposition,IEK
280100314_,шт,2026-09-01,,,1.0,0.0,,,,0.0,insufficient_history,,decomposition,IEK
280100336_,м,2026-09-01,42.0,42.0,1.0,0.0,2.0,0.0,42.0,0.0,forecast,neutral_seasonality_insufficient_evidence;unstable_trend_disabled,decomposition,IEK
280100337_,м,2026-09-01,46.0254532036499,37.220581090204405,1.236559232971318,0.0,2.0,0.0,37.220581090204405,0.0,forecast,unstable_trend_disabled,decomposition,IEK
280100338_,м,2026-09-01,24.0,24.0,1.0,0.0,2.0,0.0,24.0,0.0,forecast,neutral_seasonality_insufficient_evidence;unstable_trend_disabled,decomposition,IEK
280100339_,м,2026-09-01,14.0,14.0,1.0,0.0,2.5,0.0,14.0,0.0,forecast,neutral_seasonality_insufficient_evidence;insufficient_recent_history,decomposition,IEK
280100340_,м,2026-09-01,46.0,46.0,1.0,0.0,2.5,0.0,46.0,0.0,forecast,neutral_seasonality_insufficient_evidence;insufficient_recent_history,decomposition,IEK
280100341_,м,2026-09-01,58.16972953341598,39.6009690647927,1.4688966181166476,0.0,2.0,0.0,39.6009690647927,0.0,forecast,unstable_trend_disabled,decomposition,IEK
280100342_,м,2026-09-01,14.0,14.0,1.0,0.0,1.0,0.0,14.0,0.0,forecast,neutral_seasonality_insufficient_evidence;insufficient_recent_history,decomposition,IEK
280100343_,м,2026-09-01,8.0,8.0,1.0,0.0,6.0,0.0,8.0,0.0,forecast,neutral_seasonality_insufficient_evidence;insufficient_recent_history;6_calendar_months,decomposition,IEK
280100344_,м,2026-09-01,30.666666666666668,30.666666666666668,1.0,0.0,2.0,0.0,30.666666666666668,0.0,forecast,neutral_seasonality_insufficient_evidence;unstable_trend_disabled,decomposition,IEK
280100345_,шт,2026-09-01,,,1.0,0.0,,,,0.0,insufficient_history,,decomposition,IEK
280100346_,шт,2026-09-01,,,1.0,0.0,,,,0.0,insufficient_history,,decomposition,IEK
280100347_,шт,2026-09-01,,,1.0,0.0,,,,0.0,insufficient_history,,decomposition,IEK
280100348_,шт,2026-09-01,,,1.0,0.0,,,,0.0,insufficient_history,,decomposition,IEK
280100349_,шт,2026-09-01,,,1.0,0.0,,,,0.0,insufficient_history,,decomposition,IEK
280100350_,шт,2026-09-01,,,1.0,0.0,,,,0.0,insufficient_history,,decomposition,IEK
280100351_,шт,2026-09-01,,,1.0,0.0,,,,0.0,insufficient_history,,decomposition,IEK
280100352_,шт,2026-09-01,,,1.0,0.0,,,,0.0,insufficient_history,,decomposition,IEK
280100353_,шт,2026-09-01,,,1.0,0.0,,,,0.0,insufficient_history,,decomposition,IEK
280100354_,шт,2026-09-01,,,1.0,0.0,,,,0.0,insufficient_history,,decomposition,IEK
280100355_,шт,2026-09-01,,,1.0,0.0,,,,0.0,insufficient_history,,decomposition,IEK
280100356_,шт,2026-09-01,8.0,8.0,1.0,0.0,4.0,0.0,8.0,0.0,forecast,neutral_seasonality_insufficient_evidence;insufficient_recent_history;6_calendar_months,decomposition,IEK
280100357_,шт,2026-09-01,,,1.0,0.0,,,,0.0,insufficient_history,,decomposition,IEK
280100358_,шт,2026-09-01,4.0,4.0,1.0,0.0,5.0,0.0,4.0,0.0,forecast,neutral_seasonality_insufficient_evidence;insufficient_recent_history;6_calendar_months,decomposition,IEK
280100359_,шт,2026-09-01,,,1.0,0.0,,,,0.0,insufficient_history,,decomposition,IEK
280100360_,шт,2026-09-01,12.0,12.0,1.0,0.0,1.0,0.0,12.0,0.0,forecast,neutral_seasonality_insufficient_evidence;insufficient_recent_history,decomposition,IEK
280100361_,шт,2026-09-01,,,1.0,0.0,,,,0.0,insufficient_history,,decomposition,IEK
280100362_,шт,2026-09-01,,,1.0,0.0,,,,0.0,insufficient_history,,decomposition,IEK
280100363_,шт,2026-09-01,,,1.0,0.0,,,,0.0,insufficient_history,,decomposition,IEK
280100364_,шт,2026-09-01,,,1.0,0.0,,,,0.0,insufficient_history,,decomposition,IEK
280100365_,шт,2026-09-01,,,1.0,0.0,,,,0.0,insufficient_history,,decomposition,IEK
280100366_,шт,2026-09-01,,,1.0,0.0,,,,0.0,insufficient_history,,decomposition,IEK
280100367_,шт,2026-09-01,,,1.0,0.0,,,,0.0,insufficient_history,,decomposition,IEK
280100368_,шт,2026-09-01,,,1.0,0.0,,,,0.0,insufficient_history,,decomposition,IEK
280100369_,шт,2026-09-01,,,1.0,0.0,,,,0.0,insufficient_history,,decomposition,IEK
280100370_,шт,2026-09-01,,,1.0,0.0,,,,0.0,insufficient_history,,decomposition,IEK
280100371_,шт,2026-09-01,,,1.0,0.0,,,,0.0,insufficient_history,,decomposition,IEK
280100372_,шт,2026-09-01,,,1.0,0.0,,,,0.0,insufficient_history,,decomposition,IEK
280100373_,м,2026-09-01,36.0,36.0,1.0,0.0,4.0,0.0,36.0,0.0,forecast,neutral_seasonality_insufficient_evidence;insufficient_recent_history;6_calendar_months,decomposition,IEK
280100374_,м,2026-09-01,20.0,20.0,1.0,0.0,4.0,0.0,20.0,0.0,forecast,neutral_seasonality_insufficient_evidence;insufficient_recent_history;6_calendar_months,decomposition,IEK
280100375_,м,2026-09-01,19.333333333333332,19.333333333333332,1.0,0.0,2.0,0.0,19.333333333333332,0.0,forecast,neutral_seasonality_insufficient_evidence;unstable_trend_disabled,decomposition,IEK
280100376_,м,2026-09-01,90.0,90.0,1.0,0.0,2.0,0.0,90.0,0.0,forecast,neutral_seasonality_insufficient_evidence;insufficient_recent_history,decomposition,IEK
280100377_,м,2026-09-01,2.0,2.0,1.0,0.0,3.0,0.0,2.0,0.0,forecast,neutral_seasonality_insufficient_evidence;unstable_trend_disabled,decomposition,IEK
280100378_,м,2026-09-01,9.142857142857142,9.142857142857142,1.0,0.0,15.714285714286234,0.0,9.142857142857142,0.0,forecast,neutral_seasonality_insufficient_evidence;insufficient_recent_history;all_known_history_stale,decomposition,IEK
280100379_,м,2026-09-01,4.0,4.0,1.0,0.0,1.0,0.0,4.0,0.0,forecast,neutral_seasonality_insufficient_evidence;unstable_trend_disabled,decomposition,IEK
280100380_,шт,2026-09-01,,,1.0,0.0,,,,0.0,insufficient_history,,decomposition,IEK
280100381_,шт,2026-09-01,,,1.0,0.0,,,,0.0,insufficient_history,,decomposition,IEK
280100382_,шт,2026-09-01,,,1.0,0.0,,,,0.0,insufficient_history,,decomposition,IEK
280100383_,шт,2026-09-01,,,1.0,0.0,,,,0.0,insufficient_history,,decomposition,IEK
280100384_,шт,2026-09-01,,,1.0,0.0,,,,0.0,insufficient_history,,decomposition,IEK
280100385_,шт,2026-09-01,,,1.0,0.0,,,,0.0,insufficient_history,,decomposition,IEK
280100386_,шт,2026-09-01,,,1.0,0.0,,,,0.0,insufficient_history,,decomposition,IEK
280100387_,шт,2026-09-01,,,1.0,0.0,,,,0.0,insufficient_history,,decomposition,IEK
280100388_,шт,2026-09-01,,,1.0,0.0,,,,0.0,insufficient_history,,decomposition,IEK
280100389_,шт,2026-09-01,,,1.0,0.0,,,,0.0,insufficient_history,,decomposition,IEK
280100390_,шт,2026-09-01,,,1.0,0.0,,,,0.0,insufficient_history,,decomposition,IEK
280100391_,шт,2026-09-01,,,1.0,0.0,,,,0.0,insufficient_history,,decomposition,IEK
280100392_,шт,2026-09-01,,,1.0,0.0,,,,0.0,insufficient_history,,decomposition,IEK
280100393_,шт,2026-09-01,,,1.0,0.0,,,,0.0,insufficient_history,,decomposition,IEK
280100394_,шт,2026-09-01,,,1.0,0.0,,,,0.0,insufficient_history,,decomposition,IEK
280100395_,шт,2026-09-01,,,1.0,0.0,,,,0.0,insufficient_history,,decomposition,IEK
280100396_,шт,2026-09-01,,,1.0,0.0,,,,0.0,insufficient_history,,decomposition,IEK
280100397_,шт,2026-09-01,,,1.0,0.0,,,,0.0,insufficient_history,,decomposition,IEK
280100398_,шт,2026-09-01,,,1.0,0.0,,,,0.0,insufficient_history,,decomposition,IEK
280100399_,шт,2026-09-01,,,1.0,0.0,,,,0.0,insufficient_history,,decomposition,IEK
280100400_,шт,2026-09-01,,,1.0,0.0,,,,0.0,insufficient_history,,decomposition,IEK
280100401_,м,2026-09-01,4.0,4.0,1.0,0.0,2.0,0.0,4.0,0.0,forecast,neutral_seasonality_insufficient_evidence;insufficient_recent_history,decomposition,IEK
280100402_,м,2026-09-01,10.444444444444445,10.444444444444445,1.0,0.0,19.222222222222626,0.0,10.444444444444445,0.0,forecast,neutral_seasonality_insufficient_evidence;insufficient_recent_history;all_known_history_stale,decomposition,IEK
280100403_,м,2026-09-01,16.0,16.0,1.0,0.0,2.5,0.0,16.0,0.0,forecast,neutral_seasonality_insufficient_evidence;insufficient_recent_history,decomposition,IEK
280100404_,м,2026-09-01,10.0,10.0,1.0,0.0,3.0,0.0,10.0,0.0,forecast,neutral_seasonality_insufficient_evidence;insufficient_recent_history,decomposition,IEK
280100405_,м,2026-09-01,16.0,16.0,1.0,0.0,2.0,0.0,16.0,0.0,forecast,neutral_seasonality_insufficient_evidence;unstable_trend_disabled,decomposition,IEK
280100406_,м,2026-09-01,44.0,44.0,1.0,0.0,2.5,0.0,44.0,0.0,forecast,neutral_seasonality_insufficient_evidence;insufficient_recent_history,decomposition,IEK
280100407_,м,2026-09-01,15.0,15.0,1.0,0.0,2.5,0.0,15.0,0.0,forecast,neutral_seasonality_insufficient_evidence;insufficient_recent_history,decomposition,IEK
280100408_,м,2026-09-01,9.555555555555555,9.555555555555555,1.0,0.0,17.444444444445253,0.0,9.555555555555555,0.0,forecast,neutral_seasonality_insufficient_evidence;insufficient_recent_history;all_known_history_stale,decomposition,IEK
280100409_,м,2026-09-01,2.0,2.0,1.0,0.0,2.0,0.0,2.0,0.0,forecast,neutral_seasonality_insufficient_evidence;insufficient_recent_history,decomposition,IEK
280100410_,м,2026-09-01,12.0,12.0,1.0,0.0,3.0,0.0,12.0,0.0,forecast,neutral_seasonality_insufficient_evidence;insufficient_recent_history,decomposition,IEK
280100411_,м,2026-09-01,16.11111111111111,16.11111111111111,1.0,0.0,19.388888888890506,0.0,16.11111111111111,0.0,forecast,neutral_seasonality_insufficient_evidence;insufficient_recent_history;all_known_history_stale,decomposition,IEK
280100412_,м,2026-09-01,6.0,6.0,1.0,0.0,5.0,0.0,6.0,0.0,forecast,neutral_seasonality_insufficient_evidence;insufficient_recent_history;6_calendar_months,decomposition,IEK
280100413_,м,2026-09-01,2.0,2.0,1.0,0.0,6.0,0.0,2.0,0.0,forecast,neutral_seasonality_insufficient_evidence;insufficient_recent_history;6_calendar_months,decomposition,IEK
280100414_,м,2026-09-01,2.0,2.0,1.0,0.0,1.5,0.0,2.0,0.0,forecast,neutral_seasonality_insufficient_evidence;insufficient_recent_history,decomposition,IEK
280100415_,м,2026-09-01,2.0,2.0,1.0,0.0,3.0,0.0,2.0,0.0,forecast,neutral_seasonality_insufficient_evidence;insufficient_recent_history,decomposition,IEK
280100416_,м,2026-09-01,7.777777777777778,7.777777777777778,1.0,0.0,15.888888888890506,0.0,7.777777777777778,0.0,forecast,neutral_seasonality_insufficient_evidence;insufficient_recent_history;all_known_history_stale,decomposition,IEK
280100417_,м,2026-09-01,3.0,3.0,1.0,0.0,24.75,0.0,3.0,0.0,forecast,neutral_seasonality_insufficient_evidence;insufficient_recent_history;all_known_history_stale,decomposition,IEK
280100418_,м,2026-09-01,,,1.0,0.0,,,,0.0,insufficient_history,,decomposition,IEK
280100419_,м,2026-09-01,9.0,9.0,1.0,0.0,5.5,0.0,9.0,0.0,forecast,neutral_seasonality_insufficient_evidence;insufficient_recent_history;6_calendar_months,decomposition,IEK
280100420_,шт,2026-09-01,,,1.0,0.0,,,,0.0,insufficient_history,,decomposition,IEK
280100421_,шт,2026-09-01,,,1.0,0.0,,,,0.0,insufficient_history,,decomposition,IEK
280100422_,шт,2026-09-01,,,1.0,0.0,,,,0.0,insufficient_history,,decomposition,IEK
280100423_,шт,2026-09-01,4.0,4.0,1.0,0.0,5.0,0.0,4.0,0.0,forecast,neutral_seasonality_insufficient_evidence;insufficient_recent_history;6_calendar_months,decomposition,IEK
280100424_,шт,2026-09-01,2.6666666666666665,2.6666666666666665,1.0,0.0,21.33333333333212,0.0,2.6666666666666665,0.0,forecast,neutral_seasonality_insufficient_evidence;insufficient_recent_history;all_known_history_stale,decomposition,IEK
280100425_,шт,2026-09-01,3.0,3.0,1.0,0.0,17.599999999998545,0.0,3.0,0.0,forecast,neutral_seasonality_insufficient_evidence;insufficient_recent_history;all_known_history_stale,decomposition,IEK
280100426_,шт,2026-09-01,,,1.0,0.0,,,,0.0,insufficient_history,,decomposition,IEK
280100427_,,2026-09-01,,,1.0,0.0,,,,0.0,insufficient_history,,decomposition,IEK
280100428_,шт,2026-09-01,,,1.0,0.0,,,,0.0,insufficient_history,,decomposition,IEK
280100429_,шт,2026-09-01,,,1.0,0.0,,,,0.0,insufficient_history,,decomposition,IEK
280100430_,шт,2026-09-01,,,1.0,0.0,,,,0.0,insufficient_history,,decomposition,IEK
280100431_,шт,2026-09-01,3.25,3.25,1.0,0.0,22.75,0.0,3.25,0.0,forecast,neutral_seasonality_insufficient_evidence;insufficient_recent_history;all_known_history_stale,decomposition,IEK
280100432_,шт,2026-09-01,,,1.0,0.0,,,,0.0,insufficient_history,,decomposition,IEK
280100433_,шт,2026-09-01,1.0,1.0,1.0,0.0,6.0,0.0,1.0,0.0,forecast,neutral_seasonality_insufficient_evidence;insufficient_recent_history;6_calendar_months,decomposition,IEK
280100434_,шт,2026-09-01,,,1.0,0.0,,,,0.0,insufficient_history,,decomposition,IEK
280100435_,шт,2026-09-01,,,1.0,0.0,,,,0.0,insufficient_history,,decomposition,IEK
280100436_,,2026-09-01,,,1.0,0.0,,,,0.0,insufficient_history,,decomposition,IEK
280100437_,шт,2026-09-01,,,1.0,0.0,,,,0.0,insufficient_history,,decomposition,IEK
280100438_,шт,2026-09-01,4.0,4.0,1.0,0.0,26.0,0.0,4.0,0.0,forecast,neutral_seasonality_insufficient_evidence;insufficient_recent_history;all_known_history_stale,decomposition,IEK
280100439_,шт,2026-09-01,5.0,5.0,1.0,0.0,21.33333333333212,0.0,5.0,0.0,forecast,neutral_seasonality_insufficient_evidence;insufficient_recent_history;all_known_history_stale,decomposition,IEK
280100440_,шт,2026-09-01,,,1.0,0.0,,,,0.0,insufficient_history,,decomposition,IEK
280100441_,шт,2026-09-01,,,1.0,0.0,,,,0.0,insufficient_history,,decomposition,IEK
280100442_,шт,2026-09-01,4.0,4.0,1.0,0.0,6.0,0.0,4.0,0.0,forecast,neutral_seasonality_insufficient_evidence;insufficient_recent_history;6_calendar_months,decomposition,IEK
280100443_,шт,2026-09-01,,,1.0,0.0,,,,0.0,insufficient_history,,decomposition,IEK
280100444_,шт,2026-09-01,5.6,5.6,1.0,0.0,12.0,0.0,5.6,0.0,forecast,neutral_seasonality_insufficient_evidence;insufficient_recent_history;all_known_history_stale,decomposition,IEK
280100445_,шт,2026-09-01,5.0,5.0,1.0,0.0,28.0,0.0,5.0,0.0,forecast,neutral_seasonality_insufficient_evidence;insufficient_recent_history;all_known_history_stale,decomposition,IEK
280100446_,шт,2026-09-01,,,1.0,0.0,,,,0.0,insufficient_history,,decomposition,IEK
280100447_,шт,2026-09-01,2.0,2.0,1.0,0.0,21.5,0.0,2.0,0.0,forecast,neutral_seasonality_insufficient_evidence;insufficient_recent_history;all_known_history_stale,decomposition,IEK
280100448_,шт,2026-09-01,,,1.0,0.0,,,,0.0,insufficient_history,,decomposition,IEK
280100449_,шт,2026-09-01,,,1.0,0.0,,,,0.0,insufficient_history,,decomposition,IEK
280100450_,шт,2026-09-01,,,1.0,0.0,,,,0.0,insufficient_history,,decomposition,IEK
280100451_,шт,2026-09-01,,,1.0,0.0,,,,0.0,insufficient_history,,decomposition,IEK
280100452_,шт,2026-09-01,,,1.0,0.0,,,,0.0,insufficient_history,,decomposition,IEK
280100453_,шт,2026-09-01,,,1.0,0.0,,,,0.0,insufficient_history,,decomposition,IEK
280100454_,шт,2026-09-01,,,1.0,0.0,,,,0.0,insufficient_history,,decomposition,IEK
280100455_,шт,2026-09-01,,,1.0,0.0,,,,0.0,insufficient_history,,decomposition,IEK
280100456_,шт,2026-09-01,,,1.0,0.0,,,,0.0,insufficient_history,,decomposition,IEK
280100457_,шт,2026-09-01,,,1.0,0.0,,,,0.0,insufficient_history,,decomposition,IEK
280100458_,шт,2026-09-01,,,1.0,0.0,,,,0.0,insufficient_history,,decomposition,IEK
280100459_,шт,2026-09-01,4.5,4.5,1.0,0.0,5.5,0.0,4.5,0.0,forecast,neutral_seasonality_insufficient_evidence;insufficient_recent_history;6_calendar_months,decomposition,IEK
280100460_,шт,2026-09-01,,,1.0,0.0,,,,0.0,insufficient_history,,decomposition,IEK
280100461_,шт,2026-09-01,,,1.0,0.0,,,,0.0,insufficient_history,,decomposition,IEK
280200031_,шт,2026-09-01,6.333333333333333,6.333333333333333,1.0,0.0,2.0,0.0,6.333333333333333,0.0,forecast,neutral_seasonality_insufficient_evidence;unstable_trend_disabled,decomposition,IEK
280200032_,шт,2026-09-01,31.934352962384665,38.19056306716356,0.8361843973398231,0.0,2.0,0.0,38.19056306716356,0.0,forecast,unstable_trend_disabled,decomposition,IEK
280200033_,шт,2026-09-01,17.5,17.5,1.0,0.0,2.5,0.0,17.5,0.0,forecast,neutral_seasonality_insufficient_evidence;unstable_trend_disabled,decomposition,IEK
280200034_,шт,2026-09-01,49.0,49.0,1.0,0.0,2.0,0.0,49.0,0.0,forecast,neutral_seasonality_insufficient_evidence;insufficient_recent_history,decomposition,IEK
280200035_,шт,2026-09-01,19.0,19.0,1.0,0.0,2.0,0.0,19.0,0.0,forecast,neutral_seasonality_insufficient_evidence;insufficient_recent_history,decomposition,IEK
280200036_,шт,2026-09-01,52.61481556138508,68.7726957674501,0.7650538483949832,0.0,2.0,0.0,68.7726957674501,0.0,forecast,unstable_trend_disabled,decomposition,IEK
280200037_,шт,2026-09-01,23.726339672792108,24.567374678161524,0.9657661831438167,0.0,2.0,0.0,24.567374678161524,0.0,forecast,unstable_trend_disabled,decomposition,IEK
280200038_,шт,2026-09-01,49.0,49.0,1.0,0.0,2.0,0.0,49.0,0.0,forecast,neutral_seasonality_insufficient_evidence;insufficient_recent_history,decomposition,IEK
280200039_,шт,2026-09-01,20.0,20.0,1.0,0.0,2.0,0.0,20.0,0.0,forecast,neutral_seasonality_insufficient_evidence;unstable_trend_disabled,decomposition,IEK
280200040_,шт,2026-09-01,1.5,1.5,1.0,0.0,2.0,0.0,1.5,0.0,forecast,neutral_seasonality_insufficient_evidence;insufficient_recent_history,decomposition,IEK
280200041_,шт,2026-09-01,215.9117032852872,162.0657319254519,1.3322477288696892,0.0,2.0,0.0,162.0657319254519,0.0,forecast,unstable_trend_disabled,decomposition,IEK
280200042_,шт,2026-09-01,85.26234122041689,89.63724453882509,0.9511932418168736,0.0,2.0,0.0,89.63724453882509,0.0,forecast,,decomposition,IEK
280200043_,шт,2026-09-01,42.588069747198496,33.667472778823125,1.2649618825558666,0.0,1.5,0.0,33.667472778823125,0.0,forecast,unstable_trend_disabled,decomposition,IEK
280200044_,шт,2026-09-01,32.00397616176728,24.476408278959813,1.3075438110451132,0.0,2.0,0.0,24.476408278959813,0.0,forecast,unstable_trend_disabled,decomposition,IEK
280200045_,шт,2026-09-01,17.333333333333332,17.333333333333332,1.0,0.0,2.0,0.0,17.333333333333332,0.0,forecast,neutral_seasonality_insufficient_evidence;unstable_trend_disabled,decomposition,IEK
280200046_,шт,2026-09-01,11.0,11.0,1.0,0.0,5.0,0.0,11.0,0.0,forecast,neutral_seasonality_insufficient_evidence;insufficient_recent_history;6_calendar_months,decomposition,IEK
280200047_,шт,2026-09-01,7.0,7.0,1.0,0.0,2.0,0.0,7.0,0.0,forecast,neutral_seasonality_insufficient_evidence;insufficient_recent_history,decomposition,IEK
280200048_,шт,2026-09-01,3.0,3.0,1.0,0.0,2.0,0.0,3.0,0.0,forecast,neutral_seasonality_insufficient_evidence;insufficient_recent_history,decomposition,IEK
280200049_,шт,2026-09-01,65.54067599747111,84.14730109537972,0.7788803104116403,0.0,2.0,0.0,84.14730109537972,0.0,forecast,unstable_trend_disabled,decomposition,IEK
280200050_,шт,2026-09-01,7.666666666666667,7.666666666666667,1.0,0.0,2.0,0.0,7.666666666666667,0.0,forecast,neutral_seasonality_insufficient_evidence;unstable_trend_disabled,decomposition,IEK
280200051_,шт,2026-09-01,27.333333333333332,27.333333333333332,1.0,-0.0,2.0,-0.0,27.333333333333332,0.0,forecast,neutral_seasonality_insufficient_evidence,decomposition,IEK
280200052_,шт,2026-09-01,9.410863636243826,10.112143769987002,0.9306497069568388,0.0,2.0,0.0,10.112143769987002,0.0,forecast,unstable_trend_disabled,decomposition,IEK
280200053_,шт,2026-09-01,35.878405887994234,39.37225020590706,0.9112612487312539,0.0,2.0,0.0,39.37225020590706,0.0,forecast,unstable_trend_disabled,decomposition,IEK
280200054_,шт,2026-09-01,87.0,87.0,1.0,-0.0,2.0,-0.0,87.0,0.0,forecast,neutral_seasonality_insufficient_evidence,decomposition,IEK
280200055_,шт,2026-09-01,1.5,1.5,1.0,0.0,2.0,0.0,1.5,0.0,forecast,neutral_seasonality_insufficient_evidence;insufficient_recent_history,decomposition,IEK
280200056_,шт,2026-09-01,60.64116170310677,74.55381009970051,0.8133878284961101,0.0,2.0,0.0,74.55381009970051,0.0,forecast,,decomposition,IEK
280200057_,шт,2026-09-01,95.16169200993464,103.70632295519984,0.9176074254512292,0.0,2.0,0.0,103.70632295519984,0.0,forecast,unstable_trend_disabled,decomposition,IEK
280200058_,шт,2026-09-01,18.0,18.0,1.0,-0.0,1.5,-0.0,18.0,0.0,forecast,neutral_seasonality_insufficient_evidence,decomposition,IEK
280200059_,шт,2026-09-01,52.666666666666664,52.666666666666664,1.0,0.0,2.0,0.0,52.666666666666664,0.0,forecast,neutral_seasonality_insufficient_evidence;unstable_trend_disabled,decomposition,IEK
280200060_,,2026-09-01,,,1.0,0.0,,,,0.0,insufficient_history,,decomposition,IEK
280200061_,шт,2026-09-01,69.5,69.5,1.0,0.0,1.5,0.0,69.5,0.0,forecast,neutral_seasonality_insufficient_evidence;insufficient_recent_history,decomposition,IEK
280200062_,шт,2026-09-01,23.0,23.0,1.0,0.0,2.0,0.0,23.0,0.0,forecast,neutral_seasonality_insufficient_evidence;insufficient_recent_history,decomposition,IEK
280200063_,шт,2026-09-01,15.0,15.0,1.0,0.0,6.0,0.0,15.0,0.0,forecast,neutral_seasonality_insufficient_evidence;insufficient_recent_history;6_calendar_months,decomposition,IEK
280200064_,шт,2026-09-01,174.66666666666666,174.66666666666666,1.0,0.0,2.0,0.0,174.66666666666666,0.0,forecast,neutral_seasonality_insufficient_evidence;unstable_trend_disabled,decomposition,IEK
280200065_,шт,2026-09-01,63.333333333333336,63.333333333333336,1.0,0.0,2.0,0.0,63.333333333333336,0.0,forecast,neutral_seasonality_insufficient_evidence;insufficient_recent_history,decomposition,IEK
280200066_,,2026-09-01,,,1.0,0.0,,,,0.0,insufficient_history,,decomposition,IEK
280200067_,шт,2026-09-01,27.35824806979385,22.37965204969717,1.2224608322346122,0.0,2.0,0.0,22.37965204969717,0.0,forecast,unstable_trend_disabled,decomposition,IEK
280200068_,,2026-09-01,,,1.0,0.0,,,,0.0,insufficient_history,,decomposition,IEK
280200069_,шт,2026-09-01,20.0,20.0,1.0,0.0,6.0,0.0,20.0,0.0,forecast,neutral_seasonality_insufficient_evidence;insufficient_recent_history;6_calendar_months,decomposition,IEK
280200070_,шт,2026-09-01,2.5,2.5,1.0,0.0,2.5,0.0,2.5,0.0,forecast,neutral_seasonality_insufficient_evidence;insufficient_recent_history,decomposition,IEK
280200071_,шт,2026-09-01,9.0,9.0,1.0,0.0,6.0,0.0,9.0,0.0,forecast,neutral_seasonality_insufficient_evidence;insufficient_recent_history;6_calendar_months,decomposition,IEK
280200072_,шт,2026-09-01,27.333333333333332,27.333333333333332,1.0,0.0,2.0,0.0,27.333333333333332,0.0,forecast,neutral_seasonality_insufficient_evidence;unstable_trend_disabled,decomposition,IEK
280200073_,шт,2026-09-01,31.005659843364988,28.365216958973907,1.0930873501940808,0.0,2.0,0.0,28.365216958973907,0.0,forecast,unstable_trend_disabled,decomposition,IEK
280200080_,шт,2026-09-01,62.5,62.5,1.0,-0.0,2.0,-0.0,62.5,0.0,forecast,neutral_seasonality_insufficient_evidence,decomposition,IEK
280200081_,шт,2026-09-01,40.54059015302468,44.57972285903876,0.909395293488346,-0.0,2.0,-0.0,44.57972285903876,0.0,forecast,,decomposition,IEK
280200082_,шт,2026-09-01,4.333333333333333,4.333333333333333,1.0,0.0,2.0,0.0,4.333333333333333,0.0,forecast,neutral_seasonality_insufficient_evidence;unstable_trend_disabled,decomposition,IEK
280200083_,шт,2026-09-01,109.66666666666667,109.66666666666667,1.0,0.0,2.0,0.0,109.66666666666667,0.0,forecast,neutral_seasonality_insufficient_evidence;unstable_trend_disabled,decomposition,IEK
280200084_,шт,2026-09-01,44.333333333333336,44.333333333333336,1.0,0.0,2.0,0.0,44.333333333333336,0.0,forecast,neutral_seasonality_insufficient_evidence;unstable_trend_disabled,decomposition,IEK
280200085_,шт,2026-09-01,4.731297195720988,2.8786199309317646,1.6435991236222494,0.0,2.0,0.0,2.8786199309317646,0.0,forecast,unstable_trend_disabled,decomposition,IEK
280200086_,шт,2026-09-01,158.1995467073715,91.54714670211867,1.7280663833481367,0.0,2.0,0.0,91.54714670211867,0.0,forecast,unstable_trend_disabled,decomposition,IEK
280200087_,шт,2026-09-01,42.75331841060159,49.504439055991526,0.8636259540734489,0.0,2.0,0.0,49.504439055991526,0.0,forecast,unstable_trend_disabled,decomposition,IEK
280200088_,шт,2026-09-01,2.0,2.0,1.0,0.0,3.0,0.0,2.0,0.0,forecast,neutral_seasonality_insufficient_evidence;insufficient_recent_history,decomposition,IEK
280200108_,шт,2026-09-01,87.0,87.0,1.0,0.0,2.0,0.0,87.0,0.0,forecast,neutral_seasonality_insufficient_evidence;unstable_trend_disabled,decomposition,IEK
280200109_,шт,2026-09-01,18.0,18.0,1.0,-0.0,2.5,-0.0,18.0,0.0,forecast,neutral_seasonality_insufficient_evidence,decomposition,IEK
280200166_,шт,2026-09-01,9.139123123166085,12.155657245745115,0.7518411335894719,0.0,2.0,0.0,12.155657245745115,0.0,forecast,unstable_trend_disabled,decomposition,IEK
280200167_,шт,2026-09-01,14.529036994828116,17.668171763808786,0.822328262881685,0.0,2.0,0.0,17.668171763808786,0.0,forecast,unstable_trend_disabled,decomposition,IEK
280200168_,,2026-09-01,,,1.0,0.0,,,,0.0,insufficient_history,,decomposition,IEK
280200252_,шт,2026-09-01,994.6203744699818,911.193116260537,1.091558262151742,0.0,2.0,0.0,911.193116260537,0.0,forecast,unstable_trend_disabled,decomposition,IEK
280200257_,шт,2026-09-01,,,1.0,0.0,,,,0.0,insufficient_history,,decomposition,IEK
280300001_,,2026-09-01,,,1.0,0.0,,,,0.0,insufficient_history,,decomposition,IEK
280300002_,,2026-09-01,,,1.0,0.0,,,,0.0,insufficient_history,,decomposition,IEK
280300003_,шт,2026-09-01,25.0,25.0,1.0,0.0,2.0,0.0,25.0,0.0,forecast,neutral_seasonality_insufficient_evidence;unstable_trend_disabled,decomposition,IEK
280300004_,шт,2026-09-01,61.35879137175935,44.306829197544936,1.3848608100161515,0.0,2.0,0.0,44.306829197544936,0.0,forecast,insufficient_recent_history,decomposition,IEK
280300005_,м,2026-09-01,133.3684723827557,112.56022191053249,1.1848632680269808,-0.0,2.0,-0.0,112.56022191053249,0.0,forecast,,decomposition,IEK
280300007_,м,2026-09-01,43.72712841870635,59.276641945775516,0.737678906620699,-0.0,2.0,-0.0,59.276641945775516,0.0,forecast,,decomposition,IEK
280300009_,м,2026-09-01,3.0,3.0,1.0,-0.0,2.0,-0.0,3.0,0.0,forecast,neutral_seasonality_insufficient_evidence,decomposition,IEK
280300011_,м,2026-09-01,62.42083803267068,42.392506158212676,1.4724498193079327,0.0,2.0,0.0,42.392506158212676,0.0,forecast,unstable_trend_disabled,decomposition,IEK
280300012_,м,2026-09-01,326.0,326.0,1.0,0.0,2.0,0.0,326.0,0.0,forecast,neutral_seasonality_insufficient_evidence;unstable_trend_disabled,decomposition,IEK
280300013_,м,2026-09-01,234.0,234.0,1.0,0.0,2.0,0.0,234.0,0.0,forecast,neutral_seasonality_insufficient_evidence;unstable_trend_disabled,decomposition,IEK
280300017_,шт,2026-09-01,50.666666666666664,50.666666666666664,1.0,0.0,5.0,0.0,50.666666666666664,0.0,forecast,neutral_seasonality_insufficient_evidence;insufficient_recent_history;6_calendar_months,decomposition,IEK
280300018_,,2026-09-01,,,1.0,0.0,,,,0.0,insufficient_history,,decomposition,IEK
280300020_,шт,2026-09-01,5.5,5.5,1.0,0.0,2.0,0.0,5.5,0.0,forecast,neutral_seasonality_insufficient_evidence;unstable_trend_disabled,decomposition,IEK
280300021_,шт,2026-09-01,4.0,4.0,1.0,0.0,2.0,0.0,4.0,0.0,forecast,neutral_seasonality_insufficient_evidence;unstable_trend_disabled,decomposition,IEK
280300022_,шт,2026-09-01,2.6666666666666665,2.6666666666666665,1.0,-0.0,2.0,-0.0,2.6666666666666665,0.0,forecast,neutral_seasonality_insufficient_evidence,decomposition,IEK
280300023_,,2026-09-01,,,1.0,0.0,,,,0.0,insufficient_history,,decomposition,IEK
280300024_,шт,2026-09-01,,,1.0,0.0,,,,0.0,insufficient_history,,decomposition,IEK
280300028_,м,2026-09-01,16.5,16.5,1.0,0.0,2.0,0.0,16.5,0.0,forecast,neutral_seasonality_insufficient_evidence;insufficient_recent_history,decomposition,IEK
280300030_,м,2026-09-01,51.53016781416424,48.96121804319538,1.0524690739658975,0.0,2.0,0.0,48.96121804319538,0.0,forecast,unstable_trend_disabled,decomposition,IEK
280300031_,м,2026-09-01,3.0,3.0,1.0,0.0,2.0,0.0,3.0,0.0,forecast,neutral_seasonality_insufficient_evidence;insufficient_recent_history,decomposition,IEK
280300032_,,2026-09-01,,,1.0,0.0,,,,0.0,insufficient_history,,decomposition,IEK
280300034_,м,2026-09-01,55.0,55.0,1.0,0.0,2.0,0.0,55.0,0.0,forecast,neutral_seasonality_insufficient_evidence;unstable_trend_disabled,decomposition,IEK
280300035_,м,2026-09-01,12.0,12.0,1.0,0.0,1.0,0.0,12.0,0.0,forecast,neutral_seasonality_insufficient_evidence;insufficient_recent_history,decomposition,IEK
280300036_,м,2026-09-01,45.0,45.0,1.0,0.0,5.5,0.0,45.0,0.0,forecast,neutral_seasonality_insufficient_evidence;insufficient_recent_history;6_calendar_months,decomposition,IEK
280300037_,м,2026-09-01,33.0,33.0,1.0,0.0,2.0,0.0,33.0,0.0,forecast,neutral_seasonality_insufficient_evidence;unstable_trend_disabled,decomposition,IEK
280300038_,м,2026-09-01,10.5,10.5,1.0,0.0,22.0,0.0,10.5,0.0,forecast,neutral_seasonality_insufficient_evidence;insufficient_recent_history;all_known_history_stale,decomposition,IEK
280300039_,шт,2026-09-01,,,1.0,0.0,,,,0.0,insufficient_history,,decomposition,IEK
280300040_,шт,2026-09-01,3.5,3.5,1.0,0.0,2.5,0.0,3.5,0.0,forecast,neutral_seasonality_insufficient_evidence;insufficient_recent_history,decomposition,IEK
280300045_,,2026-09-01,,,1.0,0.0,,,,0.0,insufficient_history,,decomposition,IEK
280300048_,шт,2026-09-01,19.5,19.5,1.0,0.0,5.5,0.0,19.5,0.0,forecast,neutral_seasonality_insufficient_evidence;insufficient_recent_history;6_calendar_months,decomposition,IEK
280300049_,шт,2026-09-01,,,1.0,0.0,,,,0.0,insufficient_history,,decomposition,IEK
280300054_,шт,2026-09-01,3.3333333333333335,3.3333333333333335,1.0,0.0,27.0,0.0,3.3333333333333335,0.0,forecast,neutral_seasonality_insufficient_evidence;insufficient_recent_history;all_known_history_stale,decomposition,IEK
280300055_,шт,2026-09-01,,,1.0,0.0,,,,0.0,insufficient_history,,decomposition,IEK
280300056_,шт,2026-09-01,7.0,7.0,1.0,0.0,1.0,0.0,7.0,0.0,forecast,neutral_seasonality_insufficient_evidence;insufficient_recent_history,decomposition,IEK
280300057_,шт,2026-09-01,1.5,1.5,1.0,0.0,2.5,0.0,1.5,0.0,forecast,neutral_seasonality_insufficient_evidence;insufficient_recent_history,decomposition,IEK
280300058_,шт,2026-09-01,,,1.0,0.0,,,,0.0,insufficient_history,,decomposition,IEK
280300063_,,2026-09-01,,,1.0,0.0,,,,0.0,insufficient_history,,decomposition,IEK
280300064_,,2026-09-01,,,1.0,0.0,,,,0.0,insufficient_history,,decomposition,IEK
280300065_,,2026-09-01,,,1.0,0.0,,,,0.0,insufficient_history,,decomposition,IEK
280300066_,,2026-09-01,,,1.0,0.0,,,,0.0,insufficient_history,,decomposition,IEK
280300068_,,2026-09-01,,,1.0,0.0,,,,0.0,insufficient_history,,decomposition,IEK
280300069_,,2026-09-01,,,1.0,0.0,,,,0.0,insufficient_history,,decomposition,IEK
280300070_,,2026-09-01,,,1.0,0.0,,,,0.0,insufficient_history,,decomposition,IEK
280300071_,шт,2026-09-01,2.5,2.5,1.0,0.0,2.0,0.0,2.5,0.0,forecast,neutral_seasonality_insufficient_evidence;unstable_trend_disabled,decomposition,IEK
280300072_,шт,2026-09-01,13.248358542916367,8.62361809383411,1.536287715754591,0.0,2.0,0.0,8.62361809383411,0.0,forecast,unstable_trend_disabled,decomposition,IEK
280300073_,шт,2026-09-01,10.812459240025332,9.522075783927091,1.1355149323928255,0.0,2.0,0.0,9.522075783927091,0.0,forecast,unstable_trend_disabled,decomposition,IEK
280300074_,шт,2026-09-01,,,1.0,0.0,,,,0.0,insufficient_history,,decomposition,IEK
280300078_,шт,2026-09-01,14.25,14.25,1.0,0.0,18.75,0.0,14.25,0.0,forecast,neutral_seasonality_insufficient_evidence;insufficient_recent_history;all_known_history_stale,decomposition,IEK
280300080_,шт,2026-09-01,,,1.0,0.0,,,,0.0,insufficient_history,,decomposition,IEK
280300081_,шт,2026-09-01,,,1.0,0.0,,,,0.0,insufficient_history,,decomposition,IEK
280300082_,шт,2026-09-01,19.5,19.5,1.0,0.0,1.5,0.0,19.5,0.0,forecast,neutral_seasonality_insufficient_evidence;insufficient_recent_history,decomposition,IEK
280300083_,м,2026-09-01,75.0,75.0,1.0,0.0,1.0,0.0,75.0,0.0,forecast,neutral_seasonality_insufficient_evidence;unstable_trend_disabled,decomposition,IEK
280300084_,м,2026-09-01,82.5,82.5,1.0,0.0,2.0,0.0,82.5,0.0,forecast,neutral_seasonality_insufficient_evidence;unstable_trend_disabled,decomposition,IEK
280300085_,м,2026-09-01,222.87539185882474,186.90646540005324,1.1924434576502416,0.0,2.0,0.0,186.90646540005324,0.0,forecast,unstable_trend_disabled,decomposition,IEK
280300086_,м,2026-09-01,74.0,74.0,1.0,-0.0,2.0,-0.0,74.0,0.0,forecast,neutral_seasonality_insufficient_evidence,decomposition,IEK
280300088_,м,2026-09-01,135.0,135.0,1.0,0.0,2.0,0.0,135.0,0.0,forecast,neutral_seasonality_insufficient_evidence;insufficient_recent_history,decomposition,IEK
280300092_,шт,2026-09-01,40.0,40.0,1.0,0.0,3.0,0.0,40.0,0.0,forecast,neutral_seasonality_insufficient_evidence;insufficient_recent_history,decomposition,IEK
280300103_,м,2026-09-01,197.25986049388015,173.02617292283722,1.1400579297436706,0.0,2.0,0.0,173.02617292283722,0.0,forecast,unstable_trend_disabled,decomposition,IEK
280300104_,шт,2026-09-01,60.0,60.0,1.0,0.0,4.0,0.0,60.0,0.0,forecast,neutral_seasonality_insufficient_evidence;insufficient_recent_history;6_calendar_months,decomposition,IEK
280300107_,,2026-09-01,,,1.0,0.0,,,,0.0,insufficient_history,,decomposition,IEK
280300111_,,2026-09-01,,,1.0,0.0,,,,0.0,insufficient_history,,decomposition,IEK
280300122_,шт,2026-09-01,2.0,2.0,1.0,0.0,1.0,0.0,2.0,0.0,forecast,neutral_seasonality_insufficient_evidence;insufficient_recent_history,decomposition,IEK
280300128_,м,2026-09-01,61.03392680757951,31.506203018448446,1.9372035015403513,0.0,3.0,0.0,31.506203018448446,0.0,forecast,insufficient_recent_history,decomposition,IEK
280300131_,шт,2026-09-01,,,1.0,0.0,,,,0.0,insufficient_history,,decomposition,IEK
280300139_,,2026-09-01,,,1.0,0.0,,,,0.0,insufficient_history,,decomposition,IEK
280300145_,шт,2026-09-01,6.0,6.0,1.0,0.0,2.0,0.0,6.0,0.0,forecast,neutral_seasonality_insufficient_evidence;insufficient_recent_history,decomposition,IEK
280300146_,шт,2026-09-01,38.75768518189202,50.802620481253264,0.7629072046823656,0.0,2.5,0.0,50.802620481253264,0.0,forecast,unstable_trend_disabled,decomposition,IEK
280300147_,шт,2026-09-01,1.0,1.0,1.0,0.0,4.0,0.0,1.0,0.0,forecast,neutral_seasonality_insufficient_evidence;insufficient_recent_history;6_calendar_months,decomposition,IEK
280300175_,,2026-09-01,,,1.0,0.0,,,,0.0,insufficient_history,,decomposition,IEK
280300176_,,2026-09-01,,,1.0,0.0,,,,0.0,insufficient_history,,decomposition,IEK
280300179_,шт,2026-09-01,110.0,110.0,1.0,0.0,4.0,0.0,110.0,0.0,forecast,neutral_seasonality_insufficient_evidence;insufficient_recent_history;6_calendar_months,decomposition,IEK
280300180_,шт,2026-09-01,12.0,12.0,1.0,0.0,2.5,0.0,12.0,0.0,forecast,neutral_seasonality_insufficient_evidence;insufficient_recent_history,decomposition,IEK
280300181_,шт,2026-09-01,48.76026606625565,31.559721122453897,1.5450157457685527,0.0,2.0,0.0,31.559721122453897,0.0,forecast,unstable_trend_disabled,decomposition,IEK
280300182_,шт,2026-09-01,18.020904106661664,15.765269525330448,1.1430761825991642,0.0,2.0,0.0,15.765269525330448,0.0,forecast,unstable_trend_disabled,decomposition,IEK
280300229_,шт,2026-09-01,19.0,19.0,1.0,0.0,1.5,0.0,19.0,0.0,forecast,neutral_seasonality_insufficient_evidence;unstable_trend_disabled,decomposition,IEK
280300231_,шт,2026-09-01,1.0,1.0,1.0,0.0,1.0,0.0,1.0,0.0,forecast,neutral_seasonality_insufficient_evidence;insufficient_recent_history,decomposition,IEK
280300232_,шт,2026-09-01,1.0,1.0,1.0,0.0,2.0,0.0,1.0,0.0,forecast,neutral_seasonality_insufficient_evidence;insufficient_recent_history,decomposition,IEK
280300235_,шт,2026-09-01,9.5,9.5,1.0,0.0,20.5,0.0,9.5,0.0,forecast,neutral_seasonality_insufficient_evidence;insufficient_recent_history;all_known_history_stale,decomposition,IEK
280300236_,шт,2026-09-01,5.5,5.5,1.0,0.0,1.5,0.0,5.5,0.0,forecast,neutral_seasonality_insufficient_evidence;insufficient_recent_history,decomposition,IEK
280300237_,шт,2026-09-01,17.0,17.0,1.0,0.0,1.0,0.0,17.0,0.0,forecast,neutral_seasonality_insufficient_evidence;insufficient_recent_history,decomposition,IEK
280300250_,шт,2026-09-01,1.0,1.0,1.0,0.0,3.0,0.0,1.0,0.0,forecast,neutral_seasonality_insufficient_evidence;insufficient_recent_history,decomposition,IEK
280300260_,шт,2026-09-01,,,1.0,0.0,,,,0.0,insufficient_history,,decomposition,IEK
280300269_,,2026-09-01,,,1.0,0.0,,,,0.0,insufficient_history,,decomposition,IEK
280300273_,шт,2026-09-01,,,1.0,0.0,,,,0.0,insufficient_history,,decomposition,IEK
280300274_,шт,2026-09-01,,,1.0,0.0,,,,0.0,insufficient_history,,decomposition,IEK
280300279_,,2026-09-01,,,1.0,0.0,,,,0.0,insufficient_history,,decomposition,IEK
280300280_,,2026-09-01,,,1.0,0.0,,,,0.0,insufficient_history,,decomposition,IEK
280300289_,м,2026-09-01,67.20707242492936,48.77993725086222,1.3777605346087531,0.0,2.0,0.0,48.77993725086222,0.0,forecast,unstable_trend_disabled,decomposition,IEK
280300295_,шт,2026-09-01,228.29784380735524,211.4882986222951,1.0794821524148763,0.0,2.0,0.0,211.4882986222951,0.0,forecast,unstable_trend_disabled,decomposition,IEK
280300354_,шт,2026-09-01,,,1.0,0.0,,,,0.0,insufficient_history,,decomposition,IEK
280300356_,шт,2026-09-01,,,1.0,0.0,,,,0.0,insufficient_history,,decomposition,IEK
280300395_,,2026-09-01,,,1.0,0.0,,,,0.0,insufficient_history,,decomposition,IEK
280300396_,шт,2026-09-01,221.33333333333334,221.33333333333334,1.0,0.0,2.0,0.0,221.33333333333334,0.0,forecast,neutral_seasonality_insufficient_evidence;unstable_trend_disabled,decomposition,IEK
280300397_,шт,2026-09-01,1.0,1.0,1.0,0.0,3.0,0.0,1.0,0.0,forecast,neutral_seasonality_insufficient_evidence;insufficient_recent_history,decomposition,IEK
280300398_,,2026-09-01,,,1.0,0.0,,,,0.0,insufficient_history,,decomposition,IEK
280300399_,шт,2026-09-01,4.5,4.5,1.0,0.0,2.5,0.0,4.5,0.0,forecast,neutral_seasonality_insufficient_evidence;insufficient_recent_history,decomposition,IEK
280300400_,шт,2026-09-01,2.6666666666666665,2.6666666666666665,1.0,0.0,2.0,0.0,2.6666666666666665,0.0,forecast,neutral_seasonality_insufficient_evidence;insufficient_recent_history,decomposition,IEK
280300401_,шт,2026-09-01,85.67517821824273,74.79337599158828,1.1454915235792844,-0.0,2.0,-0.0,74.79337599158828,0.0,forecast,,decomposition,IEK
280300402_,шт,2026-09-01,21.666666666666668,21.666666666666668,1.0,-0.0,2.0,-0.0,21.666666666666668,0.0,forecast,neutral_seasonality_insufficient_evidence,decomposition,IEK
280300403_,шт,2026-09-01,34.35324919623483,46.89407128346433,0.7325712666016351,0.0,1.5,0.0,46.89407128346433,0.0,forecast,unstable_trend_disabled,decomposition,IEK
280300404_,шт,2026-09-01,200.60605292810578,158.69280727756401,1.2641155977361518,0.0,2.0,0.0,158.69280727756401,0.0,forecast,unstable_trend_disabled,decomposition,IEK
280300487_,,2026-09-01,,,1.0,0.0,,,,0.0,insufficient_history,,decomposition,IEK
280300588_,,2026-09-01,,,1.0,0.0,,,,0.0,insufficient_history,,decomposition,IEK
280300589_,шт,2026-09-01,27.714285714285715,27.714285714285715,1.0,0.0,26.428571428572468,0.0,27.714285714285715,0.0,forecast,neutral_seasonality_insufficient_evidence;insufficient_recent_history;all_known_history_stale,decomposition,IEK
280300590_,шт,2026-09-01,4.0,4.0,1.0,0.0,21.5,0.0,4.0,0.0,forecast,neutral_seasonality_insufficient_evidence;insufficient_recent_history;all_known_history_stale,decomposition,IEK
280300591_,шт,2026-09-01,7.181818181818182,7.181818181818182,1.0,0.0,25.54545454545587,0.0,7.181818181818182,0.0,forecast,neutral_seasonality_insufficient_evidence;insufficient_recent_history;all_known_history_stale,decomposition,IEK
280300592_,шт,2026-09-01,10.9,10.9,1.0,0.0,27.5,0.0,10.9,0.0,forecast,neutral_seasonality_insufficient_evidence;insufficient_recent_history;all_known_history_stale,decomposition,IEK
280300626_,шт,2026-09-01,,,1.0,0.0,,,,0.0,insufficient_history,,decomposition,IEK
280300644_,шт,2026-09-01,7.666666666666667,7.666666666666667,1.0,0.0,5.0,0.0,7.666666666666667,0.0,forecast,neutral_seasonality_insufficient_evidence;insufficient_recent_history;6_calendar_months,decomposition,IEK
280300645_,шт,2026-09-01,50.38824401846611,48.880826432461305,1.0308386272496355,0.0,2.0,0.0,48.880826432461305,0.0,forecast,unstable_trend_disabled,decomposition,IEK
280300673_,шт,2026-09-01,,,1.0,0.0,,,,0.0,insufficient_history,,decomposition,IEK
280300678_,м,2026-09-01,,,1.0,0.0,,,,0.0,insufficient_history,,decomposition,IEK
280300685_,шт,2026-09-01,4.0,4.0,1.0,0.0,3.0,0.0,4.0,0.0,forecast,neutral_seasonality_insufficient_evidence;insufficient_recent_history,decomposition,IEK
280300696_,,2026-09-01,,,1.0,0.0,,,,0.0,insufficient_history,,decomposition,IEK
280300733_,шт,2026-09-01,,,1.0,0.0,,,,0.0,insufficient_history,,decomposition,IEK
280300734_,шт,2026-09-01,,,1.0,0.0,,,,0.0,insufficient_history,,decomposition,IEK
280300735_,шт,2026-09-01,,,1.0,0.0,,,,0.0,insufficient_history,,decomposition,IEK
280300736_,шт,2026-09-01,,,1.0,0.0,,,,0.0,insufficient_history,,decomposition,IEK
280300737_,шт,2026-09-01,,,1.0,0.0,,,,0.0,insufficient_history,,decomposition,IEK
280300738_,шт,2026-09-01,122.66666666666667,122.66666666666667,1.0,0.0,2.0,0.0,122.66666666666667,0.0,forecast,neutral_seasonality_insufficient_evidence;insufficient_recent_history,decomposition,IEK
280300739_,шт,2026-09-01,48.0,48.0,1.0,0.0,2.0,0.0,48.0,0.0,forecast,neutral_seasonality_insufficient_evidence;insufficient_recent_history,decomposition,IEK
280300740_,шт,2026-09-01,72.5,72.5,1.0,0.0,1.5,0.0,72.5,0.0,forecast,neutral_seasonality_insufficient_evidence;insufficient_recent_history,decomposition,IEK
280300741_,шт,2026-09-01,28.0,28.0,1.0,0.0,3.0,0.0,28.0,0.0,forecast,neutral_seasonality_insufficient_evidence;unstable_trend_disabled,decomposition,IEK
280300742_,шт,2026-09-01,105.0,105.0,1.0,0.0,3.0,0.0,105.0,0.0,forecast,neutral_seasonality_insufficient_evidence;insufficient_recent_history,decomposition,IEK
280300743_,шт,2026-09-01,,,1.0,0.0,,,,0.0,insufficient_history,,decomposition,IEK
280300744_,шт,2026-09-01,4.0,4.0,1.0,0.0,2.5,0.0,4.0,0.0,forecast,neutral_seasonality_insufficient_evidence;insufficient_recent_history,decomposition,IEK
280300745_,шт,2026-09-01,8.666666666666666,8.666666666666666,1.0,0.0,2.0,0.0,8.666666666666666,0.0,forecast,neutral_seasonality_insufficient_evidence;insufficient_recent_history,decomposition,IEK
280300746_,шт,2026-09-01,,,1.0,0.0,,,,0.0,insufficient_history,,decomposition,IEK
280300747_,шт,2026-09-01,,,1.0,0.0,,,,0.0,insufficient_history,,decomposition,IEK
280300748_,шт,2026-09-01,4.0,4.0,1.0,0.0,6.0,0.0,4.0,0.0,forecast,neutral_seasonality_insufficient_evidence;insufficient_recent_history;6_calendar_months,decomposition,IEK
280300950_,,2026-09-01,,,1.0,0.0,,,,0.0,insufficient_history,,decomposition,IEK
280300951_,,2026-09-01,,,1.0,0.0,,,,0.0,insufficient_history,,decomposition,IEK
280301023_,шт,2026-09-01,2.0,2.0,1.0,0.0,1.5,0.0,2.0,0.0,forecast,neutral_seasonality_insufficient_evidence;insufficient_recent_history,decomposition,IEK
280301024_,шт,2026-09-01,,,1.0,0.0,,,,0.0,insufficient_history,,decomposition,IEK
290100002_,шт,2026-09-01,26.285714285714285,26.285714285714285,1.0,0.0,24.285714285713766,0.0,26.285714285714285,0.0,forecast,neutral_seasonality_insufficient_evidence;insufficient_recent_history;all_known_history_stale,decomposition,IEK
290100003_,шт,2026-09-01,1.0,1.0,1.0,0.0,6.0,0.0,1.0,0.0,forecast,neutral_seasonality_insufficient_evidence;insufficient_recent_history;6_calendar_months,decomposition,IEK
290100004_,шт,2026-09-01,10.0,10.0,1.0,0.0,3.0,0.0,10.0,0.0,forecast,neutral_seasonality_insufficient_evidence;unstable_trend_disabled,decomposition,IEK
290100005_,шт,2026-09-01,5.857142857142857,5.857142857142857,1.0,0.0,22.571428571427532,0.0,5.857142857142857,0.0,forecast,neutral_seasonality_insufficient_evidence;insufficient_recent_history;all_known_history_stale,decomposition,IEK
290100009_,шт,2026-09-01,39.57142857142857,39.57142857142857,1.0,0.0,26.428571428572468,0.0,39.57142857142857,0.0,forecast,neutral_seasonality_insufficient_evidence;insufficient_recent_history;all_known_history_stale,decomposition,IEK
290100010_,шт,2026-09-01,10.333333333333334,10.333333333333334,1.0,0.0,21.0,0.0,10.333333333333334,0.0,forecast,neutral_seasonality_insufficient_evidence;insufficient_recent_history;all_known_history_stale,decomposition,IEK
290100011_,шт,2026-09-01,8.2,8.2,1.0,0.0,21.799999999999272,0.0,8.2,0.0,forecast,neutral_seasonality_insufficient_evidence;insufficient_recent_history;all_known_history_stale,decomposition,IEK
290100012_,,2026-09-01,,,1.0,0.0,,,,0.0,insufficient_history,,decomposition,IEK
290100013_,шт,2026-09-01,5.888888888888889,5.888888888888889,1.0,0.0,20.66666666666788,0.0,5.888888888888889,0.0,forecast,neutral_seasonality_insufficient_evidence;insufficient_recent_history;all_known_history_stale,decomposition,IEK
290100014_,шт,2026-09-01,8.5,8.5,1.0,0.0,20.0,0.0,8.5,0.0,forecast,neutral_seasonality_insufficient_evidence;insufficient_recent_history;all_known_history_stale,decomposition,IEK
290100015_,шт,2026-09-01,,,1.0,0.0,,,,0.0,insufficient_history,,decomposition,IEK
290100016_,шт,2026-09-01,9.8,9.8,1.0,0.0,26.200000000000728,0.0,9.8,0.0,forecast,neutral_seasonality_insufficient_evidence;insufficient_recent_history;all_known_history_stale,decomposition,IEK
290100017_,шт,2026-09-01,8.166666666666666,8.166666666666666,1.0,0.0,26.83333333333212,0.0,8.166666666666666,0.0,forecast,neutral_seasonality_insufficient_evidence;insufficient_recent_history;all_known_history_stale,decomposition,IEK
290100018_,,2026-09-01,,,1.0,0.0,,,,0.0,insufficient_history,,decomposition,IEK
290100019_,,2026-09-01,,,1.0,0.0,,,,0.0,insufficient_history,,decomposition,IEK
290100020_,,2026-09-01,,,1.0,0.0,,,,0.0,insufficient_history,,decomposition,IEK
290100022_,,2026-09-01,,,1.0,0.0,,,,0.0,insufficient_history,,decomposition,IEK
290100029_,шт,2026-09-01,2.0,2.0,1.0,0.0,2.0,0.0,2.0,0.0,forecast,neutral_seasonality_insufficient_evidence;insufficient_recent_history,decomposition,IEK
290100031_,шт,2026-09-01,1.0,1.0,1.0,0.0,1.0,0.0,1.0,0.0,forecast,neutral_seasonality_insufficient_evidence;insufficient_recent_history,decomposition,IEK
290100032_,шт,2026-09-01,1.6666666666666667,1.6666666666666667,1.0,0.0,2.0,0.0,1.6666666666666667,0.0,forecast,neutral_seasonality_insufficient_evidence;unstable_trend_disabled,decomposition,IEK
290100033_,шт,2026-09-01,3.0,3.0,1.0,0.0,2.0,0.0,3.0,0.0,forecast,neutral_seasonality_insufficient_evidence;unstable_trend_disabled,decomposition,IEK
290100034_,шт,2026-09-01,15.0,15.0,1.0,0.0,2.5,0.0,15.0,0.0,forecast,neutral_seasonality_insufficient_evidence;insufficient_recent_history,decomposition,IEK
290100035_,шт,2026-09-01,,,1.0,0.0,,,,0.0,insufficient_history,,decomposition,IEK
290100036_,шт,2026-09-01,1.3333333333333333,1.3333333333333333,1.0,0.0,25.66666666666788,0.0,1.3333333333333333,0.0,forecast,neutral_seasonality_insufficient_evidence;insufficient_recent_history;all_known_history_stale,decomposition,IEK
290100041_,,2026-09-01,,,1.0,0.0,,,,0.0,insufficient_history,,decomposition,IEK
290100101_,шт,2026-09-01,9.0,9.0,1.0,0.0,2.0,0.0,9.0,0.0,forecast,neutral_seasonality_insufficient_evidence;unstable_trend_disabled,decomposition,IEK
290100107_,,2026-09-01,,,1.0,0.0,,,,0.0,insufficient_history,,decomposition,IEK
290100110_,шт,2026-09-01,2.7142857142857144,2.7142857142857144,1.0,0.0,22.142857142858702,0.0,2.7142857142857144,0.0,forecast,neutral_seasonality_insufficient_evidence;insufficient_recent_history;all_known_history_stale,decomposition,IEK
290100122_,шт,2026-09-01,,,1.0,0.0,,,,0.0,insufficient_history,,decomposition,IEK
290100132_,шт,2026-09-01,2.3333333333333335,2.3333333333333335,1.0,0.0,2.0,0.0,2.3333333333333335,0.0,forecast,neutral_seasonality_insufficient_evidence;unstable_trend_disabled,decomposition,IEK
290100133_,шт,2026-09-01,2.3333333333333335,2.3333333333333335,1.0,0.0,2.0,0.0,2.3333333333333335,0.0,forecast,neutral_seasonality_insufficient_evidence;insufficient_recent_history,decomposition,IEK
290100134_,шт,2026-09-01,3.6666666666666665,3.6666666666666665,1.0,0.0,2.0,0.0,3.6666666666666665,0.0,forecast,neutral_seasonality_insufficient_evidence;unstable_trend_disabled,decomposition,IEK
290100135_,шт,2026-09-01,2.6666666666666665,2.6666666666666665,1.0,-0.0,2.0,-0.0,2.6666666666666665,0.0,forecast,neutral_seasonality_insufficient_evidence,decomposition,IEK
290100136_,шт,2026-09-01,4.0,4.0,1.0,0.0,2.5,0.0,4.0,0.0,forecast,neutral_seasonality_insufficient_evidence;insufficient_recent_history,decomposition,IEK
290100137_,шт,2026-09-01,1.0,1.0,1.0,0.0,2.0,0.0,1.0,0.0,forecast,neutral_seasonality_insufficient_evidence;insufficient_recent_history,decomposition,IEK
290100138_,шт,2026-09-01,3.3333333333333335,3.3333333333333335,1.0,0.0,2.0,0.0,3.3333333333333335,0.0,forecast,neutral_seasonality_insufficient_evidence;insufficient_recent_history,decomposition,IEK
290100139_,шт,2026-09-01,1.0,1.0,1.0,0.0,2.0,0.0,1.0,0.0,forecast,neutral_seasonality_insufficient_evidence;insufficient_recent_history,decomposition,IEK
290100140_,шт,2026-09-01,2.0,2.0,1.0,0.0,2.0,0.0,2.0,0.0,forecast,neutral_seasonality_insufficient_evidence;insufficient_recent_history,decomposition,IEK
290100141_,шт,2026-09-01,3.4545454545454546,3.4545454545454546,1.0,0.0,23.9090909090919,0.0,3.4545454545454546,0.0,forecast,neutral_seasonality_insufficient_evidence;insufficient_recent_history;all_known_history_stale,decomposition,IEK
290100142_,шт,2026-09-01,5.0,5.0,1.0,0.0,2.5,0.0,5.0,0.0,forecast,neutral_seasonality_insufficient_evidence;insufficient_recent_history,decomposition,IEK
290100143_,шт,2026-09-01,2.0,2.0,1.0,-0.0,1.5,-0.0,2.0,0.0,forecast,neutral_seasonality_insufficient_evidence,decomposition,IEK
290100144_,шт,2026-09-01,1.0,1.0,1.0,0.0,5.0,0.0,1.0,0.0,forecast,neutral_seasonality_insufficient_evidence;insufficient_recent_history;6_calendar_months,decomposition,IEK
290100145_,шт,2026-09-01,2.25,2.25,1.0,0.0,18.625,0.0,2.25,0.0,forecast,neutral_seasonality_insufficient_evidence;insufficient_recent_history;all_known_history_stale,decomposition,IEK
290100146_,шт,2026-09-01,2.0,2.0,1.0,0.0,2.5,0.0,2.0,0.0,forecast,neutral_seasonality_insufficient_evidence;insufficient_recent_history,decomposition,IEK
290100147_,шт,2026-09-01,8.0,8.0,1.0,0.0,2.0,0.0,8.0,0.0,forecast,neutral_seasonality_insufficient_evidence;unstable_trend_disabled,decomposition,IEK
290100148_,шт,2026-09-01,1.0,1.0,1.0,0.0,2.0,0.0,1.0,0.0,forecast,neutral_seasonality_insufficient_evidence;insufficient_recent_history,decomposition,IEK
290200005_,шт,2026-09-01,1.0,1.0,1.0,0.0,1.0,0.0,1.0,0.0,forecast,neutral_seasonality_insufficient_evidence;insufficient_recent_history,decomposition,IEK
290200006_,шт,2026-09-01,5.037452914225571,5.6992921559773295,0.8838734313597818,0.0,2.0,0.0,5.6992921559773295,0.0,forecast,unstable_trend_disabled,decomposition,IEK
290200008_,шт,2026-09-01,6.0,6.0,1.0,0.0,2.0,0.0,6.0,0.0,forecast,neutral_seasonality_insufficient_evidence;insufficient_recent_history,decomposition,IEK
290200009_,шт,2026-09-01,1.0,1.0,1.0,0.0,2.0,0.0,1.0,0.0,forecast,neutral_seasonality_insufficient_evidence;insufficient_recent_history,decomposition,IEK
290200030_,шт,2026-09-01,,,1.0,0.0,,,,0.0,insufficient_history,,decomposition,IEK
290200068_,шт,2026-09-01,,,1.0,0.0,,,,0.0,insufficient_history,,decomposition,IEK
290200126_,шт,2026-09-01,2.0,2.0,1.0,0.0,4.0,0.0,2.0,0.0,forecast,neutral_seasonality_insufficient_evidence;insufficient_recent_history;6_calendar_months,decomposition,IEK
290200127_,шт,2026-09-01,2.5,2.5,1.0,0.0,2.5,0.0,2.5,0.0,forecast,neutral_seasonality_insufficient_evidence;insufficient_recent_history,decomposition,IEK
290200128_,шт,2026-09-01,,,1.0,0.0,,,,0.0,insufficient_history,,decomposition,IEK
290200129_,шт,2026-09-01,,,1.0,0.0,,,,0.0,insufficient_history,,decomposition,IEK
290200130_,шт,2026-09-01,2.0,2.0,1.0,0.0,2.5,0.0,2.0,0.0,forecast,neutral_seasonality_insufficient_evidence;insufficient_recent_history,decomposition,IEK
290200131_,шт,2026-09-01,1.0,1.0,1.0,0.0,5.0,0.0,1.0,0.0,forecast,neutral_seasonality_insufficient_evidence;insufficient_recent_history;6_calendar_months,decomposition,IEK
311101034_,,2026-09-01,,,1.0,0.0,,,,0.0,insufficient_history,,decomposition,IEK
311101217_,упак,2026-09-01,,,1.0,0.0,,,,0.0,insufficient_history,,decomposition,IEK
311101218_,упак,2026-09-01,2.5,2.5,1.0,0.0,26.25,0.0,2.5,0.0,forecast,neutral_seasonality_insufficient_evidence;insufficient_recent_history;all_known_history_stale,decomposition,IEK
311101219_,упак,2026-09-01,,,1.0,0.0,,,,0.0,insufficient_history,,decomposition,IEK
311101220_,,2026-09-01,,,1.0,0.0,,,,0.0,insufficient_history,,decomposition,IEK
311101221_,упак,2026-09-01,5.285714285714286,5.285714285714286,1.0,0.0,23.428571428572468,0.0,5.285714285714286,0.0,forecast,neutral_seasonality_insufficient_evidence;insufficient_recent_history;all_known_history_stale,decomposition,IEK
311101222_,упак,2026-09-01,2.0,2.0,1.0,0.0,23.66666666666788,0.0,2.0,0.0,forecast,neutral_seasonality_insufficient_evidence;insufficient_recent_history;all_known_history_stale,decomposition,IEK
311101224_,упак,2026-09-01,,,1.0,0.0,,,,0.0,insufficient_history,,decomposition,IEK
311101225_,упак,2026-09-01,2.625,2.625,1.0,0.0,25.375,0.0,2.625,0.0,forecast,neutral_seasonality_insufficient_evidence;insufficient_recent_history;all_known_history_stale,decomposition,IEK
311101227_,упак,2026-09-01,,,1.0,0.0,,,,0.0,insufficient_history,,decomposition,IEK
311101228_,упак,2026-09-01,,,1.0,0.0,,,,0.0,insufficient_history,,decomposition,IEK
311101232_,упак,2026-09-01,1.5714285714285714,1.5714285714285714,1.0,0.0,24.0,0.0,1.5714285714285714,0.0,forecast,neutral_seasonality_insufficient_evidence;insufficient_recent_history;all_known_history_stale,decomposition,IEK
311101233_,,2026-09-01,,,1.0,0.0,,,,0.0,insufficient_history,,decomposition,IEK
311101234_,,2026-09-01,,,1.0,0.0,,,,0.0,insufficient_history,,decomposition,IEK
311101235_,упак,2026-09-01,2.625,2.625,1.0,0.0,24.875,0.0,2.625,0.0,forecast,neutral_seasonality_insufficient_evidence;insufficient_recent_history;all_known_history_stale,decomposition,IEK
311101236_,упак,2026-09-01,1.5714285714285714,1.5714285714285714,1.0,0.0,23.857142857141298,0.0,1.5714285714285714,0.0,forecast,neutral_seasonality_insufficient_evidence;insufficient_recent_history;all_known_history_stale,decomposition,IEK
311101237_,упак,2026-09-01,9.125,9.125,1.0,0.0,24.125,0.0,9.125,0.0,forecast,neutral_seasonality_insufficient_evidence;insufficient_recent_history;all_known_history_stale,decomposition,IEK
311101238_,упак,2026-09-01,4.25,4.25,1.0,0.0,24.625,0.0,4.25,0.0,forecast,neutral_seasonality_insufficient_evidence;insufficient_recent_history;all_known_history_stale,decomposition,IEK
5250600034_,шт,2026-09-01,,,1.0,0.0,,,,0.0,insufficient_history,,decomposition,IEK
A650-33E055TM,шт,2026-09-01,,,1.0,0.0,,,,0.0,insufficient_history,,decomposition,IEK
AR-KMR10-040-20-230,шт,2026-09-01,,,1.0,0.0,,,,0.0,insufficient_history,,decomposition,IEK
AR-KMR10-040-40-230,шт,2026-09-01,1.0,1.0,1.0,0.0,10.33333333333212,0.0,1.0,0.0,forecast,neutral_seasonality_insufficient_evidence;insufficient_recent_history;all_known_history_stale,decomposition,IEK
AR-KMR10-063-22-230,шт,2026-09-01,,,1.0,0.0,,,,0.0,insufficient_history,,decomposition,IEK
AR-KMR10-063-40-230,шт,2026-09-01,,,1.0,0.0,,,,0.0,insufficient_history,,decomposition,IEK
AR-M06N-4-C025,шт,2026-09-01,,,1.0,0.0,,,,0.0,insufficient_history,,decomposition,IEK
AR-M06N-4-C032,шт,2026-09-01,,,1.0,0.0,,,,0.0,insufficient_history,,decomposition,IEK
BBD10-APBB-K51_,шт,2026-09-01,,,1.0,0.0,,,,0.0,insufficient_history,,decomposition,IEK
BR-AK20-1-K35,шт,2026-09-01,,,1.0,0.0,,,,0.0,insufficient_history,,decomposition,IEK
BR-AK20-1-K35_,шт,2026-09-01,,,1.0,0.0,,,,0.0,insufficient_history,,decomposition,IEK
BR-AK20-1-K53,шт,2026-09-01,,,1.0,0.0,,,,0.0,insufficient_history,,decomposition,IEK
BR-D20-0600-K37,шт,2026-09-01,,,1.0,0.0,,,,0.0,insufficient_history,,decomposition,IEK
BR-H10-K37,шт,2026-09-01,,,1.0,0.0,,,,0.0,insufficient_history,,decomposition,IEK
BR-H10-K46,шт,2026-09-01,,,1.0,0.0,,,,0.0,insufficient_history,,decomposition,IEK
BR-K20-1-K35,шт,2026-09-01,2.3333333333333335,2.3333333333333335,1.0,0.0,17.33333333333212,0.0,2.3333333333333335,0.0,forecast,neutral_seasonality_insufficient_evidence;insufficient_recent_history;all_known_history_stale,decomposition,IEK
BR-K20-1-K36,шт,2026-09-01,,,1.0,0.0,,,,0.0,insufficient_history,,decomposition,IEK
BR-K20-1-K45,шт,2026-09-01,3.0,3.0,1.0,0.0,13.0,0.0,3.0,0.0,forecast,neutral_seasonality_insufficient_evidence;insufficient_recent_history;all_known_history_stale,decomposition,IEK
BR-KT20-O-1-K10,шт,2026-09-01,,,1.0,0.0,,,,0.0,insufficient_history,,decomposition,IEK
BR-KT20-O-1-K45,шт,2026-09-01,,,1.0,0.0,,,,0.0,insufficient_history,,decomposition,IEK
BR-M12-G-31-K96,шт,2026-09-01,,,1.0,0.0,,,,0.0,insufficient_history,,decomposition,IEK
BR-M12-G-41-K06,шт,2026-09-01,,,1.0,0.0,,,,0.0,insufficient_history,,decomposition,IEK
BR-M22-G-31-K96,шт,2026-09-01,,,1.0,0.0,,,,0.0,insufficient_history,,decomposition,IEK
BR-MS10-N-150-05-K37,,2026-09-01,,,1.0,0.0,,,,0.0,insufficient_history,,decomposition,IEK
BR-R16-16-44-K02_,шт,2026-09-01,,,1.0,0.0,,,,0.0,insufficient_history,,decomposition,IEK
BR-R16-16-44-K37,шт,2026-09-01,1.0,1.0,1.0,0.0,5.0,0.0,1.0,0.0,forecast,neutral_seasonality_insufficient_evidence;insufficient_recent_history;6_calendar_months,decomposition,IEK
BR-R16-16-44-K45,,2026-09-01,,,1.0,0.0,,,,0.0,insufficient_history,,decomposition,IEK
BR-R16-16-44-K46,шт,2026-09-01,,,1.0,0.0,,,,0.0,insufficient_history,,decomposition,IEK
BR-R16-16-K10,,2026-09-01,,,1.0,0.0,,,,0.0,insufficient_history,,decomposition,IEK
BR-R16-16-K37,,2026-09-01,,,1.0,0.0,,,,0.0,insufficient_history,,decomposition,IEK
BR-R26-16-44-K02-F,шт,2026-09-01,,,1.0,0.0,,,,0.0,insufficient_history,,decomposition,IEK
BR-R26-16-44-K37-F,шт,2026-09-01,,,1.0,0.0,,,,0.0,insufficient_history,,decomposition,IEK
BR-R26-16-44-K45-F,,2026-09-01,,,1.0,0.0,,,,0.0,insufficient_history,,decomposition,IEK
BR-R26-16-44-K46-F,,2026-09-01,,,1.0,0.0,,,,0.0,insufficient_history,,decomposition,IEK
BR-RT11-K10,шт,2026-09-01,3.0,3.0,1.0,0.0,5.0,0.0,3.0,0.0,forecast,neutral_seasonality_insufficient_evidence;insufficient_recent_history;6_calendar_months,decomposition,IEK
BR-U21-D31-K35,шт,2026-09-01,,,1.0,0.0,,,,0.0,insufficient_history,,decomposition,IEK
BR-U21-D31-K37,шт,2026-09-01,2.0,2.0,1.0,0.0,3.0,0.0,2.0,0.0,forecast,neutral_seasonality_insufficient_evidence;insufficient_recent_history,decomposition,IEK
BR-U21-D31-K46,шт,2026-09-01,,,1.0,0.0,,,,0.0,insufficient_history,,decomposition,IEK
BR-VK10-0-K10,,2026-09-01,,,1.0,0.0,,,,0.0,insufficient_history,,decomposition,IEK
BR-VK10-0-K36,,2026-09-01,,,1.0,0.0,,,,0.0,insufficient_history,,decomposition,IEK
BR-VK10-0-K37,,2026-09-01,,,1.0,0.0,,,,0.0,insufficient_history,,decomposition,IEK
BR-VK10-0-K45,,2026-09-01,,,1.0,0.0,,,,0.0,insufficient_history,,decomposition,IEK
CKK10-025-016-1-K01-,м,2026-09-01,,,1.0,0.0,,,,0.0,insufficient_history,,decomposition,IEK
CKK10-025-016-1-K24_,,2026-09-01,,,1.0,0.0,,,,0.0,insufficient_history,,decomposition,IEK
CKK10-025-016-1-K28_,м,2026-09-01,,,1.0,0.0,,,,0.0,insufficient_history,,decomposition,IEK
CKK10-025-016-1-K34_,м,2026-09-01,,,1.0,0.0,,,,0.0,insufficient_history,,decomposition,IEK
CKK10-025-025-1-K01-,м,2026-09-01,,,1.0,0.0,,,,0.0,insufficient_history,,decomposition,IEK
CKK10-040-025-1-K01-,м,2026-09-01,,,1.0,0.0,,,,0.0,insufficient_history,,decomposition,IEK
CKK10-040-025-1-K24_,м,2026-09-01,,,1.0,0.0,,,,0.0,insufficient_history,,decomposition,IEK
CKK10-040-025-1-K28_,м,2026-09-01,,,1.0,0.0,,,,0.0,insufficient_history,,decomposition,IEK
CKK10-040-025-1-K34_,м,2026-09-01,,,1.0,0.0,,,,0.0,insufficient_history,,decomposition,IEK
CKK10-060-040-1-K01-,м,2026-09-01,,,1.0,0.0,,,,0.0,insufficient_history,,decomposition,IEK
CKK10-100-060-1-K01,м,2026-09-01,,,1.0,0.0,,,,0.0,insufficient_history,,decomposition,IEK
CLM50D-PPP-030-15,шт,2026-09-01,,,1.0,0.0,,,,0.0,insufficient_history,,decomposition,IEK
CLM50D-PPP-050-15,шт,2026-09-01,,,1.0,0.0,,,,0.0,insufficient_history,,decomposition,IEK
CLM50D-PPP-060-25,шт,2026-09-01,,,1.0,0.0,,,,0.0,insufficient_history,,decomposition,IEK
CLM50D-PPP-300-25,шт,2026-09-01,,,1.0,0.0,,,,0.0,insufficient_history,,decomposition,IEK
CLM50D-RP-080-30,шт,2026-09-01,,,1.0,0.0,,,,0.0,insufficient_history,,decomposition,IEK
CLP10-080-150-3,м,2026-09-01,,,1.0,0.0,,,,0.0,insufficient_history,,decomposition,IEK
CLP1CL-300-1,шт,2026-09-01,,,1.0,0.0,,,,0.0,insufficient_history,,decomposition,IEK
CLP1M-SHU-6,шт,2026-09-01,,,1.0,0.0,,,,0.0,insufficient_history,,decomposition,IEK
CLP1SH-050,шт,2026-09-01,,,1.0,0.0,,,,0.0,insufficient_history,,decomposition,IEK
CLP1V-100-200,шт,2026-09-01,,,1.0,0.0,,,,0.0,insufficient_history,,decomposition,IEK
CLP1Z-050-200,шт,2026-09-01,,,1.0,0.0,,,,0.0,insufficient_history,,decomposition,IEK
CLW10-TM-06-1-R,шт,2026-09-01,,,1.0,0.0,,,,0.0,insufficient_history,,decomposition,IEK
CLW10-TM-08-1-R,шт,2026-09-01,,,1.0,0.0,,,,0.0,insufficient_history,,decomposition,IEK
CLW10-TM-08-2-R,шт,2026-09-01,,,1.0,0.0,,,,0.0,insufficient_history,,decomposition,IEK
CLW10-VR-100,шт,2026-09-01,,,1.0,0.0,,,,0.0,insufficient_history,,decomposition,IEK
CMZ11-VT-06-030,шт,2026-09-01,,,1.0,0.0,,,,0.0,insufficient_history,,decomposition,IEK
CNT-A310D33V93-110TE,шт,2026-09-01,,,1.0,0.0,,,,0.0,insufficient_history,,decomposition,IEK
CO05-07542-R,шт,2026-09-01,,,1.0,0.0,,,,0.0,insufficient_history,,decomposition,IEK
CS3-1C6AF-Q,шт,2026-09-01,,,1.0,0.0,,,,0.0,insufficient_history,,decomposition,IEK
CTA10D-CF16-K41-100,шт,2026-09-01,,,1.0,0.0,,,,0.0,insufficient_history,,decomposition,IEK
CTA10D-CF20-K41-100,шт,2026-09-01,,,1.0,0.0,,,,0.0,insufficient_history,,decomposition,IEK
EL-KK10-025-016-1-K0,м,2026-09-01,,,1.0,0.0,,,,0.0,insufficient_history,,decomposition,IEK
EL-KK10-025-025-1-K0,м,2026-09-01,,,1.0,0.0,,,,0.0,insufficient_history,,decomposition,IEK
EL-KK10-040-025-1-K0,м,2026-09-01,,,1.0,0.0,,,,0.0,insufficient_history,,decomposition,IEK
EL-KK10-060-040-1-K0,м,2026-09-01,,,1.0,0.0,,,,0.0,insufficient_history,,decomposition,IEK
EL-KK10-100-060-1-K0,м,2026-09-01,,,1.0,0.0,,,,0.0,insufficient_history,,decomposition,IEK
EPK10-04-02-K01,шт,2026-09-01,5.0,5.0,1.0,0.0,2.0,0.0,5.0,0.0,forecast,neutral_seasonality_insufficient_evidence;insufficient_recent_history,decomposition,IEK
EPK20-04-02-K01,шт,2026-09-01,,,1.0,0.0,,,,0.0,insufficient_history,,decomposition,IEK
EPP14-04-01-K01,шт,2026-09-01,100.0,100.0,1.0,0.0,4.5,0.0,100.0,0.0,forecast,neutral_seasonality_insufficient_evidence;insufficient_recent_history;6_calendar_months,decomposition,IEK
EPP14-04-01-K02,шт,2026-09-01,31.0,31.0,1.0,0.0,2.0,0.0,31.0,0.0,forecast,neutral_seasonality_insufficient_evidence;insufficient_recent_history,decomposition,IEK
ERO14-K01-16-DC,шт,2026-09-01,,,1.0,0.0,,,,0.0,insufficient_history,,decomposition,IEK
FP-K10-2-K03,шт,2026-09-01,,,1.0,0.0,,,,0.0,insufficient_history,,decomposition,IEK
FP-K10-2-K10,шт,2026-09-01,,,1.0,0.0,,,,0.0,insufficient_history,,decomposition,IEK
FP-R14-16-1-K03,шт,2026-09-01,,,1.0,0.0,,,,0.0,insufficient_history,,decomposition,IEK
FP-R14-16-1-K10,шт,2026-09-01,,,1.0,0.0,,,,0.0,insufficient_history,,decomposition,IEK
FP-V10-0-10-1-K03,шт,2026-09-01,,,1.0,0.0,,,,0.0,insufficient_history,,decomposition,IEK
FP-V10-0-10-1-K10,шт,2026-09-01,,,1.0,0.0,,,,0.0,insufficient_history,,decomposition,IEK
FP-V12-0-10-1-K03,шт,2026-09-01,,,1.0,0.0,,,,0.0,insufficient_history,,decomposition,IEK
FP-V12-0-10-1-K10,шт,2026-09-01,,,1.0,0.0,,,,0.0,insufficient_history,,decomposition,IEK
FP-V13-0-10-1-K03,шт,2026-09-01,,,1.0,0.0,,,,0.0,insufficient_history,,decomposition,IEK
FP-V13-0-10-1-K10,шт,2026-09-01,,,1.0,0.0,,,,0.0,insufficient_history,,decomposition,IEK
FP-V20-0-10-1-K03,шт,2026-09-01,,,1.0,0.0,,,,0.0,insufficient_history,,decomposition,IEK
FP-V20-0-10-1-K10,шт,2026-09-01,,,1.0,0.0,,,,0.0,insufficient_history,,decomposition,IEK
IPA10-6-0030-E,шт,2026-09-01,,,1.0,0.0,,,,0.0,insufficient_history,,decomposition,IEK
IPA10-6-0075-E,шт,2026-09-01,,,1.0,0.0,,,,0.0,insufficient_history,,decomposition,IEK
KKM11-012-024-10,шт,2026-09-01,,,1.0,0.0,,,,0.0,insufficient_history,,decomposition,IEK
KKM21-025-110-01,шт,2026-09-01,,,1.0,0.0,,,,0.0,insufficient_history,,decomposition,IEK
LBAL001,шт,2026-09-01,,,1.0,0.0,,,,0.0,insufficient_history,,decomposition,IEK
LDBO0-4013-18-6500-K,шт,2026-09-01,,,1.0,0.0,,,,0.0,insufficient_history,,decomposition,IEK
LLE-A60-12-24-48-40-,шт,2026-09-01,,,1.0,0.0,,,,0.0,insufficient_history,,decomposition,IEK
LLE-T80-12-230-40-GX,шт,2026-09-01,,,1.0,0.0,,,,0.0,insufficient_history,,decomposition,IEK
LLE-T80-12-230-65-GX,шт,2026-09-01,,,1.0,0.0,,,,0.0,insufficient_history,,decomposition,IEK
MAD10-4-016-C-100,шт,2026-09-01,,,1.0,0.0,,,,0.0,insufficient_history,,decomposition,IEK
MDV11-2-025-030,шт,2026-09-01,,,1.0,0.0,,,,0.0,insufficient_history,,decomposition,IEK
MKK11-20-22,,2026-09-01,,,1.0,0.0,,,,0.0,insufficient_history,,decomposition,IEK
MKK11-40-11,,2026-09-01,,,1.0,0.0,,,,0.0,insufficient_history,,decomposition,IEK
MKK11-63-20,,2026-09-01,,,1.0,0.0,,,,0.0,insufficient_history,,decomposition,IEK
MKK12-20-20,шт,2026-09-01,,,1.0,0.0,,,,0.0,insufficient_history,,decomposition,IEK
MKM42-02-31-WW-L,шт,2026-09-01,,,1.0,0.0,,,,0.0,insufficient_history,,decomposition,IEK
MKP73-N-12-66,шт,2026-09-01,,,1.0,0.0,,,,0.0,insufficient_history,,decomposition,IEK
MNV10-1-040,шт,2026-09-01,,,1.0,0.0,,,,0.0,insufficient_history,,decomposition,IEK
MNV10-3-125,шт,2026-09-01,2.0,2.0,1.0,0.0,4.0,0.0,2.0,0.0,forecast,neutral_seasonality_insufficient_evidence;insufficient_recent_history;6_calendar_months,decomposition,IEK
MPR10-1-050,шт,2026-09-01,,,1.0,0.0,,,,0.0,insufficient_history,,decomposition,IEK
MPR10-4-050,шт,2026-09-01,,,1.0,0.0,,,,0.0,insufficient_history,,decomposition,IEK
MVA20-1-D05-C,шт,2026-09-01,,,1.0,0.0,,,,0.0,insufficient_history,,decomposition,IEK
MVA20-3-013-C,шт,2026-09-01,,,1.0,0.0,,,,0.0,insufficient_history,,decomposition,IEK
MVA31-1-006-B,шт,2026-09-01,,,1.0,0.0,,,,0.0,insufficient_history,,decomposition,IEK
MVA31-1-006-C,шт,2026-09-01,,,1.0,0.0,,,,0.0,insufficient_history,,decomposition,IEK
MVA31-2-050-C,шт,2026-09-01,,,1.0,0.0,,,,0.0,insufficient_history,,decomposition,IEK
MVA31-3-025-B,шт,2026-09-01,,,1.0,0.0,,,,0.0,insufficient_history,,decomposition,IEK
MVA31-3-025-C,шт,2026-09-01,,,1.0,0.0,,,,0.0,insufficient_history,,decomposition,IEK
MVA31-3-063-B,шт,2026-09-01,,,1.0,0.0,,,,0.0,insufficient_history,,decomposition,IEK
MVA50-3-100-D,шт,2026-09-01,,,1.0,0.0,,,,0.0,insufficient_history,,decomposition,IEK
OPS-DC24-060B,шт,2026-09-01,,,1.0,0.0,,,,0.0,insufficient_history,,decomposition,IEK
ORI-01-05,шт,2026-09-01,,,1.0,0.0,,,,0.0,insufficient_history,,decomposition,IEK
ORI-01-5,шт,2026-09-01,,,1.0,0.0,,,,0.0,insufficient_history,,decomposition,IEK
ORL-02-ACDC24-240V,шт,2026-09-01,,,1.0,0.0,,,,0.0,insufficient_history,,decomposition,IEK
ORT-ST-ACDC12-240V,шт,2026-09-01,,,1.0,0.0,,,,0.0,insufficient_history,,decomposition,IEK
PLR-S-CPU-1410,шт,2026-09-01,,,1.0,0.0,,,,0.0,insufficient_history,,decomposition,IEK
PLR-S-CPU-1410R-AC-B,шт,2026-09-01,,,1.0,0.0,,,,0.0,insufficient_history,,decomposition,IEK
PSN12-032-5,,2026-09-01,,,1.0,0.0,,,,0.0,insufficient_history,,decomposition,IEK
RRP10-4-10-220A-LED,шт,2026-09-01,,,1.0,0.0,,,,0.0,insufficient_history,,decomposition,IEK
SFB-33-75-A-00,шт,2026-09-01,,,1.0,0.0,,,,0.0,insufficient_history,,decomposition,IEK
SRP-10-3-160,шт,2026-09-01,,,1.0,0.0,,,,0.0,insufficient_history,,decomposition,IEK
SVA10D-ADK-1,шт,2026-09-01,,,1.0,0.0,,,,0.0,insufficient_history,,decomposition,IEK
SVA30D-ADK-1,шт,2026-09-01,,,1.0,0.0,,,,0.0,insufficient_history,,decomposition,IEK
SVA50D-ADK-1,шт,2026-09-01,,,1.0,0.0,,,,0.0,insufficient_history,,decomposition,IEK
UKO10-240-195-090-K4,,2026-09-01,,,1.0,0.0,,,,0.0,insufficient_history,,decomposition,IEK
UKO10-240-195-165-K4,,2026-09-01,,,1.0,0.0,,,,0.0,insufficient_history,,decomposition,IEK
UNL10-D25-4-4,упак,2026-09-01,4.0,4.0,1.0,0.0,5.0,0.0,4.0,0.0,forecast,neutral_seasonality_insufficient_evidence;insufficient_recent_history;6_calendar_months,decomposition,IEK
UNL20-006-6-5,упак,2026-09-01,2.0,2.0,1.0,0.0,5.0,0.0,2.0,0.0,forecast,neutral_seasonality_insufficient_evidence;insufficient_recent_history;6_calendar_months,decomposition,IEK
UZA-25-D16,шт,2026-09-01,,,1.0,0.0,,,,0.0,insufficient_history,,decomposition,IEK
WUP20-02-K02,,2026-09-01,,,1.0,0.0,,,,0.0,insufficient_history,,decomposition,IEK
WYP53-16-05-03-ZK,шт,2026-09-01,,,1.0,0.0,,,,0.0,insufficient_history,,decomposition,IEK
YIS40-3-370,шт,2026-09-01,,,1.0,0.0,,,,0.0,insufficient_history,,decomposition,IEK
YIS42-3-200,шт,2026-09-01,,,1.0,0.0,,,,0.0,insufficient_history,,decomposition,IEK
YKM40-PN-530,шт,2026-09-01,,,1.0,0.0,,,,0.0,insufficient_history,,decomposition,IEK
YKV10-UV-1750,шт,2026-09-01,,,1.0,0.0,,,,0.0,insufficient_history,,decomposition,IEK
YZN20-004-K52,шт,2026-09-01,,,1.0,0.0,,,,0.0,insufficient_history,,decomposition,IEK
YZN30-002-K03,,2026-09-01,,,1.0,0.0,,,,0.0,insufficient_history,,decomposition,IEK
Р654654528,шт,2026-09-01,,,1.0,0.0,,,,0.0,insufficient_history,,decomposition,IEK
ЩУРн-3/18,шт,2026-09-01,,,1.0,0.0,,,,0.0,insufficient_history,,decomposition,IEK
нов03200_,шт,2026-09-01,4.25,4.25,1.0,0.0,16.75,0.0,4.25,0.0,forecast,neutral_seasonality_insufficient_evidence;insufficient_recent_history;all_known_history_stale,decomposition,IEK
нов1932,шт,2026-09-01,,,1.0,0.0,,,,0.0,insufficient_history,,decomposition,IEK
нов26740,шт,2026-09-01,,,1.0,0.0,,,,0.0,insufficient_history,,decomposition,IEK
нов3227,шт,2026-09-01,,,1.0,0.0,,,,0.0,insufficient_history,,decomposition,IEK
нов3368,шт,2026-09-01,,,1.0,0.0,,,,0.0,insufficient_history,,decomposition,IEK
нов3370_,шт,2026-09-01,,,1.0,0.0,,,,0.0,insufficient_history,,decomposition,IEK
нов3392,шт,2026-09-01,,,1.0,0.0,,,,0.0,insufficient_history,,decomposition,IEK
нов3393,шт,2026-09-01,,,1.0,0.0,,,,0.0,insufficient_history,,decomposition,IEK
нов3394,шт,2026-09-01,,,1.0,0.0,,,,0.0,insufficient_history,,decomposition,IEK
нов3396,шт,2026-09-01,2.3333333333333335,2.3333333333333335,1.0,0.0,2.0,0.0,2.3333333333333335,0.0,forecast,neutral_seasonality_insufficient_evidence;unstable_trend_disabled,decomposition,IEK
нов99190,шт,2026-09-01,,,1.0,0.0,,,,0.0,insufficient_history,,decomposition,IEK
ст-99272_80,м,2026-09-01,,,1.0,0.0,,,,0.0,insufficient_history,,decomposition,IEK
ст-9948468,шт,2026-09-01,36.722946051554295,33.75575055528757,1.087901926263107,0.0,2.0,0.0,33.75575055528757,0.0,forecast,unstable_trend_disabled,decomposition,IEK
ст-9949019,шт,2026-09-01,,,1.0,0.0,,,,0.0,insufficient_history,,decomposition,IEK
ст-9949056,шт,2026-09-01,,,1.0,0.0,,,,0.0,insufficient_history,,decomposition,IEK
ст-9949156,шт,2026-09-01,,,1.0,0.0,,,,0.0,insufficient_history,,decomposition,IEK
ст-9949157,шт,2026-09-01,,,1.0,0.0,,,,0.0,insufficient_history,,decomposition,IEK
ст-9949234,шт,2026-09-01,,,1.0,0.0,,,,0.0,insufficient_history,,decomposition,IEK
ст-9949327,шт,2026-09-01,,,1.0,0.0,,,,0.0,insufficient_history,,decomposition,IEK
ст-9949953,шт,2026-09-01,,,1.0,0.0,,,,0.0,insufficient_history,,decomposition,IEK
ст-9950070,м,2026-09-01,,,1.0,0.0,,,,0.0,insufficient_history,,decomposition,IEK
ст-9950184,шт,2026-09-01,1.0,1.0,1.0,0.0,24.0,0.0,1.0,0.0,forecast,neutral_seasonality_insufficient_evidence;insufficient_recent_history;all_known_history_stale,decomposition,IEK
ст-9950300,шт,2026-09-01,,,1.0,0.0,,,,0.0,insufficient_history,,decomposition,IEK
ст-9950470,упак,2026-09-01,,,1.0,0.0,,,,0.0,insufficient_history,,decomposition,IEK
ст-9950702,шт,2026-09-01,,,1.0,0.0,,,,0.0,insufficient_history,,decomposition,IEK
ст-9950706,шт,2026-09-01,,,1.0,0.0,,,,0.0,insufficient_history,,decomposition,IEK
ст-9950851,шт,2026-09-01,,,1.0,0.0,,,,0.0,insufficient_history,,decomposition,IEK
ст-9951101,м,2026-09-01,,,1.0,0.0,,,,0.0,insufficient_history,,decomposition,IEK
ст-9951102,шт,2026-09-01,,,1.0,0.0,,,,0.0,insufficient_history,,decomposition,IEK
ст-9951103,шт,2026-09-01,,,1.0,0.0,,,,0.0,insufficient_history,,decomposition,IEK
ст-9951104,шт,2026-09-01,4.25,4.25,1.0,0.0,22.25,0.0,4.25,0.0,forecast,neutral_seasonality_insufficient_evidence;insufficient_recent_history;all_known_history_stale,decomposition,IEK
ст-9951105,шт,2026-09-01,4.0,4.0,1.0,0.0,27.25,0.0,4.0,0.0,forecast,neutral_seasonality_insufficient_evidence;insufficient_recent_history;all_known_history_stale,decomposition,IEK
ст-9951106,шт,2026-09-01,,,1.0,0.0,,,,0.0,insufficient_history,,decomposition,IEK
ст-9951285,шт,2026-09-01,,,1.0,0.0,,,,0.0,insufficient_history,,decomposition,IEK
ст-9951311,шт,2026-09-01,,,1.0,0.0,,,,0.0,insufficient_history,,decomposition,IEK
ст-9951312,шт,2026-09-01,,,1.0,0.0,,,,0.0,insufficient_history,,decomposition,IEK
ст-9951313,шт,2026-09-01,,,1.0,0.0,,,,0.0,insufficient_history,,decomposition,IEK
ст-9951436,шт,2026-09-01,3.0,3.0,1.0,0.0,5.0,0.0,3.0,0.0,forecast,neutral_seasonality_insufficient_evidence;insufficient_recent_history;6_calendar_months,decomposition,IEK
ст-9951446,шт,2026-09-01,,,1.0,0.0,,,,0.0,insufficient_history,,decomposition,IEK
ст-9951480,шт,2026-09-01,,,1.0,0.0,,,,0.0,insufficient_history,,decomposition,IEK
ст-9951729,шт,2026-09-01,,,1.0,0.0,,,,0.0,insufficient_history,,decomposition,IEK
ст-9951887,шт,2026-09-01,,,1.0,0.0,,,,0.0,insufficient_history,,decomposition,IEK
ст-9951895,шт,2026-09-01,,,1.0,0.0,,,,0.0,insufficient_history,,decomposition,IEK
ст-9951984,шт,2026-09-01,,,1.0,0.0,,,,0.0,insufficient_history,,decomposition,IEK
ст-9951998,шт,2026-09-01,1.5,1.5,1.0,0.0,22.0,0.0,1.5,0.0,forecast,neutral_seasonality_insufficient_evidence;insufficient_recent_history;all_known_history_stale,decomposition,IEK
ст-9952041,шт,2026-09-01,,,1.0,0.0,,,,0.0,insufficient_history,,decomposition,IEK
ст-9952106,шт,2026-09-01,,,1.0,0.0,,,,0.0,insufficient_history,,decomposition,IEK
ст-9952210,шт,2026-09-01,,,1.0,0.0,,,,0.0,insufficient_history,,decomposition,IEK
ст-9952368,шт,2026-09-01,,,1.0,0.0,,,,0.0,insufficient_history,,decomposition,IEK
ст-9952399,шт,2026-09-01,2.0,2.0,1.0,0.0,15.0,0.0,2.0,0.0,forecast,neutral_seasonality_insufficient_evidence;insufficient_recent_history;all_known_history_stale,decomposition,IEK
ст-9952430,шт,2026-09-01,5.615384615384615,5.615384615384615,1.0,0.0,15.923076923078042,0.0,5.615384615384615,0.0,forecast,neutral_seasonality_insufficient_evidence;insufficient_recent_history;all_known_history_stale,decomposition,IEK
ст-9952431,шт,2026-09-01,4.6,4.6,1.0,0.0,14.400000000001455,0.0,4.6,0.0,forecast,neutral_seasonality_insufficient_evidence;insufficient_recent_history;all_known_history_stale,decomposition,IEK
ст-9952440,шт,2026-09-01,,,1.0,0.0,,,,0.0,insufficient_history,,decomposition,IEK
ст-9952441,шт,2026-09-01,,,1.0,0.0,,,,0.0,insufficient_history,,decomposition,IEK
ст-9952475,м,2026-09-01,,,1.0,0.0,,,,0.0,insufficient_history,,decomposition,IEK
ст-9952496,упак,2026-09-01,,,1.0,0.0,,,,0.0,insufficient_history,,decomposition,IEK
ст-9952497,упак,2026-09-01,16.0,16.0,1.0,0.0,2.0,0.0,16.0,0.0,forecast,neutral_seasonality_insufficient_evidence;insufficient_recent_history,decomposition,IEK
ст-9952498,упак,2026-09-01,,,1.0,0.0,,,,0.0,insufficient_history,,decomposition,IEK
ст-9952644,шт,2026-09-01,,,1.0,0.0,,,,0.0,insufficient_history,,decomposition,IEK
ст-9952711,шт,2026-09-01,,,1.0,0.0,,,,0.0,insufficient_history,,decomposition,IEK
ст-9953087,шт,2026-09-01,,,1.0,0.0,,,,0.0,insufficient_history,,decomposition,IEK
ст-9953090,шт,2026-09-01,,,1.0,0.0,,,,0.0,insufficient_history,,decomposition,IEK
ст-9953158,шт,2026-09-01,,,1.0,0.0,,,,0.0,insufficient_history,,decomposition,IEK
ст-9953168,шт,2026-09-01,,,1.0,0.0,,,,0.0,insufficient_history,,decomposition,IEK
ст-9953235,шт,2026-09-01,,,1.0,0.0,,,,0.0,insufficient_history,,decomposition,IEK
ст-9953236,шт,2026-09-01,2.4,2.4,1.0,0.0,20.0,0.0,2.4,0.0,forecast,neutral_seasonality_insufficient_evidence;insufficient_recent_history;all_known_history_stale,decomposition,IEK
ст-9953237,шт,2026-09-01,,,1.0,0.0,,,,0.0,insufficient_history,,decomposition,IEK
ст-9953247,шт,2026-09-01,,,1.0,0.0,,,,0.0,insufficient_history,,decomposition,IEK
ст-9953304,шт,2026-09-01,,,1.0,0.0,,,,0.0,insufficient_history,,decomposition,IEK
ст-9953354,шт,2026-09-01,,,1.0,0.0,,,,0.0,insufficient_history,,decomposition,IEK
ст-9953405,шт,2026-09-01,,,1.0,0.0,,,,0.0,insufficient_history,,decomposition,IEK
ст-9953508,шт,2026-09-01,6.333333333333333,6.333333333333333,1.0,0.0,18.66666666666788,0.0,6.333333333333333,0.0,forecast,neutral_seasonality_insufficient_evidence;insufficient_recent_history;all_known_history_stale,decomposition,IEK
щт-0000139,шт,2026-09-01,,,1.0,0.0,,,,0.0,insufficient_history,,decomposition,IEK
щт-0000194,шт,2026-09-01,,,1.0,0.0,,,,0.0,insufficient_history,,decomposition,IEK
щт-0000212,м,2026-09-01,,,1.0,0.0,,,,0.0,insufficient_history,,decomposition,IEK
щт-0000350,шт,2026-09-01,,,1.0,0.0,,,,0.0,insufficient_history,,decomposition,IEK
щт-0000417,шт,2026-09-01,,,1.0,0.0,,,,0.0,insufficient_history,,decomposition,IEK
щт-0000418,шт,2026-09-01,,,1.0,0.0,,,,0.0,insufficient_history,,decomposition,IEK
щт-0000861,шт,2026-09-01,,,1.0,0.0,,,,0.0,insufficient_history,,decomposition,IEK
щт-0001014,шт,2026-09-01,2.0,2.0,1.0,0.0,2.0,0.0,2.0,0.0,forecast,neutral_seasonality_insufficient_evidence;insufficient_recent_history,decomposition,IEK
щт-0001133,шт,2026-09-01,,,1.0,0.0,,,,0.0,insufficient_history,,decomposition,IEK
щт-0001187,шт,2026-09-01,,,1.0,0.0,,,,0.0,insufficient_history,,decomposition,IEK
щт-0001387,шт,2026-09-01,,,1.0,0.0,,,,0.0,insufficient_history,,decomposition,IEK
щт-0001406,шт,2026-09-01,,,1.0,0.0,,,,0.0,insufficient_history,,decomposition,IEK
щт-0001421,шт,2026-09-01,,,1.0,0.0,,,,0.0,insufficient_history,,decomposition,IEK
щт-0001636,шт,2026-09-01,,,1.0,0.0,,,,0.0,insufficient_history,,decomposition,IEK
щт-0001645,шт,2026-09-01,,,1.0,0.0,,,,0.0,insufficient_history,,decomposition,IEK
щт-0001651,шт,2026-09-01,,,1.0,0.0,,,,0.0,insufficient_history,,decomposition,IEK
щт-0001653,компл,2026-09-01,,,1.0,0.0,,,,0.0,insufficient_history,,decomposition,IEK
щт-0001654,шт,2026-09-01,,,1.0,0.0,,,,0.0,insufficient_history,,decomposition,IEK
щт-0001786,шт,2026-09-01,,,1.0,0.0,,,,0.0,insufficient_history,,decomposition,IEK
щт-0001802,шт,2026-09-01,,,1.0,0.0,,,,0.0,insufficient_history,,decomposition,IEK
щт-0001952,шт,2026-09-01,,,1.0,0.0,,,,0.0,insufficient_history,,decomposition,IEK
щт-0002132,м,2026-09-01,,,1.0,0.0,,,,0.0,insufficient_history,,decomposition,IEK
щт-0002147,шт,2026-09-01,,,1.0,0.0,,,,0.0,insufficient_history,,decomposition,IEK
щт-0002159,шт,2026-09-01,,,1.0,0.0,,,,0.0,insufficient_history,,decomposition,IEK
щт-0002161,шт,2026-09-01,,,1.0,0.0,,,,0.0,insufficient_history,,decomposition,IEK
щт-0002162,шт,2026-09-01,,,1.0,0.0,,,,0.0,insufficient_history,,decomposition,IEK
щт-0022248,шт,2026-09-01,,,1.0,0.0,,,,0.0,insufficient_history,,decomposition,IEK
щт00222756,шт,2026-09-01,,,1.0,0.0,,,,0.0,insufficient_history,,decomposition,IEK
щт00222819,шт,2026-09-01,,,1.0,0.0,,,,0.0,insufficient_history,,decomposition,IEK
щт00222922,упак,2026-09-01,,,1.0,0.0,,,,0.0,insufficient_history,,decomposition,IEK
щт00222923,упак,2026-09-01,,,1.0,0.0,,,,0.0,insufficient_history,,decomposition,IEK
щт00222924,упак,2026-09-01,,,1.0,0.0,,,,0.0,insufficient_history,,decomposition,IEK
щт02229866,шт,2026-09-01,,,1.0,0.0,,,,0.0,insufficient_history,,decomposition,IEK
щт02229878,шт,2026-09-01,,,1.0,0.0,,,,0.0,insufficient_history,,decomposition,IEK
щт02230193,шт,2026-09-01,,,1.0,0.0,,,,0.0,insufficient_history,,decomposition,IEK
щт02230447,шт,2026-09-01,,,1.0,0.0,,,,0.0,insufficient_history,,decomposition,IEK
щт23054819,шт,2026-09-01,,,1.0,0.0,,,,0.0,insufficient_history,,decomposition,IEK
щт23054820,шт,2026-09-01,,,1.0,0.0,,,,0.0,insufficient_history,,decomposition,IEK
щт23055078,шт,2026-09-01,,,1.0,0.0,,,,0.0,insufficient_history,,decomposition,IEK
щт23055283,шт,2026-09-01,,,1.0,0.0,,,,0.0,insufficient_history,,decomposition,IEK
щщ0001047,шт,2026-09-01,,,1.0,0.0,,,,0.0,insufficient_history,,decomposition,IEK
щщ0001050,упак,2026-09-01,,,1.0,0.0,,,,0.0,insufficient_history,,decomposition,IEK
щщ11503042,шт,2026-09-01,3.0,3.0,1.0,0.0,22.0,0.0,3.0,0.0,forecast,neutral_seasonality_insufficient_evidence;insufficient_recent_history;all_known_history_stale,decomposition,IEK
щщщ0115411,шт,2026-09-01,,,1.0,0.0,,,,0.0,insufficient_history,,decomposition,IEK
щщщ0115439,шт,2026-09-01,,,1.0,0.0,,,,0.0,insufficient_history,,decomposition,IEK
щщщ0115997,шт,2026-09-01,,,1.0,0.0,,,,0.0,insufficient_history,,decomposition,IEK
щщщ0116026,шт,2026-09-01,,,1.0,0.0,,,,0.0,insufficient_history,,decomposition,IEK
щщщ0116027,шт,2026-09-01,,,1.0,0.0,,,,0.0,insufficient_history,,decomposition,IEK
щщщ0116033,шт,2026-09-01,,,1.0,0.0,,,,0.0,insufficient_history,,decomposition,IEK
щщщ0116039,шт,2026-09-01,,,1.0,0.0,,,,0.0,insufficient_history,,decomposition,IEK
щщщ0116157,шт,2026-09-01,6.0,6.0,1.0,0.0,14.0,0.0,6.0,0.0,forecast,neutral_seasonality_insufficient_evidence;insufficient_recent_history;all_known_history_stale,decomposition,IEK
щщщ0116826,шт,2026-09-01,,,1.0,0.0,,,,0.0,insufficient_history,,decomposition,IEK
ярп40100,шт,2026-09-01,,,1.0,0.0,,,,0.0,insufficient_history,,decomposition,IEK
ярп40110,шт,2026-09-01,,,1.0,0.0,,,,0.0,insufficient_history,,decomposition,IEK
ярп40129,шт,2026-09-01,,,1.0,0.0,,,,0.0,insufficient_history,,decomposition,IEK
ярп40132,шт,2026-09-01,6.0,6.0,1.0,0.0,2.0,0.0,6.0,0.0,forecast,neutral_seasonality_insufficient_evidence;insufficient_recent_history,decomposition,IEK
ярп40134,шт,2026-09-01,4.5,4.5,1.0,0.0,23.75,0.0,4.5,0.0,forecast,neutral_seasonality_insufficient_evidence;insufficient_recent_history;all_known_history_stale,decomposition,IEK
ярп40135,шт,2026-09-01,,,1.0,0.0,,,,0.0,insufficient_history,,decomposition,IEK
ярп40167,шт,2026-09-01,,,1.0,0.0,,,,0.0,insufficient_history,,decomposition,IEK
ярп40217,,2026-09-01,,,1.0,0.0,,,,0.0,insufficient_history,,decomposition,IEK
ярп40218,,2026-09-01,,,1.0,0.0,,,,0.0,insufficient_history,,decomposition,IEK
ярп40219,шт,2026-09-01,,,1.0,0.0,,,,0.0,insufficient_history,,decomposition,IEK
ярп40220,,2026-09-01,,,1.0,0.0,,,,0.0,insufficient_history,,decomposition,IEK
ярп40221,шт,2026-09-01,,,1.0,0.0,,,,0.0,insufficient_history,,decomposition,IEK
ярп40222,шт,2026-09-01,2.25,2.25,1.0,0.0,23.25,0.0,2.25,0.0,forecast,neutral_seasonality_insufficient_evidence;insufficient_recent_history;all_known_history_stale,decomposition,IEK
ярп40223,шт,2026-09-01,,,1.0,0.0,,,,0.0,insufficient_history,,decomposition,IEK
ярп40225,шт,2026-09-01,,,1.0,0.0,,,,0.0,insufficient_history,,decomposition,IEK
ярп40227,шт,2026-09-01,,,1.0,0.0,,,,0.0,insufficient_history,,decomposition,IEK
ярп40228,,2026-09-01,,,1.0,0.0,,,,0.0,insufficient_history,,decomposition,IEK
ярп40229,,2026-09-01,,,1.0,0.0,,,,0.0,insufficient_history,,decomposition,IEK
ярп40230,,2026-09-01,,,1.0,0.0,,,,0.0,insufficient_history,,decomposition,IEK
ярп40231,,2026-09-01,,,1.0,0.0,,,,0.0,insufficient_history,,decomposition,IEK
ярп40232,,2026-09-01,,,1.0,0.0,,,,0.0,insufficient_history,,decomposition,IEK
ярп40236,,2026-09-01,,,1.0,0.0,,,,0.0,insufficient_history,,decomposition,IEK
ярп40237,,2026-09-01,,,1.0,0.0,,,,0.0,insufficient_history,,decomposition,IEK
ярп40238,,2026-09-01,,,1.0,0.0,,,,0.0,insufficient_history,,decomposition,IEK
ярп40239,шт,2026-09-01,,,1.0,0.0,,,,0.0,insufficient_history,,decomposition,IEK
ярп40240,шт,2026-09-01,,,1.0,0.0,,,,0.0,insufficient_history,,decomposition,IEK
ярп40241,,2026-09-01,,,1.0,0.0,,,,0.0,insufficient_history,,decomposition,IEK
ярп40242,шт,2026-09-01,,,1.0,0.0,,,,0.0,insufficient_history,,decomposition,IEK
ярп40243,,2026-09-01,,,1.0,0.0,,,,0.0,insufficient_history,,decomposition,IEK
ярп40244,шт,2026-09-01,1.2857142857142858,1.2857142857142858,1.0,0.0,22.142857142858702,0.0,1.2857142857142858,0.0,forecast,neutral_seasonality_insufficient_evidence;insufficient_recent_history;all_known_history_stale,decomposition,IEK
ярп40245,шт,2026-09-01,,,1.0,0.0,,,,0.0,insufficient_history,,decomposition,IEK
ярп40246,шт,2026-09-01,,,1.0,0.0,,,,0.0,insufficient_history,,decomposition,IEK
ярп40247,,2026-09-01,,,1.0,0.0,,,,0.0,insufficient_history,,decomposition,IEK
ярп40248,,2026-09-01,,,1.0,0.0,,,,0.0,insufficient_history,,decomposition,IEK
ярп40249,,2026-09-01,,,1.0,0.0,,,,0.0,insufficient_history,,decomposition,IEK
ярп40255,шт,2026-09-01,10.5,10.5,1.0,0.0,2.0,0.0,10.5,0.0,forecast,neutral_seasonality_insufficient_evidence;insufficient_recent_history,decomposition,IEK
ярп40256,шт,2026-09-01,10.666666666666666,10.666666666666666,1.0,0.0,5.0,0.0,10.666666666666666,0.0,forecast,neutral_seasonality_insufficient_evidence;insufficient_recent_history;6_calendar_months,decomposition,IEK
ярп40257,шт,2026-09-01,55.75316404245743,41.83191679338818,1.3327900874786018,0.0,2.0,0.0,41.83191679338818,0.0,forecast,unstable_trend_disabled,decomposition,IEK
ярп40260,шт,2026-09-01,5.0436714276030346,4.149945577461801,1.2153584507216253,0.0,2.0,0.0,4.149945577461801,0.0,forecast,unstable_trend_disabled,decomposition,IEK
ярп40265,,2026-09-01,,,1.0,0.0,,,,0.0,insufficient_history,,decomposition,IEK
ярп40266,шт,2026-09-01,,,1.0,0.0,,,,0.0,insufficient_history,,decomposition,IEK
ярп40267,шт,2026-09-01,2.0,2.0,1.0,0.0,6.0,0.0,2.0,0.0,forecast,neutral_seasonality_insufficient_evidence;insufficient_recent_history;6_calendar_months,decomposition,IEK
ярп40268,,2026-09-01,,,1.0,0.0,,,,0.0,insufficient_history,,decomposition,IEK
ярп40269,шт,2026-09-01,4.666666666666667,4.666666666666667,1.0,0.0,24.33333333333212,0.0,4.666666666666667,0.0,forecast,neutral_seasonality_insufficient_evidence;insufficient_recent_history;all_known_history_stale,decomposition,IEK
ярп40270,,2026-09-01,,,1.0,0.0,,,,0.0,insufficient_history,,decomposition,IEK
ярп40271,шт,2026-09-01,3.5,3.5,1.0,0.0,24.75,0.0,3.5,0.0,forecast,neutral_seasonality_insufficient_evidence;insufficient_recent_history;all_known_history_stale,decomposition,IEK
ярп40273,,2026-09-01,,,1.0,0.0,,,,0.0,insufficient_history,,decomposition,IEK
ярп40274,,2026-09-01,,,1.0,0.0,,,,0.0,insufficient_history,,decomposition,IEK
ярп40276,,2026-09-01,,,1.0,0.0,,,,0.0,insufficient_history,,decomposition,IEK
ярп40277,упак,2026-09-01,10.0,10.0,1.0,0.0,2.0,0.0,10.0,0.0,forecast,neutral_seasonality_insufficient_evidence;insufficient_recent_history,decomposition,IEK
ярп40280,,2026-09-01,,,1.0,0.0,,,,0.0,insufficient_history,,decomposition,IEK
ярп40281,шт,2026-09-01,,,1.0,0.0,,,,0.0,insufficient_history,,decomposition,IEK
ярп40282,,2026-09-01,,,1.0,0.0,,,,0.0,insufficient_history,,decomposition,IEK
ярп40309,шт,2026-09-01,,,1.0,0.0,,,,0.0,insufficient_history,,decomposition,IEK
ярп40395,шт,2026-09-01,,,1.0,0.0,,,,0.0,insufficient_history,,decomposition,IEK
ярп40510,шт,2026-09-01,,,1.0,0.0,,,,0.0,insufficient_history,,decomposition,IEK
ярп4200,шт,2026-09-01,,,1.0,0.0,,,,0.0,insufficient_history,,decomposition,IEK
ярп4211,шт,2026-09-01,,,1.0,0.0,,,,0.0,insufficient_history,,decomposition,IEK
ярп4252,шт,2026-09-01,,,1.0,0.0,,,,0.0,insufficient_history,,decomposition,IEK
ярп4303,упак,2026-09-01,,,1.0,0.0,,,,0.0,insufficient_history,,decomposition,IEK
ярп4385,шт,2026-09-01,,,1.0,0.0,,,,0.0,insufficient_history,,decomposition,IEK
ярп4522,шт,2026-09-01,,,1.0,0.0,,,,0.0,insufficient_history,,decomposition,IEK
ярп4546,шт,2026-09-01,,,1.0,0.0,,,,0.0,insufficient_history,,decomposition,IEK
ярп4571,шт,2026-09-01,,,1.0,0.0,,,,0.0,insufficient_history,,decomposition,IEK
ярп4665,шт,2026-09-01,2.0,2.0,1.0,0.0,11.33333333333212,0.0,2.0,0.0,forecast,neutral_seasonality_insufficient_evidence;insufficient_recent_history;all_known_history_stale,decomposition,IEK
ярп4673,шт,2026-09-01,,,1.0,0.0,,,,0.0,insufficient_history,,decomposition,IEK
ярп4795,шт,2026-09-01,,,1.0,0.0,,,,0.0,insufficient_history,,decomposition,IEK
ярп4890,шт,2026-09-01,,,1.0,0.0,,,,0.0,insufficient_history,,decomposition,IEK
ярп5549,шт,2026-09-01,6.0,6.0,1.0,0.0,2.0,0.0,6.0,0.0,forecast,neutral_seasonality_insufficient_evidence;insufficient_recent_history,decomposition,IEK
ярп5602,шт,2026-09-01,,,1.0,0.0,,,,0.0,insufficient_history,,decomposition,IEK
ярп5605,шт,2026-09-01,30.0,30.0,1.0,0.0,1.0,0.0,30.0,0.0,forecast,neutral_seasonality_insufficient_evidence;insufficient_recent_history,decomposition,IEK
ярп5628,шт,2026-09-01,,,1.0,0.0,,,,0.0,insufficient_history,,decomposition,IEK
ярп5852,шт,2026-09-01,,,1.0,0.0,,,,0.0,insufficient_history,,decomposition,IEK
ярп5867,шт,2026-09-01,,,1.0,0.0,,,,0.0,insufficient_history,,decomposition,IEK
ярп5962,шт,2026-09-01,,,1.0,0.0,,,,0.0,insufficient_history,,decomposition,IEK
ярп6058,шт,2026-09-01,3.3333333333333335,3.3333333333333335,1.0,0.0,16.0,0.0,3.3333333333333335,0.0,forecast,neutral_seasonality_insufficient_evidence;insufficient_recent_history;all_known_history_stale,decomposition,IEK
ярп6059,шт,2026-09-01,,,1.0,0.0,,,,0.0,insufficient_history,,decomposition,IEK
ярп6060,шт,2026-09-01,,,1.0,0.0,,,,0.0,insufficient_history,,decomposition,IEK
ярп6181,шт,2026-09-01,,,1.0,0.0,,,,0.0,insufficient_history,,decomposition,IEK
ярп6182,шт,2026-09-01,4.5,4.5,1.0,0.0,22.5,0.0,4.5,0.0,forecast,neutral_seasonality_insufficient_evidence;insufficient_recent_history;all_known_history_stale,decomposition,IEK
ярп6188,шт,2026-09-01,,,1.0,0.0,,,,0.0,insufficient_history,,decomposition,IEK
яярп4532,шт,2026-09-01,,,1.0,0.0,,,,0.0,insufficient_history,,decomposition,IEK
яярп4533,шт,2026-09-01,,,1.0,0.0,,,,0.0,insufficient_history,,decomposition,IEK
яярп4610,шт,2026-09-01,,,1.0,0.0,,,,0.0,insufficient_history,,decomposition,IEK
яярп4772,шт,2026-09-01,,,1.0,0.0,,,,0.0,insufficient_history,,decomposition,IEK
яярп4773,шт,2026-09-01,,,1.0,0.0,,,,0.0,insufficient_history,,decomposition,IEK
яярп4792,шт,2026-09-01,,,1.0,0.0,,,,0.0,insufficient_history,,decomposition,IEK
яярп4811,шт,2026-09-01,1.0,1.0,1.0,0.0,6.0,0.0,1.0,0.0,forecast,neutral_seasonality_insufficient_evidence;insufficient_recent_history;6_calendar_months,decomposition,IEK
яярп4814,шт,2026-09-01,,,1.0,0.0,,,,0.0,insufficient_history,,decomposition,IEK
яярп4829,шт,2026-09-01,,,1.0,0.0,,,,0.0,insufficient_history,,decomposition,IEK
яярп4849,шт,2026-09-01,,,1.0,0.0,,,,0.0,insufficient_history,,decomposition,IEK
яярп4855,шт,2026-09-01,,,1.0,0.0,,,,0.0,insufficient_history,,decomposition,IEK
яярп6001,м,2026-09-01,,,1.0,0.0,,,,0.0,insufficient_history,,decomposition,IEK
яяярп5300,шт,2026-09-01,27.333333333333332,27.333333333333332,1.0,0.0,29.33333333333212,0.0,27.333333333333332,0.0,forecast,neutral_seasonality_insufficient_evidence;insufficient_recent_history;all_known_history_stale,decomposition,IEK
яяярп5540,шт,2026-09-01,,,1.0,0.0,,,,0.0,insufficient_history,,decomposition,IEK
яяярп5542,шт,2026-09-01,,,1.0,0.0,,,,0.0,insufficient_history,,decomposition,IEK
яяяярп5518,шт,2026-09-01,,,1.0,0.0,,,,0.0,insufficient_history,,decomposition,IEK
