sku,unit,target_month,predicted_qty,status,model,supplier_id
0000352,шт,2026-09-01,,insufficient_history,boosting_squared,IEK
010300001_,шт,2026-09-01,10.109377101567565,forecast,boosting_squared,IEK
010300002_,шт,2026-09-01,194.33742198388092,forecast,boosting_squared,IEK
010300003_,шт,2026-09-01,124.56678461547993,forecast,boosting_squared,IEK
010300004_,шт,2026-09-01,17.88343939196118,forecast,boosting_squared,IEK
010300005_,шт,2026-09-01,58.36628835429996,forecast,boosting_squared,IEK
010300006_,шт,2026-09-01,175.54115820327613,forecast,boosting_squared,IEK
010300007_,шт,2026-09-01,46.07366862190641,forecast,boosting_squared,IEK
010300008_,шт,2026-09-01,21.468734752627547,forecast,boosting_squared,IEK
010300009_,шт,2026-09-01,17.98995381515817,forecast,boosting_squared,IEK
010300010_,шт,2026-09-01,21.859491085080144,forecast,boosting_squared,IEK
010300011_,шт,2026-09-01,24.808513077920043,forecast,boosting_squared,IEK
010300012_,шт,2026-09-01,13.801179092166755,forecast,boosting_squared,IEK
010300013_,шт,2026-09-01,15.12200818008145,forecast,boosting_squared,IEK
010300014_,шт,2026-09-01,82.81795123938441,forecast,boosting_squared,IEK
010300015_,шт,2026-09-01,144.23027436924284,forecast,boosting_squared,IEK
010300016_,шт,2026-09-01,61.1369852379386,forecast,boosting_squared,IEK
010300017_,шт,2026-09-01,107.0245736302428,forecast,boosting_squared,IEK
010300018_,шт,2026-09-01,21.46194624902031,forecast,boosting_squared,IEK
010300019_,шт,2026-09-01,12.821388288924124,forecast,boosting_squared,IEK
010300020_,шт,2026-09-01,13.356057648825534,forecast,boosting_squared,IEK
010300021_,шт,2026-09-01,21.31904230171976,forecast,boosting_squared,IEK
010300023_,шт,2026-09-01,16.556615172433624,forecast,boosting_squared,IEK
010300024_,шт,2026-09-01,1.476439806715056,forecast,boosting_squared,IEK
010300052_,шт,2026-09-01,6.034681230059043,forecast,boosting_squared,IEK
010300053_,шт,2026-09-01,895.8266847252552,forecast,boosting_squared,IEK
010300057_,шт,2026-09-01,121.91302050730867,forecast,boosting_squared,IEK
010300066_,,2026-09-01,,insufficient_history,boosting_squared,IEK
010300068_,шт,2026-09-01,1.3483086099365795,forecast,boosting_squared,IEK
010300069_,шт,2026-09-01,1.2484135386587325,forecast,boosting_squared,IEK
010300074_,шт,2026-09-01,76.63675250314758,forecast,boosting_squared,IEK
010300075_,шт,2026-09-01,850.069989443756,forecast,boosting_squared,IEK
010300094_,шт,2026-09-01,15.17360981538979,forecast,boosting_squared,IEK
010300095_,шт,2026-09-01,138.13357964592169,forecast,boosting_squared,IEK
010300096_,шт,2026-09-01,278.36023615982504,forecast,boosting_squared,IEK
010300103_,шт,2026-09-01,2.1968234341751915,forecast,boosting_squared,IEK
010300108_,шт,2026-09-01,,insufficient_history,boosting_squared,IEK
010300115_,шт,2026-09-01,,insufficient_history,boosting_squared,IEK
010300121_,шт,2026-09-01,189.59533384221,forecast,boosting_squared,IEK
010300122_,шт,2026-09-01,2.4659146338663844,forecast,boosting_squared,IEK
010300123_,шт,2026-09-01,17.413223549694095,forecast,boosting_squared,IEK
010300124_,шт,2026-09-01,2.688727219391241,forecast,boosting_squared,IEK
010300125_,шт,2026-09-01,3.1476446181903635,forecast,boosting_squared,IEK
010300127_,шт,2026-09-01,7.412167421412031,forecast,boosting_squared,IEK
010300130_,шт,2026-09-01,,insufficient_history,boosting_squared,IEK
010300131_,шт,2026-09-01,2.5686881640048562,forecast,boosting_squared,IEK
010300142_,шт,2026-09-01,1.635306783576025,forecast,boosting_squared,IEK
010300144_,шт,2026-09-01,,insufficient_history,boosting_squared,IEK
010300150_,шт,2026-09-01,3.778158037344539,forecast,boosting_squared,IEK
010300153_,шт,2026-09-01,,insufficient_history,boosting_squared,IEK
010300156_,шт,2026-09-01,,insufficient_history,boosting_squared,IEK
010300157_,шт,2026-09-01,,insufficient_history,boosting_squared,IEK
010300159_,шт,2026-09-01,,insufficient_history,boosting_squared,IEK
010300160_,шт,2026-09-01,,insufficient_history,boosting_squared,IEK
010300161_,шт,2026-09-01,,insufficient_history,boosting_squared,IEK
010300162_,шт,2026-09-01,,insufficient_history,boosting_squared,IEK
010300163_,шт,2026-09-01,,insufficient_history,boosting_squared,IEK
010300164_,,2026-09-01,,insufficient_history,boosting_squared,IEK
010300165_,шт,2026-09-01,,insufficient_history,boosting_squared,IEK
010300166_,шт,2026-09-01,,insufficient_history,boosting_squared,IEK
010300167_,шт,2026-09-01,,insufficient_history,boosting_squared,IEK
010300168_,шт,2026-09-01,,insufficient_history,boosting_squared,IEK
010300169_,шт,2026-09-01,8.305062250195983,forecast,boosting_squared,IEK
010300170_,,2026-09-01,,insufficient_history,boosting_squared,IEK
010300171_,шт,2026-09-01,,insufficient_history,boosting_squared,IEK
010300184_,шт,2026-09-01,,insufficient_history,boosting_squared,IEK
010300185_,шт,2026-09-01,,insufficient_history,boosting_squared,IEK
010300188_,шт,2026-09-01,2.455537546884637,forecast,boosting_squared,IEK
010300189_,шт,2026-09-01,,insufficient_history,boosting_squared,IEK
010300191_,шт,2026-09-01,,insufficient_history,boosting_squared,IEK
010300200_,шт,2026-09-01,,insufficient_history,boosting_squared,IEK
010300239_,шт,2026-09-01,2.854845836462489,forecast,boosting_squared,IEK
010300242_,шт,2026-09-01,5.551952894934717,forecast,boosting_squared,IEK
010300250_,шт,2026-09-01,,insufficient_history,boosting_squared,IEK
010300251_,шт,2026-09-01,1.512502116112156,forecast,boosting_squared,IEK
010300252_,шт,2026-09-01,1.5290213209757901,forecast,boosting_squared,IEK
010400842_,шт,2026-09-01,,insufficient_history,boosting_squared,IEK
010400849_,шт,2026-09-01,5.396613982274147,forecast,boosting_squared,IEK
010400850_,шт,2026-09-01,11.930913963995195,forecast,boosting_squared,IEK
010400854_,шт,2026-09-01,12.665608892805912,forecast,boosting_squared,IEK
010400865_,шт,2026-09-01,12.201670102020126,forecast,boosting_squared,IEK
010400867_,шт,2026-09-01,12.459876439391374,forecast,boosting_squared,IEK
010400925_,шт,2026-09-01,7.050078368842994,forecast,boosting_squared,IEK
010400926_,шт,2026-09-01,2.361519689443134,forecast,boosting_squared,IEK
010400927_,шт,2026-09-01,8.377323450699906,forecast,boosting_squared,IEK
010400928_,шт,2026-09-01,8.12883154540374,forecast,boosting_squared,IEK
010400929_,шт,2026-09-01,5.754375520496259,forecast,boosting_squared,IEK
010400930_,шт,2026-09-01,2.4061430695042523,forecast,boosting_squared,IEK
010400931_,шт,2026-09-01,4.076530938216284,forecast,boosting_squared,IEK
010400932_,шт,2026-09-01,2.5295916281846895,forecast,boosting_squared,IEK
010400933_,шт,2026-09-01,5.455567336879855,forecast,boosting_squared,IEK
010400934_,шт,2026-09-01,12.538315361184099,forecast,boosting_squared,IEK
010400939_,шт,2026-09-01,,insufficient_history,boosting_squared,IEK
010400940_,шт,2026-09-01,,insufficient_history,boosting_squared,IEK
010400941_,шт,2026-09-01,,insufficient_history,boosting_squared,IEK
010400942_,шт,2026-09-01,,insufficient_history,boosting_squared,IEK
010400943_,шт,2026-09-01,,insufficient_history,boosting_squared,IEK
010400944_,шт,2026-09-01,,insufficient_history,boosting_squared,IEK
010400945_,шт,2026-09-01,,insufficient_history,boosting_squared,IEK
010400946_,шт,2026-09-01,,insufficient_history,boosting_squared,IEK
010400947_,шт,2026-09-01,,insufficient_history,boosting_squared,IEK
010400948_,шт,2026-09-01,,insufficient_history,boosting_squared,IEK
010400949_,шт,2026-09-01,,insufficient_history,boosting_squared,IEK
010400950_,шт,2026-09-01,,insufficient_history,boosting_squared,IEK
010400951_,шт,2026-09-01,,insufficient_history,boosting_squared,IEK
010400952_,шт,2026-09-01,,insufficient_history,boosting_squared,IEK
010400953_,шт,2026-09-01,,insufficient_history,boosting_squared,IEK
010400954_,шт,2026-09-01,,insufficient_history,boosting_squared,IEK
010400955_,шт,2026-09-01,,insufficient_history,boosting_squared,IEK
010400956_,шт,2026-09-01,,insufficient_history,boosting_squared,IEK
010400957_,шт,2026-09-01,,insufficient_history,boosting_squared,IEK
010400958_,шт,2026-09-01,,insufficient_history,boosting_squared,IEK
010500001_,шт,2026-09-01,33.29294235497538,forecast,boosting_squared,IEK
010500002_,шт,2026-09-01,,insufficient_history,boosting_squared,IEK
010500003_,шт,2026-09-01,36.49065038098844,forecast,boosting_squared,IEK
010500004_,шт,2026-09-01,1299.2977356768909,forecast,boosting_squared,IEK
010500005_,шт,2026-09-01,3144.818919429421,forecast,boosting_squared,IEK
010500006_,шт,2026-09-01,23501.709523943264,forecast,boosting_squared,IEK
010500007_,шт,2026-09-01,719.6161844534666,forecast,boosting_squared,IEK
010500008_,шт,2026-09-01,15369.620674407337,forecast,boosting_squared,IEK
010500009_,шт,2026-09-01,3061.3355735073987,forecast,boosting_squared,IEK
010500010_,шт,2026-09-01,744.5956596840766,forecast,boosting_squared,IEK
010500011_,шт,2026-09-01,291.14371871939954,forecast,boosting_squared,IEK
010500012_,шт,2026-09-01,402.93303631007666,forecast,boosting_squared,IEK
010500014_,,2026-09-01,,insufficient_history,boosting_squared,IEK
010500015_,,2026-09-01,,insufficient_history,boosting_squared,IEK
010500017_,шт,2026-09-01,7.89855435254687,forecast,boosting_squared,IEK
010500018_,шт,2026-09-01,265.4266712836463,forecast,boosting_squared,IEK
010500019_,шт,2026-09-01,2395.6869386527565,forecast,boosting_squared,IEK
010500020_,шт,2026-09-01,36.7429006693331,forecast,boosting_squared,IEK
010500021_,шт,2026-09-01,4497.173625879535,forecast,boosting_squared,IEK
010500022_,шт,2026-09-01,1215.104714512293,forecast,boosting_squared,IEK
010500023_,шт,2026-09-01,629.1923372442675,forecast,boosting_squared,IEK
010500024_,шт,2026-09-01,233.5438132798676,forecast,boosting_squared,IEK
010500025_,шт,2026-09-01,326.6143542579879,forecast,boosting_squared,IEK
010500027_,,2026-09-01,,insufficient_history,boosting_squared,IEK
010500028_,,2026-09-01,,insufficient_history,boosting_squared,IEK
010500029_,шт,2026-09-01,3.4778406773304256,forecast,boosting_squared,IEK
010500030_,шт,2026-09-01,10.154717720538764,forecast,boosting_squared,IEK
010500031_,шт,2026-09-01,40.04043749707169,forecast,boosting_squared,IEK
010500032_,шт,2026-09-01,130.38918223799544,forecast,boosting_squared,IEK
010500033_,шт,2026-09-01,821.4778302042738,forecast,boosting_squared,IEK
010500034_,шт,2026-09-01,83.83431357426805,forecast,boosting_squared,IEK
010500035_,шт,2026-09-01,1662.6108245795638,forecast,boosting_squared,IEK
010500036_,шт,2026-09-01,1443.9522054648564,forecast,boosting_squared,IEK
010500037_,шт,2026-09-01,852.4331263995288,forecast,boosting_squared,IEK
010500038_,шт,2026-09-01,414.6062744913677,forecast,boosting_squared,IEK
010500039_,шт,2026-09-01,1337.3213400342097,forecast,boosting_squared,IEK
010500040_,шт,2026-09-01,15.460668528382719,forecast,boosting_squared,IEK
010500041_,шт,2026-09-01,11.792268364183736,forecast,boosting_squared,IEK
010500042_,шт,2026-09-01,24.9402825566085,forecast,boosting_squared,IEK
010500044_,шт,2026-09-01,23.592013246752835,forecast,boosting_squared,IEK
010500045_,,2026-09-01,,insufficient_history,boosting_squared,IEK
010500046_,шт,2026-09-01,8.924170862666328,forecast,boosting_squared,IEK
010500047_,шт,2026-09-01,5.255595297206961,forecast,boosting_squared,IEK
010500048_,шт,2026-09-01,45.41770370618639,forecast,boosting_squared,IEK
010500050_,шт,2026-09-01,2.4008292692291486,forecast,boosting_squared,IEK
010500053_,шт,2026-09-01,6.0710074754042225,forecast,boosting_squared,IEK
010500054_,шт,2026-09-01,10.267720548051095,forecast,boosting_squared,IEK
010500063_,шт,2026-09-01,9.869938307716431,forecast,boosting_squared,IEK
010500068_,шт,2026-09-01,8.408904248547522,forecast,boosting_squared,IEK
010500082_,шт,2026-09-01,2.0998008581337864,forecast,boosting_squared,IEK
010500090_,шт,2026-09-01,11.291671269249745,forecast,boosting_squared,IEK
010500091_,шт,2026-09-01,1.2484135386587325,forecast,boosting_squared,IEK
010500092_,шт,2026-09-01,9.738361087939003,forecast,boosting_squared,IEK
010500093_,шт,2026-09-01,16.122882520858646,forecast,boosting_squared,IEK
010500094_,шт,2026-09-01,13.954075295081418,forecast,boosting_squared,IEK
010500095_,шт,2026-09-01,21.021818326745827,forecast,boosting_squared,IEK
010500101_,шт,2026-09-01,14.08671242031851,forecast,boosting_squared,IEK
010500102_,шт,2026-09-01,23.40206193492712,forecast,boosting_squared,IEK
010500103_,шт,2026-09-01,254.91752253748334,forecast,boosting_squared,IEK
010500110_,,2026-09-01,,insufficient_history,boosting_squared,IEK
010500111_,шт,2026-09-01,12.500067268225129,forecast,boosting_squared,IEK
010500122_,шт,2026-09-01,88.22370067118506,forecast,boosting_squared,IEK
010500123_,шт,2026-09-01,10.803435721079042,forecast,boosting_squared,IEK
010500124_,шт,2026-09-01,35.6985789058393,forecast,boosting_squared,IEK
010500129_,шт,2026-09-01,,insufficient_history,boosting_squared,IEK
010500136_,шт,2026-09-01,,insufficient_history,boosting_squared,IEK
010500137_,шт,2026-09-01,,insufficient_history,boosting_squared,IEK
010500138_,шт,2026-09-01,16.85516670827131,forecast,boosting_squared,IEK
010500139_,шт,2026-09-01,155.5982777619024,forecast,boosting_squared,IEK
010500140_,,2026-09-01,,insufficient_history,boosting_squared,IEK
010500141_,шт,2026-09-01,,insufficient_history,boosting_squared,IEK
010500142_,,2026-09-01,,insufficient_history,boosting_squared,IEK
010500143_,шт,2026-09-01,,insufficient_history,boosting_squared,IEK
010500144_,,2026-09-01,,insufficient_history,boosting_squared,IEK
010500145_,шт,2026-09-01,28.617962726902668,forecast,boosting_squared,IEK
010500147_,шт,2026-09-01,,insufficient_history,boosting_squared,IEK
010500148_,шт,2026-09-01,2.481679640929811,forecast,boosting_squared,IEK
010500149_,шт,2026-09-01,,insufficient_history,boosting_squared,IEK
010500150_,шт,2026-09-01,,insufficient_history,boosting_squared,IEK
010500151_,шт,2026-09-01,,insufficient_history,boosting_squared,IEK
010500152_,шт,2026-09-01,,insufficient_history,boosting_squared,IEK
010500153_,шт,2026-09-01,,insufficient_history,boosting_squared,IEK
010500154_,,2026-09-01,,insufficient_history,boosting_squared,IEK
010500156_,шт,2026-09-01,,insufficient_history,boosting_squared,IEK
010500157_,шт,2026-09-01,,insufficient_history,boosting_squared,IEK
010500158_,,2026-09-01,,insufficient_history,boosting_squared,IEK
010500159_,,2026-09-01,,insufficient_history,boosting_squared,IEK
010500160_,шт,2026-09-01,,insufficient_history,boosting_squared,IEK
010500161_,,2026-09-01,,insufficient_history,boosting_squared,IEK
010500162_,шт,2026-09-01,,insufficient_history,boosting_squared,IEK
010500163_,шт,2026-09-01,,insufficient_history,boosting_squared,IEK
010500187_,шт,2026-09-01,3.7118291005794206,forecast,boosting_squared,IEK
010500188_,шт,2026-09-01,5.050979097018541,forecast,boosting_squared,IEK
010700001_,шт,2026-09-01,54.33743965214205,forecast,boosting_squared,IEK
010700002_,шт,2026-09-01,355.1026075817098,forecast,boosting_squared,IEK
010700003_,шт,2026-09-01,128.6299298189773,forecast,boosting_squared,IEK
010700016_,шт,2026-09-01,,insufficient_history,boosting_squared,IEK
010700021_,шт,2026-09-01,3.462409080009399,forecast,boosting_squared,IEK
010700029_,шт,2026-09-01,18.34852741273041,forecast,boosting_squared,IEK
010700030_,шт,2026-09-01,22.332889425617353,forecast,boosting_squared,IEK
010700031_,шт,2026-09-01,18.21920276102422,forecast,boosting_squared,IEK
010700032_,шт,2026-09-01,20.11838974644568,forecast,boosting_squared,IEK
010700036_,шт,2026-09-01,,insufficient_history,boosting_squared,IEK
010700037_,шт,2026-09-01,,insufficient_history,boosting_squared,IEK
010700041_,шт,2026-09-01,3.7118291005794206,forecast,boosting_squared,IEK
010700042_,шт,2026-09-01,3.2480286870660966,forecast,boosting_squared,IEK
010700043_,шт,2026-09-01,4.20803769550747,forecast,boosting_squared,IEK
010700044_,шт,2026-09-01,3.2480286870660966,forecast,boosting_squared,IEK
010700045_,шт,2026-09-01,0.9334861666093068,forecast,boosting_squared,IEK
010700046_,шт,2026-09-01,1.0501719374354703,forecast,boosting_squared,IEK
010700047_,шт,2026-09-01,,insufficient_history,boosting_squared,IEK
010700048_,шт,2026-09-01,,insufficient_history,boosting_squared,IEK
010700049_,шт,2026-09-01,,insufficient_history,boosting_squared,IEK
010700055_,шт,2026-09-01,2.009856261016883,forecast,boosting_squared,IEK
010700057_,,2026-09-01,,insufficient_history,boosting_squared,IEK
010700058_,шт,2026-09-01,,insufficient_history,boosting_squared,IEK
010700059_,шт,2026-09-01,,insufficient_history,boosting_squared,IEK
010700068_,шт,2026-09-01,2.38107406929501,forecast,boosting_squared,IEK
010700071_,шт,2026-09-01,3.0685645610672014,forecast,boosting_squared,IEK
010700081_,,2026-09-01,,insufficient_history,boosting_squared,IEK
010700082_,,2026-09-01,,insufficient_history,boosting_squared,IEK
010700084_,шт,2026-09-01,1.6601107941982736,forecast,boosting_squared,IEK
010700102_,шт,2026-09-01,36.07957940074266,forecast,boosting_squared,IEK
010700103_,шт,2026-09-01,4.7664533686974195,forecast,boosting_squared,IEK
010700118_,шт,2026-09-01,7.207853369202731,forecast,boosting_squared,IEK
010700133_,шт,2026-09-01,24.423300436461385,forecast,boosting_squared,IEK
010700134_,шт,2026-09-01,53.644488601636624,forecast,boosting_squared,IEK
010700135_,шт,2026-09-01,96.39275473299602,forecast,boosting_squared,IEK
010700136_,шт,2026-09-01,7.713981539354201,forecast,boosting_squared,IEK
010700137_,шт,2026-09-01,37.45630177307717,forecast,boosting_squared,IEK
010700138_,шт,2026-09-01,5.827860304317587,forecast,boosting_squared,IEK
010700139_,шт,2026-09-01,1.2940060993705882,forecast,boosting_squared,IEK
010700140_,шт,2026-09-01,,insufficient_history,boosting_squared,IEK
010700141_,шт,2026-09-01,2.455537546884637,forecast,boosting_squared,IEK
010700142_,шт,2026-09-01,,insufficient_history,boosting_squared,IEK
010700143_,шт,2026-09-01,1.1663834439669365,forecast,boosting_squared,IEK
010700144_,шт,2026-09-01,2.5555248281521834,forecast,boosting_squared,IEK
010700145_,шт,2026-09-01,,insufficient_history,boosting_squared,IEK
010700146_,шт,2026-09-01,4.699775351226874,forecast,boosting_squared,IEK
010700147_,шт,2026-09-01,4.325043992516292,forecast,boosting_squared,IEK
010700148_,шт,2026-09-01,3.7379110240574804,forecast,boosting_squared,IEK
010700149_,шт,2026-09-01,1.9096804917905688,forecast,boosting_squared,IEK
010700150_,шт,2026-09-01,1.5754613721624238,forecast,boosting_squared,IEK
010700151_,шт,2026-09-01,,insufficient_history,boosting_squared,IEK
010700152_,шт,2026-09-01,18.94663595886654,forecast,boosting_squared,IEK
010700153_,шт,2026-09-01,11.45839499961549,forecast,boosting_squared,IEK
010700154_,шт,2026-09-01,1.800658942492842,forecast,boosting_squared,IEK
010700155_,шт,2026-09-01,10.665014931393172,forecast,boosting_squared,IEK
010700156_,шт,2026-09-01,7.26268286046645,forecast,boosting_squared,IEK
010700158_,шт,2026-09-01,4.50428669064046,forecast,boosting_squared,IEK
010700159_,шт,2026-09-01,2.983139739579011,forecast,boosting_squared,IEK
010700160_,шт,2026-09-01,6.935736897820681,forecast,boosting_squared,IEK
010700161_,шт,2026-09-01,3.2824906481057026,forecast,boosting_squared,IEK
010700162_,шт,2026-09-01,1.6939840361255443,forecast,boosting_squared,IEK
010700163_,шт,2026-09-01,4.691090266379566,forecast,boosting_squared,IEK
010700164_,шт,2026-09-01,1.7944369634776822,forecast,boosting_squared,IEK
010700165_,шт,2026-09-01,1.9120381658933745,forecast,boosting_squared,IEK
010700166_,шт,2026-09-01,4.336845973569778,forecast,boosting_squared,IEK
010700167_,шт,2026-09-01,,insufficient_history,boosting_squared,IEK
010700168_,шт,2026-09-01,3.710686579589537,forecast,boosting_squared,IEK
010700169_,шт,2026-09-01,5.86097305857724,forecast,boosting_squared,IEK
010700170_,шт,2026-09-01,11.900703028795636,forecast,boosting_squared,IEK
010700171_,шт,2026-09-01,3.2093391151751303,forecast,boosting_squared,IEK
010700172_,шт,2026-09-01,1.2274358590231145,forecast,boosting_squared,IEK
010700175_,шт,2026-09-01,0.9491343811038859,forecast,boosting_squared,IEK
010800001_,шт,2026-09-01,37.50774302499061,forecast,boosting_squared,IEK
010800002_,шт,2026-09-01,18.8264749354577,forecast,boosting_squared,IEK
010800003_,шт,2026-09-01,47.30473690515692,forecast,boosting_squared,IEK
010800004_,шт,2026-09-01,57.52471859348441,forecast,boosting_squared,IEK
010800005_,шт,2026-09-01,34.85857445392138,forecast,boosting_squared,IEK
010800006_,шт,2026-09-01,13.699119045560447,forecast,boosting_squared,IEK
010800009_,шт,2026-09-01,3.462490808577213,forecast,boosting_squared,IEK
010800010_,шт,2026-09-01,17.22667519369906,forecast,boosting_squared,IEK
010800011_,шт,2026-09-01,13.841384344696149,forecast,boosting_squared,IEK
010800012_,шт,2026-09-01,36.32282617529459,forecast,boosting_squared,IEK
010800015_,шт,2026-09-01,13.7285440417242,forecast,boosting_squared,IEK
010800016_,шт,2026-09-01,27.717262843685006,forecast,boosting_squared,IEK
010800017_,шт,2026-09-01,17.787529244493015,forecast,boosting_squared,IEK
010800018_,шт,2026-09-01,12.31417852744814,forecast,boosting_squared,IEK
010800019_,шт,2026-09-01,,insufficient_history,boosting_squared,IEK
010800020_,шт,2026-09-01,2.223318555671068,forecast,boosting_squared,IEK
010800021_,шт,2026-09-01,,insufficient_history,boosting_squared,IEK
010800022_,шт,2026-09-01,,insufficient_history,boosting_squared,IEK
010800023_,шт,2026-09-01,,insufficient_history,boosting_squared,IEK
010800025_,шт,2026-09-01,1.5776417198074308,forecast,boosting_squared,IEK
010800027_,шт,2026-09-01,31.185625952291584,forecast,boosting_squared,IEK
010800028_,шт,2026-09-01,14.33075493761869,forecast,boosting_squared,IEK
010800029_,шт,2026-09-01,13.5685184005835,forecast,boosting_squared,IEK
010800030_,шт,2026-09-01,5.88414612791768,forecast,boosting_squared,IEK
010800031_,шт,2026-09-01,3.1587194853012113,forecast,boosting_squared,IEK
010800033_,шт,2026-09-01,14.752381351325678,forecast,boosting_squared,IEK
010800034_,шт,2026-09-01,21.411571740607354,forecast,boosting_squared,IEK
010800035_,шт,2026-09-01,37.40432324081089,forecast,boosting_squared,IEK
010800036_,шт,2026-09-01,,insufficient_history,boosting_squared,IEK
010800037_,шт,2026-09-01,,insufficient_history,boosting_squared,IEK
010800038_,шт,2026-09-01,,insufficient_history,boosting_squared,IEK
010800039_,шт,2026-09-01,,insufficient_history,boosting_squared,IEK
010800040_,шт,2026-09-01,,insufficient_history,boosting_squared,IEK
010800041_,шт,2026-09-01,3.242574501242607,forecast,boosting_squared,IEK
010800042_,шт,2026-09-01,,insufficient_history,boosting_squared,IEK
010800044_,,2026-09-01,,insufficient_history,boosting_squared,IEK
010800045_,шт,2026-09-01,2.0834256879675634,forecast,boosting_squared,IEK
010800046_,шт,2026-09-01,1.221122783745494,forecast,boosting_squared,IEK
010800048_,шт,2026-09-01,,insufficient_history,boosting_squared,IEK
010800049_,шт,2026-09-01,,insufficient_history,boosting_squared,IEK
010800050_,шт,2026-09-01,,insufficient_history,boosting_squared,IEK
010800051_,шт,2026-09-01,6.196968184935516,forecast,boosting_squared,IEK
010800052_,шт,2026-09-01,3.316611815224758,forecast,boosting_squared,IEK
010800053_,шт,2026-09-01,7.179762522405705,forecast,boosting_squared,IEK
010800054_,шт,2026-09-01,,insufficient_history,boosting_squared,IEK
010800055_,шт,2026-09-01,11.967224539474845,forecast,boosting_squared,IEK
010800056_,шт,2026-09-01,10.72633615293206,forecast,boosting_squared,IEK
010800057_,шт,2026-09-01,9.211755657702088,forecast,boosting_squared,IEK
010800058_,шт,2026-09-01,,insufficient_history,boosting_squared,IEK
010800060_,шт,2026-09-01,3.275143324040665,forecast,boosting_squared,IEK
010800061_,шт,2026-09-01,0.8012296489127712,forecast,boosting_squared,IEK
010800062_,шт,2026-09-01,3.6699562626878044,forecast,boosting_squared,IEK
010800070_,шт,2026-09-01,8.860710293422455,forecast,boosting_squared,IEK
010800106_,шт,2026-09-01,,insufficient_history,boosting_squared,IEK
010800115_,шт,2026-09-01,,insufficient_history,boosting_squared,IEK
010800139_,шт,2026-09-01,3.7153373111351318,forecast,boosting_squared,IEK
010800202_,,2026-09-01,,insufficient_history,boosting_squared,IEK
010800203_,шт,2026-09-01,,insufficient_history,boosting_squared,IEK
010800204_,,2026-09-01,,insufficient_history,boosting_squared,IEK
010800205_,,2026-09-01,,insufficient_history,boosting_squared,IEK
010800206_,,2026-09-01,,insufficient_history,boosting_squared,IEK
010800207_,,2026-09-01,,insufficient_history,boosting_squared,IEK
010800208_,,2026-09-01,,insufficient_history,boosting_squared,IEK
010800209_,шт,2026-09-01,,insufficient_history,boosting_squared,IEK
010800210_,,2026-09-01,,insufficient_history,boosting_squared,IEK
010800211_,,2026-09-01,,insufficient_history,boosting_squared,IEK
010800212_,,2026-09-01,,insufficient_history,boosting_squared,IEK
010800213_,,2026-09-01,,insufficient_history,boosting_squared,IEK
010800257_,,2026-09-01,,insufficient_history,boosting_squared,IEK
010800258_,шт,2026-09-01,2.8725619802021964,forecast,boosting_squared,IEK
011100062_,шт,2026-09-01,,insufficient_history,boosting_squared,IEK
011100063_,шт,2026-09-01,2.838955382528526,forecast,boosting_squared,IEK
011100064_,шт,2026-09-01,0.9837657456340112,forecast,boosting_squared,IEK
011100065_,шт,2026-09-01,3.054190086847603,forecast,boosting_squared,IEK
011100066_,шт,2026-09-01,,insufficient_history,boosting_squared,IEK
011100067_,шт,2026-09-01,1.989205470643534,forecast,boosting_squared,IEK
011100068_,шт,2026-09-01,3.950029511179007,forecast,boosting_squared,IEK
011100069_,шт,2026-09-01,3.7491478318279023,forecast,boosting_squared,IEK
011100071_,шт,2026-09-01,3.054190086847603,forecast,boosting_squared,IEK
011100098_,шт,2026-09-01,,insufficient_history,boosting_squared,IEK
011100121_,шт,2026-09-01,,insufficient_history,boosting_squared,IEK
011100123_,шт,2026-09-01,,insufficient_history,boosting_squared,IEK
011100124_,шт,2026-09-01,0.8747448528520593,forecast,boosting_squared,IEK
011100126_,шт,2026-09-01,13.759776439505865,forecast,boosting_squared,IEK
011100210_,шт,2026-09-01,,insufficient_history,boosting_squared,IEK
011100245_,шт,2026-09-01,3.837353508450583,forecast,boosting_squared,IEK
011100249_,шт,2026-09-01,,insufficient_history,boosting_squared,IEK
011100251_,шт,2026-09-01,,insufficient_history,boosting_squared,IEK
011100253_,шт,2026-09-01,,insufficient_history,boosting_squared,IEK
011100354_,шт,2026-09-01,,insufficient_history,boosting_squared,IEK
020100001_,шт,2026-09-01,4.481129819619149,forecast,boosting_squared,IEK
020100002_,шт,2026-09-01,11.387565219165847,forecast,boosting_squared,IEK
020100003_,шт,2026-09-01,10.776365974914189,forecast,boosting_squared,IEK
020100004_,шт,2026-09-01,13.722454626939815,forecast,boosting_squared,IEK
020100005_,шт,2026-09-01,54.09761961192241,forecast,boosting_squared,IEK
020100006_,шт,2026-09-01,32.13918066332333,forecast,boosting_squared,IEK
020100007_,шт,2026-09-01,11.635306216390706,forecast,boosting_squared,IEK
020100008_,шт,2026-09-01,2.8612126939476465,forecast,boosting_squared,IEK
020100009_,шт,2026-09-01,7.165004795304677,forecast,boosting_squared,IEK
020100010_,шт,2026-09-01,8.644924759726985,forecast,boosting_squared,IEK
020100011_,шт,2026-09-01,5.277421637757927,forecast,boosting_squared,IEK
020100012_,шт,2026-09-01,13.33426209237885,forecast,boosting_squared,IEK
020100013_,шт,2026-09-01,19.151539143172833,forecast,boosting_squared,IEK
020100015_,шт,2026-09-01,6.14776223444205,forecast,boosting_squared,IEK
020100017_,шт,2026-09-01,4.325042372916943,forecast,boosting_squared,IEK
020100018_,шт,2026-09-01,4.325149236302684,forecast,boosting_squared,IEK
020100019_,шт,2026-09-01,9.963860808024053,forecast,boosting_squared,IEK
020100020_,шт,2026-09-01,48.19473853641751,forecast,boosting_squared,IEK
020100021_,шт,2026-09-01,34.10159762168419,forecast,boosting_squared,IEK
020100022_,шт,2026-09-01,13.215851638568179,forecast,boosting_squared,IEK
020100023_,шт,2026-09-01,2.373043398735653,forecast,boosting_squared,IEK
020100044_,шт,2026-09-01,3.4473927179772406,forecast,boosting_squared,IEK
020100045_,шт,2026-09-01,3.8144193327101283,forecast,boosting_squared,IEK
020300080_,шт,2026-09-01,10.60828789720707,forecast,boosting_squared,IEK
020300082_,шт,2026-09-01,7.858369540663114,forecast,boosting_squared,IEK
020300085_,,2026-09-01,,insufficient_history,boosting_squared,IEK
020300088_,шт,2026-09-01,2.451799255274538,forecast,boosting_squared,IEK
020300150_,шт,2026-09-01,3.5425777737552453,forecast,boosting_squared,IEK
030200406_,шт,2026-09-01,228.14357703940698,forecast,boosting_squared,IEK
030200407_,шт,2026-09-01,124.53313582707128,forecast,boosting_squared,IEK
030200408_,шт,2026-09-01,20.059835846088223,forecast,boosting_squared,IEK
030200409_,шт,2026-09-01,60.93711323818055,forecast,boosting_squared,IEK
030200410_,шт,2026-09-01,7.05503005821407,forecast,boosting_squared,IEK
030200411_,шт,2026-09-01,8.26443462079404,forecast,boosting_squared,IEK
030200412_,шт,2026-09-01,12.785216161749052,forecast,boosting_squared,IEK
030200413_,шт,2026-09-01,69.37926076354645,forecast,boosting_squared,IEK
030200414_,шт,2026-09-01,66.83089539452747,forecast,boosting_squared,IEK
030200415_,шт,2026-09-01,298.6883297713773,forecast,boosting_squared,IEK
030200416_,шт,2026-09-01,78.03165560937768,forecast,boosting_squared,IEK
030200417_,шт,2026-09-01,53.17626311761657,forecast,boosting_squared,IEK
030200418_,шт,2026-09-01,12.82103412212523,forecast,boosting_squared,IEK
030200419_,шт,2026-09-01,5.609839781969816,forecast,boosting_squared,IEK
030200420_,шт,2026-09-01,28.635025234972108,forecast,boosting_squared,IEK
030200421_,шт,2026-09-01,6.3928474098680965,forecast,boosting_squared,IEK
030200422_,шт,2026-09-01,23.101959650465766,forecast,boosting_squared,IEK
030200423_,шт,2026-09-01,4.744582980566186,forecast,boosting_squared,IEK
030200424_,шт,2026-09-01,6.237266348510237,forecast,boosting_squared,IEK
030200425_,шт,2026-09-01,12.2275792215183,forecast,boosting_squared,IEK
030200426_,шт,2026-09-01,16.79444034747141,forecast,boosting_squared,IEK
030200427_,шт,2026-09-01,11.631275161767684,forecast,boosting_squared,IEK
030200428_,шт,2026-09-01,38.9822982724207,forecast,boosting_squared,IEK
030200429_,шт,2026-09-01,105.18503853170601,forecast,boosting_squared,IEK
030200430_,шт,2026-09-01,32.94040643107226,forecast,boosting_squared,IEK
030200431_,шт,2026-09-01,14.744138074413586,forecast,boosting_squared,IEK
030200432_,шт,2026-09-01,9.63272765791856,forecast,boosting_squared,IEK
030200433_,шт,2026-09-01,5.483987520440286,forecast,boosting_squared,IEK
030200434_,шт,2026-09-01,217.2795231194918,forecast,boosting_squared,IEK
030200435_,шт,2026-09-01,125.02721574236817,forecast,boosting_squared,IEK
030200436_,шт,2026-09-01,3.003897876885518,forecast,boosting_squared,IEK
030200437_,шт,2026-09-01,73.14057244375616,forecast,boosting_squared,IEK
030200438_,шт,2026-09-01,2.7304638515719377,forecast,boosting_squared,IEK
030200439_,шт,2026-09-01,13.025226947393966,forecast,boosting_squared,IEK
030200440_,шт,2026-09-01,18.264498619960644,forecast,boosting_squared,IEK
030200441_,шт,2026-09-01,93.25423320923416,forecast,boosting_squared,IEK
030200442_,шт,2026-09-01,8.60426381616707,forecast,boosting_squared,IEK
030200443_,шт,2026-09-01,336.13686749613186,forecast,boosting_squared,IEK
030200444_,шт,2026-09-01,89.44991339122859,forecast,boosting_squared,IEK
030200445_,шт,2026-09-01,43.420409318853125,forecast,boosting_squared,IEK
030200446_,шт,2026-09-01,13.33129047813964,forecast,boosting_squared,IEK
030200447_,шт,2026-09-01,12.506005745356575,forecast,boosting_squared,IEK
030200448_,шт,2026-09-01,879.5844996315866,forecast,boosting_squared,IEK
030200449_,шт,2026-09-01,55.44260210183745,forecast,boosting_squared,IEK
030200450_,шт,2026-09-01,403.8582605848794,forecast,boosting_squared,IEK
030200451_,шт,2026-09-01,34.7494926175377,forecast,boosting_squared,IEK
030200452_,шт,2026-09-01,52.594899631257576,forecast,boosting_squared,IEK
030200453_,шт,2026-09-01,169.02166676956077,forecast,boosting_squared,IEK
030200454_,шт,2026-09-01,100.93718751017619,forecast,boosting_squared,IEK
030200455_,шт,2026-09-01,11.129063060388912,forecast,boosting_squared,IEK
030200456_,шт,2026-09-01,18.419962370728197,forecast,boosting_squared,IEK
030200457_,шт,2026-09-01,271.5572960978732,forecast,boosting_squared,IEK
030200458_,шт,2026-09-01,988.5096974861758,forecast,boosting_squared,IEK
030200459_,шт,2026-09-01,127.09005346205272,forecast,boosting_squared,IEK
030200460_,шт,2026-09-01,1591.9799701282668,forecast,boosting_squared,IEK
030200461_,шт,2026-09-01,1091.576822051712,forecast,boosting_squared,IEK
030200462_,шт,2026-09-01,36.28259523974503,forecast,boosting_squared,IEK
030200463_,шт,2026-09-01,1764.744469311222,forecast,boosting_squared,IEK
030200464_,шт,2026-09-01,733.7040407674873,forecast,boosting_squared,IEK
030200465_,шт,2026-09-01,359.0010598824617,forecast,boosting_squared,IEK
030200466_,шт,2026-09-01,82.06669322026734,forecast,boosting_squared,IEK
030200467_,шт,2026-09-01,87.01516671055376,forecast,boosting_squared,IEK
030200468_,шт,2026-09-01,12.352071938659277,forecast,boosting_squared,IEK
030200469_,шт,2026-09-01,4.453335504971122,forecast,boosting_squared,IEK
030200470_,шт,2026-09-01,62.184072139856426,forecast,boosting_squared,IEK
030200471_,шт,2026-09-01,345.9869572130662,forecast,boosting_squared,IEK
030200472_,шт,2026-09-01,156.88285837241432,forecast,boosting_squared,IEK
030200473_,шт,2026-09-01,6.1610827906804495,forecast,boosting_squared,IEK
030200474_,шт,2026-09-01,90.57637224611702,forecast,boosting_squared,IEK
030200475_,шт,2026-09-01,8.134588654364542,forecast,boosting_squared,IEK
030200476_,шт,2026-09-01,22.076784856451503,forecast,boosting_squared,IEK
030200477_,шт,2026-09-01,25.566275624852548,forecast,boosting_squared,IEK
030200478_,шт,2026-09-01,76.21010218102248,forecast,boosting_squared,IEK
030200479_,шт,2026-09-01,45.99863392167281,forecast,boosting_squared,IEK
030200480_,шт,2026-09-01,451.1849843510483,forecast,boosting_squared,IEK
030200481_,шт,2026-09-01,149.93264324467748,forecast,boosting_squared,IEK
030200482_,шт,2026-09-01,71.5267856457081,forecast,boosting_squared,IEK
030200483_,шт,2026-09-01,23.401617829776146,forecast,boosting_squared,IEK
030200484_,шт,2026-09-01,14.403982605954823,forecast,boosting_squared,IEK
030200485_,шт,2026-09-01,2357.9239272660043,forecast,boosting_squared,IEK
030200486_,шт,2026-09-01,683.7098550876256,forecast,boosting_squared,IEK
030200487_,шт,2026-09-01,36.09921666129851,forecast,boosting_squared,IEK
030200488_,шт,2026-09-01,416.3669501501717,forecast,boosting_squared,IEK
030200489_,шт,2026-09-01,17.109877761301146,forecast,boosting_squared,IEK
030200490_,шт,2026-09-01,81.15641761423844,forecast,boosting_squared,IEK
030200491_,шт,2026-09-01,88.27058916093985,forecast,boosting_squared,IEK
030200492_,шт,2026-09-01,485.56461867588973,forecast,boosting_squared,IEK
030200493_,шт,2026-09-01,120.61940185660553,forecast,boosting_squared,IEK
030200494_,шт,2026-09-01,2048.29783243726,forecast,boosting_squared,IEK
030200495_,шт,2026-09-01,536.0601358123985,forecast,boosting_squared,IEK
030200496_,шт,2026-09-01,239.99128757420465,forecast,boosting_squared,IEK
030200497_,шт,2026-09-01,53.36122911936973,forecast,boosting_squared,IEK
030200498_,шт,2026-09-01,46.6476024398444,forecast,boosting_squared,IEK
030200499_,шт,2026-09-01,231.89534993403933,forecast,boosting_squared,IEK
030200500_,шт,2026-09-01,136.16364391601078,forecast,boosting_squared,IEK
030200501_,шт,2026-09-01,12.054071623920777,forecast,boosting_squared,IEK
030200502_,шт,2026-09-01,81.33494920767203,forecast,boosting_squared,IEK
030200503_,шт,2026-09-01,5.370900266001317,forecast,boosting_squared,IEK
030200504_,шт,2026-09-01,14.441261457475372,forecast,boosting_squared,IEK
030200505_,шт,2026-09-01,26.393266271271198,forecast,boosting_squared,IEK
030200506_,шт,2026-09-01,83.408856096326,forecast,boosting_squared,IEK
030200507_,шт,2026-09-01,50.63024997532908,forecast,boosting_squared,IEK
030200508_,шт,2026-09-01,467.59203389465733,forecast,boosting_squared,IEK
030200509_,шт,2026-09-01,82.82384314224595,forecast,boosting_squared,IEK
030200510_,шт,2026-09-01,41.612380982362886,forecast,boosting_squared,IEK
030200511_,шт,2026-09-01,17.667678477574654,forecast,boosting_squared,IEK
030200512_,шт,2026-09-01,13.281860942201344,forecast,boosting_squared,IEK
030200513_,шт,2026-09-01,4.219190288926019,forecast,boosting_squared,IEK
030200514_,шт,2026-09-01,444.30764932347097,forecast,boosting_squared,IEK
030200515_,шт,2026-09-01,206.17613361516553,forecast,boosting_squared,IEK
030200516_,шт,2026-09-01,258.95024641512816,forecast,boosting_squared,IEK
030200517_,шт,2026-09-01,1021.9859293873205,forecast,boosting_squared,IEK
030200518_,шт,2026-09-01,427.1066329592578,forecast,boosting_squared,IEK
030200519_,шт,2026-09-01,19.63993309481443,forecast,boosting_squared,IEK
030200520_,шт,2026-09-01,6.761281222945581,forecast,boosting_squared,IEK
030200521_,шт,2026-09-01,11.292138930624581,forecast,boosting_squared,IEK
030200522_,шт,2026-09-01,120.59741472297279,forecast,boosting_squared,IEK
030200523_,шт,2026-09-01,,insufficient_history,boosting_squared,IEK
030200524_,шт,2026-09-01,8.250848183681844,forecast,boosting_squared,IEK
030200525_,шт,2026-09-01,151.75313034923985,forecast,boosting_squared,IEK
030200527_,шт,2026-09-01,17.18432600883402,forecast,boosting_squared,IEK
030200528_,шт,2026-09-01,122.32076695157967,forecast,boosting_squared,IEK
030200529_,шт,2026-09-01,2.1713430738644277,forecast,boosting_squared,IEK
030200530_,шт,2026-09-01,49.81184933286977,forecast,boosting_squared,IEK
030200531_,шт,2026-09-01,283.2611799220446,forecast,boosting_squared,IEK
030200532_,шт,2026-09-01,1.1073234446212001,forecast,boosting_squared,IEK
030200533_,шт,2026-09-01,37.934044822628735,forecast,boosting_squared,IEK
030200534_,шт,2026-09-01,274.62623491902417,forecast,boosting_squared,IEK
030200535_,шт,2026-09-01,6.017693814034638,forecast,boosting_squared,IEK
030200536_,шт,2026-09-01,305.5814647142191,forecast,boosting_squared,IEK
030200538_,шт,2026-09-01,2.6205052658728074,forecast,boosting_squared,IEK
030200539_,шт,2026-09-01,4.950209943650765,forecast,boosting_squared,IEK
030200540_,шт,2026-09-01,5.420667979167018,forecast,boosting_squared,IEK
030200541_,шт,2026-09-01,8.353836620447751,forecast,boosting_squared,IEK
030200542_,шт,2026-09-01,16.016643640233415,forecast,boosting_squared,IEK
030200543_,шт,2026-09-01,10.6104127311418,forecast,boosting_squared,IEK
030200550_,шт,2026-09-01,39.46044437916162,forecast,boosting_squared,IEK
030200551_,шт,2026-09-01,3.702894343470012,forecast,boosting_squared,IEK
030200552_,шт,2026-09-01,2.2171462229662016,forecast,boosting_squared,IEK
030200553_,шт,2026-09-01,3.117701096085672,forecast,boosting_squared,IEK
030200554_,шт,2026-09-01,3.207290713479804,forecast,boosting_squared,IEK
030200555_,шт,2026-09-01,5.30705526230597,forecast,boosting_squared,IEK
030200556_,шт,2026-09-01,6.149687792845515,forecast,boosting_squared,IEK
030200557_,шт,2026-09-01,12.634937692308862,forecast,boosting_squared,IEK
030200558_,шт,2026-09-01,2.943297836495727,forecast,boosting_squared,IEK
030200559_,шт,2026-09-01,8.813760784009858,forecast,boosting_squared,IEK
030200560_,шт,2026-09-01,8.509464681115858,forecast,boosting_squared,IEK
030200561_,шт,2026-09-01,5.990091233867287,forecast,boosting_squared,IEK
030200562_,шт,2026-09-01,2.605589570601328,forecast,boosting_squared,IEK
030200563_,шт,2026-09-01,8.795807757954,forecast,boosting_squared,IEK
030200564_,шт,2026-09-01,5.284434325061093,forecast,boosting_squared,IEK
030200565_,шт,2026-09-01,25.60567331699496,forecast,boosting_squared,IEK
030200566_,шт,2026-09-01,10.603383273546473,forecast,boosting_squared,IEK
030200567_,шт,2026-09-01,3.81750978684389,forecast,boosting_squared,IEK
030200568_,шт,2026-09-01,5.432308544184417,forecast,boosting_squared,IEK
030200739_,шт,2026-09-01,3.787582345644446,forecast,boosting_squared,IEK
030200740_,шт,2026-09-01,8.46801592411747,forecast,boosting_squared,IEK
030200741_,шт,2026-09-01,8.251616767587981,forecast,boosting_squared,IEK
030200742_,шт,2026-09-01,4.08918831126531,forecast,boosting_squared,IEK
030200743_,шт,2026-09-01,10.701003533326586,forecast,boosting_squared,IEK
030200744_,шт,2026-09-01,34.28904651803539,forecast,boosting_squared,IEK
030200745_,шт,2026-09-01,5.129379619205392,forecast,boosting_squared,IEK
030200746_,шт,2026-09-01,2.1713430738644277,forecast,boosting_squared,IEK
030200747_,шт,2026-09-01,1.202857468147258,forecast,boosting_squared,IEK
030200748_,шт,2026-09-01,5.616262468535506,forecast,boosting_squared,IEK
030200751_,шт,2026-09-01,3.6240622481935496,forecast,boosting_squared,IEK
030200752_,шт,2026-09-01,7.797249083906582,forecast,boosting_squared,IEK
030200753_,шт,2026-09-01,20.809105171420615,forecast,boosting_squared,IEK
030200754_,шт,2026-09-01,,insufficient_history,boosting_squared,IEK
030200755_,шт,2026-09-01,2.9045787776041383,forecast,boosting_squared,IEK
030200756_,шт,2026-09-01,3.360363141455829,forecast,boosting_squared,IEK
030200757_,шт,2026-09-01,3.8639614408898706,forecast,boosting_squared,IEK
030200758_,шт,2026-09-01,8.966163444491805,forecast,boosting_squared,IEK
030200759_,шт,2026-09-01,1.8389233552179354,forecast,boosting_squared,IEK
030200761_,шт,2026-09-01,,insufficient_history,boosting_squared,IEK
030200764_,шт,2026-09-01,,insufficient_history,boosting_squared,IEK
030200765_,шт,2026-09-01,2.0869255947393173,forecast,boosting_squared,IEK
030200766_,шт,2026-09-01,,insufficient_history,boosting_squared,IEK
030200767_,шт,2026-09-01,1.1668577082616336,forecast,boosting_squared,IEK
030200768_,шт,2026-09-01,1.1832312898555732,forecast,boosting_squared,IEK
030200769_,шт,2026-09-01,,insufficient_history,boosting_squared,IEK
030200770_,шт,2026-09-01,7.402444106111536,forecast,boosting_squared,IEK
030200771_,шт,2026-09-01,3.870612624155321,forecast,boosting_squared,IEK
030200772_,шт,2026-09-01,12.319264725173314,forecast,boosting_squared,IEK
030200773_,шт,2026-09-01,5.257028474904414,forecast,boosting_squared,IEK
030200774_,шт,2026-09-01,15.531431294469227,forecast,boosting_squared,IEK
030200775_,шт,2026-09-01,7.49788453507649,forecast,boosting_squared,IEK
030200776_,шт,2026-09-01,4.5923296142547905,forecast,boosting_squared,IEK
030200777_,шт,2026-09-01,9.984035015365517,forecast,boosting_squared,IEK
030200778_,шт,2026-09-01,8.508432684490039,forecast,boosting_squared,IEK
030200779_,шт,2026-09-01,6.591745542448904,forecast,boosting_squared,IEK
030200780_,шт,2026-09-01,14.883707924933969,forecast,boosting_squared,IEK
030200781_,шт,2026-09-01,1.9284100381886722,forecast,boosting_squared,IEK
030200782_,шт,2026-09-01,15.079819031245616,forecast,boosting_squared,IEK
030200784_,шт,2026-09-01,,insufficient_history,boosting_squared,IEK
030200785_,шт,2026-09-01,4.2764579483523,forecast,boosting_squared,IEK
030200786_,шт,2026-09-01,,insufficient_history,boosting_squared,IEK
030200787_,шт,2026-09-01,1.216910962519479,forecast,boosting_squared,IEK
030200789_,шт,2026-09-01,5.2400126492030195,forecast,boosting_squared,IEK
030200809_,шт,2026-09-01,3.4673122316798115,forecast,boosting_squared,IEK
030200810_,шт,2026-09-01,60.50394952375379,forecast,boosting_squared,IEK
030200811_,шт,2026-09-01,27.793924004011973,forecast,boosting_squared,IEK
030200812_,шт,2026-09-01,7.813000504585621,forecast,boosting_squared,IEK
030200813_,шт,2026-09-01,13.309800792874688,forecast,boosting_squared,IEK
030200814_,шт,2026-09-01,2.6911320473279674,forecast,boosting_squared,IEK
030200815_,шт,2026-09-01,3.9682626410051873,forecast,boosting_squared,IEK
030200816_,шт,2026-09-01,5.793331060035886,forecast,boosting_squared,IEK
030200817_,шт,2026-09-01,14.45230775367014,forecast,boosting_squared,IEK
030200818_,шт,2026-09-01,4.77687554060627,forecast,boosting_squared,IEK
030200819_,шт,2026-09-01,63.040338297832015,forecast,boosting_squared,IEK
030200820_,шт,2026-09-01,19.695550539744062,forecast,boosting_squared,IEK
030200821_,шт,2026-09-01,9.169515671972885,forecast,boosting_squared,IEK
030200822_,шт,2026-09-01,8.281913108623089,forecast,boosting_squared,IEK
030200823_,шт,2026-09-01,5.34205465066,forecast,boosting_squared,IEK
030200824_,шт,2026-09-01,4.684709439335506,forecast,boosting_squared,IEK
030200825_,шт,2026-09-01,4.851985667647366,forecast,boosting_squared,IEK
030200826_,шт,2026-09-01,5.058863708698928,forecast,boosting_squared,IEK
030200827_,шт,2026-09-01,208.92275238604688,forecast,boosting_squared,IEK
030200828_,шт,2026-09-01,70.73555025674264,forecast,boosting_squared,IEK
030200829_,шт,2026-09-01,3.5294255456828876,forecast,boosting_squared,IEK
030200830_,шт,2026-09-01,39.07421693013016,forecast,boosting_squared,IEK
030200831_,шт,2026-09-01,4.004659091263787,forecast,boosting_squared,IEK
030200832_,шт,2026-09-01,19.78387956570621,forecast,boosting_squared,IEK
030200833_,шт,2026-09-01,17.045444738855554,forecast,boosting_squared,IEK
030200834_,шт,2026-09-01,26.671132476279922,forecast,boosting_squared,IEK
030200835_,шт,2026-09-01,8.35914747075923,forecast,boosting_squared,IEK
030200836_,шт,2026-09-01,205.93172829004266,forecast,boosting_squared,IEK
030200837_,шт,2026-09-01,64.830283800349,forecast,boosting_squared,IEK
030200838_,шт,2026-09-01,22.948811071243746,forecast,boosting_squared,IEK
030200839_,шт,2026-09-01,11.379435439674797,forecast,boosting_squared,IEK
030200840_,шт,2026-09-01,10.318602782718449,forecast,boosting_squared,IEK
030200841_,шт,2026-09-01,12.835606226796063,forecast,boosting_squared,IEK
030200842_,шт,2026-09-01,6.512753735151112,forecast,boosting_squared,IEK
030200843_,шт,2026-09-01,10.047400416581915,forecast,boosting_squared,IEK
030200844_,шт,2026-09-01,8.474931638961895,forecast,boosting_squared,IEK
030200845_,шт,2026-09-01,4.4505635078474235,forecast,boosting_squared,IEK
030200846_,шт,2026-09-01,13.123992345259978,forecast,boosting_squared,IEK
030200847_,шт,2026-09-01,4.814810868104489,forecast,boosting_squared,IEK
030200848_,шт,2026-09-01,5.566919127064594,forecast,boosting_squared,IEK
030200849_,шт,2026-09-01,3.30494859040928,forecast,boosting_squared,IEK
030200850_,шт,2026-09-01,2.6694318434759188,forecast,boosting_squared,IEK
030200851_,шт,2026-09-01,3.7317489863244804,forecast,boosting_squared,IEK
030200852_,шт,2026-09-01,,insufficient_history,boosting_squared,IEK
030200853_,шт,2026-09-01,1.6900111217318414,forecast,boosting_squared,IEK
030200854_,шт,2026-09-01,,insufficient_history,boosting_squared,IEK
030200855_,шт,2026-09-01,6.55583059176256,forecast,boosting_squared,IEK
030200856_,шт,2026-09-01,5.079859029546399,forecast,boosting_squared,IEK
030200857_,шт,2026-09-01,6.7974905717228795,forecast,boosting_squared,IEK
030200858_,шт,2026-09-01,4.043714839392222,forecast,boosting_squared,IEK
030200859_,шт,2026-09-01,5.81854238629664,forecast,boosting_squared,IEK
030200860_,шт,2026-09-01,1.5652765539066065,forecast,boosting_squared,IEK
030200861_,шт,2026-09-01,5.106298999322202,forecast,boosting_squared,IEK
030200862_,шт,2026-09-01,2.838955382528526,forecast,boosting_squared,IEK
030200863_,шт,2026-09-01,10.294037605457682,forecast,boosting_squared,IEK
030200864_,шт,2026-09-01,9.10602908345539,forecast,boosting_squared,IEK
030200865_,шт,2026-09-01,6.2589836016393745,forecast,boosting_squared,IEK
030200866_,шт,2026-09-01,7.712219331876278,forecast,boosting_squared,IEK
030200867_,шт,2026-09-01,2.181287139301132,forecast,boosting_squared,IEK
030200868_,шт,2026-09-01,5.376425087496518,forecast,boosting_squared,IEK
030200869_,шт,2026-09-01,25.9793678503651,forecast,boosting_squared,IEK
030200870_,шт,2026-09-01,10.844387323140337,forecast,boosting_squared,IEK
030200871_,шт,2026-09-01,3.8359550117624006,forecast,boosting_squared,IEK
030200872_,шт,2026-09-01,7.095464053831989,forecast,boosting_squared,IEK
030200873_,шт,2026-09-01,10.35764344205067,forecast,boosting_squared,IEK
030200874_,шт,2026-09-01,5.789954437595157,forecast,boosting_squared,IEK
030200875_,шт,2026-09-01,19.98879938962656,forecast,boosting_squared,IEK
030200876_,шт,2026-09-01,9.300607211114984,forecast,boosting_squared,IEK
030200877_,шт,2026-09-01,20.37986902180365,forecast,boosting_squared,IEK
030200878_,шт,2026-09-01,3.0657543377880034,forecast,boosting_squared,IEK
030200879_,шт,2026-09-01,12.433896158479449,forecast,boosting_squared,IEK
030200885_,шт,2026-09-01,3.5414484606799568,forecast,boosting_squared,IEK
030200886_,шт,2026-09-01,6.476250595130963,forecast,boosting_squared,IEK
030200889_,шт,2026-09-01,3.5309585772920293,forecast,boosting_squared,IEK
030200890_,шт,2026-09-01,3.641481482638452,forecast,boosting_squared,IEK
030200891_,шт,2026-09-01,2.5769719108635143,forecast,boosting_squared,IEK
030200892_,шт,2026-09-01,4.800171059175563,forecast,boosting_squared,IEK
030200893_,шт,2026-09-01,13.176938312907007,forecast,boosting_squared,IEK
030200894_,шт,2026-09-01,8.5484383617544,forecast,boosting_squared,IEK
030200895_,шт,2026-09-01,5.13369288072815,forecast,boosting_squared,IEK
030200896_,шт,2026-09-01,6.8815494465292115,forecast,boosting_squared,IEK
030200897_,шт,2026-09-01,3.8272568998569083,forecast,boosting_squared,IEK
030200898_,шт,2026-09-01,3.2986689140314907,forecast,boosting_squared,IEK
030200899_,шт,2026-09-01,2.727968958971071,forecast,boosting_squared,IEK
030200900_,шт,2026-09-01,1.444221527073268,forecast,boosting_squared,IEK
030200901_,шт,2026-09-01,2.7306910526915544,forecast,boosting_squared,IEK
030200902_,шт,2026-09-01,3.8404222483403343,forecast,boosting_squared,IEK
030200903_,шт,2026-09-01,4.207553392031406,forecast,boosting_squared,IEK
030200904_,шт,2026-09-01,1.0771094333322566,forecast,boosting_squared,IEK
030200905_,шт,2026-09-01,5.137888385594063,forecast,boosting_squared,IEK
030200908_,шт,2026-09-01,2.1179643635952536,forecast,boosting_squared,IEK
030200909_,шт,2026-09-01,3.252263124482288,forecast,boosting_squared,IEK
030200910_,шт,2026-09-01,3.3354397259971837,forecast,boosting_squared,IEK
030200911_,шт,2026-09-01,10.097806500584449,forecast,boosting_squared,IEK
030200912_,шт,2026-09-01,2.4668721029305094,forecast,boosting_squared,IEK
030200915_,шт,2026-09-01,,insufficient_history,boosting_squared,IEK
030200916_,шт,2026-09-01,,insufficient_history,boosting_squared,IEK
030200917_,шт,2026-09-01,2.203185549996131,forecast,boosting_squared,IEK
030200918_,шт,2026-09-01,3.4621787699551243,forecast,boosting_squared,IEK
030200920_,шт,2026-09-01,12.151256261424582,forecast,boosting_squared,IEK
030200923_,шт,2026-09-01,4.870005470179929,forecast,boosting_squared,IEK
030200924_,шт,2026-09-01,6.9433548542642445,forecast,boosting_squared,IEK
030200925_,шт,2026-09-01,9.046370952936975,forecast,boosting_squared,IEK
030200926_,шт,2026-09-01,36.05974896550942,forecast,boosting_squared,IEK
030200931_,шт,2026-09-01,18.30323590836542,forecast,boosting_squared,IEK
030200933_,шт,2026-09-01,7.826464460785321,forecast,boosting_squared,IEK
030200935_,шт,2026-09-01,7.937881205657302,forecast,boosting_squared,IEK
030200938_,шт,2026-09-01,1.612132902658553,forecast,boosting_squared,IEK
030200939_,шт,2026-09-01,3.8731509808493287,forecast,boosting_squared,IEK
030200940_,шт,2026-09-01,2.4008009393045384,forecast,boosting_squared,IEK
030200941_,шт,2026-09-01,3.4682967427011686,forecast,boosting_squared,IEK
030200943_,шт,2026-09-01,6.726879178080322,forecast,boosting_squared,IEK
030200944_,шт,2026-09-01,2.742457285151867,forecast,boosting_squared,IEK
030200945_,шт,2026-09-01,2.568611666713823,forecast,boosting_squared,IEK
030200946_,шт,2026-09-01,1.112443203719154,forecast,boosting_squared,IEK
030200947_,шт,2026-09-01,6.542395426975431,forecast,boosting_squared,IEK
030200948_,шт,2026-09-01,5.348186201482855,forecast,boosting_squared,IEK
030200949_,шт,2026-09-01,2.459352974686132,forecast,boosting_squared,IEK
030200950_,шт,2026-09-01,1.4566323948948001,forecast,boosting_squared,IEK
030200951_,шт,2026-09-01,10.950778648941135,forecast,boosting_squared,IEK
030200952_,шт,2026-09-01,16.24367472601433,forecast,boosting_squared,IEK
030200953_,шт,2026-09-01,1.6269430235514133,forecast,boosting_squared,IEK
030200954_,шт,2026-09-01,1.5776417198074308,forecast,boosting_squared,IEK
030200955_,шт,2026-09-01,,insufficient_history,boosting_squared,IEK
030200956_,шт,2026-09-01,4.713131861488735,forecast,boosting_squared,IEK
030200957_,шт,2026-09-01,5.399852158412331,forecast,boosting_squared,IEK
030200958_,шт,2026-09-01,2.238332707566406,forecast,boosting_squared,IEK
030200959_,шт,2026-09-01,4.440793754385386,forecast,boosting_squared,IEK
030200960_,шт,2026-09-01,1.1893040999330398,forecast,boosting_squared,IEK
030200961_,шт,2026-09-01,7.0936162968435585,forecast,boosting_squared,IEK
030200962_,шт,2026-09-01,2.7993434958598473,forecast,boosting_squared,IEK
030200963_,шт,2026-09-01,2.259969401638668,forecast,boosting_squared,IEK
030200964_,шт,2026-09-01,1.5523294961580048,forecast,boosting_squared,IEK
030200965_,шт,2026-09-01,2.258568661628622,forecast,boosting_squared,IEK
030200966_,шт,2026-09-01,1.27705155114238,forecast,boosting_squared,IEK
030200967_,шт,2026-09-01,1.617481088285604,forecast,boosting_squared,IEK
030200968_,шт,2026-09-01,1.99199223630345,forecast,boosting_squared,IEK
030200969_,шт,2026-09-01,,insufficient_history,boosting_squared,IEK
030200970_,шт,2026-09-01,48.9836061041438,forecast,boosting_squared,IEK
030200971_,шт,2026-09-01,4.649048696758447,forecast,boosting_squared,IEK
030200972_,шт,2026-09-01,3.3860422940933157,forecast,boosting_squared,IEK
030200973_,шт,2026-09-01,0.937564964812519,forecast,boosting_squared,IEK
030200974_,шт,2026-09-01,,insufficient_history,boosting_squared,IEK
030200975_,шт,2026-09-01,9.60467837347778,forecast,boosting_squared,IEK
030200976_,шт,2026-09-01,,insufficient_history,boosting_squared,IEK
030200977_,шт,2026-09-01,2.4652302193693036,forecast,boosting_squared,IEK
030200978_,шт,2026-09-01,,insufficient_history,boosting_squared,IEK
030200979_,шт,2026-09-01,,insufficient_history,boosting_squared,IEK
030200980_,шт,2026-09-01,1.1650526123785698,forecast,boosting_squared,IEK
030200981_,шт,2026-09-01,,insufficient_history,boosting_squared,IEK
030200982_,шт,2026-09-01,,insufficient_history,boosting_squared,IEK
030200983_,шт,2026-09-01,,insufficient_history,boosting_squared,IEK
030200984_,шт,2026-09-01,,insufficient_history,boosting_squared,IEK
030200985_,шт,2026-09-01,6.462391214226727,forecast,boosting_squared,IEK
030200986_,шт,2026-09-01,1.4008621053810413,forecast,boosting_squared,IEK
030200987_,шт,2026-09-01,1.5480151223487224,forecast,boosting_squared,IEK
030200988_,шт,2026-09-01,13.976765774099995,forecast,boosting_squared,IEK
030200989_,шт,2026-09-01,5.335950860503115,forecast,boosting_squared,IEK
030200990_,шт,2026-09-01,9.5473436702199,forecast,boosting_squared,IEK
030201012_,шт,2026-09-01,2.6307009125988174,forecast,boosting_squared,IEK
030201017_,шт,2026-09-01,10.090555416294407,forecast,boosting_squared,IEK
030201018_,шт,2026-09-01,1.741201274197209,forecast,boosting_squared,IEK
030201019_,шт,2026-09-01,9.206400042837615,forecast,boosting_squared,IEK
030201020_,шт,2026-09-01,108.63295705816518,forecast,boosting_squared,IEK
030201021_,шт,2026-09-01,,insufficient_history,boosting_squared,IEK
030201022_,шт,2026-09-01,28.185295656400964,forecast,boosting_squared,IEK
030201024_,шт,2026-09-01,,insufficient_history,boosting_squared,IEK
030201031_,шт,2026-09-01,,insufficient_history,boosting_squared,IEK
030201032_,шт,2026-09-01,4.201471188438523,forecast,boosting_squared,IEK
030201034_,шт,2026-09-01,2.736566337736544,forecast,boosting_squared,IEK
030201035_,шт,2026-09-01,,insufficient_history,boosting_squared,IEK
030201036_,шт,2026-09-01,,insufficient_history,boosting_squared,IEK
030201037_,шт,2026-09-01,,insufficient_history,boosting_squared,IEK
030201040_,шт,2026-09-01,,insufficient_history,boosting_squared,IEK
030201049_,шт,2026-09-01,4.377443930193465,forecast,boosting_squared,IEK
030201052_,шт,2026-09-01,4.933102745972856,forecast,boosting_squared,IEK
030201053_,шт,2026-09-01,,insufficient_history,boosting_squared,IEK
030201054_,шт,2026-09-01,,insufficient_history,boosting_squared,IEK
030201055_,шт,2026-09-01,,insufficient_history,boosting_squared,IEK
030201056_,шт,2026-09-01,,insufficient_history,boosting_squared,IEK
030201057_,шт,2026-09-01,,insufficient_history,boosting_squared,IEK
030201060_,шт,2026-09-01,,insufficient_history,boosting_squared,IEK
030201061_,шт,2026-09-01,,insufficient_history,boosting_squared,IEK
030201063_,шт,2026-09-01,14.795175331678866,forecast,boosting_squared,IEK
030201064_,шт,2026-09-01,3.184850059122378,forecast,boosting_squared,IEK
030201065_,шт,2026-09-01,6.7568539267203835,forecast,boosting_squared,IEK
030201066_,шт,2026-09-01,3.4149132123087753,forecast,boosting_squared,IEK
030201067_,шт,2026-09-01,7.6881366436390515,forecast,boosting_squared,IEK
030201068_,шт,2026-09-01,9.249212137365108,forecast,boosting_squared,IEK
030201069_,шт,2026-09-01,,insufficient_history,boosting_squared,IEK
030201070_,шт,2026-09-01,,insufficient_history,boosting_squared,IEK
030201071_,шт,2026-09-01,,insufficient_history,boosting_squared,IEK
030201072_,шт,2026-09-01,,insufficient_history,boosting_squared,IEK
030201073_,шт,2026-09-01,4.206321206633921,forecast,boosting_squared,IEK
030201074_,шт,2026-09-01,2.719119267613564,forecast,boosting_squared,IEK
030201075_,шт,2026-09-01,3.8412757059025706,forecast,boosting_squared,IEK
030201076_,шт,2026-09-01,3.6726478722101996,forecast,boosting_squared,IEK
030201077_,шт,2026-09-01,,insufficient_history,boosting_squared,IEK
030201078_,шт,2026-09-01,,insufficient_history,boosting_squared,IEK
030201079_,шт,2026-09-01,,insufficient_history,boosting_squared,IEK
030201080_,шт,2026-09-01,,insufficient_history,boosting_squared,IEK
030201081_,шт,2026-09-01,2.6201090594777185,forecast,boosting_squared,IEK
030201082_,шт,2026-09-01,1.8383881648594895,forecast,boosting_squared,IEK
030201083_,шт,2026-09-01,3.463526286520735,forecast,boosting_squared,IEK
030201084_,шт,2026-09-01,,insufficient_history,boosting_squared,IEK
030201085_,шт,2026-09-01,,insufficient_history,boosting_squared,IEK
030201086_,шт,2026-09-01,2.631314782578583,forecast,boosting_squared,IEK
030201087_,шт,2026-09-01,5.984251816589451,forecast,boosting_squared,IEK
030201088_,шт,2026-09-01,2.5006622795948883,forecast,boosting_squared,IEK
030201089_,шт,2026-09-01,1.5776417986033469,forecast,boosting_squared,IEK
030201090_,шт,2026-09-01,9.386992188957615,forecast,boosting_squared,IEK
030201091_,шт,2026-09-01,8.579656438942056,forecast,boosting_squared,IEK
030201092_,шт,2026-09-01,4.049106623121276,forecast,boosting_squared,IEK
030201093_,шт,2026-09-01,10.73233908087497,forecast,boosting_squared,IEK
030201094_,шт,2026-09-01,6.941220472673519,forecast,boosting_squared,IEK
030201095_,шт,2026-09-01,7.571959660540701,forecast,boosting_squared,IEK
030201096_,шт,2026-09-01,4.101569152118413,forecast,boosting_squared,IEK
030201097_,шт,2026-09-01,,insufficient_history,boosting_squared,IEK
030201098_,шт,2026-09-01,3.711712298630074,forecast,boosting_squared,IEK
030201099_,шт,2026-09-01,17.977826705711756,forecast,boosting_squared,IEK
030201100_,шт,2026-09-01,12.625733908654341,forecast,boosting_squared,IEK
030201101_,шт,2026-09-01,,insufficient_history,boosting_squared,IEK
030201102_,шт,2026-09-01,5.3562157577090295,forecast,boosting_squared,IEK
030201103_,шт,2026-09-01,2.6741739791785153,forecast,boosting_squared,IEK
030201104_,шт,2026-09-01,,insufficient_history,boosting_squared,IEK
030201105_,шт,2026-09-01,11.152399186729058,forecast,boosting_squared,IEK
030201106_,шт,2026-09-01,5.972001962450896,forecast,boosting_squared,IEK
030201107_,шт,2026-09-01,,insufficient_history,boosting_squared,IEK
030201108_,шт,2026-09-01,6.741876977061402,forecast,boosting_squared,IEK
030201109_,шт,2026-09-01,5.3212652377631455,forecast,boosting_squared,IEK
030201110_,шт,2026-09-01,4.657558502774121,forecast,boosting_squared,IEK
030201111_,шт,2026-09-01,,insufficient_history,boosting_squared,IEK
030201112_,шт,2026-09-01,2.630289721679039,forecast,boosting_squared,IEK
030201113_,шт,2026-09-01,,insufficient_history,boosting_squared,IEK
030201114_,шт,2026-09-01,4.163667426753486,forecast,boosting_squared,IEK
030201115_,шт,2026-09-01,7.816711089018435,forecast,boosting_squared,IEK
030201116_,шт,2026-09-01,3.6105532541079057,forecast,boosting_squared,IEK
030201117_,шт,2026-09-01,,insufficient_history,boosting_squared,IEK
030201118_,шт,2026-09-01,2.70506226078413,forecast,boosting_squared,IEK
030201119_,шт,2026-09-01,4.7672143090552845,forecast,boosting_squared,IEK
030201120_,шт,2026-09-01,2.7794722993648704,forecast,boosting_squared,IEK
030201121_,шт,2026-09-01,,insufficient_history,boosting_squared,IEK
030201122_,шт,2026-09-01,3.4576291366895124,forecast,boosting_squared,IEK
030201123_,шт,2026-09-01,,insufficient_history,boosting_squared,IEK
030201124_,шт,2026-09-01,,insufficient_history,boosting_squared,IEK
030201125_,шт,2026-09-01,,insufficient_history,boosting_squared,IEK
030201126_,шт,2026-09-01,,insufficient_history,boosting_squared,IEK
030201127_,шт,2026-09-01,,insufficient_history,boosting_squared,IEK
030201128_,шт,2026-09-01,3.913094441674985,forecast,boosting_squared,IEK
030201129_,шт,2026-09-01,2.3556036897607115,forecast,boosting_squared,IEK
030201130_,шт,2026-09-01,,insufficient_history,boosting_squared,IEK
030201131_,шт,2026-09-01,,insufficient_history,boosting_squared,IEK
030201132_,шт,2026-09-01,,insufficient_history,boosting_squared,IEK
030201133_,шт,2026-09-01,3.304575775035603,forecast,boosting_squared,IEK
030201134_,шт,2026-09-01,2.149420869875952,forecast,boosting_squared,IEK
030201135_,шт,2026-09-01,,insufficient_history,boosting_squared,IEK
030201136_,шт,2026-09-01,1.5488345988746324,forecast,boosting_squared,IEK
030201137_,шт,2026-09-01,,insufficient_history,boosting_squared,IEK
030201138_,шт,2026-09-01,,insufficient_history,boosting_squared,IEK
030201139_,шт,2026-09-01,,insufficient_history,boosting_squared,IEK
030201140_,шт,2026-09-01,,insufficient_history,boosting_squared,IEK
030201141_,шт,2026-09-01,,insufficient_history,boosting_squared,IEK
030201142_,шт,2026-09-01,,insufficient_history,boosting_squared,IEK
030201143_,шт,2026-09-01,,insufficient_history,boosting_squared,IEK
030201144_,шт,2026-09-01,1.2025507298223033,forecast,boosting_squared,IEK
030201145_,шт,2026-09-01,,insufficient_history,boosting_squared,IEK
030201146_,шт,2026-09-01,3.0721640599658224,forecast,boosting_squared,IEK
030201147_,шт,2026-09-01,,insufficient_history,boosting_squared,IEK
030201148_,шт,2026-09-01,2.9778333803230104,forecast,boosting_squared,IEK
030201149_,шт,2026-09-01,,insufficient_history,boosting_squared,IEK
030201150_,шт,2026-09-01,,insufficient_history,boosting_squared,IEK
030201152_,,2026-09-01,,insufficient_history,boosting_squared,IEK
030201236_,шт,2026-09-01,13.603875618495572,forecast,boosting_squared,IEK
030201244_,шт,2026-09-01,14.302834917038197,forecast,boosting_squared,IEK
030201245_,шт,2026-09-01,9.499011613972026,forecast,boosting_squared,IEK
030201246_,шт,2026-09-01,,insufficient_history,boosting_squared,IEK
030201247_,шт,2026-09-01,11.409664839442021,forecast,boosting_squared,IEK
030201248_,шт,2026-09-01,8.930091677023226,forecast,boosting_squared,IEK
030201249_,шт,2026-09-01,,insufficient_history,boosting_squared,IEK
030201250_,шт,2026-09-01,1.4900184273316956,forecast,boosting_squared,IEK
030201251_,шт,2026-09-01,,insufficient_history,boosting_squared,IEK
030201252_,шт,2026-09-01,1.0635245555319648,forecast,boosting_squared,IEK
030201460_,шт,2026-09-01,21.425322683609316,forecast,boosting_squared,IEK
030201461_,шт,2026-09-01,8.639726235037932,forecast,boosting_squared,IEK
030201462_,шт,2026-09-01,40.32653633384795,forecast,boosting_squared,IEK
030201463_,шт,2026-09-01,19.628544311285,forecast,boosting_squared,IEK
030201464_,шт,2026-09-01,3.206360807666326,forecast,boosting_squared,IEK
030201465_,шт,2026-09-01,7.775325387821667,forecast,boosting_squared,IEK
030201466_,шт,2026-09-01,,insufficient_history,boosting_squared,IEK
030201467_,шт,2026-09-01,9.746465721171718,forecast,boosting_squared,IEK
030201468_,шт,2026-09-01,3.095694915727787,forecast,boosting_squared,IEK
030201469_,шт,2026-09-01,15.86482370748682,forecast,boosting_squared,IEK
030201470_,шт,2026-09-01,7.104202362748046,forecast,boosting_squared,IEK
030201471_,шт,2026-09-01,30.85800086145637,forecast,boosting_squared,IEK
030201472_,шт,2026-09-01,12.319833925546915,forecast,boosting_squared,IEK
030201473_,шт,2026-09-01,,insufficient_history,boosting_squared,IEK
030201474_,шт,2026-09-01,,insufficient_history,boosting_squared,IEK
030201475_,,2026-09-01,,insufficient_history,boosting_squared,IEK
030201476_,шт,2026-09-01,,insufficient_history,boosting_squared,IEK
030201477_,шт,2026-09-01,,insufficient_history,boosting_squared,IEK
030201478_,шт,2026-09-01,15.686708898117441,forecast,boosting_squared,IEK
030201479_,шт,2026-09-01,9.862377219450572,forecast,boosting_squared,IEK
030201480_,шт,2026-09-01,22.15770232118867,forecast,boosting_squared,IEK
030201481_,шт,2026-09-01,13.820914468511088,forecast,boosting_squared,IEK
030201482_,шт,2026-09-01,,insufficient_history,boosting_squared,IEK
030201483_,шт,2026-09-01,4.562620384284134,forecast,boosting_squared,IEK
030201484_,шт,2026-09-01,,insufficient_history,boosting_squared,IEK
030201485_,шт,2026-09-01,,insufficient_history,boosting_squared,IEK
030201486_,шт,2026-09-01,,insufficient_history,boosting_squared,IEK
030300478_,,2026-09-01,,insufficient_history,boosting_squared,IEK
030300479_,,2026-09-01,,insufficient_history,boosting_squared,IEK
030300480_,,2026-09-01,,insufficient_history,boosting_squared,IEK
030300499_,,2026-09-01,,insufficient_history,boosting_squared,IEK
030300522_,,2026-09-01,,insufficient_history,boosting_squared,IEK
080400060_,,2026-09-01,,insufficient_history,boosting_squared,IEK
080400061_,,2026-09-01,,insufficient_history,boosting_squared,IEK
080400062_,,2026-09-01,,insufficient_history,boosting_squared,IEK
080400064_,,2026-09-01,,insufficient_history,boosting_squared,IEK
080800023_,шт,2026-09-01,,insufficient_history,boosting_squared,IEK
080800024_,шт,2026-09-01,3.904390540392026,forecast,boosting_squared,IEK
080800030_,шт,2026-09-01,19.058192614358465,forecast,boosting_squared,IEK
080800031_,шт,2026-09-01,17.247949448728903,forecast,boosting_squared,IEK
080800062_,шт,2026-09-01,11.296462831166457,forecast,boosting_squared,IEK
080800063_,шт,2026-09-01,,insufficient_history,boosting_squared,IEK
080800070_,шт,2026-09-01,52.22423240124544,forecast,boosting_squared,IEK
080800071_,шт,2026-09-01,214.6796415675116,forecast,boosting_squared,IEK
080800072_,шт,2026-09-01,162.23532329023968,forecast,boosting_squared,IEK
080800128_,шт,2026-09-01,2.4157485584065967,forecast,boosting_squared,IEK
080800129_,шт,2026-09-01,1.6220555332695317,forecast,boosting_squared,IEK
080800130_,шт,2026-09-01,2.311655653459322,forecast,boosting_squared,IEK
080800131_,шт,2026-09-01,1.2363186229416208,forecast,boosting_squared,IEK
080800132_,шт,2026-09-01,2.62211085929252,forecast,boosting_squared,IEK
080800133_,шт,2026-09-01,,insufficient_history,boosting_squared,IEK
080800134_,шт,2026-09-01,,insufficient_history,boosting_squared,IEK
080800135_,шт,2026-09-01,,insufficient_history,boosting_squared,IEK
080800136_,шт,2026-09-01,1.4832657586387497,forecast,boosting_squared,IEK
080800137_,шт,2026-09-01,1.0021262680119132,forecast,boosting_squared,IEK
080800138_,шт,2026-09-01,1.635306783576025,forecast,boosting_squared,IEK
080800139_,шт,2026-09-01,1.635306783576025,forecast,boosting_squared,IEK
080800140_,шт,2026-09-01,3.141938895511512,forecast,boosting_squared,IEK
080800141_,шт,2026-09-01,2.6046866013367054,forecast,boosting_squared,IEK
081100276_,,2026-09-01,,insufficient_history,boosting_squared,IEK
081100277_,шт,2026-09-01,5.763119638696565,forecast,boosting_squared,IEK
081100278_,шт,2026-09-01,6.549262698606668,forecast,boosting_squared,IEK
081100279_,,2026-09-01,,insufficient_history,boosting_squared,IEK
081100280_,,2026-09-01,,insufficient_history,boosting_squared,IEK
081100281_,,2026-09-01,,insufficient_history,boosting_squared,IEK
081100282_,,2026-09-01,,insufficient_history,boosting_squared,IEK
081100283_,,2026-09-01,,insufficient_history,boosting_squared,IEK
081100284_,,2026-09-01,,insufficient_history,boosting_squared,IEK
081100285_,,2026-09-01,,insufficient_history,boosting_squared,IEK
081100286_,,2026-09-01,,insufficient_history,boosting_squared,IEK
081100287_,,2026-09-01,,insufficient_history,boosting_squared,IEK
081100288_,,2026-09-01,,insufficient_history,boosting_squared,IEK
081100289_,шт,2026-09-01,6.355716453647349,forecast,boosting_squared,IEK
081100290_,,2026-09-01,,insufficient_history,boosting_squared,IEK
081100302_,шт,2026-09-01,,insufficient_history,boosting_squared,IEK
081100306_,,2026-09-01,,insufficient_history,boosting_squared,IEK
081100308_,шт,2026-09-01,,insufficient_history,boosting_squared,IEK
081100309_,шт,2026-09-01,,insufficient_history,boosting_squared,IEK
081100310_,,2026-09-01,,insufficient_history,boosting_squared,IEK
081100336_,,2026-09-01,,insufficient_history,boosting_squared,IEK
081100338_,,2026-09-01,,insufficient_history,boosting_squared,IEK
081100339_,,2026-09-01,,insufficient_history,boosting_squared,IEK
081100340_,шт,2026-09-01,,insufficient_history,boosting_squared,IEK
081100372_,,2026-09-01,,insufficient_history,boosting_squared,IEK
081100373_,шт,2026-09-01,,insufficient_history,boosting_squared,IEK
081100374_,шт,2026-09-01,,insufficient_history,boosting_squared,IEK
081100375_,шт,2026-09-01,,insufficient_history,boosting_squared,IEK
081100391_,шт,2026-09-01,35.37376697488867,forecast,boosting_squared,IEK
081100392_,шт,2026-09-01,63.51087659102302,forecast,boosting_squared,IEK
081100393_,шт,2026-09-01,196.39260475829295,forecast,boosting_squared,IEK
081100598_,шт,2026-09-01,,insufficient_history,boosting_squared,IEK
081100604_,шт,2026-09-01,,insufficient_history,boosting_squared,IEK
081100635_,шт,2026-09-01,48.606554737101845,forecast,boosting_squared,IEK
081100641_,шт,2026-09-01,13.01830913347301,forecast,boosting_squared,IEK
081100642_,шт,2026-09-01,4.529461646597699,forecast,boosting_squared,IEK
081100643_,шт,2026-09-01,7.154875344251806,forecast,boosting_squared,IEK
081100702_,шт,2026-09-01,3.9472317558528913,forecast,boosting_squared,IEK
081100703_,,2026-09-01,,insufficient_history,boosting_squared,IEK
081100704_,шт,2026-09-01,16.079684971042113,forecast,boosting_squared,IEK
081100705_,шт,2026-09-01,5.517475133416141,forecast,boosting_squared,IEK
081100706_,шт,2026-09-01,6.561279992318553,forecast,boosting_squared,IEK
081100707_,шт,2026-09-01,23.463296421280972,forecast,boosting_squared,IEK
081100708_,шт,2026-09-01,4.542176209666621,forecast,boosting_squared,IEK
081100709_,шт,2026-09-01,3.29650781489417,forecast,boosting_squared,IEK
081100710_,шт,2026-09-01,63.2459080733035,forecast,boosting_squared,IEK
081100711_,шт,2026-09-01,12.705216592210023,forecast,boosting_squared,IEK
081100712_,шт,2026-09-01,9.213863260624047,forecast,boosting_squared,IEK
081100713_,шт,2026-09-01,15.374271612601298,forecast,boosting_squared,IEK
081100714_,шт,2026-09-01,6.890956907517411,forecast,boosting_squared,IEK
081100715_,шт,2026-09-01,3.311210066057693,forecast,boosting_squared,IEK
081100716_,шт,2026-09-01,10.333222422131216,forecast,boosting_squared,IEK
081100717_,шт,2026-09-01,16.089117277291972,forecast,boosting_squared,IEK
081100718_,шт,2026-09-01,3.3460062283365968,forecast,boosting_squared,IEK
081100719_,шт,2026-09-01,2.7885827152278253,forecast,boosting_squared,IEK
081100720_,шт,2026-09-01,5.209408951884366,forecast,boosting_squared,IEK
081100721_,шт,2026-09-01,27.82669492807482,forecast,boosting_squared,IEK
081100722_,шт,2026-09-01,5.957133099058699,forecast,boosting_squared,IEK
081100723_,шт,2026-09-01,5.460586808994564,forecast,boosting_squared,IEK
081100724_,шт,2026-09-01,1.4891121578353885,forecast,boosting_squared,IEK
081100743_,шт,2026-09-01,4.954781897973214,forecast,boosting_squared,IEK
081100744_,шт,2026-09-01,9.364636145960077,forecast,boosting_squared,IEK
081100745_,шт,2026-09-01,150.30602656666997,forecast,boosting_squared,IEK
081100746_,шт,2026-09-01,33.086688059588866,forecast,boosting_squared,IEK
081100747_,шт,2026-09-01,128.04850705641343,forecast,boosting_squared,IEK
081100748_,шт,2026-09-01,,insufficient_history,boosting_squared,IEK
081100749_,шт,2026-09-01,127.63642921688663,forecast,boosting_squared,IEK
081100750_,шт,2026-09-01,9.594368518621405,forecast,boosting_squared,IEK
081100751_,шт,2026-09-01,5.50245237763573,forecast,boosting_squared,IEK
081100752_,шт,2026-09-01,5.500070512624475,forecast,boosting_squared,IEK
081100753_,шт,2026-09-01,,insufficient_history,boosting_squared,IEK
081100754_,шт,2026-09-01,,insufficient_history,boosting_squared,IEK
081100755_,шт,2026-09-01,,insufficient_history,boosting_squared,IEK
081100756_,,2026-09-01,,insufficient_history,boosting_squared,IEK
081100757_,шт,2026-09-01,5.3039613982246125,forecast,boosting_squared,IEK
081100758_,шт,2026-09-01,2.606054594828522,forecast,boosting_squared,IEK
081100759_,шт,2026-09-01,3.480427767888771,forecast,boosting_squared,IEK
081100760_,шт,2026-09-01,1.770477382097839,forecast,boosting_squared,IEK
081100761_,шт,2026-09-01,1.4502951745040285,forecast,boosting_squared,IEK
081100762_,,2026-09-01,,insufficient_history,boosting_squared,IEK
081100766_,шт,2026-09-01,3.144040699275646,forecast,boosting_squared,IEK
081100767_,шт,2026-09-01,4.3379623105329586,forecast,boosting_squared,IEK
081100768_,шт,2026-09-01,4.779132834079701,forecast,boosting_squared,IEK
081100769_,шт,2026-09-01,17.38768800621558,forecast,boosting_squared,IEK
081100771_,шт,2026-09-01,3.701632704920946,forecast,boosting_squared,IEK
081100772_,шт,2026-09-01,7.222702735906574,forecast,boosting_squared,IEK
081100774_,шт,2026-09-01,18.67991498642259,forecast,boosting_squared,IEK
081100776_,шт,2026-09-01,6.141104598138031,forecast,boosting_squared,IEK
081100777_,шт,2026-09-01,5.393842245517262,forecast,boosting_squared,IEK
081100778_,шт,2026-09-01,4.477084887551544,forecast,boosting_squared,IEK
081100779_,шт,2026-09-01,3.0180878662091644,forecast,boosting_squared,IEK
081100780_,шт,2026-09-01,8.12968204531164,forecast,boosting_squared,IEK
081100781_,шт,2026-09-01,7.983747380737642,forecast,boosting_squared,IEK
114001002_,шт,2026-09-01,4.279408084585193,forecast,boosting_squared,IEK
114001003_,шт,2026-09-01,,insufficient_history,boosting_squared,IEK
114001010_,шт,2026-09-01,2.5412632503126407,forecast,boosting_squared,IEK
120100001_,шт,2026-09-01,74.48797335683312,forecast,boosting_squared,IEK
120100002_,шт,2026-09-01,77.6524971940982,forecast,boosting_squared,IEK
120100003_,шт,2026-09-01,2.968059807708232,forecast,boosting_squared,IEK
120100004_,шт,2026-09-01,91.75448371283773,forecast,boosting_squared,IEK
120100005_,шт,2026-09-01,4.537340243191509,forecast,boosting_squared,IEK
120100006_,шт,2026-09-01,156.40751605511574,forecast,boosting_squared,IEK
120100008_,шт,2026-09-01,6.822839290549817,forecast,boosting_squared,IEK
120100009_,,2026-09-01,,insufficient_history,boosting_squared,IEK
120100010_,шт,2026-09-01,2.44212592040841,forecast,boosting_squared,IEK
120100011_,шт,2026-09-01,52.5595951053315,forecast,boosting_squared,IEK
120100012_,,2026-09-01,,insufficient_history,boosting_squared,IEK
120100013_,шт,2026-09-01,26.364422005921686,forecast,boosting_squared,IEK
120100016_,шт,2026-09-01,30.482206264514033,forecast,boosting_squared,IEK
120100018_,шт,2026-09-01,,insufficient_history,boosting_squared,IEK
120100030_,шт,2026-09-01,114.99219712593158,forecast,boosting_squared,IEK
120100031_,шт,2026-09-01,,insufficient_history,boosting_squared,IEK
120100032_,шт,2026-09-01,7.710961841193207,forecast,boosting_squared,IEK
120100033_,шт,2026-09-01,14.905027221331435,forecast,boosting_squared,IEK
120100034_,шт,2026-09-01,23.385758961835847,forecast,boosting_squared,IEK
120100035_,шт,2026-09-01,42.27369513033254,forecast,boosting_squared,IEK
120100036_,шт,2026-09-01,39.3218019115817,forecast,boosting_squared,IEK
120100037_,шт,2026-09-01,14.14231596339056,forecast,boosting_squared,IEK
120100038_,шт,2026-09-01,4.411898031318099,forecast,boosting_squared,IEK
120100041_,шт,2026-09-01,21.57461675250592,forecast,boosting_squared,IEK
120100042_,шт,2026-09-01,9.530400547500655,forecast,boosting_squared,IEK
120100043_,шт,2026-09-01,7.81169599455157,forecast,boosting_squared,IEK
120100044_,шт,2026-09-01,2.7385723597897247,forecast,boosting_squared,IEK
120100045_,шт,2026-09-01,3.0739814723928585,forecast,boosting_squared,IEK
120100046_,шт,2026-09-01,1.7868619208507943,forecast,boosting_squared,IEK
120100047_,шт,2026-09-01,3.1823492012046044,forecast,boosting_squared,IEK
120100049_,,2026-09-01,,insufficient_history,boosting_squared,IEK
120100050_,шт,2026-09-01,3.323387721185181,forecast,boosting_squared,IEK
120100054_,шт,2026-09-01,,insufficient_history,boosting_squared,IEK
120100055_,шт,2026-09-01,27.82747085667162,forecast,boosting_squared,IEK
120100056_,шт,2026-09-01,8.820359258984228,forecast,boosting_squared,IEK
120100057_,шт,2026-09-01,10.184431869780676,forecast,boosting_squared,IEK
120100058_,шт,2026-09-01,10.98647046235619,forecast,boosting_squared,IEK
120100059_,шт,2026-09-01,3.956816925774593,forecast,boosting_squared,IEK
120100060_,шт,2026-09-01,1.3780386211455273,forecast,boosting_squared,IEK
120100065_,,2026-09-01,,insufficient_history,boosting_squared,IEK
120100066_,шт,2026-09-01,1.2363186229416208,forecast,boosting_squared,IEK
120100067_,шт,2026-09-01,,insufficient_history,boosting_squared,IEK
120100068_,шт,2026-09-01,,insufficient_history,boosting_squared,IEK
120100069_,шт,2026-09-01,5.407355929590149,forecast,boosting_squared,IEK
120100070_,шт,2026-09-01,7.250200684636993,forecast,boosting_squared,IEK
120100071_,шт,2026-09-01,4.222973420564436,forecast,boosting_squared,IEK
120100072_,шт,2026-09-01,8.480671694458001,forecast,boosting_squared,IEK
120100073_,шт,2026-09-01,4.3155118601956675,forecast,boosting_squared,IEK
120100074_,,2026-09-01,,insufficient_history,boosting_squared,IEK
120100075_,,2026-09-01,,insufficient_history,boosting_squared,IEK
120100076_,,2026-09-01,,insufficient_history,boosting_squared,IEK
120100077_,,2026-09-01,,insufficient_history,boosting_squared,IEK
120100079_,шт,2026-09-01,,insufficient_history,boosting_squared,IEK
120100080_,шт,2026-09-01,3.0241709584169696,forecast,boosting_squared,IEK
120100081_,шт,2026-09-01,14.22975716074298,forecast,boosting_squared,IEK
120100085_,шт,2026-09-01,7.087591174620243,forecast,boosting_squared,IEK
120100086_,шт,2026-09-01,4.107052878375697,forecast,boosting_squared,IEK
120100087_,шт,2026-09-01,3.951693578568249,forecast,boosting_squared,IEK
120100088_,шт,2026-09-01,2.0548664924732227,forecast,boosting_squared,IEK
120100089_,шт,2026-09-01,3.2228337302831704,forecast,boosting_squared,IEK
120100118_,шт,2026-09-01,49.070224347548475,forecast,boosting_squared,IEK
120100119_,шт,2026-09-01,21.0853519023928,forecast,boosting_squared,IEK
120100122_,шт,2026-09-01,2.3048441596782503,forecast,boosting_squared,IEK
120100178_,,2026-09-01,,insufficient_history,boosting_squared,IEK
120100188_,,2026-09-01,,insufficient_history,boosting_squared,IEK
120100203_,шт,2026-09-01,,insufficient_history,boosting_squared,IEK
120100216_,шт,2026-09-01,,insufficient_history,boosting_squared,IEK
120100219_,шт,2026-09-01,,insufficient_history,boosting_squared,IEK
120100220_,шт,2026-09-01,,insufficient_history,boosting_squared,IEK
120100221_,,2026-09-01,,insufficient_history,boosting_squared,IEK
120100231_,,2026-09-01,,insufficient_history,boosting_squared,IEK
120100306_,шт,2026-09-01,137.8453794495048,forecast,boosting_squared,IEK
120100307_,шт,2026-09-01,7.872541062345857,forecast,boosting_squared,IEK
120100308_,шт,2026-09-01,9.642631038076626,forecast,boosting_squared,IEK
120100309_,шт,2026-09-01,26.95876218605389,forecast,boosting_squared,IEK
120100319_,шт,2026-09-01,,insufficient_history,boosting_squared,IEK
120100320_,,2026-09-01,,insufficient_history,boosting_squared,IEK
120100322_,,2026-09-01,,insufficient_history,boosting_squared,IEK
120100325_,шт,2026-09-01,17.932887601188128,forecast,boosting_squared,IEK
120300008_,шт,2026-09-01,7.108050623043349,forecast,boosting_squared,IEK
120300023_,шт,2026-09-01,2.815233431406953,forecast,boosting_squared,IEK
130200006_,шт,2026-09-01,17.52172381637155,forecast,boosting_squared,IEK
130200007_,шт,2026-09-01,19.766712033633233,forecast,boosting_squared,IEK
130200008_,шт,2026-09-01,2.4668721029305094,forecast,boosting_squared,IEK
130200012_,м,2026-09-01,169.08144839677874,forecast,boosting_squared,IEK
130200013_,м,2026-09-01,15.536183968567501,forecast,boosting_squared,IEK
130200015_,м,2026-09-01,87.33901125692475,forecast,boosting_squared,IEK
130200016_,шт,2026-09-01,247.93273166610751,forecast,boosting_squared,IEK
130200019_,шт,2026-09-01,4.82194031188129,forecast,boosting_squared,IEK
130200020_,шт,2026-09-01,7.523955149928812,forecast,boosting_squared,IEK
130200021_,шт,2026-09-01,15.894113507912339,forecast,boosting_squared,IEK
130200022_,шт,2026-09-01,5.366753056875861,forecast,boosting_squared,IEK
130200023_,шт,2026-09-01,33.25524415940027,forecast,boosting_squared,IEK
130200028_,,2026-09-01,,insufficient_history,boosting_squared,IEK
130200032_,шт,2026-09-01,51.11702502628117,forecast,boosting_squared,IEK
130200034_,шт,2026-09-01,,insufficient_history,boosting_squared,IEK
130200035_,шт,2026-09-01,,insufficient_history,boosting_squared,IEK
130200036_,шт,2026-09-01,154.06911204997394,forecast,boosting_squared,IEK
130200063_,шт,2026-09-01,14.44595205324749,forecast,boosting_squared,IEK
130200073_,шт,2026-09-01,41.7652415963857,forecast,boosting_squared,IEK
130200074_,шт,2026-09-01,16.20756163659391,forecast,boosting_squared,IEK
130200075_,шт,2026-09-01,24.07105338877011,forecast,boosting_squared,IEK
130200080_,,2026-09-01,,insufficient_history,boosting_squared,IEK
130200082_,,2026-09-01,,insufficient_history,boosting_squared,IEK
130200085_,шт,2026-09-01,5.437756828622453,forecast,boosting_squared,IEK
130200089_,шт,2026-09-01,33.560780615498246,forecast,boosting_squared,IEK
130200120_,шт,2026-09-01,84.82235583901556,forecast,boosting_squared,IEK
130200121_,шт,2026-09-01,123.14992566771338,forecast,boosting_squared,IEK
130200122_,шт,2026-09-01,136.88267903526227,forecast,boosting_squared,IEK
130200123_,шт,2026-09-01,206.67230565510113,forecast,boosting_squared,IEK
130200124_,шт,2026-09-01,206.67607622158104,forecast,boosting_squared,IEK
130200125_,шт,2026-09-01,29.878266055432764,forecast,boosting_squared,IEK
130200126_,шт,2026-09-01,14.965266697947648,forecast,boosting_squared,IEK
130200127_,шт,2026-09-01,8.893531799890967,forecast,boosting_squared,IEK
130200128_,шт,2026-09-01,45.03017080454677,forecast,boosting_squared,IEK
130200131_,шт,2026-09-01,,insufficient_history,boosting_squared,IEK
130200133_,шт,2026-09-01,38.729651244261156,forecast,boosting_squared,IEK
130200134_,шт,2026-09-01,65.07900058431387,forecast,boosting_squared,IEK
130200135_,шт,2026-09-01,51.07514479722853,forecast,boosting_squared,IEK
130200136_,шт,2026-09-01,45.807229299427824,forecast,boosting_squared,IEK
130200154_,шт,2026-09-01,24.188960699730657,forecast,boosting_squared,IEK
130200159_,шт,2026-09-01,1.4566323948948001,forecast,boosting_squared,IEK
130200160_,,2026-09-01,,insufficient_history,boosting_squared,IEK
130200183_,шт,2026-09-01,7.90029322623898,forecast,boosting_squared,IEK
130200184_,шт,2026-09-01,8.836042477469759,forecast,boosting_squared,IEK
130200185_,шт,2026-09-01,5.738090005616197,forecast,boosting_squared,IEK
130200285_,шт,2026-09-01,,insufficient_history,boosting_squared,IEK
130200298_,шт,2026-09-01,3.2194913420682814,forecast,boosting_squared,IEK
130200299_,шт,2026-09-01,,insufficient_history,boosting_squared,IEK
130200300_,шт,2026-09-01,4.879227583210876,forecast,boosting_squared,IEK
130200301_,шт,2026-09-01,2.4833545826650707,forecast,boosting_squared,IEK
130200302_,шт,2026-09-01,1.4774204870912375,forecast,boosting_squared,IEK
130200305_,шт,2026-09-01,,insufficient_history,boosting_squared,IEK
130200313_,шт,2026-09-01,,insufficient_history,boosting_squared,IEK
130200314_,шт,2026-09-01,,insufficient_history,boosting_squared,IEK
130200315_,,2026-09-01,,insufficient_history,boosting_squared,IEK
130200339_,,2026-09-01,,insufficient_history,boosting_squared,IEK
130200340_,шт,2026-09-01,3.057284529743029,forecast,boosting_squared,IEK
130200341_,,2026-09-01,,insufficient_history,boosting_squared,IEK
130200342_,шт,2026-09-01,,insufficient_history,boosting_squared,IEK
130200343_,шт,2026-09-01,3.547319616719959,forecast,boosting_squared,IEK
130200378_,шт,2026-09-01,45.274590256803194,forecast,boosting_squared,IEK
130200381_,шт,2026-09-01,18.33398149336539,forecast,boosting_squared,IEK
130200387_,шт,2026-09-01,,insufficient_history,boosting_squared,IEK
130200409_,шт,2026-09-01,72.80452052676269,forecast,boosting_squared,IEK
130200413_,шт,2026-09-01,1.306019355393317,forecast,boosting_squared,IEK
130200414_,шт,2026-09-01,1.4591846555751418,forecast,boosting_squared,IEK
130200415_,шт,2026-09-01,1.0501719374354703,forecast,boosting_squared,IEK
130200416_,шт,2026-09-01,1.2303526138851806,forecast,boosting_squared,IEK
130200417_,шт,2026-09-01,,insufficient_history,boosting_squared,IEK
130200418_,шт,2026-09-01,1.3585451478710846,forecast,boosting_squared,IEK
130200419_,шт,2026-09-01,1.384394201262452,forecast,boosting_squared,IEK
130200420_,шт,2026-09-01,2.6496754980127086,forecast,boosting_squared,IEK
130200421_,шт,2026-09-01,2.4999680644477644,forecast,boosting_squared,IEK
130200422_,шт,2026-09-01,4.441867843363068,forecast,boosting_squared,IEK
130200423_,шт,2026-09-01,4.303263584904801,forecast,boosting_squared,IEK
130200424_,шт,2026-09-01,1.7263993091638539,forecast,boosting_squared,IEK
130200425_,шт,2026-09-01,3.750716290404272,forecast,boosting_squared,IEK
130200426_,шт,2026-09-01,3.075299496714248,forecast,boosting_squared,IEK
130200430_,шт,2026-09-01,4.147662984511167,forecast,boosting_squared,IEK
130200431_,шт,2026-09-01,2.630994428660704,forecast,boosting_squared,IEK
130200432_,шт,2026-09-01,2.90736842549899,forecast,boosting_squared,IEK
130200433_,шт,2026-09-01,2.589853927638393,forecast,boosting_squared,IEK
130200434_,шт,2026-09-01,1.9338719664276978,forecast,boosting_squared,IEK
130200435_,шт,2026-09-01,5.289031332279834,forecast,boosting_squared,IEK
130200436_,шт,2026-09-01,4.082936118301122,forecast,boosting_squared,IEK
130200437_,шт,2026-09-01,2.915570604655728,forecast,boosting_squared,IEK
130200438_,шт,2026-09-01,2.3322301941928094,forecast,boosting_squared,IEK
130200439_,шт,2026-09-01,2.5280744424138026,forecast,boosting_squared,IEK
130200440_,шт,2026-09-01,1.0981000961114402,forecast,boosting_squared,IEK
130200441_,шт,2026-09-01,4.735387533806081,forecast,boosting_squared,IEK
130200442_,шт,2026-09-01,2.533262626698603,forecast,boosting_squared,IEK
130200443_,шт,2026-09-01,2.033485730578607,forecast,boosting_squared,IEK
130200444_,шт,2026-09-01,1.7859043897238482,forecast,boosting_squared,IEK
130200445_,шт,2026-09-01,1.478563276497375,forecast,boosting_squared,IEK
130200490_,шт,2026-09-01,,insufficient_history,boosting_squared,IEK
130200491_,шт,2026-09-01,2.0922943624681807,forecast,boosting_squared,IEK
130200492_,шт,2026-09-01,3.2865075455564803,forecast,boosting_squared,IEK
130200493_,шт,2026-09-01,2.752109083815098,forecast,boosting_squared,IEK
130200494_,шт,2026-09-01,,insufficient_history,boosting_squared,IEK
130300003_,шт,2026-09-01,5.951826479276655,forecast,boosting_squared,IEK
130300004_,шт,2026-09-01,6.067099216082031,forecast,boosting_squared,IEK
130300005_,шт,2026-09-01,13.440835905072118,forecast,boosting_squared,IEK
130300006_,шт,2026-09-01,15.510914916884477,forecast,boosting_squared,IEK
130300020_,шт,2026-09-01,40.58047277144854,forecast,boosting_squared,IEK
130300021_,шт,2026-09-01,13.955638759508753,forecast,boosting_squared,IEK
130300022_,шт,2026-09-01,25.458794936484367,forecast,boosting_squared,IEK
130300032_,,2026-09-01,,insufficient_history,boosting_squared,IEK
130300033_,шт,2026-09-01,2.1603056365879767,forecast,boosting_squared,IEK
130300035_,шт,2026-09-01,,insufficient_history,boosting_squared,IEK
130300036_,,2026-09-01,,insufficient_history,boosting_squared,IEK
130300037_,шт,2026-09-01,,insufficient_history,boosting_squared,IEK
130300038_,шт,2026-09-01,,insufficient_history,boosting_squared,IEK
130300039_,шт,2026-09-01,10.090879969392049,forecast,boosting_squared,IEK
130300040_,шт,2026-09-01,1.8753213119239691,forecast,boosting_squared,IEK
130300041_,шт,2026-09-01,15.505425082187573,forecast,boosting_squared,IEK
130300042_,,2026-09-01,,insufficient_history,boosting_squared,IEK
130300080_,шт,2026-09-01,33.552812730787466,forecast,boosting_squared,IEK
130300084_,шт,2026-09-01,9.760132618779679,forecast,boosting_squared,IEK
130300089_,упак,2026-09-01,22.450292270474137,forecast,boosting_squared,IEK
130300090_,упак,2026-09-01,1.426808914040227,forecast,boosting_squared,IEK
130300091_,упак,2026-09-01,4.362452680639883,forecast,boosting_squared,IEK
130300101_,шт,2026-09-01,7.204460929118355,forecast,boosting_squared,IEK
130300102_,шт,2026-09-01,49.89138837919544,forecast,boosting_squared,IEK
130300103_,шт,2026-09-01,31.681755479509373,forecast,boosting_squared,IEK
130300105_,шт,2026-09-01,4.633447102339197,forecast,boosting_squared,IEK
130300107_,шт,2026-09-01,4.876500611478814,forecast,boosting_squared,IEK
130300108_,шт,2026-09-01,7.7373174982202215,forecast,boosting_squared,IEK
130300142_,шт,2026-09-01,6.400544841727366,forecast,boosting_squared,IEK
130300143_,шт,2026-09-01,,insufficient_history,boosting_squared,IEK
130300147_,шт,2026-09-01,2.572342615486768,forecast,boosting_squared,IEK
130300152_,шт,2026-09-01,76.65027256053071,forecast,boosting_squared,IEK
130300154_,шт,2026-09-01,55.78237278809157,forecast,boosting_squared,IEK
130300155_,,2026-09-01,,insufficient_history,boosting_squared,IEK
130300166_,шт,2026-09-01,,insufficient_history,boosting_squared,IEK
130300169_,шт,2026-09-01,,insufficient_history,boosting_squared,IEK
130300172_,шт,2026-09-01,,insufficient_history,boosting_squared,IEK
130300178_,шт,2026-09-01,,insufficient_history,boosting_squared,IEK
130300193_,шт,2026-09-01,,insufficient_history,boosting_squared,IEK
130300204_,шт,2026-09-01,6.784672143003329,forecast,boosting_squared,IEK
130300207_,шт,2026-09-01,4.493840701237903,forecast,boosting_squared,IEK
130300208_,шт,2026-09-01,,insufficient_history,boosting_squared,IEK
130300209_,шт,2026-09-01,,insufficient_history,boosting_squared,IEK
130300210_,шт,2026-09-01,,insufficient_history,boosting_squared,IEK
130300213_,шт,2026-09-01,,insufficient_history,boosting_squared,IEK
130300214_,шт,2026-09-01,,insufficient_history,boosting_squared,IEK
130300215_,,2026-09-01,,insufficient_history,boosting_squared,IEK
130300220_,шт,2026-09-01,87.76108847066976,forecast,boosting_squared,IEK
130300221_,шт,2026-09-01,26.315252188261965,forecast,boosting_squared,IEK
130300223_,шт,2026-09-01,4.181054683845521,forecast,boosting_squared,IEK
130300226_,шт,2026-09-01,,insufficient_history,boosting_squared,IEK
130300227_,шт,2026-09-01,,insufficient_history,boosting_squared,IEK
130300231_,шт,2026-09-01,,insufficient_history,boosting_squared,IEK
130300233_,шт,2026-09-01,,insufficient_history,boosting_squared,IEK
130300247_,шт,2026-09-01,,insufficient_history,boosting_squared,IEK
130300271_,упак,2026-09-01,1.4512252775720385,forecast,boosting_squared,IEK
130300275_,упак,2026-09-01,,insufficient_history,boosting_squared,IEK
130300287_,шт,2026-09-01,13.287389620392474,forecast,boosting_squared,IEK
130300288_,шт,2026-09-01,4.455905496936535,forecast,boosting_squared,IEK
130300290_,,2026-09-01,,insufficient_history,boosting_squared,IEK
130300291_,шт,2026-09-01,3.0784278716796525,forecast,boosting_squared,IEK
130300292_,шт,2026-09-01,2.2114230471368534,forecast,boosting_squared,IEK
130300293_,шт,2026-09-01,4.102853278510678,forecast,boosting_squared,IEK
130300302_,шт,2026-09-01,19.769380138346282,forecast,boosting_squared,IEK
130300325_,,2026-09-01,,insufficient_history,boosting_squared,IEK
130300363_,,2026-09-01,,insufficient_history,boosting_squared,IEK
130300368_,,2026-09-01,,insufficient_history,boosting_squared,IEK
130300418_,шт,2026-09-01,,insufficient_history,boosting_squared,IEK
130300449_,упак,2026-09-01,2.0335524172709176,forecast,boosting_squared,IEK
130300471_,упак,2026-09-01,2.2893301374146624,forecast,boosting_squared,IEK
130300518_,шт,2026-09-01,6.102238135395796,forecast,boosting_squared,IEK
130300519_,шт,2026-09-01,2.0380420093651455,forecast,boosting_squared,IEK
130300520_,шт,2026-09-01,3.745300886144403,forecast,boosting_squared,IEK
130300521_,шт,2026-09-01,3.5072927838276393,forecast,boosting_squared,IEK
130300524_,шт,2026-09-01,14.87654569614572,forecast,boosting_squared,IEK
130300526_,шт,2026-09-01,548.1995953910601,forecast,boosting_squared,IEK
130300527_,шт,2026-09-01,233.18073184139325,forecast,boosting_squared,IEK
130300528_,шт,2026-09-01,19.76700732476913,forecast,boosting_squared,IEK
130300529_,шт,2026-09-01,80.49337987163882,forecast,boosting_squared,IEK
130300531_,,2026-09-01,,insufficient_history,boosting_squared,IEK
130300532_,шт,2026-09-01,25.803117515062162,forecast,boosting_squared,IEK
130300533_,шт,2026-09-01,6.802673595929958,forecast,boosting_squared,IEK
130300534_,шт,2026-09-01,6.855354733542666,forecast,boosting_squared,IEK
130300535_,шт,2026-09-01,31.375640229535286,forecast,boosting_squared,IEK
130300536_,шт,2026-09-01,12.244006024974993,forecast,boosting_squared,IEK
130300537_,шт,2026-09-01,47.19122593352361,forecast,boosting_squared,IEK
130300538_,шт,2026-09-01,55.31779492190143,forecast,boosting_squared,IEK
130300544_,шт,2026-09-01,3.250987190189845,forecast,boosting_squared,IEK
130300545_,шт,2026-09-01,2.1839571793182495,forecast,boosting_squared,IEK
130300546_,шт,2026-09-01,2.5152314276102516,forecast,boosting_squared,IEK
130300555_,,2026-09-01,,insufficient_history,boosting_squared,IEK
130300596_,шт,2026-09-01,1.3540874905588562,forecast,boosting_squared,IEK
130300605_,упак,2026-09-01,3.9532223929213384,forecast,boosting_squared,IEK
130300606_,шт,2026-09-01,45.39881412432331,forecast,boosting_squared,IEK
130300608_,шт,2026-09-01,229.78669676820823,forecast,boosting_squared,IEK
130300742_,шт,2026-09-01,9.261649815781526,forecast,boosting_squared,IEK
130300764_,шт,2026-09-01,16.75539754050157,forecast,boosting_squared,IEK
130300765_,шт,2026-09-01,3.6684145145200358,forecast,boosting_squared,IEK
130300769=,шт,2026-09-01,,insufficient_history,boosting_squared,IEK
130300769_,шт,2026-09-01,,insufficient_history,boosting_squared,IEK
130300770_,шт,2026-09-01,2.353481737794774,forecast,boosting_squared,IEK
130300771_,м,2026-09-01,2205.0422070428717,forecast,boosting_squared,IEK
130300772_,м,2026-09-01,1841.1012135652556,forecast,boosting_squared,IEK
130300773_,шт,2026-09-01,1.8802692239324694,forecast,boosting_squared,IEK
130300774_,шт,2026-09-01,2.260018568850927,forecast,boosting_squared,IEK
130300775_,шт,2026-09-01,3.6400873240196128,forecast,boosting_squared,IEK
130300779_,м,2026-09-01,4186.616290192035,forecast,boosting_squared,IEK
130300780_,м,2026-09-01,8655.579473679976,forecast,boosting_squared,IEK
130300791_,м,2026-09-01,4860.518278137114,forecast,boosting_squared,IEK
130300792_,м,2026-09-01,6100.2503961792545,forecast,boosting_squared,IEK
130300831_,шт,2026-09-01,,insufficient_history,boosting_squared,IEK
130300861_,шт,2026-09-01,1.2577344358780227,forecast,boosting_squared,IEK
130300883_,шт,2026-09-01,7.6161259048203345,forecast,boosting_squared,IEK
130300962_,шт,2026-09-01,2.1046178262463586,forecast,boosting_squared,IEK
130300963_,шт,2026-09-01,3.474755946937049,forecast,boosting_squared,IEK
130300982_,,2026-09-01,,insufficient_history,boosting_squared,IEK
130300985_,шт,2026-09-01,4.645714225359549,forecast,boosting_squared,IEK
130300986_,шт,2026-09-01,2.233951364200985,forecast,boosting_squared,IEK
130300988_,шт,2026-09-01,3.3097105108580505,forecast,boosting_squared,IEK
130301000_,шт,2026-09-01,6.781682722217721,forecast,boosting_squared,IEK
130301016_,шт,2026-09-01,4.122499276861316,forecast,boosting_squared,IEK
130301073_,,2026-09-01,,insufficient_history,boosting_squared,IEK
130301079_,шт,2026-09-01,65.7925375758412,forecast,boosting_squared,IEK
130301081_,шт,2026-09-01,2.481679640929811,forecast,boosting_squared,IEK
130301087_,шт,2026-09-01,,insufficient_history,boosting_squared,IEK
130301096_,шт,2026-09-01,4.336047579040644,forecast,boosting_squared,IEK
130301097_,шт,2026-09-01,5.214512039476109,forecast,boosting_squared,IEK
130301098_,шт,2026-09-01,1.6482743648236393,forecast,boosting_squared,IEK
130301099_,шт,2026-09-01,1.922813679625075,forecast,boosting_squared,IEK
130301100_,шт,2026-09-01,84.67794504142512,forecast,boosting_squared,IEK
130301101_,шт,2026-09-01,770.1437239154399,forecast,boosting_squared,IEK
130301111_,,2026-09-01,,insufficient_history,boosting_squared,IEK
130301112_,,2026-09-01,,insufficient_history,boosting_squared,IEK
130301113_,,2026-09-01,,insufficient_history,boosting_squared,IEK
130301114_,,2026-09-01,,insufficient_history,boosting_squared,IEK
130301115_,,2026-09-01,,insufficient_history,boosting_squared,IEK
130301116_,,2026-09-01,,insufficient_history,boosting_squared,IEK
130301120_,шт,2026-09-01,30.832077727535687,forecast,boosting_squared,IEK
130301128_,шт,2026-09-01,4.327386198196931,forecast,boosting_squared,IEK
130301133_,,2026-09-01,,insufficient_history,boosting_squared,IEK
130301232_,м,2026-09-01,282.47414184001167,forecast,boosting_squared,IEK
130301257_,шт,2026-09-01,6.303912274206161,forecast,boosting_squared,IEK
130301258_,шт,2026-09-01,4.2137415199740795,forecast,boosting_squared,IEK
130301261_,шт,2026-09-01,,insufficient_history,boosting_squared,IEK
130301263_,шт,2026-09-01,1.2551917262191445,forecast,boosting_squared,IEK
130301597_,,2026-09-01,,insufficient_history,boosting_squared,IEK
130301598_,,2026-09-01,,insufficient_history,boosting_squared,IEK
130301608_,шт,2026-09-01,75.16405185358235,forecast,boosting_squared,IEK
130301609_,шт,2026-09-01,24.728233513004295,forecast,boosting_squared,IEK
130301610_,шт,2026-09-01,61.71939229292456,forecast,boosting_squared,IEK
130301611_,шт,2026-09-01,23.87898050342704,forecast,boosting_squared,IEK
130301612_,шт,2026-09-01,21.742320784147857,forecast,boosting_squared,IEK
130301613_,шт,2026-09-01,19.654863972682985,forecast,boosting_squared,IEK
130301614_,шт,2026-09-01,12.537792880874782,forecast,boosting_squared,IEK
130301615_,шт,2026-09-01,5.8571368225609115,forecast,boosting_squared,IEK
130301616_,шт,2026-09-01,13.10023923520088,forecast,boosting_squared,IEK
130301617_,шт,2026-09-01,10.59685457133392,forecast,boosting_squared,IEK
130301618_,шт,2026-09-01,11.632093846319256,forecast,boosting_squared,IEK
130301619_,шт,2026-09-01,52.611321493668505,forecast,boosting_squared,IEK
130301620_,шт,2026-09-01,11.284061785169852,forecast,boosting_squared,IEK
130301621_,шт,2026-09-01,8.310423195579244,forecast,boosting_squared,IEK
130301622_,шт,2026-09-01,6.2080015852384935,forecast,boosting_squared,IEK
130301623_,шт,2026-09-01,1.70363706467815,forecast,boosting_squared,IEK
130301624_,шт,2026-09-01,,insufficient_history,boosting_squared,IEK
130301625_,шт,2026-09-01,5.536820354405948,forecast,boosting_squared,IEK
130301626_,шт,2026-09-01,27.539547358137316,forecast,boosting_squared,IEK
130301627_,шт,2026-09-01,5.357645930891904,forecast,boosting_squared,IEK
130301628_,шт,2026-09-01,7.6009874754820235,forecast,boosting_squared,IEK
130301629_,шт,2026-09-01,8.903444943591932,forecast,boosting_squared,IEK
130301630_,шт,2026-09-01,9.731487401188481,forecast,boosting_squared,IEK
130301631_,шт,2026-09-01,17.23582834210648,forecast,boosting_squared,IEK
130301632_,шт,2026-09-01,19.289156352489034,forecast,boosting_squared,IEK
130301633_,шт,2026-09-01,10.908451069567752,forecast,boosting_squared,IEK
130301634_,шт,2026-09-01,44.647327216269765,forecast,boosting_squared,IEK
130301635_,шт,2026-09-01,102.00393376034951,forecast,boosting_squared,IEK
130301636_,шт,2026-09-01,25.17517012240336,forecast,boosting_squared,IEK
130301637_,шт,2026-09-01,,insufficient_history,boosting_squared,IEK
130301638_,шт,2026-09-01,14.55705199053904,forecast,boosting_squared,IEK
130301639_,шт,2026-09-01,6.137278493810799,forecast,boosting_squared,IEK
130301640_,шт,2026-09-01,28.116651114795363,forecast,boosting_squared,IEK
130301641_,шт,2026-09-01,16.899520064603617,forecast,boosting_squared,IEK
130301642_,шт,2026-09-01,,insufficient_history,boosting_squared,IEK
130301643_,шт,2026-09-01,,insufficient_history,boosting_squared,IEK
130301644_,шт,2026-09-01,15.551420679445904,forecast,boosting_squared,IEK
130301645_,шт,2026-09-01,5.5490884394200295,forecast,boosting_squared,IEK
130301646_,шт,2026-09-01,9.028789068695165,forecast,boosting_squared,IEK
130301647_,шт,2026-09-01,6.523684811022861,forecast,boosting_squared,IEK
130301648_,шт,2026-09-01,4.004540624287651,forecast,boosting_squared,IEK
130301649_,шт,2026-09-01,0.7078981455068991,forecast,boosting_squared,IEK
130301650_,шт,2026-09-01,,insufficient_history,boosting_squared,IEK
130301651_,шт,2026-09-01,,insufficient_history,boosting_squared,IEK
130301652_,шт,2026-09-01,,insufficient_history,boosting_squared,IEK
130301653_,,2026-09-01,,insufficient_history,boosting_squared,IEK
130301654_,шт,2026-09-01,,insufficient_history,boosting_squared,IEK
130301655_,шт,2026-09-01,,insufficient_history,boosting_squared,IEK
130301656_,шт,2026-09-01,,insufficient_history,boosting_squared,IEK
130301657_,,2026-09-01,,insufficient_history,boosting_squared,IEK
130301658_,шт,2026-09-01,,insufficient_history,boosting_squared,IEK
130301659_,шт,2026-09-01,,insufficient_history,boosting_squared,IEK
130301660_,шт,2026-09-01,,insufficient_history,boosting_squared,IEK
130301661_,шт,2026-09-01,,insufficient_history,boosting_squared,IEK
130301662_,шт,2026-09-01,,insufficient_history,boosting_squared,IEK
130301663_,шт,2026-09-01,,insufficient_history,boosting_squared,IEK
130301664_,шт,2026-09-01,,insufficient_history,boosting_squared,IEK
130301665_,шт,2026-09-01,,insufficient_history,boosting_squared,IEK
130301666_,шт,2026-09-01,,insufficient_history,boosting_squared,IEK
130301667_,шт,2026-09-01,,insufficient_history,boosting_squared,IEK
130301668_,шт,2026-09-01,,insufficient_history,boosting_squared,IEK
130301669_,шт,2026-09-01,,insufficient_history,boosting_squared,IEK
130301670_,шт,2026-09-01,,insufficient_history,boosting_squared,IEK
130301671_,шт,2026-09-01,,insufficient_history,boosting_squared,IEK
130301672_,,2026-09-01,,insufficient_history,boosting_squared,IEK
130301673_,шт,2026-09-01,19.810946852234494,forecast,boosting_squared,IEK
130301674_,шт,2026-09-01,2.603829008276514,forecast,boosting_squared,IEK
130301675_,шт,2026-09-01,26.624772578527153,forecast,boosting_squared,IEK
130301676_,шт,2026-09-01,,insufficient_history,boosting_squared,IEK
130301677_,шт,2026-09-01,5.211206073616223,forecast,boosting_squared,IEK
130301678_,шт,2026-09-01,5.732200710132944,forecast,boosting_squared,IEK
130301679_,шт,2026-09-01,3.601748479488312,forecast,boosting_squared,IEK
130301680_,,2026-09-01,,insufficient_history,boosting_squared,IEK
130301681_,шт,2026-09-01,,insufficient_history,boosting_squared,IEK
130301682_,шт,2026-09-01,,insufficient_history,boosting_squared,IEK
130301683_,шт,2026-09-01,,insufficient_history,boosting_squared,IEK
130301685_,шт,2026-09-01,,insufficient_history,boosting_squared,IEK
130301686_,шт,2026-09-01,,insufficient_history,boosting_squared,IEK
130301687_,шт,2026-09-01,,insufficient_history,boosting_squared,IEK
130301688_,шт,2026-09-01,7.0723794284979835,forecast,boosting_squared,IEK
130301689_,шт,2026-09-01,14.966314945162098,forecast,boosting_squared,IEK
130301690_,шт,2026-09-01,,insufficient_history,boosting_squared,IEK
130301691_,шт,2026-09-01,,insufficient_history,boosting_squared,IEK
130301692_,шт,2026-09-01,,insufficient_history,boosting_squared,IEK
130301693_,шт,2026-09-01,5.937992310197816,forecast,boosting_squared,IEK
130301694_,шт,2026-09-01,,insufficient_history,boosting_squared,IEK
130301695_,шт,2026-09-01,14.85793500664085,forecast,boosting_squared,IEK
130301696_,шт,2026-09-01,,insufficient_history,boosting_squared,IEK
130301697_,шт,2026-09-01,4.604995942472687,forecast,boosting_squared,IEK
130301698_,шт,2026-09-01,,insufficient_history,boosting_squared,IEK
130301699_,шт,2026-09-01,,insufficient_history,boosting_squared,IEK
130301700_,шт,2026-09-01,,insufficient_history,boosting_squared,IEK
130301701_,шт,2026-09-01,,insufficient_history,boosting_squared,IEK
130301702_,шт,2026-09-01,,insufficient_history,boosting_squared,IEK
130301703_,шт,2026-09-01,,insufficient_history,boosting_squared,IEK
130301704_,шт,2026-09-01,,insufficient_history,boosting_squared,IEK
130301705_,шт,2026-09-01,,insufficient_history,boosting_squared,IEK
130301706_,шт,2026-09-01,6.802594777896492,forecast,boosting_squared,IEK
130301707_,шт,2026-09-01,,insufficient_history,boosting_squared,IEK
130301708_,шт,2026-09-01,,insufficient_history,boosting_squared,IEK
130301709_,шт,2026-09-01,,insufficient_history,boosting_squared,IEK
130301710_,шт,2026-09-01,,insufficient_history,boosting_squared,IEK
130301711_,шт,2026-09-01,,insufficient_history,boosting_squared,IEK
130301712_,шт,2026-09-01,5.29243238496869,forecast,boosting_squared,IEK
130301713_,шт,2026-09-01,,insufficient_history,boosting_squared,IEK
130301714_,шт,2026-09-01,,insufficient_history,boosting_squared,IEK
130301715_,шт,2026-09-01,6.424353633553384,forecast,boosting_squared,IEK
130301716_,шт,2026-09-01,,insufficient_history,boosting_squared,IEK
130301717_,шт,2026-09-01,,insufficient_history,boosting_squared,IEK
130301718_,шт,2026-09-01,,insufficient_history,boosting_squared,IEK
130301719_,шт,2026-09-01,,insufficient_history,boosting_squared,IEK
130301720_,шт,2026-09-01,,insufficient_history,boosting_squared,IEK
130301721_,шт,2026-09-01,,insufficient_history,boosting_squared,IEK
130301722_,шт,2026-09-01,,insufficient_history,boosting_squared,IEK
130301723_,шт,2026-09-01,,insufficient_history,boosting_squared,IEK
130301724_,шт,2026-09-01,,insufficient_history,boosting_squared,IEK
130301725_,шт,2026-09-01,,insufficient_history,boosting_squared,IEK
130301726_,шт,2026-09-01,,insufficient_history,boosting_squared,IEK
130301727_,шт,2026-09-01,,insufficient_history,boosting_squared,IEK
130301728_,шт,2026-09-01,,insufficient_history,boosting_squared,IEK
130301729_,шт,2026-09-01,,insufficient_history,boosting_squared,IEK
130301730_,шт,2026-09-01,,insufficient_history,boosting_squared,IEK
130301731_,шт,2026-09-01,,insufficient_history,boosting_squared,IEK
130301732_,шт,2026-09-01,,insufficient_history,boosting_squared,IEK
130301733_,шт,2026-09-01,3.625784511442098,forecast,boosting_squared,IEK
130301734_,шт,2026-09-01,,insufficient_history,boosting_squared,IEK
130301735_,шт,2026-09-01,,insufficient_history,boosting_squared,IEK
130301736_,шт,2026-09-01,4.474790200126154,forecast,boosting_squared,IEK
130301737_,шт,2026-09-01,9.805915663989461,forecast,boosting_squared,IEK
130301738_,шт,2026-09-01,1.5237888360101715,forecast,boosting_squared,IEK
130301739_,шт,2026-09-01,,insufficient_history,boosting_squared,IEK
130301927_,м,2026-09-01,,insufficient_history,boosting_squared,IEK
130400069_,шт,2026-09-01,,insufficient_history,boosting_squared,IEK
130400112_,шт,2026-09-01,,insufficient_history,boosting_squared,IEK
130400150_,,2026-09-01,,insufficient_history,boosting_squared,IEK
130400151_,,2026-09-01,,insufficient_history,boosting_squared,IEK
130400152_,шт,2026-09-01,,insufficient_history,boosting_squared,IEK
130400153_,шт,2026-09-01,,insufficient_history,boosting_squared,IEK
130400154_,шт,2026-09-01,3.3609855100665333,forecast,boosting_squared,IEK
130400155_,шт,2026-09-01,,insufficient_history,boosting_squared,IEK
130400156_,шт,2026-09-01,,insufficient_history,boosting_squared,IEK
130500001_,шт,2026-09-01,,insufficient_history,boosting_squared,IEK
130500002_,шт,2026-09-01,55.13170344844493,forecast,boosting_squared,IEK
130500003_,шт,2026-09-01,3.7302947391332024,forecast,boosting_squared,IEK
130500004_,шт,2026-09-01,1.8790824770321055,forecast,boosting_squared,IEK
130500005_,шт,2026-09-01,7.474769692412203,forecast,boosting_squared,IEK
130500006_,шт,2026-09-01,,insufficient_history,boosting_squared,IEK
130500007_,шт,2026-09-01,15.510854613186645,forecast,boosting_squared,IEK
130500008_,шт,2026-09-01,4.044094212505922,forecast,boosting_squared,IEK
130500009_,шт,2026-09-01,27.640237428969076,forecast,boosting_squared,IEK
130500010_,шт,2026-09-01,3.4093092201650146,forecast,boosting_squared,IEK
130500011_,шт,2026-09-01,4.25879024540449,forecast,boosting_squared,IEK
130500012_,шт,2026-09-01,,insufficient_history,boosting_squared,IEK
130500013_,шт,2026-09-01,2.876753785524926,forecast,boosting_squared,IEK
130500014_,шт,2026-09-01,,insufficient_history,boosting_squared,IEK
130500015_,шт,2026-09-01,3.3097105108580505,forecast,boosting_squared,IEK
130500027_,шт,2026-09-01,5.261172650740266,forecast,boosting_squared,IEK
130500046_,шт,2026-09-01,41.31987929587646,forecast,boosting_squared,IEK
130500051_,,2026-09-01,,insufficient_history,boosting_squared,IEK
130500080_,шт,2026-09-01,3.398194388208921,forecast,boosting_squared,IEK
130500085_,шт,2026-09-01,5.03424004491868,forecast,boosting_squared,IEK
130500088_,шт,2026-09-01,2.8004517319379296,forecast,boosting_squared,IEK
130500094_,шт,2026-09-01,4.538973707966237,forecast,boosting_squared,IEK
130500098_,,2026-09-01,,insufficient_history,boosting_squared,IEK
130500102_,шт,2026-09-01,4.6661316844185885,forecast,boosting_squared,IEK
130500136_,шт,2026-09-01,1.7331152392673852,forecast,boosting_squared,IEK
130500137_,,2026-09-01,,insufficient_history,boosting_squared,IEK
130600007_,шт,2026-09-01,,insufficient_history,boosting_squared,IEK
130600021_,шт,2026-09-01,15.104507432198593,forecast,boosting_squared,IEK
130600022_,шт,2026-09-01,12.514945098381734,forecast,boosting_squared,IEK
130600023_,шт,2026-09-01,36.735517938222856,forecast,boosting_squared,IEK
130600024_,шт,2026-09-01,10.749865995057517,forecast,boosting_squared,IEK
130600025_,шт,2026-09-01,14.095999080762383,forecast,boosting_squared,IEK
130600027_,шт,2026-09-01,18.38155752723515,forecast,boosting_squared,IEK
130600031_,шт,2026-09-01,6.050746111060056,forecast,boosting_squared,IEK
130600032_,шт,2026-09-01,12.40389445435502,forecast,boosting_squared,IEK
130600051_,шт,2026-09-01,5.918361063716708,forecast,boosting_squared,IEK
130600052_,шт,2026-09-01,10.87144869957853,forecast,boosting_squared,IEK
130600053_,шт,2026-09-01,29.56967892674393,forecast,boosting_squared,IEK
130600057_,шт,2026-09-01,2.876753785524926,forecast,boosting_squared,IEK
130600060_,шт,2026-09-01,28.91092083118352,forecast,boosting_squared,IEK
130600061_,шт,2026-09-01,34.75432152675924,forecast,boosting_squared,IEK
130600062_,,2026-09-01,,insufficient_history,boosting_squared,IEK
130600063_,шт,2026-09-01,96.6939391112129,forecast,boosting_squared,IEK
130600064_,шт,2026-09-01,8.756165020277077,forecast,boosting_squared,IEK
130600066_,шт,2026-09-01,10.844331094858676,forecast,boosting_squared,IEK
130600067_,шт,2026-09-01,5.738574600960335,forecast,boosting_squared,IEK
130600068_,шт,2026-09-01,89.21524823515797,forecast,boosting_squared,IEK
130600075_,шт,2026-09-01,,insufficient_history,boosting_squared,IEK
130600076_,шт,2026-09-01,3.690871456247611,forecast,boosting_squared,IEK
130600077_,шт,2026-09-01,3.385651724978632,forecast,boosting_squared,IEK
130600078_,шт,2026-09-01,2.4269102771990427,forecast,boosting_squared,IEK
130600079_,шт,2026-09-01,3.6464200394038278,forecast,boosting_squared,IEK
130600080_,шт,2026-09-01,2.7858314313543096,forecast,boosting_squared,IEK
130600086_,шт,2026-09-01,9.22108875895544,forecast,boosting_squared,IEK
130600098_,шт,2026-09-01,5.563031437365938,forecast,boosting_squared,IEK
130600121_,шт,2026-09-01,,insufficient_history,boosting_squared,IEK
130600122_,шт,2026-09-01,,insufficient_history,boosting_squared,IEK
130600123_,шт,2026-09-01,,insufficient_history,boosting_squared,IEK
130600124_,шт,2026-09-01,2.640883027836036,forecast,boosting_squared,IEK
130600125_,шт,2026-09-01,3.1673420126162104,forecast,boosting_squared,IEK
130600126_,,2026-09-01,,insufficient_history,boosting_squared,IEK
130600128_,шт,2026-09-01,12.936552375207492,forecast,boosting_squared,IEK
130600129_,шт,2026-09-01,,insufficient_history,boosting_squared,IEK
130600130_,шт,2026-09-01,3.141938895511512,forecast,boosting_squared,IEK
130600131_,шт,2026-09-01,,insufficient_history,boosting_squared,IEK
130600132_,шт,2026-09-01,,insufficient_history,boosting_squared,IEK
130600135_,шт,2026-09-01,,insufficient_history,boosting_squared,IEK
130600136_,шт,2026-09-01,3.302197772119578,forecast,boosting_squared,IEK
130600137_,шт,2026-09-01,16.674736820851283,forecast,boosting_squared,IEK
130600138_,шт,2026-09-01,7.966111857099958,forecast,boosting_squared,IEK
130600140_,шт,2026-09-01,,insufficient_history,boosting_squared,IEK
130600145_,шт,2026-09-01,23.895242001660456,forecast,boosting_squared,IEK
130600147_,,2026-09-01,,insufficient_history,boosting_squared,IEK
130600148_,шт,2026-09-01,,insufficient_history,boosting_squared,IEK
130600149_,шт,2026-09-01,,insufficient_history,boosting_squared,IEK
130600150_,шт,2026-09-01,,insufficient_history,boosting_squared,IEK
130600154_,шт,2026-09-01,22.25887096125817,forecast,boosting_squared,IEK
130600165_,шт,2026-09-01,3.547319616719959,forecast,boosting_squared,IEK
130600166_,шт,2026-09-01,,insufficient_history,boosting_squared,IEK
130600200_,шт,2026-09-01,,insufficient_history,boosting_squared,IEK
130600201_,шт,2026-09-01,,insufficient_history,boosting_squared,IEK
130600202_,шт,2026-09-01,,insufficient_history,boosting_squared,IEK
130600203_,шт,2026-09-01,,insufficient_history,boosting_squared,IEK
130600204_,шт,2026-09-01,5.035275226283629,forecast,boosting_squared,IEK
130600205_,шт,2026-09-01,11.486483978970078,forecast,boosting_squared,IEK
130600206_,шт,2026-09-01,,insufficient_history,boosting_squared,IEK
130600207_,шт,2026-09-01,8.477147045506726,forecast,boosting_squared,IEK
130600208_,шт,2026-09-01,1.9527515373608926,forecast,boosting_squared,IEK
130600209_,шт,2026-09-01,,insufficient_history,boosting_squared,IEK
130600210_,шт,2026-09-01,,insufficient_history,boosting_squared,IEK
130600211_,шт,2026-09-01,2.686509921435874,forecast,boosting_squared,IEK
130600212_,шт,2026-09-01,2.4737186360156818,forecast,boosting_squared,IEK
130600213_,шт,2026-09-01,3.5557058010828015,forecast,boosting_squared,IEK
130600214_,шт,2026-09-01,5.1873603248642866,forecast,boosting_squared,IEK
130600215_,шт,2026-09-01,2.11354107512442,forecast,boosting_squared,IEK
130600216_,шт,2026-09-01,,insufficient_history,boosting_squared,IEK
130600217_,шт,2026-09-01,3.1476446181903635,forecast,boosting_squared,IEK
130600218_,шт,2026-09-01,,insufficient_history,boosting_squared,IEK
130600219_,шт,2026-09-01,,insufficient_history,boosting_squared,IEK
130600220_,шт,2026-09-01,,insufficient_history,boosting_squared,IEK
130600222_,шт,2026-09-01,,insufficient_history,boosting_squared,IEK
130600223_,шт,2026-09-01,,insufficient_history,boosting_squared,IEK
130600224_,шт,2026-09-01,,insufficient_history,boosting_squared,IEK
130600225_,шт,2026-09-01,,insufficient_history,boosting_squared,IEK
130600226_,шт,2026-09-01,,insufficient_history,boosting_squared,IEK
130600227_,,2026-09-01,,insufficient_history,boosting_squared,IEK
130600228_,,2026-09-01,,insufficient_history,boosting_squared,IEK
130600229_,шт,2026-09-01,,insufficient_history,boosting_squared,IEK
130600230_,шт,2026-09-01,,insufficient_history,boosting_squared,IEK
130600232_,шт,2026-09-01,,insufficient_history,boosting_squared,IEK
130600234_,шт,2026-09-01,,insufficient_history,boosting_squared,IEK
130600235_,шт,2026-09-01,,insufficient_history,boosting_squared,IEK
130600236_,шт,2026-09-01,,insufficient_history,boosting_squared,IEK
130600237_,шт,2026-09-01,,insufficient_history,boosting_squared,IEK
130600238_,шт,2026-09-01,,insufficient_history,boosting_squared,IEK
130600239_,шт,2026-09-01,,insufficient_history,boosting_squared,IEK
130600240_,шт,2026-09-01,,insufficient_history,boosting_squared,IEK
130600241_,шт,2026-09-01,,insufficient_history,boosting_squared,IEK
130600242_,шт,2026-09-01,,insufficient_history,boosting_squared,IEK
130600243_,шт,2026-09-01,,insufficient_history,boosting_squared,IEK
130600244_,шт,2026-09-01,,insufficient_history,boosting_squared,IEK
130600245_,шт,2026-09-01,,insufficient_history,boosting_squared,IEK
130600246_,шт,2026-09-01,,insufficient_history,boosting_squared,IEK
130600247_,,2026-09-01,,insufficient_history,boosting_squared,IEK
130600248_,шт,2026-09-01,,insufficient_history,boosting_squared,IEK
130600253_,шт,2026-09-01,2.714864582242466,forecast,boosting_squared,IEK
130600254_,шт,2026-09-01,1.127722943445358,forecast,boosting_squared,IEK
130600255_,шт,2026-09-01,3.08870683007429,forecast,boosting_squared,IEK
130600256_,шт,2026-09-01,3.5532360226815185,forecast,boosting_squared,IEK
130600257_,шт,2026-09-01,,insufficient_history,boosting_squared,IEK
130600258_,шт,2026-09-01,0.9491343811038859,forecast,boosting_squared,IEK
130600259_,шт,2026-09-01,,insufficient_history,boosting_squared,IEK
130600260_,шт,2026-09-01,,insufficient_history,boosting_squared,IEK
130600261_,шт,2026-09-01,3.15404651329375,forecast,boosting_squared,IEK
130600262_,шт,2026-09-01,,insufficient_history,boosting_squared,IEK
130600265_,шт,2026-09-01,,insufficient_history,boosting_squared,IEK
130600266_,шт,2026-09-01,,insufficient_history,boosting_squared,IEK
130600267_,шт,2026-09-01,,insufficient_history,boosting_squared,IEK
130600268_,шт,2026-09-01,,insufficient_history,boosting_squared,IEK
130600269_,шт,2026-09-01,,insufficient_history,boosting_squared,IEK
130600270_,шт,2026-09-01,,insufficient_history,boosting_squared,IEK
130600271_,шт,2026-09-01,,insufficient_history,boosting_squared,IEK
130600272_,шт,2026-09-01,2.481679640929811,forecast,boosting_squared,IEK
130600273_,шт,2026-09-01,,insufficient_history,boosting_squared,IEK
130900001_,шт,2026-09-01,9.42823765441051,forecast,boosting_squared,IEK
130900006_,шт,2026-09-01,11.789713693547077,forecast,boosting_squared,IEK
130900007_,шт,2026-09-01,3.904390540392026,forecast,boosting_squared,IEK
130900008_,шт,2026-09-01,12.670368134944617,forecast,boosting_squared,IEK
130900009_,шт,2026-09-01,26.696253269408246,forecast,boosting_squared,IEK
130900010_,шт,2026-09-01,5.993171245852555,forecast,boosting_squared,IEK
130900012_,шт,2026-09-01,22.66060798409078,forecast,boosting_squared,IEK
130900013_,шт,2026-09-01,8.792962820848745,forecast,boosting_squared,IEK
130900014_,шт,2026-09-01,7.919601773704499,forecast,boosting_squared,IEK
130900017_,шт,2026-09-01,23.54890437478891,forecast,boosting_squared,IEK
130900019_,шт,2026-09-01,163.71615201651818,forecast,boosting_squared,IEK
130900020_,шт,2026-09-01,182.48871322959735,forecast,boosting_squared,IEK
130900030_,шт,2026-09-01,7.215276132509146,forecast,boosting_squared,IEK
130900031_,шт,2026-09-01,6.208246720968743,forecast,boosting_squared,IEK
130900033_,,2026-09-01,,insufficient_history,boosting_squared,IEK
130900065_,шт,2026-09-01,9.559003291048139,forecast,boosting_squared,IEK
150100494_,шт,2026-09-01,,insufficient_history,boosting_squared,IEK
150100666_,м,2026-09-01,,insufficient_history,boosting_squared,IEK
150100667_,м,2026-09-01,8.899783938964747,forecast,boosting_squared,IEK
150100720_,м,2026-09-01,5.089071190644211,forecast,boosting_squared,IEK
150100723_,м,2026-09-01,3.20406746685595,forecast,boosting_squared,IEK
150100853_,м,2026-09-01,,insufficient_history,boosting_squared,IEK
150100854_,м,2026-09-01,3.40609080824813,forecast,boosting_squared,IEK
150100855_,м,2026-09-01,11.23563713886363,forecast,boosting_squared,IEK
150100863_,м,2026-09-01,,insufficient_history,boosting_squared,IEK
150100864_,м,2026-09-01,,insufficient_history,boosting_squared,IEK
150100953_,м,2026-09-01,14.927357780643643,forecast,boosting_squared,IEK
150100954_,м,2026-09-01,13.191653878820794,forecast,boosting_squared,IEK
150100955_,м,2026-09-01,8.848442091743294,forecast,boosting_squared,IEK
150100956_,,2026-09-01,,insufficient_history,boosting_squared,IEK
150100957_,м,2026-09-01,9.263438046434205,forecast,boosting_squared,IEK
150100958_,,2026-09-01,,insufficient_history,boosting_squared,IEK
150100959_,м,2026-09-01,,insufficient_history,boosting_squared,IEK
150100961_,м,2026-09-01,5.068911512259074,forecast,boosting_squared,IEK
150100996_,м,2026-09-01,35.73407873597223,forecast,boosting_squared,IEK
150100997_,м,2026-09-01,95.4443146343201,forecast,boosting_squared,IEK
150101000_,м,2026-09-01,10.780182092299288,forecast,boosting_squared,IEK
150101008_,м,2026-09-01,14.927357780643643,forecast,boosting_squared,IEK
150101009_,,2026-09-01,,insufficient_history,boosting_squared,IEK
150101010_,м,2026-09-01,6.22047890668122,forecast,boosting_squared,IEK
150101102_,,2026-09-01,,insufficient_history,boosting_squared,IEK
150101103_,м,2026-09-01,12.33092451346114,forecast,boosting_squared,IEK
150101104_,м,2026-09-01,13.920467008408496,forecast,boosting_squared,IEK
150101140_,шт,2026-09-01,7.952821442211852,forecast,boosting_squared,IEK
150101155_,шт,2026-09-01,4.815034656144419,forecast,boosting_squared,IEK
150101158_,шт,2026-09-01,5.046584713727985,forecast,boosting_squared,IEK
150101175_,шт,2026-09-01,,insufficient_history,boosting_squared,IEK
150101176_,шт,2026-09-01,,insufficient_history,boosting_squared,IEK
150101177_,шт,2026-09-01,,insufficient_history,boosting_squared,IEK
150101178_,шт,2026-09-01,,insufficient_history,boosting_squared,IEK
150101179_,шт,2026-09-01,2.0380420093651455,forecast,boosting_squared,IEK
150101180_,шт,2026-09-01,13.982265040583574,forecast,boosting_squared,IEK
150101181_,шт,2026-09-01,2.767555314981468,forecast,boosting_squared,IEK
150101182_,шт,2026-09-01,8.335501360514728,forecast,boosting_squared,IEK
150101183_,шт,2026-09-01,5.8587475662217345,forecast,boosting_squared,IEK
150101188_,шт,2026-09-01,,insufficient_history,boosting_squared,IEK
150101189_,шт,2026-09-01,5.645200289714098,forecast,boosting_squared,IEK
150101190_,шт,2026-09-01,10.282597029588663,forecast,boosting_squared,IEK
150101191_,шт,2026-09-01,5.430857565646814,forecast,boosting_squared,IEK
150101192_,шт,2026-09-01,11.018047681868351,forecast,boosting_squared,IEK
150101193_,шт,2026-09-01,11.06893230900111,forecast,boosting_squared,IEK
150101194_,шт,2026-09-01,,insufficient_history,boosting_squared,IEK
150101195_,шт,2026-09-01,,insufficient_history,boosting_squared,IEK
150101196_,шт,2026-09-01,,insufficient_history,boosting_squared,IEK
150101197_,шт,2026-09-01,,insufficient_history,boosting_squared,IEK
150101198_,шт,2026-09-01,6.510437120827853,forecast,boosting_squared,IEK
150101199_,шт,2026-09-01,7.931951543009919,forecast,boosting_squared,IEK
150101200_,шт,2026-09-01,6.7436739501089535,forecast,boosting_squared,IEK
150101201_,шт,2026-09-01,8.950156704776745,forecast,boosting_squared,IEK
150101202_,шт,2026-09-01,8.30543983184501,forecast,boosting_squared,IEK
150101203_,шт,2026-09-01,,insufficient_history,boosting_squared,IEK
150101204_,шт,2026-09-01,,insufficient_history,boosting_squared,IEK
150101205_,шт,2026-09-01,,insufficient_history,boosting_squared,IEK
150101206_,шт,2026-09-01,,insufficient_history,boosting_squared,IEK
150101207_,шт,2026-09-01,,insufficient_history,boosting_squared,IEK
150101208_,шт,2026-09-01,13.161197048080808,forecast,boosting_squared,IEK
150101209_,шт,2026-09-01,6.543136731636322,forecast,boosting_squared,IEK
150101210_,шт,2026-09-01,,insufficient_history,boosting_squared,IEK
150101211_,шт,2026-09-01,,insufficient_history,boosting_squared,IEK
150101212_,шт,2026-09-01,,insufficient_history,boosting_squared,IEK
150101213_,шт,2026-09-01,51.53844259059657,forecast,boosting_squared,IEK
150300123_,,2026-09-01,,insufficient_history,boosting_squared,IEK
150700221_,,2026-09-01,,insufficient_history,boosting_squared,IEK
150700222_,,2026-09-01,,insufficient_history,boosting_squared,IEK
150700223_,,2026-09-01,,insufficient_history,boosting_squared,IEK
151000053_,,2026-09-01,,insufficient_history,boosting_squared,IEK
151000056_,,2026-09-01,,insufficient_history,boosting_squared,IEK
151000059_,шт,2026-09-01,58.26959185487384,forecast,boosting_squared,IEK
151000061_,шт,2026-09-01,20.297591675657703,forecast,boosting_squared,IEK
151000069_,,2026-09-01,,insufficient_history,boosting_squared,IEK
151000070_,шт,2026-09-01,,insufficient_history,boosting_squared,IEK
151000071_,шт,2026-09-01,,insufficient_history,boosting_squared,IEK
151000074_,,2026-09-01,,insufficient_history,boosting_squared,IEK
151000080_,,2026-09-01,,insufficient_history,boosting_squared,IEK
151000081_,,2026-09-01,,insufficient_history,boosting_squared,IEK
151000082_,шт,2026-09-01,4.174913076131983,forecast,boosting_squared,IEK
151000083_,шт,2026-09-01,8.848553492037668,forecast,boosting_squared,IEK
151000084_,шт,2026-09-01,,insufficient_history,boosting_squared,IEK
151000119_,,2026-09-01,,insufficient_history,boosting_squared,IEK
151000132_,,2026-09-01,,insufficient_history,boosting_squared,IEK
151000137_,шт,2026-09-01,11.232156530738585,forecast,boosting_squared,IEK
151000175_,шт,2026-09-01,11.854135283038458,forecast,boosting_squared,IEK
151000214_,,2026-09-01,,insufficient_history,boosting_squared,IEK
151000369_,шт,2026-09-01,9.147396895692351,forecast,boosting_squared,IEK
151000552_,,2026-09-01,,insufficient_history,boosting_squared,IEK
151000553_,шт,2026-09-01,,insufficient_history,boosting_squared,IEK
151000555_,шт,2026-09-01,3.1128715211929023,forecast,boosting_squared,IEK
151000556_,шт,2026-09-01,,insufficient_history,boosting_squared,IEK
151000557_,,2026-09-01,,insufficient_history,boosting_squared,IEK
151000558_,шт,2026-09-01,3.9982448184679997,forecast,boosting_squared,IEK
151000601_,шт,2026-09-01,,insufficient_history,boosting_squared,IEK
151000606_,шт,2026-09-01,,insufficient_history,boosting_squared,IEK
151000691_,шт,2026-09-01,7.046663334411763,forecast,boosting_squared,IEK
151000692_,шт,2026-09-01,2.507473826558691,forecast,boosting_squared,IEK
151000693_,шт,2026-09-01,1.0846862388866902,forecast,boosting_squared,IEK
151000698_,,2026-09-01,,insufficient_history,boosting_squared,IEK
151000732_,шт,2026-09-01,,insufficient_history,boosting_squared,IEK
151000733_,шт,2026-09-01,0.9334861666093068,forecast,boosting_squared,IEK
151000734_,шт,2026-09-01,2.3794324503298405,forecast,boosting_squared,IEK
151000735_,,2026-09-01,,insufficient_history,boosting_squared,IEK
151000774_,,2026-09-01,,insufficient_history,boosting_squared,IEK
151000783_,шт,2026-09-01,,insufficient_history,boosting_squared,IEK
151000784_,,2026-09-01,,insufficient_history,boosting_squared,IEK
151000785_,,2026-09-01,,insufficient_history,boosting_squared,IEK
151300040_,,2026-09-01,,insufficient_history,boosting_squared,IEK
151300041_,,2026-09-01,,insufficient_history,boosting_squared,IEK
151300042_,шт,2026-09-01,,insufficient_history,boosting_squared,IEK
200400001_,шт,2026-09-01,30.223555173271418,forecast,boosting_squared,IEK
200400002_,шт,2026-09-01,10.428635625208965,forecast,boosting_squared,IEK
200400003_,шт,2026-09-01,11.54867839211463,forecast,boosting_squared,IEK
200400004_,шт,2026-09-01,4.544342204109257,forecast,boosting_squared,IEK
200400007_,шт,2026-09-01,8.193752740899917,forecast,boosting_squared,IEK
200400009_,шт,2026-09-01,,insufficient_history,boosting_squared,IEK
200400010_,шт,2026-09-01,,insufficient_history,boosting_squared,IEK
200400011_,шт,2026-09-01,,insufficient_history,boosting_squared,IEK
200400012_,,2026-09-01,,insufficient_history,boosting_squared,IEK
200400014_,шт,2026-09-01,,insufficient_history,boosting_squared,IEK
200400015_,шт,2026-09-01,2.0989282278872023,forecast,boosting_squared,IEK
200400016_,шт,2026-09-01,3.6250001399781704,forecast,boosting_squared,IEK
200400017_,шт,2026-09-01,5.310059016623722,forecast,boosting_squared,IEK
200400018_,шт,2026-09-01,2.3771678587467644,forecast,boosting_squared,IEK
200400019_,шт,2026-09-01,160.19767988850984,forecast,boosting_squared,IEK
200400020_,шт,2026-09-01,6.731632147406651,forecast,boosting_squared,IEK
200400021_,шт,2026-09-01,24.593038634669806,forecast,boosting_squared,IEK
200400022_,шт,2026-09-01,4.884953973757705,forecast,boosting_squared,IEK
200400023_,шт,2026-09-01,9.766944653120689,forecast,boosting_squared,IEK
200400024_,шт,2026-09-01,137.73709874384974,forecast,boosting_squared,IEK
200400025_,шт,2026-09-01,23.730308838495294,forecast,boosting_squared,IEK
200400026_,шт,2026-09-01,418.0655501372182,forecast,boosting_squared,IEK
200400027_,шт,2026-09-01,320.35591068869775,forecast,boosting_squared,IEK
200400028_,шт,2026-09-01,230.50840362313969,forecast,boosting_squared,IEK
200400029_,шт,2026-09-01,121.88489081756875,forecast,boosting_squared,IEK
200400030_,шт,2026-09-01,27.643326122860707,forecast,boosting_squared,IEK
200400032_,шт,2026-09-01,,insufficient_history,boosting_squared,IEK
200400034_,шт,2026-09-01,11.87822925037492,forecast,boosting_squared,IEK
200400048_,м,2026-09-01,50.89789751093396,forecast,boosting_squared,IEK
200400050_,шт,2026-09-01,5.776493319293272,forecast,boosting_squared,IEK
200400085_,м,2026-09-01,2859.808041220315,forecast,boosting_squared,IEK
200400101_,шт,2026-09-01,25.51022025859466,forecast,boosting_squared,IEK
200400104_,м,2026-09-01,1525.440299243209,forecast,boosting_squared,IEK
200400105_,,2026-09-01,,insufficient_history,boosting_squared,IEK
200400166_,м,2026-09-01,2339.51833192274,forecast,boosting_squared,IEK
200400218_,,2026-09-01,,insufficient_history,boosting_squared,IEK
200400249_,шт,2026-09-01,4.856755919263262,forecast,boosting_squared,IEK
200400250_,м,2026-09-01,1949.4667862485435,forecast,boosting_squared,IEK
200400259_,шт,2026-09-01,1.2695416258640553,forecast,boosting_squared,IEK
200400264_,шт,2026-09-01,2.6035495111099345,forecast,boosting_squared,IEK
200400329_,м,2026-09-01,,insufficient_history,boosting_squared,IEK
200400330_,м,2026-09-01,77.12488905143367,forecast,boosting_squared,IEK
201000015_,шт,2026-09-01,,insufficient_history,boosting_squared,IEK
201000017_,шт,2026-09-01,,insufficient_history,boosting_squared,IEK
201000018_,шт,2026-09-01,,insufficient_history,boosting_squared,IEK
201000019_,шт,2026-09-01,,insufficient_history,boosting_squared,IEK
201000020_,шт,2026-09-01,3.054190086847603,forecast,boosting_squared,IEK
201000021_,шт,2026-09-01,,insufficient_history,boosting_squared,IEK
201000022_,шт,2026-09-01,,insufficient_history,boosting_squared,IEK
203000051_,,2026-09-01,,insufficient_history,boosting_squared,IEK
203000053_,,2026-09-01,,insufficient_history,boosting_squared,IEK
203000056_,,2026-09-01,,insufficient_history,boosting_squared,IEK
203000079_,,2026-09-01,,insufficient_history,boosting_squared,IEK
220400107_,м,2026-09-01,,insufficient_history,boosting_squared,IEK
220400108_,,2026-09-01,,insufficient_history,boosting_squared,IEK
220400109_,,2026-09-01,,insufficient_history,boosting_squared,IEK
220400110_,,2026-09-01,,insufficient_history,boosting_squared,IEK
220400111_,,2026-09-01,,insufficient_history,boosting_squared,IEK
220400112_,,2026-09-01,,insufficient_history,boosting_squared,IEK
220400113_,,2026-09-01,,insufficient_history,boosting_squared,IEK
240100001_,,2026-09-01,,insufficient_history,boosting_squared,IEK
240100002_,упак,2026-09-01,12.023245109893235,forecast,boosting_squared,IEK
240100003_,упак,2026-09-01,5.847356536528107,forecast,boosting_squared,IEK
240100004_,упак,2026-09-01,14.748287939809353,forecast,boosting_squared,IEK
240100005_,упак,2026-09-01,130.39552944131404,forecast,boosting_squared,IEK
240100006_,упак,2026-09-01,110.30463241073387,forecast,boosting_squared,IEK
240100007_,упак,2026-09-01,17.747592442272556,forecast,boosting_squared,IEK
240100009_,,2026-09-01,,insufficient_history,boosting_squared,IEK
240100010_,,2026-09-01,,insufficient_history,boosting_squared,IEK
240100011_,упак,2026-09-01,16.017544570835195,forecast,boosting_squared,IEK
240100012_,упак,2026-09-01,5.012985433365881,forecast,boosting_squared,IEK
240100013_,упак,2026-09-01,8.280332750483756,forecast,boosting_squared,IEK
240100015_,,2026-09-01,,insufficient_history,boosting_squared,IEK
240100016_,упак,2026-09-01,,insufficient_history,boosting_squared,IEK
240100020_,упак,2026-09-01,0.7085331601275885,forecast,boosting_squared,IEK
240100025_,упак,2026-09-01,,insufficient_history,boosting_squared,IEK
240100026_,упак,2026-09-01,31.52790501809137,forecast,boosting_squared,IEK
240100027_,упак,2026-09-01,18.208871728122784,forecast,boosting_squared,IEK
240100028_,упак,2026-09-01,24.266779971615893,forecast,boosting_squared,IEK
240100029_,упак,2026-09-01,42.33665200703663,forecast,boosting_squared,IEK
240100045_,,2026-09-01,,insufficient_history,boosting_squared,IEK
240100052_,упак,2026-09-01,132.18282249842392,forecast,boosting_squared,IEK
240100053_,упак,2026-09-01,871.316980245072,forecast,boosting_squared,IEK
240100054_,упак,2026-09-01,656.1121166607818,forecast,boosting_squared,IEK
240100089_,,2026-09-01,,insufficient_history,boosting_squared,IEK
240100090_,упак,2026-09-01,29.60350387398711,forecast,boosting_squared,IEK
240100091_,упак,2026-09-01,107.96805623404857,forecast,boosting_squared,IEK
240100092_,упак,2026-09-01,1.7763931876670427,forecast,boosting_squared,IEK
240100093_,упак,2026-09-01,27.55163239908555,forecast,boosting_squared,IEK
240100094_,упак,2026-09-01,358.86215950887436,forecast,boosting_squared,IEK
240100095_,упак,2026-09-01,8.228034378474232,forecast,boosting_squared,IEK
240100096_,упак,2026-09-01,2.912130168616577,forecast,boosting_squared,IEK
240100097_,упак,2026-09-01,2.560470463931872,forecast,boosting_squared,IEK
240100106_,упак,2026-09-01,8.794365431521573,forecast,boosting_squared,IEK
240100107_,упак,2026-09-01,13.59844364525217,forecast,boosting_squared,IEK
240100109_,,2026-09-01,,insufficient_history,boosting_squared,IEK
240100110_,,2026-09-01,,insufficient_history,boosting_squared,IEK
240100111_,упак,2026-09-01,140.14628448079569,forecast,boosting_squared,IEK
240100112_,упак,2026-09-01,471.01623132568864,forecast,boosting_squared,IEK
240100117_,,2026-09-01,,insufficient_history,boosting_squared,IEK
240100185_,упак,2026-09-01,15.635271835090757,forecast,boosting_squared,IEK
240100189_,,2026-09-01,,insufficient_history,boosting_squared,IEK
240100190_,,2026-09-01,,insufficient_history,boosting_squared,IEK
240100208_,упак,2026-09-01,179.0720411625573,forecast,boosting_squared,IEK
240100209_,упак,2026-09-01,1.6801817285294733,forecast,boosting_squared,IEK
240200003_,упак,2026-09-01,1.0861046353152617,forecast,boosting_squared,IEK
240200005_,,2026-09-01,,insufficient_history,boosting_squared,IEK
240200006_,,2026-09-01,,insufficient_history,boosting_squared,IEK
240200007_,упак,2026-09-01,2.4076838746640354,forecast,boosting_squared,IEK
240200008_,,2026-09-01,,insufficient_history,boosting_squared,IEK
240200009_,,2026-09-01,,insufficient_history,boosting_squared,IEK
240200010_,,2026-09-01,,insufficient_history,boosting_squared,IEK
240200011_,упак,2026-09-01,2.087372330612212,forecast,boosting_squared,IEK
240200012_,упак,2026-09-01,1.5885840609832866,forecast,boosting_squared,IEK
240200014_,упак,2026-09-01,,insufficient_history,boosting_squared,IEK
240200015_,,2026-09-01,,insufficient_history,boosting_squared,IEK
240200017_,упак,2026-09-01,1.24736361658146,forecast,boosting_squared,IEK
240200029_,упак,2026-09-01,1.064882760945313,forecast,boosting_squared,IEK
240200031_,упак,2026-09-01,1.3667319098866042,forecast,boosting_squared,IEK
240200032_,упак,2026-09-01,6.718124131900012,forecast,boosting_squared,IEK
240200033_,,2026-09-01,,insufficient_history,boosting_squared,IEK
240200034_,,2026-09-01,,insufficient_history,boosting_squared,IEK
240200050_,,2026-09-01,,insufficient_history,boosting_squared,IEK
240200065_,,2026-09-01,,insufficient_history,boosting_squared,IEK
240300013_,упак,2026-09-01,1.3496145857712198,forecast,boosting_squared,IEK
240300014_,упак,2026-09-01,1.9196929702221077,forecast,boosting_squared,IEK
240300015_,упак,2026-09-01,1.8396861087609544,forecast,boosting_squared,IEK
240300016_,упак,2026-09-01,1.2937911832799838,forecast,boosting_squared,IEK
240300017_,упак,2026-09-01,1.2813899260794732,forecast,boosting_squared,IEK
240300018_,упак,2026-09-01,1.5029979370412339,forecast,boosting_squared,IEK
240300019_,упак,2026-09-01,1.8276734341566874,forecast,boosting_squared,IEK
240300020_,упак,2026-09-01,1.8732182302400202,forecast,boosting_squared,IEK
240300021_,,2026-09-01,,insufficient_history,boosting_squared,IEK
240300022_,,2026-09-01,,insufficient_history,boosting_squared,IEK
240300023_,,2026-09-01,,insufficient_history,boosting_squared,IEK
240300024_,,2026-09-01,,insufficient_history,boosting_squared,IEK
240300025_,,2026-09-01,,insufficient_history,boosting_squared,IEK
240300026_,,2026-09-01,,insufficient_history,boosting_squared,IEK
240300027_,упак,2026-09-01,3.9255360268828814,forecast,boosting_squared,IEK
240300033_,упак,2026-09-01,3.2420692253773806,forecast,boosting_squared,IEK
240300034_,упак,2026-09-01,2.8582964864182223,forecast,boosting_squared,IEK
240300035_,упак,2026-09-01,2.757017941360772,forecast,boosting_squared,IEK
240300050_,упак,2026-09-01,2.7134117240676683,forecast,boosting_squared,IEK
240300051_,упак,2026-09-01,2.7134117240676683,forecast,boosting_squared,IEK
240300052_,упак,2026-09-01,2.581707586359367,forecast,boosting_squared,IEK
240300053_,упак,2026-09-01,2.6756220357125216,forecast,boosting_squared,IEK
240300054_,упак,2026-09-01,2.8502011785235326,forecast,boosting_squared,IEK
240300055_,упак,2026-09-01,2.68151949408297,forecast,boosting_squared,IEK
240300056_,,2026-09-01,,insufficient_history,boosting_squared,IEK
240300057_,упак,2026-09-01,1.1775753651441625,forecast,boosting_squared,IEK
240300058_,,2026-09-01,,insufficient_history,boosting_squared,IEK
240300059_,,2026-09-01,,insufficient_history,boosting_squared,IEK
250200001_,шт,2026-09-01,2.0449972372846372,forecast,boosting_squared,IEK
250200002_,шт,2026-09-01,2.9952268601941583,forecast,boosting_squared,IEK
250200003_,шт,2026-09-01,4.597245654561328,forecast,boosting_squared,IEK
250200004_,шт,2026-09-01,4.9000323913664925,forecast,boosting_squared,IEK
250200005_,шт,2026-09-01,,insufficient_history,boosting_squared,IEK
250200006_,шт,2026-09-01,10.104697757596218,forecast,boosting_squared,IEK
250200007_,шт,2026-09-01,8.71466683303155,forecast,boosting_squared,IEK
250200008_,шт,2026-09-01,2.387128506369267,forecast,boosting_squared,IEK
250200009_,шт,2026-09-01,2.8263644355733564,forecast,boosting_squared,IEK
250200010_,шт,2026-09-01,3.6373958043718906,forecast,boosting_squared,IEK
250200011_,шт,2026-09-01,4.434416616116447,forecast,boosting_squared,IEK
250200012_,шт,2026-09-01,2.1557395798932943,forecast,boosting_squared,IEK
250200014_,шт,2026-09-01,7.300723632806464,forecast,boosting_squared,IEK
250200015_,шт,2026-09-01,5.2142257271860295,forecast,boosting_squared,IEK
250200016_,шт,2026-09-01,12.558858989242546,forecast,boosting_squared,IEK
250200017_,шт,2026-09-01,6.112500940666355,forecast,boosting_squared,IEK
250200018_,шт,2026-09-01,4.641182900825564,forecast,boosting_squared,IEK
250200019_,шт,2026-09-01,2.4357007391281256,forecast,boosting_squared,IEK
250200020_,шт,2026-09-01,2.3838565464132913,forecast,boosting_squared,IEK
250200021_,,2026-09-01,,insufficient_history,boosting_squared,IEK
250200022_,,2026-09-01,,insufficient_history,boosting_squared,IEK
250200023_,шт,2026-09-01,,insufficient_history,boosting_squared,IEK
250200025_,шт,2026-09-01,3.120216436424582,forecast,boosting_squared,IEK
250200026_,шт,2026-09-01,3.04706599990899,forecast,boosting_squared,IEK
250200027_,шт,2026-09-01,3.825466962446989,forecast,boosting_squared,IEK
250200028_,шт,2026-09-01,4.085091941817071,forecast,boosting_squared,IEK
250200029_,шт,2026-09-01,12.485308672793563,forecast,boosting_squared,IEK
250200031_,шт,2026-09-01,2.8829094478559565,forecast,boosting_squared,IEK
250200032_,шт,2026-09-01,1.6680270645577386,forecast,boosting_squared,IEK
250200037_,шт,2026-09-01,1.4159008219277962,forecast,boosting_squared,IEK
250200041_,шт,2026-09-01,1.392125707241201,forecast,boosting_squared,IEK
250200042_,шт,2026-09-01,4.809927195854276,forecast,boosting_squared,IEK
250200044_,шт,2026-09-01,3.09817155290155,forecast,boosting_squared,IEK
250200047_,шт,2026-09-01,1.670122261440872,forecast,boosting_squared,IEK
250200050_,шт,2026-09-01,2.0538047901158127,forecast,boosting_squared,IEK
250200051_,шт,2026-09-01,1.5263165743380926,forecast,boosting_squared,IEK
250200052_,шт,2026-09-01,2.717063489427976,forecast,boosting_squared,IEK
250200054_,шт,2026-09-01,1.452852339911455,forecast,boosting_squared,IEK
250200060_,шт,2026-09-01,1.5059766408254187,forecast,boosting_squared,IEK
250200061_,шт,2026-09-01,4.100631692153329,forecast,boosting_squared,IEK
250200077_,шт,2026-09-01,2.3849721221473024,forecast,boosting_squared,IEK
250200078_,шт,2026-09-01,,insufficient_history,boosting_squared,IEK
250200106_,шт,2026-09-01,,insufficient_history,boosting_squared,IEK
250600001_,шт,2026-09-01,15.648523947891823,forecast,boosting_squared,IEK
250600002_,шт,2026-09-01,16.759071342371517,forecast,boosting_squared,IEK
250600003_,шт,2026-09-01,16.054919532193157,forecast,boosting_squared,IEK
250600004_,шт,2026-09-01,10.16862661564578,forecast,boosting_squared,IEK
250600005_,шт,2026-09-01,7.85237939802609,forecast,boosting_squared,IEK
250600006_,шт,2026-09-01,8.586354284403344,forecast,boosting_squared,IEK
250600007,шт,2026-09-01,,insufficient_history,boosting_squared,IEK
250600007_,шт,2026-09-01,80.21489525431015,forecast,boosting_squared,IEK
250600008_,шт,2026-09-01,17.42953364629158,forecast,boosting_squared,IEK
250600009_,шт,2026-09-01,17.918905808602023,forecast,boosting_squared,IEK
250600010_,шт,2026-09-01,22.997189385288074,forecast,boosting_squared,IEK
250600011_,шт,2026-09-01,20.91752017307227,forecast,boosting_squared,IEK
250600012_,шт,2026-09-01,5.919877159509144,forecast,boosting_squared,IEK
250600013_,шт,2026-09-01,91.93610117300646,forecast,boosting_squared,IEK
250600014_,шт,2026-09-01,19.59987686021872,forecast,boosting_squared,IEK
250600015_,шт,2026-09-01,5.514833995775991,forecast,boosting_squared,IEK
250600020_,шт,2026-09-01,6.6480970280730345,forecast,boosting_squared,IEK
250600021_,шт,2026-09-01,13.873052760302478,forecast,boosting_squared,IEK
250600030_,шт,2026-09-01,74.88940506239138,forecast,boosting_squared,IEK
250600034_,шт,2026-09-01,2.3488225934271254,forecast,boosting_squared,IEK
250600039_,шт,2026-09-01,4.128158155268915,forecast,boosting_squared,IEK
250600040_,,2026-09-01,,insufficient_history,boosting_squared,IEK
250600041_,шт,2026-09-01,4.863278964190116,forecast,boosting_squared,IEK
250600042_,,2026-09-01,,insufficient_history,boosting_squared,IEK
250600043_,,2026-09-01,,insufficient_history,boosting_squared,IEK
250600044_,,2026-09-01,,insufficient_history,boosting_squared,IEK
250600045_,,2026-09-01,,insufficient_history,boosting_squared,IEK
250600047_,,2026-09-01,,insufficient_history,boosting_squared,IEK
250600050_,м,2026-09-01,,insufficient_history,boosting_squared,IEK
250600051_,м,2026-09-01,,insufficient_history,boosting_squared,IEK
250600052_,,2026-09-01,,insufficient_history,boosting_squared,IEK
250600053_,шт,2026-09-01,,insufficient_history,boosting_squared,IEK
250600054_,шт,2026-09-01,3.9238554327730286,forecast,boosting_squared,IEK
250600055_,шт,2026-09-01,3.4934862123100427,forecast,boosting_squared,IEK
250600056_,шт,2026-09-01,3.5365833426197244,forecast,boosting_squared,IEK
250600057_,шт,2026-09-01,3.102099551162264,forecast,boosting_squared,IEK
250600058_,шт,2026-09-01,2.954118666057741,forecast,boosting_squared,IEK
250600059_,шт,2026-09-01,,insufficient_history,boosting_squared,IEK
250600061_,,2026-09-01,,insufficient_history,boosting_squared,IEK
250600062_,,2026-09-01,,insufficient_history,boosting_squared,IEK
250600063_,шт,2026-09-01,3.2070138541792748,forecast,boosting_squared,IEK
250600087_,шт,2026-09-01,658.0219062425795,forecast,boosting_squared,IEK
250600114_,,2026-09-01,,insufficient_history,boosting_squared,IEK
250600115_,шт,2026-09-01,1.0981000961114402,forecast,boosting_squared,IEK
250600116_,шт,2026-09-01,2.7754926216433087,forecast,boosting_squared,IEK
250600117_,шт,2026-09-01,,insufficient_history,boosting_squared,IEK
250600118_,,2026-09-01,,insufficient_history,boosting_squared,IEK
250600119_,,2026-09-01,,insufficient_history,boosting_squared,IEK
250600120_,,2026-09-01,,insufficient_history,boosting_squared,IEK
250600121_,,2026-09-01,,insufficient_history,boosting_squared,IEK
250600122_,,2026-09-01,,insufficient_history,boosting_squared,IEK
250600123_,,2026-09-01,,insufficient_history,boosting_squared,IEK
250600124_,,2026-09-01,,insufficient_history,boosting_squared,IEK
250600125_,,2026-09-01,,insufficient_history,boosting_squared,IEK
250600126_,,2026-09-01,,insufficient_history,boosting_squared,IEK
250600127_,,2026-09-01,,insufficient_history,boosting_squared,IEK
250600129_,шт,2026-09-01,13.617983927900704,forecast,boosting_squared,IEK
250600130_,шт,2026-09-01,3.6105110080170473,forecast,boosting_squared,IEK
250600131_,шт,2026-09-01,8.101799194958163,forecast,boosting_squared,IEK
250600132_,шт,2026-09-01,1.2016714344445607,forecast,boosting_squared,IEK
250600150_,шт,2026-09-01,,insufficient_history,boosting_squared,IEK
250600152_,шт,2026-09-01,,insufficient_history,boosting_squared,IEK
250600173_,шт,2026-09-01,13.040629774282081,forecast,boosting_squared,IEK
250600174_,шт,2026-09-01,1.6507637530092145,forecast,boosting_squared,IEK
250600175_,шт,2026-09-01,8.389825620027322,forecast,boosting_squared,IEK
250600176_,шт,2026-09-01,4.214975880645705,forecast,boosting_squared,IEK
250600177_,шт,2026-09-01,3.767021327478875,forecast,boosting_squared,IEK
250600178_,шт,2026-09-01,3.596919277803517,forecast,boosting_squared,IEK
250600179_,шт,2026-09-01,5.220477931972369,forecast,boosting_squared,IEK
250600180_,шт,2026-09-01,3.118980991251151,forecast,boosting_squared,IEK
250600181_,шт,2026-09-01,11.063743227055362,forecast,boosting_squared,IEK
250600182_,шт,2026-09-01,5.281611729445176,forecast,boosting_squared,IEK
250600183_,шт,2026-09-01,6.9575816784089195,forecast,boosting_squared,IEK
250600184_,шт,2026-09-01,24.594737391882965,forecast,boosting_squared,IEK
250600185_,шт,2026-09-01,19.03796078575389,forecast,boosting_squared,IEK
250600186_,шт,2026-09-01,12.097876935477005,forecast,boosting_squared,IEK
250600187_,,2026-09-01,,insufficient_history,boosting_squared,IEK
250600244_,шт,2026-09-01,,insufficient_history,boosting_squared,IEK
250600250_,шт,2026-09-01,3.412667397922996,forecast,boosting_squared,IEK
250600252_,шт,2026-09-01,,insufficient_history,boosting_squared,IEK
250600271_,шт,2026-09-01,,insufficient_history,boosting_squared,IEK
250600275_,шт,2026-09-01,4.694026475992672,forecast,boosting_squared,IEK
250600276_,шт,2026-09-01,1.490551828149351,forecast,boosting_squared,IEK
250600277_,шт,2026-09-01,2.2266691995289687,forecast,boosting_squared,IEK
250600278_,шт,2026-09-01,2.830326898869116,forecast,boosting_squared,IEK
250600279_,шт,2026-09-01,1.5420078555884011,forecast,boosting_squared,IEK
250600287_,шт,2026-09-01,2.412584819245942,forecast,boosting_squared,IEK
250600289_,шт,2026-09-01,4.448686441011395,forecast,boosting_squared,IEK
250600290_,шт,2026-09-01,4.4835802049150875,forecast,boosting_squared,IEK
250600291_,шт,2026-09-01,2.843636231420816,forecast,boosting_squared,IEK
250600292_,шт,2026-09-01,3.4463527022608407,forecast,boosting_squared,IEK
250600293_,шт,2026-09-01,4.81089594310738,forecast,boosting_squared,IEK
250600294_,шт,2026-09-01,,insufficient_history,boosting_squared,IEK
250600309_,шт,2026-09-01,,insufficient_history,boosting_squared,IEK
250600310_,шт,2026-09-01,1.9950408220323732,forecast,boosting_squared,IEK
250600311_,шт,2026-09-01,2.0810592262335583,forecast,boosting_squared,IEK
250600312_,шт,2026-09-01,,insufficient_history,boosting_squared,IEK
250600313_,шт,2026-09-01,,insufficient_history,boosting_squared,IEK
250600314_,шт,2026-09-01,2.2815683957138964,forecast,boosting_squared,IEK
250600315_,шт,2026-09-01,2.9046879127668146,forecast,boosting_squared,IEK
250600316_,шт,2026-09-01,,insufficient_history,boosting_squared,IEK
250600317_,шт,2026-09-01,,insufficient_history,boosting_squared,IEK
250600318_,шт,2026-09-01,,insufficient_history,boosting_squared,IEK
251000053_,шт,2026-09-01,2.329737514323497,forecast,boosting_squared,IEK
251400017_,шт,2026-09-01,2.970701061532931,forecast,boosting_squared,IEK
251400019_,шт,2026-09-01,9.548123365000706,forecast,boosting_squared,IEK
251400020_,шт,2026-09-01,30.56416618047572,forecast,boosting_squared,IEK
251400021_,шт,2026-09-01,3.9846983431093825,forecast,boosting_squared,IEK
251400022_,шт,2026-09-01,2.4759281748860817,forecast,boosting_squared,IEK
251400023_,шт,2026-09-01,2.483203763931757,forecast,boosting_squared,IEK
251400024_,шт,2026-09-01,2.630106655358077,forecast,boosting_squared,IEK
251400025_,шт,2026-09-01,1.9448992314080424,forecast,boosting_squared,IEK
251400026_,шт,2026-09-01,1.8943300580470304,forecast,boosting_squared,IEK
251400027_,шт,2026-09-01,4.3331505595984705,forecast,boosting_squared,IEK
251400028_,шт,2026-09-01,3.242972830272838,forecast,boosting_squared,IEK
251400029_,шт,2026-09-01,3.921621002707429,forecast,boosting_squared,IEK
251400030_,шт,2026-09-01,15.158987752766894,forecast,boosting_squared,IEK
251400031_,шт,2026-09-01,,insufficient_history,boosting_squared,IEK
251400032_,шт,2026-09-01,4.885920891192091,forecast,boosting_squared,IEK
251400033_,шт,2026-09-01,7.775114418842403,forecast,boosting_squared,IEK
251400034_,шт,2026-09-01,,insufficient_history,boosting_squared,IEK
251400035_,шт,2026-09-01,2.173978650463475,forecast,boosting_squared,IEK
251400036_,шт,2026-09-01,3.9351900851673074,forecast,boosting_squared,IEK
251400037_,шт,2026-09-01,7.474536415261515,forecast,boosting_squared,IEK
251400038_,шт,2026-09-01,6.367594960988308,forecast,boosting_squared,IEK
251400039_,шт,2026-09-01,2.771225168826407,forecast,boosting_squared,IEK
251400040_,шт,2026-09-01,5.671295234277277,forecast,boosting_squared,IEK
251400041_,шт,2026-09-01,8.593370770283135,forecast,boosting_squared,IEK
251400042_,шт,2026-09-01,8.81559681917921,forecast,boosting_squared,IEK
251400043_,шт,2026-09-01,6.362000227505601,forecast,boosting_squared,IEK
251400044_,шт,2026-09-01,6.319439377020993,forecast,boosting_squared,IEK
251400045_,шт,2026-09-01,10.853075634556573,forecast,boosting_squared,IEK
251400046_,шт,2026-09-01,7.390283361228297,forecast,boosting_squared,IEK
251400047_,шт,2026-09-01,3.4163733485183743,forecast,boosting_squared,IEK
251400048_,шт,2026-09-01,3.4117653683050957,forecast,boosting_squared,IEK
251400049_,шт,2026-09-01,2.9808768262394505,forecast,boosting_squared,IEK
251400050_,шт,2026-09-01,2.9770592118372363,forecast,boosting_squared,IEK
251400051_,шт,2026-09-01,13.176336400316057,forecast,boosting_squared,IEK
251400052_,шт,2026-09-01,5.554613159109881,forecast,boosting_squared,IEK
251400053_,шт,2026-09-01,1.5869876239874303,forecast,boosting_squared,IEK
251400054_,шт,2026-09-01,2.346420252344522,forecast,boosting_squared,IEK
251400055_,шт,2026-09-01,4.068372672994219,forecast,boosting_squared,IEK
251400056_,шт,2026-09-01,3.4696199046130936,forecast,boosting_squared,IEK
251400057_,шт,2026-09-01,2.345253722314776,forecast,boosting_squared,IEK
251400058_,шт,2026-09-01,3.6814405774838495,forecast,boosting_squared,IEK
251400059_,шт,2026-09-01,2.471769497570126,forecast,boosting_squared,IEK
251400060_,шт,2026-09-01,2.296946571623574,forecast,boosting_squared,IEK
251400061_,шт,2026-09-01,2.4044087277715818,forecast,boosting_squared,IEK
251400062_,шт,2026-09-01,2.3610986923059403,forecast,boosting_squared,IEK
251400063_,шт,2026-09-01,3.1555367449173435,forecast,boosting_squared,IEK
251400064_,шт,2026-09-01,4.2303584484366725,forecast,boosting_squared,IEK
251400065_,шт,2026-09-01,5.588629106771373,forecast,boosting_squared,IEK
251400066_,шт,2026-09-01,1.7416631480352904,forecast,boosting_squared,IEK
251400067_,шт,2026-09-01,1.4884347348442701,forecast,boosting_squared,IEK
251400068_,шт,2026-09-01,1.3332679982079123,forecast,boosting_squared,IEK
251400069_,шт,2026-09-01,0.9491343811038859,forecast,boosting_squared,IEK
251400070_,шт,2026-09-01,3.413916145325265,forecast,boosting_squared,IEK
251400071_,шт,2026-09-01,1.7299004805904519,forecast,boosting_squared,IEK
251400072_,шт,2026-09-01,1.1253954681419358,forecast,boosting_squared,IEK
251400073_,шт,2026-09-01,1.0632704259502883,forecast,boosting_squared,IEK
251400074_,шт,2026-09-01,,insufficient_history,boosting_squared,IEK
251400075_,шт,2026-09-01,2.0134667155477293,forecast,boosting_squared,IEK
251400076_,шт,2026-09-01,0.9334861666093068,forecast,boosting_squared,IEK
251400077_,шт,2026-09-01,1.1649918405392055,forecast,boosting_squared,IEK
251400078_,шт,2026-09-01,1.2952801583248974,forecast,boosting_squared,IEK
251400079_,шт,2026-09-01,1.2700953163238848,forecast,boosting_squared,IEK
251400080_,шт,2026-09-01,1.8909857780824175,forecast,boosting_squared,IEK
251400081_,шт,2026-09-01,,insufficient_history,boosting_squared,IEK
251400082_,шт,2026-09-01,,insufficient_history,boosting_squared,IEK
251400083_,шт,2026-09-01,2.0029869708970924,forecast,boosting_squared,IEK
251400084_,шт,2026-09-01,1.2792262428915222,forecast,boosting_squared,IEK
251400085_,шт,2026-09-01,1.6883471924444777,forecast,boosting_squared,IEK
251400086_,шт,2026-09-01,1.279928574280769,forecast,boosting_squared,IEK
251400087_,шт,2026-09-01,,insufficient_history,boosting_squared,IEK
251400088_,шт,2026-09-01,,insufficient_history,boosting_squared,IEK
251400089_,шт,2026-09-01,,insufficient_history,boosting_squared,IEK
251400090_,шт,2026-09-01,1.160226975546022,forecast,boosting_squared,IEK
251400091_,шт,2026-09-01,1.8273825599253717,forecast,boosting_squared,IEK
251400092_,шт,2026-09-01,4.194402653724214,forecast,boosting_squared,IEK
251400093_,шт,2026-09-01,3.3154973508918992,forecast,boosting_squared,IEK
251400094_,шт,2026-09-01,,insufficient_history,boosting_squared,IEK
251400095_,шт,2026-09-01,2.0881912441262402,forecast,boosting_squared,IEK
251400096_,шт,2026-09-01,3.8631129121291026,forecast,boosting_squared,IEK
251400097_,шт,2026-09-01,1.1308566027236706,forecast,boosting_squared,IEK
251400098_,шт,2026-09-01,2.882884588031705,forecast,boosting_squared,IEK
251400099_,шт,2026-09-01,1.1832312898555732,forecast,boosting_squared,IEK
251400100_,шт,2026-09-01,1.2363186229416208,forecast,boosting_squared,IEK
251400101_,шт,2026-09-01,,insufficient_history,boosting_squared,IEK
251400102_,шт,2026-09-01,1.3870063295236472,forecast,boosting_squared,IEK
251400103_,шт,2026-09-01,,insufficient_history,boosting_squared,IEK
251400104_,шт,2026-09-01,1.1725671098435664,forecast,boosting_squared,IEK
251400105_,шт,2026-09-01,1.2153020355694217,forecast,boosting_squared,IEK
251400106_,шт,2026-09-01,3.897861038464445,forecast,boosting_squared,IEK
251400107_,шт,2026-09-01,1.4262340885451166,forecast,boosting_squared,IEK
251400108_,шт,2026-09-01,1.9397565053315378,forecast,boosting_squared,IEK
251400109_,шт,2026-09-01,1.4627075161893175,forecast,boosting_squared,IEK
251400110_,шт,2026-09-01,,insufficient_history,boosting_squared,IEK
251400111_,шт,2026-09-01,1.7830429506957843,forecast,boosting_squared,IEK
251400112_,шт,2026-09-01,1.5710941209225888,forecast,boosting_squared,IEK
251400113_,шт,2026-09-01,,insufficient_history,boosting_squared,IEK
251400114_,шт,2026-09-01,1.6738247110137079,forecast,boosting_squared,IEK
251400115_,шт,2026-09-01,2.027213862437953,forecast,boosting_squared,IEK
251400116_,шт,2026-09-01,1.5857172408933837,forecast,boosting_squared,IEK
251400117_,шт,2026-09-01,,insufficient_history,boosting_squared,IEK
251400118_,шт,2026-09-01,3.1995768251772816,forecast,boosting_squared,IEK
251400119_,шт,2026-09-01,1.7488024593643732,forecast,boosting_squared,IEK
251400120_,шт,2026-09-01,1.1372924889211729,forecast,boosting_squared,IEK
251400121_,шт,2026-09-01,2.5791945870460244,forecast,boosting_squared,IEK
251400122_,шт,2026-09-01,,insufficient_history,boosting_squared,IEK
251400123_,шт,2026-09-01,1.5452927536871521,forecast,boosting_squared,IEK
251400124_,шт,2026-09-01,1.255734391106895,forecast,boosting_squared,IEK
251400125_,шт,2026-09-01,,insufficient_history,boosting_squared,IEK
251400126_,шт,2026-09-01,,insufficient_history,boosting_squared,IEK
251400127_,шт,2026-09-01,2.8655220753660835,forecast,boosting_squared,IEK
251400128_,шт,2026-09-01,2.0134667155477293,forecast,boosting_squared,IEK
251400129_,шт,2026-09-01,1.5018573464776848,forecast,boosting_squared,IEK
251400130_,шт,2026-09-01,1.0688277763444098,forecast,boosting_squared,IEK
251400131_,шт,2026-09-01,1.4757522321623902,forecast,boosting_squared,IEK
251400132_,шт,2026-09-01,,insufficient_history,boosting_squared,IEK
251400133_,шт,2026-09-01,1.9437348497497773,forecast,boosting_squared,IEK
251400134_,шт,2026-09-01,1.541566268142797,forecast,boosting_squared,IEK
251400135_,шт,2026-09-01,1.0749969964679056,forecast,boosting_squared,IEK
251400136_,шт,2026-09-01,2.2552928204804616,forecast,boosting_squared,IEK
251400137_,шт,2026-09-01,2.6046866013367054,forecast,boosting_squared,IEK
251400138_,шт,2026-09-01,3.242574501242607,forecast,boosting_squared,IEK
251400139_,шт,2026-09-01,,insufficient_history,boosting_squared,IEK
251400140_,шт,2026-09-01,,insufficient_history,boosting_squared,IEK
251400141_,шт,2026-09-01,,insufficient_history,boosting_squared,IEK
251400142_,шт,2026-09-01,2.6046866013367054,forecast,boosting_squared,IEK
251400143_,шт,2026-09-01,13.177094856275513,forecast,boosting_squared,IEK
251400144_,шт,2026-09-01,12.435752993394926,forecast,boosting_squared,IEK
251400145_,шт,2026-09-01,3.1819928649059888,forecast,boosting_squared,IEK
251400146_,шт,2026-09-01,4.480253921897962,forecast,boosting_squared,IEK
251400147_,шт,2026-09-01,2.316162885736606,forecast,boosting_squared,IEK
251400148_,шт,2026-09-01,3.5133327929575238,forecast,boosting_squared,IEK
260100138_,шт,2026-09-01,1316.7850751274857,forecast,boosting_squared,IEK
260100140_,шт,2026-09-01,1123.2622433249392,forecast,boosting_squared,IEK
260100153_,шт,2026-09-01,2074.119537483818,forecast,boosting_squared,IEK
260100154_,шт,2026-09-01,402.45687397203676,forecast,boosting_squared,IEK
260100155_,шт,2026-09-01,427.17386759711377,forecast,boosting_squared,IEK
260100157_,шт,2026-09-01,583.4655411603304,forecast,boosting_squared,IEK
260100158_,шт,2026-09-01,2432.7633807501534,forecast,boosting_squared,IEK
260100161_,,2026-09-01,,insufficient_history,boosting_squared,IEK
260100162_,,2026-09-01,,insufficient_history,boosting_squared,IEK
260100165_,шт,2026-09-01,3937.7150775613723,forecast,boosting_squared,IEK
260100167_,шт,2026-09-01,2786.8995184086075,forecast,boosting_squared,IEK
260100168_,шт,2026-09-01,2114.7864054630913,forecast,boosting_squared,IEK
260100169_,шт,2026-09-01,1313.2594306622339,forecast,boosting_squared,IEK
260100172_,,2026-09-01,,insufficient_history,boosting_squared,IEK
270100211_,,2026-09-01,,insufficient_history,boosting_squared,IEK
270100212_,,2026-09-01,,insufficient_history,boosting_squared,IEK
270100213_,,2026-09-01,,insufficient_history,boosting_squared,IEK
270100214_,,2026-09-01,,insufficient_history,boosting_squared,IEK
270100215_,,2026-09-01,,insufficient_history,boosting_squared,IEK
270100216_,,2026-09-01,,insufficient_history,boosting_squared,IEK
270100217_,шт,2026-09-01,,insufficient_history,boosting_squared,IEK
270100218_,,2026-09-01,,insufficient_history,boosting_squared,IEK
270100219_,,2026-09-01,,insufficient_history,boosting_squared,IEK
270100220_,,2026-09-01,,insufficient_history,boosting_squared,IEK
270100221_,,2026-09-01,,insufficient_history,boosting_squared,IEK
270100222_,,2026-09-01,,insufficient_history,boosting_squared,IEK
270100223_,,2026-09-01,,insufficient_history,boosting_squared,IEK
270200027_,шт,2026-09-01,,insufficient_history,boosting_squared,IEK
270200048_,шт,2026-09-01,,insufficient_history,boosting_squared,IEK
270200056_,шт,2026-09-01,,insufficient_history,boosting_squared,IEK
270200057_,шт,2026-09-01,5.412897730293168,forecast,boosting_squared,IEK
270200058_,шт,2026-09-01,,insufficient_history,boosting_squared,IEK
270200059_,шт,2026-09-01,,insufficient_history,boosting_squared,IEK
270200063_,шт,2026-09-01,3.921408953023297,forecast,boosting_squared,IEK
270200075_,шт,2026-09-01,,insufficient_history,boosting_squared,IEK
270200099_,шт,2026-09-01,,insufficient_history,boosting_squared,IEK
270200100_,шт,2026-09-01,,insufficient_history,boosting_squared,IEK
270200101_,шт,2026-09-01,,insufficient_history,boosting_squared,IEK
270200102_,шт,2026-09-01,,insufficient_history,boosting_squared,IEK
270200114_,шт,2026-09-01,,insufficient_history,boosting_squared,IEK
270200120_,шт,2026-09-01,,insufficient_history,boosting_squared,IEK
270200129_,шт,2026-09-01,,insufficient_history,boosting_squared,IEK
270200130_,шт,2026-09-01,,insufficient_history,boosting_squared,IEK
270200131_,шт,2026-09-01,,insufficient_history,boosting_squared,IEK
270200132_,шт,2026-09-01,,insufficient_history,boosting_squared,IEK
270200142_,шт,2026-09-01,,insufficient_history,boosting_squared,IEK
270200143_,шт,2026-09-01,2.779148194588835,forecast,boosting_squared,IEK
270300001_,шт,2026-09-01,6.001399427305784,forecast,boosting_squared,IEK
270300002_,шт,2026-09-01,4.371408586018047,forecast,boosting_squared,IEK
270300003_,шт,2026-09-01,43.38749667070723,forecast,boosting_squared,IEK
270300004_,шт,2026-09-01,1.2539027659398005,forecast,boosting_squared,IEK
270300005_,,2026-09-01,,insufficient_history,boosting_squared,IEK
270300007_,шт,2026-09-01,3.2070138541792748,forecast,boosting_squared,IEK
270300021_,,2026-09-01,,insufficient_history,boosting_squared,IEK
270300025_,шт,2026-09-01,17.7688817751427,forecast,boosting_squared,IEK
270300030_,шт,2026-09-01,,insufficient_history,boosting_squared,IEK
270300035_,,2026-09-01,,insufficient_history,boosting_squared,IEK
270300078_,м,2026-09-01,53.03669567399962,forecast,boosting_squared,IEK
270300079_,м,2026-09-01,168.6595180188667,forecast,boosting_squared,IEK
270300098_,шт,2026-09-01,2.199966810837066,forecast,boosting_squared,IEK
270300099_,шт,2026-09-01,2.9702645822515064,forecast,boosting_squared,IEK
270300100_,шт,2026-09-01,8.096767135260253,forecast,boosting_squared,IEK
270300101_,шт,2026-09-01,9.598990626560303,forecast,boosting_squared,IEK
270300105_,м,2026-09-01,195.30401085762782,forecast,boosting_squared,IEK
270300106_,шт,2026-09-01,,insufficient_history,boosting_squared,IEK
270300112_,,2026-09-01,,insufficient_history,boosting_squared,IEK
270300113_,шт,2026-09-01,6.1681361593855035,forecast,boosting_squared,IEK
270300130_,шт,2026-09-01,,insufficient_history,boosting_squared,IEK
270300132_,шт,2026-09-01,4.203552101993961,forecast,boosting_squared,IEK
270300133_,шт,2026-09-01,,insufficient_history,boosting_squared,IEK
270300134_,шт,2026-09-01,6.008291167450208,forecast,boosting_squared,IEK
270300150_,м,2026-09-01,69.83591581761023,forecast,boosting_squared,IEK
270300151_,м,2026-09-01,24.972226802761917,forecast,boosting_squared,IEK
270300153_,м,2026-09-01,20.970275476056354,forecast,boosting_squared,IEK
270300184_,шт,2026-09-01,,insufficient_history,boosting_squared,IEK
270300200_,м,2026-09-01,49.93703707892253,forecast,boosting_squared,IEK
270300212_,шт,2026-09-01,1.395876880524134,forecast,boosting_squared,IEK
270300217_,,2026-09-01,,insufficient_history,boosting_squared,IEK
270300221_,шт,2026-09-01,0.9491343811038859,forecast,boosting_squared,IEK
270300222_,шт,2026-09-01,,insufficient_history,boosting_squared,IEK
270300224_,шт,2026-09-01,11.92053578580426,forecast,boosting_squared,IEK
270300231_,шт,2026-09-01,4.4688323306097875,forecast,boosting_squared,IEK
270300234_,,2026-09-01,,insufficient_history,boosting_squared,IEK
270300244_,шт,2026-09-01,2.1482674986108026,forecast,boosting_squared,IEK
270300251_,шт,2026-09-01,0.9334861666093068,forecast,boosting_squared,IEK
270300253_,шт,2026-09-01,1.372198802514951,forecast,boosting_squared,IEK
270300254_,шт,2026-09-01,3.304575775035603,forecast,boosting_squared,IEK
270300259_,шт,2026-09-01,,insufficient_history,boosting_squared,IEK
270300260_,шт,2026-09-01,1.2467975330437677,forecast,boosting_squared,IEK
270300261_,шт,2026-09-01,3.1916746195286168,forecast,boosting_squared,IEK
270300262_,шт,2026-09-01,3.206440140595173,forecast,boosting_squared,IEK
270300263_,шт,2026-09-01,3.71893085701932,forecast,boosting_squared,IEK
270300264_,шт,2026-09-01,1.2027087470035112,forecast,boosting_squared,IEK
270300265_,шт,2026-09-01,1.1511512969071644,forecast,boosting_squared,IEK
270300266_,шт,2026-09-01,2.48340754954327,forecast,boosting_squared,IEK
270300267_,шт,2026-09-01,1.1831193464097192,forecast,boosting_squared,IEK
270300268_,шт,2026-09-01,,insufficient_history,boosting_squared,IEK
270300269_,шт,2026-09-01,,insufficient_history,boosting_squared,IEK
270300270_,шт,2026-09-01,,insufficient_history,boosting_squared,IEK
270300271_,шт,2026-09-01,,insufficient_history,boosting_squared,IEK
270300272_,шт,2026-09-01,1.1832312898555732,forecast,boosting_squared,IEK
270300273_,шт,2026-09-01,1.3870063295236472,forecast,boosting_squared,IEK
270300274_,шт,2026-09-01,,insufficient_history,boosting_squared,IEK
270300275_,шт,2026-09-01,,insufficient_history,boosting_squared,IEK
270300276_,шт,2026-09-01,1.0501719374354703,forecast,boosting_squared,IEK
270300277_,шт,2026-09-01,,insufficient_history,boosting_squared,IEK
270300278_,шт,2026-09-01,,insufficient_history,boosting_squared,IEK
270300279_,шт,2026-09-01,,insufficient_history,boosting_squared,IEK
270300280_,,2026-09-01,,insufficient_history,boosting_squared,IEK
270300281_,шт,2026-09-01,3.296488393815137,forecast,boosting_squared,IEK
270300282_,шт,2026-09-01,1.8402686468958884,forecast,boosting_squared,IEK
270300283_,шт,2026-09-01,0.9334861666093068,forecast,boosting_squared,IEK
270300284_,шт,2026-09-01,3.1821018032545036,forecast,boosting_squared,IEK
270300285_,шт,2026-09-01,2.517186867034062,forecast,boosting_squared,IEK
270300286_,шт,2026-09-01,4.107128970842681,forecast,boosting_squared,IEK
270300287_,шт,2026-09-01,7.721759094104667,forecast,boosting_squared,IEK
270300288_,шт,2026-09-01,5.117212190001777,forecast,boosting_squared,IEK
270300289_,шт,2026-09-01,2.8677027539704296,forecast,boosting_squared,IEK
270300290_,шт,2026-09-01,2.1417429343233167,forecast,boosting_squared,IEK
270300291_,шт,2026-09-01,3.2055773905294873,forecast,boosting_squared,IEK
270300292_,шт,2026-09-01,3.5486942281606577,forecast,boosting_squared,IEK
270300293_,шт,2026-09-01,,insufficient_history,boosting_squared,IEK
270300294_,,2026-09-01,,insufficient_history,boosting_squared,IEK
270300295_,шт,2026-09-01,8.619609928748323,forecast,boosting_squared,IEK
270300296_,шт,2026-09-01,4.843558958940021,forecast,boosting_squared,IEK
270300297_,шт,2026-09-01,3.9280651333255054,forecast,boosting_squared,IEK
270300298_,шт,2026-09-01,3.0025369751034194,forecast,boosting_squared,IEK
270300299_,шт,2026-09-01,6.984375377019603,forecast,boosting_squared,IEK
270300300_,шт,2026-09-01,1.923785675706756,forecast,boosting_squared,IEK
270300301_,шт,2026-09-01,,insufficient_history,boosting_squared,IEK
270300302_,шт,2026-09-01,,insufficient_history,boosting_squared,IEK
270300303_,шт,2026-09-01,,insufficient_history,boosting_squared,IEK
270300304_,шт,2026-09-01,3.2501594265933296,forecast,boosting_squared,IEK
270300305_,шт,2026-09-01,1.6291660003699895,forecast,boosting_squared,IEK
270300306_,,2026-09-01,,insufficient_history,boosting_squared,IEK
270300307_,шт,2026-09-01,,insufficient_history,boosting_squared,IEK
270300314_,,2026-09-01,,insufficient_history,boosting_squared,IEK
270400021_,шт,2026-09-01,,insufficient_history,boosting_squared,IEK
270400022_,шт,2026-09-01,,insufficient_history,boosting_squared,IEK
270400035_,шт,2026-09-01,17.861038788283082,forecast,boosting_squared,IEK
270400043_,шт,2026-09-01,8.445509611246294,forecast,boosting_squared,IEK
270400046_,шт,2026-09-01,6.319469878523085,forecast,boosting_squared,IEK
270400047_,шт,2026-09-01,5.883869413154061,forecast,boosting_squared,IEK
280100001_,м,2026-09-01,28.51425022966557,forecast,boosting_squared,IEK
280100002_,м,2026-09-01,129.4858755392483,forecast,boosting_squared,IEK
280100003_,м,2026-09-01,49.243559277580495,forecast,boosting_squared,IEK
280100004_,м,2026-09-01,324.4056744694831,forecast,boosting_squared,IEK
280100005_,м,2026-09-01,95.50749033906308,forecast,boosting_squared,IEK
280100006_,м,2026-09-01,147.0431413665255,forecast,boosting_squared,IEK
280100007_,м,2026-09-01,1040.7137629331955,forecast,boosting_squared,IEK
280100009_,м,2026-09-01,41.68859236183099,forecast,boosting_squared,IEK
280100010_,м,2026-09-01,700.1189345224867,forecast,boosting_squared,IEK
280100011_,м,2026-09-01,99.45682182863813,forecast,boosting_squared,IEK
280100012_,м,2026-09-01,289.74475420721143,forecast,boosting_squared,IEK
280100013_,м,2026-09-01,12.972311104828233,forecast,boosting_squared,IEK
280100014_,м,2026-09-01,16.716462326742445,forecast,boosting_squared,IEK
280100015_,м,2026-09-01,6.195856309972308,forecast,boosting_squared,IEK
280100016_,м,2026-09-01,328.54733869797667,forecast,boosting_squared,IEK
280100020_,м,2026-09-01,231.39979125835836,forecast,boosting_squared,IEK
280100103_,м,2026-09-01,1080.2273390813823,forecast,boosting_squared,IEK
280100116_,шт,2026-09-01,16.467915273019074,forecast,boosting_squared,IEK
280100117_,шт,2026-09-01,25.60592535055945,forecast,boosting_squared,IEK
280100118_,шт,2026-09-01,55.15735862817439,forecast,boosting_squared,IEK
280100119_,шт,2026-09-01,6.673990214008832,forecast,boosting_squared,IEK
280100120_,шт,2026-09-01,13.339380796456663,forecast,boosting_squared,IEK
280100121_,шт,2026-09-01,16.235813112365733,forecast,boosting_squared,IEK
280100122_,м,2026-09-01,239.91708329037596,forecast,boosting_squared,IEK
280100123_,м,2026-09-01,258.9520174001879,forecast,boosting_squared,IEK
280100124_,шт,2026-09-01,11.324297634850732,forecast,boosting_squared,IEK
280100125_,шт,2026-09-01,15.466561800081816,forecast,boosting_squared,IEK
280100126_,шт,2026-09-01,66.05953158847463,forecast,boosting_squared,IEK
280100127_,шт,2026-09-01,45.125694853505806,forecast,boosting_squared,IEK
280100128_,шт,2026-09-01,182.69767810008673,forecast,boosting_squared,IEK
280100129_,шт,2026-09-01,109.90532757604012,forecast,boosting_squared,IEK
280100130_,шт,2026-09-01,31.017749391015887,forecast,boosting_squared,IEK
280100131_,шт,2026-09-01,491.34382763196606,forecast,boosting_squared,IEK
280100132_,шт,2026-09-01,77.70737600428711,forecast,boosting_squared,IEK
280100133_,шт,2026-09-01,3.8403269050364193,forecast,boosting_squared,IEK
280100134_,шт,2026-09-01,83.75086735832907,forecast,boosting_squared,IEK
280100135_,шт,2026-09-01,6.130384482254399,forecast,boosting_squared,IEK
280100136_,шт,2026-09-01,8.461919679217555,forecast,boosting_squared,IEK
280100137_,шт,2026-09-01,21.788720706719136,forecast,boosting_squared,IEK
280100138_,шт,2026-09-01,37.83688843083066,forecast,boosting_squared,IEK
280100139_,шт,2026-09-01,53.55049800653199,forecast,boosting_squared,IEK
280100140_,шт,2026-09-01,40.15934440547819,forecast,boosting_squared,IEK
280100141_,м,2026-09-01,45.20328635416275,forecast,boosting_squared,IEK
280100162_,м,2026-09-01,,insufficient_history,boosting_squared,IEK
280100179_,,2026-09-01,,insufficient_history,boosting_squared,IEK
280100180_,,2026-09-01,,insufficient_history,boosting_squared,IEK
280100240_,м,2026-09-01,91.58357052160608,forecast,boosting_squared,IEK
280100293_,шт,2026-09-01,,insufficient_history,boosting_squared,IEK
280100294_,шт,2026-09-01,,insufficient_history,boosting_squared,IEK
280100295_,шт,2026-09-01,,insufficient_history,boosting_squared,IEK
280100296_,шт,2026-09-01,,insufficient_history,boosting_squared,IEK
280100297_,шт,2026-09-01,,insufficient_history,boosting_squared,IEK
280100298_,шт,2026-09-01,,insufficient_history,boosting_squared,IEK
280100299_,шт,2026-09-01,,insufficient_history,boosting_squared,IEK
280100300_,шт,2026-09-01,,insufficient_history,boosting_squared,IEK
280100301_,шт,2026-09-01,,insufficient_history,boosting_squared,IEK
280100302_,шт,2026-09-01,,insufficient_history,boosting_squared,IEK
280100303_,шт,2026-09-01,,insufficient_history,boosting_squared,IEK
280100304_,шт,2026-09-01,,insufficient_history,boosting_squared,IEK
280100305_,шт,2026-09-01,,insufficient_history,boosting_squared,IEK
280100306_,шт,2026-09-01,,insufficient_history,boosting_squared,IEK
280100307_,шт,2026-09-01,,insufficient_history,boosting_squared,IEK
280100308_,шт,2026-09-01,,insufficient_history,boosting_squared,IEK
280100309_,шт,2026-09-01,,insufficient_history,boosting_squared,IEK
280100310_,шт,2026-09-01,,insufficient_history,boosting_squared,IEK
280100311_,шт,2026-09-01,,insufficient_history,boosting_squared,IEK
280100312_,шт,2026-09-01,,insufficient_history,boosting_squared,IEK
280100313_,шт,2026-09-01,,insufficient_history,boosting_squared,IEK
280100314_,шт,2026-09-01,,insufficient_history,boosting_squared,IEK
280100336_,м,2026-09-01,31.51409136683416,forecast,boosting_squared,IEK
280100337_,м,2026-09-01,37.41992869868395,forecast,boosting_squared,IEK
280100338_,м,2026-09-01,22.52341522048024,forecast,boosting_squared,IEK
280100339_,м,2026-09-01,11.807685676604203,forecast,boosting_squared,IEK
280100340_,м,2026-09-01,27.40469439124202,forecast,boosting_squared,IEK
280100341_,м,2026-09-01,33.483708948911335,forecast,boosting_squared,IEK
280100342_,м,2026-09-01,27.184671943846713,forecast,boosting_squared,IEK
280100343_,м,2026-09-01,12.039179988198233,forecast,boosting_squared,IEK
280100344_,м,2026-09-01,25.888926567757053,forecast,boosting_squared,IEK
280100345_,шт,2026-09-01,,insufficient_history,boosting_squared,IEK
280100346_,шт,2026-09-01,,insufficient_history,boosting_squared,IEK
280100347_,шт,2026-09-01,,insufficient_history,boosting_squared,IEK
280100348_,шт,2026-09-01,,insufficient_history,boosting_squared,IEK
280100349_,шт,2026-09-01,,insufficient_history,boosting_squared,IEK
280100350_,шт,2026-09-01,,insufficient_history,boosting_squared,IEK
280100351_,шт,2026-09-01,,insufficient_history,boosting_squared,IEK
280100352_,шт,2026-09-01,,insufficient_history,boosting_squared,IEK
280100353_,шт,2026-09-01,,insufficient_history,boosting_squared,IEK
280100354_,шт,2026-09-01,,insufficient_history,boosting_squared,IEK
280100355_,шт,2026-09-01,,insufficient_history,boosting_squared,IEK
280100356_,шт,2026-09-01,6.5881496531471635,forecast,boosting_squared,IEK
280100357_,шт,2026-09-01,,insufficient_history,boosting_squared,IEK
280100358_,шт,2026-09-01,4.081112173737036,forecast,boosting_squared,IEK
280100359_,шт,2026-09-01,,insufficient_history,boosting_squared,IEK
280100360_,шт,2026-09-01,10.086970168728882,forecast,boosting_squared,IEK
280100361_,шт,2026-09-01,,insufficient_history,boosting_squared,IEK
280100362_,шт,2026-09-01,,insufficient_history,boosting_squared,IEK
280100363_,шт,2026-09-01,,insufficient_history,boosting_squared,IEK
280100364_,шт,2026-09-01,,insufficient_history,boosting_squared,IEK
280100365_,шт,2026-09-01,,insufficient_history,boosting_squared,IEK
280100366_,шт,2026-09-01,,insufficient_history,boosting_squared,IEK
280100367_,шт,2026-09-01,,insufficient_history,boosting_squared,IEK
280100368_,шт,2026-09-01,,insufficient_history,boosting_squared,IEK
280100369_,шт,2026-09-01,,insufficient_history,boosting_squared,IEK
280100370_,шт,2026-09-01,,insufficient_history,boosting_squared,IEK
280100371_,шт,2026-09-01,,insufficient_history,boosting_squared,IEK
280100372_,шт,2026-09-01,,insufficient_history,boosting_squared,IEK
280100373_,м,2026-09-01,21.635331902601514,forecast,boosting_squared,IEK
280100374_,м,2026-09-01,21.407817422545588,forecast,boosting_squared,IEK
280100375_,м,2026-09-01,21.223446780316554,forecast,boosting_squared,IEK
280100376_,м,2026-09-01,72.84433465890368,forecast,boosting_squared,IEK
280100377_,м,2026-09-01,50.06439419104303,forecast,boosting_squared,IEK
280100378_,м,2026-09-01,8.841593820921691,forecast,boosting_squared,IEK
280100379_,м,2026-09-01,8.306392452774192,forecast,boosting_squared,IEK
280100380_,шт,2026-09-01,,insufficient_history,boosting_squared,IEK
280100381_,шт,2026-09-01,,insufficient_history,boosting_squared,IEK
280100382_,шт,2026-09-01,,insufficient_history,boosting_squared,IEK
280100383_,шт,2026-09-01,,insufficient_history,boosting_squared,IEK
280100384_,шт,2026-09-01,,insufficient_history,boosting_squared,IEK
280100385_,шт,2026-09-01,,insufficient_history,boosting_squared,IEK
280100386_,шт,2026-09-01,,insufficient_history,boosting_squared,IEK
280100387_,шт,2026-09-01,,insufficient_history,boosting_squared,IEK
280100388_,шт,2026-09-01,,insufficient_history,boosting_squared,IEK
280100389_,шт,2026-09-01,,insufficient_history,boosting_squared,IEK
280100390_,шт,2026-09-01,,insufficient_history,boosting_squared,IEK
280100391_,шт,2026-09-01,,insufficient_history,boosting_squared,IEK
280100392_,шт,2026-09-01,,insufficient_history,boosting_squared,IEK
280100393_,шт,2026-09-01,,insufficient_history,boosting_squared,IEK
280100394_,шт,2026-09-01,,insufficient_history,boosting_squared,IEK
280100395_,шт,2026-09-01,,insufficient_history,boosting_squared,IEK
280100396_,шт,2026-09-01,,insufficient_history,boosting_squared,IEK
280100397_,шт,2026-09-01,,insufficient_history,boosting_squared,IEK
280100398_,шт,2026-09-01,,insufficient_history,boosting_squared,IEK
280100399_,шт,2026-09-01,,insufficient_history,boosting_squared,IEK
280100400_,шт,2026-09-01,,insufficient_history,boosting_squared,IEK
280100401_,м,2026-09-01,12.45668082868429,forecast,boosting_squared,IEK
280100402_,м,2026-09-01,4.3931297782533845,forecast,boosting_squared,IEK
280100403_,м,2026-09-01,22.78266341474571,forecast,boosting_squared,IEK
280100404_,м,2026-09-01,6.564126429350426,forecast,boosting_squared,IEK
280100405_,м,2026-09-01,35.62403165420267,forecast,boosting_squared,IEK
280100406_,м,2026-09-01,49.4013203964948,forecast,boosting_squared,IEK
280100407_,м,2026-09-01,11.098247143510935,forecast,boosting_squared,IEK
280100408_,м,2026-09-01,4.429988930487366,forecast,boosting_squared,IEK
280100409_,м,2026-09-01,21.118990373410654,forecast,boosting_squared,IEK
280100410_,м,2026-09-01,19.311102202982994,forecast,boosting_squared,IEK
280100411_,м,2026-09-01,6.344459750545177,forecast,boosting_squared,IEK
280100412_,м,2026-09-01,3.4291007669603975,forecast,boosting_squared,IEK
280100413_,м,2026-09-01,3.135738375266442,forecast,boosting_squared,IEK
280100414_,м,2026-09-01,12.674677947969414,forecast,boosting_squared,IEK
280100415_,м,2026-09-01,4.004387430468318,forecast,boosting_squared,IEK
280100416_,м,2026-09-01,5.942317191812544,forecast,boosting_squared,IEK
280100417_,м,2026-09-01,3.084951035018962,forecast,boosting_squared,IEK
280100418_,м,2026-09-01,,insufficient_history,boosting_squared,IEK
280100419_,м,2026-09-01,9.31260931985112,forecast,boosting_squared,IEK
280100420_,шт,2026-09-01,,insufficient_history,boosting_squared,IEK
280100421_,шт,2026-09-01,,insufficient_history,boosting_squared,IEK
280100422_,шт,2026-09-01,,insufficient_history,boosting_squared,IEK
280100423_,шт,2026-09-01,5.199915314096572,forecast,boosting_squared,IEK
280100424_,шт,2026-09-01,1.5776417198074308,forecast,boosting_squared,IEK
280100425_,шт,2026-09-01,3.412667397922996,forecast,boosting_squared,IEK
280100426_,шт,2026-09-01,,insufficient_history,boosting_squared,IEK
280100427_,,2026-09-01,,insufficient_history,boosting_squared,IEK
280100428_,шт,2026-09-01,,insufficient_history,boosting_squared,IEK
280100429_,шт,2026-09-01,,insufficient_history,boosting_squared,IEK
280100430_,шт,2026-09-01,,insufficient_history,boosting_squared,IEK
280100431_,шт,2026-09-01,4.4877013502866,forecast,boosting_squared,IEK
280100432_,шт,2026-09-01,,insufficient_history,boosting_squared,IEK
280100433_,шт,2026-09-01,2.5963673297319763,forecast,boosting_squared,IEK
280100434_,шт,2026-09-01,,insufficient_history,boosting_squared,IEK
280100435_,шт,2026-09-01,,insufficient_history,boosting_squared,IEK
280100436_,,2026-09-01,,insufficient_history,boosting_squared,IEK
280100437_,шт,2026-09-01,,insufficient_history,boosting_squared,IEK
280100438_,шт,2026-09-01,3.4934862123100427,forecast,boosting_squared,IEK
280100439_,шт,2026-09-01,3.740257748342411,forecast,boosting_squared,IEK
280100440_,шт,2026-09-01,,insufficient_history,boosting_squared,IEK
280100441_,шт,2026-09-01,,insufficient_history,boosting_squared,IEK
280100442_,шт,2026-09-01,4.081112173737036,forecast,boosting_squared,IEK
280100443_,шт,2026-09-01,,insufficient_history,boosting_squared,IEK
280100444_,шт,2026-09-01,4.821866063177089,forecast,boosting_squared,IEK
280100445_,шт,2026-09-01,3.740257748342411,forecast,boosting_squared,IEK
280100446_,шт,2026-09-01,,insufficient_history,boosting_squared,IEK
280100447_,шт,2026-09-01,2.481679640929811,forecast,boosting_squared,IEK
280100448_,шт,2026-09-01,,insufficient_history,boosting_squared,IEK
280100449_,шт,2026-09-01,,insufficient_history,boosting_squared,IEK
280100450_,шт,2026-09-01,,insufficient_history,boosting_squared,IEK
280100451_,шт,2026-09-01,,insufficient_history,boosting_squared,IEK
280100452_,шт,2026-09-01,,insufficient_history,boosting_squared,IEK
280100453_,шт,2026-09-01,,insufficient_history,boosting_squared,IEK
280100454_,шт,2026-09-01,,insufficient_history,boosting_squared,IEK
280100455_,шт,2026-09-01,,insufficient_history,boosting_squared,IEK
280100456_,шт,2026-09-01,,insufficient_history,boosting_squared,IEK
280100457_,шт,2026-09-01,,insufficient_history,boosting_squared,IEK
280100458_,шт,2026-09-01,,insufficient_history,boosting_squared,IEK
280100459_,шт,2026-09-01,2.347825245694897,forecast,boosting_squared,IEK
280100460_,шт,2026-09-01,,insufficient_history,boosting_squared,IEK
280100461_,шт,2026-09-01,,insufficient_history,boosting_squared,IEK
280200031_,шт,2026-09-01,11.00920797989359,forecast,boosting_squared,IEK
280200032_,шт,2026-09-01,37.545494375241596,forecast,boosting_squared,IEK
280200033_,шт,2026-09-01,28.341785273490963,forecast,boosting_squared,IEK
280200034_,шт,2026-09-01,46.68958684082571,forecast,boosting_squared,IEK
280200035_,шт,2026-09-01,21.181411424210868,forecast,boosting_squared,IEK
280200036_,шт,2026-09-01,75.21569295810131,forecast,boosting_squared,IEK
280200037_,шт,2026-09-01,24.54808748206778,forecast,boosting_squared,IEK
280200038_,шт,2026-09-01,33.0916850389325,forecast,boosting_squared,IEK
280200039_,шт,2026-09-01,16.14565781606203,forecast,boosting_squared,IEK
280200040_,шт,2026-09-01,10.760373709236251,forecast,boosting_squared,IEK
280200041_,шт,2026-09-01,142.01459182775528,forecast,boosting_squared,IEK
280200042_,шт,2026-09-01,76.33956110013699,forecast,boosting_squared,IEK
280200043_,шт,2026-09-01,27.01620694373589,forecast,boosting_squared,IEK
280200044_,шт,2026-09-01,27.290510651842197,forecast,boosting_squared,IEK
280200045_,шт,2026-09-01,20.44994887501178,forecast,boosting_squared,IEK
280200046_,шт,2026-09-01,9.404470647379412,forecast,boosting_squared,IEK
280200047_,шт,2026-09-01,9.703052040426433,forecast,boosting_squared,IEK
280200048_,шт,2026-09-01,34.35877621916032,forecast,boosting_squared,IEK
280200049_,шт,2026-09-01,72.1387139444068,forecast,boosting_squared,IEK
280200050_,шт,2026-09-01,9.783052690226322,forecast,boosting_squared,IEK
280200051_,шт,2026-09-01,30.161392378251954,forecast,boosting_squared,IEK
280200052_,шт,2026-09-01,22.24289954277729,forecast,boosting_squared,IEK
280200053_,шт,2026-09-01,28.37926548024048,forecast,boosting_squared,IEK
280200054_,шт,2026-09-01,105.10443283632858,forecast,boosting_squared,IEK
280200055_,шт,2026-09-01,6.743064629015994,forecast,boosting_squared,IEK
280200056_,шт,2026-09-01,68.085334793426,forecast,boosting_squared,IEK
280200057_,шт,2026-09-01,107.95086614804595,forecast,boosting_squared,IEK
280200058_,шт,2026-09-01,13.266428023334297,forecast,boosting_squared,IEK
280200059_,шт,2026-09-01,45.990620859503814,forecast,boosting_squared,IEK
280200060_,,2026-09-01,,insufficient_history,boosting_squared,IEK
280200061_,шт,2026-09-01,35.976431872756116,forecast,boosting_squared,IEK
280200062_,шт,2026-09-01,18.06416080282165,forecast,boosting_squared,IEK
280200063_,шт,2026-09-01,13.197044427596595,forecast,boosting_squared,IEK
280200064_,шт,2026-09-01,136.54008778096832,forecast,boosting_squared,IEK
280200065_,шт,2026-09-01,52.802979791319224,forecast,boosting_squared,IEK
280200066_,,2026-09-01,,insufficient_history,boosting_squared,IEK
280200067_,шт,2026-09-01,12.909649569896409,forecast,boosting_squared,IEK
280200068_,,2026-09-01,,insufficient_history,boosting_squared,IEK
280200069_,шт,2026-09-01,17.924507077112104,forecast,boosting_squared,IEK
280200070_,шт,2026-09-01,3.780081440844349,forecast,boosting_squared,IEK
280200071_,шт,2026-09-01,13.708094357371843,forecast,boosting_squared,IEK
280200072_,шт,2026-09-01,35.746845249295404,forecast,boosting_squared,IEK
280200073_,шт,2026-09-01,24.229308463376384,forecast,boosting_squared,IEK
280200080_,шт,2026-09-01,57.421056809301646,forecast,boosting_squared,IEK
280200081_,шт,2026-09-01,70.43111402194599,forecast,boosting_squared,IEK
280200082_,шт,2026-09-01,8.803476002205267,forecast,boosting_squared,IEK
280200083_,шт,2026-09-01,73.12756064912058,forecast,boosting_squared,IEK
280200084_,шт,2026-09-01,43.107205021180434,forecast,boosting_squared,IEK
280200085_,шт,2026-09-01,13.747897529410722,forecast,boosting_squared,IEK
280200086_,шт,2026-09-01,100.55286769072372,forecast,boosting_squared,IEK
280200087_,шт,2026-09-01,65.83539379211989,forecast,boosting_squared,IEK
280200088_,шт,2026-09-01,8.293352796328895,forecast,boosting_squared,IEK
280200108_,шт,2026-09-01,76.14595861707205,forecast,boosting_squared,IEK
280200109_,шт,2026-09-01,13.967973197914842,forecast,boosting_squared,IEK
280200166_,шт,2026-09-01,13.333050408512495,forecast,boosting_squared,IEK
280200167_,шт,2026-09-01,24.25819242571745,forecast,boosting_squared,IEK
280200168_,,2026-09-01,,insufficient_history,boosting_squared,IEK
280200252_,шт,2026-09-01,1330.297014724006,forecast,boosting_squared,IEK
280200257_,шт,2026-09-01,,insufficient_history,boosting_squared,IEK
280300001_,,2026-09-01,,insufficient_history,boosting_squared,IEK
280300002_,,2026-09-01,,insufficient_history,boosting_squared,IEK
280300003_,шт,2026-09-01,36.069340610315535,forecast,boosting_squared,IEK
280300004_,шт,2026-09-01,33.94518462492473,forecast,boosting_squared,IEK
280300005_,м,2026-09-01,213.61627042571487,forecast,boosting_squared,IEK
280300007_,м,2026-09-01,103.14311399175538,forecast,boosting_squared,IEK
280300009_,м,2026-09-01,16.494795061320744,forecast,boosting_squared,IEK
280300011_,м,2026-09-01,82.8490063334723,forecast,boosting_squared,IEK
280300012_,м,2026-09-01,333.30973783191234,forecast,boosting_squared,IEK
280300013_,м,2026-09-01,261.25988102233947,forecast,boosting_squared,IEK
280300017_,шт,2026-09-01,66.69333278640222,forecast,boosting_squared,IEK
280300018_,,2026-09-01,,insufficient_history,boosting_squared,IEK
280300020_,шт,2026-09-01,4.034743437642917,forecast,boosting_squared,IEK
280300021_,шт,2026-09-01,7.629099304676451,forecast,boosting_squared,IEK
280300022_,шт,2026-09-01,4.808698330032035,forecast,boosting_squared,IEK
280300023_,,2026-09-01,,insufficient_history,boosting_squared,IEK
280300024_,шт,2026-09-01,,insufficient_history,boosting_squared,IEK
280300028_,м,2026-09-01,11.960094497580075,forecast,boosting_squared,IEK
280300030_,м,2026-09-01,78.48797160969622,forecast,boosting_squared,IEK
280300031_,м,2026-09-01,22.253117141733867,forecast,boosting_squared,IEK
280300032_,,2026-09-01,,insufficient_history,boosting_squared,IEK
280300034_,м,2026-09-01,84.23817002097555,forecast,boosting_squared,IEK
280300035_,м,2026-09-01,37.340771455425575,forecast,boosting_squared,IEK
280300036_,м,2026-09-01,19.858599328182322,forecast,boosting_squared,IEK
280300037_,м,2026-09-01,36.866093683000486,forecast,boosting_squared,IEK
280300038_,м,2026-09-01,4.37427846163826,forecast,boosting_squared,IEK
280300039_,шт,2026-09-01,,insufficient_history,boosting_squared,IEK
280300040_,шт,2026-09-01,3.763073697055668,forecast,boosting_squared,IEK
280300045_,,2026-09-01,,insufficient_history,boosting_squared,IEK
280300048_,шт,2026-09-01,22.969719496237154,forecast,boosting_squared,IEK
280300049_,шт,2026-09-01,,insufficient_history,boosting_squared,IEK
280300054_,шт,2026-09-01,3.1476446181903635,forecast,boosting_squared,IEK
280300055_,шт,2026-09-01,,insufficient_history,boosting_squared,IEK
280300056_,шт,2026-09-01,3.8218425295305245,forecast,boosting_squared,IEK
280300057_,шт,2026-09-01,2.1384968785526084,forecast,boosting_squared,IEK
280300058_,шт,2026-09-01,,insufficient_history,boosting_squared,IEK
280300063_,,2026-09-01,,insufficient_history,boosting_squared,IEK
280300064_,,2026-09-01,,insufficient_history,boosting_squared,IEK
280300065_,,2026-09-01,,insufficient_history,boosting_squared,IEK
280300066_,,2026-09-01,,insufficient_history,boosting_squared,IEK
280300068_,,2026-09-01,,insufficient_history,boosting_squared,IEK
280300069_,,2026-09-01,,insufficient_history,boosting_squared,IEK
280300070_,,2026-09-01,,insufficient_history,boosting_squared,IEK
280300071_,шт,2026-09-01,3.415914565250055,forecast,boosting_squared,IEK
280300072_,шт,2026-09-01,9.410091584210054,forecast,boosting_squared,IEK
280300073_,шт,2026-09-01,8.075571644639314,forecast,boosting_squared,IEK
280300074_,шт,2026-09-01,,insufficient_history,boosting_squared,IEK
280300078_,шт,2026-09-01,7.805228816257696,forecast,boosting_squared,IEK
280300080_,шт,2026-09-01,,insufficient_history,boosting_squared,IEK
280300081_,шт,2026-09-01,,insufficient_history,boosting_squared,IEK
280300082_,шт,2026-09-01,13.67219155564387,forecast,boosting_squared,IEK
280300083_,м,2026-09-01,37.321629156810566,forecast,boosting_squared,IEK
280300084_,м,2026-09-01,148.69512999208717,forecast,boosting_squared,IEK
280300085_,м,2026-09-01,135.8756968996286,forecast,boosting_squared,IEK
280300086_,м,2026-09-01,194.75155916046612,forecast,boosting_squared,IEK
280300088_,м,2026-09-01,49.36794743780085,forecast,boosting_squared,IEK
280300092_,шт,2026-09-01,21.484162710878234,forecast,boosting_squared,IEK
280300103_,м,2026-09-01,183.272276251234,forecast,boosting_squared,IEK
280300104_,шт,2026-09-01,41.1162818527347,forecast,boosting_squared,IEK
280300107_,,2026-09-01,,insufficient_history,boosting_squared,IEK
280300111_,,2026-09-01,,insufficient_history,boosting_squared,IEK
280300122_,шт,2026-09-01,11.587386224500158,forecast,boosting_squared,IEK
280300128_,м,2026-09-01,43.002788931231066,forecast,boosting_squared,IEK
280300131_,шт,2026-09-01,,insufficient_history,boosting_squared,IEK
280300139_,,2026-09-01,,insufficient_history,boosting_squared,IEK
280300145_,шт,2026-09-01,16.62914543506893,forecast,boosting_squared,IEK
280300146_,шт,2026-09-01,48.09101385465575,forecast,boosting_squared,IEK
280300147_,шт,2026-09-01,4.883101974392125,forecast,boosting_squared,IEK
280300175_,,2026-09-01,,insufficient_history,boosting_squared,IEK
280300176_,,2026-09-01,,insufficient_history,boosting_squared,IEK
280300179_,шт,2026-09-01,47.062338719696086,forecast,boosting_squared,IEK
280300180_,шт,2026-09-01,12.74960081681381,forecast,boosting_squared,IEK
280300181_,шт,2026-09-01,27.1970459325406,forecast,boosting_squared,IEK
280300182_,шт,2026-09-01,17.6530537582927,forecast,boosting_squared,IEK
280300229_,шт,2026-09-01,13.445225591330415,forecast,boosting_squared,IEK
280300231_,шт,2026-09-01,2.3194632587887596,forecast,boosting_squared,IEK
280300232_,шт,2026-09-01,6.814755011364709,forecast,boosting_squared,IEK
280300235_,шт,2026-09-01,8.760753720521596,forecast,boosting_squared,IEK
280300236_,шт,2026-09-01,5.674557258446198,forecast,boosting_squared,IEK
280300237_,шт,2026-09-01,9.525658071533279,forecast,boosting_squared,IEK
280300250_,шт,2026-09-01,8.599779477329779,forecast,boosting_squared,IEK
280300260_,шт,2026-09-01,,insufficient_history,boosting_squared,IEK
280300269_,,2026-09-01,,insufficient_history,boosting_squared,IEK
280300273_,шт,2026-09-01,,insufficient_history,boosting_squared,IEK
280300274_,шт,2026-09-01,,insufficient_history,boosting_squared,IEK
280300279_,,2026-09-01,,insufficient_history,boosting_squared,IEK
280300280_,,2026-09-01,,insufficient_history,boosting_squared,IEK
280300289_,м,2026-09-01,36.16492188434257,forecast,boosting_squared,IEK
280300295_,шт,2026-09-01,154.29231717445248,forecast,boosting_squared,IEK
280300354_,шт,2026-09-01,,insufficient_history,boosting_squared,IEK
280300356_,шт,2026-09-01,,insufficient_history,boosting_squared,IEK
280300395_,,2026-09-01,,insufficient_history,boosting_squared,IEK
280300396_,шт,2026-09-01,232.55080531455388,forecast,boosting_squared,IEK
280300397_,шт,2026-09-01,7.935721345291517,forecast,boosting_squared,IEK
280300398_,,2026-09-01,,insufficient_history,boosting_squared,IEK
280300399_,шт,2026-09-01,8.137222825817508,forecast,boosting_squared,IEK
280300400_,шт,2026-09-01,4.759232899976131,forecast,boosting_squared,IEK
280300401_,шт,2026-09-01,107.79869696623228,forecast,boosting_squared,IEK
280300402_,шт,2026-09-01,32.26819971433708,forecast,boosting_squared,IEK
280300403_,шт,2026-09-01,88.19302475031644,forecast,boosting_squared,IEK
280300404_,шт,2026-09-01,407.13850494807446,forecast,boosting_squared,IEK
280300487_,,2026-09-01,,insufficient_history,boosting_squared,IEK
280300588_,,2026-09-01,,insufficient_history,boosting_squared,IEK
280300589_,шт,2026-09-01,19.217843918020673,forecast,boosting_squared,IEK
280300590_,шт,2026-09-01,5.50245237763573,forecast,boosting_squared,IEK
280300591_,шт,2026-09-01,8.466313350166127,forecast,boosting_squared,IEK
280300592_,шт,2026-09-01,11.18097494336853,forecast,boosting_squared,IEK
280300626_,шт,2026-09-01,,insufficient_history,boosting_squared,IEK
280300644_,шт,2026-09-01,5.952028346374217,forecast,boosting_squared,IEK
280300645_,шт,2026-09-01,58.9314327272648,forecast,boosting_squared,IEK
280300673_,шт,2026-09-01,,insufficient_history,boosting_squared,IEK
280300678_,м,2026-09-01,,insufficient_history,boosting_squared,IEK
280300685_,шт,2026-09-01,3.9552636436673985,forecast,boosting_squared,IEK
280300696_,,2026-09-01,,insufficient_history,boosting_squared,IEK
280300733_,шт,2026-09-01,,insufficient_history,boosting_squared,IEK
280300734_,шт,2026-09-01,,insufficient_history,boosting_squared,IEK
280300735_,шт,2026-09-01,,insufficient_history,boosting_squared,IEK
280300736_,шт,2026-09-01,,insufficient_history,boosting_squared,IEK
280300737_,шт,2026-09-01,,insufficient_history,boosting_squared,IEK
280300738_,шт,2026-09-01,87.18199993087757,forecast,boosting_squared,IEK
280300739_,шт,2026-09-01,40.43157513263179,forecast,boosting_squared,IEK
280300740_,шт,2026-09-01,29.752650209918006,forecast,boosting_squared,IEK
280300741_,шт,2026-09-01,20.030441117040365,forecast,boosting_squared,IEK
280300742_,шт,2026-09-01,39.65118972774961,forecast,boosting_squared,IEK
280300743_,шт,2026-09-01,,insufficient_history,boosting_squared,IEK
280300744_,шт,2026-09-01,11.935501740023858,forecast,boosting_squared,IEK
280300745_,шт,2026-09-01,6.96829959883238,forecast,boosting_squared,IEK
280300746_,шт,2026-09-01,,insufficient_history,boosting_squared,IEK
280300747_,шт,2026-09-01,,insufficient_history,boosting_squared,IEK
280300748_,шт,2026-09-01,17.51039552189282,forecast,boosting_squared,IEK
280300950_,,2026-09-01,,insufficient_history,boosting_squared,IEK
280300951_,,2026-09-01,,insufficient_history,boosting_squared,IEK
280301023_,шт,2026-09-01,1.551382571059731,forecast,boosting_squared,IEK
280301024_,шт,2026-09-01,,insufficient_history,boosting_squared,IEK
290100002_,шт,2026-09-01,18.227233406782492,forecast,boosting_squared,IEK
290100003_,шт,2026-09-01,3.192209694233531,forecast,boosting_squared,IEK
290100004_,шт,2026-09-01,6.025192857007338,forecast,boosting_squared,IEK
290100005_,шт,2026-09-01,6.938671207765885,forecast,boosting_squared,IEK
290100009_,шт,2026-09-01,27.439911161297555,forecast,boosting_squared,IEK
290100010_,шт,2026-09-01,7.839527025505579,forecast,boosting_squared,IEK
290100011_,шт,2026-09-01,9.66660081246816,forecast,boosting_squared,IEK
290100012_,,2026-09-01,,insufficient_history,boosting_squared,IEK
290100013_,шт,2026-09-01,5.316059176136494,forecast,boosting_squared,IEK
290100014_,шт,2026-09-01,6.6895453161157015,forecast,boosting_squared,IEK
290100015_,шт,2026-09-01,,insufficient_history,boosting_squared,IEK
290100016_,шт,2026-09-01,8.138961005192064,forecast,boosting_squared,IEK
290100017_,шт,2026-09-01,6.984542377869029,forecast,boosting_squared,IEK
290100018_,,2026-09-01,,insufficient_history,boosting_squared,IEK
290100019_,,2026-09-01,,insufficient_history,boosting_squared,IEK
290100020_,,2026-09-01,,insufficient_history,boosting_squared,IEK
290100022_,,2026-09-01,,insufficient_history,boosting_squared,IEK
290100029_,шт,2026-09-01,2.582144946848386,forecast,boosting_squared,IEK
290100031_,шт,2026-09-01,7.257031006537151,forecast,boosting_squared,IEK
290100032_,шт,2026-09-01,2.699420013032555,forecast,boosting_squared,IEK
290100033_,шт,2026-09-01,5.161659231336927,forecast,boosting_squared,IEK
290100034_,шт,2026-09-01,6.036595137147191,forecast,boosting_squared,IEK
290100035_,шт,2026-09-01,,insufficient_history,boosting_squared,IEK
290100036_,шт,2026-09-01,3.2480286870660966,forecast,boosting_squared,IEK
290100041_,,2026-09-01,,insufficient_history,boosting_squared,IEK
290100101_,шт,2026-09-01,16.682177189876285,forecast,boosting_squared,IEK
290100107_,,2026-09-01,,insufficient_history,boosting_squared,IEK
290100110_,шт,2026-09-01,1.716057567662411,forecast,boosting_squared,IEK
290100122_,шт,2026-09-01,,insufficient_history,boosting_squared,IEK
290100132_,шт,2026-09-01,5.39637386091313,forecast,boosting_squared,IEK
290100133_,шт,2026-09-01,2.9587745085343764,forecast,boosting_squared,IEK
290100134_,шт,2026-09-01,3.4672820406509377,forecast,boosting_squared,IEK
290100135_,шт,2026-09-01,4.136643555344524,forecast,boosting_squared,IEK
290100136_,шт,2026-09-01,3.625521731698717,forecast,boosting_squared,IEK
290100137_,шт,2026-09-01,2.0658704634666796,forecast,boosting_squared,IEK
290100138_,шт,2026-09-01,3.400055523453711,forecast,boosting_squared,IEK
290100139_,шт,2026-09-01,2.1344012734757247,forecast,boosting_squared,IEK
290100140_,шт,2026-09-01,2.8072473914254505,forecast,boosting_squared,IEK
290100141_,шт,2026-09-01,4.997120656178561,forecast,boosting_squared,IEK
290100142_,шт,2026-09-01,5.789885051236543,forecast,boosting_squared,IEK
290100143_,шт,2026-09-01,3.1649255805844274,forecast,boosting_squared,IEK
290100144_,шт,2026-09-01,1.7807732743782936,forecast,boosting_squared,IEK
290100145_,шт,2026-09-01,1.623125344782184,forecast,boosting_squared,IEK
290100146_,шт,2026-09-01,5.394937255200881,forecast,boosting_squared,IEK
290100147_,шт,2026-09-01,4.910464593362752,forecast,boosting_squared,IEK
290100148_,шт,2026-09-01,2.413943534220722,forecast,boosting_squared,IEK
290200005_,шт,2026-09-01,1.6758123206793214,forecast,boosting_squared,IEK
290200006_,шт,2026-09-01,5.309410288886548,forecast,boosting_squared,IEK
290200008_,шт,2026-09-01,3.377448030039387,forecast,boosting_squared,IEK
290200009_,шт,2026-09-01,2.0902487284370337,forecast,boosting_squared,IEK
290200030_,шт,2026-09-01,,insufficient_history,boosting_squared,IEK
290200068_,шт,2026-09-01,,insufficient_history,boosting_squared,IEK
290200126_,шт,2026-09-01,1.7566668636779756,forecast,boosting_squared,IEK
290200127_,шт,2026-09-01,3.087880065862091,forecast,boosting_squared,IEK
290200128_,шт,2026-09-01,,insufficient_history,boosting_squared,IEK
290200129_,шт,2026-09-01,,insufficient_history,boosting_squared,IEK
290200130_,шт,2026-09-01,2.922531549888258,forecast,boosting_squared,IEK
290200131_,шт,2026-09-01,3.0908096091783106,forecast,boosting_squared,IEK
311101034_,,2026-09-01,,insufficient_history,boosting_squared,IEK
311101217_,упак,2026-09-01,,insufficient_history,boosting_squared,IEK
311101218_,упак,2026-09-01,0.77400848363015,forecast,boosting_squared,IEK
311101219_,упак,2026-09-01,,insufficient_history,boosting_squared,IEK
311101220_,,2026-09-01,,insufficient_history,boosting_squared,IEK
311101221_,упак,2026-09-01,3.008054169761776,forecast,boosting_squared,IEK
311101222_,упак,2026-09-01,2.3689892236178838,forecast,boosting_squared,IEK
311101224_,упак,2026-09-01,,insufficient_history,boosting_squared,IEK
311101225_,упак,2026-09-01,2.5400659535963164,forecast,boosting_squared,IEK
311101227_,упак,2026-09-01,,insufficient_history,boosting_squared,IEK
311101228_,упак,2026-09-01,,insufficient_history,boosting_squared,IEK
311101232_,упак,2026-09-01,1.5090432525798372,forecast,boosting_squared,IEK
311101233_,,2026-09-01,,insufficient_history,boosting_squared,IEK
311101234_,,2026-09-01,,insufficient_history,boosting_squared,IEK
311101235_,упак,2026-09-01,2.5400659535963164,forecast,boosting_squared,IEK
311101236_,упак,2026-09-01,1.5090432525798372,forecast,boosting_squared,IEK
311101237_,упак,2026-09-01,6.79482953949666,forecast,boosting_squared,IEK
311101238_,упак,2026-09-01,3.402659812289432,forecast,boosting_squared,IEK
5250600034_,шт,2026-09-01,,insufficient_history,boosting_squared,IEK
A650-33E055TM,шт,2026-09-01,,insufficient_history,boosting_squared,IEK
AR-KMR10-040-20-230,шт,2026-09-01,,insufficient_history,boosting_squared,IEK
AR-KMR10-040-40-230,шт,2026-09-01,3.547319616719959,forecast,boosting_squared,IEK
AR-KMR10-063-22-230,шт,2026-09-01,,insufficient_history,boosting_squared,IEK
AR-KMR10-063-40-230,шт,2026-09-01,,insufficient_history,boosting_squared,IEK
AR-M06N-4-C025,шт,2026-09-01,,insufficient_history,boosting_squared,IEK
AR-M06N-4-C032,шт,2026-09-01,,insufficient_history,boosting_squared,IEK
BBD10-APBB-K51_,шт,2026-09-01,,insufficient_history,boosting_squared,IEK
BR-AK20-1-K35,шт,2026-09-01,,insufficient_history,boosting_squared,IEK
BR-AK20-1-K35_,шт,2026-09-01,,insufficient_history,boosting_squared,IEK
BR-AK20-1-K53,шт,2026-09-01,,insufficient_history,boosting_squared,IEK
BR-D20-0600-K37,шт,2026-09-01,,insufficient_history,boosting_squared,IEK
BR-H10-K37,шт,2026-09-01,,insufficient_history,boosting_squared,IEK
BR-H10-K46,шт,2026-09-01,,insufficient_history,boosting_squared,IEK
BR-K20-1-K35,шт,2026-09-01,2.8434697489762355,forecast,boosting_squared,IEK
BR-K20-1-K36,шт,2026-09-01,,insufficient_history,boosting_squared,IEK
BR-K20-1-K45,шт,2026-09-01,4.027208017832399,forecast,boosting_squared,IEK
BR-KT20-O-1-K10,шт,2026-09-01,,insufficient_history,boosting_squared,IEK
BR-KT20-O-1-K45,шт,2026-09-01,,insufficient_history,boosting_squared,IEK
BR-M12-G-31-K96,шт,2026-09-01,,insufficient_history,boosting_squared,IEK
BR-M12-G-41-K06,шт,2026-09-01,,insufficient_history,boosting_squared,IEK
BR-M22-G-31-K96,шт,2026-09-01,,insufficient_history,boosting_squared,IEK
BR-MS10-N-150-05-K37,,2026-09-01,,insufficient_history,boosting_squared,IEK
BR-R16-16-44-K02_,шт,2026-09-01,,insufficient_history,boosting_squared,IEK
BR-R16-16-44-K37,шт,2026-09-01,6.151035985715957,forecast,boosting_squared,IEK
BR-R16-16-44-K45,,2026-09-01,,insufficient_history,boosting_squared,IEK
BR-R16-16-44-K46,шт,2026-09-01,,insufficient_history,boosting_squared,IEK
BR-R16-16-K10,,2026-09-01,,insufficient_history,boosting_squared,IEK
BR-R16-16-K37,,2026-09-01,,insufficient_history,boosting_squared,IEK
BR-R26-16-44-K02-F,шт,2026-09-01,,insufficient_history,boosting_squared,IEK
BR-R26-16-44-K37-F,шт,2026-09-01,,insufficient_history,boosting_squared,IEK
BR-R26-16-44-K45-F,,2026-09-01,,insufficient_history,boosting_squared,IEK
BR-R26-16-44-K46-F,,2026-09-01,,insufficient_history,boosting_squared,IEK
BR-RT11-K10,шт,2026-09-01,3.3174732565951697,forecast,boosting_squared,IEK
BR-U21-D31-K35,шт,2026-09-01,,insufficient_history,boosting_squared,IEK
BR-U21-D31-K37,шт,2026-09-01,1.8653332145793566,forecast,boosting_squared,IEK
BR-U21-D31-K46,шт,2026-09-01,,insufficient_history,boosting_squared,IEK
BR-VK10-0-K10,,2026-09-01,,insufficient_history,boosting_squared,IEK
BR-VK10-0-K36,,2026-09-01,,insufficient_history,boosting_squared,IEK
BR-VK10-0-K37,,2026-09-01,,insufficient_history,boosting_squared,IEK
BR-VK10-0-K45,,2026-09-01,,insufficient_history,boosting_squared,IEK
CKK10-025-016-1-K01-,м,2026-09-01,,insufficient_history,boosting_squared,IEK
CKK10-025-016-1-K24_,,2026-09-01,,insufficient_history,boosting_squared,IEK
CKK10-025-016-1-K28_,м,2026-09-01,,insufficient_history,boosting_squared,IEK
CKK10-025-016-1-K34_,м,2026-09-01,,insufficient_history,boosting_squared,IEK
CKK10-025-025-1-K01-,м,2026-09-01,,insufficient_history,boosting_squared,IEK
CKK10-040-025-1-K01-,м,2026-09-01,,insufficient_history,boosting_squared,IEK
CKK10-040-025-1-K24_,м,2026-09-01,,insufficient_history,boosting_squared,IEK
CKK10-040-025-1-K28_,м,2026-09-01,,insufficient_history,boosting_squared,IEK
CKK10-040-025-1-K34_,м,2026-09-01,,insufficient_history,boosting_squared,IEK
CKK10-060-040-1-K01-,м,2026-09-01,,insufficient_history,boosting_squared,IEK
CKK10-100-060-1-K01,м,2026-09-01,,insufficient_history,boosting_squared,IEK
CLM50D-PPP-030-15,шт,2026-09-01,,insufficient_history,boosting_squared,IEK
CLM50D-PPP-050-15,шт,2026-09-01,,insufficient_history,boosting_squared,IEK
CLM50D-PPP-060-25,шт,2026-09-01,,insufficient_history,boosting_squared,IEK
CLM50D-PPP-300-25,шт,2026-09-01,,insufficient_history,boosting_squared,IEK
CLM50D-RP-080-30,шт,2026-09-01,,insufficient_history,boosting_squared,IEK
CLP10-080-150-3,м,2026-09-01,,insufficient_history,boosting_squared,IEK
CLP1CL-300-1,шт,2026-09-01,,insufficient_history,boosting_squared,IEK
CLP1M-SHU-6,шт,2026-09-01,,insufficient_history,boosting_squared,IEK
CLP1SH-050,шт,2026-09-01,,insufficient_history,boosting_squared,IEK
CLP1V-100-200,шт,2026-09-01,,insufficient_history,boosting_squared,IEK
CLP1Z-050-200,шт,2026-09-01,,insufficient_history,boosting_squared,IEK
CLW10-TM-06-1-R,шт,2026-09-01,,insufficient_history,boosting_squared,IEK
CLW10-TM-08-1-R,шт,2026-09-01,,insufficient_history,boosting_squared,IEK
CLW10-TM-08-2-R,шт,2026-09-01,,insufficient_history,boosting_squared,IEK
CLW10-VR-100,шт,2026-09-01,,insufficient_history,boosting_squared,IEK
CMZ11-VT-06-030,шт,2026-09-01,,insufficient_history,boosting_squared,IEK
CNT-A310D33V93-110TE,шт,2026-09-01,,insufficient_history,boosting_squared,IEK
CO05-07542-R,шт,2026-09-01,,insufficient_history,boosting_squared,IEK
CS3-1C6AF-Q,шт,2026-09-01,,insufficient_history,boosting_squared,IEK
CTA10D-CF16-K41-100,шт,2026-09-01,,insufficient_history,boosting_squared,IEK
CTA10D-CF20-K41-100,шт,2026-09-01,,insufficient_history,boosting_squared,IEK
EL-KK10-025-016-1-K0,м,2026-09-01,,insufficient_history,boosting_squared,IEK
EL-KK10-025-025-1-K0,м,2026-09-01,,insufficient_history,boosting_squared,IEK
EL-KK10-040-025-1-K0,м,2026-09-01,,insufficient_history,boosting_squared,IEK
EL-KK10-060-040-1-K0,м,2026-09-01,,insufficient_history,boosting_squared,IEK
EL-KK10-100-060-1-K0,м,2026-09-01,,insufficient_history,boosting_squared,IEK
EPK10-04-02-K01,шт,2026-09-01,8.729028544990832,forecast,boosting_squared,IEK
EPK20-04-02-K01,шт,2026-09-01,,insufficient_history,boosting_squared,IEK
EPP14-04-01-K01,шт,2026-09-01,94.72470424556944,forecast,boosting_squared,IEK
EPP14-04-01-K02,шт,2026-09-01,35.48842642337976,forecast,boosting_squared,IEK
ERO14-K01-16-DC,шт,2026-09-01,,insufficient_history,boosting_squared,IEK
FP-K10-2-K03,шт,2026-09-01,,insufficient_history,boosting_squared,IEK
FP-K10-2-K10,шт,2026-09-01,,insufficient_history,boosting_squared,IEK
FP-R14-16-1-K03,шт,2026-09-01,,insufficient_history,boosting_squared,IEK
FP-R14-16-1-K10,шт,2026-09-01,,insufficient_history,boosting_squared,IEK
FP-V10-0-10-1-K03,шт,2026-09-01,,insufficient_history,boosting_squared,IEK
FP-V10-0-10-1-K10,шт,2026-09-01,,insufficient_history,boosting_squared,IEK
FP-V12-0-10-1-K03,шт,2026-09-01,,insufficient_history,boosting_squared,IEK
FP-V12-0-10-1-K10,шт,2026-09-01,,insufficient_history,boosting_squared,IEK
FP-V13-0-10-1-K03,шт,2026-09-01,,insufficient_history,boosting_squared,IEK
FP-V13-0-10-1-K10,шт,2026-09-01,,insufficient_history,boosting_squared,IEK
FP-V20-0-10-1-K03,шт,2026-09-01,,insufficient_history,boosting_squared,IEK
FP-V20-0-10-1-K10,шт,2026-09-01,,insufficient_history,boosting_squared,IEK
IPA10-6-0030-E,шт,2026-09-01,,insufficient_history,boosting_squared,IEK
IPA10-6-0075-E,шт,2026-09-01,,insufficient_history,boosting_squared,IEK
KKM11-012-024-10,шт,2026-09-01,,insufficient_history,boosting_squared,IEK
KKM21-025-110-01,шт,2026-09-01,,insufficient_history,boosting_squared,IEK
LBAL001,шт,2026-09-01,,insufficient_history,boosting_squared,IEK
LDBO0-4013-18-6500-K,шт,2026-09-01,,insufficient_history,boosting_squared,IEK
LLE-A60-12-24-48-40-,шт,2026-09-01,,insufficient_history,boosting_squared,IEK
LLE-T80-12-230-40-GX,шт,2026-09-01,,insufficient_history,boosting_squared,IEK
LLE-T80-12-230-65-GX,шт,2026-09-01,,insufficient_history,boosting_squared,IEK
MAD10-4-016-C-100,шт,2026-09-01,,insufficient_history,boosting_squared,IEK
MDV11-2-025-030,шт,2026-09-01,,insufficient_history,boosting_squared,IEK
MKK11-20-22,,2026-09-01,,insufficient_history,boosting_squared,IEK
MKK11-40-11,,2026-09-01,,insufficient_history,boosting_squared,IEK
MKK11-63-20,,2026-09-01,,insufficient_history,boosting_squared,IEK
MKK12-20-20,шт,2026-09-01,,insufficient_history,boosting_squared,IEK
MKM42-02-31-WW-L,шт,2026-09-01,,insufficient_history,boosting_squared,IEK
MKP73-N-12-66,шт,2026-09-01,,insufficient_history,boosting_squared,IEK
MNV10-1-040,шт,2026-09-01,,insufficient_history,boosting_squared,IEK
MNV10-3-125,шт,2026-09-01,1.4566323948948001,forecast,boosting_squared,IEK
MPR10-1-050,шт,2026-09-01,,insufficient_history,boosting_squared,IEK
MPR10-4-050,шт,2026-09-01,,insufficient_history,boosting_squared,IEK
MVA20-1-D05-C,шт,2026-09-01,,insufficient_history,boosting_squared,IEK
MVA20-3-013-C,шт,2026-09-01,,insufficient_history,boosting_squared,IEK
MVA31-1-006-B,шт,2026-09-01,,insufficient_history,boosting_squared,IEK
MVA31-1-006-C,шт,2026-09-01,,insufficient_history,boosting_squared,IEK
MVA31-2-050-C,шт,2026-09-01,,insufficient_history,boosting_squared,IEK
MVA31-3-025-B,шт,2026-09-01,,insufficient_history,boosting_squared,IEK
MVA31-3-025-C,шт,2026-09-01,,insufficient_history,boosting_squared,IEK
MVA31-3-063-B,шт,2026-09-01,,insufficient_history,boosting_squared,IEK
MVA50-3-100-D,шт,2026-09-01,,insufficient_history,boosting_squared,IEK
OPS-DC24-060B,шт,2026-09-01,,insufficient_history,boosting_squared,IEK
ORI-01-05,шт,2026-09-01,,insufficient_history,boosting_squared,IEK
ORI-01-5,шт,2026-09-01,,insufficient_history,boosting_squared,IEK
ORL-02-ACDC24-240V,шт,2026-09-01,,insufficient_history,boosting_squared,IEK
ORT-ST-ACDC12-240V,шт,2026-09-01,,insufficient_history,boosting_squared,IEK
PLR-S-CPU-1410,шт,2026-09-01,,insufficient_history,boosting_squared,IEK
PLR-S-CPU-1410R-AC-B,шт,2026-09-01,,insufficient_history,boosting_squared,IEK
PSN12-032-5,,2026-09-01,,insufficient_history,boosting_squared,IEK
RRP10-4-10-220A-LED,шт,2026-09-01,,insufficient_history,boosting_squared,IEK
SFB-33-75-A-00,шт,2026-09-01,,insufficient_history,boosting_squared,IEK
SRP-10-3-160,шт,2026-09-01,,insufficient_history,boosting_squared,IEK
SVA10D-ADK-1,шт,2026-09-01,,insufficient_history,boosting_squared,IEK
SVA30D-ADK-1,шт,2026-09-01,,insufficient_history,boosting_squared,IEK
SVA50D-ADK-1,шт,2026-09-01,,insufficient_history,boosting_squared,IEK
UKO10-240-195-090-K4,,2026-09-01,,insufficient_history,boosting_squared,IEK
UKO10-240-195-165-K4,,2026-09-01,,insufficient_history,boosting_squared,IEK
UNL10-D25-4-4,упак,2026-09-01,2.4048787796397306,forecast,boosting_squared,IEK
UNL20-006-6-5,упак,2026-09-01,2.169050812084622,forecast,boosting_squared,IEK
UZA-25-D16,шт,2026-09-01,,insufficient_history,boosting_squared,IEK
WUP20-02-K02,,2026-09-01,,insufficient_history,boosting_squared,IEK
WYP53-16-05-03-ZK,шт,2026-09-01,,insufficient_history,boosting_squared,IEK
YIS40-3-370,шт,2026-09-01,,insufficient_history,boosting_squared,IEK
YIS42-3-200,шт,2026-09-01,,insufficient_history,boosting_squared,IEK
YKM40-PN-530,шт,2026-09-01,,insufficient_history,boosting_squared,IEK
YKV10-UV-1750,шт,2026-09-01,,insufficient_history,boosting_squared,IEK
YZN20-004-K52,шт,2026-09-01,,insufficient_history,boosting_squared,IEK
YZN30-002-K03,,2026-09-01,,insufficient_history,boosting_squared,IEK
Р654654528,шт,2026-09-01,,insufficient_history,boosting_squared,IEK
ЩУРн-3/18,шт,2026-09-01,,insufficient_history,boosting_squared,IEK
нов03200_,шт,2026-09-01,2.6806642063358828,forecast,boosting_squared,IEK
нов1932,шт,2026-09-01,,insufficient_history,boosting_squared,IEK
нов26740,шт,2026-09-01,,insufficient_history,boosting_squared,IEK
нов3227,шт,2026-09-01,,insufficient_history,boosting_squared,IEK
нов3368,шт,2026-09-01,,insufficient_history,boosting_squared,IEK
нов3370_,шт,2026-09-01,,insufficient_history,boosting_squared,IEK
нов3392,шт,2026-09-01,,insufficient_history,boosting_squared,IEK
нов3393,шт,2026-09-01,,insufficient_history,boosting_squared,IEK
нов3394,шт,2026-09-01,,insufficient_history,boosting_squared,IEK
нов3396,шт,2026-09-01,8.566227826426468,forecast,boosting_squared,IEK
нов99190,шт,2026-09-01,,insufficient_history,boosting_squared,IEK
ст-99272_80,м,2026-09-01,,insufficient_history,boosting_squared,IEK
ст-9948468,шт,2026-09-01,43.90920101757868,forecast,boosting_squared,IEK
ст-9949019,шт,2026-09-01,,insufficient_history,boosting_squared,IEK
ст-9949056,шт,2026-09-01,,insufficient_history,boosting_squared,IEK
ст-9949156,шт,2026-09-01,,insufficient_history,boosting_squared,IEK
ст-9949157,шт,2026-09-01,,insufficient_history,boosting_squared,IEK
ст-9949234,шт,2026-09-01,,insufficient_history,boosting_squared,IEK
ст-9949327,шт,2026-09-01,,insufficient_history,boosting_squared,IEK
ст-9949953,шт,2026-09-01,,insufficient_history,boosting_squared,IEK
ст-9950070,м,2026-09-01,,insufficient_history,boosting_squared,IEK
ст-9950184,шт,2026-09-01,3.547319616719959,forecast,boosting_squared,IEK
ст-9950300,шт,2026-09-01,,insufficient_history,boosting_squared,IEK
ст-9950470,упак,2026-09-01,,insufficient_history,boosting_squared,IEK
ст-9950702,шт,2026-09-01,,insufficient_history,boosting_squared,IEK
ст-9950706,шт,2026-09-01,,insufficient_history,boosting_squared,IEK
ст-9950851,шт,2026-09-01,,insufficient_history,boosting_squared,IEK
ст-9951101,м,2026-09-01,,insufficient_history,boosting_squared,IEK
ст-9951102,шт,2026-09-01,,insufficient_history,boosting_squared,IEK
ст-9951103,шт,2026-09-01,,insufficient_history,boosting_squared,IEK
ст-9951104,шт,2026-09-01,3.7118291005794206,forecast,boosting_squared,IEK
ст-9951105,шт,2026-09-01,3.4934862123100427,forecast,boosting_squared,IEK
ст-9951106,шт,2026-09-01,,insufficient_history,boosting_squared,IEK
ст-9951285,шт,2026-09-01,,insufficient_history,boosting_squared,IEK
ст-9951311,шт,2026-09-01,,insufficient_history,boosting_squared,IEK
ст-9951312,шт,2026-09-01,,insufficient_history,boosting_squared,IEK
ст-9951313,шт,2026-09-01,,insufficient_history,boosting_squared,IEK
ст-9951436,шт,2026-09-01,2.9785265067652733,forecast,boosting_squared,IEK
ст-9951446,шт,2026-09-01,,insufficient_history,boosting_squared,IEK
ст-9951480,шт,2026-09-01,,insufficient_history,boosting_squared,IEK
ст-9951729,шт,2026-09-01,,insufficient_history,boosting_squared,IEK
ст-9951887,шт,2026-09-01,,insufficient_history,boosting_squared,IEK
ст-9951895,шт,2026-09-01,,insufficient_history,boosting_squared,IEK
ст-9951984,шт,2026-09-01,,insufficient_history,boosting_squared,IEK
ст-9951998,шт,2026-09-01,13.87917458961871,forecast,boosting_squared,IEK
ст-9952041,шт,2026-09-01,,insufficient_history,boosting_squared,IEK
ст-9952106,шт,2026-09-01,,insufficient_history,boosting_squared,IEK
ст-9952210,шт,2026-09-01,,insufficient_history,boosting_squared,IEK
ст-9952368,шт,2026-09-01,,insufficient_history,boosting_squared,IEK
ст-9952399,шт,2026-09-01,14.122191654426512,forecast,boosting_squared,IEK
ст-9952430,шт,2026-09-01,7.996924632914532,forecast,boosting_squared,IEK
ст-9952431,шт,2026-09-01,3.7651184962081263,forecast,boosting_squared,IEK
ст-9952440,шт,2026-09-01,,insufficient_history,boosting_squared,IEK
ст-9952441,шт,2026-09-01,,insufficient_history,boosting_squared,IEK
ст-9952475,м,2026-09-01,,insufficient_history,boosting_squared,IEK
ст-9952496,упак,2026-09-01,,insufficient_history,boosting_squared,IEK
ст-9952497,упак,2026-09-01,4.833009989570975,forecast,boosting_squared,IEK
ст-9952498,упак,2026-09-01,,insufficient_history,boosting_squared,IEK
ст-9952644,шт,2026-09-01,,insufficient_history,boosting_squared,IEK
ст-9952711,шт,2026-09-01,,insufficient_history,boosting_squared,IEK
ст-9953087,шт,2026-09-01,,insufficient_history,boosting_squared,IEK
ст-9953090,шт,2026-09-01,,insufficient_history,boosting_squared,IEK
ст-9953158,шт,2026-09-01,,insufficient_history,boosting_squared,IEK
ст-9953168,шт,2026-09-01,,insufficient_history,boosting_squared,IEK
ст-9953235,шт,2026-09-01,,insufficient_history,boosting_squared,IEK
ст-9953236,шт,2026-09-01,3.406746459034231,forecast,boosting_squared,IEK
ст-9953237,шт,2026-09-01,,insufficient_history,boosting_squared,IEK
ст-9953247,шт,2026-09-01,,insufficient_history,boosting_squared,IEK
ст-9953304,шт,2026-09-01,,insufficient_history,boosting_squared,IEK
ст-9953354,шт,2026-09-01,,insufficient_history,boosting_squared,IEK
ст-9953405,шт,2026-09-01,,insufficient_history,boosting_squared,IEK
ст-9953508,шт,2026-09-01,3.3635274770046824,forecast,boosting_squared,IEK
щт-0000139,шт,2026-09-01,,insufficient_history,boosting_squared,IEK
щт-0000194,шт,2026-09-01,,insufficient_history,boosting_squared,IEK
щт-0000212,м,2026-09-01,,insufficient_history,boosting_squared,IEK
щт-0000350,шт,2026-09-01,,insufficient_history,boosting_squared,IEK
щт-0000417,шт,2026-09-01,,insufficient_history,boosting_squared,IEK
щт-0000418,шт,2026-09-01,,insufficient_history,boosting_squared,IEK
щт-0000861,шт,2026-09-01,,insufficient_history,boosting_squared,IEK
щт-0001014,шт,2026-09-01,1.6730768833757317,forecast,boosting_squared,IEK
щт-0001133,шт,2026-09-01,,insufficient_history,boosting_squared,IEK
щт-0001187,шт,2026-09-01,,insufficient_history,boosting_squared,IEK
щт-0001387,шт,2026-09-01,,insufficient_history,boosting_squared,IEK
щт-0001406,шт,2026-09-01,,insufficient_history,boosting_squared,IEK
щт-0001421,шт,2026-09-01,,insufficient_history,boosting_squared,IEK
щт-0001636,шт,2026-09-01,,insufficient_history,boosting_squared,IEK
щт-0001645,шт,2026-09-01,,insufficient_history,boosting_squared,IEK
щт-0001651,шт,2026-09-01,,insufficient_history,boosting_squared,IEK
щт-0001653,компл,2026-09-01,,insufficient_history,boosting_squared,IEK
щт-0001654,шт,2026-09-01,,insufficient_history,boosting_squared,IEK
щт-0001786,шт,2026-09-01,,insufficient_history,boosting_squared,IEK
щт-0001802,шт,2026-09-01,,insufficient_history,boosting_squared,IEK
щт-0001952,шт,2026-09-01,,insufficient_history,boosting_squared,IEK
щт-0002132,м,2026-09-01,,insufficient_history,boosting_squared,IEK
щт-0002147,шт,2026-09-01,,insufficient_history,boosting_squared,IEK
щт-0002159,шт,2026-09-01,,insufficient_history,boosting_squared,IEK
щт-0002161,шт,2026-09-01,,insufficient_history,boosting_squared,IEK
щт-0002162,шт,2026-09-01,,insufficient_history,boosting_squared,IEK
щт-0022248,шт,2026-09-01,,insufficient_history,boosting_squared,IEK
щт00222756,шт,2026-09-01,,insufficient_history,boosting_squared,IEK
щт00222819,шт,2026-09-01,,insufficient_history,boosting_squared,IEK
щт00222922,упак,2026-09-01,,insufficient_history,boosting_squared,IEK
щт00222923,упак,2026-09-01,,insufficient_history,boosting_squared,IEK
щт00222924,упак,2026-09-01,,insufficient_history,boosting_squared,IEK
щт02229866,шт,2026-09-01,,insufficient_history,boosting_squared,IEK
щт02229878,шт,2026-09-01,,insufficient_history,boosting_squared,IEK
щт02230193,шт,2026-09-01,,insufficient_history,boosting_squared,IEK
щт02230447,шт,2026-09-01,,insufficient_history,boosting_squared,IEK
щт23054819,шт,2026-09-01,,insufficient_history,boosting_squared,IEK
щт23054820,шт,2026-09-01,,insufficient_history,boosting_squared,IEK
щт23055078,шт,2026-09-01,,insufficient_history,boosting_squared,IEK
щт23055283,шт,2026-09-01,,insufficient_history,boosting_squared,IEK
щщ0001047,шт,2026-09-01,,insufficient_history,boosting_squared,IEK
щщ0001050,упак,2026-09-01,,insufficient_history,boosting_squared,IEK
щщ11503042,шт,2026-09-01,2.876753785524926,forecast,boosting_squared,IEK
щщщ0115411,шт,2026-09-01,,insufficient_history,boosting_squared,IEK
щщщ0115439,шт,2026-09-01,,insufficient_history,boosting_squared,IEK
щщщ0115997,шт,2026-09-01,,insufficient_history,boosting_squared,IEK
щщщ0116026,шт,2026-09-01,,insufficient_history,boosting_squared,IEK
щщщ0116027,шт,2026-09-01,,insufficient_history,boosting_squared,IEK
щщщ0116033,шт,2026-09-01,,insufficient_history,boosting_squared,IEK
щщщ0116039,шт,2026-09-01,,insufficient_history,boosting_squared,IEK
щщщ0116157,шт,2026-09-01,4.094457842893595,forecast,boosting_squared,IEK
щщщ0116826,шт,2026-09-01,,insufficient_history,boosting_squared,IEK
ярп40100,шт,2026-09-01,,insufficient_history,boosting_squared,IEK
ярп40110,шт,2026-09-01,,insufficient_history,boosting_squared,IEK
ярп40129,шт,2026-09-01,,insufficient_history,boosting_squared,IEK
ярп40132,шт,2026-09-01,3.996905937483479,forecast,boosting_squared,IEK
ярп40134,шт,2026-09-01,3.832828050718673,forecast,boosting_squared,IEK
ярп40135,шт,2026-09-01,,insufficient_history,boosting_squared,IEK
ярп40167,шт,2026-09-01,,insufficient_history,boosting_squared,IEK
ярп40217,,2026-09-01,,insufficient_history,boosting_squared,IEK
ярп40218,,2026-09-01,,insufficient_history,boosting_squared,IEK
ярп40219,шт,2026-09-01,,insufficient_history,boosting_squared,IEK
ярп40220,,2026-09-01,,insufficient_history,boosting_squared,IEK
ярп40221,шт,2026-09-01,,insufficient_history,boosting_squared,IEK
ярп40222,шт,2026-09-01,2.7918895960460377,forecast,boosting_squared,IEK
ярп40223,шт,2026-09-01,,insufficient_history,boosting_squared,IEK
ярп40225,шт,2026-09-01,,insufficient_history,boosting_squared,IEK
ярп40227,шт,2026-09-01,,insufficient_history,boosting_squared,IEK
ярп40228,,2026-09-01,,insufficient_history,boosting_squared,IEK
ярп40229,,2026-09-01,,insufficient_history,boosting_squared,IEK
ярп40230,,2026-09-01,,insufficient_history,boosting_squared,IEK
ярп40231,,2026-09-01,,insufficient_history,boosting_squared,IEK
ярп40232,,2026-09-01,,insufficient_history,boosting_squared,IEK
ярп40236,,2026-09-01,,insufficient_history,boosting_squared,IEK
ярп40237,,2026-09-01,,insufficient_history,boosting_squared,IEK
ярп40238,,2026-09-01,,insufficient_history,boosting_squared,IEK
ярп40239,шт,2026-09-01,,insufficient_history,boosting_squared,IEK
ярп40240,шт,2026-09-01,,insufficient_history,boosting_squared,IEK
ярп40241,,2026-09-01,,insufficient_history,boosting_squared,IEK
ярп40242,шт,2026-09-01,,insufficient_history,boosting_squared,IEK
ярп40243,,2026-09-01,,insufficient_history,boosting_squared,IEK
ярп40244,шт,2026-09-01,1.1574264063362,forecast,boosting_squared,IEK
ярп40245,шт,2026-09-01,,insufficient_history,boosting_squared,IEK
ярп40246,шт,2026-09-01,,insufficient_history,boosting_squared,IEK
ярп40247,,2026-09-01,,insufficient_history,boosting_squared,IEK
ярп40248,,2026-09-01,,insufficient_history,boosting_squared,IEK
ярп40249,,2026-09-01,,insufficient_history,boosting_squared,IEK
ярп40255,шт,2026-09-01,19.157424411835265,forecast,boosting_squared,IEK
ярп40256,шт,2026-09-01,14.171361697412937,forecast,boosting_squared,IEK
ярп40257,шт,2026-09-01,51.05689932234486,forecast,boosting_squared,IEK
ярп40260,шт,2026-09-01,6.243631411157687,forecast,boosting_squared,IEK
ярп40265,,2026-09-01,,insufficient_history,boosting_squared,IEK
ярп40266,шт,2026-09-01,,insufficient_history,boosting_squared,IEK
ярп40267,шт,2026-09-01,3.0666779860660682,forecast,boosting_squared,IEK
ярп40268,,2026-09-01,,insufficient_history,boosting_squared,IEK
ярп40269,шт,2026-09-01,3.974784645189735,forecast,boosting_squared,IEK
ярп40270,,2026-09-01,,insufficient_history,boosting_squared,IEK
ярп40271,шт,2026-09-01,3.3050268490998813,forecast,boosting_squared,IEK
ярп40273,,2026-09-01,,insufficient_history,boosting_squared,IEK
ярп40274,,2026-09-01,,insufficient_history,boosting_squared,IEK
ярп40276,,2026-09-01,,insufficient_history,boosting_squared,IEK
ярп40277,упак,2026-09-01,7.795273557913094,forecast,boosting_squared,IEK
ярп40280,,2026-09-01,,insufficient_history,boosting_squared,IEK
ярп40281,шт,2026-09-01,,insufficient_history,boosting_squared,IEK
ярп40282,,2026-09-01,,insufficient_history,boosting_squared,IEK
ярп40309,шт,2026-09-01,,insufficient_history,boosting_squared,IEK
ярп40395,шт,2026-09-01,,insufficient_history,boosting_squared,IEK
ярп40510,шт,2026-09-01,,insufficient_history,boosting_squared,IEK
ярп4200,шт,2026-09-01,,insufficient_history,boosting_squared,IEK
ярп4211,шт,2026-09-01,,insufficient_history,boosting_squared,IEK
ярп4252,шт,2026-09-01,,insufficient_history,boosting_squared,IEK
ярп4303,упак,2026-09-01,,insufficient_history,boosting_squared,IEK
ярп4385,шт,2026-09-01,,insufficient_history,boosting_squared,IEK
ярп4522,шт,2026-09-01,,insufficient_history,boosting_squared,IEK
ярп4546,шт,2026-09-01,,insufficient_history,boosting_squared,IEK
ярп4571,шт,2026-09-01,,insufficient_history,boosting_squared,IEK
ярп4665,шт,2026-09-01,1.1933454697722388,forecast,boosting_squared,IEK
ярп4673,шт,2026-09-01,,insufficient_history,boosting_squared,IEK
ярп4795,шт,2026-09-01,,insufficient_history,boosting_squared,IEK
ярп4890,шт,2026-09-01,,insufficient_history,boosting_squared,IEK
ярп5549,шт,2026-09-01,3.985585338040446,forecast,boosting_squared,IEK
ярп5602,шт,2026-09-01,,insufficient_history,boosting_squared,IEK
ярп5605,шт,2026-09-01,14.43929169359002,forecast,boosting_squared,IEK
ярп5628,шт,2026-09-01,,insufficient_history,boosting_squared,IEK
ярп5852,шт,2026-09-01,,insufficient_history,boosting_squared,IEK
ярп5867,шт,2026-09-01,,insufficient_history,boosting_squared,IEK
ярп5962,шт,2026-09-01,,insufficient_history,boosting_squared,IEK
ярп6058,шт,2026-09-01,1.789334049559401,forecast,boosting_squared,IEK
ярп6059,шт,2026-09-01,,insufficient_history,boosting_squared,IEK
ярп6060,шт,2026-09-01,,insufficient_history,boosting_squared,IEK
ярп6181,шт,2026-09-01,,insufficient_history,boosting_squared,IEK
ярп6182,шт,2026-09-01,2.0123925377843417,forecast,boosting_squared,IEK
ярп6188,шт,2026-09-01,,insufficient_history,boosting_squared,IEK
яярп4532,шт,2026-09-01,,insufficient_history,boosting_squared,IEK
яярп4533,шт,2026-09-01,,insufficient_history,boosting_squared,IEK
яярп4610,шт,2026-09-01,,insufficient_history,boosting_squared,IEK
яярп4772,шт,2026-09-01,,insufficient_history,boosting_squared,IEK
яярп4773,шт,2026-09-01,,insufficient_history,boosting_squared,IEK
яярп4792,шт,2026-09-01,,insufficient_history,boosting_squared,IEK
яярп4811,шт,2026-09-01,11.323536803720785,forecast,boosting_squared,IEK
яярп4814,шт,2026-09-01,,insufficient_history,boosting_squared,IEK
яярп4829,шт,2026-09-01,,insufficient_history,boosting_squared,IEK
яярп4849,шт,2026-09-01,,insufficient_history,boosting_squared,IEK
яярп4855,шт,2026-09-01,,insufficient_history,boosting_squared,IEK
яярп6001,м,2026-09-01,,insufficient_history,boosting_squared,IEK
яяярп5300,шт,2026-09-01,13.650604148920962,forecast,boosting_squared,IEK
яяярп5540,шт,2026-09-01,,insufficient_history,boosting_squared,IEK
яяярп5542,шт,2026-09-01,,insufficient_history,boosting_squared,IEK
яяяярп5518,шт,2026-09-01,,insufficient_history,boosting_squared,IEK
